"cell_line","substrate","reference","signature","count","fraction"
"OV1369-R2","baseline","genome_full","SBS1",29.9014590643467,0.050377769868791
"OV1369-R2","baseline","genome_full","SBS2",0,0
"OV1369-R2","baseline","genome_full","SBS3",223.605033058351,0.376728201546145
"OV1369-R2","baseline","genome_full","SBS4",0,0
"OV1369-R2","baseline","genome_full","SBS5",0,0
"OV1369-R2","baseline","genome_full","SBS6",0,0
"OV1369-R2","baseline","genome_full","SBS7a",0,0
"OV1369-R2","baseline","genome_full","SBS7b",0,0
"OV1369-R2","baseline","genome_full","SBS7c",0,0
"OV1369-R2","baseline","genome_full","SBS7d",0,0
"OV1369-R2","baseline","genome_full","SBS8",44.182345329275,0.0744381075342118
"OV1369-R2","baseline","genome_full","SBS9",0,0
"OV1369-R2","baseline","genome_full","SBS10a",0,0
"OV1369-R2","baseline","genome_full","SBS10b",0,0
"OV1369-R2","baseline","genome_full","SBS10c",0,0
"OV1369-R2","baseline","genome_full","SBS10d",0,0
"OV1369-R2","baseline","genome_full","SBS11",0,0
"OV1369-R2","baseline","genome_full","SBS12",0,0
"OV1369-R2","baseline","genome_full","SBS13",0,0
"OV1369-R2","baseline","genome_full","SBS14",0,0
"OV1369-R2","baseline","genome_full","SBS15",54.1693327005679,0.0912641142648806
"OV1369-R2","baseline","genome_full","SBS16",0,0
"OV1369-R2","baseline","genome_full","SBS17a",0,0
"OV1369-R2","baseline","genome_full","SBS17b",0,0
"OV1369-R2","baseline","genome_full","SBS18",0,0
"OV1369-R2","baseline","genome_full","SBS19",0,0
"OV1369-R2","baseline","genome_full","SBS20",0,0
"OV1369-R2","baseline","genome_full","SBS21",0,0
"OV1369-R2","baseline","genome_full","SBS22",0,0
"OV1369-R2","baseline","genome_full","SBS23",0,0
"OV1369-R2","baseline","genome_full","SBS24",70.6163007694884,0.118973851459724
"OV1369-R2","baseline","genome_full","SBS25",0,0
"OV1369-R2","baseline","genome_full","SBS26",0,0
"OV1369-R2","baseline","genome_full","SBS28",0,0
"OV1369-R2","baseline","genome_full","SBS29",0,0
"OV1369-R2","baseline","genome_full","SBS30",45.7593328679394,0.0770950051504057
"OV1369-R2","baseline","genome_full","SBS31",0,0
"OV1369-R2","baseline","genome_full","SBS32",34.5375844269214,0.0581886815736696
"OV1369-R2","baseline","genome_full","SBS33",0,0
"OV1369-R2","baseline","genome_full","SBS34",0,0
"OV1369-R2","baseline","genome_full","SBS35",0,0
"OV1369-R2","baseline","genome_full","SBS36",0,0
"OV1369-R2","baseline","genome_full","SBS37",0,0
"OV1369-R2","baseline","genome_full","SBS38",0,0
"OV1369-R2","baseline","genome_full","SBS39",32.0319040425165,0.0539671287223973
"OV1369-R2","baseline","genome_full","SBS40",0,0
"OV1369-R2","baseline","genome_full","SBS41",0,0
"OV1369-R2","baseline","genome_full","SBS42",0,0
"OV1369-R2","baseline","genome_full","SBS44",0,0
"OV1369-R2","baseline","genome_full","SBS84",0,0
"OV1369-R2","baseline","genome_full","SBS85",0,0
"OV1369-R2","baseline","genome_full","SBS86",0,0
"OV1369-R2","baseline","genome_full","SBS87",58.7414228445989,0.0989671398797744
"OV1369-R2","baseline","genome_full","SBS88",0,0
"OV1369-R2","baseline","genome_full","SBS89",0,0
"OV1369-R2","baseline","genome_full","SBS90",0,0
"OV1369-R2","baseline","genome_full","SBS91",0,0
"OV1369-R2","baseline","genome_full","SBS92",0,0
"OV1369-R2","baseline","genome_full","SBS93",0,0
"OV1369-R2","baseline","genome_full","SBS94",0,0
"OV2085","baseline","genome_full","SBS1",0,0
"OV2085","baseline","genome_full","SBS2",0,0
"OV2085","baseline","genome_full","SBS3",45.850529767561,0.0972893805068053
"OV2085","baseline","genome_full","SBS4",0,0
"OV2085","baseline","genome_full","SBS5",106.125181367338,0.225185035020151
"OV2085","baseline","genome_full","SBS6",0,0
"OV2085","baseline","genome_full","SBS7a",0,0
"OV2085","baseline","genome_full","SBS7b",0,0
"OV2085","baseline","genome_full","SBS7c",0,0
"OV2085","baseline","genome_full","SBS7d",0,0
"OV2085","baseline","genome_full","SBS8",0,0
"OV2085","baseline","genome_full","SBS9",0,0
"OV2085","baseline","genome_full","SBS10a",0,0
"OV2085","baseline","genome_full","SBS10b",16.5715159548332,0.0351627893827522
"OV2085","baseline","genome_full","SBS10c",0,0
"OV2085","baseline","genome_full","SBS10d",0,0
"OV2085","baseline","genome_full","SBS11",0,0
"OV2085","baseline","genome_full","SBS12",0,0
"OV2085","baseline","genome_full","SBS13",0,0
"OV2085","baseline","genome_full","SBS14",0,0
"OV2085","baseline","genome_full","SBS15",54.9212047484507,0.116536275889325
"OV2085","baseline","genome_full","SBS16",0,0
"OV2085","baseline","genome_full","SBS17a",0,0
"OV2085","baseline","genome_full","SBS17b",0,0
"OV2085","baseline","genome_full","SBS18",0,0
"OV2085","baseline","genome_full","SBS19",0,0
"OV2085","baseline","genome_full","SBS20",0,0
"OV2085","baseline","genome_full","SBS21",0,0
"OV2085","baseline","genome_full","SBS22",0,0
"OV2085","baseline","genome_full","SBS23",0,0
"OV2085","baseline","genome_full","SBS24",0,0
"OV2085","baseline","genome_full","SBS25",0,0
"OV2085","baseline","genome_full","SBS26",0,0
"OV2085","baseline","genome_full","SBS28",0,0
"OV2085","baseline","genome_full","SBS29",50.3740880981161,0.106887834219274
"OV2085","baseline","genome_full","SBS30",39.7726562864108,0.084392854582732
"OV2085","baseline","genome_full","SBS31",57.4330508429652,0.121866115079899
"OV2085","baseline","genome_full","SBS32",0,0
"OV2085","baseline","genome_full","SBS33",0,0
"OV2085","baseline","genome_full","SBS34",0,0
"OV2085","baseline","genome_full","SBS35",0,0
"OV2085","baseline","genome_full","SBS36",0,0
"OV2085","baseline","genome_full","SBS37",0,0
"OV2085","baseline","genome_full","SBS38",0,0
"OV2085","baseline","genome_full","SBS39",44.7855559796318,0.0950296325691288
"OV2085","baseline","genome_full","SBS40",0,0
"OV2085","baseline","genome_full","SBS41",0,0
"OV2085","baseline","genome_full","SBS42",0,0
"OV2085","baseline","genome_full","SBS44",0,0
"OV2085","baseline","genome_full","SBS84",0,0
"OV2085","baseline","genome_full","SBS85",0,0
"OV2085","baseline","genome_full","SBS86",0,0
"OV2085","baseline","genome_full","SBS87",55.4461195372137,0.117650082749933
"OV2085","baseline","genome_full","SBS88",0,0
"OV2085","baseline","genome_full","SBS89",0,0
"OV2085","baseline","genome_full","SBS90",0,0
"OV2085","baseline","genome_full","SBS91",0,0
"OV2085","baseline","genome_full","SBS92",0,0
"OV2085","baseline","genome_full","SBS93",0,0
"OV2085","baseline","genome_full","SBS94",0,0
"OV2295","baseline","genome_full","SBS1",44.8631390379453,0.116553079665178
"OV2295","baseline","genome_full","SBS2",0,0
"OV2295","baseline","genome_full","SBS3",58.5775288838615,0.152182650099793
"OV2295","baseline","genome_full","SBS4",0,0
"OV2295","baseline","genome_full","SBS5",0,0
"OV2295","baseline","genome_full","SBS6",0,0
"OV2295","baseline","genome_full","SBS7a",0,0
"OV2295","baseline","genome_full","SBS7b",37.3201021195607,0.0969564976667081
"OV2295","baseline","genome_full","SBS7c",0,0
"OV2295","baseline","genome_full","SBS7d",0,0
"OV2295","baseline","genome_full","SBS8",0,0
"OV2295","baseline","genome_full","SBS9",0,0
"OV2295","baseline","genome_full","SBS10a",0,0
"OV2295","baseline","genome_full","SBS10b",0,0
"OV2295","baseline","genome_full","SBS10c",0,0
"OV2295","baseline","genome_full","SBS10d",0,0
"OV2295","baseline","genome_full","SBS11",0,0
"OV2295","baseline","genome_full","SBS12",0,0
"OV2295","baseline","genome_full","SBS13",0,0
"OV2295","baseline","genome_full","SBS14",0,0
"OV2295","baseline","genome_full","SBS15",0,0
"OV2295","baseline","genome_full","SBS16",0,0
"OV2295","baseline","genome_full","SBS17a",0,0
"OV2295","baseline","genome_full","SBS17b",0,0
"OV2295","baseline","genome_full","SBS18",0,0
"OV2295","baseline","genome_full","SBS19",0,0
"OV2295","baseline","genome_full","SBS20",0,0
"OV2295","baseline","genome_full","SBS21",0,0
"OV2295","baseline","genome_full","SBS22",0,0
"OV2295","baseline","genome_full","SBS23",0,0
"OV2295","baseline","genome_full","SBS24",64.534564328687,0.167658848191544
"OV2295","baseline","genome_full","SBS25",0,0
"OV2295","baseline","genome_full","SBS26",41.1103408319524,0.106803423318116
"OV2295","baseline","genome_full","SBS28",0,0
"OV2295","baseline","genome_full","SBS29",0,0
"OV2295","baseline","genome_full","SBS30",0,0
"OV2295","baseline","genome_full","SBS31",0,0
"OV2295","baseline","genome_full","SBS32",28.8479710590846,0.0749461571599879
"OV2295","baseline","genome_full","SBS33",0,0
"OV2295","baseline","genome_full","SBS34",0,0
"OV2295","baseline","genome_full","SBS35",0,0
"OV2295","baseline","genome_full","SBS36",0,0
"OV2295","baseline","genome_full","SBS37",0,0
"OV2295","baseline","genome_full","SBS38",0,0
"OV2295","baseline","genome_full","SBS39",57.1119507058345,0.148375122276235
"OV2295","baseline","genome_full","SBS40",0,0
"OV2295","baseline","genome_full","SBS41",0,0
"OV2295","baseline","genome_full","SBS42",0,0
"OV2295","baseline","genome_full","SBS44",0,0
"OV2295","baseline","genome_full","SBS84",0,0
"OV2295","baseline","genome_full","SBS85",0,0
"OV2295","baseline","genome_full","SBS86",0,0
"OV2295","baseline","genome_full","SBS87",0,0
"OV2295","baseline","genome_full","SBS88",0,0
"OV2295","baseline","genome_full","SBS89",52.550350057585,0.136524221622438
"OV2295","baseline","genome_full","SBS90",0,0
"OV2295","baseline","genome_full","SBS91",0,0
"OV2295","baseline","genome_full","SBS92",0,0
"OV2295","baseline","genome_full","SBS93",0,0
"OV2295","baseline","genome_full","SBS94",0,0
"OV2295-R2","baseline","genome_full","SBS1",56.2068928809791,0.101306904360708
"OV2295-R2","baseline","genome_full","SBS2",0,0
"OV2295-R2","baseline","genome_full","SBS3",93.6800949357328,0.168848337485099
"OV2295-R2","baseline","genome_full","SBS4",64.0159886432184,0.115381963076443
"OV2295-R2","baseline","genome_full","SBS5",0,0
"OV2295-R2","baseline","genome_full","SBS6",0,0
"OV2295-R2","baseline","genome_full","SBS7a",0,0
"OV2295-R2","baseline","genome_full","SBS7b",41.1676918591415,0.0742003552972862
"OV2295-R2","baseline","genome_full","SBS7c",0,0
"OV2295-R2","baseline","genome_full","SBS7d",0,0
"OV2295-R2","baseline","genome_full","SBS8",0,0
"OV2295-R2","baseline","genome_full","SBS9",0,0
"OV2295-R2","baseline","genome_full","SBS10a",0,0
"OV2295-R2","baseline","genome_full","SBS10b",0,0
"OV2295-R2","baseline","genome_full","SBS10c",0,0
"OV2295-R2","baseline","genome_full","SBS10d",0,0
"OV2295-R2","baseline","genome_full","SBS11",0,0
"OV2295-R2","baseline","genome_full","SBS12",0,0
"OV2295-R2","baseline","genome_full","SBS13",0,0
"OV2295-R2","baseline","genome_full","SBS14",0,0
"OV2295-R2","baseline","genome_full","SBS15",0,0
"OV2295-R2","baseline","genome_full","SBS16",0,0
"OV2295-R2","baseline","genome_full","SBS17a",0,0
"OV2295-R2","baseline","genome_full","SBS17b",0,0
"OV2295-R2","baseline","genome_full","SBS18",0,0
"OV2295-R2","baseline","genome_full","SBS19",0,0
"OV2295-R2","baseline","genome_full","SBS20",0,0
"OV2295-R2","baseline","genome_full","SBS21",0,0
"OV2295-R2","baseline","genome_full","SBS22",0,0
"OV2295-R2","baseline","genome_full","SBS23",0,0
"OV2295-R2","baseline","genome_full","SBS24",81.8908425597283,0.147599472769001
"OV2295-R2","baseline","genome_full","SBS25",0,0
"OV2295-R2","baseline","genome_full","SBS26",0,0
"OV2295-R2","baseline","genome_full","SBS28",0,0
"OV2295-R2","baseline","genome_full","SBS29",0,0
"OV2295-R2","baseline","genome_full","SBS30",0,0
"OV2295-R2","baseline","genome_full","SBS31",0,0
"OV2295-R2","baseline","genome_full","SBS32",0,0
"OV2295-R2","baseline","genome_full","SBS33",0,0
"OV2295-R2","baseline","genome_full","SBS34",0,0
"OV2295-R2","baseline","genome_full","SBS35",0,0
"OV2295-R2","baseline","genome_full","SBS36",0,0
"OV2295-R2","baseline","genome_full","SBS37",0,0
"OV2295-R2","baseline","genome_full","SBS38",0,0
"OV2295-R2","baseline","genome_full","SBS39",0,0
"OV2295-R2","baseline","genome_full","SBS40",135.595162434487,0.24439575732488
"OV2295-R2","baseline","genome_full","SBS41",0,0
"OV2295-R2","baseline","genome_full","SBS42",0,0
"OV2295-R2","baseline","genome_full","SBS44",0,0
"OV2295-R2","baseline","genome_full","SBS84",0,0
"OV2295-R2","baseline","genome_full","SBS85",0,0
"OV2295-R2","baseline","genome_full","SBS86",0,0
"OV2295-R2","baseline","genome_full","SBS87",0,0
"OV2295-R2","baseline","genome_full","SBS88",0,0
"OV2295-R2","baseline","genome_full","SBS89",82.2613150130727,0.148267209686583
"OV2295-R2","baseline","genome_full","SBS90",0,0
"OV2295-R2","baseline","genome_full","SBS91",0,0
"OV2295-R2","baseline","genome_full","SBS92",0,0
"OV2295-R2","baseline","genome_full","SBS93",0,0
"OV2295-R2","baseline","genome_full","SBS94",0,0
"OV3133-R","baseline","genome_full","SBS1",0,0
"OV3133-R","baseline","genome_full","SBS2",0,0
"OV3133-R","baseline","genome_full","SBS3",0,0
"OV3133-R","baseline","genome_full","SBS4",0,0
"OV3133-R","baseline","genome_full","SBS5",164.05564388373,0.380831840706026
"OV3133-R","baseline","genome_full","SBS6",0,0
"OV3133-R","baseline","genome_full","SBS7a",15.8791522452306,0.0368611931613171
"OV3133-R","baseline","genome_full","SBS7b",15.8058421846082,0.0366910142837839
"OV3133-R","baseline","genome_full","SBS7c",0,0
"OV3133-R","baseline","genome_full","SBS7d",0,0
"OV3133-R","baseline","genome_full","SBS8",28.6988689721499,0.0666203419651375
"OV3133-R","baseline","genome_full","SBS9",0,0
"OV3133-R","baseline","genome_full","SBS10a",0,0
"OV3133-R","baseline","genome_full","SBS10b",0,0
"OV3133-R","baseline","genome_full","SBS10c",0,0
"OV3133-R","baseline","genome_full","SBS10d",0,0
"OV3133-R","baseline","genome_full","SBS11",0,0
"OV3133-R","baseline","genome_full","SBS12",0,0
"OV3133-R","baseline","genome_full","SBS13",12.0812015415797,0.0280447908532854
"OV3133-R","baseline","genome_full","SBS14",0,0
"OV3133-R","baseline","genome_full","SBS15",17.7633366882942,0.0412350593246178
"OV3133-R","baseline","genome_full","SBS16",0,0
"OV3133-R","baseline","genome_full","SBS17a",0,0
"OV3133-R","baseline","genome_full","SBS17b",0,0
"OV3133-R","baseline","genome_full","SBS18",0,0
"OV3133-R","baseline","genome_full","SBS19",0,0
"OV3133-R","baseline","genome_full","SBS20",0,0
"OV3133-R","baseline","genome_full","SBS21",0,0
"OV3133-R","baseline","genome_full","SBS22",0,0
"OV3133-R","baseline","genome_full","SBS23",0,0
"OV3133-R","baseline","genome_full","SBS24",52.1433657100062,0.121043406211754
"OV3133-R","baseline","genome_full","SBS25",0,0
"OV3133-R","baseline","genome_full","SBS26",0,0
"OV3133-R","baseline","genome_full","SBS28",0,0
"OV3133-R","baseline","genome_full","SBS29",0,0
"OV3133-R","baseline","genome_full","SBS30",0,0
"OV3133-R","baseline","genome_full","SBS31",0,0
"OV3133-R","baseline","genome_full","SBS32",0,0
"OV3133-R","baseline","genome_full","SBS33",0,0
"OV3133-R","baseline","genome_full","SBS34",0,0
"OV3133-R","baseline","genome_full","SBS35",30.1266407270492,0.0699347109966092
"OV3133-R","baseline","genome_full","SBS36",0,0
"OV3133-R","baseline","genome_full","SBS37",0,0
"OV3133-R","baseline","genome_full","SBS38",20.0871855494957,0.0466295438932876
"OV3133-R","baseline","genome_full","SBS39",0,0
"OV3133-R","baseline","genome_full","SBS40",0,0
"OV3133-R","baseline","genome_full","SBS41",0,0
"OV3133-R","baseline","genome_full","SBS42",0,0
"OV3133-R","baseline","genome_full","SBS44",0,0
"OV3133-R","baseline","genome_full","SBS84",0,0
"OV3133-R","baseline","genome_full","SBS85",0,0
"OV3133-R","baseline","genome_full","SBS86",0,0
"OV3133-R","baseline","genome_full","SBS87",74.1411350525939,0.172108098604181
"OV3133-R","baseline","genome_full","SBS88",0,0
"OV3133-R","baseline","genome_full","SBS89",0,0
"OV3133-R","baseline","genome_full","SBS90",0,0
"OV3133-R","baseline","genome_full","SBS91",0,0
"OV3133-R","baseline","genome_full","SBS92",0,0
"OV3133-R","baseline","genome_full","SBS93",0,0
"OV3133-R","baseline","genome_full","SBS94",0,0
"OV3133-R2","baseline","genome_full","SBS1",0,0
"OV3133-R2","baseline","genome_full","SBS2",0,0
"OV3133-R2","baseline","genome_full","SBS3",53.8404696953526,0.137637049534903
"OV3133-R2","baseline","genome_full","SBS4",0,0
"OV3133-R2","baseline","genome_full","SBS5",153.61787802021,0.392706668536723
"OV3133-R2","baseline","genome_full","SBS6",39.6960267471045,0.101478386623393
"OV3133-R2","baseline","genome_full","SBS7a",13.7622066815987,0.0351815192821076
"OV3133-R2","baseline","genome_full","SBS7b",0,0
"OV3133-R2","baseline","genome_full","SBS7c",0,0
"OV3133-R2","baseline","genome_full","SBS7d",0,0
"OV3133-R2","baseline","genome_full","SBS8",0,0
"OV3133-R2","baseline","genome_full","SBS9",0,0
"OV3133-R2","baseline","genome_full","SBS10a",0,0
"OV3133-R2","baseline","genome_full","SBS10b",0,0
"OV3133-R2","baseline","genome_full","SBS10c",0,0
"OV3133-R2","baseline","genome_full","SBS10d",0,0
"OV3133-R2","baseline","genome_full","SBS11",0,0
"OV3133-R2","baseline","genome_full","SBS12",0,0
"OV3133-R2","baseline","genome_full","SBS13",0,0
"OV3133-R2","baseline","genome_full","SBS14",0,0
"OV3133-R2","baseline","genome_full","SBS15",0,0
"OV3133-R2","baseline","genome_full","SBS16",0,0
"OV3133-R2","baseline","genome_full","SBS17a",0,0
"OV3133-R2","baseline","genome_full","SBS17b",0,0
"OV3133-R2","baseline","genome_full","SBS18",0,0
"OV3133-R2","baseline","genome_full","SBS19",0,0
"OV3133-R2","baseline","genome_full","SBS20",0,0
"OV3133-R2","baseline","genome_full","SBS21",0,0
"OV3133-R2","baseline","genome_full","SBS22",0,0
"OV3133-R2","baseline","genome_full","SBS23",0,0
"OV3133-R2","baseline","genome_full","SBS24",0,0
"OV3133-R2","baseline","genome_full","SBS25",0,0
"OV3133-R2","baseline","genome_full","SBS26",0,0
"OV3133-R2","baseline","genome_full","SBS28",0,0
"OV3133-R2","baseline","genome_full","SBS29",43.1408301612669,0.110284635544249
"OV3133-R2","baseline","genome_full","SBS30",0,0
"OV3133-R2","baseline","genome_full","SBS31",0,0
"OV3133-R2","baseline","genome_full","SBS32",0,0
"OV3133-R2","baseline","genome_full","SBS33",0,0
"OV3133-R2","baseline","genome_full","SBS34",0,0
"OV3133-R2","baseline","genome_full","SBS35",33.0608393777268,0.0845162832502266
"OV3133-R2","baseline","genome_full","SBS36",0,0
"OV3133-R2","baseline","genome_full","SBS37",0,0
"OV3133-R2","baseline","genome_full","SBS38",0,0
"OV3133-R2","baseline","genome_full","SBS39",0,0
"OV3133-R2","baseline","genome_full","SBS40",0,0
"OV3133-R2","baseline","genome_full","SBS41",0,0
"OV3133-R2","baseline","genome_full","SBS42",0,0
"OV3133-R2","baseline","genome_full","SBS44",0,0
"OV3133-R2","baseline","genome_full","SBS84",0,0
"OV3133-R2","baseline","genome_full","SBS85",0,0
"OV3133-R2","baseline","genome_full","SBS86",0,0
"OV3133-R2","baseline","genome_full","SBS87",54.0589060291804,0.138195457228398
"OV3133-R2","baseline","genome_full","SBS88",0,0
"OV3133-R2","baseline","genome_full","SBS89",0,0
"OV3133-R2","baseline","genome_full","SBS90",0,0
"OV3133-R2","baseline","genome_full","SBS91",0,0
"OV3133-R2","baseline","genome_full","SBS92",0,0
"OV3133-R2","baseline","genome_full","SBS93",0,0
"OV3133-R2","baseline","genome_full","SBS94",0,0
"OV3291","baseline","genome_full","SBS1",38.2796909598794,0.092671373180558
"OV3291","baseline","genome_full","SBS2",0,0
"OV3291","baseline","genome_full","SBS3",0,0
"OV3291","baseline","genome_full","SBS4",50.7146780716006,0.122775256002745
"OV3291","baseline","genome_full","SBS5",0,0
"OV3291","baseline","genome_full","SBS6",0,0
"OV3291","baseline","genome_full","SBS7a",25.066075717406,0.0606825081063083
"OV3291","baseline","genome_full","SBS7b",0,0
"OV3291","baseline","genome_full","SBS7c",0,0
"OV3291","baseline","genome_full","SBS7d",0,0
"OV3291","baseline","genome_full","SBS8",0,0
"OV3291","baseline","genome_full","SBS9",0,0
"OV3291","baseline","genome_full","SBS10a",0,0
"OV3291","baseline","genome_full","SBS10b",0,0
"OV3291","baseline","genome_full","SBS10c",0,0
"OV3291","baseline","genome_full","SBS10d",0,0
"OV3291","baseline","genome_full","SBS11",0,0
"OV3291","baseline","genome_full","SBS12",45.9769357246709,0.111305646973617
"OV3291","baseline","genome_full","SBS13",0,0
"OV3291","baseline","genome_full","SBS14",0,0
"OV3291","baseline","genome_full","SBS15",0,0
"OV3291","baseline","genome_full","SBS16",0,0
"OV3291","baseline","genome_full","SBS17a",0,0
"OV3291","baseline","genome_full","SBS17b",0,0
"OV3291","baseline","genome_full","SBS18",0,0
"OV3291","baseline","genome_full","SBS19",28.2120461629822,0.0682985936562819
"OV3291","baseline","genome_full","SBS20",0,0
"OV3291","baseline","genome_full","SBS21",0,0
"OV3291","baseline","genome_full","SBS22",0,0
"OV3291","baseline","genome_full","SBS23",0,0
"OV3291","baseline","genome_full","SBS24",72.5075719693775,0.175533712313218
"OV3291","baseline","genome_full","SBS25",0,0
"OV3291","baseline","genome_full","SBS26",0,0
"OV3291","baseline","genome_full","SBS28",0,0
"OV3291","baseline","genome_full","SBS29",0,0
"OV3291","baseline","genome_full","SBS30",0,0
"OV3291","baseline","genome_full","SBS31",0,0
"OV3291","baseline","genome_full","SBS32",0,0
"OV3291","baseline","genome_full","SBS33",0,0
"OV3291","baseline","genome_full","SBS34",0,0
"OV3291","baseline","genome_full","SBS35",0,0
"OV3291","baseline","genome_full","SBS36",0,0
"OV3291","baseline","genome_full","SBS37",0,0
"OV3291","baseline","genome_full","SBS38",0,0
"OV3291","baseline","genome_full","SBS39",72.0783183556611,0.174494531462267
"OV3291","baseline","genome_full","SBS40",0,0
"OV3291","baseline","genome_full","SBS41",0,0
"OV3291","baseline","genome_full","SBS42",0,0
"OV3291","baseline","genome_full","SBS44",40.103284513964,0.0970861141187062
"OV3291","baseline","genome_full","SBS84",0,0
"OV3291","baseline","genome_full","SBS85",0,0
"OV3291","baseline","genome_full","SBS86",0,0
"OV3291","baseline","genome_full","SBS87",0,0
"OV3291","baseline","genome_full","SBS88",0,0
"OV3291","baseline","genome_full","SBS89",40.1306090701618,0.0971522641862982
"OV3291","baseline","genome_full","SBS90",0,0
"OV3291","baseline","genome_full","SBS91",0,0
"OV3291","baseline","genome_full","SBS92",0,0
"OV3291","baseline","genome_full","SBS93",0,0
"OV3291","baseline","genome_full","SBS94",0,0
"TOV1369","baseline","genome_full","SBS1",0,0
"TOV1369","baseline","genome_full","SBS2",0,0
"TOV1369","baseline","genome_full","SBS3",263.375650740445,0.399494987867076
"TOV1369","baseline","genome_full","SBS4",0,0
"TOV1369","baseline","genome_full","SBS5",0,0
"TOV1369","baseline","genome_full","SBS6",89.5313701703176,0.135803494132273
"TOV1369","baseline","genome_full","SBS7a",0,0
"TOV1369","baseline","genome_full","SBS7b",0,0
"TOV1369","baseline","genome_full","SBS7c",0,0
"TOV1369","baseline","genome_full","SBS7d",0,0
"TOV1369","baseline","genome_full","SBS8",55.3651369911361,0.0839792694136717
"TOV1369","baseline","genome_full","SBS9",0,0
"TOV1369","baseline","genome_full","SBS10a",0,0
"TOV1369","baseline","genome_full","SBS10b",0,0
"TOV1369","baseline","genome_full","SBS10c",0,0
"TOV1369","baseline","genome_full","SBS10d",0,0
"TOV1369","baseline","genome_full","SBS11",0,0
"TOV1369","baseline","genome_full","SBS12",0,0
"TOV1369","baseline","genome_full","SBS13",0,0
"TOV1369","baseline","genome_full","SBS14",0,0
"TOV1369","baseline","genome_full","SBS15",0,0
"TOV1369","baseline","genome_full","SBS16",0,0
"TOV1369","baseline","genome_full","SBS17a",0,0
"TOV1369","baseline","genome_full","SBS17b",0,0
"TOV1369","baseline","genome_full","SBS18",0,0
"TOV1369","baseline","genome_full","SBS19",0,0
"TOV1369","baseline","genome_full","SBS20",0,0
"TOV1369","baseline","genome_full","SBS21",0,0
"TOV1369","baseline","genome_full","SBS22",0,0
"TOV1369","baseline","genome_full","SBS23",0,0
"TOV1369","baseline","genome_full","SBS24",0,0
"TOV1369","baseline","genome_full","SBS25",0,0
"TOV1369","baseline","genome_full","SBS26",0,0
"TOV1369","baseline","genome_full","SBS28",0,0
"TOV1369","baseline","genome_full","SBS29",88.2655830649691,0.133883515566024
"TOV1369","baseline","genome_full","SBS30",47.7505390908988,0.0724292506962396
"TOV1369","baseline","genome_full","SBS31",0,0
"TOV1369","baseline","genome_full","SBS32",0,0
"TOV1369","baseline","genome_full","SBS33",0,0
"TOV1369","baseline","genome_full","SBS34",0,0
"TOV1369","baseline","genome_full","SBS35",0,0
"TOV1369","baseline","genome_full","SBS36",0,0
"TOV1369","baseline","genome_full","SBS37",0,0
"TOV1369","baseline","genome_full","SBS38",0,0
"TOV1369","baseline","genome_full","SBS39",66.6846024720412,0.101148926943678
"TOV1369","baseline","genome_full","SBS40",0,0
"TOV1369","baseline","genome_full","SBS41",0,0
"TOV1369","baseline","genome_full","SBS42",0,0
"TOV1369","baseline","genome_full","SBS44",0,0
"TOV1369","baseline","genome_full","SBS84",0,0
"TOV1369","baseline","genome_full","SBS85",0,0
"TOV1369","baseline","genome_full","SBS86",0,0
"TOV1369","baseline","genome_full","SBS87",48.2985945583555,0.0732605553810371
"TOV1369","baseline","genome_full","SBS88",0,0
"TOV1369","baseline","genome_full","SBS89",0,0
"TOV1369","baseline","genome_full","SBS90",0,0
"TOV1369","baseline","genome_full","SBS91",0,0
"TOV1369","baseline","genome_full","SBS92",0,0
"TOV1369","baseline","genome_full","SBS93",0,0
"TOV1369","baseline","genome_full","SBS94",0,0
"TOV2295-R","baseline","genome_full","SBS1",38.684026661886,0.0952812911170833
"TOV2295-R","baseline","genome_full","SBS2",0,0
"TOV2295-R","baseline","genome_full","SBS3",67.7182619868153,0.166794514198437
"TOV2295-R","baseline","genome_full","SBS4",0,0
"TOV2295-R","baseline","genome_full","SBS5",0,0
"TOV2295-R","baseline","genome_full","SBS6",0,0
"TOV2295-R","baseline","genome_full","SBS7a",17.4572009782696,0.0429982292959893
"TOV2295-R","baseline","genome_full","SBS7b",0,0
"TOV2295-R","baseline","genome_full","SBS7c",0,0
"TOV2295-R","baseline","genome_full","SBS7d",0,0
"TOV2295-R","baseline","genome_full","SBS8",0,0
"TOV2295-R","baseline","genome_full","SBS9",0,0
"TOV2295-R","baseline","genome_full","SBS10a",0,0
"TOV2295-R","baseline","genome_full","SBS10b",0,0
"TOV2295-R","baseline","genome_full","SBS10c",0,0
"TOV2295-R","baseline","genome_full","SBS10d",0,0
"TOV2295-R","baseline","genome_full","SBS11",31.5935625838384,0.0778170137325031
"TOV2295-R","baseline","genome_full","SBS12",0,0
"TOV2295-R","baseline","genome_full","SBS13",0,0
"TOV2295-R","baseline","genome_full","SBS14",0,0
"TOV2295-R","baseline","genome_full","SBS15",0,0
"TOV2295-R","baseline","genome_full","SBS16",0,0
"TOV2295-R","baseline","genome_full","SBS17a",0,0
"TOV2295-R","baseline","genome_full","SBS17b",0,0
"TOV2295-R","baseline","genome_full","SBS18",47.3024885745618,0.116509127238193
"TOV2295-R","baseline","genome_full","SBS19",0,0
"TOV2295-R","baseline","genome_full","SBS20",0,0
"TOV2295-R","baseline","genome_full","SBS21",0,0
"TOV2295-R","baseline","genome_full","SBS22",0,0
"TOV2295-R","baseline","genome_full","SBS23",0,0
"TOV2295-R","baseline","genome_full","SBS24",39.4773101018325,0.0972352001824592
"TOV2295-R","baseline","genome_full","SBS25",0,0
"TOV2295-R","baseline","genome_full","SBS26",38.7889132174405,0.0955396335725211
"TOV2295-R","baseline","genome_full","SBS28",0,0
"TOV2295-R","baseline","genome_full","SBS29",0,0
"TOV2295-R","baseline","genome_full","SBS30",0,0
"TOV2295-R","baseline","genome_full","SBS31",61.1332424945346,0.150575179930584
"TOV2295-R","baseline","genome_full","SBS32",0,0
"TOV2295-R","baseline","genome_full","SBS33",0,0
"TOV2295-R","baseline","genome_full","SBS34",0,0
"TOV2295-R","baseline","genome_full","SBS35",0,0
"TOV2295-R","baseline","genome_full","SBS36",0,0
"TOV2295-R","baseline","genome_full","SBS37",0,0
"TOV2295-R","baseline","genome_full","SBS38",0,0
"TOV2295-R","baseline","genome_full","SBS39",45.120864205444,0.111135643540674
"TOV2295-R","baseline","genome_full","SBS40",0,0
"TOV2295-R","baseline","genome_full","SBS41",0,0
"TOV2295-R","baseline","genome_full","SBS42",0,0
"TOV2295-R","baseline","genome_full","SBS44",0,0
"TOV2295-R","baseline","genome_full","SBS84",0,0
"TOV2295-R","baseline","genome_full","SBS85",0,0
"TOV2295-R","baseline","genome_full","SBS86",0,0
"TOV2295-R","baseline","genome_full","SBS87",0,0
"TOV2295-R","baseline","genome_full","SBS88",0,0
"TOV2295-R","baseline","genome_full","SBS89",18.7222659581379,0.0461141671915554
"TOV2295-R","baseline","genome_full","SBS90",0,0
"TOV2295-R","baseline","genome_full","SBS91",0,0
"TOV2295-R","baseline","genome_full","SBS92",0,0
"TOV2295-R","baseline","genome_full","SBS93",0,0
"TOV2295-R","baseline","genome_full","SBS94",0,0
"TOV2835EP","baseline","genome_full","SBS1",0,0
"TOV2835EP","baseline","genome_full","SBS2",0,0
"TOV2835EP","baseline","genome_full","SBS3",0,0
"TOV2835EP","baseline","genome_full","SBS4",75.5784789956868,0.1510837511698
"TOV2835EP","baseline","genome_full","SBS5",0,0
"TOV2835EP","baseline","genome_full","SBS6",74.7960587771794,0.149519668600608
"TOV2835EP","baseline","genome_full","SBS7a",29.0394703473404,0.0580508124847384
"TOV2835EP","baseline","genome_full","SBS7b",0,0
"TOV2835EP","baseline","genome_full","SBS7c",0,0
"TOV2835EP","baseline","genome_full","SBS7d",0,0
"TOV2835EP","baseline","genome_full","SBS8",0,0
"TOV2835EP","baseline","genome_full","SBS9",0,0
"TOV2835EP","baseline","genome_full","SBS10a",0,0
"TOV2835EP","baseline","genome_full","SBS10b",0,0
"TOV2835EP","baseline","genome_full","SBS10c",0,0
"TOV2835EP","baseline","genome_full","SBS10d",0,0
"TOV2835EP","baseline","genome_full","SBS11",0,0
"TOV2835EP","baseline","genome_full","SBS12",0,0
"TOV2835EP","baseline","genome_full","SBS13",0,0
"TOV2835EP","baseline","genome_full","SBS14",25.37556077649,0.0507265422788957
"TOV2835EP","baseline","genome_full","SBS15",0,0
"TOV2835EP","baseline","genome_full","SBS16",0,0
"TOV2835EP","baseline","genome_full","SBS17a",0,0
"TOV2835EP","baseline","genome_full","SBS17b",0,0
"TOV2835EP","baseline","genome_full","SBS18",0,0
"TOV2835EP","baseline","genome_full","SBS19",0,0
"TOV2835EP","baseline","genome_full","SBS20",0,0
"TOV2835EP","baseline","genome_full","SBS21",0,0
"TOV2835EP","baseline","genome_full","SBS22",0,0
"TOV2835EP","baseline","genome_full","SBS23",0,0
"TOV2835EP","baseline","genome_full","SBS24",68.7232873458867,0.137380007945505
"TOV2835EP","baseline","genome_full","SBS25",0,0
"TOV2835EP","baseline","genome_full","SBS26",45.8090213509123,0.0915736711704433
"TOV2835EP","baseline","genome_full","SBS28",0,0
"TOV2835EP","baseline","genome_full","SBS29",0,0
"TOV2835EP","baseline","genome_full","SBS30",0,0
"TOV2835EP","baseline","genome_full","SBS31",54.9651638954964,0.109877087437396
"TOV2835EP","baseline","genome_full","SBS32",0,0
"TOV2835EP","baseline","genome_full","SBS33",0,0
"TOV2835EP","baseline","genome_full","SBS34",0,0
"TOV2835EP","baseline","genome_full","SBS35",0,0
"TOV2835EP","baseline","genome_full","SBS36",0,0
"TOV2835EP","baseline","genome_full","SBS37",0,0
"TOV2835EP","baseline","genome_full","SBS38",0,0
"TOV2835EP","baseline","genome_full","SBS39",48.3751817205234,0.0967035062755696
"TOV2835EP","baseline","genome_full","SBS40",0,0
"TOV2835EP","baseline","genome_full","SBS41",0,0
"TOV2835EP","baseline","genome_full","SBS42",0,0
"TOV2835EP","baseline","genome_full","SBS44",0,0
"TOV2835EP","baseline","genome_full","SBS84",0,0
"TOV2835EP","baseline","genome_full","SBS85",0,0
"TOV2835EP","baseline","genome_full","SBS86",0,0
"TOV2835EP","baseline","genome_full","SBS87",33.2225545245265,0.0664129290203779
"TOV2835EP","baseline","genome_full","SBS88",0,0
"TOV2835EP","baseline","genome_full","SBS89",44.3574945851421,0.0886720236166674
"TOV2835EP","baseline","genome_full","SBS90",0,0
"TOV2835EP","baseline","genome_full","SBS91",0,0
"TOV2835EP","baseline","genome_full","SBS92",0,0
"TOV2835EP","baseline","genome_full","SBS93",0,0
"TOV2835EP","baseline","genome_full","SBS94",0,0
"TOV2881EP","baseline","genome_full","SBS1",0,0
"TOV2881EP","baseline","genome_full","SBS2",0,0
"TOV2881EP","baseline","genome_full","SBS3",0,0
"TOV2881EP","baseline","genome_full","SBS4",0,0
"TOV2881EP","baseline","genome_full","SBS5",0,0
"TOV2881EP","baseline","genome_full","SBS6",0,0
"TOV2881EP","baseline","genome_full","SBS7a",0,0
"TOV2881EP","baseline","genome_full","SBS7b",0,0
"TOV2881EP","baseline","genome_full","SBS7c",0,0
"TOV2881EP","baseline","genome_full","SBS7d",0,0
"TOV2881EP","baseline","genome_full","SBS8",0,0
"TOV2881EP","baseline","genome_full","SBS9",0,0
"TOV2881EP","baseline","genome_full","SBS10a",0,0
"TOV2881EP","baseline","genome_full","SBS10b",0,0
"TOV2881EP","baseline","genome_full","SBS10c",0,0
"TOV2881EP","baseline","genome_full","SBS10d",0,0
"TOV2881EP","baseline","genome_full","SBS11",0,0
"TOV2881EP","baseline","genome_full","SBS12",81.2545602078669,0.151334435949342
"TOV2881EP","baseline","genome_full","SBS13",0,0
"TOV2881EP","baseline","genome_full","SBS14",0,0
"TOV2881EP","baseline","genome_full","SBS15",69.7144532815397,0.129841296757854
"TOV2881EP","baseline","genome_full","SBS16",0,0
"TOV2881EP","baseline","genome_full","SBS17a",0,0
"TOV2881EP","baseline","genome_full","SBS17b",0,0
"TOV2881EP","baseline","genome_full","SBS18",0,0
"TOV2881EP","baseline","genome_full","SBS19",0,0
"TOV2881EP","baseline","genome_full","SBS20",0,0
"TOV2881EP","baseline","genome_full","SBS21",0,0
"TOV2881EP","baseline","genome_full","SBS22",0,0
"TOV2881EP","baseline","genome_full","SBS23",0,0
"TOV2881EP","baseline","genome_full","SBS24",51.7745078700527,0.0964286302827176
"TOV2881EP","baseline","genome_full","SBS25",0,0
"TOV2881EP","baseline","genome_full","SBS26",0,0
"TOV2881EP","baseline","genome_full","SBS28",0,0
"TOV2881EP","baseline","genome_full","SBS29",80.6150214519983,0.150143312194078
"TOV2881EP","baseline","genome_full","SBS30",0,0
"TOV2881EP","baseline","genome_full","SBS31",63.6920481866308,0.118624729025964
"TOV2881EP","baseline","genome_full","SBS32",0,0
"TOV2881EP","baseline","genome_full","SBS33",0,0
"TOV2881EP","baseline","genome_full","SBS34",0,0
"TOV2881EP","baseline","genome_full","SBS35",0,0
"TOV2881EP","baseline","genome_full","SBS36",0,0
"TOV2881EP","baseline","genome_full","SBS37",0,0
"TOV2881EP","baseline","genome_full","SBS38",0,0
"TOV2881EP","baseline","genome_full","SBS39",0,0
"TOV2881EP","baseline","genome_full","SBS40",0,0
"TOV2881EP","baseline","genome_full","SBS41",0,0
"TOV2881EP","baseline","genome_full","SBS42",0,0
"TOV2881EP","baseline","genome_full","SBS44",0,0
"TOV2881EP","baseline","genome_full","SBS84",0,0
"TOV2881EP","baseline","genome_full","SBS85",0,0
"TOV2881EP","baseline","genome_full","SBS86",37.5012150562351,0.0698450057871442
"TOV2881EP","baseline","genome_full","SBS87",53.0402656019585,0.0987860700610691
"TOV2881EP","baseline","genome_full","SBS88",0,0
"TOV2881EP","baseline","genome_full","SBS89",99.3284229961448,0.18499651994183
"TOV2881EP","baseline","genome_full","SBS90",0,0
"TOV2881EP","baseline","genome_full","SBS91",0,0
"TOV2881EP","baseline","genome_full","SBS92",0,0
"TOV2881EP","baseline","genome_full","SBS93",0,0
"TOV2881EP","baseline","genome_full","SBS94",0,0
"TOV2929D","baseline","genome_full","SBS1",0,0
"TOV2929D","baseline","genome_full","SBS2",0,0
"TOV2929D","baseline","genome_full","SBS3",0,0
"TOV2929D","baseline","genome_full","SBS4",166.805734907217,0.194219812026352
"TOV2929D","baseline","genome_full","SBS5",341.857563075635,0.39804094072226
"TOV2929D","baseline","genome_full","SBS6",0,0
"TOV2929D","baseline","genome_full","SBS7a",0,0
"TOV2929D","baseline","genome_full","SBS7b",0,0
"TOV2929D","baseline","genome_full","SBS7c",0,0
"TOV2929D","baseline","genome_full","SBS7d",0,0
"TOV2929D","baseline","genome_full","SBS8",0,0
"TOV2929D","baseline","genome_full","SBS9",0,0
"TOV2929D","baseline","genome_full","SBS10a",0,0
"TOV2929D","baseline","genome_full","SBS10b",0,0
"TOV2929D","baseline","genome_full","SBS10c",0,0
"TOV2929D","baseline","genome_full","SBS10d",0,0
"TOV2929D","baseline","genome_full","SBS11",0,0
"TOV2929D","baseline","genome_full","SBS12",0,0
"TOV2929D","baseline","genome_full","SBS13",0,0
"TOV2929D","baseline","genome_full","SBS14",0,0
"TOV2929D","baseline","genome_full","SBS15",80.6323025638755,0.0938840061819139
"TOV2929D","baseline","genome_full","SBS16",0,0
"TOV2929D","baseline","genome_full","SBS17a",0,0
"TOV2929D","baseline","genome_full","SBS17b",0,0
"TOV2929D","baseline","genome_full","SBS18",0,0
"TOV2929D","baseline","genome_full","SBS19",0,0
"TOV2929D","baseline","genome_full","SBS20",0,0
"TOV2929D","baseline","genome_full","SBS21",0,0
"TOV2929D","baseline","genome_full","SBS22",0,0
"TOV2929D","baseline","genome_full","SBS23",0,0
"TOV2929D","baseline","genome_full","SBS24",104.375586457189,0.12152943538261
"TOV2929D","baseline","genome_full","SBS25",0,0
"TOV2929D","baseline","genome_full","SBS26",0,0
"TOV2929D","baseline","genome_full","SBS28",0,0
"TOV2929D","baseline","genome_full","SBS29",0,0
"TOV2929D","baseline","genome_full","SBS30",0,0
"TOV2929D","baseline","genome_full","SBS31",0,0
"TOV2929D","baseline","genome_full","SBS32",0,0
"TOV2929D","baseline","genome_full","SBS33",0,0
"TOV2929D","baseline","genome_full","SBS34",0,0
"TOV2929D","baseline","genome_full","SBS35",0,0
"TOV2929D","baseline","genome_full","SBS36",0,0
"TOV2929D","baseline","genome_full","SBS37",0,0
"TOV2929D","baseline","genome_full","SBS38",0,0
"TOV2929D","baseline","genome_full","SBS39",0,0
"TOV2929D","baseline","genome_full","SBS40",0,0
"TOV2929D","baseline","genome_full","SBS41",0,0
"TOV2929D","baseline","genome_full","SBS42",0,0
"TOV2929D","baseline","genome_full","SBS44",0,0
"TOV2929D","baseline","genome_full","SBS84",0,0
"TOV2929D","baseline","genome_full","SBS85",0,0
"TOV2929D","baseline","genome_full","SBS86",0,0
"TOV2929D","baseline","genome_full","SBS87",72.0944648081017,0.0839429975891323
"TOV2929D","baseline","genome_full","SBS88",0,0
"TOV2929D","baseline","genome_full","SBS89",93.0846022732071,0.108382808097732
"TOV2929D","baseline","genome_full","SBS90",0,0
"TOV2929D","baseline","genome_full","SBS91",0,0
"TOV2929D","baseline","genome_full","SBS92",0,0
"TOV2929D","baseline","genome_full","SBS93",0,0
"TOV2929D","baseline","genome_full","SBS94",0,0
"TOV3121D","baseline","genome_full","SBS1",0,0
"TOV3121D","baseline","genome_full","SBS2",0,0
"TOV3121D","baseline","genome_full","SBS3",0,0
"TOV3121D","baseline","genome_full","SBS4",0,0
"TOV3121D","baseline","genome_full","SBS5",0,0
"TOV3121D","baseline","genome_full","SBS6",0,0
"TOV3121D","baseline","genome_full","SBS7a",0,0
"TOV3121D","baseline","genome_full","SBS7b",0,0
"TOV3121D","baseline","genome_full","SBS7c",0,0
"TOV3121D","baseline","genome_full","SBS7d",0,0
"TOV3121D","baseline","genome_full","SBS8",20.6222718336457,0.0643471011468306
"TOV3121D","baseline","genome_full","SBS9",0,0
"TOV3121D","baseline","genome_full","SBS10a",0,0
"TOV3121D","baseline","genome_full","SBS10b",10.0701868522626,0.0314217239098176
"TOV3121D","baseline","genome_full","SBS10c",0,0
"TOV3121D","baseline","genome_full","SBS10d",0,0
"TOV3121D","baseline","genome_full","SBS11",0,0
"TOV3121D","baseline","genome_full","SBS12",0,0
"TOV3121D","baseline","genome_full","SBS13",0,0
"TOV3121D","baseline","genome_full","SBS14",0,0
"TOV3121D","baseline","genome_full","SBS15",25.6868869700346,0.0801500788730423
"TOV3121D","baseline","genome_full","SBS16",0,0
"TOV3121D","baseline","genome_full","SBS17a",0,0
"TOV3121D","baseline","genome_full","SBS17b",0,0
"TOV3121D","baseline","genome_full","SBS18",0,0
"TOV3121D","baseline","genome_full","SBS19",18.2335722168228,0.0568937081796053
"TOV3121D","baseline","genome_full","SBS20",0,0
"TOV3121D","baseline","genome_full","SBS21",0,0
"TOV3121D","baseline","genome_full","SBS22",0,0
"TOV3121D","baseline","genome_full","SBS23",0,0
"TOV3121D","baseline","genome_full","SBS24",0,0
"TOV3121D","baseline","genome_full","SBS25",0,0
"TOV3121D","baseline","genome_full","SBS26",41.2899237186301,0.128835800405503
"TOV3121D","baseline","genome_full","SBS28",0,0
"TOV3121D","baseline","genome_full","SBS29",23.8231089772061,0.0743345842472704
"TOV3121D","baseline","genome_full","SBS30",35.990302418524,0.112299539483879
"TOV3121D","baseline","genome_full","SBS31",21.9997004017121,0.0686450531914397
"TOV3121D","baseline","genome_full","SBS32",0,0
"TOV3121D","baseline","genome_full","SBS33",0,0
"TOV3121D","baseline","genome_full","SBS34",0,0
"TOV3121D","baseline","genome_full","SBS35",0,0
"TOV3121D","baseline","genome_full","SBS36",0,0
"TOV3121D","baseline","genome_full","SBS37",0,0
"TOV3121D","baseline","genome_full","SBS38",0,0
"TOV3121D","baseline","genome_full","SBS39",21.4881534987928,0.0670488876201086
"TOV3121D","baseline","genome_full","SBS40",0,0
"TOV3121D","baseline","genome_full","SBS41",0,0
"TOV3121D","baseline","genome_full","SBS42",0,0
"TOV3121D","baseline","genome_full","SBS44",0,0
"TOV3121D","baseline","genome_full","SBS84",0,0
"TOV3121D","baseline","genome_full","SBS85",0,0
"TOV3121D","baseline","genome_full","SBS86",16.9931708927832,0.0530233184328068
"TOV3121D","baseline","genome_full","SBS87",60.6000966858193,0.189088795958363
"TOV3121D","baseline","genome_full","SBS88",0,0
"TOV3121D","baseline","genome_full","SBS89",0,0
"TOV3121D","baseline","genome_full","SBS90",0,0
"TOV3121D","baseline","genome_full","SBS91",0,0
"TOV3121D","baseline","genome_full","SBS92",0,0
"TOV3121D","baseline","genome_full","SBS93",0,0
"TOV3121D","baseline","genome_full","SBS94",23.6874875726754,0.0739114085513332
"TOV3121EP","baseline","genome_full","SBS1",0,0
"TOV3121EP","baseline","genome_full","SBS2",0,0
"TOV3121EP","baseline","genome_full","SBS3",0,0
"TOV3121EP","baseline","genome_full","SBS4",0,0
"TOV3121EP","baseline","genome_full","SBS5",0,0
"TOV3121EP","baseline","genome_full","SBS6",0,0
"TOV3121EP","baseline","genome_full","SBS7a",0,0
"TOV3121EP","baseline","genome_full","SBS7b",0,0
"TOV3121EP","baseline","genome_full","SBS7c",0,0
"TOV3121EP","baseline","genome_full","SBS7d",0,0
"TOV3121EP","baseline","genome_full","SBS8",44.9524041840232,0.111383442601658
"TOV3121EP","baseline","genome_full","SBS9",0,0
"TOV3121EP","baseline","genome_full","SBS10a",0,0
"TOV3121EP","baseline","genome_full","SBS10b",0,0
"TOV3121EP","baseline","genome_full","SBS10c",0,0
"TOV3121EP","baseline","genome_full","SBS10d",0,0
"TOV3121EP","baseline","genome_full","SBS11",0,0
"TOV3121EP","baseline","genome_full","SBS12",0,0
"TOV3121EP","baseline","genome_full","SBS13",0,0
"TOV3121EP","baseline","genome_full","SBS14",0,0
"TOV3121EP","baseline","genome_full","SBS15",30.9351410796499,0.0766513509870074
"TOV3121EP","baseline","genome_full","SBS16",0,0
"TOV3121EP","baseline","genome_full","SBS17a",0,0
"TOV3121EP","baseline","genome_full","SBS17b",0,0
"TOV3121EP","baseline","genome_full","SBS18",0,0
"TOV3121EP","baseline","genome_full","SBS19",0,0
"TOV3121EP","baseline","genome_full","SBS20",0,0
"TOV3121EP","baseline","genome_full","SBS21",0,0
"TOV3121EP","baseline","genome_full","SBS22",0,0
"TOV3121EP","baseline","genome_full","SBS23",25.1139049397416,0.0622274434512536
"TOV3121EP","baseline","genome_full","SBS24",47.3449197116717,0.117311637562188
"TOV3121EP","baseline","genome_full","SBS25",0,0
"TOV3121EP","baseline","genome_full","SBS26",42.497394535302,0.105300399185884
"TOV3121EP","baseline","genome_full","SBS28",0,0
"TOV3121EP","baseline","genome_full","SBS29",52.4113105271015,0.129865183047271
"TOV3121EP","baseline","genome_full","SBS30",31.6338784411876,0.0783826882583991
"TOV3121EP","baseline","genome_full","SBS31",0,0
"TOV3121EP","baseline","genome_full","SBS32",0,0
"TOV3121EP","baseline","genome_full","SBS33",0,0
"TOV3121EP","baseline","genome_full","SBS34",0,0
"TOV3121EP","baseline","genome_full","SBS35",0,0
"TOV3121EP","baseline","genome_full","SBS36",0,0
"TOV3121EP","baseline","genome_full","SBS37",0,0
"TOV3121EP","baseline","genome_full","SBS38",0,0
"TOV3121EP","baseline","genome_full","SBS39",66.5645374839396,0.164934167031347
"TOV3121EP","baseline","genome_full","SBS40",0,0
"TOV3121EP","baseline","genome_full","SBS41",0,0
"TOV3121EP","baseline","genome_full","SBS42",0,0
"TOV3121EP","baseline","genome_full","SBS44",0,0
"TOV3121EP","baseline","genome_full","SBS84",0,0
"TOV3121EP","baseline","genome_full","SBS85",0,0
"TOV3121EP","baseline","genome_full","SBS86",0,0
"TOV3121EP","baseline","genome_full","SBS87",62.1289728284334,0.153943687874993
"TOV3121EP","baseline","genome_full","SBS88",0,0
"TOV3121EP","baseline","genome_full","SBS89",0,0
"TOV3121EP","baseline","genome_full","SBS90",0,0
"TOV3121EP","baseline","genome_full","SBS91",0,0
"TOV3121EP","baseline","genome_full","SBS92",0,0
"TOV3121EP","baseline","genome_full","SBS93",0,0
"TOV3121EP","baseline","genome_full","SBS94",0,0
"TOV3133D","baseline","genome_full","SBS1",0,0
"TOV3133D","baseline","genome_full","SBS2",0,0
"TOV3133D","baseline","genome_full","SBS3",0,0
"TOV3133D","baseline","genome_full","SBS4",49.4528067932704,0.118762517849318
"TOV3133D","baseline","genome_full","SBS5",45.3749560327851,0.108969427120343
"TOV3133D","baseline","genome_full","SBS6",29.1999115093249,0.0701245336047663
"TOV3133D","baseline","genome_full","SBS7a",15.5342685342453,0.0373060492155009
"TOV3133D","baseline","genome_full","SBS7b",0,0
"TOV3133D","baseline","genome_full","SBS7c",0,0
"TOV3133D","baseline","genome_full","SBS7d",0,0
"TOV3133D","baseline","genome_full","SBS8",0,0
"TOV3133D","baseline","genome_full","SBS9",0,0
"TOV3133D","baseline","genome_full","SBS10a",0,0
"TOV3133D","baseline","genome_full","SBS10b",0,0
"TOV3133D","baseline","genome_full","SBS10c",0,0
"TOV3133D","baseline","genome_full","SBS10d",0,0
"TOV3133D","baseline","genome_full","SBS11",0,0
"TOV3133D","baseline","genome_full","SBS12",32.1459035985285,0.0771994290609652
"TOV3133D","baseline","genome_full","SBS13",0,0
"TOV3133D","baseline","genome_full","SBS14",0,0
"TOV3133D","baseline","genome_full","SBS15",0,0
"TOV3133D","baseline","genome_full","SBS16",0,0
"TOV3133D","baseline","genome_full","SBS17a",0,0
"TOV3133D","baseline","genome_full","SBS17b",0,0
"TOV3133D","baseline","genome_full","SBS18",0,0
"TOV3133D","baseline","genome_full","SBS19",0,0
"TOV3133D","baseline","genome_full","SBS20",0,0
"TOV3133D","baseline","genome_full","SBS21",0,0
"TOV3133D","baseline","genome_full","SBS22",0,0
"TOV3133D","baseline","genome_full","SBS23",0,0
"TOV3133D","baseline","genome_full","SBS24",101.059987778598,0.242698835125389
"TOV3133D","baseline","genome_full","SBS25",0,0
"TOV3133D","baseline","genome_full","SBS26",0,0
"TOV3133D","baseline","genome_full","SBS28",0,0
"TOV3133D","baseline","genome_full","SBS29",0,0
"TOV3133D","baseline","genome_full","SBS30",0,0
"TOV3133D","baseline","genome_full","SBS31",36.574505613561,0.0878348602925327
"TOV3133D","baseline","genome_full","SBS32",0,0
"TOV3133D","baseline","genome_full","SBS33",0,0
"TOV3133D","baseline","genome_full","SBS34",0,0
"TOV3133D","baseline","genome_full","SBS35",0,0
"TOV3133D","baseline","genome_full","SBS36",0,0
"TOV3133D","baseline","genome_full","SBS37",0,0
"TOV3133D","baseline","genome_full","SBS38",0,0
"TOV3133D","baseline","genome_full","SBS39",50.6415136134478,0.121617235793622
"TOV3133D","baseline","genome_full","SBS40",0,0
"TOV3133D","baseline","genome_full","SBS41",0,0
"TOV3133D","baseline","genome_full","SBS42",0,0
"TOV3133D","baseline","genome_full","SBS44",0,0
"TOV3133D","baseline","genome_full","SBS84",0,0
"TOV3133D","baseline","genome_full","SBS85",0,0
"TOV3133D","baseline","genome_full","SBS86",0,0
"TOV3133D","baseline","genome_full","SBS87",56.4169410598685,0.135487111937564
"TOV3133D","baseline","genome_full","SBS88",0,0
"TOV3133D","baseline","genome_full","SBS89",0,0
"TOV3133D","baseline","genome_full","SBS90",0,0
"TOV3133D","baseline","genome_full","SBS91",0,0
"TOV3133D","baseline","genome_full","SBS92",0,0
"TOV3133D","baseline","genome_full","SBS93",0,0
"TOV3133D","baseline","genome_full","SBS94",0,0
"TOV3133G","baseline","genome_full","SBS1",27.6095330251208,0.0642248526463025
"TOV3133G","baseline","genome_full","SBS2",0,0
"TOV3133G","baseline","genome_full","SBS3",0,0
"TOV3133G","baseline","genome_full","SBS4",39.6903807076013,0.0923271266523057
"TOV3133G","baseline","genome_full","SBS5",179.829753967613,0.418317087778426
"TOV3133G","baseline","genome_full","SBS6",0,0
"TOV3133G","baseline","genome_full","SBS7a",0,0
"TOV3133G","baseline","genome_full","SBS7b",18.2444567978447,0.0424399626167992
"TOV3133G","baseline","genome_full","SBS7c",0,0
"TOV3133G","baseline","genome_full","SBS7d",0,0
"TOV3133G","baseline","genome_full","SBS8",0,0
"TOV3133G","baseline","genome_full","SBS9",0,0
"TOV3133G","baseline","genome_full","SBS10a",0,0
"TOV3133G","baseline","genome_full","SBS10b",0,0
"TOV3133G","baseline","genome_full","SBS10c",0,0
"TOV3133G","baseline","genome_full","SBS10d",0,0
"TOV3133G","baseline","genome_full","SBS11",0,0
"TOV3133G","baseline","genome_full","SBS12",0,0
"TOV3133G","baseline","genome_full","SBS13",0,0
"TOV3133G","baseline","genome_full","SBS14",0,0
"TOV3133G","baseline","genome_full","SBS15",0,0
"TOV3133G","baseline","genome_full","SBS16",0,0
"TOV3133G","baseline","genome_full","SBS17a",0,0
"TOV3133G","baseline","genome_full","SBS17b",0,0
"TOV3133G","baseline","genome_full","SBS18",0,0
"TOV3133G","baseline","genome_full","SBS19",0,0
"TOV3133G","baseline","genome_full","SBS20",0,0
"TOV3133G","baseline","genome_full","SBS21",0,0
"TOV3133G","baseline","genome_full","SBS22",0,0
"TOV3133G","baseline","genome_full","SBS23",0,0
"TOV3133G","baseline","genome_full","SBS24",54.355842034268,0.126441687439633
"TOV3133G","baseline","genome_full","SBS25",0,0
"TOV3133G","baseline","genome_full","SBS26",0,0
"TOV3133G","baseline","genome_full","SBS28",0,0
"TOV3133G","baseline","genome_full","SBS29",0,0
"TOV3133G","baseline","genome_full","SBS30",0,0
"TOV3133G","baseline","genome_full","SBS31",0,0
"TOV3133G","baseline","genome_full","SBS32",0,0
"TOV3133G","baseline","genome_full","SBS33",0,0
"TOV3133G","baseline","genome_full","SBS34",0,0
"TOV3133G","baseline","genome_full","SBS35",38.8175311151291,0.0902967179377537
"TOV3133G","baseline","genome_full","SBS36",0,0
"TOV3133G","baseline","genome_full","SBS37",0,0
"TOV3133G","baseline","genome_full","SBS38",0,0
"TOV3133G","baseline","genome_full","SBS39",37.6259227743665,0.087524817738357
"TOV3133G","baseline","genome_full","SBS40",0,0
"TOV3133G","baseline","genome_full","SBS41",0,0
"TOV3133G","baseline","genome_full","SBS42",0,0
"TOV3133G","baseline","genome_full","SBS44",0,0
"TOV3133G","baseline","genome_full","SBS84",0,0
"TOV3133G","baseline","genome_full","SBS85",0,0
"TOV3133G","baseline","genome_full","SBS86",0,0
"TOV3133G","baseline","genome_full","SBS87",33.7151957056997,0.0784277471904231
"TOV3133G","baseline","genome_full","SBS88",0,0
"TOV3133G","baseline","genome_full","SBS89",0,0
"TOV3133G","baseline","genome_full","SBS90",0,0
"TOV3133G","baseline","genome_full","SBS91",0,0
"TOV3133G","baseline","genome_full","SBS92",0,0
"TOV3133G","baseline","genome_full","SBS93",0,0
"TOV3133G","baseline","genome_full","SBS94",0,0
"OV3331","baseline","genome_full","SBS1",28.9574666220856,0.0966092848775861
"OV3331","baseline","genome_full","SBS2",0,0
"OV3331","baseline","genome_full","SBS3",0,0
"OV3331","baseline","genome_full","SBS4",0,0
"OV3331","baseline","genome_full","SBS5",0,0
"OV3331","baseline","genome_full","SBS6",0,0
"OV3331","baseline","genome_full","SBS7a",0,0
"OV3331","baseline","genome_full","SBS7b",0,0
"OV3331","baseline","genome_full","SBS7c",0,0
"OV3331","baseline","genome_full","SBS7d",0,0
"OV3331","baseline","genome_full","SBS8",0,0
"OV3331","baseline","genome_full","SBS9",0,0
"OV3331","baseline","genome_full","SBS10a",0,0
"OV3331","baseline","genome_full","SBS10b",0,0
"OV3331","baseline","genome_full","SBS10c",0,0
"OV3331","baseline","genome_full","SBS10d",0,0
"OV3331","baseline","genome_full","SBS11",0,0
"OV3331","baseline","genome_full","SBS12",0,0
"OV3331","baseline","genome_full","SBS13",0,0
"OV3331","baseline","genome_full","SBS14",0,0
"OV3331","baseline","genome_full","SBS15",20.229010806852,0.0674889931959863
"OV3331","baseline","genome_full","SBS16",0,0
"OV3331","baseline","genome_full","SBS17a",0,0
"OV3331","baseline","genome_full","SBS17b",0,0
"OV3331","baseline","genome_full","SBS18",0,0
"OV3331","baseline","genome_full","SBS19",0,0
"OV3331","baseline","genome_full","SBS20",0,0
"OV3331","baseline","genome_full","SBS21",0,0
"OV3331","baseline","genome_full","SBS22",0,0
"OV3331","baseline","genome_full","SBS23",0,0
"OV3331","baseline","genome_full","SBS24",88.6730188350146,0.295835165741115
"OV3331","baseline","genome_full","SBS25",0,0
"OV3331","baseline","genome_full","SBS26",50.561888130406,0.16868698902733
"OV3331","baseline","genome_full","SBS28",0,0
"OV3331","baseline","genome_full","SBS29",0,0
"OV3331","baseline","genome_full","SBS30",23.1780775012161,0.0773278105247622
"OV3331","baseline","genome_full","SBS31",24.9840938392312,0.0833531285945342
"OV3331","baseline","genome_full","SBS32",0,0
"OV3331","baseline","genome_full","SBS33",0,0
"OV3331","baseline","genome_full","SBS34",0,0
"OV3331","baseline","genome_full","SBS35",0,0
"OV3331","baseline","genome_full","SBS36",0,0
"OV3331","baseline","genome_full","SBS37",0,0
"OV3331","baseline","genome_full","SBS38",0,0
"OV3331","baseline","genome_full","SBS39",40.8302132577608,0.136219709952911
"OV3331","baseline","genome_full","SBS40",0,0
"OV3331","baseline","genome_full","SBS41",0,0
"OV3331","baseline","genome_full","SBS42",0,0
"OV3331","baseline","genome_full","SBS44",0,0
"OV3331","baseline","genome_full","SBS84",0,0
"OV3331","baseline","genome_full","SBS85",0,0
"OV3331","baseline","genome_full","SBS86",0,0
"OV3331","baseline","genome_full","SBS87",22.3241563919106,0.0744789180857749
"OV3331","baseline","genome_full","SBS88",0,0
"OV3331","baseline","genome_full","SBS89",0,0
"OV3331","baseline","genome_full","SBS90",0,0
"OV3331","baseline","genome_full","SBS91",0,0
"OV3331","baseline","genome_full","SBS92",0,0
"OV3331","baseline","genome_full","SBS93",0,0
"OV3331","baseline","genome_full","SBS94",0,0
"OV90","baseline","genome_full","SBS1",0,0
"OV90","baseline","genome_full","SBS2",0,0
"OV90","baseline","genome_full","SBS3",0,0
"OV90","baseline","genome_full","SBS4",0,0
"OV90","baseline","genome_full","SBS5",135.172478610003,0.242468195280598
"OV90","baseline","genome_full","SBS6",92.8200383531368,0.166497702911068
"OV90","baseline","genome_full","SBS7a",0,0
"OV90","baseline","genome_full","SBS7b",37.5901597556661,0.0674280614662874
"OV90","baseline","genome_full","SBS7c",0,0
"OV90","baseline","genome_full","SBS7d",0,0
"OV90","baseline","genome_full","SBS8",0,0
"OV90","baseline","genome_full","SBS9",0,0
"OV90","baseline","genome_full","SBS10a",0,0
"OV90","baseline","genome_full","SBS10b",0,0
"OV90","baseline","genome_full","SBS10c",0,0
"OV90","baseline","genome_full","SBS10d",0,0
"OV90","baseline","genome_full","SBS11",0,0
"OV90","baseline","genome_full","SBS12",0,0
"OV90","baseline","genome_full","SBS13",0,0
"OV90","baseline","genome_full","SBS14",0,0
"OV90","baseline","genome_full","SBS15",0,0
"OV90","baseline","genome_full","SBS16",0,0
"OV90","baseline","genome_full","SBS17a",0,0
"OV90","baseline","genome_full","SBS17b",0,0
"OV90","baseline","genome_full","SBS18",0,0
"OV90","baseline","genome_full","SBS19",0,0
"OV90","baseline","genome_full","SBS20",0,0
"OV90","baseline","genome_full","SBS21",0,0
"OV90","baseline","genome_full","SBS22",0,0
"OV90","baseline","genome_full","SBS23",0,0
"OV90","baseline","genome_full","SBS24",47.7793229923158,0.0857050661259256
"OV90","baseline","genome_full","SBS25",0,0
"OV90","baseline","genome_full","SBS26",41.4625773675439,0.0743742839472247
"OV90","baseline","genome_full","SBS28",0,0
"OV90","baseline","genome_full","SBS29",52.4851938563349,0.0941463111734054
"OV90","baseline","genome_full","SBS30",0,0
"OV90","baseline","genome_full","SBS31",0,0
"OV90","baseline","genome_full","SBS32",0,0
"OV90","baseline","genome_full","SBS33",0,0
"OV90","baseline","genome_full","SBS34",0,0
"OV90","baseline","genome_full","SBS35",0,0
"OV90","baseline","genome_full","SBS36",0,0
"OV90","baseline","genome_full","SBS37",0,0
"OV90","baseline","genome_full","SBS38",0,0
"OV90","baseline","genome_full","SBS39",64.5780802894567,0.115838155395867
"OV90","baseline","genome_full","SBS40",0,0
"OV90","baseline","genome_full","SBS41",0,0
"OV90","baseline","genome_full","SBS42",0,0
"OV90","baseline","genome_full","SBS44",0,0
"OV90","baseline","genome_full","SBS84",0,0
"OV90","baseline","genome_full","SBS85",0,0
"OV90","baseline","genome_full","SBS86",0,0
"OV90","baseline","genome_full","SBS87",39.3448132032618,0.0705755043419108
"OV90","baseline","genome_full","SBS88",0,0
"OV90","baseline","genome_full","SBS89",46.252734651422,0.0829667193577135
"OV90","baseline","genome_full","SBS90",0,0
"OV90","baseline","genome_full","SBS91",0,0
"OV90","baseline","genome_full","SBS92",0,0
"OV90","baseline","genome_full","SBS93",0,0
"OV90","baseline","genome_full","SBS94",0,0
"TOV81D","baseline","genome_full","SBS1",0,0
"TOV81D","baseline","genome_full","SBS2",0,0
"TOV81D","baseline","genome_full","SBS3",0,0
"TOV81D","baseline","genome_full","SBS4",0,0
"TOV81D","baseline","genome_full","SBS5",315.6098869255,0.553746644064408
"TOV81D","baseline","genome_full","SBS6",55.7717273412987,0.0978531032401065
"TOV81D","baseline","genome_full","SBS7a",0,0
"TOV81D","baseline","genome_full","SBS7b",0,0
"TOV81D","baseline","genome_full","SBS7c",0,0
"TOV81D","baseline","genome_full","SBS7d",0,0
"TOV81D","baseline","genome_full","SBS8",0,0
"TOV81D","baseline","genome_full","SBS9",0,0
"TOV81D","baseline","genome_full","SBS10a",0,0
"TOV81D","baseline","genome_full","SBS10b",0,0
"TOV81D","baseline","genome_full","SBS10c",0,0
"TOV81D","baseline","genome_full","SBS10d",0,0
"TOV81D","baseline","genome_full","SBS11",0,0
"TOV81D","baseline","genome_full","SBS12",0,0
"TOV81D","baseline","genome_full","SBS13",0,0
"TOV81D","baseline","genome_full","SBS14",0,0
"TOV81D","baseline","genome_full","SBS15",0,0
"TOV81D","baseline","genome_full","SBS16",0,0
"TOV81D","baseline","genome_full","SBS17a",0,0
"TOV81D","baseline","genome_full","SBS17b",0,0
"TOV81D","baseline","genome_full","SBS18",0,0
"TOV81D","baseline","genome_full","SBS19",0,0
"TOV81D","baseline","genome_full","SBS20",0,0
"TOV81D","baseline","genome_full","SBS21",0,0
"TOV81D","baseline","genome_full","SBS22",0,0
"TOV81D","baseline","genome_full","SBS23",0,0
"TOV81D","baseline","genome_full","SBS24",0,0
"TOV81D","baseline","genome_full","SBS25",0,0
"TOV81D","baseline","genome_full","SBS26",0,0
"TOV81D","baseline","genome_full","SBS28",0,0
"TOV81D","baseline","genome_full","SBS29",133.965533144326,0.23504638945763
"TOV81D","baseline","genome_full","SBS30",0,0
"TOV81D","baseline","genome_full","SBS31",0,0
"TOV81D","baseline","genome_full","SBS32",0,0
"TOV81D","baseline","genome_full","SBS33",0,0
"TOV81D","baseline","genome_full","SBS34",0,0
"TOV81D","baseline","genome_full","SBS35",0,0
"TOV81D","baseline","genome_full","SBS36",0,0
"TOV81D","baseline","genome_full","SBS37",0,0
"TOV81D","baseline","genome_full","SBS38",0,0
"TOV81D","baseline","genome_full","SBS39",64.6064411270852,0.113353863237855
"TOV81D","baseline","genome_full","SBS40",0,0
"TOV81D","baseline","genome_full","SBS41",0,0
"TOV81D","baseline","genome_full","SBS42",0,0
"TOV81D","baseline","genome_full","SBS44",0,0
"TOV81D","baseline","genome_full","SBS84",0,0
"TOV81D","baseline","genome_full","SBS85",0,0
"TOV81D","baseline","genome_full","SBS86",0,0
"TOV81D","baseline","genome_full","SBS87",0,0
"TOV81D","baseline","genome_full","SBS88",0,0
"TOV81D","baseline","genome_full","SBS89",0,0
"TOV81D","baseline","genome_full","SBS90",0,0
"TOV81D","baseline","genome_full","SBS91",0,0
"TOV81D","baseline","genome_full","SBS92",0,0
"TOV81D","baseline","genome_full","SBS93",0,0
"TOV81D","baseline","genome_full","SBS94",0,0
"TOV21G","baseline","genome_full","SBS1",0,0
"TOV21G","baseline","genome_full","SBS2",0,0
"TOV21G","baseline","genome_full","SBS3",0,0
"TOV21G","baseline","genome_full","SBS4",320.708707090856,0.137080043288631
"TOV21G","baseline","genome_full","SBS5",0,0
"TOV21G","baseline","genome_full","SBS6",1001.27988353834,0.427975563945594
"TOV21G","baseline","genome_full","SBS7a",0,0
"TOV21G","baseline","genome_full","SBS7b",0,0
"TOV21G","baseline","genome_full","SBS7c",0,0
"TOV21G","baseline","genome_full","SBS7d",0,0
"TOV21G","baseline","genome_full","SBS8",0,0
"TOV21G","baseline","genome_full","SBS9",0,0
"TOV21G","baseline","genome_full","SBS10a",0,0
"TOV21G","baseline","genome_full","SBS10b",0,0
"TOV21G","baseline","genome_full","SBS10c",0,0
"TOV21G","baseline","genome_full","SBS10d",0,0
"TOV21G","baseline","genome_full","SBS11",0,0
"TOV21G","baseline","genome_full","SBS12",0,0
"TOV21G","baseline","genome_full","SBS13",0,0
"TOV21G","baseline","genome_full","SBS14",0,0
"TOV21G","baseline","genome_full","SBS15",0,0
"TOV21G","baseline","genome_full","SBS16",0,0
"TOV21G","baseline","genome_full","SBS17a",0,0
"TOV21G","baseline","genome_full","SBS17b",0,0
"TOV21G","baseline","genome_full","SBS18",0,0
"TOV21G","baseline","genome_full","SBS19",0,0
"TOV21G","baseline","genome_full","SBS20",276.401257848602,0.118141776488109
"TOV21G","baseline","genome_full","SBS21",0,0
"TOV21G","baseline","genome_full","SBS22",0,0
"TOV21G","baseline","genome_full","SBS23",0,0
"TOV21G","baseline","genome_full","SBS24",0,0
"TOV21G","baseline","genome_full","SBS25",0,0
"TOV21G","baseline","genome_full","SBS26",437.289348402943,0.186909932544334
"TOV21G","baseline","genome_full","SBS28",0,0
"TOV21G","baseline","genome_full","SBS29",0,0
"TOV21G","baseline","genome_full","SBS30",0,0
"TOV21G","baseline","genome_full","SBS31",0,0
"TOV21G","baseline","genome_full","SBS32",0,0
"TOV21G","baseline","genome_full","SBS33",0,0
"TOV21G","baseline","genome_full","SBS34",0,0
"TOV21G","baseline","genome_full","SBS35",0,0
"TOV21G","baseline","genome_full","SBS36",0,0
"TOV21G","baseline","genome_full","SBS37",0,0
"TOV21G","baseline","genome_full","SBS38",0,0
"TOV21G","baseline","genome_full","SBS39",0,0
"TOV21G","baseline","genome_full","SBS40",0,0
"TOV21G","baseline","genome_full","SBS41",0,0
"TOV21G","baseline","genome_full","SBS42",0,0
"TOV21G","baseline","genome_full","SBS44",0,0
"TOV21G","baseline","genome_full","SBS84",303.893357933696,0.129892683733332
"TOV21G","baseline","genome_full","SBS85",0,0
"TOV21G","baseline","genome_full","SBS86",0,0
"TOV21G","baseline","genome_full","SBS87",0,0
"TOV21G","baseline","genome_full","SBS88",0,0
"TOV21G","baseline","genome_full","SBS89",0,0
"TOV21G","baseline","genome_full","SBS90",0,0
"TOV21G","baseline","genome_full","SBS91",0,0
"TOV21G","baseline","genome_full","SBS92",0,0
"TOV21G","baseline","genome_full","SBS93",0,0
"TOV21G","baseline","genome_full","SBS94",0,0
"TOV3392D","baseline","genome_full","SBS1",0,0
"TOV3392D","baseline","genome_full","SBS2",0,0
"TOV3392D","baseline","genome_full","SBS3",0,0
"TOV3392D","baseline","genome_full","SBS4",0,0
"TOV3392D","baseline","genome_full","SBS5",90.6849699732178,0.215944113536827
"TOV3392D","baseline","genome_full","SBS6",0,0
"TOV3392D","baseline","genome_full","SBS7a",0,0
"TOV3392D","baseline","genome_full","SBS7b",15.4481303913987,0.0367859505732551
"TOV3392D","baseline","genome_full","SBS7c",0,0
"TOV3392D","baseline","genome_full","SBS7d",0,0
"TOV3392D","baseline","genome_full","SBS8",0,0
"TOV3392D","baseline","genome_full","SBS9",0,0
"TOV3392D","baseline","genome_full","SBS10a",0,0
"TOV3392D","baseline","genome_full","SBS10b",0,0
"TOV3392D","baseline","genome_full","SBS10c",0,0
"TOV3392D","baseline","genome_full","SBS10d",0,0
"TOV3392D","baseline","genome_full","SBS11",0,0
"TOV3392D","baseline","genome_full","SBS12",0,0
"TOV3392D","baseline","genome_full","SBS13",15.2251825197942,0.0362550546539778
"TOV3392D","baseline","genome_full","SBS14",18.5504963745759,0.0441734776607301
"TOV3392D","baseline","genome_full","SBS15",52.1989994935589,0.12429917191873
"TOV3392D","baseline","genome_full","SBS16",0,0
"TOV3392D","baseline","genome_full","SBS17a",0,0
"TOV3392D","baseline","genome_full","SBS17b",0,0
"TOV3392D","baseline","genome_full","SBS18",0,0
"TOV3392D","baseline","genome_full","SBS19",0,0
"TOV3392D","baseline","genome_full","SBS20",0,0
"TOV3392D","baseline","genome_full","SBS21",0,0
"TOV3392D","baseline","genome_full","SBS22",0,0
"TOV3392D","baseline","genome_full","SBS23",0,0
"TOV3392D","baseline","genome_full","SBS24",0,0
"TOV3392D","baseline","genome_full","SBS25",17.1556893941111,0.0408520854053167
"TOV3392D","baseline","genome_full","SBS26",0,0
"TOV3392D","baseline","genome_full","SBS28",0,0
"TOV3392D","baseline","genome_full","SBS29",60.0085515562905,0.142895713305956
"TOV3392D","baseline","genome_full","SBS30",36.4958177442877,0.0869058788123252
"TOV3392D","baseline","genome_full","SBS31",0,0
"TOV3392D","baseline","genome_full","SBS32",0,0
"TOV3392D","baseline","genome_full","SBS33",18.1179508782482,0.0431434761754078
"TOV3392D","baseline","genome_full","SBS34",0,0
"TOV3392D","baseline","genome_full","SBS35",0,0
"TOV3392D","baseline","genome_full","SBS36",0,0
"TOV3392D","baseline","genome_full","SBS37",0,0
"TOV3392D","baseline","genome_full","SBS38",0,0
"TOV3392D","baseline","genome_full","SBS39",32.0187247902814,0.0762447751094691
"TOV3392D","baseline","genome_full","SBS40",0,0
"TOV3392D","baseline","genome_full","SBS41",0,0
"TOV3392D","baseline","genome_full","SBS42",0,0
"TOV3392D","baseline","genome_full","SBS44",0,0
"TOV3392D","baseline","genome_full","SBS84",0,0
"TOV3392D","baseline","genome_full","SBS85",0,0
"TOV3392D","baseline","genome_full","SBS86",0,0
"TOV3392D","baseline","genome_full","SBS87",64.041965109271,0.152500302848005
"TOV3392D","baseline","genome_full","SBS88",0,0
"TOV3392D","baseline","genome_full","SBS89",0,0
"TOV3392D","baseline","genome_full","SBS90",0,0
"TOV3392D","baseline","genome_full","SBS91",0,0
"TOV3392D","baseline","genome_full","SBS92",0,0
"TOV3392D","baseline","genome_full","SBS93",0,0
"TOV3392D","baseline","genome_full","SBS94",0,0
"TOV112D","baseline","genome_full","SBS1",0,0
"TOV112D","baseline","genome_full","SBS2",0,0
"TOV112D","baseline","genome_full","SBS3",0,0
"TOV112D","baseline","genome_full","SBS4",0,0
"TOV112D","baseline","genome_full","SBS5",132.561734365333,0.40660416786896
"TOV112D","baseline","genome_full","SBS6",0,0
"TOV112D","baseline","genome_full","SBS7a",0,0
"TOV112D","baseline","genome_full","SBS7b",0,0
"TOV112D","baseline","genome_full","SBS7c",0,0
"TOV112D","baseline","genome_full","SBS7d",0,0
"TOV112D","baseline","genome_full","SBS8",0,0
"TOV112D","baseline","genome_full","SBS9",0,0
"TOV112D","baseline","genome_full","SBS10a",0,0
"TOV112D","baseline","genome_full","SBS10b",0,0
"TOV112D","baseline","genome_full","SBS10c",0,0
"TOV112D","baseline","genome_full","SBS10d",0,0
"TOV112D","baseline","genome_full","SBS11",0,0
"TOV112D","baseline","genome_full","SBS12",0,0
"TOV112D","baseline","genome_full","SBS13",0,0
"TOV112D","baseline","genome_full","SBS14",0,0
"TOV112D","baseline","genome_full","SBS15",39.4988763131582,0.121154176293508
"TOV112D","baseline","genome_full","SBS16",0,0
"TOV112D","baseline","genome_full","SBS17a",0,0
"TOV112D","baseline","genome_full","SBS17b",0,0
"TOV112D","baseline","genome_full","SBS18",0,0
"TOV112D","baseline","genome_full","SBS19",0,0
"TOV112D","baseline","genome_full","SBS20",0,0
"TOV112D","baseline","genome_full","SBS21",0,0
"TOV112D","baseline","genome_full","SBS22",0,0
"TOV112D","baseline","genome_full","SBS23",0,0
"TOV112D","baseline","genome_full","SBS24",0,0
"TOV112D","baseline","genome_full","SBS25",33.4213036812431,0.102512549624287
"TOV112D","baseline","genome_full","SBS26",0,0
"TOV112D","baseline","genome_full","SBS28",0,0
"TOV112D","baseline","genome_full","SBS29",59.6493166126549,0.182961250932332
"TOV112D","baseline","genome_full","SBS30",19.2031464854568,0.0589014577590415
"TOV112D","baseline","genome_full","SBS31",0,0
"TOV112D","baseline","genome_full","SBS32",0,0
"TOV112D","baseline","genome_full","SBS33",0,0
"TOV112D","baseline","genome_full","SBS34",0,0
"TOV112D","baseline","genome_full","SBS35",0,0
"TOV112D","baseline","genome_full","SBS36",0,0
"TOV112D","baseline","genome_full","SBS37",0,0
"TOV112D","baseline","genome_full","SBS38",0,0
"TOV112D","baseline","genome_full","SBS39",0,0
"TOV112D","baseline","genome_full","SBS40",0,0
"TOV112D","baseline","genome_full","SBS41",0,0
"TOV112D","baseline","genome_full","SBS42",0,0
"TOV112D","baseline","genome_full","SBS44",0,0
"TOV112D","baseline","genome_full","SBS84",0,0
"TOV112D","baseline","genome_full","SBS85",0,0
"TOV112D","baseline","genome_full","SBS86",0,0
"TOV112D","baseline","genome_full","SBS87",41.6872053018626,0.127866397521872
"TOV112D","baseline","genome_full","SBS88",0,0
"TOV112D","baseline","genome_full","SBS89",0,0
"TOV112D","baseline","genome_full","SBS90",0,0
"TOV112D","baseline","genome_full","SBS91",0,0
"TOV112D","baseline","genome_full","SBS92",0,0
"TOV112D","baseline","genome_full","SBS93",0,0
"TOV112D","baseline","genome_full","SBS94",0,0
"TOV2414","baseline","genome_full","SBS1",0,0
"TOV2414","baseline","genome_full","SBS2",0,0
"TOV2414","baseline","genome_full","SBS3",0,0
"TOV2414","baseline","genome_full","SBS4",27.5722525622105,0.0751301601988052
"TOV2414","baseline","genome_full","SBS5",166.132714149226,0.452686170639553
"TOV2414","baseline","genome_full","SBS6",52.4464245443718,0.14290846455083
"TOV2414","baseline","genome_full","SBS7a",0,0
"TOV2414","baseline","genome_full","SBS7b",19.9390704947396,0.0543309095658799
"TOV2414","baseline","genome_full","SBS7c",0,0
"TOV2414","baseline","genome_full","SBS7d",0,0
"TOV2414","baseline","genome_full","SBS8",0,0
"TOV2414","baseline","genome_full","SBS9",0,0
"TOV2414","baseline","genome_full","SBS10a",0,0
"TOV2414","baseline","genome_full","SBS10b",0,0
"TOV2414","baseline","genome_full","SBS10c",0,0
"TOV2414","baseline","genome_full","SBS10d",0,0
"TOV2414","baseline","genome_full","SBS11",0,0
"TOV2414","baseline","genome_full","SBS12",0,0
"TOV2414","baseline","genome_full","SBS13",0,0
"TOV2414","baseline","genome_full","SBS14",0,0
"TOV2414","baseline","genome_full","SBS15",0,0
"TOV2414","baseline","genome_full","SBS16",0,0
"TOV2414","baseline","genome_full","SBS17a",0,0
"TOV2414","baseline","genome_full","SBS17b",0,0
"TOV2414","baseline","genome_full","SBS18",0,0
"TOV2414","baseline","genome_full","SBS19",0,0
"TOV2414","baseline","genome_full","SBS20",0,0
"TOV2414","baseline","genome_full","SBS21",0,0
"TOV2414","baseline","genome_full","SBS22",0,0
"TOV2414","baseline","genome_full","SBS23",0,0
"TOV2414","baseline","genome_full","SBS24",0,0
"TOV2414","baseline","genome_full","SBS25",0,0
"TOV2414","baseline","genome_full","SBS26",0,0
"TOV2414","baseline","genome_full","SBS28",0,0
"TOV2414","baseline","genome_full","SBS29",57.9672225811963,0.15795179262118
"TOV2414","baseline","genome_full","SBS30",0,0
"TOV2414","baseline","genome_full","SBS31",0,0
"TOV2414","baseline","genome_full","SBS32",0,0
"TOV2414","baseline","genome_full","SBS33",0,0
"TOV2414","baseline","genome_full","SBS34",0,0
"TOV2414","baseline","genome_full","SBS35",0,0
"TOV2414","baseline","genome_full","SBS36",0,0
"TOV2414","baseline","genome_full","SBS37",0,0
"TOV2414","baseline","genome_full","SBS38",0,0
"TOV2414","baseline","genome_full","SBS39",0,0
"TOV2414","baseline","genome_full","SBS40",0,0
"TOV2414","baseline","genome_full","SBS41",0,0
"TOV2414","baseline","genome_full","SBS42",0,0
"TOV2414","baseline","genome_full","SBS44",0,0
"TOV2414","baseline","genome_full","SBS84",0,0
"TOV2414","baseline","genome_full","SBS85",0,0
"TOV2414","baseline","genome_full","SBS86",0,0
"TOV2414","baseline","genome_full","SBS87",42.9354445162491,0.116992502423752
"TOV2414","baseline","genome_full","SBS88",0,0
"TOV2414","baseline","genome_full","SBS89",0,0
"TOV2414","baseline","genome_full","SBS90",0,0
"TOV2414","baseline","genome_full","SBS91",0,0
"TOV2414","baseline","genome_full","SBS92",0,0
"TOV2414","baseline","genome_full","SBS93",0,0
"TOV2414","baseline","genome_full","SBS94",0,0
"OV1369-R2","rare","genome_full","SBS1",0,0
"OV1369-R2","rare","genome_full","SBS2",0,0
"OV1369-R2","rare","genome_full","SBS3",146.043885950718,0.308434187128903
"OV1369-R2","rare","genome_full","SBS4",0,0
"OV1369-R2","rare","genome_full","SBS5",0,0
"OV1369-R2","rare","genome_full","SBS6",52.3533594194439,0.110566531086775
"OV1369-R2","rare","genome_full","SBS7a",0,0
"OV1369-R2","rare","genome_full","SBS7b",0,0
"OV1369-R2","rare","genome_full","SBS7c",0,0
"OV1369-R2","rare","genome_full","SBS7d",0,0
"OV1369-R2","rare","genome_full","SBS8",60.3369133776428,0.127427223059377
"OV1369-R2","rare","genome_full","SBS9",0,0
"OV1369-R2","rare","genome_full","SBS10a",0,0
"OV1369-R2","rare","genome_full","SBS10b",0,0
"OV1369-R2","rare","genome_full","SBS10c",0,0
"OV1369-R2","rare","genome_full","SBS10d",0,0
"OV1369-R2","rare","genome_full","SBS11",0,0
"OV1369-R2","rare","genome_full","SBS12",0,0
"OV1369-R2","rare","genome_full","SBS13",0,0
"OV1369-R2","rare","genome_full","SBS14",0,0
"OV1369-R2","rare","genome_full","SBS15",0,0
"OV1369-R2","rare","genome_full","SBS16",0,0
"OV1369-R2","rare","genome_full","SBS17a",0,0
"OV1369-R2","rare","genome_full","SBS17b",0,0
"OV1369-R2","rare","genome_full","SBS18",0,0
"OV1369-R2","rare","genome_full","SBS19",0,0
"OV1369-R2","rare","genome_full","SBS20",0,0
"OV1369-R2","rare","genome_full","SBS21",0,0
"OV1369-R2","rare","genome_full","SBS22",0,0
"OV1369-R2","rare","genome_full","SBS23",0,0
"OV1369-R2","rare","genome_full","SBS24",47.1459813797431,0.0995689230575696
"OV1369-R2","rare","genome_full","SBS25",0,0
"OV1369-R2","rare","genome_full","SBS26",0,0
"OV1369-R2","rare","genome_full","SBS28",0,0
"OV1369-R2","rare","genome_full","SBS29",30.5191094632778,0.0644541649787418
"OV1369-R2","rare","genome_full","SBS30",36.5668916381552,0.0772266461195848
"OV1369-R2","rare","genome_full","SBS31",0,0
"OV1369-R2","rare","genome_full","SBS32",30.4178174460123,0.0642402435207873
"OV1369-R2","rare","genome_full","SBS33",0,0
"OV1369-R2","rare","genome_full","SBS34",0,0
"OV1369-R2","rare","genome_full","SBS35",0,0
"OV1369-R2","rare","genome_full","SBS36",0,0
"OV1369-R2","rare","genome_full","SBS37",0,0
"OV1369-R2","rare","genome_full","SBS38",0,0
"OV1369-R2","rare","genome_full","SBS39",70.1170086146087,0.148082081048261
"OV1369-R2","rare","genome_full","SBS40",0,0
"OV1369-R2","rare","genome_full","SBS41",0,0
"OV1369-R2","rare","genome_full","SBS42",0,0
"OV1369-R2","rare","genome_full","SBS44",0,0
"OV1369-R2","rare","genome_full","SBS84",0,0
"OV1369-R2","rare","genome_full","SBS85",0,0
"OV1369-R2","rare","genome_full","SBS86",0,0
"OV1369-R2","rare","genome_full","SBS87",0,0
"OV1369-R2","rare","genome_full","SBS88",0,0
"OV1369-R2","rare","genome_full","SBS89",0,0
"OV1369-R2","rare","genome_full","SBS90",0,0
"OV1369-R2","rare","genome_full","SBS91",0,0
"OV1369-R2","rare","genome_full","SBS92",0,0
"OV1369-R2","rare","genome_full","SBS93",0,0
"OV1369-R2","rare","genome_full","SBS94",0,0
"OV2085","rare","genome_full","SBS1",0,0
"OV2085","rare","genome_full","SBS2",0,0
"OV2085","rare","genome_full","SBS3",0,0
"OV2085","rare","genome_full","SBS4",30.8185078463688,0.0855863935238055
"OV2085","rare","genome_full","SBS5",84.5872359718747,0.23490807864771
"OV2085","rare","genome_full","SBS6",0,0
"OV2085","rare","genome_full","SBS7a",0,0
"OV2085","rare","genome_full","SBS7b",0,0
"OV2085","rare","genome_full","SBS7c",0,0
"OV2085","rare","genome_full","SBS7d",0,0
"OV2085","rare","genome_full","SBS8",0,0
"OV2085","rare","genome_full","SBS9",0,0
"OV2085","rare","genome_full","SBS10a",0,0
"OV2085","rare","genome_full","SBS10b",0,0
"OV2085","rare","genome_full","SBS10c",0,0
"OV2085","rare","genome_full","SBS10d",0,0
"OV2085","rare","genome_full","SBS11",0,0
"OV2085","rare","genome_full","SBS12",0,0
"OV2085","rare","genome_full","SBS13",0,0
"OV2085","rare","genome_full","SBS14",0,0
"OV2085","rare","genome_full","SBS15",20.9340863897364,0.0581362655435773
"OV2085","rare","genome_full","SBS16",0,0
"OV2085","rare","genome_full","SBS17a",0,0
"OV2085","rare","genome_full","SBS17b",0,0
"OV2085","rare","genome_full","SBS18",0,0
"OV2085","rare","genome_full","SBS19",0,0
"OV2085","rare","genome_full","SBS20",0,0
"OV2085","rare","genome_full","SBS21",0,0
"OV2085","rare","genome_full","SBS22",0,0
"OV2085","rare","genome_full","SBS23",0,0
"OV2085","rare","genome_full","SBS24",40.8105953712065,0.113335522043856
"OV2085","rare","genome_full","SBS25",0,0
"OV2085","rare","genome_full","SBS26",0,0
"OV2085","rare","genome_full","SBS28",0,0
"OV2085","rare","genome_full","SBS29",0,0
"OV2085","rare","genome_full","SBS30",24.4093801499281,0.0677875394097014
"OV2085","rare","genome_full","SBS31",44.395172553651,0.123290288020279
"OV2085","rare","genome_full","SBS32",0,0
"OV2085","rare","genome_full","SBS33",0,0
"OV2085","rare","genome_full","SBS34",0,0
"OV2085","rare","genome_full","SBS35",0,0
"OV2085","rare","genome_full","SBS36",0,0
"OV2085","rare","genome_full","SBS37",0,0
"OV2085","rare","genome_full","SBS38",0,0
"OV2085","rare","genome_full","SBS39",0,0
"OV2085","rare","genome_full","SBS40",89.1541264717872,0.247590836990655
"OV2085","rare","genome_full","SBS41",0,0
"OV2085","rare","genome_full","SBS42",0,0
"OV2085","rare","genome_full","SBS44",0,0
"OV2085","rare","genome_full","SBS84",0,0
"OV2085","rare","genome_full","SBS85",0,0
"OV2085","rare","genome_full","SBS86",0,0
"OV2085","rare","genome_full","SBS87",24.9774297691474,0.0693650758204163
"OV2085","rare","genome_full","SBS88",0,0
"OV2085","rare","genome_full","SBS89",0,0
"OV2085","rare","genome_full","SBS90",0,0
"OV2085","rare","genome_full","SBS91",0,0
"OV2085","rare","genome_full","SBS92",0,0
"OV2085","rare","genome_full","SBS93",0,0
"OV2085","rare","genome_full","SBS94",0,0
"OV2295","rare","genome_full","SBS1",0,0
"OV2295","rare","genome_full","SBS2",9.90433437121825,0.0326828384346782
"OV2295","rare","genome_full","SBS3",0,0
"OV2295","rare","genome_full","SBS4",0,0
"OV2295","rare","genome_full","SBS5",0,0
"OV2295","rare","genome_full","SBS6",0,0
"OV2295","rare","genome_full","SBS7a",0,0
"OV2295","rare","genome_full","SBS7b",0,0
"OV2295","rare","genome_full","SBS7c",0,0
"OV2295","rare","genome_full","SBS7d",0,0
"OV2295","rare","genome_full","SBS8",0,0
"OV2295","rare","genome_full","SBS9",0,0
"OV2295","rare","genome_full","SBS10a",0,0
"OV2295","rare","genome_full","SBS10b",0,0
"OV2295","rare","genome_full","SBS10c",0,0
"OV2295","rare","genome_full","SBS10d",0,0
"OV2295","rare","genome_full","SBS11",0,0
"OV2295","rare","genome_full","SBS12",30.3092694771473,0.100016106107379
"OV2295","rare","genome_full","SBS13",0,0
"OV2295","rare","genome_full","SBS14",0,0
"OV2295","rare","genome_full","SBS15",10.3358803200565,0.0341068762341296
"OV2295","rare","genome_full","SBS16",0,0
"OV2295","rare","genome_full","SBS17a",0,0
"OV2295","rare","genome_full","SBS17b",0,0
"OV2295","rare","genome_full","SBS18",0,0
"OV2295","rare","genome_full","SBS19",0,0
"OV2295","rare","genome_full","SBS20",0,0
"OV2295","rare","genome_full","SBS21",0,0
"OV2295","rare","genome_full","SBS22",0,0
"OV2295","rare","genome_full","SBS23",0,0
"OV2295","rare","genome_full","SBS24",66.3835383003833,0.219055857332373
"OV2295","rare","genome_full","SBS25",0,0
"OV2295","rare","genome_full","SBS26",0,0
"OV2295","rare","genome_full","SBS28",0,0
"OV2295","rare","genome_full","SBS29",0,0
"OV2295","rare","genome_full","SBS30",0,0
"OV2295","rare","genome_full","SBS31",36.8850159260578,0.121715096743407
"OV2295","rare","genome_full","SBS32",23.0837585437303,0.0761729887817856
"OV2295","rare","genome_full","SBS33",0,0
"OV2295","rare","genome_full","SBS34",0,0
"OV2295","rare","genome_full","SBS35",0,0
"OV2295","rare","genome_full","SBS36",0,0
"OV2295","rare","genome_full","SBS37",0,0
"OV2295","rare","genome_full","SBS38",0,0
"OV2295","rare","genome_full","SBS39",60.022619864568,0.198065767363475
"OV2295","rare","genome_full","SBS40",0,0
"OV2295","rare","genome_full","SBS41",0,0
"OV2295","rare","genome_full","SBS42",0,0
"OV2295","rare","genome_full","SBS44",0,0
"OV2295","rare","genome_full","SBS84",0,0
"OV2295","rare","genome_full","SBS85",0,0
"OV2295","rare","genome_full","SBS86",0,0
"OV2295","rare","genome_full","SBS87",28.1080159257118,0.0927522949839995
"OV2295","rare","genome_full","SBS88",0,0
"OV2295","rare","genome_full","SBS89",38.0114534688819,0.125432174018773
"OV2295","rare","genome_full","SBS90",0,0
"OV2295","rare","genome_full","SBS91",0,0
"OV2295","rare","genome_full","SBS92",0,0
"OV2295","rare","genome_full","SBS93",0,0
"OV2295","rare","genome_full","SBS94",0,0
"OV2295-R2","rare","genome_full","SBS1",0,0
"OV2295-R2","rare","genome_full","SBS2",0,0
"OV2295-R2","rare","genome_full","SBS3",0,0
"OV2295-R2","rare","genome_full","SBS4",39.7415058591311,0.0893149286939323
"OV2295-R2","rare","genome_full","SBS5",0,0
"OV2295-R2","rare","genome_full","SBS6",0,0
"OV2295-R2","rare","genome_full","SBS7a",0,0
"OV2295-R2","rare","genome_full","SBS7b",0,0
"OV2295-R2","rare","genome_full","SBS7c",0,0
"OV2295-R2","rare","genome_full","SBS7d",0,0
"OV2295-R2","rare","genome_full","SBS8",0,0
"OV2295-R2","rare","genome_full","SBS9",0,0
"OV2295-R2","rare","genome_full","SBS10a",0,0
"OV2295-R2","rare","genome_full","SBS10b",0,0
"OV2295-R2","rare","genome_full","SBS10c",0,0
"OV2295-R2","rare","genome_full","SBS10d",0,0
"OV2295-R2","rare","genome_full","SBS11",0,0
"OV2295-R2","rare","genome_full","SBS12",0,0
"OV2295-R2","rare","genome_full","SBS13",0,0
"OV2295-R2","rare","genome_full","SBS14",0,0
"OV2295-R2","rare","genome_full","SBS15",30.2637838655219,0.0680147276637888
"OV2295-R2","rare","genome_full","SBS16",0,0
"OV2295-R2","rare","genome_full","SBS17a",0,0
"OV2295-R2","rare","genome_full","SBS17b",0,0
"OV2295-R2","rare","genome_full","SBS18",0,0
"OV2295-R2","rare","genome_full","SBS19",0,0
"OV2295-R2","rare","genome_full","SBS20",0,0
"OV2295-R2","rare","genome_full","SBS21",0,0
"OV2295-R2","rare","genome_full","SBS22",0,0
"OV2295-R2","rare","genome_full","SBS23",0,0
"OV2295-R2","rare","genome_full","SBS24",38.9260708969339,0.0874823228595852
"OV2295-R2","rare","genome_full","SBS25",0,0
"OV2295-R2","rare","genome_full","SBS26",0,0
"OV2295-R2","rare","genome_full","SBS28",0,0
"OV2295-R2","rare","genome_full","SBS29",55.0738265636429,0.123772735483892
"OV2295-R2","rare","genome_full","SBS30",0,0
"OV2295-R2","rare","genome_full","SBS31",48.7904368004217,0.109651466132712
"OV2295-R2","rare","genome_full","SBS32",0,0
"OV2295-R2","rare","genome_full","SBS33",0,0
"OV2295-R2","rare","genome_full","SBS34",0,0
"OV2295-R2","rare","genome_full","SBS35",0,0
"OV2295-R2","rare","genome_full","SBS36",0,0
"OV2295-R2","rare","genome_full","SBS37",0,0
"OV2295-R2","rare","genome_full","SBS38",0,0
"OV2295-R2","rare","genome_full","SBS39",0,0
"OV2295-R2","rare","genome_full","SBS40",141.25920216657,0.317465463276354
"OV2295-R2","rare","genome_full","SBS41",0,0
"OV2295-R2","rare","genome_full","SBS42",0,0
"OV2295-R2","rare","genome_full","SBS44",0,0
"OV2295-R2","rare","genome_full","SBS84",0,0
"OV2295-R2","rare","genome_full","SBS85",0,0
"OV2295-R2","rare","genome_full","SBS86",0,0
"OV2295-R2","rare","genome_full","SBS87",0,0
"OV2295-R2","rare","genome_full","SBS88",0,0
"OV2295-R2","rare","genome_full","SBS89",90.9044481849808,0.204298355889737
"OV2295-R2","rare","genome_full","SBS90",0,0
"OV2295-R2","rare","genome_full","SBS91",0,0
"OV2295-R2","rare","genome_full","SBS92",0,0
"OV2295-R2","rare","genome_full","SBS93",0,0
"OV2295-R2","rare","genome_full","SBS94",0,0
"OV3133-R","rare","genome_full","SBS1",0,0
"OV3133-R","rare","genome_full","SBS2",0,0
"OV3133-R","rare","genome_full","SBS3",0,0
"OV3133-R","rare","genome_full","SBS4",0,0
"OV3133-R","rare","genome_full","SBS5",0,0
"OV3133-R","rare","genome_full","SBS6",21.3329217966549,0.0646103511366101
"OV3133-R","rare","genome_full","SBS7a",18.5882662170954,0.0562976988691555
"OV3133-R","rare","genome_full","SBS7b",0,0
"OV3133-R","rare","genome_full","SBS7c",0,0
"OV3133-R","rare","genome_full","SBS7d",0,0
"OV3133-R","rare","genome_full","SBS8",0,0
"OV3133-R","rare","genome_full","SBS9",0,0
"OV3133-R","rare","genome_full","SBS10a",0,0
"OV3133-R","rare","genome_full","SBS10b",0,0
"OV3133-R","rare","genome_full","SBS10c",0,0
"OV3133-R","rare","genome_full","SBS10d",0,0
"OV3133-R","rare","genome_full","SBS11",0,0
"OV3133-R","rare","genome_full","SBS12",31.8581109880455,0.0964876615171147
"OV3133-R","rare","genome_full","SBS13",0,0
"OV3133-R","rare","genome_full","SBS14",0,0
"OV3133-R","rare","genome_full","SBS15",0,0
"OV3133-R","rare","genome_full","SBS16",0,0
"OV3133-R","rare","genome_full","SBS17a",0,0
"OV3133-R","rare","genome_full","SBS17b",0,0
"OV3133-R","rare","genome_full","SBS18",0,0
"OV3133-R","rare","genome_full","SBS19",0,0
"OV3133-R","rare","genome_full","SBS20",0,0
"OV3133-R","rare","genome_full","SBS21",0,0
"OV3133-R","rare","genome_full","SBS22",0,0
"OV3133-R","rare","genome_full","SBS23",0,0
"OV3133-R","rare","genome_full","SBS24",49.3830601121792,0.149564925257849
"OV3133-R","rare","genome_full","SBS25",0,0
"OV3133-R","rare","genome_full","SBS26",0,0
"OV3133-R","rare","genome_full","SBS28",0,0
"OV3133-R","rare","genome_full","SBS29",0,0
"OV3133-R","rare","genome_full","SBS30",0,0
"OV3133-R","rare","genome_full","SBS31",0,0
"OV3133-R","rare","genome_full","SBS32",0,0
"OV3133-R","rare","genome_full","SBS33",0,0
"OV3133-R","rare","genome_full","SBS34",0,0
"OV3133-R","rare","genome_full","SBS35",46.2835817507021,0.140177632359847
"OV3133-R","rare","genome_full","SBS36",0,0
"OV3133-R","rare","genome_full","SBS37",0,0
"OV3133-R","rare","genome_full","SBS38",20.5591657862709,0.0622669005768837
"OV3133-R","rare","genome_full","SBS39",0,0
"OV3133-R","rare","genome_full","SBS40",119.896474865743,0.363126692862678
"OV3133-R","rare","genome_full","SBS41",0,0
"OV3133-R","rare","genome_full","SBS42",0,0
"OV3133-R","rare","genome_full","SBS44",0,0
"OV3133-R","rare","genome_full","SBS84",0,0
"OV3133-R","rare","genome_full","SBS85",0,0
"OV3133-R","rare","genome_full","SBS86",0,0
"OV3133-R","rare","genome_full","SBS87",22.2765001895852,0.0674681374198612
"OV3133-R","rare","genome_full","SBS88",0,0
"OV3133-R","rare","genome_full","SBS89",0,0
"OV3133-R","rare","genome_full","SBS90",0,0
"OV3133-R","rare","genome_full","SBS91",0,0
"OV3133-R","rare","genome_full","SBS92",0,0
"OV3133-R","rare","genome_full","SBS93",0,0
"OV3133-R","rare","genome_full","SBS94",0,0
"OV3133-R2","rare","genome_full","SBS1",0,0
"OV3133-R2","rare","genome_full","SBS2",0,0
"OV3133-R2","rare","genome_full","SBS3",74.4721177349789,0.261250229246724
"OV3133-R2","rare","genome_full","SBS4",0,0
"OV3133-R2","rare","genome_full","SBS5",0,0
"OV3133-R2","rare","genome_full","SBS6",0,0
"OV3133-R2","rare","genome_full","SBS7a",0,0
"OV3133-R2","rare","genome_full","SBS7b",0,0
"OV3133-R2","rare","genome_full","SBS7c",0,0
"OV3133-R2","rare","genome_full","SBS7d",0,0
"OV3133-R2","rare","genome_full","SBS8",0,0
"OV3133-R2","rare","genome_full","SBS9",0,0
"OV3133-R2","rare","genome_full","SBS10a",0,0
"OV3133-R2","rare","genome_full","SBS10b",0,0
"OV3133-R2","rare","genome_full","SBS10c",0,0
"OV3133-R2","rare","genome_full","SBS10d",0,0
"OV3133-R2","rare","genome_full","SBS11",0,0
"OV3133-R2","rare","genome_full","SBS12",24.8188368956881,0.0870651597650231
"OV3133-R2","rare","genome_full","SBS13",0,0
"OV3133-R2","rare","genome_full","SBS14",0,0
"OV3133-R2","rare","genome_full","SBS15",0,0
"OV3133-R2","rare","genome_full","SBS16",0,0
"OV3133-R2","rare","genome_full","SBS17a",0,0
"OV3133-R2","rare","genome_full","SBS17b",0,0
"OV3133-R2","rare","genome_full","SBS18",47.7935586678057,0.167661113155325
"OV3133-R2","rare","genome_full","SBS19",0,0
"OV3133-R2","rare","genome_full","SBS20",0,0
"OV3133-R2","rare","genome_full","SBS21",0,0
"OV3133-R2","rare","genome_full","SBS22",0,0
"OV3133-R2","rare","genome_full","SBS23",0,0
"OV3133-R2","rare","genome_full","SBS24",0,0
"OV3133-R2","rare","genome_full","SBS25",0,0
"OV3133-R2","rare","genome_full","SBS26",0,0
"OV3133-R2","rare","genome_full","SBS28",0,0
"OV3133-R2","rare","genome_full","SBS29",0,0
"OV3133-R2","rare","genome_full","SBS30",34.2624361280962,0.12019356458843
"OV3133-R2","rare","genome_full","SBS31",0,0
"OV3133-R2","rare","genome_full","SBS32",0,0
"OV3133-R2","rare","genome_full","SBS33",0,0
"OV3133-R2","rare","genome_full","SBS34",0,0
"OV3133-R2","rare","genome_full","SBS35",38.9395276396507,0.136600929744203
"OV3133-R2","rare","genome_full","SBS36",0,0
"OV3133-R2","rare","genome_full","SBS37",0,0
"OV3133-R2","rare","genome_full","SBS38",0,0
"OV3133-R2","rare","genome_full","SBS39",0,0
"OV3133-R2","rare","genome_full","SBS40",0,0
"OV3133-R2","rare","genome_full","SBS41",0,0
"OV3133-R2","rare","genome_full","SBS42",0,0
"OV3133-R2","rare","genome_full","SBS44",32.7876492789661,0.115019971918534
"OV3133-R2","rare","genome_full","SBS84",0,0
"OV3133-R2","rare","genome_full","SBS85",0,0
"OV3133-R2","rare","genome_full","SBS86",0,0
"OV3133-R2","rare","genome_full","SBS87",31.9863612559476,0.11220903158176
"OV3133-R2","rare","genome_full","SBS88",0,0
"OV3133-R2","rare","genome_full","SBS89",0,0
"OV3133-R2","rare","genome_full","SBS90",0,0
"OV3133-R2","rare","genome_full","SBS91",0,0
"OV3133-R2","rare","genome_full","SBS92",0,0
"OV3133-R2","rare","genome_full","SBS93",0,0
"OV3133-R2","rare","genome_full","SBS94",0,0
"OV3291","rare","genome_full","SBS1",0,0
"OV3291","rare","genome_full","SBS2",0,0
"OV3291","rare","genome_full","SBS3",0,0
"OV3291","rare","genome_full","SBS4",26.5421098520542,0.0753383006562429
"OV3291","rare","genome_full","SBS5",0,0
"OV3291","rare","genome_full","SBS6",0,0
"OV3291","rare","genome_full","SBS7a",18.1396182841123,0.0514882962844856
"OV3291","rare","genome_full","SBS7b",0,0
"OV3291","rare","genome_full","SBS7c",0,0
"OV3291","rare","genome_full","SBS7d",0,0
"OV3291","rare","genome_full","SBS8",18.3074194714758,0.0519645906097874
"OV3291","rare","genome_full","SBS9",0,0
"OV3291","rare","genome_full","SBS10a",0,0
"OV3291","rare","genome_full","SBS10b",0,0
"OV3291","rare","genome_full","SBS10c",0,0
"OV3291","rare","genome_full","SBS10d",0,0
"OV3291","rare","genome_full","SBS11",0,0
"OV3291","rare","genome_full","SBS12",0,0
"OV3291","rare","genome_full","SBS13",0,0
"OV3291","rare","genome_full","SBS14",0,0
"OV3291","rare","genome_full","SBS15",0,0
"OV3291","rare","genome_full","SBS16",0,0
"OV3291","rare","genome_full","SBS17a",0,0
"OV3291","rare","genome_full","SBS17b",0,0
"OV3291","rare","genome_full","SBS18",0,0
"OV3291","rare","genome_full","SBS19",20.1982039563704,0.0573314770703272
"OV3291","rare","genome_full","SBS20",0,0
"OV3291","rare","genome_full","SBS21",0,0
"OV3291","rare","genome_full","SBS22",0,0
"OV3291","rare","genome_full","SBS23",0,0
"OV3291","rare","genome_full","SBS24",63.510378161387,0.180270671449427
"OV3291","rare","genome_full","SBS25",0,0
"OV3291","rare","genome_full","SBS26",0,0
"OV3291","rare","genome_full","SBS28",0,0
"OV3291","rare","genome_full","SBS29",0,0
"OV3291","rare","genome_full","SBS30",0,0
"OV3291","rare","genome_full","SBS31",0,0
"OV3291","rare","genome_full","SBS32",0,0
"OV3291","rare","genome_full","SBS33",0,0
"OV3291","rare","genome_full","SBS34",0,0
"OV3291","rare","genome_full","SBS35",0,0
"OV3291","rare","genome_full","SBS36",0,0
"OV3291","rare","genome_full","SBS37",33.4568332285652,0.0949653578720438
"OV3291","rare","genome_full","SBS38",0,0
"OV3291","rare","genome_full","SBS39",34.662173759227,0.0983866498416092
"OV3291","rare","genome_full","SBS40",0,0
"OV3291","rare","genome_full","SBS41",0,0
"OV3291","rare","genome_full","SBS42",0,0
"OV3291","rare","genome_full","SBS44",52.9938115648467,0.150419982844119
"OV3291","rare","genome_full","SBS84",0,0
"OV3291","rare","genome_full","SBS85",0,0
"OV3291","rare","genome_full","SBS86",11.9709523465578,0.0339788815604171
"OV3291","rare","genome_full","SBS87",30.4541306719177,0.0864423538887538
"OV3291","rare","genome_full","SBS88",0,0
"OV3291","rare","genome_full","SBS89",31.9185751011339,0.0905990978445894
"OV3291","rare","genome_full","SBS90",0,0
"OV3291","rare","genome_full","SBS91",10.15145514311,0.0288143400781982
"OV3291","rare","genome_full","SBS92",0,0
"OV3291","rare","genome_full","SBS93",0,0
"OV3291","rare","genome_full","SBS94",0,0
"TOV1369","rare","genome_full","SBS1",0,0
"TOV1369","rare","genome_full","SBS2",0,0
"TOV1369","rare","genome_full","SBS3",65.4035092016578,0.116867058405551
"TOV1369","rare","genome_full","SBS4",35.8214566330548,0.0640080068425595
"TOV1369","rare","genome_full","SBS5",0,0
"TOV1369","rare","genome_full","SBS6",38.9515088340304,0.0696009788076565
"TOV1369","rare","genome_full","SBS7a",0,0
"TOV1369","rare","genome_full","SBS7b",0,0
"TOV1369","rare","genome_full","SBS7c",0,0
"TOV1369","rare","genome_full","SBS7d",0,0
"TOV1369","rare","genome_full","SBS8",92.7151004711177,0.165669108494257
"TOV1369","rare","genome_full","SBS9",0,0
"TOV1369","rare","genome_full","SBS10a",0,0
"TOV1369","rare","genome_full","SBS10b",0,0
"TOV1369","rare","genome_full","SBS10c",0,0
"TOV1369","rare","genome_full","SBS10d",0,0
"TOV1369","rare","genome_full","SBS11",0,0
"TOV1369","rare","genome_full","SBS12",32.7227187112635,0.0584709891792887
"TOV1369","rare","genome_full","SBS13",0,0
"TOV1369","rare","genome_full","SBS14",0,0
"TOV1369","rare","genome_full","SBS15",0,0
"TOV1369","rare","genome_full","SBS16",0,0
"TOV1369","rare","genome_full","SBS17a",0,0
"TOV1369","rare","genome_full","SBS17b",0,0
"TOV1369","rare","genome_full","SBS18",0,0
"TOV1369","rare","genome_full","SBS19",0,0
"TOV1369","rare","genome_full","SBS20",0,0
"TOV1369","rare","genome_full","SBS21",0,0
"TOV1369","rare","genome_full","SBS22",0,0
"TOV1369","rare","genome_full","SBS23",0,0
"TOV1369","rare","genome_full","SBS24",72.5280395475584,0.129597612380556
"TOV1369","rare","genome_full","SBS25",0,0
"TOV1369","rare","genome_full","SBS26",0,0
"TOV1369","rare","genome_full","SBS28",0,0
"TOV1369","rare","genome_full","SBS29",0,0
"TOV1369","rare","genome_full","SBS30",41.7023249495137,0.07451630814633
"TOV1369","rare","genome_full","SBS31",0,0
"TOV1369","rare","genome_full","SBS32",28.2331565837451,0.0504487603145607
"TOV1369","rare","genome_full","SBS33",0,0
"TOV1369","rare","genome_full","SBS34",0,0
"TOV1369","rare","genome_full","SBS35",0,0
"TOV1369","rare","genome_full","SBS36",0,0
"TOV1369","rare","genome_full","SBS37",0,0
"TOV1369","rare","genome_full","SBS38",0,0
"TOV1369","rare","genome_full","SBS39",137.477066729684,0.245652574044367
"TOV1369","rare","genome_full","SBS40",0,0
"TOV1369","rare","genome_full","SBS41",0,0
"TOV1369","rare","genome_full","SBS42",0,0
"TOV1369","rare","genome_full","SBS44",0,0
"TOV1369","rare","genome_full","SBS84",0,0
"TOV1369","rare","genome_full","SBS85",0,0
"TOV1369","rare","genome_full","SBS86",0,0
"TOV1369","rare","genome_full","SBS87",0,0
"TOV1369","rare","genome_full","SBS88",0,0
"TOV1369","rare","genome_full","SBS89",0,0
"TOV1369","rare","genome_full","SBS90",0,0
"TOV1369","rare","genome_full","SBS91",14.0853633652958,0.0251686033848732
"TOV1369","rare","genome_full","SBS92",0,0
"TOV1369","rare","genome_full","SBS93",0,0
"TOV1369","rare","genome_full","SBS94",0,0
"TOV2295-R","rare","genome_full","SBS1",0,0
"TOV2295-R","rare","genome_full","SBS2",0,0
"TOV2295-R","rare","genome_full","SBS3",0,0
"TOV2295-R","rare","genome_full","SBS4",0,0
"TOV2295-R","rare","genome_full","SBS5",0,0
"TOV2295-R","rare","genome_full","SBS6",0,0
"TOV2295-R","rare","genome_full","SBS7a",0,0
"TOV2295-R","rare","genome_full","SBS7b",0,0
"TOV2295-R","rare","genome_full","SBS7c",0,0
"TOV2295-R","rare","genome_full","SBS7d",0,0
"TOV2295-R","rare","genome_full","SBS8",0,0
"TOV2295-R","rare","genome_full","SBS9",0,0
"TOV2295-R","rare","genome_full","SBS10a",0,0
"TOV2295-R","rare","genome_full","SBS10b",0,0
"TOV2295-R","rare","genome_full","SBS10c",0,0
"TOV2295-R","rare","genome_full","SBS10d",0,0
"TOV2295-R","rare","genome_full","SBS11",15.9382370167909,0.0505287463951495
"TOV2295-R","rare","genome_full","SBS12",0,0
"TOV2295-R","rare","genome_full","SBS13",0,0
"TOV2295-R","rare","genome_full","SBS14",0,0
"TOV2295-R","rare","genome_full","SBS15",13.7901368531466,0.0437186576578685
"TOV2295-R","rare","genome_full","SBS16",0,0
"TOV2295-R","rare","genome_full","SBS17a",0,0
"TOV2295-R","rare","genome_full","SBS17b",0,0
"TOV2295-R","rare","genome_full","SBS18",50.9062106698524,0.161387172631778
"TOV2295-R","rare","genome_full","SBS19",0,0
"TOV2295-R","rare","genome_full","SBS20",0,0
"TOV2295-R","rare","genome_full","SBS21",0,0
"TOV2295-R","rare","genome_full","SBS22",0,0
"TOV2295-R","rare","genome_full","SBS23",0,0
"TOV2295-R","rare","genome_full","SBS24",37.9405932593623,0.120282476215167
"TOV2295-R","rare","genome_full","SBS25",0,0
"TOV2295-R","rare","genome_full","SBS26",35.7164495319427,0.113231307743349
"TOV2295-R","rare","genome_full","SBS28",0,0
"TOV2295-R","rare","genome_full","SBS29",0,0
"TOV2295-R","rare","genome_full","SBS30",19.7284392010833,0.0625447657801477
"TOV2295-R","rare","genome_full","SBS31",58.299657410385,0.18482650252409
"TOV2295-R","rare","genome_full","SBS32",0,0
"TOV2295-R","rare","genome_full","SBS33",0,0
"TOV2295-R","rare","genome_full","SBS34",0,0
"TOV2295-R","rare","genome_full","SBS35",0,0
"TOV2295-R","rare","genome_full","SBS36",0,0
"TOV2295-R","rare","genome_full","SBS37",0,0
"TOV2295-R","rare","genome_full","SBS38",0,0
"TOV2295-R","rare","genome_full","SBS39",64.6769274529462,0.20504426314181
"TOV2295-R","rare","genome_full","SBS40",0,0
"TOV2295-R","rare","genome_full","SBS41",0,0
"TOV2295-R","rare","genome_full","SBS42",0,0
"TOV2295-R","rare","genome_full","SBS44",0,0
"TOV2295-R","rare","genome_full","SBS84",0,0
"TOV2295-R","rare","genome_full","SBS85",0,0
"TOV2295-R","rare","genome_full","SBS86",0,0
"TOV2295-R","rare","genome_full","SBS87",0,0
"TOV2295-R","rare","genome_full","SBS88",0,0
"TOV2295-R","rare","genome_full","SBS89",18.432448945695,0.0584361079106409
"TOV2295-R","rare","genome_full","SBS90",0,0
"TOV2295-R","rare","genome_full","SBS91",0,0
"TOV2295-R","rare","genome_full","SBS92",0,0
"TOV2295-R","rare","genome_full","SBS93",0,0
"TOV2295-R","rare","genome_full","SBS94",0,0
"TOV2835EP","rare","genome_full","SBS1",0,0
"TOV2835EP","rare","genome_full","SBS2",0,0
"TOV2835EP","rare","genome_full","SBS3",0,0
"TOV2835EP","rare","genome_full","SBS4",48.4193283634817,0.119895593382958
"TOV2835EP","rare","genome_full","SBS5",0,0
"TOV2835EP","rare","genome_full","SBS6",0,0
"TOV2835EP","rare","genome_full","SBS7a",14.4748388493737,0.0358424920713535
"TOV2835EP","rare","genome_full","SBS7b",0,0
"TOV2835EP","rare","genome_full","SBS7c",0,0
"TOV2835EP","rare","genome_full","SBS7d",0,0
"TOV2835EP","rare","genome_full","SBS8",15.4958743354849,0.0383707728139811
"TOV2835EP","rare","genome_full","SBS9",0,0
"TOV2835EP","rare","genome_full","SBS10a",8.57432356018897,0.0212316784609032
"TOV2835EP","rare","genome_full","SBS10b",0,0
"TOV2835EP","rare","genome_full","SBS10c",0,0
"TOV2835EP","rare","genome_full","SBS10d",0,0
"TOV2835EP","rare","genome_full","SBS11",0,0
"TOV2835EP","rare","genome_full","SBS12",0,0
"TOV2835EP","rare","genome_full","SBS13",0,0
"TOV2835EP","rare","genome_full","SBS14",24.0972760670666,0.0596695020485442
"TOV2835EP","rare","genome_full","SBS15",20.9450283025146,0.0518639287579797
"TOV2835EP","rare","genome_full","SBS16",0,0
"TOV2835EP","rare","genome_full","SBS17a",0,0
"TOV2835EP","rare","genome_full","SBS17b",0,0
"TOV2835EP","rare","genome_full","SBS18",0,0
"TOV2835EP","rare","genome_full","SBS19",11.5565454540757,0.0286162349108201
"TOV2835EP","rare","genome_full","SBS20",0,0
"TOV2835EP","rare","genome_full","SBS21",0,0
"TOV2835EP","rare","genome_full","SBS22",0,0
"TOV2835EP","rare","genome_full","SBS23",15.2323234743301,0.0377181700631223
"TOV2835EP","rare","genome_full","SBS24",68.0000139665763,0.168381146540667
"TOV2835EP","rare","genome_full","SBS25",0,0
"TOV2835EP","rare","genome_full","SBS26",42.8519698026039,0.10610974007204
"TOV2835EP","rare","genome_full","SBS28",0,0
"TOV2835EP","rare","genome_full","SBS29",0,0
"TOV2835EP","rare","genome_full","SBS30",0,0
"TOV2835EP","rare","genome_full","SBS31",19.5407314675987,0.0483866190141493
"TOV2835EP","rare","genome_full","SBS32",12.259829828811,0.0303577026319926
"TOV2835EP","rare","genome_full","SBS33",0,0
"TOV2835EP","rare","genome_full","SBS34",0,0
"TOV2835EP","rare","genome_full","SBS35",0,0
"TOV2835EP","rare","genome_full","SBS36",0,0
"TOV2835EP","rare","genome_full","SBS37",0,0
"TOV2835EP","rare","genome_full","SBS38",0,0
"TOV2835EP","rare","genome_full","SBS39",0,0
"TOV2835EP","rare","genome_full","SBS40",0,0
"TOV2835EP","rare","genome_full","SBS41",0,0
"TOV2835EP","rare","genome_full","SBS42",0,0
"TOV2835EP","rare","genome_full","SBS44",0,0
"TOV2835EP","rare","genome_full","SBS84",0,0
"TOV2835EP","rare","genome_full","SBS85",0,0
"TOV2835EP","rare","genome_full","SBS86",17.5558795771656,0.0434717430085531
"TOV2835EP","rare","genome_full","SBS87",33.655022985421,0.0833363263708021
"TOV2835EP","rare","genome_full","SBS88",0,0
"TOV2835EP","rare","genome_full","SBS89",51.1867850840649,0.126748349852133
"TOV2835EP","rare","genome_full","SBS90",0,0
"TOV2835EP","rare","genome_full","SBS91",0,0
"TOV2835EP","rare","genome_full","SBS92",0,0
"TOV2835EP","rare","genome_full","SBS93",0,0
"TOV2835EP","rare","genome_full","SBS94",0,0
"TOV2881EP","rare","genome_full","SBS1",0,0
"TOV2881EP","rare","genome_full","SBS2",0,0
"TOV2881EP","rare","genome_full","SBS3",0,0
"TOV2881EP","rare","genome_full","SBS4",0,0
"TOV2881EP","rare","genome_full","SBS5",0,0
"TOV2881EP","rare","genome_full","SBS6",0,0
"TOV2881EP","rare","genome_full","SBS7a",0,0
"TOV2881EP","rare","genome_full","SBS7b",0,0
"TOV2881EP","rare","genome_full","SBS7c",0,0
"TOV2881EP","rare","genome_full","SBS7d",0,0
"TOV2881EP","rare","genome_full","SBS8",0,0
"TOV2881EP","rare","genome_full","SBS9",0,0
"TOV2881EP","rare","genome_full","SBS10a",0,0
"TOV2881EP","rare","genome_full","SBS10b",0,0
"TOV2881EP","rare","genome_full","SBS10c",0,0
"TOV2881EP","rare","genome_full","SBS10d",0,0
"TOV2881EP","rare","genome_full","SBS11",0,0
"TOV2881EP","rare","genome_full","SBS12",57.97478695059,0.140212876915186
"TOV2881EP","rare","genome_full","SBS13",0,0
"TOV2881EP","rare","genome_full","SBS14",0,0
"TOV2881EP","rare","genome_full","SBS15",42.0482013901347,0.101694194944513
"TOV2881EP","rare","genome_full","SBS16",0,0
"TOV2881EP","rare","genome_full","SBS17a",0,0
"TOV2881EP","rare","genome_full","SBS17b",0,0
"TOV2881EP","rare","genome_full","SBS18",0,0
"TOV2881EP","rare","genome_full","SBS19",0,0
"TOV2881EP","rare","genome_full","SBS20",0,0
"TOV2881EP","rare","genome_full","SBS21",0,0
"TOV2881EP","rare","genome_full","SBS22",0,0
"TOV2881EP","rare","genome_full","SBS23",0,0
"TOV2881EP","rare","genome_full","SBS24",41.0078424584402,0.0991780715310433
"TOV2881EP","rare","genome_full","SBS25",0,0
"TOV2881EP","rare","genome_full","SBS26",0,0
"TOV2881EP","rare","genome_full","SBS28",0,0
"TOV2881EP","rare","genome_full","SBS29",90.1579703176218,0.218048380338878
"TOV2881EP","rare","genome_full","SBS30",0,0
"TOV2881EP","rare","genome_full","SBS31",46.6356104881723,0.112788911476562
"TOV2881EP","rare","genome_full","SBS32",0,0
"TOV2881EP","rare","genome_full","SBS33",0,0
"TOV2881EP","rare","genome_full","SBS34",0,0
"TOV2881EP","rare","genome_full","SBS35",0,0
"TOV2881EP","rare","genome_full","SBS36",0,0
"TOV2881EP","rare","genome_full","SBS37",0,0
"TOV2881EP","rare","genome_full","SBS38",0,0
"TOV2881EP","rare","genome_full","SBS39",0,0
"TOV2881EP","rare","genome_full","SBS40",0,0
"TOV2881EP","rare","genome_full","SBS41",0,0
"TOV2881EP","rare","genome_full","SBS42",0,0
"TOV2881EP","rare","genome_full","SBS44",0,0
"TOV2881EP","rare","genome_full","SBS84",0,0
"TOV2881EP","rare","genome_full","SBS85",0,0
"TOV2881EP","rare","genome_full","SBS86",35.564267123501,0.0860127043332842
"TOV2881EP","rare","genome_full","SBS87",0,0
"TOV2881EP","rare","genome_full","SBS88",0,0
"TOV2881EP","rare","genome_full","SBS89",100.088230283675,0.242064860460533
"TOV2881EP","rare","genome_full","SBS90",0,0
"TOV2881EP","rare","genome_full","SBS91",0,0
"TOV2881EP","rare","genome_full","SBS92",0,0
"TOV2881EP","rare","genome_full","SBS93",0,0
"TOV2881EP","rare","genome_full","SBS94",0,0
"TOV2929D","rare","genome_full","SBS1",0,0
"TOV2929D","rare","genome_full","SBS2",0,0
"TOV2929D","rare","genome_full","SBS3",0,0
"TOV2929D","rare","genome_full","SBS4",83.1124247766853,0.114404767721069
"TOV2929D","rare","genome_full","SBS5",0,0
"TOV2929D","rare","genome_full","SBS6",0,0
"TOV2929D","rare","genome_full","SBS7a",0,0
"TOV2929D","rare","genome_full","SBS7b",0,0
"TOV2929D","rare","genome_full","SBS7c",0,0
"TOV2929D","rare","genome_full","SBS7d",0,0
"TOV2929D","rare","genome_full","SBS8",85.1904165873317,0.117265136324945
"TOV2929D","rare","genome_full","SBS9",0,0
"TOV2929D","rare","genome_full","SBS10a",0,0
"TOV2929D","rare","genome_full","SBS10b",0,0
"TOV2929D","rare","genome_full","SBS10c",0,0
"TOV2929D","rare","genome_full","SBS10d",0,0
"TOV2929D","rare","genome_full","SBS11",0,0
"TOV2929D","rare","genome_full","SBS12",79.295961289433,0.109151382081699
"TOV2929D","rare","genome_full","SBS13",0,0
"TOV2929D","rare","genome_full","SBS14",0,0
"TOV2929D","rare","genome_full","SBS15",65.2309598049802,0.0897908203829058
"TOV2929D","rare","genome_full","SBS16",0,0
"TOV2929D","rare","genome_full","SBS17a",0,0
"TOV2929D","rare","genome_full","SBS17b",0,0
"TOV2929D","rare","genome_full","SBS18",72.6760561091408,0.100039041580002
"TOV2929D","rare","genome_full","SBS19",0,0
"TOV2929D","rare","genome_full","SBS20",0,0
"TOV2929D","rare","genome_full","SBS21",0,0
"TOV2929D","rare","genome_full","SBS22",0,0
"TOV2929D","rare","genome_full","SBS23",0,0
"TOV2929D","rare","genome_full","SBS24",93.5924249033463,0.128830552835977
"TOV2929D","rare","genome_full","SBS25",0,0
"TOV2929D","rare","genome_full","SBS26",0,0
"TOV2929D","rare","genome_full","SBS28",0,0
"TOV2929D","rare","genome_full","SBS29",0,0
"TOV2929D","rare","genome_full","SBS30",66.4209789902075,0.0914288891654657
"TOV2929D","rare","genome_full","SBS31",0,0
"TOV2929D","rare","genome_full","SBS32",0,0
"TOV2929D","rare","genome_full","SBS33",0,0
"TOV2929D","rare","genome_full","SBS34",0,0
"TOV2929D","rare","genome_full","SBS35",0,0
"TOV2929D","rare","genome_full","SBS36",0,0
"TOV2929D","rare","genome_full","SBS37",0,0
"TOV2929D","rare","genome_full","SBS38",0,0
"TOV2929D","rare","genome_full","SBS39",112.865747233871,0.155360400453363
"TOV2929D","rare","genome_full","SBS40",0,0
"TOV2929D","rare","genome_full","SBS41",0,0
"TOV2929D","rare","genome_full","SBS42",0,0
"TOV2929D","rare","genome_full","SBS44",0,0
"TOV2929D","rare","genome_full","SBS84",0,0
"TOV2929D","rare","genome_full","SBS85",0,0
"TOV2929D","rare","genome_full","SBS86",0,0
"TOV2929D","rare","genome_full","SBS87",0,0
"TOV2929D","rare","genome_full","SBS88",0,0
"TOV2929D","rare","genome_full","SBS89",68.0919633234124,0.0937290094545742
"TOV2929D","rare","genome_full","SBS90",0,0
"TOV2929D","rare","genome_full","SBS91",0,0
"TOV2929D","rare","genome_full","SBS92",0,0
"TOV2929D","rare","genome_full","SBS93",0,0
"TOV2929D","rare","genome_full","SBS94",0,0
"TOV3121D","rare","genome_full","SBS1",0,0
"TOV3121D","rare","genome_full","SBS2",11.7971398963273,0.0487658595403894
"TOV3121D","rare","genome_full","SBS3",0,0
"TOV3121D","rare","genome_full","SBS4",17.7333019787414,0.0733041839871572
"TOV3121D","rare","genome_full","SBS5",0,0
"TOV3121D","rare","genome_full","SBS6",0,0
"TOV3121D","rare","genome_full","SBS7a",0,0
"TOV3121D","rare","genome_full","SBS7b",0,0
"TOV3121D","rare","genome_full","SBS7c",0,0
"TOV3121D","rare","genome_full","SBS7d",0,0
"TOV3121D","rare","genome_full","SBS8",27.0058247141727,0.111634028786394
"TOV3121D","rare","genome_full","SBS9",0,0
"TOV3121D","rare","genome_full","SBS10a",0,0
"TOV3121D","rare","genome_full","SBS10b",0,0
"TOV3121D","rare","genome_full","SBS10c",0,0
"TOV3121D","rare","genome_full","SBS10d",0,0
"TOV3121D","rare","genome_full","SBS11",0,0
"TOV3121D","rare","genome_full","SBS12",28.6558586359142,0.118454777134862
"TOV3121D","rare","genome_full","SBS13",8.4719823080804,0.0350206493179869
"TOV3121D","rare","genome_full","SBS14",0,0
"TOV3121D","rare","genome_full","SBS15",13.0538190114892,0.0539605963796466
"TOV3121D","rare","genome_full","SBS16",0,0
"TOV3121D","rare","genome_full","SBS17a",0,0
"TOV3121D","rare","genome_full","SBS17b",0,0
"TOV3121D","rare","genome_full","SBS18",0,0
"TOV3121D","rare","genome_full","SBS19",0,0
"TOV3121D","rare","genome_full","SBS20",0,0
"TOV3121D","rare","genome_full","SBS21",0,0
"TOV3121D","rare","genome_full","SBS22",0,0
"TOV3121D","rare","genome_full","SBS23",29.0938560998756,0.120265328081472
"TOV3121D","rare","genome_full","SBS24",0,0
"TOV3121D","rare","genome_full","SBS25",0,0
"TOV3121D","rare","genome_full","SBS26",0,0
"TOV3121D","rare","genome_full","SBS28",0,0
"TOV3121D","rare","genome_full","SBS29",20.4007627612585,0.0843306716776372
"TOV3121D","rare","genome_full","SBS30",0,0
"TOV3121D","rare","genome_full","SBS31",20.2383481111991,0.0836592979309751
"TOV3121D","rare","genome_full","SBS32",0,0
"TOV3121D","rare","genome_full","SBS33",0,0
"TOV3121D","rare","genome_full","SBS34",0,0
"TOV3121D","rare","genome_full","SBS35",0,0
"TOV3121D","rare","genome_full","SBS36",0,0
"TOV3121D","rare","genome_full","SBS37",16.6239053018312,0.068718268841943
"TOV3121D","rare","genome_full","SBS38",0,0
"TOV3121D","rare","genome_full","SBS39",0,0
"TOV3121D","rare","genome_full","SBS40",0,0
"TOV3121D","rare","genome_full","SBS41",0,0
"TOV3121D","rare","genome_full","SBS42",0,0
"TOV3121D","rare","genome_full","SBS44",0,0
"TOV3121D","rare","genome_full","SBS84",0,0
"TOV3121D","rare","genome_full","SBS85",0,0
"TOV3121D","rare","genome_full","SBS86",19.4337739868268,0.0803334283487056
"TOV3121D","rare","genome_full","SBS87",29.4053400733664,0.121552909972831
"TOV3121D","rare","genome_full","SBS88",0,0
"TOV3121D","rare","genome_full","SBS89",0,0
"TOV3121D","rare","genome_full","SBS90",0,0
"TOV3121D","rare","genome_full","SBS91",0,0
"TOV3121D","rare","genome_full","SBS92",0,0
"TOV3121D","rare","genome_full","SBS93",0,0
"TOV3121D","rare","genome_full","SBS94",0,0
"TOV3121EP","rare","genome_full","SBS1",7.81483393781889,0.0244863081908661
"TOV3121EP","rare","genome_full","SBS2",10.1677242599349,0.0318586462373377
"TOV3121EP","rare","genome_full","SBS3",0,0
"TOV3121EP","rare","genome_full","SBS4",21.6761457360351,0.067918114333063
"TOV3121EP","rare","genome_full","SBS5",0,0
"TOV3121EP","rare","genome_full","SBS6",0,0
"TOV3121EP","rare","genome_full","SBS7a",0,0
"TOV3121EP","rare","genome_full","SBS7b",0,0
"TOV3121EP","rare","genome_full","SBS7c",0,0
"TOV3121EP","rare","genome_full","SBS7d",0,0
"TOV3121EP","rare","genome_full","SBS8",28.1312864042181,0.0881440801148306
"TOV3121EP","rare","genome_full","SBS9",0,0
"TOV3121EP","rare","genome_full","SBS10a",7.14365514519657,0.022383296034998
"TOV3121EP","rare","genome_full","SBS10b",0,0
"TOV3121EP","rare","genome_full","SBS10c",0,0
"TOV3121EP","rare","genome_full","SBS10d",0,0
"TOV3121EP","rare","genome_full","SBS11",0,0
"TOV3121EP","rare","genome_full","SBS12",40.7081857537642,0.127551422101734
"TOV3121EP","rare","genome_full","SBS13",0,0
"TOV3121EP","rare","genome_full","SBS14",0,0
"TOV3121EP","rare","genome_full","SBS15",0,0
"TOV3121EP","rare","genome_full","SBS16",0,0
"TOV3121EP","rare","genome_full","SBS17a",0,0
"TOV3121EP","rare","genome_full","SBS17b",0,0
"TOV3121EP","rare","genome_full","SBS18",0,0
"TOV3121EP","rare","genome_full","SBS19",0,0
"TOV3121EP","rare","genome_full","SBS20",0,0
"TOV3121EP","rare","genome_full","SBS21",0,0
"TOV3121EP","rare","genome_full","SBS22",0,0
"TOV3121EP","rare","genome_full","SBS23",33.4287268178505,0.104742610502433
"TOV3121EP","rare","genome_full","SBS24",59.403821097923,0.186130669274949
"TOV3121EP","rare","genome_full","SBS25",0,0
"TOV3121EP","rare","genome_full","SBS26",0,0
"TOV3121EP","rare","genome_full","SBS28",0,0
"TOV3121EP","rare","genome_full","SBS29",31.0519127803938,0.0972953120061855
"TOV3121EP","rare","genome_full","SBS30",0,0
"TOV3121EP","rare","genome_full","SBS31",7.84453080317951,0.0245793577173575
"TOV3121EP","rare","genome_full","SBS32",0,0
"TOV3121EP","rare","genome_full","SBS33",0,0
"TOV3121EP","rare","genome_full","SBS34",0,0
"TOV3121EP","rare","genome_full","SBS35",0,0
"TOV3121EP","rare","genome_full","SBS36",0,0
"TOV3121EP","rare","genome_full","SBS37",0,0
"TOV3121EP","rare","genome_full","SBS38",0,0
"TOV3121EP","rare","genome_full","SBS39",41.55058170425,0.130190910928555
"TOV3121EP","rare","genome_full","SBS40",0,0
"TOV3121EP","rare","genome_full","SBS41",0,0
"TOV3121EP","rare","genome_full","SBS42",0,0
"TOV3121EP","rare","genome_full","SBS44",0,0
"TOV3121EP","rare","genome_full","SBS84",0,0
"TOV3121EP","rare","genome_full","SBS85",0,0
"TOV3121EP","rare","genome_full","SBS86",16.0185974941862,0.0501912539855648
"TOV3121EP","rare","genome_full","SBS87",14.2111692791271,0.0445280185721254
"TOV3121EP","rare","genome_full","SBS88",0,0
"TOV3121EP","rare","genome_full","SBS89",0,0
"TOV3121EP","rare","genome_full","SBS90",0,0
"TOV3121EP","rare","genome_full","SBS91",0,0
"TOV3121EP","rare","genome_full","SBS92",0,0
"TOV3121EP","rare","genome_full","SBS93",0,0
"TOV3121EP","rare","genome_full","SBS94",0,0
"TOV3133D","rare","genome_full","SBS1",0,0
"TOV3133D","rare","genome_full","SBS2",0,0
"TOV3133D","rare","genome_full","SBS3",0,0
"TOV3133D","rare","genome_full","SBS4",45.3436000943228,0.144875512273731
"TOV3133D","rare","genome_full","SBS5",0,0
"TOV3133D","rare","genome_full","SBS6",0,0
"TOV3133D","rare","genome_full","SBS7a",15.894108472709,0.050782626485943
"TOV3133D","rare","genome_full","SBS7b",0,0
"TOV3133D","rare","genome_full","SBS7c",0,0
"TOV3133D","rare","genome_full","SBS7d",0,0
"TOV3133D","rare","genome_full","SBS8",0,0
"TOV3133D","rare","genome_full","SBS9",0,0
"TOV3133D","rare","genome_full","SBS10a",0,0
"TOV3133D","rare","genome_full","SBS10b",0,0
"TOV3133D","rare","genome_full","SBS10c",0,0
"TOV3133D","rare","genome_full","SBS10d",0,0
"TOV3133D","rare","genome_full","SBS11",0,0
"TOV3133D","rare","genome_full","SBS12",42.0334453265362,0.134299369958369
"TOV3133D","rare","genome_full","SBS13",0,0
"TOV3133D","rare","genome_full","SBS14",0,0
"TOV3133D","rare","genome_full","SBS15",0,0
"TOV3133D","rare","genome_full","SBS16",0,0
"TOV3133D","rare","genome_full","SBS17a",0,0
"TOV3133D","rare","genome_full","SBS17b",0,0
"TOV3133D","rare","genome_full","SBS18",18.9905561779287,0.0606759619641442
"TOV3133D","rare","genome_full","SBS19",0,0
"TOV3133D","rare","genome_full","SBS20",0,0
"TOV3133D","rare","genome_full","SBS21",0,0
"TOV3133D","rare","genome_full","SBS22",0,0
"TOV3133D","rare","genome_full","SBS23",25.9470342932563,0.0829023252983884
"TOV3133D","rare","genome_full","SBS24",86.3596120445353,0.275924121787569
"TOV3133D","rare","genome_full","SBS25",0,0
"TOV3133D","rare","genome_full","SBS26",0,0
"TOV3133D","rare","genome_full","SBS28",0,0
"TOV3133D","rare","genome_full","SBS29",0,0
"TOV3133D","rare","genome_full","SBS30",0,0
"TOV3133D","rare","genome_full","SBS31",0,0
"TOV3133D","rare","genome_full","SBS32",0,0
"TOV3133D","rare","genome_full","SBS33",0,0
"TOV3133D","rare","genome_full","SBS34",0,0
"TOV3133D","rare","genome_full","SBS35",19.3713140289034,0.0618925060541028
"TOV3133D","rare","genome_full","SBS36",0,0
"TOV3133D","rare","genome_full","SBS37",0,0
"TOV3133D","rare","genome_full","SBS38",0,0
"TOV3133D","rare","genome_full","SBS39",33.0196212584595,0.105499663347261
"TOV3133D","rare","genome_full","SBS40",0,0
"TOV3133D","rare","genome_full","SBS41",0,0
"TOV3133D","rare","genome_full","SBS42",0,0
"TOV3133D","rare","genome_full","SBS44",0,0
"TOV3133D","rare","genome_full","SBS84",0,0
"TOV3133D","rare","genome_full","SBS85",0,0
"TOV3133D","rare","genome_full","SBS86",0,0
"TOV3133D","rare","genome_full","SBS87",26.0238990626644,0.0831479128304907
"TOV3133D","rare","genome_full","SBS88",0,0
"TOV3133D","rare","genome_full","SBS89",0,0
"TOV3133D","rare","genome_full","SBS90",0,0
"TOV3133D","rare","genome_full","SBS91",0,0
"TOV3133D","rare","genome_full","SBS92",0,0
"TOV3133D","rare","genome_full","SBS93",0,0
"TOV3133D","rare","genome_full","SBS94",0,0
"TOV3133G","rare","genome_full","SBS1",0,0
"TOV3133G","rare","genome_full","SBS2",0,0
"TOV3133G","rare","genome_full","SBS3",0,0
"TOV3133G","rare","genome_full","SBS4",29.6844305901752,0.0894547962686849
"TOV3133G","rare","genome_full","SBS5",132.309367232081,0.398717686506735
"TOV3133G","rare","genome_full","SBS6",0,0
"TOV3133G","rare","genome_full","SBS7a",0,0
"TOV3133G","rare","genome_full","SBS7b",0,0
"TOV3133G","rare","genome_full","SBS7c",0,0
"TOV3133G","rare","genome_full","SBS7d",0,0
"TOV3133G","rare","genome_full","SBS8",0,0
"TOV3133G","rare","genome_full","SBS9",0,0
"TOV3133G","rare","genome_full","SBS10a",0,0
"TOV3133G","rare","genome_full","SBS10b",0,0
"TOV3133G","rare","genome_full","SBS10c",0,0
"TOV3133G","rare","genome_full","SBS10d",0,0
"TOV3133G","rare","genome_full","SBS11",0,0
"TOV3133G","rare","genome_full","SBS12",0,0
"TOV3133G","rare","genome_full","SBS13",0,0
"TOV3133G","rare","genome_full","SBS14",0,0
"TOV3133G","rare","genome_full","SBS15",0,0
"TOV3133G","rare","genome_full","SBS16",0,0
"TOV3133G","rare","genome_full","SBS17a",0,0
"TOV3133G","rare","genome_full","SBS17b",0,0
"TOV3133G","rare","genome_full","SBS18",0,0
"TOV3133G","rare","genome_full","SBS19",0,0
"TOV3133G","rare","genome_full","SBS20",0,0
"TOV3133G","rare","genome_full","SBS21",0,0
"TOV3133G","rare","genome_full","SBS22",0,0
"TOV3133G","rare","genome_full","SBS23",0,0
"TOV3133G","rare","genome_full","SBS24",47.4553491300154,0.143007917075892
"TOV3133G","rare","genome_full","SBS25",0,0
"TOV3133G","rare","genome_full","SBS26",0,0
"TOV3133G","rare","genome_full","SBS28",0,0
"TOV3133G","rare","genome_full","SBS29",0,0
"TOV3133G","rare","genome_full","SBS30",0,0
"TOV3133G","rare","genome_full","SBS31",0,0
"TOV3133G","rare","genome_full","SBS32",0,0
"TOV3133G","rare","genome_full","SBS33",0,0
"TOV3133G","rare","genome_full","SBS34",0,0
"TOV3133G","rare","genome_full","SBS35",57.2825271779729,0.172622371276239
"TOV3133G","rare","genome_full","SBS36",0,0
"TOV3133G","rare","genome_full","SBS37",0,0
"TOV3133G","rare","genome_full","SBS38",0,0
"TOV3133G","rare","genome_full","SBS39",0,0
"TOV3133G","rare","genome_full","SBS40",39.7662402849152,0.119836589496045
"TOV3133G","rare","genome_full","SBS41",0,0
"TOV3133G","rare","genome_full","SBS42",0,0
"TOV3133G","rare","genome_full","SBS44",0,0
"TOV3133G","rare","genome_full","SBS84",0,0
"TOV3133G","rare","genome_full","SBS85",0,0
"TOV3133G","rare","genome_full","SBS86",0,0
"TOV3133G","rare","genome_full","SBS87",25.3393020155341,0.0763606393764044
"TOV3133G","rare","genome_full","SBS88",0,0
"TOV3133G","rare","genome_full","SBS89",0,0
"TOV3133G","rare","genome_full","SBS90",0,0
"TOV3133G","rare","genome_full","SBS91",0,0
"TOV3133G","rare","genome_full","SBS92",0,0
"TOV3133G","rare","genome_full","SBS93",0,0
"TOV3133G","rare","genome_full","SBS94",0,0
"OV3331","rare","genome_full","SBS1",9.47073855206584,0.0427045522591466
"OV3331","rare","genome_full","SBS2",6.56461849379598,0.02960055247946
"OV3331","rare","genome_full","SBS3",0,0
"OV3331","rare","genome_full","SBS4",0,0
"OV3331","rare","genome_full","SBS5",0,0
"OV3331","rare","genome_full","SBS6",0,0
"OV3331","rare","genome_full","SBS7a",0,0
"OV3331","rare","genome_full","SBS7b",0,0
"OV3331","rare","genome_full","SBS7c",0,0
"OV3331","rare","genome_full","SBS7d",0,0
"OV3331","rare","genome_full","SBS8",0,0
"OV3331","rare","genome_full","SBS9",0,0
"OV3331","rare","genome_full","SBS10a",0,0
"OV3331","rare","genome_full","SBS10b",0,0
"OV3331","rare","genome_full","SBS10c",0,0
"OV3331","rare","genome_full","SBS10d",0,0
"OV3331","rare","genome_full","SBS11",0,0
"OV3331","rare","genome_full","SBS12",0,0
"OV3331","rare","genome_full","SBS13",0,0
"OV3331","rare","genome_full","SBS14",0,0
"OV3331","rare","genome_full","SBS15",6.61482249170795,0.0298269275652745
"OV3331","rare","genome_full","SBS16",7.60156080170345,0.0342762339729688
"OV3331","rare","genome_full","SBS17a",8.86972281473068,0.0399945093387874
"OV3331","rare","genome_full","SBS17b",0,0
"OV3331","rare","genome_full","SBS18",0,0
"OV3331","rare","genome_full","SBS19",0,0
"OV3331","rare","genome_full","SBS20",0,0
"OV3331","rare","genome_full","SBS21",0,0
"OV3331","rare","genome_full","SBS22",0,0
"OV3331","rare","genome_full","SBS23",0,0
"OV3331","rare","genome_full","SBS24",84.9775020573281,0.383172458780137
"OV3331","rare","genome_full","SBS25",0,0
"OV3331","rare","genome_full","SBS26",21.2511441035771,0.0958236349729988
"OV3331","rare","genome_full","SBS28",0,0
"OV3331","rare","genome_full","SBS29",0,0
"OV3331","rare","genome_full","SBS30",0,0
"OV3331","rare","genome_full","SBS31",20.7771689684475,0.0936864314363996
"OV3331","rare","genome_full","SBS32",13.403880455971,0.0604395011287171
"OV3331","rare","genome_full","SBS33",0,0
"OV3331","rare","genome_full","SBS34",0,0
"OV3331","rare","genome_full","SBS35",0,0
"OV3331","rare","genome_full","SBS36",0,0
"OV3331","rare","genome_full","SBS37",0,0
"OV3331","rare","genome_full","SBS38",0,0
"OV3331","rare","genome_full","SBS39",31.354309292218,0.141379865187694
"OV3331","rare","genome_full","SBS40",0,0
"OV3331","rare","genome_full","SBS41",0,0
"OV3331","rare","genome_full","SBS42",0,0
"OV3331","rare","genome_full","SBS44",0,0
"OV3331","rare","genome_full","SBS84",0,0
"OV3331","rare","genome_full","SBS85",0,0
"OV3331","rare","genome_full","SBS86",0,0
"OV3331","rare","genome_full","SBS87",10.8880444172912,0.0490953328784162
"OV3331","rare","genome_full","SBS88",0,0
"OV3331","rare","genome_full","SBS89",0,0
"OV3331","rare","genome_full","SBS90",0,0
"OV3331","rare","genome_full","SBS91",0,0
"OV3331","rare","genome_full","SBS92",0,0
"OV3331","rare","genome_full","SBS93",0,0
"OV3331","rare","genome_full","SBS94",0,0
"OV90","rare","genome_full","SBS1",0,0
"OV90","rare","genome_full","SBS2",0,0
"OV90","rare","genome_full","SBS3",0,0
"OV90","rare","genome_full","SBS4",0,0
"OV90","rare","genome_full","SBS5",55.3158326347823,0.12352727902635
"OV90","rare","genome_full","SBS6",0,0
"OV90","rare","genome_full","SBS7a",0,0
"OV90","rare","genome_full","SBS7b",0,0
"OV90","rare","genome_full","SBS7c",0,0
"OV90","rare","genome_full","SBS7d",0,0
"OV90","rare","genome_full","SBS8",0,0
"OV90","rare","genome_full","SBS9",23.0826789349918,0.0515465534127291
"OV90","rare","genome_full","SBS10a",0,0
"OV90","rare","genome_full","SBS10b",0,0
"OV90","rare","genome_full","SBS10c",0,0
"OV90","rare","genome_full","SBS10d",0,0
"OV90","rare","genome_full","SBS11",0,0
"OV90","rare","genome_full","SBS12",0,0
"OV90","rare","genome_full","SBS13",0,0
"OV90","rare","genome_full","SBS14",0,0
"OV90","rare","genome_full","SBS15",36.7053198695782,0.081967640606928
"OV90","rare","genome_full","SBS16",0,0
"OV90","rare","genome_full","SBS17a",0,0
"OV90","rare","genome_full","SBS17b",0,0
"OV90","rare","genome_full","SBS18",0,0
"OV90","rare","genome_full","SBS19",0,0
"OV90","rare","genome_full","SBS20",0,0
"OV90","rare","genome_full","SBS21",0,0
"OV90","rare","genome_full","SBS22",0,0
"OV90","rare","genome_full","SBS23",0,0
"OV90","rare","genome_full","SBS24",55.4241534892305,0.123769173250381
"OV90","rare","genome_full","SBS25",0,0
"OV90","rare","genome_full","SBS26",33.2774609339784,0.0743127962878252
"OV90","rare","genome_full","SBS28",0,0
"OV90","rare","genome_full","SBS29",43.6170638355178,0.0974024426296397
"OV90","rare","genome_full","SBS30",42.0628710672546,0.0939317328056812
"OV90","rare","genome_full","SBS31",15.9375575983029,0.0355905900837179
"OV90","rare","genome_full","SBS32",22.8069318791833,0.0509307752190164
"OV90","rare","genome_full","SBS33",15.4005417503513,0.0343913654977036
"OV90","rare","genome_full","SBS34",0,0
"OV90","rare","genome_full","SBS35",0,0
"OV90","rare","genome_full","SBS36",0,0
"OV90","rare","genome_full","SBS37",0,0
"OV90","rare","genome_full","SBS38",0,0
"OV90","rare","genome_full","SBS39",56.0321283059199,0.125126858224917
"OV90","rare","genome_full","SBS40",0,0
"OV90","rare","genome_full","SBS41",0,0
"OV90","rare","genome_full","SBS42",0,0
"OV90","rare","genome_full","SBS44",0,0
"OV90","rare","genome_full","SBS84",0,0
"OV90","rare","genome_full","SBS85",0,0
"OV90","rare","genome_full","SBS86",15.7982370733647,0.0352794696587258
"OV90","rare","genome_full","SBS87",0,0
"OV90","rare","genome_full","SBS88",0,0
"OV90","rare","genome_full","SBS89",32.3417895648655,0.0722233232963855
"OV90","rare","genome_full","SBS90",0,0
"OV90","rare","genome_full","SBS91",0,0
"OV90","rare","genome_full","SBS92",0,0
"OV90","rare","genome_full","SBS93",0,0
"OV90","rare","genome_full","SBS94",0,0
"TOV81D","rare","genome_full","SBS1",0,0
"TOV81D","rare","genome_full","SBS2",0,0
"TOV81D","rare","genome_full","SBS3",89.2925245888409,0.189400586394618
"TOV81D","rare","genome_full","SBS4",0,0
"TOV81D","rare","genome_full","SBS5",210.787448731715,0.447106480394011
"TOV81D","rare","genome_full","SBS6",0,0
"TOV81D","rare","genome_full","SBS7a",0,0
"TOV81D","rare","genome_full","SBS7b",0,0
"TOV81D","rare","genome_full","SBS7c",0,0
"TOV81D","rare","genome_full","SBS7d",0,0
"TOV81D","rare","genome_full","SBS8",0,0
"TOV81D","rare","genome_full","SBS9",0,0
"TOV81D","rare","genome_full","SBS10a",0,0
"TOV81D","rare","genome_full","SBS10b",0,0
"TOV81D","rare","genome_full","SBS10c",0,0
"TOV81D","rare","genome_full","SBS10d",0,0
"TOV81D","rare","genome_full","SBS11",0,0
"TOV81D","rare","genome_full","SBS12",0,0
"TOV81D","rare","genome_full","SBS13",0,0
"TOV81D","rare","genome_full","SBS14",22.2323479028289,0.047157584009571
"TOV81D","rare","genome_full","SBS15",0,0
"TOV81D","rare","genome_full","SBS16",0,0
"TOV81D","rare","genome_full","SBS17a",0,0
"TOV81D","rare","genome_full","SBS17b",0,0
"TOV81D","rare","genome_full","SBS18",0,0
"TOV81D","rare","genome_full","SBS19",0,0
"TOV81D","rare","genome_full","SBS20",0,0
"TOV81D","rare","genome_full","SBS21",0,0
"TOV81D","rare","genome_full","SBS22",0,0
"TOV81D","rare","genome_full","SBS23",0,0
"TOV81D","rare","genome_full","SBS24",58.5358098890901,0.124161756755426
"TOV81D","rare","genome_full","SBS25",34.9411596310557,0.0741145594651151
"TOV81D","rare","genome_full","SBS26",0,0
"TOV81D","rare","genome_full","SBS28",0,0
"TOV81D","rare","genome_full","SBS29",55.6586930699884,0.118059032981259
"TOV81D","rare","genome_full","SBS30",0,0
"TOV81D","rare","genome_full","SBS31",0,0
"TOV81D","rare","genome_full","SBS32",0,0
"TOV81D","rare","genome_full","SBS33",0,0
"TOV81D","rare","genome_full","SBS34",0,0
"TOV81D","rare","genome_full","SBS35",0,0
"TOV81D","rare","genome_full","SBS36",0,0
"TOV81D","rare","genome_full","SBS37",0,0
"TOV81D","rare","genome_full","SBS38",0,0
"TOV81D","rare","genome_full","SBS39",0,0
"TOV81D","rare","genome_full","SBS40",0,0
"TOV81D","rare","genome_full","SBS41",0,0
"TOV81D","rare","genome_full","SBS42",0,0
"TOV81D","rare","genome_full","SBS44",0,0
"TOV81D","rare","genome_full","SBS84",0,0
"TOV81D","rare","genome_full","SBS85",0,0
"TOV81D","rare","genome_full","SBS86",0,0
"TOV81D","rare","genome_full","SBS87",0,0
"TOV81D","rare","genome_full","SBS88",0,0
"TOV81D","rare","genome_full","SBS89",0,0
"TOV81D","rare","genome_full","SBS90",0,0
"TOV81D","rare","genome_full","SBS91",0,0
"TOV81D","rare","genome_full","SBS92",0,0
"TOV81D","rare","genome_full","SBS93",0,0
"TOV81D","rare","genome_full","SBS94",0,0
"TOV21G","rare","genome_full","SBS1",0,0
"TOV21G","rare","genome_full","SBS2",0,0
"TOV21G","rare","genome_full","SBS3",0,0
"TOV21G","rare","genome_full","SBS4",393.405459196344,0.186553241663828
"TOV21G","rare","genome_full","SBS5",0,0
"TOV21G","rare","genome_full","SBS6",540.693933139383,0.256397575623818
"TOV21G","rare","genome_full","SBS7a",0,0
"TOV21G","rare","genome_full","SBS7b",0,0
"TOV21G","rare","genome_full","SBS7c",0,0
"TOV21G","rare","genome_full","SBS7d",0,0
"TOV21G","rare","genome_full","SBS8",0,0
"TOV21G","rare","genome_full","SBS9",0,0
"TOV21G","rare","genome_full","SBS10a",0,0
"TOV21G","rare","genome_full","SBS10b",0,0
"TOV21G","rare","genome_full","SBS10c",0,0
"TOV21G","rare","genome_full","SBS10d",0,0
"TOV21G","rare","genome_full","SBS11",0,0
"TOV21G","rare","genome_full","SBS12",0,0
"TOV21G","rare","genome_full","SBS13",0,0
"TOV21G","rare","genome_full","SBS14",0,0
"TOV21G","rare","genome_full","SBS15",0,0
"TOV21G","rare","genome_full","SBS16",0,0
"TOV21G","rare","genome_full","SBS17a",0,0
"TOV21G","rare","genome_full","SBS17b",0,0
"TOV21G","rare","genome_full","SBS18",0,0
"TOV21G","rare","genome_full","SBS19",0,0
"TOV21G","rare","genome_full","SBS20",0,0
"TOV21G","rare","genome_full","SBS21",0,0
"TOV21G","rare","genome_full","SBS22",0,0
"TOV21G","rare","genome_full","SBS23",0,0
"TOV21G","rare","genome_full","SBS24",0,0
"TOV21G","rare","genome_full","SBS25",0,0
"TOV21G","rare","genome_full","SBS26",271.536173468688,0.128762710850674
"TOV21G","rare","genome_full","SBS28",0,0
"TOV21G","rare","genome_full","SBS29",0,0
"TOV21G","rare","genome_full","SBS30",0,0
"TOV21G","rare","genome_full","SBS31",0,0
"TOV21G","rare","genome_full","SBS32",0,0
"TOV21G","rare","genome_full","SBS33",0,0
"TOV21G","rare","genome_full","SBS34",0,0
"TOV21G","rare","genome_full","SBS35",0,0
"TOV21G","rare","genome_full","SBS36",0,0
"TOV21G","rare","genome_full","SBS37",0,0
"TOV21G","rare","genome_full","SBS38",0,0
"TOV21G","rare","genome_full","SBS39",0,0
"TOV21G","rare","genome_full","SBS40",0,0
"TOV21G","rare","genome_full","SBS41",0,0
"TOV21G","rare","genome_full","SBS42",0,0
"TOV21G","rare","genome_full","SBS44",596.425739426089,0.282825650993703
"TOV21G","rare","genome_full","SBS84",306.749325384353,0.145460820867977
"TOV21G","rare","genome_full","SBS85",0,0
"TOV21G","rare","genome_full","SBS86",0,0
"TOV21G","rare","genome_full","SBS87",0,0
"TOV21G","rare","genome_full","SBS88",0,0
"TOV21G","rare","genome_full","SBS89",0,0
"TOV21G","rare","genome_full","SBS90",0,0
"TOV21G","rare","genome_full","SBS91",0,0
"TOV21G","rare","genome_full","SBS92",0,0
"TOV21G","rare","genome_full","SBS93",0,0
"TOV21G","rare","genome_full","SBS94",0,0
"TOV3392D","rare","genome_full","SBS1",0,0
"TOV3392D","rare","genome_full","SBS2",0,0
"TOV3392D","rare","genome_full","SBS3",0,0
"TOV3392D","rare","genome_full","SBS4",0,0
"TOV3392D","rare","genome_full","SBS5",56.8136829995758,0.192140691792035
"TOV3392D","rare","genome_full","SBS6",0,0
"TOV3392D","rare","genome_full","SBS7a",0,0
"TOV3392D","rare","genome_full","SBS7b",0,0
"TOV3392D","rare","genome_full","SBS7c",0,0
"TOV3392D","rare","genome_full","SBS7d",0,0
"TOV3392D","rare","genome_full","SBS8",0,0
"TOV3392D","rare","genome_full","SBS9",0,0
"TOV3392D","rare","genome_full","SBS10a",0,0
"TOV3392D","rare","genome_full","SBS10b",0,0
"TOV3392D","rare","genome_full","SBS10c",0,0
"TOV3392D","rare","genome_full","SBS10d",0,0
"TOV3392D","rare","genome_full","SBS11",0,0
"TOV3392D","rare","genome_full","SBS12",0,0
"TOV3392D","rare","genome_full","SBS13",14.4844674062238,0.0489856569885078
"TOV3392D","rare","genome_full","SBS14",20.3415236714605,0.0687938930198853
"TOV3392D","rare","genome_full","SBS15",10.9744023102695,0.0371148135549501
"TOV3392D","rare","genome_full","SBS16",0,0
"TOV3392D","rare","genome_full","SBS17a",0,0
"TOV3392D","rare","genome_full","SBS17b",0,0
"TOV3392D","rare","genome_full","SBS18",0,0
"TOV3392D","rare","genome_full","SBS19",0,0
"TOV3392D","rare","genome_full","SBS20",0,0
"TOV3392D","rare","genome_full","SBS21",0,0
"TOV3392D","rare","genome_full","SBS22",0,0
"TOV3392D","rare","genome_full","SBS23",0,0
"TOV3392D","rare","genome_full","SBS24",0,0
"TOV3392D","rare","genome_full","SBS25",0,0
"TOV3392D","rare","genome_full","SBS26",0,0
"TOV3392D","rare","genome_full","SBS28",0,0
"TOV3392D","rare","genome_full","SBS29",61.2916253294024,0.207284841786046
"TOV3392D","rare","genome_full","SBS30",48.6789884332501,0.164629610676199
"TOV3392D","rare","genome_full","SBS31",0,0
"TOV3392D","rare","genome_full","SBS32",0,0
"TOV3392D","rare","genome_full","SBS33",10.7152151704673,0.0362382571742351
"TOV3392D","rare","genome_full","SBS34",0,0
"TOV3392D","rare","genome_full","SBS35",0,0
"TOV3392D","rare","genome_full","SBS36",0,0
"TOV3392D","rare","genome_full","SBS37",0,0
"TOV3392D","rare","genome_full","SBS38",0,0
"TOV3392D","rare","genome_full","SBS39",29.1000104294625,0.0984146043676506
"TOV3392D","rare","genome_full","SBS40",0,0
"TOV3392D","rare","genome_full","SBS41",0,0
"TOV3392D","rare","genome_full","SBS42",0,0
"TOV3392D","rare","genome_full","SBS44",0,0
"TOV3392D","rare","genome_full","SBS84",0,0
"TOV3392D","rare","genome_full","SBS85",10.8451016604931,0.0366775260040377
"TOV3392D","rare","genome_full","SBS86",0,0
"TOV3392D","rare","genome_full","SBS87",32.4429103765417,0.109720104636453
"TOV3392D","rare","genome_full","SBS88",0,0
"TOV3392D","rare","genome_full","SBS89",0,0
"TOV3392D","rare","genome_full","SBS90",0,0
"TOV3392D","rare","genome_full","SBS91",0,0
"TOV3392D","rare","genome_full","SBS92",0,0
"TOV3392D","rare","genome_full","SBS93",0,0
"TOV3392D","rare","genome_full","SBS94",0,0
"TOV112D","rare","genome_full","SBS1",0,0
"TOV112D","rare","genome_full","SBS2",0,0
"TOV112D","rare","genome_full","SBS3",0,0
"TOV112D","rare","genome_full","SBS4",14.7640989971261,0.0682755409470268
"TOV112D","rare","genome_full","SBS5",53.5992062876084,0.24786577252903
"TOV112D","rare","genome_full","SBS6",0,0
"TOV112D","rare","genome_full","SBS7a",0,0
"TOV112D","rare","genome_full","SBS7b",0,0
"TOV112D","rare","genome_full","SBS7c",0,0
"TOV112D","rare","genome_full","SBS7d",0,0
"TOV112D","rare","genome_full","SBS8",0,0
"TOV112D","rare","genome_full","SBS9",0,0
"TOV112D","rare","genome_full","SBS10a",0,0
"TOV112D","rare","genome_full","SBS10b",0,0
"TOV112D","rare","genome_full","SBS10c",0,0
"TOV112D","rare","genome_full","SBS10d",0,0
"TOV112D","rare","genome_full","SBS11",0,0
"TOV112D","rare","genome_full","SBS12",0,0
"TOV112D","rare","genome_full","SBS13",0,0
"TOV112D","rare","genome_full","SBS14",0,0
"TOV112D","rare","genome_full","SBS15",12.5835764737842,0.0581918673779639
"TOV112D","rare","genome_full","SBS16",0,0
"TOV112D","rare","genome_full","SBS17a",7.11791111172365,0.0329162810179194
"TOV112D","rare","genome_full","SBS17b",0,0
"TOV112D","rare","genome_full","SBS18",0,0
"TOV112D","rare","genome_full","SBS19",0,0
"TOV112D","rare","genome_full","SBS20",0,0
"TOV112D","rare","genome_full","SBS21",0,0
"TOV112D","rare","genome_full","SBS22",0,0
"TOV112D","rare","genome_full","SBS23",0,0
"TOV112D","rare","genome_full","SBS24",0,0
"TOV112D","rare","genome_full","SBS25",16.9681208874527,0.0784678856915604
"TOV112D","rare","genome_full","SBS26",0,0
"TOV112D","rare","genome_full","SBS28",0,0
"TOV112D","rare","genome_full","SBS29",46.2724433981182,0.21398367110395
"TOV112D","rare","genome_full","SBS30",17.5111222848429,0.0809789575930035
"TOV112D","rare","genome_full","SBS31",0,0
"TOV112D","rare","genome_full","SBS32",0,0
"TOV112D","rare","genome_full","SBS33",0,0
"TOV112D","rare","genome_full","SBS34",0,0
"TOV112D","rare","genome_full","SBS35",0,0
"TOV112D","rare","genome_full","SBS36",9.16878165450138,0.0424003880906048
"TOV112D","rare","genome_full","SBS37",9.43038881613963,0.0436101720726781
"TOV112D","rare","genome_full","SBS38",0,0
"TOV112D","rare","genome_full","SBS39",0,0
"TOV112D","rare","genome_full","SBS40",0,0
"TOV112D","rare","genome_full","SBS41",0,0
"TOV112D","rare","genome_full","SBS42",0,0
"TOV112D","rare","genome_full","SBS44",0,0
"TOV112D","rare","genome_full","SBS84",0,0
"TOV112D","rare","genome_full","SBS85",0,0
"TOV112D","rare","genome_full","SBS86",0,0
"TOV112D","rare","genome_full","SBS87",0,0
"TOV112D","rare","genome_full","SBS88",0,0
"TOV112D","rare","genome_full","SBS89",28.8272211423532,0.133309463576263
"TOV112D","rare","genome_full","SBS90",0,0
"TOV112D","rare","genome_full","SBS91",0,0
"TOV112D","rare","genome_full","SBS92",0,0
"TOV112D","rare","genome_full","SBS93",0,0
"TOV112D","rare","genome_full","SBS94",0,0
"TOV2414","rare","genome_full","SBS1",0,0
"TOV2414","rare","genome_full","SBS2",6.90523548604157,0.0238268206921154
"TOV2414","rare","genome_full","SBS3",0,0
"TOV2414","rare","genome_full","SBS4",27.4381149922932,0.0946764302785253
"TOV2414","rare","genome_full","SBS5",26.4853418994075,0.0913888445487775
"TOV2414","rare","genome_full","SBS6",23.7199587796655,0.0818467676895178
"TOV2414","rare","genome_full","SBS7a",0,0
"TOV2414","rare","genome_full","SBS7b",0,0
"TOV2414","rare","genome_full","SBS7c",0,0
"TOV2414","rare","genome_full","SBS7d",0,0
"TOV2414","rare","genome_full","SBS8",0,0
"TOV2414","rare","genome_full","SBS9",0,0
"TOV2414","rare","genome_full","SBS10a",0,0
"TOV2414","rare","genome_full","SBS10b",0,0
"TOV2414","rare","genome_full","SBS10c",0,0
"TOV2414","rare","genome_full","SBS10d",0,0
"TOV2414","rare","genome_full","SBS11",18.8453932715689,0.0650268636401675
"TOV2414","rare","genome_full","SBS12",0,0
"TOV2414","rare","genome_full","SBS13",0,0
"TOV2414","rare","genome_full","SBS14",0,0
"TOV2414","rare","genome_full","SBS15",0,0
"TOV2414","rare","genome_full","SBS16",0,0
"TOV2414","rare","genome_full","SBS17a",0,0
"TOV2414","rare","genome_full","SBS17b",0,0
"TOV2414","rare","genome_full","SBS18",0,0
"TOV2414","rare","genome_full","SBS19",9.7900464332218,0.0337809885562034
"TOV2414","rare","genome_full","SBS20",0,0
"TOV2414","rare","genome_full","SBS21",0,0
"TOV2414","rare","genome_full","SBS22",0,0
"TOV2414","rare","genome_full","SBS23",0,0
"TOV2414","rare","genome_full","SBS24",0,0
"TOV2414","rare","genome_full","SBS25",0,0
"TOV2414","rare","genome_full","SBS26",23.9663548953361,0.0826969683929094
"TOV2414","rare","genome_full","SBS28",0,0
"TOV2414","rare","genome_full","SBS29",51.6167240015157,0.178105790886437
"TOV2414","rare","genome_full","SBS30",0,0
"TOV2414","rare","genome_full","SBS31",0,0
"TOV2414","rare","genome_full","SBS32",0,0
"TOV2414","rare","genome_full","SBS33",0,0
"TOV2414","rare","genome_full","SBS34",0,0
"TOV2414","rare","genome_full","SBS35",0,0
"TOV2414","rare","genome_full","SBS36",0,0
"TOV2414","rare","genome_full","SBS37",0,0
"TOV2414","rare","genome_full","SBS38",0,0
"TOV2414","rare","genome_full","SBS39",32.0829564844314,0.110703661442501
"TOV2414","rare","genome_full","SBS40",37.2350398371719,0.128481153098611
"TOV2414","rare","genome_full","SBS41",0,0
"TOV2414","rare","genome_full","SBS42",0,0
"TOV2414","rare","genome_full","SBS44",7.55791839707461,0.0260789319664417
"TOV2414","rare","genome_full","SBS84",0,0
"TOV2414","rare","genome_full","SBS85",0,0
"TOV2414","rare","genome_full","SBS86",0,0
"TOV2414","rare","genome_full","SBS87",24.1662684052854,0.0833867788077927
"TOV2414","rare","genome_full","SBS88",0,0
"TOV2414","rare","genome_full","SBS89",0,0
"TOV2414","rare","genome_full","SBS90",0,0
"TOV2414","rare","genome_full","SBS91",0,0
"TOV2414","rare","genome_full","SBS92",0,0
"TOV2414","rare","genome_full","SBS93",0,0
"TOV2414","rare","genome_full","SBS94",0,0
"OV1369-R2","rare_read_supported","genome_full","SBS1",0,0
"OV1369-R2","rare_read_supported","genome_full","SBS2",0,0
"OV1369-R2","rare_read_supported","genome_full","SBS3",108.162183733899,0.290922782179425
"OV1369-R2","rare_read_supported","genome_full","SBS4",0,0
"OV1369-R2","rare_read_supported","genome_full","SBS5",0,0
"OV1369-R2","rare_read_supported","genome_full","SBS6",39.2053750578336,0.105450319090018
"OV1369-R2","rare_read_supported","genome_full","SBS7a",0,0
"OV1369-R2","rare_read_supported","genome_full","SBS7b",0,0
"OV1369-R2","rare_read_supported","genome_full","SBS7c",0,0
"OV1369-R2","rare_read_supported","genome_full","SBS7d",0,0
"OV1369-R2","rare_read_supported","genome_full","SBS8",80.9733506458857,0.21779324010549
"OV1369-R2","rare_read_supported","genome_full","SBS9",0,0
"OV1369-R2","rare_read_supported","genome_full","SBS10a",0,0
"OV1369-R2","rare_read_supported","genome_full","SBS10b",0,0
"OV1369-R2","rare_read_supported","genome_full","SBS10c",0,0
"OV1369-R2","rare_read_supported","genome_full","SBS10d",0,0
"OV1369-R2","rare_read_supported","genome_full","SBS11",0,0
"OV1369-R2","rare_read_supported","genome_full","SBS12",0,0
"OV1369-R2","rare_read_supported","genome_full","SBS13",0,0
"OV1369-R2","rare_read_supported","genome_full","SBS14",0,0
"OV1369-R2","rare_read_supported","genome_full","SBS15",0,0
"OV1369-R2","rare_read_supported","genome_full","SBS16",0,0
"OV1369-R2","rare_read_supported","genome_full","SBS17a",0,0
"OV1369-R2","rare_read_supported","genome_full","SBS17b",0,0
"OV1369-R2","rare_read_supported","genome_full","SBS18",0,0
"OV1369-R2","rare_read_supported","genome_full","SBS19",0,0
"OV1369-R2","rare_read_supported","genome_full","SBS20",0,0
"OV1369-R2","rare_read_supported","genome_full","SBS21",0,0
"OV1369-R2","rare_read_supported","genome_full","SBS22",0,0
"OV1369-R2","rare_read_supported","genome_full","SBS23",0,0
"OV1369-R2","rare_read_supported","genome_full","SBS24",0,0
"OV1369-R2","rare_read_supported","genome_full","SBS25",0,0
"OV1369-R2","rare_read_supported","genome_full","SBS26",0,0
"OV1369-R2","rare_read_supported","genome_full","SBS28",0,0
"OV1369-R2","rare_read_supported","genome_full","SBS29",0,0
"OV1369-R2","rare_read_supported","genome_full","SBS30",41.1764629416522,0.110751935156604
"OV1369-R2","rare_read_supported","genome_full","SBS31",0,0
"OV1369-R2","rare_read_supported","genome_full","SBS32",24.6429066537501,0.0662817883035211
"OV1369-R2","rare_read_supported","genome_full","SBS33",0,0
"OV1369-R2","rare_read_supported","genome_full","SBS34",0,0
"OV1369-R2","rare_read_supported","genome_full","SBS35",0,0
"OV1369-R2","rare_read_supported","genome_full","SBS36",0,0
"OV1369-R2","rare_read_supported","genome_full","SBS37",0,0
"OV1369-R2","rare_read_supported","genome_full","SBS38",0,0
"OV1369-R2","rare_read_supported","genome_full","SBS39",77.6297297232911,0.208799935164942
"OV1369-R2","rare_read_supported","genome_full","SBS40",0,0
"OV1369-R2","rare_read_supported","genome_full","SBS41",0,0
"OV1369-R2","rare_read_supported","genome_full","SBS42",0,0
"OV1369-R2","rare_read_supported","genome_full","SBS44",0,0
"OV1369-R2","rare_read_supported","genome_full","SBS84",0,0
"OV1369-R2","rare_read_supported","genome_full","SBS85",0,0
"OV1369-R2","rare_read_supported","genome_full","SBS86",0,0
"OV1369-R2","rare_read_supported","genome_full","SBS87",0,0
"OV1369-R2","rare_read_supported","genome_full","SBS88",0,0
"OV1369-R2","rare_read_supported","genome_full","SBS89",0,0
"OV1369-R2","rare_read_supported","genome_full","SBS90",0,0
"OV1369-R2","rare_read_supported","genome_full","SBS91",0,0
"OV1369-R2","rare_read_supported","genome_full","SBS92",0,0
"OV1369-R2","rare_read_supported","genome_full","SBS93",0,0
"OV1369-R2","rare_read_supported","genome_full","SBS94",0,0
"OV2085","rare_read_supported","genome_full","SBS1",0,0
"OV2085","rare_read_supported","genome_full","SBS2",0,0
"OV2085","rare_read_supported","genome_full","SBS3",0,0
"OV2085","rare_read_supported","genome_full","SBS4",25.6146070415574,0.0977933412709191
"OV2085","rare_read_supported","genome_full","SBS5",67.8223770594433,0.258937287416446
"OV2085","rare_read_supported","genome_full","SBS6",0,0
"OV2085","rare_read_supported","genome_full","SBS7a",0,0
"OV2085","rare_read_supported","genome_full","SBS7b",0,0
"OV2085","rare_read_supported","genome_full","SBS7c",0,0
"OV2085","rare_read_supported","genome_full","SBS7d",0,0
"OV2085","rare_read_supported","genome_full","SBS8",0,0
"OV2085","rare_read_supported","genome_full","SBS9",0,0
"OV2085","rare_read_supported","genome_full","SBS10a",0,0
"OV2085","rare_read_supported","genome_full","SBS10b",0,0
"OV2085","rare_read_supported","genome_full","SBS10c",0,0
"OV2085","rare_read_supported","genome_full","SBS10d",0,0
"OV2085","rare_read_supported","genome_full","SBS11",0,0
"OV2085","rare_read_supported","genome_full","SBS12",10.7420742904178,0.0410118857312958
"OV2085","rare_read_supported","genome_full","SBS13",0,0
"OV2085","rare_read_supported","genome_full","SBS14",0,0
"OV2085","rare_read_supported","genome_full","SBS15",15.941814208326,0.0608638373730687
"OV2085","rare_read_supported","genome_full","SBS16",0,0
"OV2085","rare_read_supported","genome_full","SBS17a",0,0
"OV2085","rare_read_supported","genome_full","SBS17b",0,0
"OV2085","rare_read_supported","genome_full","SBS18",0,0
"OV2085","rare_read_supported","genome_full","SBS19",0,0
"OV2085","rare_read_supported","genome_full","SBS20",0,0
"OV2085","rare_read_supported","genome_full","SBS21",0,0
"OV2085","rare_read_supported","genome_full","SBS22",0,0
"OV2085","rare_read_supported","genome_full","SBS23",0,0
"OV2085","rare_read_supported","genome_full","SBS24",21.2297122129719,0.0810523654787376
"OV2085","rare_read_supported","genome_full","SBS25",0,0
"OV2085","rare_read_supported","genome_full","SBS26",0,0
"OV2085","rare_read_supported","genome_full","SBS28",6.78213468077793,0.0258933354045444
"OV2085","rare_read_supported","genome_full","SBS29",0,0
"OV2085","rare_read_supported","genome_full","SBS30",29.7065253776115,0.113415769740785
"OV2085","rare_read_supported","genome_full","SBS31",38.2686454793705,0.14610486513684
"OV2085","rare_read_supported","genome_full","SBS32",0,0
"OV2085","rare_read_supported","genome_full","SBS33",0,0
"OV2085","rare_read_supported","genome_full","SBS34",0,0
"OV2085","rare_read_supported","genome_full","SBS35",0,0
"OV2085","rare_read_supported","genome_full","SBS36",0,0
"OV2085","rare_read_supported","genome_full","SBS37",0,0
"OV2085","rare_read_supported","genome_full","SBS38",0,0
"OV2085","rare_read_supported","genome_full","SBS39",17.6440679252243,0.0673628275155389
"OV2085","rare_read_supported","genome_full","SBS40",0,0
"OV2085","rare_read_supported","genome_full","SBS41",0,0
"OV2085","rare_read_supported","genome_full","SBS42",0,0
"OV2085","rare_read_supported","genome_full","SBS44",0,0
"OV2085","rare_read_supported","genome_full","SBS84",0,0
"OV2085","rare_read_supported","genome_full","SBS85",0,0
"OV2085","rare_read_supported","genome_full","SBS86",13.8873451856905,0.0530201335858055
"OV2085","rare_read_supported","genome_full","SBS87",14.2865772649529,0.0545443513460181
"OV2085","rare_read_supported","genome_full","SBS88",0,0
"OV2085","rare_read_supported","genome_full","SBS89",0,0
"OV2085","rare_read_supported","genome_full","SBS90",0,0
"OV2085","rare_read_supported","genome_full","SBS91",0,0
"OV2085","rare_read_supported","genome_full","SBS92",0,0
"OV2085","rare_read_supported","genome_full","SBS93",0,0
"OV2085","rare_read_supported","genome_full","SBS94",0,0
"OV2295","rare_read_supported","genome_full","SBS1",0,0
"OV2295","rare_read_supported","genome_full","SBS2",7.6611374727197,0.0353704021132979
"OV2295","rare_read_supported","genome_full","SBS3",19.765830683992,0.0912560806911053
"OV2295","rare_read_supported","genome_full","SBS4",0,0
"OV2295","rare_read_supported","genome_full","SBS5",0,0
"OV2295","rare_read_supported","genome_full","SBS6",0,0
"OV2295","rare_read_supported","genome_full","SBS7a",0,0
"OV2295","rare_read_supported","genome_full","SBS7b",0,0
"OV2295","rare_read_supported","genome_full","SBS7c",0,0
"OV2295","rare_read_supported","genome_full","SBS7d",0,0
"OV2295","rare_read_supported","genome_full","SBS8",0,0
"OV2295","rare_read_supported","genome_full","SBS9",0,0
"OV2295","rare_read_supported","genome_full","SBS10a",0,0
"OV2295","rare_read_supported","genome_full","SBS10b",0,0
"OV2295","rare_read_supported","genome_full","SBS10c",0,0
"OV2295","rare_read_supported","genome_full","SBS10d",0,0
"OV2295","rare_read_supported","genome_full","SBS11",0,0
"OV2295","rare_read_supported","genome_full","SBS12",12.2413376363592,0.0565165468110267
"OV2295","rare_read_supported","genome_full","SBS13",0,0
"OV2295","rare_read_supported","genome_full","SBS14",0,0
"OV2295","rare_read_supported","genome_full","SBS15",0,0
"OV2295","rare_read_supported","genome_full","SBS16",0,0
"OV2295","rare_read_supported","genome_full","SBS17a",0,0
"OV2295","rare_read_supported","genome_full","SBS17b",0,0
"OV2295","rare_read_supported","genome_full","SBS18",0,0
"OV2295","rare_read_supported","genome_full","SBS19",0,0
"OV2295","rare_read_supported","genome_full","SBS20",0,0
"OV2295","rare_read_supported","genome_full","SBS21",0,0
"OV2295","rare_read_supported","genome_full","SBS22",0,0
"OV2295","rare_read_supported","genome_full","SBS23",0,0
"OV2295","rare_read_supported","genome_full","SBS24",15.0426628112517,0.0694498740406809
"OV2295","rare_read_supported","genome_full","SBS25",0,0
"OV2295","rare_read_supported","genome_full","SBS26",0,0
"OV2295","rare_read_supported","genome_full","SBS28",0,0
"OV2295","rare_read_supported","genome_full","SBS29",0,0
"OV2295","rare_read_supported","genome_full","SBS30",8.51773548074797,0.0393251955237148
"OV2295","rare_read_supported","genome_full","SBS31",19.9510645788499,0.092111279722511
"OV2295","rare_read_supported","genome_full","SBS32",14.6478861059817,0.0676272451086085
"OV2295","rare_read_supported","genome_full","SBS33",0,0
"OV2295","rare_read_supported","genome_full","SBS34",0,0
"OV2295","rare_read_supported","genome_full","SBS35",0,0
"OV2295","rare_read_supported","genome_full","SBS36",0,0
"OV2295","rare_read_supported","genome_full","SBS37",19.2335330461071,0.088798536812929
"OV2295","rare_read_supported","genome_full","SBS38",0,0
"OV2295","rare_read_supported","genome_full","SBS39",34.492031370544,0.159244893284434
"OV2295","rare_read_supported","genome_full","SBS40",0,0
"OV2295","rare_read_supported","genome_full","SBS41",0,0
"OV2295","rare_read_supported","genome_full","SBS42",0,0
"OV2295","rare_read_supported","genome_full","SBS44",0,0
"OV2295","rare_read_supported","genome_full","SBS84",12.2315926502048,0.0564715555704834
"OV2295","rare_read_supported","genome_full","SBS85",0,0
"OV2295","rare_read_supported","genome_full","SBS86",0,0
"OV2295","rare_read_supported","genome_full","SBS87",18.2313672844774,0.0841716774073585
"OV2295","rare_read_supported","genome_full","SBS88",0,0
"OV2295","rare_read_supported","genome_full","SBS89",34.5812304354801,0.15965671291385
"OV2295","rare_read_supported","genome_full","SBS90",0,0
"OV2295","rare_read_supported","genome_full","SBS91",0,0
"OV2295","rare_read_supported","genome_full","SBS92",0,0
"OV2295","rare_read_supported","genome_full","SBS93",0,0
"OV2295","rare_read_supported","genome_full","SBS94",0,0
"OV2295-R2","rare_read_supported","genome_full","SBS1",0,0
"OV2295-R2","rare_read_supported","genome_full","SBS2",0,0
"OV2295-R2","rare_read_supported","genome_full","SBS3",0,0
"OV2295-R2","rare_read_supported","genome_full","SBS4",0,0
"OV2295-R2","rare_read_supported","genome_full","SBS5",0,0
"OV2295-R2","rare_read_supported","genome_full","SBS6",0,0
"OV2295-R2","rare_read_supported","genome_full","SBS7a",0,0
"OV2295-R2","rare_read_supported","genome_full","SBS7b",20.8205734606673,0.0812579960692078
"OV2295-R2","rare_read_supported","genome_full","SBS7c",0,0
"OV2295-R2","rare_read_supported","genome_full","SBS7d",0,0
"OV2295-R2","rare_read_supported","genome_full","SBS8",0,0
"OV2295-R2","rare_read_supported","genome_full","SBS9",0,0
"OV2295-R2","rare_read_supported","genome_full","SBS10a",0,0
"OV2295-R2","rare_read_supported","genome_full","SBS10b",0,0
"OV2295-R2","rare_read_supported","genome_full","SBS10c",0,0
"OV2295-R2","rare_read_supported","genome_full","SBS10d",0,0
"OV2295-R2","rare_read_supported","genome_full","SBS11",0,0
"OV2295-R2","rare_read_supported","genome_full","SBS12",16.9199342245863,0.0660346820566692
"OV2295-R2","rare_read_supported","genome_full","SBS13",0,0
"OV2295-R2","rare_read_supported","genome_full","SBS14",0,0
"OV2295-R2","rare_read_supported","genome_full","SBS15",21.3409473200983,0.0832888977205982
"OV2295-R2","rare_read_supported","genome_full","SBS16",0,0
"OV2295-R2","rare_read_supported","genome_full","SBS17a",0,0
"OV2295-R2","rare_read_supported","genome_full","SBS17b",0,0
"OV2295-R2","rare_read_supported","genome_full","SBS18",0,0
"OV2295-R2","rare_read_supported","genome_full","SBS19",0,0
"OV2295-R2","rare_read_supported","genome_full","SBS20",0,0
"OV2295-R2","rare_read_supported","genome_full","SBS21",0,0
"OV2295-R2","rare_read_supported","genome_full","SBS22",0,0
"OV2295-R2","rare_read_supported","genome_full","SBS23",0,0
"OV2295-R2","rare_read_supported","genome_full","SBS24",0,0
"OV2295-R2","rare_read_supported","genome_full","SBS25",0,0
"OV2295-R2","rare_read_supported","genome_full","SBS26",0,0
"OV2295-R2","rare_read_supported","genome_full","SBS28",0,0
"OV2295-R2","rare_read_supported","genome_full","SBS29",0,0
"OV2295-R2","rare_read_supported","genome_full","SBS30",0,0
"OV2295-R2","rare_read_supported","genome_full","SBS31",27.1591612393403,0.105996072653734
"OV2295-R2","rare_read_supported","genome_full","SBS32",0,0
"OV2295-R2","rare_read_supported","genome_full","SBS33",0,0
"OV2295-R2","rare_read_supported","genome_full","SBS34",0,0
"OV2295-R2","rare_read_supported","genome_full","SBS35",0,0
"OV2295-R2","rare_read_supported","genome_full","SBS36",0,0
"OV2295-R2","rare_read_supported","genome_full","SBS37",0,0
"OV2295-R2","rare_read_supported","genome_full","SBS38",0,0
"OV2295-R2","rare_read_supported","genome_full","SBS39",37.723460097067,0.147226145239236
"OV2295-R2","rare_read_supported","genome_full","SBS40",64.4080017644723,0.251369884892464
"OV2295-R2","rare_read_supported","genome_full","SBS41",0,0
"OV2295-R2","rare_read_supported","genome_full","SBS42",0,0
"OV2295-R2","rare_read_supported","genome_full","SBS44",0,0
"OV2295-R2","rare_read_supported","genome_full","SBS84",0,0
"OV2295-R2","rare_read_supported","genome_full","SBS85",0,0
"OV2295-R2","rare_read_supported","genome_full","SBS86",0,0
"OV2295-R2","rare_read_supported","genome_full","SBS87",12.6392495665444,0.0493281365922132
"OV2295-R2","rare_read_supported","genome_full","SBS88",0,0
"OV2295-R2","rare_read_supported","genome_full","SBS89",55.216667944225,0.215498184775877
"OV2295-R2","rare_read_supported","genome_full","SBS90",0,0
"OV2295-R2","rare_read_supported","genome_full","SBS91",0,0
"OV2295-R2","rare_read_supported","genome_full","SBS92",0,0
"OV2295-R2","rare_read_supported","genome_full","SBS93",0,0
"OV2295-R2","rare_read_supported","genome_full","SBS94",0,0
"OV3133-R","rare_read_supported","genome_full","SBS1",0,0
"OV3133-R","rare_read_supported","genome_full","SBS2",0,0
"OV3133-R","rare_read_supported","genome_full","SBS3",16.2733651399906,0.0762571874717766
"OV3133-R","rare_read_supported","genome_full","SBS4",20.7812569876439,0.0973812236358907
"OV3133-R","rare_read_supported","genome_full","SBS5",53.892517202049,0.252540992735629
"OV3133-R","rare_read_supported","genome_full","SBS6",14.4070100947118,0.0675114249726011
"OV3133-R","rare_read_supported","genome_full","SBS7a",19.8903385418075,0.0932063689354787
"OV3133-R","rare_read_supported","genome_full","SBS7b",0,0
"OV3133-R","rare_read_supported","genome_full","SBS7c",0,0
"OV3133-R","rare_read_supported","genome_full","SBS7d",0,0
"OV3133-R","rare_read_supported","genome_full","SBS8",0,0
"OV3133-R","rare_read_supported","genome_full","SBS9",0,0
"OV3133-R","rare_read_supported","genome_full","SBS10a",0,0
"OV3133-R","rare_read_supported","genome_full","SBS10b",0,0
"OV3133-R","rare_read_supported","genome_full","SBS10c",0,0
"OV3133-R","rare_read_supported","genome_full","SBS10d",0,0
"OV3133-R","rare_read_supported","genome_full","SBS11",0,0
"OV3133-R","rare_read_supported","genome_full","SBS12",11.7720377030407,0.0551639122162608
"OV3133-R","rare_read_supported","genome_full","SBS13",0,0
"OV3133-R","rare_read_supported","genome_full","SBS14",0,0
"OV3133-R","rare_read_supported","genome_full","SBS15",0,0
"OV3133-R","rare_read_supported","genome_full","SBS16",0,0
"OV3133-R","rare_read_supported","genome_full","SBS17a",5.8862111822213,0.0275828573721402
"OV3133-R","rare_read_supported","genome_full","SBS17b",0,0
"OV3133-R","rare_read_supported","genome_full","SBS18",0,0
"OV3133-R","rare_read_supported","genome_full","SBS19",0,0
"OV3133-R","rare_read_supported","genome_full","SBS20",0,0
"OV3133-R","rare_read_supported","genome_full","SBS21",0,0
"OV3133-R","rare_read_supported","genome_full","SBS22",0,0
"OV3133-R","rare_read_supported","genome_full","SBS23",0,0
"OV3133-R","rare_read_supported","genome_full","SBS24",0,0
"OV3133-R","rare_read_supported","genome_full","SBS25",0,0
"OV3133-R","rare_read_supported","genome_full","SBS26",0,0
"OV3133-R","rare_read_supported","genome_full","SBS28",0,0
"OV3133-R","rare_read_supported","genome_full","SBS29",0,0
"OV3133-R","rare_read_supported","genome_full","SBS30",0,0
"OV3133-R","rare_read_supported","genome_full","SBS31",0,0
"OV3133-R","rare_read_supported","genome_full","SBS32",0,0
"OV3133-R","rare_read_supported","genome_full","SBS33",0,0
"OV3133-R","rare_read_supported","genome_full","SBS34",0,0
"OV3133-R","rare_read_supported","genome_full","SBS35",19.8236285136952,0.0928937649303299
"OV3133-R","rare_read_supported","genome_full","SBS36",0,0
"OV3133-R","rare_read_supported","genome_full","SBS37",0,0
"OV3133-R","rare_read_supported","genome_full","SBS38",0,0
"OV3133-R","rare_read_supported","genome_full","SBS39",0,0
"OV3133-R","rare_read_supported","genome_full","SBS40",28.9678659243983,0.135743772935179
"OV3133-R","rare_read_supported","genome_full","SBS41",0,0
"OV3133-R","rare_read_supported","genome_full","SBS42",0,0
"OV3133-R","rare_read_supported","genome_full","SBS44",7.22041545411663,0.0338349548585748
"OV3133-R","rare_read_supported","genome_full","SBS84",0,0
"OV3133-R","rare_read_supported","genome_full","SBS85",0,0
"OV3133-R","rare_read_supported","genome_full","SBS86",0,0
"OV3133-R","rare_read_supported","genome_full","SBS87",14.486419824817,0.0678835399361395
"OV3133-R","rare_read_supported","genome_full","SBS88",0,0
"OV3133-R","rare_read_supported","genome_full","SBS89",0,0
"OV3133-R","rare_read_supported","genome_full","SBS90",0,0
"OV3133-R","rare_read_supported","genome_full","SBS91",0,0
"OV3133-R","rare_read_supported","genome_full","SBS92",0,0
"OV3133-R","rare_read_supported","genome_full","SBS93",0,0
"OV3133-R","rare_read_supported","genome_full","SBS94",0,0
"OV3133-R2","rare_read_supported","genome_full","SBS1",0,0
"OV3133-R2","rare_read_supported","genome_full","SBS2",0,0
"OV3133-R2","rare_read_supported","genome_full","SBS3",38.933042357405,0.181489169676055
"OV3133-R2","rare_read_supported","genome_full","SBS4",0,0
"OV3133-R2","rare_read_supported","genome_full","SBS5",0,0
"OV3133-R2","rare_read_supported","genome_full","SBS6",0,0
"OV3133-R2","rare_read_supported","genome_full","SBS7a",0,0
"OV3133-R2","rare_read_supported","genome_full","SBS7b",0,0
"OV3133-R2","rare_read_supported","genome_full","SBS7c",0,0
"OV3133-R2","rare_read_supported","genome_full","SBS7d",0,0
"OV3133-R2","rare_read_supported","genome_full","SBS8",0,0
"OV3133-R2","rare_read_supported","genome_full","SBS9",0,0
"OV3133-R2","rare_read_supported","genome_full","SBS10a",0,0
"OV3133-R2","rare_read_supported","genome_full","SBS10b",0,0
"OV3133-R2","rare_read_supported","genome_full","SBS10c",0,0
"OV3133-R2","rare_read_supported","genome_full","SBS10d",0,0
"OV3133-R2","rare_read_supported","genome_full","SBS11",0,0
"OV3133-R2","rare_read_supported","genome_full","SBS12",17.2967959911464,0.0806302552385098
"OV3133-R2","rare_read_supported","genome_full","SBS13",0,0
"OV3133-R2","rare_read_supported","genome_full","SBS14",0,0
"OV3133-R2","rare_read_supported","genome_full","SBS15",0,0
"OV3133-R2","rare_read_supported","genome_full","SBS16",0,0
"OV3133-R2","rare_read_supported","genome_full","SBS17a",0,0
"OV3133-R2","rare_read_supported","genome_full","SBS17b",0,0
"OV3133-R2","rare_read_supported","genome_full","SBS18",0,0
"OV3133-R2","rare_read_supported","genome_full","SBS19",0,0
"OV3133-R2","rare_read_supported","genome_full","SBS20",0,0
"OV3133-R2","rare_read_supported","genome_full","SBS21",0,0
"OV3133-R2","rare_read_supported","genome_full","SBS22",0,0
"OV3133-R2","rare_read_supported","genome_full","SBS23",0,0
"OV3133-R2","rare_read_supported","genome_full","SBS24",0,0
"OV3133-R2","rare_read_supported","genome_full","SBS25",0,0
"OV3133-R2","rare_read_supported","genome_full","SBS26",0,0
"OV3133-R2","rare_read_supported","genome_full","SBS28",0,0
"OV3133-R2","rare_read_supported","genome_full","SBS29",0,0
"OV3133-R2","rare_read_supported","genome_full","SBS30",25.7940631902632,0.120240875809239
"OV3133-R2","rare_read_supported","genome_full","SBS31",0,0
"OV3133-R2","rare_read_supported","genome_full","SBS32",0,0
"OV3133-R2","rare_read_supported","genome_full","SBS33",0,0
"OV3133-R2","rare_read_supported","genome_full","SBS34",0,0
"OV3133-R2","rare_read_supported","genome_full","SBS35",33.0461974882893,0.154047220046235
"OV3133-R2","rare_read_supported","genome_full","SBS36",0,0
"OV3133-R2","rare_read_supported","genome_full","SBS37",0,0
"OV3133-R2","rare_read_supported","genome_full","SBS38",0,0
"OV3133-R2","rare_read_supported","genome_full","SBS39",0,0
"OV3133-R2","rare_read_supported","genome_full","SBS40",49.5995272850809,0.231211754289787
"OV3133-R2","rare_read_supported","genome_full","SBS41",0,0
"OV3133-R2","rare_read_supported","genome_full","SBS42",0,0
"OV3133-R2","rare_read_supported","genome_full","SBS44",27.6640419568223,0.128957915966007
"OV3133-R2","rare_read_supported","genome_full","SBS84",0,0
"OV3133-R2","rare_read_supported","genome_full","SBS85",0,0
"OV3133-R2","rare_read_supported","genome_full","SBS86",0,0
"OV3133-R2","rare_read_supported","genome_full","SBS87",22.1862528199349,0.103422808974166
"OV3133-R2","rare_read_supported","genome_full","SBS88",0,0
"OV3133-R2","rare_read_supported","genome_full","SBS89",0,0
"OV3133-R2","rare_read_supported","genome_full","SBS90",0,0
"OV3133-R2","rare_read_supported","genome_full","SBS91",0,0
"OV3133-R2","rare_read_supported","genome_full","SBS92",0,0
"OV3133-R2","rare_read_supported","genome_full","SBS93",0,0
"OV3133-R2","rare_read_supported","genome_full","SBS94",0,0
"OV3291","rare_read_supported","genome_full","SBS1",0,0
"OV3291","rare_read_supported","genome_full","SBS2",0,0
"OV3291","rare_read_supported","genome_full","SBS3",54.2195484247996,0.21937421650419
"OV3291","rare_read_supported","genome_full","SBS4",0,0
"OV3291","rare_read_supported","genome_full","SBS5",0,0
"OV3291","rare_read_supported","genome_full","SBS6",15.8986682397595,0.0643265757440728
"OV3291","rare_read_supported","genome_full","SBS7a",17.6393813593116,0.0713695627820402
"OV3291","rare_read_supported","genome_full","SBS7b",0,0
"OV3291","rare_read_supported","genome_full","SBS7c",0,0
"OV3291","rare_read_supported","genome_full","SBS7d",0,0
"OV3291","rare_read_supported","genome_full","SBS8",0,0
"OV3291","rare_read_supported","genome_full","SBS9",0,0
"OV3291","rare_read_supported","genome_full","SBS10a",0,0
"OV3291","rare_read_supported","genome_full","SBS10b",0,0
"OV3291","rare_read_supported","genome_full","SBS10c",0,0
"OV3291","rare_read_supported","genome_full","SBS10d",0,0
"OV3291","rare_read_supported","genome_full","SBS11",0,0
"OV3291","rare_read_supported","genome_full","SBS12",0,0
"OV3291","rare_read_supported","genome_full","SBS13",0,0
"OV3291","rare_read_supported","genome_full","SBS14",0,0
"OV3291","rare_read_supported","genome_full","SBS15",0,0
"OV3291","rare_read_supported","genome_full","SBS16",0,0
"OV3291","rare_read_supported","genome_full","SBS17a",0,0
"OV3291","rare_read_supported","genome_full","SBS17b",0,0
"OV3291","rare_read_supported","genome_full","SBS18",0,0
"OV3291","rare_read_supported","genome_full","SBS19",14.0973253958064,0.0570382786901843
"OV3291","rare_read_supported","genome_full","SBS20",0,0
"OV3291","rare_read_supported","genome_full","SBS21",0,0
"OV3291","rare_read_supported","genome_full","SBS22",0,0
"OV3291","rare_read_supported","genome_full","SBS23",0,0
"OV3291","rare_read_supported","genome_full","SBS24",0,0
"OV3291","rare_read_supported","genome_full","SBS25",0,0
"OV3291","rare_read_supported","genome_full","SBS26",0,0
"OV3291","rare_read_supported","genome_full","SBS28",0,0
"OV3291","rare_read_supported","genome_full","SBS29",0,0
"OV3291","rare_read_supported","genome_full","SBS30",0,0
"OV3291","rare_read_supported","genome_full","SBS31",0,0
"OV3291","rare_read_supported","genome_full","SBS32",0,0
"OV3291","rare_read_supported","genome_full","SBS33",0,0
"OV3291","rare_read_supported","genome_full","SBS34",0,0
"OV3291","rare_read_supported","genome_full","SBS35",0,0
"OV3291","rare_read_supported","genome_full","SBS36",0,0
"OV3291","rare_read_supported","genome_full","SBS37",22.7801907416581,0.0921694599264035
"OV3291","rare_read_supported","genome_full","SBS38",0,0
"OV3291","rare_read_supported","genome_full","SBS39",10.6241964300574,0.0429858756766115
"OV3291","rare_read_supported","genome_full","SBS40",0,0
"OV3291","rare_read_supported","genome_full","SBS41",0,0
"OV3291","rare_read_supported","genome_full","SBS42",0,0
"OV3291","rare_read_supported","genome_full","SBS44",27.0590120893789,0.109481722901436
"OV3291","rare_read_supported","genome_full","SBS84",0,0
"OV3291","rare_read_supported","genome_full","SBS85",12.7025490809911,0.0513949642371766
"OV3291","rare_read_supported","genome_full","SBS86",13.0602339209666,0.0528421697895042
"OV3291","rare_read_supported","genome_full","SBS87",0,0
"OV3291","rare_read_supported","genome_full","SBS88",0,0
"OV3291","rare_read_supported","genome_full","SBS89",41.3694005477049,0.167382062301533
"OV3291","rare_read_supported","genome_full","SBS90",0,0
"OV3291","rare_read_supported","genome_full","SBS91",8.80326744298547,0.0356183323927955
"OV3291","rare_read_supported","genome_full","SBS92",0,0
"OV3291","rare_read_supported","genome_full","SBS93",0,0
"OV3291","rare_read_supported","genome_full","SBS94",8.90174573450472,0.0360167790540522
"TOV1369","rare_read_supported","genome_full","SBS1",0,0
"TOV1369","rare_read_supported","genome_full","SBS2",0,0
"TOV1369","rare_read_supported","genome_full","SBS3",153.823496637099,0.374827518803305
"TOV1369","rare_read_supported","genome_full","SBS4",0,0
"TOV1369","rare_read_supported","genome_full","SBS5",0,0
"TOV1369","rare_read_supported","genome_full","SBS6",33.2790797283276,0.0810923893639923
"TOV1369","rare_read_supported","genome_full","SBS7a",0,0
"TOV1369","rare_read_supported","genome_full","SBS7b",0,0
"TOV1369","rare_read_supported","genome_full","SBS7c",0,0
"TOV1369","rare_read_supported","genome_full","SBS7d",0,0
"TOV1369","rare_read_supported","genome_full","SBS8",59.7330583619452,0.145553797344514
"TOV1369","rare_read_supported","genome_full","SBS9",0,0
"TOV1369","rare_read_supported","genome_full","SBS10a",0,0
"TOV1369","rare_read_supported","genome_full","SBS10b",0,0
"TOV1369","rare_read_supported","genome_full","SBS10c",0,0
"TOV1369","rare_read_supported","genome_full","SBS10d",0,0
"TOV1369","rare_read_supported","genome_full","SBS11",0,0
"TOV1369","rare_read_supported","genome_full","SBS12",0,0
"TOV1369","rare_read_supported","genome_full","SBS13",0,0
"TOV1369","rare_read_supported","genome_full","SBS14",0,0
"TOV1369","rare_read_supported","genome_full","SBS15",0,0
"TOV1369","rare_read_supported","genome_full","SBS16",0,0
"TOV1369","rare_read_supported","genome_full","SBS17a",0,0
"TOV1369","rare_read_supported","genome_full","SBS17b",0,0
"TOV1369","rare_read_supported","genome_full","SBS18",0,0
"TOV1369","rare_read_supported","genome_full","SBS19",0,0
"TOV1369","rare_read_supported","genome_full","SBS20",0,0
"TOV1369","rare_read_supported","genome_full","SBS21",0,0
"TOV1369","rare_read_supported","genome_full","SBS22",0,0
"TOV1369","rare_read_supported","genome_full","SBS23",0,0
"TOV1369","rare_read_supported","genome_full","SBS24",0,0
"TOV1369","rare_read_supported","genome_full","SBS25",0,0
"TOV1369","rare_read_supported","genome_full","SBS26",0,0
"TOV1369","rare_read_supported","genome_full","SBS28",0,0
"TOV1369","rare_read_supported","genome_full","SBS29",0,0
"TOV1369","rare_read_supported","genome_full","SBS30",34.2381460003776,0.0834293823395748
"TOV1369","rare_read_supported","genome_full","SBS31",0,0
"TOV1369","rare_read_supported","genome_full","SBS32",26.308412536829,0.0641067015795238
"TOV1369","rare_read_supported","genome_full","SBS33",0,0
"TOV1369","rare_read_supported","genome_full","SBS34",0,0
"TOV1369","rare_read_supported","genome_full","SBS35",0,0
"TOV1369","rare_read_supported","genome_full","SBS36",0,0
"TOV1369","rare_read_supported","genome_full","SBS37",0,0
"TOV1369","rare_read_supported","genome_full","SBS38",0,0
"TOV1369","rare_read_supported","genome_full","SBS39",103.002554173935,0.25099021056909
"TOV1369","rare_read_supported","genome_full","SBS40",0,0
"TOV1369","rare_read_supported","genome_full","SBS41",0,0
"TOV1369","rare_read_supported","genome_full","SBS42",0,0
"TOV1369","rare_read_supported","genome_full","SBS44",0,0
"TOV1369","rare_read_supported","genome_full","SBS84",0,0
"TOV1369","rare_read_supported","genome_full","SBS85",0,0
"TOV1369","rare_read_supported","genome_full","SBS86",0,0
"TOV1369","rare_read_supported","genome_full","SBS87",0,0
"TOV1369","rare_read_supported","genome_full","SBS88",0,0
"TOV1369","rare_read_supported","genome_full","SBS89",0,0
"TOV1369","rare_read_supported","genome_full","SBS90",0,0
"TOV1369","rare_read_supported","genome_full","SBS91",0,0
"TOV1369","rare_read_supported","genome_full","SBS92",0,0
"TOV1369","rare_read_supported","genome_full","SBS93",0,0
"TOV1369","rare_read_supported","genome_full","SBS94",0,0
"TOV2295-R","rare_read_supported","genome_full","SBS1",0,0
"TOV2295-R","rare_read_supported","genome_full","SBS2",0,0
"TOV2295-R","rare_read_supported","genome_full","SBS3",40.4501804034207,0.166425055143826
"TOV2295-R","rare_read_supported","genome_full","SBS4",0,0
"TOV2295-R","rare_read_supported","genome_full","SBS5",0,0
"TOV2295-R","rare_read_supported","genome_full","SBS6",0,0
"TOV2295-R","rare_read_supported","genome_full","SBS7a",0,0
"TOV2295-R","rare_read_supported","genome_full","SBS7b",0,0
"TOV2295-R","rare_read_supported","genome_full","SBS7c",0,0
"TOV2295-R","rare_read_supported","genome_full","SBS7d",0,0
"TOV2295-R","rare_read_supported","genome_full","SBS8",0,0
"TOV2295-R","rare_read_supported","genome_full","SBS9",0,0
"TOV2295-R","rare_read_supported","genome_full","SBS10a",0,0
"TOV2295-R","rare_read_supported","genome_full","SBS10b",0,0
"TOV2295-R","rare_read_supported","genome_full","SBS10c",0,0
"TOV2295-R","rare_read_supported","genome_full","SBS10d",0,0
"TOV2295-R","rare_read_supported","genome_full","SBS11",18.5991450769219,0.0765228662563145
"TOV2295-R","rare_read_supported","genome_full","SBS12",9.7299599706695,0.0400321854814016
"TOV2295-R","rare_read_supported","genome_full","SBS13",0,0
"TOV2295-R","rare_read_supported","genome_full","SBS14",0,0
"TOV2295-R","rare_read_supported","genome_full","SBS15",0,0
"TOV2295-R","rare_read_supported","genome_full","SBS16",0,0
"TOV2295-R","rare_read_supported","genome_full","SBS17a",0,0
"TOV2295-R","rare_read_supported","genome_full","SBS17b",0,0
"TOV2295-R","rare_read_supported","genome_full","SBS18",33.786754405909,0.139009576942673
"TOV2295-R","rare_read_supported","genome_full","SBS19",0,0
"TOV2295-R","rare_read_supported","genome_full","SBS20",0,0
"TOV2295-R","rare_read_supported","genome_full","SBS21",0,0
"TOV2295-R","rare_read_supported","genome_full","SBS22",0,0
"TOV2295-R","rare_read_supported","genome_full","SBS23",0,0
"TOV2295-R","rare_read_supported","genome_full","SBS24",14.9120264254163,0.0613528739650869
"TOV2295-R","rare_read_supported","genome_full","SBS25",0,0
"TOV2295-R","rare_read_supported","genome_full","SBS26",0,0
"TOV2295-R","rare_read_supported","genome_full","SBS28",0,0
"TOV2295-R","rare_read_supported","genome_full","SBS29",0,0
"TOV2295-R","rare_read_supported","genome_full","SBS30",0,0
"TOV2295-R","rare_read_supported","genome_full","SBS31",51.2696320887612,0.21093976003267
"TOV2295-R","rare_read_supported","genome_full","SBS32",0,0
"TOV2295-R","rare_read_supported","genome_full","SBS33",9.67919018270239,0.039823302240887
"TOV2295-R","rare_read_supported","genome_full","SBS34",0,0
"TOV2295-R","rare_read_supported","genome_full","SBS35",0,0
"TOV2295-R","rare_read_supported","genome_full","SBS36",0,0
"TOV2295-R","rare_read_supported","genome_full","SBS37",14.854553236462,0.0611164107764035
"TOV2295-R","rare_read_supported","genome_full","SBS38",0,0
"TOV2295-R","rare_read_supported","genome_full","SBS39",0,0
"TOV2295-R","rare_read_supported","genome_full","SBS40",0,0
"TOV2295-R","rare_read_supported","genome_full","SBS41",0,0
"TOV2295-R","rare_read_supported","genome_full","SBS42",0,0
"TOV2295-R","rare_read_supported","genome_full","SBS44",0,0
"TOV2295-R","rare_read_supported","genome_full","SBS84",0,0
"TOV2295-R","rare_read_supported","genome_full","SBS85",0,0
"TOV2295-R","rare_read_supported","genome_full","SBS86",20.7441873098561,0.0853482600701755
"TOV2295-R","rare_read_supported","genome_full","SBS87",10.5532276367235,0.0434193735076281
"TOV2295-R","rare_read_supported","genome_full","SBS88",0,0
"TOV2295-R","rare_read_supported","genome_full","SBS89",18.474572739045,0.0760103355829333
"TOV2295-R","rare_read_supported","genome_full","SBS90",0,0
"TOV2295-R","rare_read_supported","genome_full","SBS91",0,0
"TOV2295-R","rare_read_supported","genome_full","SBS92",0,0
"TOV2295-R","rare_read_supported","genome_full","SBS93",0,0
"TOV2295-R","rare_read_supported","genome_full","SBS94",0,0
"TOV2835EP","rare_read_supported","genome_full","SBS1",0,0
"TOV2835EP","rare_read_supported","genome_full","SBS2",7.84892396095368,0.0369936606471402
"TOV2835EP","rare_read_supported","genome_full","SBS3",0,0
"TOV2835EP","rare_read_supported","genome_full","SBS4",0,0
"TOV2835EP","rare_read_supported","genome_full","SBS5",47.6808440396255,0.224730035931804
"TOV2835EP","rare_read_supported","genome_full","SBS6",17.8142098264662,0.0839621884854097
"TOV2835EP","rare_read_supported","genome_full","SBS7a",0,0
"TOV2835EP","rare_read_supported","genome_full","SBS7b",0,0
"TOV2835EP","rare_read_supported","genome_full","SBS7c",0,0
"TOV2835EP","rare_read_supported","genome_full","SBS7d",0,0
"TOV2835EP","rare_read_supported","genome_full","SBS8",22.1456760719666,0.104377317130778
"TOV2835EP","rare_read_supported","genome_full","SBS9",0,0
"TOV2835EP","rare_read_supported","genome_full","SBS10a",0,0
"TOV2835EP","rare_read_supported","genome_full","SBS10b",8.76977955707945,0.0413338504104204
"TOV2835EP","rare_read_supported","genome_full","SBS10c",0,0
"TOV2835EP","rare_read_supported","genome_full","SBS10d",0,0
"TOV2835EP","rare_read_supported","genome_full","SBS11",0,0
"TOV2835EP","rare_read_supported","genome_full","SBS12",0,0
"TOV2835EP","rare_read_supported","genome_full","SBS13",0,0
"TOV2835EP","rare_read_supported","genome_full","SBS14",0,0
"TOV2835EP","rare_read_supported","genome_full","SBS15",0,0
"TOV2835EP","rare_read_supported","genome_full","SBS16",12.0322002801708,0.0567103384129333
"TOV2835EP","rare_read_supported","genome_full","SBS17a",0,0
"TOV2835EP","rare_read_supported","genome_full","SBS17b",0,0
"TOV2835EP","rare_read_supported","genome_full","SBS18",0,0
"TOV2835EP","rare_read_supported","genome_full","SBS19",0,0
"TOV2835EP","rare_read_supported","genome_full","SBS20",0,0
"TOV2835EP","rare_read_supported","genome_full","SBS21",13.9377736557779,0.0656917140952717
"TOV2835EP","rare_read_supported","genome_full","SBS22",0,0
"TOV2835EP","rare_read_supported","genome_full","SBS23",28.1599980422512,0.132724105441913
"TOV2835EP","rare_read_supported","genome_full","SBS24",0,0
"TOV2835EP","rare_read_supported","genome_full","SBS25",0,0
"TOV2835EP","rare_read_supported","genome_full","SBS26",0,0
"TOV2835EP","rare_read_supported","genome_full","SBS28",0,0
"TOV2835EP","rare_read_supported","genome_full","SBS29",10.0182948628727,0.0472183706026206
"TOV2835EP","rare_read_supported","genome_full","SBS30",0,0
"TOV2835EP","rare_read_supported","genome_full","SBS31",16.3063267243744,0.0768552122869087
"TOV2835EP","rare_read_supported","genome_full","SBS32",0,0
"TOV2835EP","rare_read_supported","genome_full","SBS33",0,0
"TOV2835EP","rare_read_supported","genome_full","SBS34",0,0
"TOV2835EP","rare_read_supported","genome_full","SBS35",0,0
"TOV2835EP","rare_read_supported","genome_full","SBS36",0,0
"TOV2835EP","rare_read_supported","genome_full","SBS37",0,0
"TOV2835EP","rare_read_supported","genome_full","SBS38",0,0
"TOV2835EP","rare_read_supported","genome_full","SBS39",0,0
"TOV2835EP","rare_read_supported","genome_full","SBS40",0,0
"TOV2835EP","rare_read_supported","genome_full","SBS41",0,0
"TOV2835EP","rare_read_supported","genome_full","SBS42",0,0
"TOV2835EP","rare_read_supported","genome_full","SBS44",0,0
"TOV2835EP","rare_read_supported","genome_full","SBS84",0,0
"TOV2835EP","rare_read_supported","genome_full","SBS85",0,0
"TOV2835EP","rare_read_supported","genome_full","SBS86",15.6887783972474,0.0739445746809649
"TOV2835EP","rare_read_supported","genome_full","SBS87",11.766626414948,0.0554586318738359
"TOV2835EP","rare_read_supported","genome_full","SBS88",0,0
"TOV2835EP","rare_read_supported","genome_full","SBS89",0,0
"TOV2835EP","rare_read_supported","genome_full","SBS90",0,0
"TOV2835EP","rare_read_supported","genome_full","SBS91",0,0
"TOV2835EP","rare_read_supported","genome_full","SBS92",0,0
"TOV2835EP","rare_read_supported","genome_full","SBS93",0,0
"TOV2835EP","rare_read_supported","genome_full","SBS94",0,0
"TOV2881EP","rare_read_supported","genome_full","SBS1",10.2131836571564,0.0379025618629908
"TOV2881EP","rare_read_supported","genome_full","SBS2",0,0
"TOV2881EP","rare_read_supported","genome_full","SBS3",0,0
"TOV2881EP","rare_read_supported","genome_full","SBS4",0,0
"TOV2881EP","rare_read_supported","genome_full","SBS5",0,0
"TOV2881EP","rare_read_supported","genome_full","SBS6",0,0
"TOV2881EP","rare_read_supported","genome_full","SBS7a",0,0
"TOV2881EP","rare_read_supported","genome_full","SBS7b",0,0
"TOV2881EP","rare_read_supported","genome_full","SBS7c",0,0
"TOV2881EP","rare_read_supported","genome_full","SBS7d",0,0
"TOV2881EP","rare_read_supported","genome_full","SBS8",9.11886385178701,0.0338413870605729
"TOV2881EP","rare_read_supported","genome_full","SBS9",18.7864840691809,0.0697192862209306
"TOV2881EP","rare_read_supported","genome_full","SBS10a",0,0
"TOV2881EP","rare_read_supported","genome_full","SBS10b",0,0
"TOV2881EP","rare_read_supported","genome_full","SBS10c",0,0
"TOV2881EP","rare_read_supported","genome_full","SBS10d",0,0
"TOV2881EP","rare_read_supported","genome_full","SBS11",0,0
"TOV2881EP","rare_read_supported","genome_full","SBS12",45.4926988004454,0.168829807480263
"TOV2881EP","rare_read_supported","genome_full","SBS13",0,0
"TOV2881EP","rare_read_supported","genome_full","SBS14",0,0
"TOV2881EP","rare_read_supported","genome_full","SBS15",13.0869766926485,0.0485676122493947
"TOV2881EP","rare_read_supported","genome_full","SBS16",0,0
"TOV2881EP","rare_read_supported","genome_full","SBS17a",0,0
"TOV2881EP","rare_read_supported","genome_full","SBS17b",0,0
"TOV2881EP","rare_read_supported","genome_full","SBS18",0,0
"TOV2881EP","rare_read_supported","genome_full","SBS19",0,0
"TOV2881EP","rare_read_supported","genome_full","SBS20",0,0
"TOV2881EP","rare_read_supported","genome_full","SBS21",0,0
"TOV2881EP","rare_read_supported","genome_full","SBS22",0,0
"TOV2881EP","rare_read_supported","genome_full","SBS23",14.0941550647897,0.0523053929296041
"TOV2881EP","rare_read_supported","genome_full","SBS24",11.6074156656082,0.0430767530579839
"TOV2881EP","rare_read_supported","genome_full","SBS25",0,0
"TOV2881EP","rare_read_supported","genome_full","SBS26",0,0
"TOV2881EP","rare_read_supported","genome_full","SBS28",0,0
"TOV2881EP","rare_read_supported","genome_full","SBS29",12.7563070361524,0.047340450618675
"TOV2881EP","rare_read_supported","genome_full","SBS30",25.9074661743038,0.096146252955789
"TOV2881EP","rare_read_supported","genome_full","SBS31",0,0
"TOV2881EP","rare_read_supported","genome_full","SBS32",0,0
"TOV2881EP","rare_read_supported","genome_full","SBS33",0,0
"TOV2881EP","rare_read_supported","genome_full","SBS34",0,0
"TOV2881EP","rare_read_supported","genome_full","SBS35",22.687689149757,0.0841972072953394
"TOV2881EP","rare_read_supported","genome_full","SBS36",0,0
"TOV2881EP","rare_read_supported","genome_full","SBS37",0,0
"TOV2881EP","rare_read_supported","genome_full","SBS38",0,0
"TOV2881EP","rare_read_supported","genome_full","SBS39",16.858853439276,0.0625655776760178
"TOV2881EP","rare_read_supported","genome_full","SBS40",0,0
"TOV2881EP","rare_read_supported","genome_full","SBS41",0,0
"TOV2881EP","rare_read_supported","genome_full","SBS42",0,0
"TOV2881EP","rare_read_supported","genome_full","SBS44",0,0
"TOV2881EP","rare_read_supported","genome_full","SBS84",0,0
"TOV2881EP","rare_read_supported","genome_full","SBS85",9.22983617665213,0.0342532209753907
"TOV2881EP","rare_read_supported","genome_full","SBS86",27.398403201673,0.101679330085376
"TOV2881EP","rare_read_supported","genome_full","SBS87",0,0
"TOV2881EP","rare_read_supported","genome_full","SBS88",0,0
"TOV2881EP","rare_read_supported","genome_full","SBS89",23.9822238036558,0.0890014075770803
"TOV2881EP","rare_read_supported","genome_full","SBS90",0,0
"TOV2881EP","rare_read_supported","genome_full","SBS91",8.23837040169784,0.0305737519545912
"TOV2881EP","rare_read_supported","genome_full","SBS92",0,0
"TOV2881EP","rare_read_supported","genome_full","SBS93",0,0
"TOV2881EP","rare_read_supported","genome_full","SBS94",0,0
"TOV2929D","rare_read_supported","genome_full","SBS1",0,0
"TOV2929D","rare_read_supported","genome_full","SBS2",0,0
"TOV2929D","rare_read_supported","genome_full","SBS3",0,0
"TOV2929D","rare_read_supported","genome_full","SBS4",0,0
"TOV2929D","rare_read_supported","genome_full","SBS5",114.187247735599,0.389309775401254
"TOV2929D","rare_read_supported","genome_full","SBS6",0,0
"TOV2929D","rare_read_supported","genome_full","SBS7a",0,0
"TOV2929D","rare_read_supported","genome_full","SBS7b",0,0
"TOV2929D","rare_read_supported","genome_full","SBS7c",0,0
"TOV2929D","rare_read_supported","genome_full","SBS7d",0,0
"TOV2929D","rare_read_supported","genome_full","SBS8",33.6504681737981,0.11472783928747
"TOV2929D","rare_read_supported","genome_full","SBS9",0,0
"TOV2929D","rare_read_supported","genome_full","SBS10a",0,0
"TOV2929D","rare_read_supported","genome_full","SBS10b",0,0
"TOV2929D","rare_read_supported","genome_full","SBS10c",0,0
"TOV2929D","rare_read_supported","genome_full","SBS10d",0,0
"TOV2929D","rare_read_supported","genome_full","SBS11",0,0
"TOV2929D","rare_read_supported","genome_full","SBS12",0,0
"TOV2929D","rare_read_supported","genome_full","SBS13",0,0
"TOV2929D","rare_read_supported","genome_full","SBS14",0,0
"TOV2929D","rare_read_supported","genome_full","SBS15",21.8635431232141,0.0745415204549195
"TOV2929D","rare_read_supported","genome_full","SBS16",0,0
"TOV2929D","rare_read_supported","genome_full","SBS17a",0,0
"TOV2929D","rare_read_supported","genome_full","SBS17b",0,0
"TOV2929D","rare_read_supported","genome_full","SBS18",0,0
"TOV2929D","rare_read_supported","genome_full","SBS19",0,0
"TOV2929D","rare_read_supported","genome_full","SBS20",0,0
"TOV2929D","rare_read_supported","genome_full","SBS21",0,0
"TOV2929D","rare_read_supported","genome_full","SBS22",0,0
"TOV2929D","rare_read_supported","genome_full","SBS23",0,0
"TOV2929D","rare_read_supported","genome_full","SBS24",0,0
"TOV2929D","rare_read_supported","genome_full","SBS25",0,0
"TOV2929D","rare_read_supported","genome_full","SBS26",0,0
"TOV2929D","rare_read_supported","genome_full","SBS28",0,0
"TOV2929D","rare_read_supported","genome_full","SBS29",0,0
"TOV2929D","rare_read_supported","genome_full","SBS30",36.0979229412903,0.123072186705699
"TOV2929D","rare_read_supported","genome_full","SBS31",0,0
"TOV2929D","rare_read_supported","genome_full","SBS32",0,0
"TOV2929D","rare_read_supported","genome_full","SBS33",13.2250199615933,0.045089356762908
"TOV2929D","rare_read_supported","genome_full","SBS34",0,0
"TOV2929D","rare_read_supported","genome_full","SBS35",0,0
"TOV2929D","rare_read_supported","genome_full","SBS36",0,0
"TOV2929D","rare_read_supported","genome_full","SBS37",0,0
"TOV2929D","rare_read_supported","genome_full","SBS38",0,0
"TOV2929D","rare_read_supported","genome_full","SBS39",55.630475595462,0.189666432889969
"TOV2929D","rare_read_supported","genome_full","SBS40",0,0
"TOV2929D","rare_read_supported","genome_full","SBS41",0,0
"TOV2929D","rare_read_supported","genome_full","SBS42",0,0
"TOV2929D","rare_read_supported","genome_full","SBS44",0,0
"TOV2929D","rare_read_supported","genome_full","SBS84",0,0
"TOV2929D","rare_read_supported","genome_full","SBS85",0,0
"TOV2929D","rare_read_supported","genome_full","SBS86",0,0
"TOV2929D","rare_read_supported","genome_full","SBS87",0,0
"TOV2929D","rare_read_supported","genome_full","SBS88",0,0
"TOV2929D","rare_read_supported","genome_full","SBS89",18.652233701643,0.06359288849778
"TOV2929D","rare_read_supported","genome_full","SBS90",0,0
"TOV2929D","rare_read_supported","genome_full","SBS91",0,0
"TOV2929D","rare_read_supported","genome_full","SBS92",0,0
"TOV2929D","rare_read_supported","genome_full","SBS93",0,0
"TOV2929D","rare_read_supported","genome_full","SBS94",0,0
"TOV3121D","rare_read_supported","genome_full","SBS1",0,0
"TOV3121D","rare_read_supported","genome_full","SBS2",10.6556351727507,0.0575111722861434
"TOV3121D","rare_read_supported","genome_full","SBS3",0,0
"TOV3121D","rare_read_supported","genome_full","SBS4",0,0
"TOV3121D","rare_read_supported","genome_full","SBS5",0,0
"TOV3121D","rare_read_supported","genome_full","SBS6",0,0
"TOV3121D","rare_read_supported","genome_full","SBS7a",0,0
"TOV3121D","rare_read_supported","genome_full","SBS7b",0,0
"TOV3121D","rare_read_supported","genome_full","SBS7c",0,0
"TOV3121D","rare_read_supported","genome_full","SBS7d",0,0
"TOV3121D","rare_read_supported","genome_full","SBS8",22.1807013936861,0.11971488499737
"TOV3121D","rare_read_supported","genome_full","SBS9",0,0
"TOV3121D","rare_read_supported","genome_full","SBS10a",0,0
"TOV3121D","rare_read_supported","genome_full","SBS10b",0,0
"TOV3121D","rare_read_supported","genome_full","SBS10c",0,0
"TOV3121D","rare_read_supported","genome_full","SBS10d",0,0
"TOV3121D","rare_read_supported","genome_full","SBS11",0,0
"TOV3121D","rare_read_supported","genome_full","SBS12",33.3304497238326,0.179892911625197
"TOV3121D","rare_read_supported","genome_full","SBS13",0,0
"TOV3121D","rare_read_supported","genome_full","SBS14",0,0
"TOV3121D","rare_read_supported","genome_full","SBS15",13.4375599711005,0.0725259277438128
"TOV3121D","rare_read_supported","genome_full","SBS16",0,0
"TOV3121D","rare_read_supported","genome_full","SBS17a",0,0
"TOV3121D","rare_read_supported","genome_full","SBS17b",0,0
"TOV3121D","rare_read_supported","genome_full","SBS18",0,0
"TOV3121D","rare_read_supported","genome_full","SBS19",0,0
"TOV3121D","rare_read_supported","genome_full","SBS20",0,0
"TOV3121D","rare_read_supported","genome_full","SBS21",0,0
"TOV3121D","rare_read_supported","genome_full","SBS22",0,0
"TOV3121D","rare_read_supported","genome_full","SBS23",23.4495175282684,0.126563008279783
"TOV3121D","rare_read_supported","genome_full","SBS24",0,0
"TOV3121D","rare_read_supported","genome_full","SBS25",0,0
"TOV3121D","rare_read_supported","genome_full","SBS26",0,0
"TOV3121D","rare_read_supported","genome_full","SBS28",0,0
"TOV3121D","rare_read_supported","genome_full","SBS29",0,0
"TOV3121D","rare_read_supported","genome_full","SBS30",0,0
"TOV3121D","rare_read_supported","genome_full","SBS31",15.8363900152946,0.0854730234091773
"TOV3121D","rare_read_supported","genome_full","SBS32",0,0
"TOV3121D","rare_read_supported","genome_full","SBS33",0,0
"TOV3121D","rare_read_supported","genome_full","SBS34",0,0
"TOV3121D","rare_read_supported","genome_full","SBS35",0,0
"TOV3121D","rare_read_supported","genome_full","SBS36",0,0
"TOV3121D","rare_read_supported","genome_full","SBS37",0,0
"TOV3121D","rare_read_supported","genome_full","SBS38",0,0
"TOV3121D","rare_read_supported","genome_full","SBS39",41.8821325493727,0.22604851815101
"TOV3121D","rare_read_supported","genome_full","SBS40",0,0
"TOV3121D","rare_read_supported","genome_full","SBS41",0,0
"TOV3121D","rare_read_supported","genome_full","SBS42",0,0
"TOV3121D","rare_read_supported","genome_full","SBS44",0,0
"TOV3121D","rare_read_supported","genome_full","SBS84",0,0
"TOV3121D","rare_read_supported","genome_full","SBS85",0,0
"TOV3121D","rare_read_supported","genome_full","SBS86",0,0
"TOV3121D","rare_read_supported","genome_full","SBS87",24.5070080516054,0.132270553507506
"TOV3121D","rare_read_supported","genome_full","SBS88",0,0
"TOV3121D","rare_read_supported","genome_full","SBS89",0,0
"TOV3121D","rare_read_supported","genome_full","SBS90",0,0
"TOV3121D","rare_read_supported","genome_full","SBS91",0,0
"TOV3121D","rare_read_supported","genome_full","SBS92",0,0
"TOV3121D","rare_read_supported","genome_full","SBS93",0,0
"TOV3121D","rare_read_supported","genome_full","SBS94",0,0
"TOV3121EP","rare_read_supported","genome_full","SBS1",0,0
"TOV3121EP","rare_read_supported","genome_full","SBS2",7.71922450743196,0.0454329686799292
"TOV3121EP","rare_read_supported","genome_full","SBS3",0,0
"TOV3121EP","rare_read_supported","genome_full","SBS4",0,0
"TOV3121EP","rare_read_supported","genome_full","SBS5",0,0
"TOV3121EP","rare_read_supported","genome_full","SBS6",0,0
"TOV3121EP","rare_read_supported","genome_full","SBS7a",0,0
"TOV3121EP","rare_read_supported","genome_full","SBS7b",0,0
"TOV3121EP","rare_read_supported","genome_full","SBS7c",0,0
"TOV3121EP","rare_read_supported","genome_full","SBS7d",0,0
"TOV3121EP","rare_read_supported","genome_full","SBS8",27.3665426798114,0.161071008525888
"TOV3121EP","rare_read_supported","genome_full","SBS9",0,0
"TOV3121EP","rare_read_supported","genome_full","SBS10a",0,0
"TOV3121EP","rare_read_supported","genome_full","SBS10b",0,0
"TOV3121EP","rare_read_supported","genome_full","SBS10c",0,0
"TOV3121EP","rare_read_supported","genome_full","SBS10d",0,0
"TOV3121EP","rare_read_supported","genome_full","SBS11",0,0
"TOV3121EP","rare_read_supported","genome_full","SBS12",11.8019731777659,0.0694627649747147
"TOV3121EP","rare_read_supported","genome_full","SBS13",5.08261572157135,0.0299147046012125
"TOV3121EP","rare_read_supported","genome_full","SBS14",0,0
"TOV3121EP","rare_read_supported","genome_full","SBS15",10.5533067740352,0.0621135006078399
"TOV3121EP","rare_read_supported","genome_full","SBS16",0,0
"TOV3121EP","rare_read_supported","genome_full","SBS17a",0,0
"TOV3121EP","rare_read_supported","genome_full","SBS17b",0,0
"TOV3121EP","rare_read_supported","genome_full","SBS18",0,0
"TOV3121EP","rare_read_supported","genome_full","SBS19",0,0
"TOV3121EP","rare_read_supported","genome_full","SBS20",0,0
"TOV3121EP","rare_read_supported","genome_full","SBS21",0,0
"TOV3121EP","rare_read_supported","genome_full","SBS22",0,0
"TOV3121EP","rare_read_supported","genome_full","SBS23",23.8400114292083,0.140314935982178
"TOV3121EP","rare_read_supported","genome_full","SBS24",7.43249359144529,0.043745359165133
"TOV3121EP","rare_read_supported","genome_full","SBS25",0,0
"TOV3121EP","rare_read_supported","genome_full","SBS26",17.7348793943928,0.104382016521479
"TOV3121EP","rare_read_supported","genome_full","SBS28",0,0
"TOV3121EP","rare_read_supported","genome_full","SBS29",0,0
"TOV3121EP","rare_read_supported","genome_full","SBS30",0,0
"TOV3121EP","rare_read_supported","genome_full","SBS31",0,0
"TOV3121EP","rare_read_supported","genome_full","SBS32",0,0
"TOV3121EP","rare_read_supported","genome_full","SBS33",0,0
"TOV3121EP","rare_read_supported","genome_full","SBS34",0,0
"TOV3121EP","rare_read_supported","genome_full","SBS35",0,0
"TOV3121EP","rare_read_supported","genome_full","SBS36",0,0
"TOV3121EP","rare_read_supported","genome_full","SBS37",0,0
"TOV3121EP","rare_read_supported","genome_full","SBS38",0,0
"TOV3121EP","rare_read_supported","genome_full","SBS39",15.4844388119948,0.0911366190858056
"TOV3121EP","rare_read_supported","genome_full","SBS40",0,0
"TOV3121EP","rare_read_supported","genome_full","SBS41",0,0
"TOV3121EP","rare_read_supported","genome_full","SBS42",0,0
"TOV3121EP","rare_read_supported","genome_full","SBS44",0,0
"TOV3121EP","rare_read_supported","genome_full","SBS84",0,0
"TOV3121EP","rare_read_supported","genome_full","SBS85",0,0
"TOV3121EP","rare_read_supported","genome_full","SBS86",13.4753294316163,0.0793116224860298
"TOV3121EP","rare_read_supported","genome_full","SBS87",23.3161346424535,0.137231559197132
"TOV3121EP","rare_read_supported","genome_full","SBS88",0,0
"TOV3121EP","rare_read_supported","genome_full","SBS89",0,0
"TOV3121EP","rare_read_supported","genome_full","SBS90",0,0
"TOV3121EP","rare_read_supported","genome_full","SBS91",0,0
"TOV3121EP","rare_read_supported","genome_full","SBS92",6.09664037432488,0.0358829401726577
"TOV3121EP","rare_read_supported","genome_full","SBS93",0,0
"TOV3121EP","rare_read_supported","genome_full","SBS94",0,0
"TOV3133D","rare_read_supported","genome_full","SBS1",0,0
"TOV3133D","rare_read_supported","genome_full","SBS2",0,0
"TOV3133D","rare_read_supported","genome_full","SBS3",20.9166351939609,0.12490612646683
"TOV3133D","rare_read_supported","genome_full","SBS4",0,0
"TOV3133D","rare_read_supported","genome_full","SBS5",0,0
"TOV3133D","rare_read_supported","genome_full","SBS6",0,0
"TOV3133D","rare_read_supported","genome_full","SBS7a",9.11754921785392,0.0544465084901233
"TOV3133D","rare_read_supported","genome_full","SBS7b",0,0
"TOV3133D","rare_read_supported","genome_full","SBS7c",0,0
"TOV3133D","rare_read_supported","genome_full","SBS7d",0,0
"TOV3133D","rare_read_supported","genome_full","SBS8",0,0
"TOV3133D","rare_read_supported","genome_full","SBS9",0,0
"TOV3133D","rare_read_supported","genome_full","SBS10a",0,0
"TOV3133D","rare_read_supported","genome_full","SBS10b",0,0
"TOV3133D","rare_read_supported","genome_full","SBS10c",0,0
"TOV3133D","rare_read_supported","genome_full","SBS10d",0,0
"TOV3133D","rare_read_supported","genome_full","SBS11",0,0
"TOV3133D","rare_read_supported","genome_full","SBS12",20.3842611644965,0.121726992861672
"TOV3133D","rare_read_supported","genome_full","SBS13",0,0
"TOV3133D","rare_read_supported","genome_full","SBS14",0,0
"TOV3133D","rare_read_supported","genome_full","SBS15",7.28112767242637,0.0434801030586316
"TOV3133D","rare_read_supported","genome_full","SBS16",0,0
"TOV3133D","rare_read_supported","genome_full","SBS17a",0,0
"TOV3133D","rare_read_supported","genome_full","SBS17b",0,0
"TOV3133D","rare_read_supported","genome_full","SBS18",0,0
"TOV3133D","rare_read_supported","genome_full","SBS19",0,0
"TOV3133D","rare_read_supported","genome_full","SBS20",0,0
"TOV3133D","rare_read_supported","genome_full","SBS21",0,0
"TOV3133D","rare_read_supported","genome_full","SBS22",0,0
"TOV3133D","rare_read_supported","genome_full","SBS23",0,0
"TOV3133D","rare_read_supported","genome_full","SBS24",12.9564821256386,0.0773711440651545
"TOV3133D","rare_read_supported","genome_full","SBS25",0,0
"TOV3133D","rare_read_supported","genome_full","SBS26",0,0
"TOV3133D","rare_read_supported","genome_full","SBS28",0,0
"TOV3133D","rare_read_supported","genome_full","SBS29",0,0
"TOV3133D","rare_read_supported","genome_full","SBS30",19.8198132188405,0.118356326125351
"TOV3133D","rare_read_supported","genome_full","SBS31",18.1193292222856,0.108201687620692
"TOV3133D","rare_read_supported","genome_full","SBS32",0,0
"TOV3133D","rare_read_supported","genome_full","SBS33",0,0
"TOV3133D","rare_read_supported","genome_full","SBS34",0,0
"TOV3133D","rare_read_supported","genome_full","SBS35",13.4213229163211,0.0801469950588505
"TOV3133D","rare_read_supported","genome_full","SBS36",0,0
"TOV3133D","rare_read_supported","genome_full","SBS37",0,0
"TOV3133D","rare_read_supported","genome_full","SBS38",0,0
"TOV3133D","rare_read_supported","genome_full","SBS39",23.983677204418,0.143221325526564
"TOV3133D","rare_read_supported","genome_full","SBS40",0,0
"TOV3133D","rare_read_supported","genome_full","SBS41",0,0
"TOV3133D","rare_read_supported","genome_full","SBS42",0,0
"TOV3133D","rare_read_supported","genome_full","SBS44",0,0
"TOV3133D","rare_read_supported","genome_full","SBS84",0,0
"TOV3133D","rare_read_supported","genome_full","SBS85",0,0
"TOV3133D","rare_read_supported","genome_full","SBS86",0,0
"TOV3133D","rare_read_supported","genome_full","SBS87",12.1478099408753,0.0725420638023112
"TOV3133D","rare_read_supported","genome_full","SBS88",9.31083329922522,0.0556007269238205
"TOV3133D","rare_read_supported","genome_full","SBS89",0,0
"TOV3133D","rare_read_supported","genome_full","SBS90",0,0
"TOV3133D","rare_read_supported","genome_full","SBS91",0,0
"TOV3133D","rare_read_supported","genome_full","SBS92",0,0
"TOV3133D","rare_read_supported","genome_full","SBS93",0,0
"TOV3133D","rare_read_supported","genome_full","SBS94",0,0
"TOV3133G","rare_read_supported","genome_full","SBS1",0,0
"TOV3133G","rare_read_supported","genome_full","SBS2",0,0
"TOV3133G","rare_read_supported","genome_full","SBS3",55.9517661916454,0.31278708095548
"TOV3133G","rare_read_supported","genome_full","SBS4",0,0
"TOV3133G","rare_read_supported","genome_full","SBS5",33.10564662268,0.185070450408729
"TOV3133G","rare_read_supported","genome_full","SBS6",6.25626506069124,0.0349743898935146
"TOV3133G","rare_read_supported","genome_full","SBS7a",0,0
"TOV3133G","rare_read_supported","genome_full","SBS7b",0,0
"TOV3133G","rare_read_supported","genome_full","SBS7c",0,0
"TOV3133G","rare_read_supported","genome_full","SBS7d",0,0
"TOV3133G","rare_read_supported","genome_full","SBS8",0,0
"TOV3133G","rare_read_supported","genome_full","SBS9",0,0
"TOV3133G","rare_read_supported","genome_full","SBS10a",0,0
"TOV3133G","rare_read_supported","genome_full","SBS10b",0,0
"TOV3133G","rare_read_supported","genome_full","SBS10c",0,0
"TOV3133G","rare_read_supported","genome_full","SBS10d",5.12080247672959,0.0286268149848862
"TOV3133G","rare_read_supported","genome_full","SBS11",0,0
"TOV3133G","rare_read_supported","genome_full","SBS12",0,0
"TOV3133G","rare_read_supported","genome_full","SBS13",0,0
"TOV3133G","rare_read_supported","genome_full","SBS14",0,0
"TOV3133G","rare_read_supported","genome_full","SBS15",0,0
"TOV3133G","rare_read_supported","genome_full","SBS16",13.359909720629,0.0746858847856755
"TOV3133G","rare_read_supported","genome_full","SBS17a",0,0
"TOV3133G","rare_read_supported","genome_full","SBS17b",0,0
"TOV3133G","rare_read_supported","genome_full","SBS18",0,0
"TOV3133G","rare_read_supported","genome_full","SBS19",0,0
"TOV3133G","rare_read_supported","genome_full","SBS20",0,0
"TOV3133G","rare_read_supported","genome_full","SBS21",7.67473737404829,0.0429040736999459
"TOV3133G","rare_read_supported","genome_full","SBS22",0,0
"TOV3133G","rare_read_supported","genome_full","SBS23",0,0
"TOV3133G","rare_read_supported","genome_full","SBS24",0,0
"TOV3133G","rare_read_supported","genome_full","SBS25",0,0
"TOV3133G","rare_read_supported","genome_full","SBS26",0,0
"TOV3133G","rare_read_supported","genome_full","SBS28",0,0
"TOV3133G","rare_read_supported","genome_full","SBS29",0,0
"TOV3133G","rare_read_supported","genome_full","SBS30",27.004047652591,0.15096069014704
"TOV3133G","rare_read_supported","genome_full","SBS31",0,0
"TOV3133G","rare_read_supported","genome_full","SBS32",0,0
"TOV3133G","rare_read_supported","genome_full","SBS33",0,0
"TOV3133G","rare_read_supported","genome_full","SBS34",0,0
"TOV3133G","rare_read_supported","genome_full","SBS35",10.0988866820334,0.0564557922149213
"TOV3133G","rare_read_supported","genome_full","SBS36",0,0
"TOV3133G","rare_read_supported","genome_full","SBS37",0,0
"TOV3133G","rare_read_supported","genome_full","SBS38",9.28728888798223,0.0519187181922416
"TOV3133G","rare_read_supported","genome_full","SBS39",0,0
"TOV3133G","rare_read_supported","genome_full","SBS40",0,0
"TOV3133G","rare_read_supported","genome_full","SBS41",0,0
"TOV3133G","rare_read_supported","genome_full","SBS42",0,0
"TOV3133G","rare_read_supported","genome_full","SBS44",0,0
"TOV3133G","rare_read_supported","genome_full","SBS84",0,0
"TOV3133G","rare_read_supported","genome_full","SBS85",0,0
"TOV3133G","rare_read_supported","genome_full","SBS86",0,0
"TOV3133G","rare_read_supported","genome_full","SBS87",11.0219701985959,0.0616161047175647
"TOV3133G","rare_read_supported","genome_full","SBS88",0,0
"TOV3133G","rare_read_supported","genome_full","SBS89",0,0
"TOV3133G","rare_read_supported","genome_full","SBS90",0,0
"TOV3133G","rare_read_supported","genome_full","SBS91",0,0
"TOV3133G","rare_read_supported","genome_full","SBS92",0,0
"TOV3133G","rare_read_supported","genome_full","SBS93",0,0
"TOV3133G","rare_read_supported","genome_full","SBS94",0,0
"OV3331","rare_read_supported","genome_full","SBS1",7.84896859852756,0.0523407471767384
"OV3331","rare_read_supported","genome_full","SBS2",4.80476346507071,0.0320405039990189
"OV3331","rare_read_supported","genome_full","SBS3",0,0
"OV3331","rare_read_supported","genome_full","SBS4",0,0
"OV3331","rare_read_supported","genome_full","SBS5",19.9886067035012,0.133293769334163
"OV3331","rare_read_supported","genome_full","SBS6",8.86656470712557,0.0591265738722552
"OV3331","rare_read_supported","genome_full","SBS7a",0,0
"OV3331","rare_read_supported","genome_full","SBS7b",0,0
"OV3331","rare_read_supported","genome_full","SBS7c",0,0
"OV3331","rare_read_supported","genome_full","SBS7d",4.80972046519799,0.0320735596912618
"OV3331","rare_read_supported","genome_full","SBS8",0,0
"OV3331","rare_read_supported","genome_full","SBS9",0,0
"OV3331","rare_read_supported","genome_full","SBS10a",0,0
"OV3331","rare_read_supported","genome_full","SBS10b",0,0
"OV3331","rare_read_supported","genome_full","SBS10c",0,0
"OV3331","rare_read_supported","genome_full","SBS10d",0,0
"OV3331","rare_read_supported","genome_full","SBS11",0,0
"OV3331","rare_read_supported","genome_full","SBS12",0,0
"OV3331","rare_read_supported","genome_full","SBS13",0,0
"OV3331","rare_read_supported","genome_full","SBS14",0,0
"OV3331","rare_read_supported","genome_full","SBS15",0,0
"OV3331","rare_read_supported","genome_full","SBS16",0,0
"OV3331","rare_read_supported","genome_full","SBS17a",5.69933570895454,0.038005947618864
"OV3331","rare_read_supported","genome_full","SBS17b",0,0
"OV3331","rare_read_supported","genome_full","SBS18",0,0
"OV3331","rare_read_supported","genome_full","SBS19",0,0
"OV3331","rare_read_supported","genome_full","SBS20",0,0
"OV3331","rare_read_supported","genome_full","SBS21",0,0
"OV3331","rare_read_supported","genome_full","SBS22",0,0
"OV3331","rare_read_supported","genome_full","SBS23",0,0
"OV3331","rare_read_supported","genome_full","SBS24",25.6660291718246,0.171153588786847
"OV3331","rare_read_supported","genome_full","SBS25",0,0
"OV3331","rare_read_supported","genome_full","SBS26",11.9311729091728,0.0795628746531253
"OV3331","rare_read_supported","genome_full","SBS28",0,0
"OV3331","rare_read_supported","genome_full","SBS29",0,0
"OV3331","rare_read_supported","genome_full","SBS30",0,0
"OV3331","rare_read_supported","genome_full","SBS31",19.5863666404783,0.130611436594675
"OV3331","rare_read_supported","genome_full","SBS32",0,0
"OV3331","rare_read_supported","genome_full","SBS33",0,0
"OV3331","rare_read_supported","genome_full","SBS34",0,0
"OV3331","rare_read_supported","genome_full","SBS35",0,0
"OV3331","rare_read_supported","genome_full","SBS36",0,0
"OV3331","rare_read_supported","genome_full","SBS37",0,0
"OV3331","rare_read_supported","genome_full","SBS38",0,0
"OV3331","rare_read_supported","genome_full","SBS39",31.5619536709007,0.210470486249933
"OV3331","rare_read_supported","genome_full","SBS40",0,0
"OV3331","rare_read_supported","genome_full","SBS41",0,0
"OV3331","rare_read_supported","genome_full","SBS42",0,0
"OV3331","rare_read_supported","genome_full","SBS44",0,0
"OV3331","rare_read_supported","genome_full","SBS84",0,0
"OV3331","rare_read_supported","genome_full","SBS85",0,0
"OV3331","rare_read_supported","genome_full","SBS86",0,0
"OV3331","rare_read_supported","genome_full","SBS87",0,0
"OV3331","rare_read_supported","genome_full","SBS88",0,0
"OV3331","rare_read_supported","genome_full","SBS89",9.19556558277398,0.0613205120231187
"OV3331","rare_read_supported","genome_full","SBS90",0,0
"OV3331","rare_read_supported","genome_full","SBS91",0,0
"OV3331","rare_read_supported","genome_full","SBS92",0,0
"OV3331","rare_read_supported","genome_full","SBS93",0,0
"OV3331","rare_read_supported","genome_full","SBS94",0,0
"OV90","rare_read_supported","genome_full","SBS1",8.51458101730622,0.0304028852962429
"OV90","rare_read_supported","genome_full","SBS2",7.10464057595152,0.0253684323471296
"OV90","rare_read_supported","genome_full","SBS3",0,0
"OV90","rare_read_supported","genome_full","SBS4",0,0
"OV90","rare_read_supported","genome_full","SBS5",0,0
"OV90","rare_read_supported","genome_full","SBS6",0,0
"OV90","rare_read_supported","genome_full","SBS7a",0,0
"OV90","rare_read_supported","genome_full","SBS7b",22.6228282518681,0.0807789897142526
"OV90","rare_read_supported","genome_full","SBS7c",0,0
"OV90","rare_read_supported","genome_full","SBS7d",0,0
"OV90","rare_read_supported","genome_full","SBS8",0,0
"OV90","rare_read_supported","genome_full","SBS9",26.402826178811,0.0942761709800477
"OV90","rare_read_supported","genome_full","SBS10a",0,0
"OV90","rare_read_supported","genome_full","SBS10b",0,0
"OV90","rare_read_supported","genome_full","SBS10c",0,0
"OV90","rare_read_supported","genome_full","SBS10d",0,0
"OV90","rare_read_supported","genome_full","SBS11",0,0
"OV90","rare_read_supported","genome_full","SBS12",0,0
"OV90","rare_read_supported","genome_full","SBS13",0,0
"OV90","rare_read_supported","genome_full","SBS14",0,0
"OV90","rare_read_supported","genome_full","SBS15",19.6370203283172,0.0701176106479399
"OV90","rare_read_supported","genome_full","SBS16",0,0
"OV90","rare_read_supported","genome_full","SBS17a",0,0
"OV90","rare_read_supported","genome_full","SBS17b",0,0
"OV90","rare_read_supported","genome_full","SBS18",0,0
"OV90","rare_read_supported","genome_full","SBS19",0,0
"OV90","rare_read_supported","genome_full","SBS20",0,0
"OV90","rare_read_supported","genome_full","SBS21",0,0
"OV90","rare_read_supported","genome_full","SBS22",0,0
"OV90","rare_read_supported","genome_full","SBS23",0,0
"OV90","rare_read_supported","genome_full","SBS24",24.3005074401058,0.0867694533460168
"OV90","rare_read_supported","genome_full","SBS25",0,0
"OV90","rare_read_supported","genome_full","SBS26",46.2463634582582,0.165131188573106
"OV90","rare_read_supported","genome_full","SBS28",0,0
"OV90","rare_read_supported","genome_full","SBS29",10.6852546212265,0.038153676610746
"OV90","rare_read_supported","genome_full","SBS30",8.14790463245431,0.0290935994903019
"OV90","rare_read_supported","genome_full","SBS31",7.94289578105989,0.0283615774940356
"OV90","rare_read_supported","genome_full","SBS32",17.8615407285398,0.0637779325700478
"OV90","rare_read_supported","genome_full","SBS33",7.11412171234847,0.02540228649706
"OV90","rare_read_supported","genome_full","SBS34",0,0
"OV90","rare_read_supported","genome_full","SBS35",0,0
"OV90","rare_read_supported","genome_full","SBS36",0,0
"OV90","rare_read_supported","genome_full","SBS37",0,0
"OV90","rare_read_supported","genome_full","SBS38",0,0
"OV90","rare_read_supported","genome_full","SBS39",29.2335234843701,0.104383698915289
"OV90","rare_read_supported","genome_full","SBS40",0,0
"OV90","rare_read_supported","genome_full","SBS41",0,0
"OV90","rare_read_supported","genome_full","SBS42",0,0
"OV90","rare_read_supported","genome_full","SBS44",0,0
"OV90","rare_read_supported","genome_full","SBS84",13.0625567842048,0.0466422733871032
"OV90","rare_read_supported","genome_full","SBS85",0,0
"OV90","rare_read_supported","genome_full","SBS86",17.1427916728,0.0612115062181201
"OV90","rare_read_supported","genome_full","SBS87",0,0
"OV90","rare_read_supported","genome_full","SBS88",0,0
"OV90","rare_read_supported","genome_full","SBS89",14.0389645851456,0.0501287179125617
"OV90","rare_read_supported","genome_full","SBS90",0,0
"OV90","rare_read_supported","genome_full","SBS91",0,0
"OV90","rare_read_supported","genome_full","SBS92",0,0
"OV90","rare_read_supported","genome_full","SBS93",0,0
"OV90","rare_read_supported","genome_full","SBS94",0,0
"TOV81D","rare_read_supported","genome_full","SBS1",0,0
"TOV81D","rare_read_supported","genome_full","SBS2",0,0
"TOV81D","rare_read_supported","genome_full","SBS3",48.3642597496346,0.283583342225137
"TOV81D","rare_read_supported","genome_full","SBS4",0,0
"TOV81D","rare_read_supported","genome_full","SBS5",0,0
"TOV81D","rare_read_supported","genome_full","SBS6",0,0
"TOV81D","rare_read_supported","genome_full","SBS7a",0,0
"TOV81D","rare_read_supported","genome_full","SBS7b",0,0
"TOV81D","rare_read_supported","genome_full","SBS7c",0,0
"TOV81D","rare_read_supported","genome_full","SBS7d",0,0
"TOV81D","rare_read_supported","genome_full","SBS8",0,0
"TOV81D","rare_read_supported","genome_full","SBS9",0,0
"TOV81D","rare_read_supported","genome_full","SBS10a",0,0
"TOV81D","rare_read_supported","genome_full","SBS10b",11.390099719083,0.0667857331702374
"TOV81D","rare_read_supported","genome_full","SBS10c",0,0
"TOV81D","rare_read_supported","genome_full","SBS10d",0,0
"TOV81D","rare_read_supported","genome_full","SBS11",0,0
"TOV81D","rare_read_supported","genome_full","SBS12",25.0563578806072,0.146917698080253
"TOV81D","rare_read_supported","genome_full","SBS13",0,0
"TOV81D","rare_read_supported","genome_full","SBS14",7.83206906038674,0.0459232568053384
"TOV81D","rare_read_supported","genome_full","SBS15",0,0
"TOV81D","rare_read_supported","genome_full","SBS16",0,0
"TOV81D","rare_read_supported","genome_full","SBS17a",0,0
"TOV81D","rare_read_supported","genome_full","SBS17b",0,0
"TOV81D","rare_read_supported","genome_full","SBS18",0,0
"TOV81D","rare_read_supported","genome_full","SBS19",0,0
"TOV81D","rare_read_supported","genome_full","SBS20",0,0
"TOV81D","rare_read_supported","genome_full","SBS21",0,0
"TOV81D","rare_read_supported","genome_full","SBS22",0,0
"TOV81D","rare_read_supported","genome_full","SBS23",0,0
"TOV81D","rare_read_supported","genome_full","SBS24",0,0
"TOV81D","rare_read_supported","genome_full","SBS25",0,0
"TOV81D","rare_read_supported","genome_full","SBS26",0,0
"TOV81D","rare_read_supported","genome_full","SBS28",0,0
"TOV81D","rare_read_supported","genome_full","SBS29",12.2705147898917,0.0719480379303595
"TOV81D","rare_read_supported","genome_full","SBS30",23.5334336346353,0.137988047345101
"TOV81D","rare_read_supported","genome_full","SBS31",0,0
"TOV81D","rare_read_supported","genome_full","SBS32",0,0
"TOV81D","rare_read_supported","genome_full","SBS33",0,0
"TOV81D","rare_read_supported","genome_full","SBS34",0,0
"TOV81D","rare_read_supported","genome_full","SBS35",0,0
"TOV81D","rare_read_supported","genome_full","SBS36",0,0
"TOV81D","rare_read_supported","genome_full","SBS37",0,0
"TOV81D","rare_read_supported","genome_full","SBS38",0,0
"TOV81D","rare_read_supported","genome_full","SBS39",13.8917021607157,0.0814538534927475
"TOV81D","rare_read_supported","genome_full","SBS40",0,0
"TOV81D","rare_read_supported","genome_full","SBS41",0,0
"TOV81D","rare_read_supported","genome_full","SBS42",0,0
"TOV81D","rare_read_supported","genome_full","SBS44",0,0
"TOV81D","rare_read_supported","genome_full","SBS84",18.9024351974916,0.110834235388855
"TOV81D","rare_read_supported","genome_full","SBS85",0,0
"TOV81D","rare_read_supported","genome_full","SBS86",0,0
"TOV81D","rare_read_supported","genome_full","SBS87",0,0
"TOV81D","rare_read_supported","genome_full","SBS88",9.3060272486299,0.0545657955619718
"TOV81D","rare_read_supported","genome_full","SBS89",0,0
"TOV81D","rare_read_supported","genome_full","SBS90",0,0
"TOV81D","rare_read_supported","genome_full","SBS91",0,0
"TOV81D","rare_read_supported","genome_full","SBS92",0,0
"TOV81D","rare_read_supported","genome_full","SBS93",0,0
"TOV81D","rare_read_supported","genome_full","SBS94",0,0
"TOV21G","rare_read_supported","genome_full","SBS1",0,0
"TOV21G","rare_read_supported","genome_full","SBS2",0,0
"TOV21G","rare_read_supported","genome_full","SBS3",0,0
"TOV21G","rare_read_supported","genome_full","SBS4",0,0
"TOV21G","rare_read_supported","genome_full","SBS5",0,0
"TOV21G","rare_read_supported","genome_full","SBS6",456.825796853027,0.296615379658034
"TOV21G","rare_read_supported","genome_full","SBS7a",0,0
"TOV21G","rare_read_supported","genome_full","SBS7b",0,0
"TOV21G","rare_read_supported","genome_full","SBS7c",0,0
"TOV21G","rare_read_supported","genome_full","SBS7d",0,0
"TOV21G","rare_read_supported","genome_full","SBS8",0,0
"TOV21G","rare_read_supported","genome_full","SBS9",0,0
"TOV21G","rare_read_supported","genome_full","SBS10a",0,0
"TOV21G","rare_read_supported","genome_full","SBS10b",0,0
"TOV21G","rare_read_supported","genome_full","SBS10c",0,0
"TOV21G","rare_read_supported","genome_full","SBS10d",0,0
"TOV21G","rare_read_supported","genome_full","SBS11",0,0
"TOV21G","rare_read_supported","genome_full","SBS12",0,0
"TOV21G","rare_read_supported","genome_full","SBS13",0,0
"TOV21G","rare_read_supported","genome_full","SBS14",0,0
"TOV21G","rare_read_supported","genome_full","SBS15",0,0
"TOV21G","rare_read_supported","genome_full","SBS16",0,0
"TOV21G","rare_read_supported","genome_full","SBS17a",0,0
"TOV21G","rare_read_supported","genome_full","SBS17b",0,0
"TOV21G","rare_read_supported","genome_full","SBS18",0,0
"TOV21G","rare_read_supported","genome_full","SBS19",0,0
"TOV21G","rare_read_supported","genome_full","SBS20",235.912545509296,0.153177184244798
"TOV21G","rare_read_supported","genome_full","SBS21",0,0
"TOV21G","rare_read_supported","genome_full","SBS22",0,0
"TOV21G","rare_read_supported","genome_full","SBS23",0,0
"TOV21G","rare_read_supported","genome_full","SBS24",0,0
"TOV21G","rare_read_supported","genome_full","SBS25",0,0
"TOV21G","rare_read_supported","genome_full","SBS26",250.523853082234,0.162664254749361
"TOV21G","rare_read_supported","genome_full","SBS28",0,0
"TOV21G","rare_read_supported","genome_full","SBS29",0,0
"TOV21G","rare_read_supported","genome_full","SBS30",0,0
"TOV21G","rare_read_supported","genome_full","SBS31",0,0
"TOV21G","rare_read_supported","genome_full","SBS32",0,0
"TOV21G","rare_read_supported","genome_full","SBS33",0,0
"TOV21G","rare_read_supported","genome_full","SBS34",0,0
"TOV21G","rare_read_supported","genome_full","SBS35",0,0
"TOV21G","rare_read_supported","genome_full","SBS36",0,0
"TOV21G","rare_read_supported","genome_full","SBS37",0,0
"TOV21G","rare_read_supported","genome_full","SBS38",0,0
"TOV21G","rare_read_supported","genome_full","SBS39",0,0
"TOV21G","rare_read_supported","genome_full","SBS40",0,0
"TOV21G","rare_read_supported","genome_full","SBS41",0,0
"TOV21G","rare_read_supported","genome_full","SBS42",0,0
"TOV21G","rare_read_supported","genome_full","SBS44",324.021787040784,0.210386204200062
"TOV21G","rare_read_supported","genome_full","SBS84",272.844507749045,0.177156977147746
"TOV21G","rare_read_supported","genome_full","SBS85",0,0
"TOV21G","rare_read_supported","genome_full","SBS86",0,0
"TOV21G","rare_read_supported","genome_full","SBS87",0,0
"TOV21G","rare_read_supported","genome_full","SBS88",0,0
"TOV21G","rare_read_supported","genome_full","SBS89",0,0
"TOV21G","rare_read_supported","genome_full","SBS90",0,0
"TOV21G","rare_read_supported","genome_full","SBS91",0,0
"TOV21G","rare_read_supported","genome_full","SBS92",0,0
"TOV21G","rare_read_supported","genome_full","SBS93",0,0
"TOV21G","rare_read_supported","genome_full","SBS94",0,0
"TOV3392D","rare_read_supported","genome_full","SBS1",0,0
"TOV3392D","rare_read_supported","genome_full","SBS2",0,0
"TOV3392D","rare_read_supported","genome_full","SBS3",0,0
"TOV3392D","rare_read_supported","genome_full","SBS4",0,0
"TOV3392D","rare_read_supported","genome_full","SBS5",0,0
"TOV3392D","rare_read_supported","genome_full","SBS6",0,0
"TOV3392D","rare_read_supported","genome_full","SBS7a",0,0
"TOV3392D","rare_read_supported","genome_full","SBS7b",0,0
"TOV3392D","rare_read_supported","genome_full","SBS7c",0,0
"TOV3392D","rare_read_supported","genome_full","SBS7d",0,0
"TOV3392D","rare_read_supported","genome_full","SBS8",0,0
"TOV3392D","rare_read_supported","genome_full","SBS9",0,0
"TOV3392D","rare_read_supported","genome_full","SBS10a",0,0
"TOV3392D","rare_read_supported","genome_full","SBS10b",6.91509009801002,0.0359598839977771
"TOV3392D","rare_read_supported","genome_full","SBS10c",0,0
"TOV3392D","rare_read_supported","genome_full","SBS10d",0,0
"TOV3392D","rare_read_supported","genome_full","SBS11",0,0
"TOV3392D","rare_read_supported","genome_full","SBS12",0,0
"TOV3392D","rare_read_supported","genome_full","SBS13",10.4337065825111,0.0542574099622961
"TOV3392D","rare_read_supported","genome_full","SBS14",8.16024123327907,0.0424349247780644
"TOV3392D","rare_read_supported","genome_full","SBS15",13.1599125372924,0.0684342389693678
"TOV3392D","rare_read_supported","genome_full","SBS16",0,0
"TOV3392D","rare_read_supported","genome_full","SBS17a",0,0
"TOV3392D","rare_read_supported","genome_full","SBS17b",0,0
"TOV3392D","rare_read_supported","genome_full","SBS18",0,0
"TOV3392D","rare_read_supported","genome_full","SBS19",9.31718642718834,0.0484512766079177
"TOV3392D","rare_read_supported","genome_full","SBS20",0,0
"TOV3392D","rare_read_supported","genome_full","SBS21",0,0
"TOV3392D","rare_read_supported","genome_full","SBS22",0,0
"TOV3392D","rare_read_supported","genome_full","SBS23",0,0
"TOV3392D","rare_read_supported","genome_full","SBS24",0,0
"TOV3392D","rare_read_supported","genome_full","SBS25",0,0
"TOV3392D","rare_read_supported","genome_full","SBS26",0,0
"TOV3392D","rare_read_supported","genome_full","SBS28",0,0
"TOV3392D","rare_read_supported","genome_full","SBS29",15.514050456272,0.0806762380296021
"TOV3392D","rare_read_supported","genome_full","SBS30",43.5080821287155,0.226250932979833
"TOV3392D","rare_read_supported","genome_full","SBS31",0,0
"TOV3392D","rare_read_supported","genome_full","SBS32",0,0
"TOV3392D","rare_read_supported","genome_full","SBS33",8.94747848211295,0.046528719615957
"TOV3392D","rare_read_supported","genome_full","SBS34",0,0
"TOV3392D","rare_read_supported","genome_full","SBS35",0,0
"TOV3392D","rare_read_supported","genome_full","SBS36",0,0
"TOV3392D","rare_read_supported","genome_full","SBS37",0,0
"TOV3392D","rare_read_supported","genome_full","SBS38",0,0
"TOV3392D","rare_read_supported","genome_full","SBS39",41.937599838996,0.218084103602565
"TOV3392D","rare_read_supported","genome_full","SBS40",0,0
"TOV3392D","rare_read_supported","genome_full","SBS41",0,0
"TOV3392D","rare_read_supported","genome_full","SBS42",0,0
"TOV3392D","rare_read_supported","genome_full","SBS44",0,0
"TOV3392D","rare_read_supported","genome_full","SBS84",0,0
"TOV3392D","rare_read_supported","genome_full","SBS85",0,0
"TOV3392D","rare_read_supported","genome_full","SBS86",0,0
"TOV3392D","rare_read_supported","genome_full","SBS87",21.2930068103996,0.110727993997677
"TOV3392D","rare_read_supported","genome_full","SBS88",13.1137679094414,0.0681942774589433
"TOV3392D","rare_read_supported","genome_full","SBS89",0,0
"TOV3392D","rare_read_supported","genome_full","SBS90",0,0
"TOV3392D","rare_read_supported","genome_full","SBS91",0,0
"TOV3392D","rare_read_supported","genome_full","SBS92",0,0
"TOV3392D","rare_read_supported","genome_full","SBS93",0,0
"TOV3392D","rare_read_supported","genome_full","SBS94",0,0
"TOV112D","rare_read_supported","genome_full","SBS1",0,0
"TOV112D","rare_read_supported","genome_full","SBS2",0,0
"TOV112D","rare_read_supported","genome_full","SBS3",0,0
"TOV112D","rare_read_supported","genome_full","SBS4",0,0
"TOV112D","rare_read_supported","genome_full","SBS5",60.0291300836876,0.48500939642367
"TOV112D","rare_read_supported","genome_full","SBS6",0,0
"TOV112D","rare_read_supported","genome_full","SBS7a",6.12747291087824,0.0495073297574743
"TOV112D","rare_read_supported","genome_full","SBS7b",0,0
"TOV112D","rare_read_supported","genome_full","SBS7c",0,0
"TOV112D","rare_read_supported","genome_full","SBS7d",0,0
"TOV112D","rare_read_supported","genome_full","SBS8",0,0
"TOV112D","rare_read_supported","genome_full","SBS9",0,0
"TOV112D","rare_read_supported","genome_full","SBS10a",0,0
"TOV112D","rare_read_supported","genome_full","SBS10b",4.55871727155106,0.0368324629935286
"TOV112D","rare_read_supported","genome_full","SBS10c",0,0
"TOV112D","rare_read_supported","genome_full","SBS10d",0,0
"TOV112D","rare_read_supported","genome_full","SBS11",0,0
"TOV112D","rare_read_supported","genome_full","SBS12",0,0
"TOV112D","rare_read_supported","genome_full","SBS13",0,0
"TOV112D","rare_read_supported","genome_full","SBS14",5.11269302310838,0.0413083473603616
"TOV112D","rare_read_supported","genome_full","SBS15",3.79261948084233,0.0306427243357279
"TOV112D","rare_read_supported","genome_full","SBS16",0,0
"TOV112D","rare_read_supported","genome_full","SBS17a",6.69500289620039,0.0540927264681994
"TOV112D","rare_read_supported","genome_full","SBS17b",3.42309754095381,0.0276571469538671
"TOV112D","rare_read_supported","genome_full","SBS18",0,0
"TOV112D","rare_read_supported","genome_full","SBS19",4.45196742398243,0.0359699704159184
"TOV112D","rare_read_supported","genome_full","SBS20",0,0
"TOV112D","rare_read_supported","genome_full","SBS21",0,0
"TOV112D","rare_read_supported","genome_full","SBS22",0,0
"TOV112D","rare_read_supported","genome_full","SBS23",0,0
"TOV112D","rare_read_supported","genome_full","SBS24",0,0
"TOV112D","rare_read_supported","genome_full","SBS25",0,0
"TOV112D","rare_read_supported","genome_full","SBS26",0,0
"TOV112D","rare_read_supported","genome_full","SBS28",0,0
"TOV112D","rare_read_supported","genome_full","SBS29",13.2922769996688,0.107395846578451
"TOV112D","rare_read_supported","genome_full","SBS30",0,0
"TOV112D","rare_read_supported","genome_full","SBS31",0,0
"TOV112D","rare_read_supported","genome_full","SBS32",0,0
"TOV112D","rare_read_supported","genome_full","SBS33",0,0
"TOV112D","rare_read_supported","genome_full","SBS34",0,0
"TOV112D","rare_read_supported","genome_full","SBS35",0,0
"TOV112D","rare_read_supported","genome_full","SBS36",0,0
"TOV112D","rare_read_supported","genome_full","SBS37",8.26615453988199,0.0667869519105758
"TOV112D","rare_read_supported","genome_full","SBS38",0,0
"TOV112D","rare_read_supported","genome_full","SBS39",0,0
"TOV112D","rare_read_supported","genome_full","SBS40",0,0
"TOV112D","rare_read_supported","genome_full","SBS41",0,0
"TOV112D","rare_read_supported","genome_full","SBS42",0,0
"TOV112D","rare_read_supported","genome_full","SBS44",0,0
"TOV112D","rare_read_supported","genome_full","SBS84",0,0
"TOV112D","rare_read_supported","genome_full","SBS85",0,0
"TOV112D","rare_read_supported","genome_full","SBS86",0,0
"TOV112D","rare_read_supported","genome_full","SBS87",0,0
"TOV112D","rare_read_supported","genome_full","SBS88",0,0
"TOV112D","rare_read_supported","genome_full","SBS89",8.01987215437028,0.0647970968022261
"TOV112D","rare_read_supported","genome_full","SBS90",0,0
"TOV112D","rare_read_supported","genome_full","SBS91",0,0
"TOV112D","rare_read_supported","genome_full","SBS92",0,0
"TOV112D","rare_read_supported","genome_full","SBS93",0,0
"TOV112D","rare_read_supported","genome_full","SBS94",0,0
"TOV2414","rare_read_supported","genome_full","SBS1",0,0
"TOV2414","rare_read_supported","genome_full","SBS2",4.80194266985303,0.0235642077086537
"TOV2414","rare_read_supported","genome_full","SBS3",0,0
"TOV2414","rare_read_supported","genome_full","SBS4",26.5195998115717,0.130137613310859
"TOV2414","rare_read_supported","genome_full","SBS5",42.4385115907577,0.208255277233731
"TOV2414","rare_read_supported","genome_full","SBS6",17.212089363166,0.0844635758356454
"TOV2414","rare_read_supported","genome_full","SBS7a",0,0
"TOV2414","rare_read_supported","genome_full","SBS7b",8.68367757778983,0.0426127499194574
"TOV2414","rare_read_supported","genome_full","SBS7c",0,0
"TOV2414","rare_read_supported","genome_full","SBS7d",0,0
"TOV2414","rare_read_supported","genome_full","SBS8",0,0
"TOV2414","rare_read_supported","genome_full","SBS9",0,0
"TOV2414","rare_read_supported","genome_full","SBS10a",0,0
"TOV2414","rare_read_supported","genome_full","SBS10b",0,0
"TOV2414","rare_read_supported","genome_full","SBS10c",0,0
"TOV2414","rare_read_supported","genome_full","SBS10d",0,0
"TOV2414","rare_read_supported","genome_full","SBS11",18.2561798266461,0.0895871614841227
"TOV2414","rare_read_supported","genome_full","SBS12",0,0
"TOV2414","rare_read_supported","genome_full","SBS13",0,0
"TOV2414","rare_read_supported","genome_full","SBS14",0,0
"TOV2414","rare_read_supported","genome_full","SBS15",0,0
"TOV2414","rare_read_supported","genome_full","SBS16",0,0
"TOV2414","rare_read_supported","genome_full","SBS17a",0,0
"TOV2414","rare_read_supported","genome_full","SBS17b",0,0
"TOV2414","rare_read_supported","genome_full","SBS18",0,0
"TOV2414","rare_read_supported","genome_full","SBS19",0,0
"TOV2414","rare_read_supported","genome_full","SBS20",0,0
"TOV2414","rare_read_supported","genome_full","SBS21",0,0
"TOV2414","rare_read_supported","genome_full","SBS22",0,0
"TOV2414","rare_read_supported","genome_full","SBS23",0,0
"TOV2414","rare_read_supported","genome_full","SBS24",0,0
"TOV2414","rare_read_supported","genome_full","SBS25",0,0
"TOV2414","rare_read_supported","genome_full","SBS26",13.7285858543782,0.067369244253921
"TOV2414","rare_read_supported","genome_full","SBS28",0,0
"TOV2414","rare_read_supported","genome_full","SBS29",0,0
"TOV2414","rare_read_supported","genome_full","SBS30",0,0
"TOV2414","rare_read_supported","genome_full","SBS31",0,0
"TOV2414","rare_read_supported","genome_full","SBS32",0,0
"TOV2414","rare_read_supported","genome_full","SBS33",0,0
"TOV2414","rare_read_supported","genome_full","SBS34",0,0
"TOV2414","rare_read_supported","genome_full","SBS35",0,0
"TOV2414","rare_read_supported","genome_full","SBS36",0,0
"TOV2414","rare_read_supported","genome_full","SBS37",12.1716217788725,0.0597288729724263
"TOV2414","rare_read_supported","genome_full","SBS38",0,0
"TOV2414","rare_read_supported","genome_full","SBS39",22.461018139913,0.11022124443917
"TOV2414","rare_read_supported","genome_full","SBS40",0,0
"TOV2414","rare_read_supported","genome_full","SBS41",0,0
"TOV2414","rare_read_supported","genome_full","SBS42",0,0
"TOV2414","rare_read_supported","genome_full","SBS44",0,0
"TOV2414","rare_read_supported","genome_full","SBS84",0,0
"TOV2414","rare_read_supported","genome_full","SBS85",0,0
"TOV2414","rare_read_supported","genome_full","SBS86",7.17517224711671,0.0352101765474849
"TOV2414","rare_read_supported","genome_full","SBS87",23.982481571749,0.117687406114524
"TOV2414","rare_read_supported","genome_full","SBS88",0,0
"TOV2414","rare_read_supported","genome_full","SBS89",0,0
"TOV2414","rare_read_supported","genome_full","SBS90",0,0
"TOV2414","rare_read_supported","genome_full","SBS91",6.35032576123641,0.0311624701800052
"TOV2414","rare_read_supported","genome_full","SBS92",0,0
"TOV2414","rare_read_supported","genome_full","SBS93",0,0
"TOV2414","rare_read_supported","genome_full","SBS94",0,0
"OV1369-R2","baseline","genome_restricted","SBS1",29.6297766709026,0.051037882234729
"OV1369-R2","baseline","genome_restricted","SBS5",0,0
"OV1369-R2","baseline","genome_restricted","SBS40",158.646802745446,0.273272287043252
"OV1369-R2","baseline","genome_restricted","SBS6",109.564833415083,0.188727614352834
"OV1369-R2","baseline","genome_restricted","SBS14",0,0
"OV1369-R2","baseline","genome_restricted","SBS15",0,0
"OV1369-R2","baseline","genome_restricted","SBS20",0,0
"OV1369-R2","baseline","genome_restricted","SBS21",0,0
"OV1369-R2","baseline","genome_restricted","SBS26",0,0
"OV1369-R2","baseline","genome_restricted","SBS44",0,0
"OV1369-R2","baseline","genome_restricted","SBS10a",0,0
"OV1369-R2","baseline","genome_restricted","SBS10b",0,0
"OV1369-R2","baseline","genome_restricted","SBS10c",0,0
"OV1369-R2","baseline","genome_restricted","SBS10d",0,0
"OV1369-R2","baseline","genome_restricted","SBS28",0,0
"OV1369-R2","baseline","genome_restricted","SBS2",0,0
"OV1369-R2","baseline","genome_restricted","SBS13",0,0
"OV1369-R2","baseline","genome_restricted","SBS3",223.428864999266,0.384860683437758
"OV1369-R2","baseline","genome_restricted","SBS8",59.2745130881707,0.102101532931426
"OV1369-R2","baseline","genome_restricted","SBS17a",0,0
"OV1369-R2","baseline","genome_restricted","SBS17b",0,0
"OV1369-R2","baseline","genome_restricted","SBS18",0,0
"OV2085","baseline","genome_restricted","SBS1",0,0
"OV2085","baseline","genome_restricted","SBS5",125.973045147936,0.272904827611905
"OV2085","baseline","genome_restricted","SBS40",0,0
"OV2085","baseline","genome_restricted","SBS6",89.7821373697219,0.194501757838263
"OV2085","baseline","genome_restricted","SBS14",0,0
"OV2085","baseline","genome_restricted","SBS15",0,0
"OV2085","baseline","genome_restricted","SBS20",0,0
"OV2085","baseline","genome_restricted","SBS21",0,0
"OV2085","baseline","genome_restricted","SBS26",0,0
"OV2085","baseline","genome_restricted","SBS44",0,0
"OV2085","baseline","genome_restricted","SBS10a",0,0
"OV2085","baseline","genome_restricted","SBS10b",19.0186943128015,0.0412016196539777
"OV2085","baseline","genome_restricted","SBS10c",0,0
"OV2085","baseline","genome_restricted","SBS10d",0,0
"OV2085","baseline","genome_restricted","SBS28",0,0
"OV2085","baseline","genome_restricted","SBS2",0,0
"OV2085","baseline","genome_restricted","SBS13",0,0
"OV2085","baseline","genome_restricted","SBS3",195.279164346713,0.42304785614774
"OV2085","baseline","genome_restricted","SBS8",0,0
"OV2085","baseline","genome_restricted","SBS17a",0,0
"OV2085","baseline","genome_restricted","SBS17b",0,0
"OV2085","baseline","genome_restricted","SBS18",31.5476063829382,0.0683439387481146
"OV2295","baseline","genome_restricted","SBS1",46.8054345418653,0.122507730673874
"OV2295","baseline","genome_restricted","SBS5",109.651409037745,0.286999691764246
"OV2295","baseline","genome_restricted","SBS40",0,0
"OV2295","baseline","genome_restricted","SBS6",0,0
"OV2295","baseline","genome_restricted","SBS14",0,0
"OV2295","baseline","genome_restricted","SBS15",0,0
"OV2295","baseline","genome_restricted","SBS20",0,0
"OV2295","baseline","genome_restricted","SBS21",0,0
"OV2295","baseline","genome_restricted","SBS26",0,0
"OV2295","baseline","genome_restricted","SBS44",0,0
"OV2295","baseline","genome_restricted","SBS10a",0,0
"OV2295","baseline","genome_restricted","SBS10b",0,0
"OV2295","baseline","genome_restricted","SBS10c",0,0
"OV2295","baseline","genome_restricted","SBS10d",0,0
"OV2295","baseline","genome_restricted","SBS28",0,0
"OV2295","baseline","genome_restricted","SBS2",10.4558822759997,0.0273670444973688
"OV2295","baseline","genome_restricted","SBS13",0,0
"OV2295","baseline","genome_restricted","SBS3",190.615921977425,0.498914800393005
"OV2295","baseline","genome_restricted","SBS8",0,0
"OV2295","baseline","genome_restricted","SBS17a",0,0
"OV2295","baseline","genome_restricted","SBS17b",0,0
"OV2295","baseline","genome_restricted","SBS18",24.532421165665,0.0642107326715051
"OV2295-R2","baseline","genome_restricted","SBS1",57.5375943657655,0.104368645840279
"OV2295-R2","baseline","genome_restricted","SBS5",0,0
"OV2295-R2","baseline","genome_restricted","SBS40",177.636475451796,0.32221851815506
"OV2295-R2","baseline","genome_restricted","SBS6",0,0
"OV2295-R2","baseline","genome_restricted","SBS14",0,0
"OV2295-R2","baseline","genome_restricted","SBS15",0,0
"OV2295-R2","baseline","genome_restricted","SBS20",0,0
"OV2295-R2","baseline","genome_restricted","SBS21",0,0
"OV2295-R2","baseline","genome_restricted","SBS26",0,0
"OV2295-R2","baseline","genome_restricted","SBS44",0,0
"OV2295-R2","baseline","genome_restricted","SBS10a",0,0
"OV2295-R2","baseline","genome_restricted","SBS10b",0,0
"OV2295-R2","baseline","genome_restricted","SBS10c",0,0
"OV2295-R2","baseline","genome_restricted","SBS10d",0,0
"OV2295-R2","baseline","genome_restricted","SBS28",0,0
"OV2295-R2","baseline","genome_restricted","SBS2",0,0
"OV2295-R2","baseline","genome_restricted","SBS13",0,0
"OV2295-R2","baseline","genome_restricted","SBS3",249.494492892121,0.452563278927264
"OV2295-R2","baseline","genome_restricted","SBS8",0,0
"OV2295-R2","baseline","genome_restricted","SBS17a",0,0
"OV2295-R2","baseline","genome_restricted","SBS17b",0,0
"OV2295-R2","baseline","genome_restricted","SBS18",66.6233880723419,0.120849557077397
"OV3133-R","baseline","genome_restricted","SBS1",38.8694833934392,0.0919951707351864
"OV3133-R","baseline","genome_restricted","SBS5",142.404108963552,0.337037932428638
"OV3133-R","baseline","genome_restricted","SBS40",86.8587936456147,0.205574884296749
"OV3133-R","baseline","genome_restricted","SBS6",0,0
"OV3133-R","baseline","genome_restricted","SBS14",0,0
"OV3133-R","baseline","genome_restricted","SBS15",0,0
"OV3133-R","baseline","genome_restricted","SBS20",0,0
"OV3133-R","baseline","genome_restricted","SBS21",0,0
"OV3133-R","baseline","genome_restricted","SBS26",0,0
"OV3133-R","baseline","genome_restricted","SBS44",0,0
"OV3133-R","baseline","genome_restricted","SBS10a",0,0
"OV3133-R","baseline","genome_restricted","SBS10b",0,0
"OV3133-R","baseline","genome_restricted","SBS10c",0,0
"OV3133-R","baseline","genome_restricted","SBS10d",0,0
"OV3133-R","baseline","genome_restricted","SBS28",0,0
"OV3133-R","baseline","genome_restricted","SBS2",0,0
"OV3133-R","baseline","genome_restricted","SBS13",0,0
"OV3133-R","baseline","genome_restricted","SBS3",113.637613659216,0.268954222125917
"OV3133-R","baseline","genome_restricted","SBS8",0,0
"OV3133-R","baseline","genome_restricted","SBS17a",0,0
"OV3133-R","baseline","genome_restricted","SBS17b",0,0
"OV3133-R","baseline","genome_restricted","SBS18",40.7465637926595,0.0964377904135095
"OV3133-R2","baseline","genome_restricted","SBS1",24.400020975146,0.0639529013428614
"OV3133-R2","baseline","genome_restricted","SBS5",151.381371113791,0.396773343016745
"OV3133-R2","baseline","genome_restricted","SBS40",35.3860663804277,0.0927475273256765
"OV3133-R2","baseline","genome_restricted","SBS6",36.243948131189,0.0949960510882654
"OV3133-R2","baseline","genome_restricted","SBS14",0,0
"OV3133-R2","baseline","genome_restricted","SBS15",0,0
"OV3133-R2","baseline","genome_restricted","SBS20",0,0
"OV3133-R2","baseline","genome_restricted","SBS21",0,0
"OV3133-R2","baseline","genome_restricted","SBS26",0,0
"OV3133-R2","baseline","genome_restricted","SBS44",0,0
"OV3133-R2","baseline","genome_restricted","SBS10a",0,0
"OV3133-R2","baseline","genome_restricted","SBS10b",0,0
"OV3133-R2","baseline","genome_restricted","SBS10c",0,0
"OV3133-R2","baseline","genome_restricted","SBS10d",0,0
"OV3133-R2","baseline","genome_restricted","SBS28",0,0
"OV3133-R2","baseline","genome_restricted","SBS2",0,0
"OV3133-R2","baseline","genome_restricted","SBS13",0,0
"OV3133-R2","baseline","genome_restricted","SBS3",91.066460786901,0.23868685966625
"OV3133-R2","baseline","genome_restricted","SBS8",0,0
"OV3133-R2","baseline","genome_restricted","SBS17a",0,0
"OV3133-R2","baseline","genome_restricted","SBS17b",0,0
"OV3133-R2","baseline","genome_restricted","SBS18",43.0532353897864,0.112843317560202
"OV3291","baseline","genome_restricted","SBS1",19.4965874049383,0.0476850178439632
"OV3291","baseline","genome_restricted","SBS5",83.9051729396694,0.205216409709504
"OV3291","baseline","genome_restricted","SBS40",69.2636851490025,0.169406060336091
"OV3291","baseline","genome_restricted","SBS6",43.7573986309641,0.107022438911254
"OV3291","baseline","genome_restricted","SBS14",0,0
"OV3291","baseline","genome_restricted","SBS15",0,0
"OV3291","baseline","genome_restricted","SBS20",0,0
"OV3291","baseline","genome_restricted","SBS21",0,0
"OV3291","baseline","genome_restricted","SBS26",0,0
"OV3291","baseline","genome_restricted","SBS44",0,0
"OV3291","baseline","genome_restricted","SBS10a",0,0
"OV3291","baseline","genome_restricted","SBS10b",0,0
"OV3291","baseline","genome_restricted","SBS10c",0,0
"OV3291","baseline","genome_restricted","SBS10d",0,0
"OV3291","baseline","genome_restricted","SBS28",0,0
"OV3291","baseline","genome_restricted","SBS2",0,0
"OV3291","baseline","genome_restricted","SBS13",0,0
"OV3291","baseline","genome_restricted","SBS3",152.802578972248,0.373726619615989
"OV3291","baseline","genome_restricted","SBS8",0,0
"OV3291","baseline","genome_restricted","SBS17a",0,0
"OV3291","baseline","genome_restricted","SBS17b",0,0
"OV3291","baseline","genome_restricted","SBS18",39.6364854534851,0.0969434535831997
"TOV1369","baseline","genome_restricted","SBS1",29.1408146667757,0.0444100572940594
"TOV1369","baseline","genome_restricted","SBS5",0,0
"TOV1369","baseline","genome_restricted","SBS40",189.504825519732,0.288801814742238
"TOV1369","baseline","genome_restricted","SBS6",93.8370533867075,0.143005916782439
"TOV1369","baseline","genome_restricted","SBS14",0,0
"TOV1369","baseline","genome_restricted","SBS15",0,0
"TOV1369","baseline","genome_restricted","SBS20",0,0
"TOV1369","baseline","genome_restricted","SBS21",0,0
"TOV1369","baseline","genome_restricted","SBS26",0,0
"TOV1369","baseline","genome_restricted","SBS44",0,0
"TOV1369","baseline","genome_restricted","SBS10a",0,0
"TOV1369","baseline","genome_restricted","SBS10b",0,0
"TOV1369","baseline","genome_restricted","SBS10c",0,0
"TOV1369","baseline","genome_restricted","SBS10d",0,0
"TOV1369","baseline","genome_restricted","SBS28",0,0
"TOV1369","baseline","genome_restricted","SBS2",0,0
"TOV1369","baseline","genome_restricted","SBS13",0,0
"TOV1369","baseline","genome_restricted","SBS3",264.252818829272,0.402716360490246
"TOV1369","baseline","genome_restricted","SBS8",79.4405081286486,0.121065850691018
"TOV1369","baseline","genome_restricted","SBS17a",0,0
"TOV1369","baseline","genome_restricted","SBS17b",0,0
"TOV1369","baseline","genome_restricted","SBS18",0,0
"TOV2295-R","baseline","genome_restricted","SBS1",28.0234632478027,0.0682381454610868
"TOV2295-R","baseline","genome_restricted","SBS5",113.187353153221,0.275615294245634
"TOV2295-R","baseline","genome_restricted","SBS40",0,0
"TOV2295-R","baseline","genome_restricted","SBS6",20.7844214120552,0.0506108170535116
"TOV2295-R","baseline","genome_restricted","SBS14",0,0
"TOV2295-R","baseline","genome_restricted","SBS15",0,0
"TOV2295-R","baseline","genome_restricted","SBS20",0,0
"TOV2295-R","baseline","genome_restricted","SBS21",0,0
"TOV2295-R","baseline","genome_restricted","SBS26",0,0
"TOV2295-R","baseline","genome_restricted","SBS44",0,0
"TOV2295-R","baseline","genome_restricted","SBS10a",0,0
"TOV2295-R","baseline","genome_restricted","SBS10b",0,0
"TOV2295-R","baseline","genome_restricted","SBS10c",0,0
"TOV2295-R","baseline","genome_restricted","SBS10d",0,0
"TOV2295-R","baseline","genome_restricted","SBS28",0,0
"TOV2295-R","baseline","genome_restricted","SBS2",9.94818027121999,0.0242241783757349
"TOV2295-R","baseline","genome_restricted","SBS13",0,0
"TOV2295-R","baseline","genome_restricted","SBS3",187.912535997349,0.457573814198508
"TOV2295-R","baseline","genome_restricted","SBS8",0,0
"TOV2295-R","baseline","genome_restricted","SBS17a",0,0
"TOV2295-R","baseline","genome_restricted","SBS17b",0,0
"TOV2295-R","baseline","genome_restricted","SBS18",50.8155707443501,0.123737750665525
"TOV2835EP","baseline","genome_restricted","SBS1",0,0
"TOV2835EP","baseline","genome_restricted","SBS5",132.315587163353,0.271195182986485
"TOV2835EP","baseline","genome_restricted","SBS40",61.2643354045649,0.12556791687796
"TOV2835EP","baseline","genome_restricted","SBS6",86.6284681336796,0.177554464829212
"TOV2835EP","baseline","genome_restricted","SBS14",26.2577290912118,0.0538180708589486
"TOV2835EP","baseline","genome_restricted","SBS15",0,0
"TOV2835EP","baseline","genome_restricted","SBS20",0,0
"TOV2835EP","baseline","genome_restricted","SBS21",0,0
"TOV2835EP","baseline","genome_restricted","SBS26",0,0
"TOV2835EP","baseline","genome_restricted","SBS44",0,0
"TOV2835EP","baseline","genome_restricted","SBS10a",0,0
"TOV2835EP","baseline","genome_restricted","SBS10b",0,0
"TOV2835EP","baseline","genome_restricted","SBS10c",0,0
"TOV2835EP","baseline","genome_restricted","SBS10d",0,0
"TOV2835EP","baseline","genome_restricted","SBS28",0,0
"TOV2835EP","baseline","genome_restricted","SBS2",0,0
"TOV2835EP","baseline","genome_restricted","SBS13",0,0
"TOV2835EP","baseline","genome_restricted","SBS3",86.742913437042,0.177789032922455
"TOV2835EP","baseline","genome_restricted","SBS8",47.0878590045458,0.0965116870426921
"TOV2835EP","baseline","genome_restricted","SBS17a",0,0
"TOV2835EP","baseline","genome_restricted","SBS17b",0,0
"TOV2835EP","baseline","genome_restricted","SBS18",47.601106934516,0.097563644482248
"TOV2881EP","baseline","genome_restricted","SBS1",30.9048121212947,0.0579274460747688
"TOV2881EP","baseline","genome_restricted","SBS5",165.428916953815,0.310077104770571
"TOV2881EP","baseline","genome_restricted","SBS40",0,0
"TOV2881EP","baseline","genome_restricted","SBS6",0,0
"TOV2881EP","baseline","genome_restricted","SBS14",0,0
"TOV2881EP","baseline","genome_restricted","SBS15",49.1624257462595,0.0921492017212097
"TOV2881EP","baseline","genome_restricted","SBS20",0,0
"TOV2881EP","baseline","genome_restricted","SBS21",0,0
"TOV2881EP","baseline","genome_restricted","SBS26",0,0
"TOV2881EP","baseline","genome_restricted","SBS44",0,0
"TOV2881EP","baseline","genome_restricted","SBS10a",0,0
"TOV2881EP","baseline","genome_restricted","SBS10b",0,0
"TOV2881EP","baseline","genome_restricted","SBS10c",0,0
"TOV2881EP","baseline","genome_restricted","SBS10d",0,0
"TOV2881EP","baseline","genome_restricted","SBS28",0,0
"TOV2881EP","baseline","genome_restricted","SBS2",0,0
"TOV2881EP","baseline","genome_restricted","SBS13",0,0
"TOV2881EP","baseline","genome_restricted","SBS3",177.195259647612,0.332131734296131
"TOV2881EP","baseline","genome_restricted","SBS8",47.13755770038,0.088353824028058
"TOV2881EP","baseline","genome_restricted","SBS17a",0,0
"TOV2881EP","baseline","genome_restricted","SBS17b",0,0
"TOV2881EP","baseline","genome_restricted","SBS18",63.6799983694902,0.119360689109262
"TOV2929D","baseline","genome_restricted","SBS1",0,0
"TOV2929D","baseline","genome_restricted","SBS5",228.379378984122,0.268882187500747
"TOV2929D","baseline","genome_restricted","SBS40",0,0
"TOV2929D","baseline","genome_restricted","SBS6",124.569163034965,0.14666135445752
"TOV2929D","baseline","genome_restricted","SBS14",0,0
"TOV2929D","baseline","genome_restricted","SBS15",0,0
"TOV2929D","baseline","genome_restricted","SBS20",0,0
"TOV2929D","baseline","genome_restricted","SBS21",0,0
"TOV2929D","baseline","genome_restricted","SBS26",0,0
"TOV2929D","baseline","genome_restricted","SBS44",0,0
"TOV2929D","baseline","genome_restricted","SBS10a",0,0
"TOV2929D","baseline","genome_restricted","SBS10b",0,0
"TOV2929D","baseline","genome_restricted","SBS10c",0,0
"TOV2929D","baseline","genome_restricted","SBS10d",0,0
"TOV2929D","baseline","genome_restricted","SBS28",0,0
"TOV2929D","baseline","genome_restricted","SBS2",0,0
"TOV2929D","baseline","genome_restricted","SBS13",0,0
"TOV2929D","baseline","genome_restricted","SBS3",247.200248384458,0.291040915480211
"TOV2929D","baseline","genome_restricted","SBS8",108.879419087654,0.128189053268834
"TOV2929D","baseline","genome_restricted","SBS17a",0,0
"TOV2929D","baseline","genome_restricted","SBS17b",0,0
"TOV2929D","baseline","genome_restricted","SBS18",140.337756722118,0.165226489292688
"TOV3121D","baseline","genome_restricted","SBS1",25.3676387098458,0.0806139574937055
"TOV3121D","baseline","genome_restricted","SBS5",117.391708852441,0.373050496965298
"TOV3121D","baseline","genome_restricted","SBS40",0,0
"TOV3121D","baseline","genome_restricted","SBS6",28.4056102697541,0.0902681043774072
"TOV3121D","baseline","genome_restricted","SBS14",0,0
"TOV3121D","baseline","genome_restricted","SBS15",0,0
"TOV3121D","baseline","genome_restricted","SBS20",0,0
"TOV3121D","baseline","genome_restricted","SBS21",0,0
"TOV3121D","baseline","genome_restricted","SBS26",0,0
"TOV3121D","baseline","genome_restricted","SBS44",0,0
"TOV3121D","baseline","genome_restricted","SBS10a",0,0
"TOV3121D","baseline","genome_restricted","SBS10b",0,0
"TOV3121D","baseline","genome_restricted","SBS10c",0,0
"TOV3121D","baseline","genome_restricted","SBS10d",0,0
"TOV3121D","baseline","genome_restricted","SBS28",0,0
"TOV3121D","baseline","genome_restricted","SBS2",9.88161339897287,0.0314020540746999
"TOV3121D","baseline","genome_restricted","SBS13",0,0
"TOV3121D","baseline","genome_restricted","SBS3",114.775317935646,0.364736060270348
"TOV3121D","baseline","genome_restricted","SBS8",0,0
"TOV3121D","baseline","genome_restricted","SBS17a",0,0
"TOV3121D","baseline","genome_restricted","SBS17b",0,0
"TOV3121D","baseline","genome_restricted","SBS18",18.8585892334556,0.0599293268185417
"TOV3121EP","baseline","genome_restricted","SBS1",24.0624756348379,0.0622850270196299
"TOV3121EP","baseline","genome_restricted","SBS5",55.4023136204567,0.143407297452143
"TOV3121EP","baseline","genome_restricted","SBS40",62.8925945614934,0.162795674520114
"TOV3121EP","baseline","genome_restricted","SBS6",41.0242086044755,0.106189985609347
"TOV3121EP","baseline","genome_restricted","SBS14",0,0
"TOV3121EP","baseline","genome_restricted","SBS15",0,0
"TOV3121EP","baseline","genome_restricted","SBS20",0,0
"TOV3121EP","baseline","genome_restricted","SBS21",0,0
"TOV3121EP","baseline","genome_restricted","SBS26",0,0
"TOV3121EP","baseline","genome_restricted","SBS44",0,0
"TOV3121EP","baseline","genome_restricted","SBS10a",0,0
"TOV3121EP","baseline","genome_restricted","SBS10b",0,0
"TOV3121EP","baseline","genome_restricted","SBS10c",0,0
"TOV3121EP","baseline","genome_restricted","SBS10d",0,0
"TOV3121EP","baseline","genome_restricted","SBS28",0,0
"TOV3121EP","baseline","genome_restricted","SBS2",0,0
"TOV3121EP","baseline","genome_restricted","SBS13",0,0
"TOV3121EP","baseline","genome_restricted","SBS3",143.727359131658,0.372034140743793
"TOV3121EP","baseline","genome_restricted","SBS8",0,0
"TOV3121EP","baseline","genome_restricted","SBS17a",0,0
"TOV3121EP","baseline","genome_restricted","SBS17b",0,0
"TOV3121EP","baseline","genome_restricted","SBS18",59.2194613295894,0.153287874654974
"TOV3133D","baseline","genome_restricted","SBS1",0,0
"TOV3133D","baseline","genome_restricted","SBS5",106.873823351667,0.274477211070846
"TOV3133D","baseline","genome_restricted","SBS40",0,0
"TOV3133D","baseline","genome_restricted","SBS6",56.8582816259583,0.146025491346197
"TOV3133D","baseline","genome_restricted","SBS14",0,0
"TOV3133D","baseline","genome_restricted","SBS15",0,0
"TOV3133D","baseline","genome_restricted","SBS20",0,0
"TOV3133D","baseline","genome_restricted","SBS21",0,0
"TOV3133D","baseline","genome_restricted","SBS26",0,0
"TOV3133D","baseline","genome_restricted","SBS44",0,0
"TOV3133D","baseline","genome_restricted","SBS10a",0,0
"TOV3133D","baseline","genome_restricted","SBS10b",0,0
"TOV3133D","baseline","genome_restricted","SBS10c",0,0
"TOV3133D","baseline","genome_restricted","SBS10d",0,0
"TOV3133D","baseline","genome_restricted","SBS28",0,0
"TOV3133D","baseline","genome_restricted","SBS2",0,0
"TOV3133D","baseline","genome_restricted","SBS13",0,0
"TOV3133D","baseline","genome_restricted","SBS3",156.469860617783,0.401851544299067
"TOV3133D","baseline","genome_restricted","SBS8",0,0
"TOV3133D","baseline","genome_restricted","SBS17a",0,0
"TOV3133D","baseline","genome_restricted","SBS17b",0,0
"TOV3133D","baseline","genome_restricted","SBS18",69.1703357869511,0.17764575328389
"TOV3133G","baseline","genome_restricted","SBS1",41.6815502624288,0.100338795343298
"TOV3133G","baseline","genome_restricted","SBS5",169.98634986345,0.40920324370654
"TOV3133G","baseline","genome_restricted","SBS40",0,0
"TOV3133G","baseline","genome_restricted","SBS6",0,0
"TOV3133G","baseline","genome_restricted","SBS14",0,0
"TOV3133G","baseline","genome_restricted","SBS15",0,0
"TOV3133G","baseline","genome_restricted","SBS20",0,0
"TOV3133G","baseline","genome_restricted","SBS21",0,0
"TOV3133G","baseline","genome_restricted","SBS26",0,0
"TOV3133G","baseline","genome_restricted","SBS44",0,0
"TOV3133G","baseline","genome_restricted","SBS10a",0,0
"TOV3133G","baseline","genome_restricted","SBS10b",0,0
"TOV3133G","baseline","genome_restricted","SBS10c",0,0
"TOV3133G","baseline","genome_restricted","SBS10d",0,0
"TOV3133G","baseline","genome_restricted","SBS28",0,0
"TOV3133G","baseline","genome_restricted","SBS2",0,0
"TOV3133G","baseline","genome_restricted","SBS13",0,0
"TOV3133G","baseline","genome_restricted","SBS3",162.07640761029,0.390161867560016
"TOV3133G","baseline","genome_restricted","SBS8",0,0
"TOV3133G","baseline","genome_restricted","SBS17a",0,0
"TOV3133G","baseline","genome_restricted","SBS17b",0,0
"TOV3133G","baseline","genome_restricted","SBS18",41.663811524381,0.100296093390146
"OV3331","baseline","genome_restricted","SBS1",34.844675664389,0.12042276001877
"OV3331","baseline","genome_restricted","SBS5",142.482064817355,0.492416220593917
"OV3331","baseline","genome_restricted","SBS40",0,0
"OV3331","baseline","genome_restricted","SBS6",0,0
"OV3331","baseline","genome_restricted","SBS14",0,0
"OV3331","baseline","genome_restricted","SBS15",23.4051302181879,0.0808878351062804
"OV3331","baseline","genome_restricted","SBS20",0,0
"OV3331","baseline","genome_restricted","SBS21",0,0
"OV3331","baseline","genome_restricted","SBS26",0,0
"OV3331","baseline","genome_restricted","SBS44",0,0
"OV3331","baseline","genome_restricted","SBS10a",0,0
"OV3331","baseline","genome_restricted","SBS10b",0,0
"OV3331","baseline","genome_restricted","SBS10c",0,0
"OV3331","baseline","genome_restricted","SBS10d",0,0
"OV3331","baseline","genome_restricted","SBS28",0,0
"OV3331","baseline","genome_restricted","SBS2",0,0
"OV3331","baseline","genome_restricted","SBS13",0,0
"OV3331","baseline","genome_restricted","SBS3",66.4748598277549,0.229736277915776
"OV3331","baseline","genome_restricted","SBS8",0,0
"OV3331","baseline","genome_restricted","SBS17a",0,0
"OV3331","baseline","genome_restricted","SBS17b",0,0
"OV3331","baseline","genome_restricted","SBS18",22.146176339401,0.0765369063652563
"OV90","baseline","genome_restricted","SBS1",34.9977084246858,0.0646031968557334
"OV90","baseline","genome_restricted","SBS5",195.731238051317,0.361305476038727
"OV90","baseline","genome_restricted","SBS40",123.061112404272,0.227161766521006
"OV90","baseline","genome_restricted","SBS6",73.8226644135647,0.136271211350521
"OV90","baseline","genome_restricted","SBS14",0,0
"OV90","baseline","genome_restricted","SBS15",0,0
"OV90","baseline","genome_restricted","SBS20",0,0
"OV90","baseline","genome_restricted","SBS21",0,0
"OV90","baseline","genome_restricted","SBS26",0,0
"OV90","baseline","genome_restricted","SBS44",0,0
"OV90","baseline","genome_restricted","SBS10a",0,0
"OV90","baseline","genome_restricted","SBS10b",0,0
"OV90","baseline","genome_restricted","SBS10c",0,0
"OV90","baseline","genome_restricted","SBS10d",0,0
"OV90","baseline","genome_restricted","SBS28",0,0
"OV90","baseline","genome_restricted","SBS2",0,0
"OV90","baseline","genome_restricted","SBS13",0,0
"OV90","baseline","genome_restricted","SBS3",114.120660316259,0.210658349234012
"OV90","baseline","genome_restricted","SBS8",0,0
"OV90","baseline","genome_restricted","SBS17a",0,0
"OV90","baseline","genome_restricted","SBS17b",0,0
"OV90","baseline","genome_restricted","SBS18",0,0
"TOV81D","baseline","genome_restricted","SBS1",0,0
"TOV81D","baseline","genome_restricted","SBS5",233.511858952361,0.4103196258156
"TOV81D","baseline","genome_restricted","SBS40",0,0
"TOV81D","baseline","genome_restricted","SBS6",66.5547063275514,0.116947817207688
"TOV81D","baseline","genome_restricted","SBS14",0,0
"TOV81D","baseline","genome_restricted","SBS15",0,0
"TOV81D","baseline","genome_restricted","SBS20",0,0
"TOV81D","baseline","genome_restricted","SBS21",0,0
"TOV81D","baseline","genome_restricted","SBS26",0,0
"TOV81D","baseline","genome_restricted","SBS44",0,0
"TOV81D","baseline","genome_restricted","SBS10a",0,0
"TOV81D","baseline","genome_restricted","SBS10b",0,0
"TOV81D","baseline","genome_restricted","SBS10c",0,0
"TOV81D","baseline","genome_restricted","SBS10d",0,0
"TOV81D","baseline","genome_restricted","SBS28",0,0
"TOV81D","baseline","genome_restricted","SBS2",0,0
"TOV81D","baseline","genome_restricted","SBS13",0,0
"TOV81D","baseline","genome_restricted","SBS3",181.133521542908,0.318282074047941
"TOV81D","baseline","genome_restricted","SBS8",0,0
"TOV81D","baseline","genome_restricted","SBS17a",0,0
"TOV81D","baseline","genome_restricted","SBS17b",0,0
"TOV81D","baseline","genome_restricted","SBS18",87.8973783257337,0.154450482928771
"TOV21G","baseline","genome_restricted","SBS1",0,0
"TOV21G","baseline","genome_restricted","SBS5",836.531440137369,0.358230153162613
"TOV21G","baseline","genome_restricted","SBS40",0,0
"TOV21G","baseline","genome_restricted","SBS6",631.913499393726,0.270606051143953
"TOV21G","baseline","genome_restricted","SBS14",0,0
"TOV21G","baseline","genome_restricted","SBS15",265.875481514729,0.113856586728604
"TOV21G","baseline","genome_restricted","SBS20",251.903832658182,0.107873469215421
"TOV21G","baseline","genome_restricted","SBS21",0,0
"TOV21G","baseline","genome_restricted","SBS26",0,0
"TOV21G","baseline","genome_restricted","SBS44",348.954493121469,0.149433739749409
"TOV21G","baseline","genome_restricted","SBS10a",0,0
"TOV21G","baseline","genome_restricted","SBS10b",0,0
"TOV21G","baseline","genome_restricted","SBS10c",0,0
"TOV21G","baseline","genome_restricted","SBS10d",0,0
"TOV21G","baseline","genome_restricted","SBS28",0,0
"TOV21G","baseline","genome_restricted","SBS2",0,0
"TOV21G","baseline","genome_restricted","SBS13",0,0
"TOV21G","baseline","genome_restricted","SBS3",0,0
"TOV21G","baseline","genome_restricted","SBS8",0,0
"TOV21G","baseline","genome_restricted","SBS17a",0,0
"TOV21G","baseline","genome_restricted","SBS17b",0,0
"TOV21G","baseline","genome_restricted","SBS18",0,0
"TOV3392D","baseline","genome_restricted","SBS1",21.8424785671274,0.0540301091268057
"TOV3392D","baseline","genome_restricted","SBS5",125.653288500239,0.310819162255118
"TOV3392D","baseline","genome_restricted","SBS40",0,0
"TOV3392D","baseline","genome_restricted","SBS6",61.7925220001105,0.15285155009428
"TOV3392D","baseline","genome_restricted","SBS14",20.7097705535384,0.0512282138476168
"TOV3392D","baseline","genome_restricted","SBS15",0,0
"TOV3392D","baseline","genome_restricted","SBS20",0,0
"TOV3392D","baseline","genome_restricted","SBS21",0,0
"TOV3392D","baseline","genome_restricted","SBS26",0,0
"TOV3392D","baseline","genome_restricted","SBS44",0,0
"TOV3392D","baseline","genome_restricted","SBS10a",0,0
"TOV3392D","baseline","genome_restricted","SBS10b",0,0
"TOV3392D","baseline","genome_restricted","SBS10c",0,0
"TOV3392D","baseline","genome_restricted","SBS10d",0,0
"TOV3392D","baseline","genome_restricted","SBS28",0,0
"TOV3392D","baseline","genome_restricted","SBS2",10.7449531984828,0.0265789888309731
"TOV3392D","baseline","genome_restricted","SBS13",14.378553903033,0.0355671557181114
"TOV3392D","baseline","genome_restricted","SBS3",105.58629569477,0.261180939752382
"TOV3392D","baseline","genome_restricted","SBS8",0,0
"TOV3392D","baseline","genome_restricted","SBS17a",0,0
"TOV3392D","baseline","genome_restricted","SBS17b",0,0
"TOV3392D","baseline","genome_restricted","SBS18",43.5570728221279,0.107743880374712
"TOV112D","baseline","genome_restricted","SBS1",25.2498930219929,0.0832117288772985
"TOV112D","baseline","genome_restricted","SBS5",196.393674723875,0.647220849613311
"TOV112D","baseline","genome_restricted","SBS40",0,0
"TOV112D","baseline","genome_restricted","SBS6",0,0
"TOV112D","baseline","genome_restricted","SBS14",0,0
"TOV112D","baseline","genome_restricted","SBS15",26.863253370157,0.0885286030421069
"TOV112D","baseline","genome_restricted","SBS20",0,0
"TOV112D","baseline","genome_restricted","SBS21",0,0
"TOV112D","baseline","genome_restricted","SBS26",0,0
"TOV112D","baseline","genome_restricted","SBS44",0,0
"TOV112D","baseline","genome_restricted","SBS10a",0,0
"TOV112D","baseline","genome_restricted","SBS10b",0,0
"TOV112D","baseline","genome_restricted","SBS10c",0,0
"TOV112D","baseline","genome_restricted","SBS10d",0,0
"TOV112D","baseline","genome_restricted","SBS28",0,0
"TOV112D","baseline","genome_restricted","SBS2",0,0
"TOV112D","baseline","genome_restricted","SBS13",0,0
"TOV112D","baseline","genome_restricted","SBS3",0,0
"TOV112D","baseline","genome_restricted","SBS8",0,0
"TOV112D","baseline","genome_restricted","SBS17a",0,0
"TOV112D","baseline","genome_restricted","SBS17b",0,0
"TOV112D","baseline","genome_restricted","SBS18",54.9346932313771,0.181038818467284
"TOV2414","baseline","genome_restricted","SBS1",27.838313335779,0.0760805447781384
"TOV2414","baseline","genome_restricted","SBS5",140.440192148735,0.38381514707968
"TOV2414","baseline","genome_restricted","SBS40",72.078444014423,0.196986333950408
"TOV2414","baseline","genome_restricted","SBS6",42.4444324734883,0.115998246963892
"TOV2414","baseline","genome_restricted","SBS14",0,0
"TOV2414","baseline","genome_restricted","SBS15",0,0
"TOV2414","baseline","genome_restricted","SBS20",0,0
"TOV2414","baseline","genome_restricted","SBS21",0,0
"TOV2414","baseline","genome_restricted","SBS26",0,0
"TOV2414","baseline","genome_restricted","SBS44",0,0
"TOV2414","baseline","genome_restricted","SBS10a",0,0
"TOV2414","baseline","genome_restricted","SBS10b",0,0
"TOV2414","baseline","genome_restricted","SBS10c",0,0
"TOV2414","baseline","genome_restricted","SBS10d",0,0
"TOV2414","baseline","genome_restricted","SBS28",0,0
"TOV2414","baseline","genome_restricted","SBS2",0,0
"TOV2414","baseline","genome_restricted","SBS13",0,0
"TOV2414","baseline","genome_restricted","SBS3",39.1454399902166,0.106982286035551
"TOV2414","baseline","genome_restricted","SBS8",0,0
"TOV2414","baseline","genome_restricted","SBS17a",0,0
"TOV2414","baseline","genome_restricted","SBS17b",0,0
"TOV2414","baseline","genome_restricted","SBS18",43.9589876889507,0.120137441192331
"OV1369-R2","rare","genome_restricted","SBS1",0,0
"OV1369-R2","rare","genome_restricted","SBS5",0,0
"OV1369-R2","rare","genome_restricted","SBS40",127.346361341473,0.269248958394202
"OV1369-R2","rare","genome_restricted","SBS6",77.1027671718725,0.163018711580387
"OV1369-R2","rare","genome_restricted","SBS14",0,0
"OV1369-R2","rare","genome_restricted","SBS15",0,0
"OV1369-R2","rare","genome_restricted","SBS20",0,0
"OV1369-R2","rare","genome_restricted","SBS21",0,0
"OV1369-R2","rare","genome_restricted","SBS26",0,0
"OV1369-R2","rare","genome_restricted","SBS44",0,0
"OV1369-R2","rare","genome_restricted","SBS10a",0,0
"OV1369-R2","rare","genome_restricted","SBS10b",0,0
"OV1369-R2","rare","genome_restricted","SBS10c",0,0
"OV1369-R2","rare","genome_restricted","SBS10d",0,0
"OV1369-R2","rare","genome_restricted","SBS28",0,0
"OV1369-R2","rare","genome_restricted","SBS2",0,0
"OV1369-R2","rare","genome_restricted","SBS13",0,0
"OV1369-R2","rare","genome_restricted","SBS3",201.304266134446,0.425618473948162
"OV1369-R2","rare","genome_restricted","SBS8",67.2154223941207,0.142113856077248
"OV1369-R2","rare","genome_restricted","SBS17a",0,0
"OV1369-R2","rare","genome_restricted","SBS17b",0,0
"OV1369-R2","rare","genome_restricted","SBS18",0,0
"OV2085","rare","genome_restricted","SBS1",0,0
"OV2085","rare","genome_restricted","SBS5",81.7694384469824,0.225131950062312
"OV2085","rare","genome_restricted","SBS40",119.381383566105,0.328687150038338
"OV2085","rare","genome_restricted","SBS6",39.9596237678192,0.11001895321121
"OV2085","rare","genome_restricted","SBS14",0,0
"OV2085","rare","genome_restricted","SBS15",0,0
"OV2085","rare","genome_restricted","SBS20",0,0
"OV2085","rare","genome_restricted","SBS21",0,0
"OV2085","rare","genome_restricted","SBS26",0,0
"OV2085","rare","genome_restricted","SBS44",0,0
"OV2085","rare","genome_restricted","SBS10a",0,0
"OV2085","rare","genome_restricted","SBS10b",0,0
"OV2085","rare","genome_restricted","SBS10c",0,0
"OV2085","rare","genome_restricted","SBS10d",0,0
"OV2085","rare","genome_restricted","SBS28",0,0
"OV2085","rare","genome_restricted","SBS2",0,0
"OV2085","rare","genome_restricted","SBS13",0,0
"OV2085","rare","genome_restricted","SBS3",97.3008560687055,0.26789387191014
"OV2085","rare","genome_restricted","SBS8",0,0
"OV2085","rare","genome_restricted","SBS17a",0,0
"OV2085","rare","genome_restricted","SBS17b",0,0
"OV2085","rare","genome_restricted","SBS18",24.7954239143255,0.0682680747780015
"OV2295","rare","genome_restricted","SBS1",0,0
"OV2295","rare","genome_restricted","SBS5",58.2168309441038,0.201101745062323
"OV2295","rare","genome_restricted","SBS40",0,0
"OV2295","rare","genome_restricted","SBS6",29.919457684252,0.103352502258297
"OV2295","rare","genome_restricted","SBS14",0,0
"OV2295","rare","genome_restricted","SBS15",0,0
"OV2295","rare","genome_restricted","SBS20",0,0
"OV2295","rare","genome_restricted","SBS21",0,0
"OV2295","rare","genome_restricted","SBS26",0,0
"OV2295","rare","genome_restricted","SBS44",0,0
"OV2295","rare","genome_restricted","SBS10a",0,0
"OV2295","rare","genome_restricted","SBS10b",0,0
"OV2295","rare","genome_restricted","SBS10c",0,0
"OV2295","rare","genome_restricted","SBS10d",0,0
"OV2295","rare","genome_restricted","SBS28",0,0
"OV2295","rare","genome_restricted","SBS2",9.39181140899175,0.0324426739314941
"OV2295","rare","genome_restricted","SBS13",0,0
"OV2295","rare","genome_restricted","SBS3",162.51689619466,0.561391454959788
"OV2295","rare","genome_restricted","SBS8",0,0
"OV2295","rare","genome_restricted","SBS17a",0,0
"OV2295","rare","genome_restricted","SBS17b",0,0
"OV2295","rare","genome_restricted","SBS18",29.4444406998401,0.101711623788097
"OV2295-R2","rare","genome_restricted","SBS1",0,0
"OV2295-R2","rare","genome_restricted","SBS5",0,0
"OV2295-R2","rare","genome_restricted","SBS40",117.69194238167,0.260125656698565
"OV2295-R2","rare","genome_restricted","SBS6",40.9965837397091,0.0906116684955861
"OV2295-R2","rare","genome_restricted","SBS14",0,0
"OV2295-R2","rare","genome_restricted","SBS15",0,0
"OV2295-R2","rare","genome_restricted","SBS20",0,0
"OV2295-R2","rare","genome_restricted","SBS21",0,0
"OV2295-R2","rare","genome_restricted","SBS26",0,0
"OV2295-R2","rare","genome_restricted","SBS44",0,0
"OV2295-R2","rare","genome_restricted","SBS10a",0,0
"OV2295-R2","rare","genome_restricted","SBS10b",0,0
"OV2295-R2","rare","genome_restricted","SBS10c",0,0
"OV2295-R2","rare","genome_restricted","SBS10d",0,0
"OV2295-R2","rare","genome_restricted","SBS28",0,0
"OV2295-R2","rare","genome_restricted","SBS2",0,0
"OV2295-R2","rare","genome_restricted","SBS13",0,0
"OV2295-R2","rare","genome_restricted","SBS3",169.976321709156,0.375685891600061
"OV2295-R2","rare","genome_restricted","SBS8",64.6525607169494,0.142896696863077
"OV2295-R2","rare","genome_restricted","SBS17a",0,0
"OV2295-R2","rare","genome_restricted","SBS17b",0,0
"OV2295-R2","rare","genome_restricted","SBS18",59.1252450353273,0.130680086342711
"OV3133-R","rare","genome_restricted","SBS1",11.8865048246329,0.0358707005603643
"OV3133-R","rare","genome_restricted","SBS5",58.5359848968063,0.176647956419283
"OV3133-R","rare","genome_restricted","SBS40",107.583177070944,0.324660948443577
"OV3133-R","rare","genome_restricted","SBS6",0,0
"OV3133-R","rare","genome_restricted","SBS14",0,0
"OV3133-R","rare","genome_restricted","SBS15",13.7468054024787,0.0414846540281569
"OV3133-R","rare","genome_restricted","SBS20",16.8436411704433,0.0508301824367329
"OV3133-R","rare","genome_restricted","SBS21",0,0
"OV3133-R","rare","genome_restricted","SBS26",0,0
"OV3133-R","rare","genome_restricted","SBS44",0,0
"OV3133-R","rare","genome_restricted","SBS10a",0,0
"OV3133-R","rare","genome_restricted","SBS10b",0,0
"OV3133-R","rare","genome_restricted","SBS10c",0,0
"OV3133-R","rare","genome_restricted","SBS10d",0,0
"OV3133-R","rare","genome_restricted","SBS28",0,0
"OV3133-R","rare","genome_restricted","SBS2",0,0
"OV3133-R","rare","genome_restricted","SBS13",0,0
"OV3133-R","rare","genome_restricted","SBS3",63.5730763172605,0.191848724071676
"OV3133-R","rare","genome_restricted","SBS8",35.9860124219521,0.108597396374612
"OV3133-R","rare","genome_restricted","SBS17a",0,0
"OV3133-R","rare","genome_restricted","SBS17b",0,0
"OV3133-R","rare","genome_restricted","SBS18",23.2156559758792,0.0700594376655979
"OV3133-R2","rare","genome_restricted","SBS1",0,0
"OV3133-R2","rare","genome_restricted","SBS5",59.0142814775887,0.206100273794896
"OV3133-R2","rare","genome_restricted","SBS40",48.3485359226998,0.168851441409737
"OV3133-R2","rare","genome_restricted","SBS6",34.8153470005895,0.12158840825353
"OV3133-R2","rare","genome_restricted","SBS14",12.1645516915661,0.0424832323880118
"OV3133-R2","rare","genome_restricted","SBS15",0,0
"OV3133-R2","rare","genome_restricted","SBS20",0,0
"OV3133-R2","rare","genome_restricted","SBS21",0,0
"OV3133-R2","rare","genome_restricted","SBS26",0,0
"OV3133-R2","rare","genome_restricted","SBS44",0,0
"OV3133-R2","rare","genome_restricted","SBS10a",0,0
"OV3133-R2","rare","genome_restricted","SBS10b",0,0
"OV3133-R2","rare","genome_restricted","SBS10c",0,0
"OV3133-R2","rare","genome_restricted","SBS10d",0,0
"OV3133-R2","rare","genome_restricted","SBS28",0,0
"OV3133-R2","rare","genome_restricted","SBS2",0,0
"OV3133-R2","rare","genome_restricted","SBS13",0,0
"OV3133-R2","rare","genome_restricted","SBS3",99.2014043334227,0.346448962556987
"OV3133-R2","rare","genome_restricted","SBS8",0,0
"OV3133-R2","rare","genome_restricted","SBS17a",0,0
"OV3133-R2","rare","genome_restricted","SBS17b",0,0
"OV3133-R2","rare","genome_restricted","SBS18",32.7935946628464,0.114527681596839
"OV3291","rare","genome_restricted","SBS1",0,0
"OV3291","rare","genome_restricted","SBS5",18.1400568591617,0.0542836144172535
"OV3291","rare","genome_restricted","SBS40",82.3680963978515,0.246484232097979
"OV3291","rare","genome_restricted","SBS6",43.5415875886767,0.13029698694605
"OV3291","rare","genome_restricted","SBS14",0,0
"OV3291","rare","genome_restricted","SBS15",0,0
"OV3291","rare","genome_restricted","SBS20",16.8309828835099,0.0503662470413042
"OV3291","rare","genome_restricted","SBS21",0,0
"OV3291","rare","genome_restricted","SBS26",0,0
"OV3291","rare","genome_restricted","SBS44",0,0
"OV3291","rare","genome_restricted","SBS10a",0,0
"OV3291","rare","genome_restricted","SBS10b",0,0
"OV3291","rare","genome_restricted","SBS10c",0,0
"OV3291","rare","genome_restricted","SBS10d",0,0
"OV3291","rare","genome_restricted","SBS28",0,0
"OV3291","rare","genome_restricted","SBS2",0,0
"OV3291","rare","genome_restricted","SBS13",0,0
"OV3291","rare","genome_restricted","SBS3",137.564967552358,0.411659330172536
"OV3291","rare","genome_restricted","SBS8",0,0
"OV3291","rare","genome_restricted","SBS17a",0,0
"OV3291","rare","genome_restricted","SBS17b",0,0
"OV3291","rare","genome_restricted","SBS18",35.7261772260784,0.106909589324877
"TOV1369","rare","genome_restricted","SBS1",0,0
"TOV1369","rare","genome_restricted","SBS5",0,0
"TOV1369","rare","genome_restricted","SBS40",153.461589276291,0.280550336933586
"TOV1369","rare","genome_restricted","SBS6",61.5602193714208,0.112541127508223
"TOV1369","rare","genome_restricted","SBS14",0,0
"TOV1369","rare","genome_restricted","SBS15",0,0
"TOV1369","rare","genome_restricted","SBS20",0,0
"TOV1369","rare","genome_restricted","SBS21",0,0
"TOV1369","rare","genome_restricted","SBS26",0,0
"TOV1369","rare","genome_restricted","SBS44",0,0
"TOV1369","rare","genome_restricted","SBS10a",0,0
"TOV1369","rare","genome_restricted","SBS10b",0,0
"TOV1369","rare","genome_restricted","SBS10c",0,0
"TOV1369","rare","genome_restricted","SBS10d",0,0
"TOV1369","rare","genome_restricted","SBS28",0,0
"TOV1369","rare","genome_restricted","SBS2",0,0
"TOV1369","rare","genome_restricted","SBS13",0,0
"TOV1369","rare","genome_restricted","SBS3",243.754374518603,0.44561881720845
"TOV1369","rare","genome_restricted","SBS8",88.2257949942727,0.161289718349742
"TOV1369","rare","genome_restricted","SBS17a",0,0
"TOV1369","rare","genome_restricted","SBS17b",0,0
"TOV1369","rare","genome_restricted","SBS18",0,0
"TOV2295-R","rare","genome_restricted","SBS1",0,0
"TOV2295-R","rare","genome_restricted","SBS5",83.981983626717,0.261017896523003
"TOV2295-R","rare","genome_restricted","SBS40",0,0
"TOV2295-R","rare","genome_restricted","SBS6",10.8748749817753,0.0337993563632689
"TOV2295-R","rare","genome_restricted","SBS14",0,0
"TOV2295-R","rare","genome_restricted","SBS15",10.0400962824875,0.0312048453653052
"TOV2295-R","rare","genome_restricted","SBS20",0,0
"TOV2295-R","rare","genome_restricted","SBS21",0,0
"TOV2295-R","rare","genome_restricted","SBS26",0,0
"TOV2295-R","rare","genome_restricted","SBS44",0,0
"TOV2295-R","rare","genome_restricted","SBS10a",0,0
"TOV2295-R","rare","genome_restricted","SBS10b",0,0
"TOV2295-R","rare","genome_restricted","SBS10c",0,0
"TOV2295-R","rare","genome_restricted","SBS10d",0,0
"TOV2295-R","rare","genome_restricted","SBS28",0,0
"TOV2295-R","rare","genome_restricted","SBS2",7.65543185392339,0.0237932546147981
"TOV2295-R","rare","genome_restricted","SBS13",0,0
"TOV2295-R","rare","genome_restricted","SBS3",156.752401970229,0.487189995643081
"TOV2295-R","rare","genome_restricted","SBS8",0,0
"TOV2295-R","rare","genome_restricted","SBS17a",0,0
"TOV2295-R","rare","genome_restricted","SBS17b",0,0
"TOV2295-R","rare","genome_restricted","SBS18",52.4432015393049,0.162994651490544
"TOV2835EP","rare","genome_restricted","SBS1",0,0
"TOV2835EP","rare","genome_restricted","SBS5",96.5325674862073,0.24358617585869
"TOV2835EP","rare","genome_restricted","SBS40",70.9779205276648,0.179102666405368
"TOV2835EP","rare","genome_restricted","SBS6",44.5105989167882,0.112316152544783
"TOV2835EP","rare","genome_restricted","SBS14",31.4315589039912,0.0793130591475704
"TOV2835EP","rare","genome_restricted","SBS15",0,0
"TOV2835EP","rare","genome_restricted","SBS20",0,0
"TOV2835EP","rare","genome_restricted","SBS21",0,0
"TOV2835EP","rare","genome_restricted","SBS26",0,0
"TOV2835EP","rare","genome_restricted","SBS44",0,0
"TOV2835EP","rare","genome_restricted","SBS10a",0,0
"TOV2835EP","rare","genome_restricted","SBS10b",0,0
"TOV2835EP","rare","genome_restricted","SBS10c",0,0
"TOV2835EP","rare","genome_restricted","SBS10d",0,0
"TOV2835EP","rare","genome_restricted","SBS28",0,0
"TOV2835EP","rare","genome_restricted","SBS2",0,0
"TOV2835EP","rare","genome_restricted","SBS13",0,0
"TOV2835EP","rare","genome_restricted","SBS3",71.1690383901059,0.179584925092386
"TOV2835EP","rare","genome_restricted","SBS8",34.6755549220176,0.087498820752272
"TOV2835EP","rare","genome_restricted","SBS17a",0,0
"TOV2835EP","rare","genome_restricted","SBS17b",0,0
"TOV2835EP","rare","genome_restricted","SBS18",47.0001580512007,0.118598200198931
"TOV2881EP","rare","genome_restricted","SBS1",0,0
"TOV2881EP","rare","genome_restricted","SBS5",80.8383017824375,0.192401687089582
"TOV2881EP","rare","genome_restricted","SBS40",51.3192711731491,0.122144010156171
"TOV2881EP","rare","genome_restricted","SBS6",0,0
"TOV2881EP","rare","genome_restricted","SBS14",0,0
"TOV2881EP","rare","genome_restricted","SBS15",43.8652885508935,0.10440292949965
"TOV2881EP","rare","genome_restricted","SBS20",0,0
"TOV2881EP","rare","genome_restricted","SBS21",0,0
"TOV2881EP","rare","genome_restricted","SBS26",0,0
"TOV2881EP","rare","genome_restricted","SBS44",0,0
"TOV2881EP","rare","genome_restricted","SBS10a",0,0
"TOV2881EP","rare","genome_restricted","SBS10b",0,0
"TOV2881EP","rare","genome_restricted","SBS10c",0,0
"TOV2881EP","rare","genome_restricted","SBS10d",0,0
"TOV2881EP","rare","genome_restricted","SBS28",0,0
"TOV2881EP","rare","genome_restricted","SBS2",0,0
"TOV2881EP","rare","genome_restricted","SBS13",0,0
"TOV2881EP","rare","genome_restricted","SBS3",130.245203177744,0.309994102723317
"TOV2881EP","rare","genome_restricted","SBS8",58.6493728498308,0.139590244157071
"TOV2881EP","rare","genome_restricted","SBS17a",0,0
"TOV2881EP","rare","genome_restricted","SBS17b",0,0
"TOV2881EP","rare","genome_restricted","SBS18",55.236371953068,0.131467026374209
"TOV2929D","rare","genome_restricted","SBS1",0,0
"TOV2929D","rare","genome_restricted","SBS5",187.759187202804,0.261596429957738
"TOV2929D","rare","genome_restricted","SBS40",0,0
"TOV2929D","rare","genome_restricted","SBS6",0,0
"TOV2929D","rare","genome_restricted","SBS14",0,0
"TOV2929D","rare","genome_restricted","SBS15",68.2322970193858,0.0950649902889055
"TOV2929D","rare","genome_restricted","SBS20",0,0
"TOV2929D","rare","genome_restricted","SBS21",0,0
"TOV2929D","rare","genome_restricted","SBS26",0,0
"TOV2929D","rare","genome_restricted","SBS44",0,0
"TOV2929D","rare","genome_restricted","SBS10a",0,0
"TOV2929D","rare","genome_restricted","SBS10b",0,0
"TOV2929D","rare","genome_restricted","SBS10c",0,0
"TOV2929D","rare","genome_restricted","SBS10d",0,0
"TOV2929D","rare","genome_restricted","SBS28",0,0
"TOV2929D","rare","genome_restricted","SBS2",0,0
"TOV2929D","rare","genome_restricted","SBS13",0,0
"TOV2929D","rare","genome_restricted","SBS3",231.988067824065,0.323218539873733
"TOV2929D","rare","genome_restricted","SBS8",98.4558053885322,0.137174045019882
"TOV2929D","rare","genome_restricted","SBS17a",0,0
"TOV2929D","rare","genome_restricted","SBS17b",0,0
"TOV2929D","rare","genome_restricted","SBS18",131.308333613049,0.182945994859741
"TOV3121D","rare","genome_restricted","SBS1",7.31266157143349,0.0301995632361614
"TOV3121D","rare","genome_restricted","SBS5",80.4842488239084,0.332380917416927
"TOV3121D","rare","genome_restricted","SBS40",0,0
"TOV3121D","rare","genome_restricted","SBS6",18.6749059394265,0.077122945912089
"TOV3121D","rare","genome_restricted","SBS14",7.76160156520271,0.0320535792600997
"TOV3121D","rare","genome_restricted","SBS15",0,0
"TOV3121D","rare","genome_restricted","SBS20",0,0
"TOV3121D","rare","genome_restricted","SBS21",0,0
"TOV3121D","rare","genome_restricted","SBS26",0,0
"TOV3121D","rare","genome_restricted","SBS44",0,0
"TOV3121D","rare","genome_restricted","SBS10a",0,0
"TOV3121D","rare","genome_restricted","SBS10b",0,0
"TOV3121D","rare","genome_restricted","SBS10c",0,0
"TOV3121D","rare","genome_restricted","SBS10d",0,0
"TOV3121D","rare","genome_restricted","SBS28",0,0
"TOV3121D","rare","genome_restricted","SBS2",10.0739584973181,0.0416030666408353
"TOV3121D","rare","genome_restricted","SBS13",6.37956003179331,0.0263460745061204
"TOV3121D","rare","genome_restricted","SBS3",89.0946954790059,0.367940026191769
"TOV3121D","rare","genome_restricted","SBS8",9.0213239261093,0.0372559347535931
"TOV3121D","rare","genome_restricted","SBS17a",0,0
"TOV3121D","rare","genome_restricted","SBS17b",0,0
"TOV3121D","rare","genome_restricted","SBS18",13.3416577897902,0.0550978920824051
"TOV3121EP","rare","genome_restricted","SBS1",0,0
"TOV3121EP","rare","genome_restricted","SBS5",16.7216618060673,0.0539315964090179
"TOV3121EP","rare","genome_restricted","SBS40",32.6749013997757,0.105384836473475
"TOV3121EP","rare","genome_restricted","SBS6",29.1164782774454,0.0939080202388351
"TOV3121EP","rare","genome_restricted","SBS14",0,0
"TOV3121EP","rare","genome_restricted","SBS15",0,0
"TOV3121EP","rare","genome_restricted","SBS20",0,0
"TOV3121EP","rare","genome_restricted","SBS21",12.7246339373258,0.0410401687296023
"TOV3121EP","rare","genome_restricted","SBS26",0,0
"TOV3121EP","rare","genome_restricted","SBS44",0,0
"TOV3121EP","rare","genome_restricted","SBS10a",0,0
"TOV3121EP","rare","genome_restricted","SBS10b",0,0
"TOV3121EP","rare","genome_restricted","SBS10c",0,0
"TOV3121EP","rare","genome_restricted","SBS10d",0,0
"TOV3121EP","rare","genome_restricted","SBS28",0,0
"TOV3121EP","rare","genome_restricted","SBS2",7.87481940507789,0.0253982879736549
"TOV3121EP","rare","genome_restricted","SBS13",0,0
"TOV3121EP","rare","genome_restricted","SBS3",127.12148261877,0.409998992625475
"TOV3121EP","rare","genome_restricted","SBS8",24.5588693967936,0.0792085767509705
"TOV3121EP","rare","genome_restricted","SBS17a",0,0
"TOV3121EP","rare","genome_restricted","SBS17b",0,0
"TOV3121EP","rare","genome_restricted","SBS18",59.2603115939225,0.19112952079897
"TOV3133D","rare","genome_restricted","SBS1",0,0
"TOV3133D","rare","genome_restricted","SBS5",71.1844500746703,0.231493203553711
"TOV3133D","rare","genome_restricted","SBS40",0,0
"TOV3133D","rare","genome_restricted","SBS6",25.5184113520023,0.082986365523366
"TOV3133D","rare","genome_restricted","SBS14",0,0
"TOV3133D","rare","genome_restricted","SBS15",0,0
"TOV3133D","rare","genome_restricted","SBS20",0,0
"TOV3133D","rare","genome_restricted","SBS21",0,0
"TOV3133D","rare","genome_restricted","SBS26",0,0
"TOV3133D","rare","genome_restricted","SBS44",0,0
"TOV3133D","rare","genome_restricted","SBS10a",0,0
"TOV3133D","rare","genome_restricted","SBS10b",0,0
"TOV3133D","rare","genome_restricted","SBS10c",0,0
"TOV3133D","rare","genome_restricted","SBS10d",0,0
"TOV3133D","rare","genome_restricted","SBS28",0,0
"TOV3133D","rare","genome_restricted","SBS2",0,0
"TOV3133D","rare","genome_restricted","SBS13",0,0
"TOV3133D","rare","genome_restricted","SBS3",121.619794150112,0.395509914508288
"TOV3133D","rare","genome_restricted","SBS8",27.2442123255017,0.088598703549893
"TOV3133D","rare","genome_restricted","SBS17a",0,0
"TOV3133D","rare","genome_restricted","SBS17b",0,0
"TOV3133D","rare","genome_restricted","SBS18",61.9343847561061,0.201411812864743
"TOV3133G","rare","genome_restricted","SBS1",0,0
"TOV3133G","rare","genome_restricted","SBS5",83.3756325767942,0.255239863049944
"TOV3133G","rare","genome_restricted","SBS40",34.0120222601903,0.104121835546455
"TOV3133G","rare","genome_restricted","SBS6",29.4019005129355,0.0900087570959967
"TOV3133G","rare","genome_restricted","SBS14",0,0
"TOV3133G","rare","genome_restricted","SBS15",0,0
"TOV3133G","rare","genome_restricted","SBS20",0,0
"TOV3133G","rare","genome_restricted","SBS21",0,0
"TOV3133G","rare","genome_restricted","SBS26",0,0
"TOV3133G","rare","genome_restricted","SBS44",0,0
"TOV3133G","rare","genome_restricted","SBS10a",0,0
"TOV3133G","rare","genome_restricted","SBS10b",0,0
"TOV3133G","rare","genome_restricted","SBS10c",0,0
"TOV3133G","rare","genome_restricted","SBS10d",0,0
"TOV3133G","rare","genome_restricted","SBS28",0,0
"TOV3133G","rare","genome_restricted","SBS2",0,0
"TOV3133G","rare","genome_restricted","SBS13",0,0
"TOV3133G","rare","genome_restricted","SBS3",105.046282552463,0.321580753799989
"TOV3133G","rare","genome_restricted","SBS8",47.7692214586526,0.146237085900113
"TOV3133G","rare","genome_restricted","SBS17a",0,0
"TOV3133G","rare","genome_restricted","SBS17b",0,0
"TOV3133G","rare","genome_restricted","SBS18",27.0509401388532,0.0828117046075021
"OV3331","rare","genome_restricted","SBS1",9.62550875931543,0.0458172769522617
"OV3331","rare","genome_restricted","SBS5",70.3113078793768,0.334680768210558
"OV3331","rare","genome_restricted","SBS40",0,0
"OV3331","rare","genome_restricted","SBS6",7.84827729905522,0.0373576819262627
"OV3331","rare","genome_restricted","SBS14",0,0
"OV3331","rare","genome_restricted","SBS15",9.28939898532649,0.0442173994822724
"OV3331","rare","genome_restricted","SBS20",0,0
"OV3331","rare","genome_restricted","SBS21",0,0
"OV3331","rare","genome_restricted","SBS26",0,0
"OV3331","rare","genome_restricted","SBS44",0,0
"OV3331","rare","genome_restricted","SBS10a",0,0
"OV3331","rare","genome_restricted","SBS10b",0,0
"OV3331","rare","genome_restricted","SBS10c",0,0
"OV3331","rare","genome_restricted","SBS10d",0,0
"OV3331","rare","genome_restricted","SBS28",0,0
"OV3331","rare","genome_restricted","SBS2",4.47065457829894,0.0212802485659352
"OV3331","rare","genome_restricted","SBS13",0,0
"OV3331","rare","genome_restricted","SBS3",69.3674597604105,0.330188065357247
"OV3331","rare","genome_restricted","SBS8",11.1109348023061,0.052887882580036
"OV3331","rare","genome_restricted","SBS17a",8.2137841518382,0.0390974890492577
"OV3331","rare","genome_restricted","SBS17b",0,0
"OV3331","rare","genome_restricted","SBS18",19.8473710772901,0.0944731878761683
"OV90","rare","genome_restricted","SBS1",0,0
"OV90","rare","genome_restricted","SBS5",159.133310451803,0.369002092869789
"OV90","rare","genome_restricted","SBS40",127.606040330063,0.295895911490394
"OV90","rare","genome_restricted","SBS6",0,0
"OV90","rare","genome_restricted","SBS14",0,0
"OV90","rare","genome_restricted","SBS15",49.4531969929172,0.114673245580568
"OV90","rare","genome_restricted","SBS20",0,0
"OV90","rare","genome_restricted","SBS21",0,0
"OV90","rare","genome_restricted","SBS26",0,0
"OV90","rare","genome_restricted","SBS44",0,0
"OV90","rare","genome_restricted","SBS10a",0,0
"OV90","rare","genome_restricted","SBS10b",0,0
"OV90","rare","genome_restricted","SBS10c",0,0
"OV90","rare","genome_restricted","SBS10d",0,0
"OV90","rare","genome_restricted","SBS28",0,0
"OV90","rare","genome_restricted","SBS2",0,0
"OV90","rare","genome_restricted","SBS13",0,0
"OV90","rare","genome_restricted","SBS3",95.0605901524226,0.220428750059248
"OV90","rare","genome_restricted","SBS8",0,0
"OV90","rare","genome_restricted","SBS17a",0,0
"OV90","rare","genome_restricted","SBS17b",0,0
"OV90","rare","genome_restricted","SBS18",0,0
"TOV81D","rare","genome_restricted","SBS1",0,0
"TOV81D","rare","genome_restricted","SBS5",220.655224013556,0.480720283389754
"TOV81D","rare","genome_restricted","SBS40",0,0
"TOV81D","rare","genome_restricted","SBS6",0,0
"TOV81D","rare","genome_restricted","SBS14",25.9532367890464,0.0565418172168236
"TOV81D","rare","genome_restricted","SBS15",0,0
"TOV81D","rare","genome_restricted","SBS20",0,0
"TOV81D","rare","genome_restricted","SBS21",0,0
"TOV81D","rare","genome_restricted","SBS26",0,0
"TOV81D","rare","genome_restricted","SBS44",0,0
"TOV81D","rare","genome_restricted","SBS10a",0,0
"TOV81D","rare","genome_restricted","SBS10b",0,0
"TOV81D","rare","genome_restricted","SBS10c",0,0
"TOV81D","rare","genome_restricted","SBS10d",0,0
"TOV81D","rare","genome_restricted","SBS28",0,0
"TOV81D","rare","genome_restricted","SBS2",0,0
"TOV81D","rare","genome_restricted","SBS13",0,0
"TOV81D","rare","genome_restricted","SBS3",128.6420884516,0.280260127503274
"TOV81D","rare","genome_restricted","SBS8",27.8232212227579,0.0606157721885536
"TOV81D","rare","genome_restricted","SBS17a",0,0
"TOV81D","rare","genome_restricted","SBS17b",0,0
"TOV81D","rare","genome_restricted","SBS18",55.9358274905453,0.121861999701595
"TOV21G","rare","genome_restricted","SBS1",0,0
"TOV21G","rare","genome_restricted","SBS5",462.719027023014,0.220125812865395
"TOV21G","rare","genome_restricted","SBS40",0,0
"TOV21G","rare","genome_restricted","SBS6",248.683110309205,0.118304129732676
"TOV21G","rare","genome_restricted","SBS14",0,0
"TOV21G","rare","genome_restricted","SBS15",249.876438126895,0.118871822523643
"TOV21G","rare","genome_restricted","SBS20",0,0
"TOV21G","rare","genome_restricted","SBS21",0,0
"TOV21G","rare","genome_restricted","SBS26",0,0
"TOV21G","rare","genome_restricted","SBS44",875.838447391926,0.416655981084876
"TOV21G","rare","genome_restricted","SBS10a",0,0
"TOV21G","rare","genome_restricted","SBS10b",0,0
"TOV21G","rare","genome_restricted","SBS10c",0,0
"TOV21G","rare","genome_restricted","SBS10d",0,0
"TOV21G","rare","genome_restricted","SBS28",0,0
"TOV21G","rare","genome_restricted","SBS2",0,0
"TOV21G","rare","genome_restricted","SBS13",0,0
"TOV21G","rare","genome_restricted","SBS3",264.949159209866,0.126042253793411
"TOV21G","rare","genome_restricted","SBS8",0,0
"TOV21G","rare","genome_restricted","SBS17a",0,0
"TOV21G","rare","genome_restricted","SBS17b",0,0
"TOV21G","rare","genome_restricted","SBS18",0,0
"TOV3392D","rare","genome_restricted","SBS1",0,0
"TOV3392D","rare","genome_restricted","SBS5",73.5422779573703,0.256101155469118
"TOV3392D","rare","genome_restricted","SBS40",48.765294962134,0.16981862315761
"TOV3392D","rare","genome_restricted","SBS6",35.748361938208,0.124488893365667
"TOV3392D","rare","genome_restricted","SBS14",20.8100504646624,0.072468219878367
"TOV3392D","rare","genome_restricted","SBS15",0,0
"TOV3392D","rare","genome_restricted","SBS20",0,0
"TOV3392D","rare","genome_restricted","SBS21",0,0
"TOV3392D","rare","genome_restricted","SBS26",0,0
"TOV3392D","rare","genome_restricted","SBS44",0,0
"TOV3392D","rare","genome_restricted","SBS10a",0,0
"TOV3392D","rare","genome_restricted","SBS10b",0,0
"TOV3392D","rare","genome_restricted","SBS10c",0,0
"TOV3392D","rare","genome_restricted","SBS10d",0,0
"TOV3392D","rare","genome_restricted","SBS28",0,0
"TOV3392D","rare","genome_restricted","SBS2",9.28164083153454,0.0323220738822262
"TOV3392D","rare","genome_restricted","SBS13",12.5378763178797,0.0436614788298936
"TOV3392D","rare","genome_restricted","SBS3",48.2999545263541,0.168198137273846
"TOV3392D","rare","genome_restricted","SBS8",0,0
"TOV3392D","rare","genome_restricted","SBS17a",0,0
"TOV3392D","rare","genome_restricted","SBS17b",0,0
"TOV3392D","rare","genome_restricted","SBS18",38.1755978696413,0.132941418143272
"TOV112D","rare","genome_restricted","SBS1",0,0
"TOV112D","rare","genome_restricted","SBS5",90.0187296606996,0.429904561044517
"TOV112D","rare","genome_restricted","SBS40",27.2585741461174,0.130179412630638
"TOV112D","rare","genome_restricted","SBS6",0,0
"TOV112D","rare","genome_restricted","SBS14",0,0
"TOV112D","rare","genome_restricted","SBS15",14.924126976535,0.0712735036475526
"TOV112D","rare","genome_restricted","SBS20",0,0
"TOV112D","rare","genome_restricted","SBS21",0,0
"TOV112D","rare","genome_restricted","SBS26",0,0
"TOV112D","rare","genome_restricted","SBS44",0,0
"TOV112D","rare","genome_restricted","SBS10a",0,0
"TOV112D","rare","genome_restricted","SBS10b",0,0
"TOV112D","rare","genome_restricted","SBS10c",0,0
"TOV112D","rare","genome_restricted","SBS10d",0,0
"TOV112D","rare","genome_restricted","SBS28",0,0
"TOV112D","rare","genome_restricted","SBS2",0,0
"TOV112D","rare","genome_restricted","SBS13",0,0
"TOV112D","rare","genome_restricted","SBS3",0,0
"TOV112D","rare","genome_restricted","SBS8",28.446963010083,0.135854829233815
"TOV112D","rare","genome_restricted","SBS17a",6.15757859668632,0.0294068926953681
"TOV112D","rare","genome_restricted","SBS17b",0,0
"TOV112D","rare","genome_restricted","SBS18",42.5863853973508,0.20338080074811
"TOV2414","rare","genome_restricted","SBS1",8.95916843421101,0.0316687394744699
"TOV2414","rare","genome_restricted","SBS5",75.6125179512842,0.26727403883425
"TOV2414","rare","genome_restricted","SBS40",37.9593306888369,0.134178095103074
"TOV2414","rare","genome_restricted","SBS6",26.6113277096816,0.0940653377036174
"TOV2414","rare","genome_restricted","SBS14",0,0
"TOV2414","rare","genome_restricted","SBS15",0,0
"TOV2414","rare","genome_restricted","SBS20",12.1349465622471,0.0428944342366593
"TOV2414","rare","genome_restricted","SBS21",0,0
"TOV2414","rare","genome_restricted","SBS26",0,0
"TOV2414","rare","genome_restricted","SBS44",0,0
"TOV2414","rare","genome_restricted","SBS10a",0,0
"TOV2414","rare","genome_restricted","SBS10b",0,0
"TOV2414","rare","genome_restricted","SBS10c",0,0
"TOV2414","rare","genome_restricted","SBS10d",0,0
"TOV2414","rare","genome_restricted","SBS28",0,0
"TOV2414","rare","genome_restricted","SBS2",7.63640746880812,0.0269930630757114
"TOV2414","rare","genome_restricted","SBS13",0,0
"TOV2414","rare","genome_restricted","SBS3",75.744055509815,0.267738995900613
"TOV2414","rare","genome_restricted","SBS8",0,0
"TOV2414","rare","genome_restricted","SBS17a",0,0
"TOV2414","rare","genome_restricted","SBS17b",0,0
"TOV2414","rare","genome_restricted","SBS18",38.244836143977,0.135187295671605
"OV1369-R2","rare_read_supported","genome_restricted","SBS1",0,0
"OV1369-R2","rare_read_supported","genome_restricted","SBS5",0,0
"OV1369-R2","rare_read_supported","genome_restricted","SBS40",132.715123576513,0.35444170297325
"OV1369-R2","rare_read_supported","genome_restricted","SBS6",52.4700341320156,0.140131491812191
"OV1369-R2","rare_read_supported","genome_restricted","SBS14",0,0
"OV1369-R2","rare_read_supported","genome_restricted","SBS15",0,0
"OV1369-R2","rare_read_supported","genome_restricted","SBS20",0,0
"OV1369-R2","rare_read_supported","genome_restricted","SBS21",0,0
"OV1369-R2","rare_read_supported","genome_restricted","SBS26",0,0
"OV1369-R2","rare_read_supported","genome_restricted","SBS44",0,0
"OV1369-R2","rare_read_supported","genome_restricted","SBS10a",0,0
"OV1369-R2","rare_read_supported","genome_restricted","SBS10b",0,0
"OV1369-R2","rare_read_supported","genome_restricted","SBS10c",0,0
"OV1369-R2","rare_read_supported","genome_restricted","SBS10d",0,0
"OV1369-R2","rare_read_supported","genome_restricted","SBS28",0,0
"OV1369-R2","rare_read_supported","genome_restricted","SBS2",0,0
"OV1369-R2","rare_read_supported","genome_restricted","SBS13",0,0
"OV1369-R2","rare_read_supported","genome_restricted","SBS3",189.249121506436,0.505426805214559
"OV1369-R2","rare_read_supported","genome_restricted","SBS8",0,0
"OV1369-R2","rare_read_supported","genome_restricted","SBS17a",0,0
"OV1369-R2","rare_read_supported","genome_restricted","SBS17b",0,0
"OV1369-R2","rare_read_supported","genome_restricted","SBS18",0,0
"OV2085","rare_read_supported","genome_restricted","SBS1",0,0
"OV2085","rare_read_supported","genome_restricted","SBS5",78.4813376416539,0.301728157838252
"OV2085","rare_read_supported","genome_restricted","SBS40",104.691724441358,0.402496212549712
"OV2085","rare_read_supported","genome_restricted","SBS6",28.4967571183073,0.109558199287208
"OV2085","rare_read_supported","genome_restricted","SBS14",0,0
"OV2085","rare_read_supported","genome_restricted","SBS15",0,0
"OV2085","rare_read_supported","genome_restricted","SBS20",0,0
"OV2085","rare_read_supported","genome_restricted","SBS21",0,0
"OV2085","rare_read_supported","genome_restricted","SBS26",0,0
"OV2085","rare_read_supported","genome_restricted","SBS44",0,0
"OV2085","rare_read_supported","genome_restricted","SBS10a",0,0
"OV2085","rare_read_supported","genome_restricted","SBS10b",0,0
"OV2085","rare_read_supported","genome_restricted","SBS10c",0,0
"OV2085","rare_read_supported","genome_restricted","SBS10d",0,0
"OV2085","rare_read_supported","genome_restricted","SBS28",0,0
"OV2085","rare_read_supported","genome_restricted","SBS2",0,0
"OV2085","rare_read_supported","genome_restricted","SBS13",0,0
"OV2085","rare_read_supported","genome_restricted","SBS3",48.436291557245,0.186217430324828
"OV2085","rare_read_supported","genome_restricted","SBS8",0,0
"OV2085","rare_read_supported","genome_restricted","SBS17a",0,0
"OV2085","rare_read_supported","genome_restricted","SBS17b",0,0
"OV2085","rare_read_supported","genome_restricted","SBS18",0,0
"OV2295","rare_read_supported","genome_restricted","SBS1",0,0
"OV2295","rare_read_supported","genome_restricted","SBS5",60.8193770410678,0.287268087162121
"OV2295","rare_read_supported","genome_restricted","SBS40",21.448269013112,0.101306582081149
"OV2295","rare_read_supported","genome_restricted","SBS6",17.9768402620205,0.0849099870227639
"OV2295","rare_read_supported","genome_restricted","SBS14",0,0
"OV2295","rare_read_supported","genome_restricted","SBS15",0,0
"OV2295","rare_read_supported","genome_restricted","SBS20",0,0
"OV2295","rare_read_supported","genome_restricted","SBS21",0,0
"OV2295","rare_read_supported","genome_restricted","SBS26",0,0
"OV2295","rare_read_supported","genome_restricted","SBS44",0,0
"OV2295","rare_read_supported","genome_restricted","SBS10a",0,0
"OV2295","rare_read_supported","genome_restricted","SBS10b",0,0
"OV2295","rare_read_supported","genome_restricted","SBS10c",0,0
"OV2295","rare_read_supported","genome_restricted","SBS10d",0,0
"OV2295","rare_read_supported","genome_restricted","SBS28",0,0
"OV2295","rare_read_supported","genome_restricted","SBS2",7.21235445271733,0.0340661047246225
"OV2295","rare_read_supported","genome_restricted","SBS13",0,0
"OV2295","rare_read_supported","genome_restricted","SBS3",104.259600280603,0.492449239009343
"OV2295","rare_read_supported","genome_restricted","SBS8",0,0
"OV2295","rare_read_supported","genome_restricted","SBS17a",0,0
"OV2295","rare_read_supported","genome_restricted","SBS17b",0,0
"OV2295","rare_read_supported","genome_restricted","SBS18",0,0
"OV2295-R2","rare_read_supported","genome_restricted","SBS1",0,0
"OV2295-R2","rare_read_supported","genome_restricted","SBS5",35.4101614092884,0.140863345085977
"OV2295-R2","rare_read_supported","genome_restricted","SBS40",93.021136310589,0.370042606498005
"OV2295-R2","rare_read_supported","genome_restricted","SBS6",25.5885712087623,0.101792581365966
"OV2295-R2","rare_read_supported","genome_restricted","SBS14",0,0
"OV2295-R2","rare_read_supported","genome_restricted","SBS15",0,0
"OV2295-R2","rare_read_supported","genome_restricted","SBS20",0,0
"OV2295-R2","rare_read_supported","genome_restricted","SBS21",0,0
"OV2295-R2","rare_read_supported","genome_restricted","SBS26",0,0
"OV2295-R2","rare_read_supported","genome_restricted","SBS44",0,0
"OV2295-R2","rare_read_supported","genome_restricted","SBS10a",0,0
"OV2295-R2","rare_read_supported","genome_restricted","SBS10b",0,0
"OV2295-R2","rare_read_supported","genome_restricted","SBS10c",0,0
"OV2295-R2","rare_read_supported","genome_restricted","SBS10d",0,0
"OV2295-R2","rare_read_supported","genome_restricted","SBS28",0,0
"OV2295-R2","rare_read_supported","genome_restricted","SBS2",0,0
"OV2295-R2","rare_read_supported","genome_restricted","SBS13",0,0
"OV2295-R2","rare_read_supported","genome_restricted","SBS3",97.3596605555967,0.387301467050053
"OV2295-R2","rare_read_supported","genome_restricted","SBS8",0,0
"OV2295-R2","rare_read_supported","genome_restricted","SBS17a",0,0
"OV2295-R2","rare_read_supported","genome_restricted","SBS17b",0,0
"OV2295-R2","rare_read_supported","genome_restricted","SBS18",0,0
"OV3133-R","rare_read_supported","genome_restricted","SBS1",0,0
"OV3133-R","rare_read_supported","genome_restricted","SBS5",83.033332914069,0.393748989941535
"OV3133-R","rare_read_supported","genome_restricted","SBS40",23.4401178635628,0.111154429299376
"OV3133-R","rare_read_supported","genome_restricted","SBS6",19.2652558907979,0.0913569861855031
"OV3133-R","rare_read_supported","genome_restricted","SBS14",0,0
"OV3133-R","rare_read_supported","genome_restricted","SBS15",0,0
"OV3133-R","rare_read_supported","genome_restricted","SBS20",8.45090072686592,0.040074672526313
"OV3133-R","rare_read_supported","genome_restricted","SBS21",0,0
"OV3133-R","rare_read_supported","genome_restricted","SBS26",0,0
"OV3133-R","rare_read_supported","genome_restricted","SBS44",0,0
"OV3133-R","rare_read_supported","genome_restricted","SBS10a",0,0
"OV3133-R","rare_read_supported","genome_restricted","SBS10b",0,0
"OV3133-R","rare_read_supported","genome_restricted","SBS10c",0,0
"OV3133-R","rare_read_supported","genome_restricted","SBS10d",0,0
"OV3133-R","rare_read_supported","genome_restricted","SBS28",0,0
"OV3133-R","rare_read_supported","genome_restricted","SBS2",7.30633112782874,0.034647055595591
"OV3133-R","rare_read_supported","genome_restricted","SBS13",0,0
"OV3133-R","rare_read_supported","genome_restricted","SBS3",45.7917674082091,0.217147277266104
"OV3133-R","rare_read_supported","genome_restricted","SBS8",7.19143453795983,0.0341022091511464
"OV3133-R","rare_read_supported","genome_restricted","SBS17a",5.88376606059691,0.0279011676649171
"OV3133-R","rare_read_supported","genome_restricted","SBS17b",0,0
"OV3133-R","rare_read_supported","genome_restricted","SBS18",10.5159402359085,0.0498672123695149
"OV3133-R2","rare_read_supported","genome_restricted","SBS1",0,0
"OV3133-R2","rare_read_supported","genome_restricted","SBS5",40.2050699095034,0.188329744600754
"OV3133-R2","rare_read_supported","genome_restricted","SBS40",63.2375576720131,0.296219186096492
"OV3133-R2","rare_read_supported","genome_restricted","SBS6",17.5502728986267,0.0822094929846307
"OV3133-R2","rare_read_supported","genome_restricted","SBS14",0,0
"OV3133-R2","rare_read_supported","genome_restricted","SBS15",0,0
"OV3133-R2","rare_read_supported","genome_restricted","SBS20",0,0
"OV3133-R2","rare_read_supported","genome_restricted","SBS21",0,0
"OV3133-R2","rare_read_supported","genome_restricted","SBS26",0,0
"OV3133-R2","rare_read_supported","genome_restricted","SBS44",18.3627269926318,0.0860152138145713
"OV3133-R2","rare_read_supported","genome_restricted","SBS10a",0,0
"OV3133-R2","rare_read_supported","genome_restricted","SBS10b",0,0
"OV3133-R2","rare_read_supported","genome_restricted","SBS10c",0,0
"OV3133-R2","rare_read_supported","genome_restricted","SBS10d",0,0
"OV3133-R2","rare_read_supported","genome_restricted","SBS28",0,0
"OV3133-R2","rare_read_supported","genome_restricted","SBS2",0,0
"OV3133-R2","rare_read_supported","genome_restricted","SBS13",0,0
"OV3133-R2","rare_read_supported","genome_restricted","SBS3",74.126687786216,0.347226362503552
"OV3133-R2","rare_read_supported","genome_restricted","SBS8",0,0
"OV3133-R2","rare_read_supported","genome_restricted","SBS17a",0,0
"OV3133-R2","rare_read_supported","genome_restricted","SBS17b",0,0
"OV3133-R2","rare_read_supported","genome_restricted","SBS18",0,0
"OV3291","rare_read_supported","genome_restricted","SBS1",0,0
"OV3291","rare_read_supported","genome_restricted","SBS5",26.2904416831377,0.108837093275512
"OV3291","rare_read_supported","genome_restricted","SBS40",39.3067676782673,0.162722041406491
"OV3291","rare_read_supported","genome_restricted","SBS6",21.5752306011018,0.0893170762847584
"OV3291","rare_read_supported","genome_restricted","SBS14",0,0
"OV3291","rare_read_supported","genome_restricted","SBS15",0,0
"OV3291","rare_read_supported","genome_restricted","SBS20",0,0
"OV3291","rare_read_supported","genome_restricted","SBS21",0,0
"OV3291","rare_read_supported","genome_restricted","SBS26",0,0
"OV3291","rare_read_supported","genome_restricted","SBS44",18.9200165219434,0.0783250288371431
"OV3291","rare_read_supported","genome_restricted","SBS10a",0,0
"OV3291","rare_read_supported","genome_restricted","SBS10b",0,0
"OV3291","rare_read_supported","genome_restricted","SBS10c",0,0
"OV3291","rare_read_supported","genome_restricted","SBS10d",0,0
"OV3291","rare_read_supported","genome_restricted","SBS28",0,0
"OV3291","rare_read_supported","genome_restricted","SBS2",5.72502106247584,0.0237004253823776
"OV3291","rare_read_supported","genome_restricted","SBS13",0,0
"OV3291","rare_read_supported","genome_restricted","SBS3",129.740256970897,0.537098334813718
"OV3291","rare_read_supported","genome_restricted","SBS8",0,0
"OV3291","rare_read_supported","genome_restricted","SBS17a",0,0
"OV3291","rare_read_supported","genome_restricted","SBS17b",0,0
"OV3291","rare_read_supported","genome_restricted","SBS18",0,0
"TOV1369","rare_read_supported","genome_restricted","SBS1",0,0
"TOV1369","rare_read_supported","genome_restricted","SBS5",36.0399072698842,0.0874804653211942
"TOV1369","rare_read_supported","genome_restricted","SBS40",0,0
"TOV1369","rare_read_supported","genome_restricted","SBS6",42.8401719119496,0.103986898335584
"TOV1369","rare_read_supported","genome_restricted","SBS14",0,0
"TOV1369","rare_read_supported","genome_restricted","SBS15",0,0
"TOV1369","rare_read_supported","genome_restricted","SBS20",0,0
"TOV1369","rare_read_supported","genome_restricted","SBS21",0,0
"TOV1369","rare_read_supported","genome_restricted","SBS26",0,0
"TOV1369","rare_read_supported","genome_restricted","SBS44",0,0
"TOV1369","rare_read_supported","genome_restricted","SBS10a",0,0
"TOV1369","rare_read_supported","genome_restricted","SBS10b",0,0
"TOV1369","rare_read_supported","genome_restricted","SBS10c",0,0
"TOV1369","rare_read_supported","genome_restricted","SBS10d",0,0
"TOV1369","rare_read_supported","genome_restricted","SBS28",0,0
"TOV1369","rare_read_supported","genome_restricted","SBS2",10.4746443959676,0.0254253363908899
"TOV1369","rare_read_supported","genome_restricted","SBS13",0,0
"TOV1369","rare_read_supported","genome_restricted","SBS3",307.006676759418,0.745204107727263
"TOV1369","rare_read_supported","genome_restricted","SBS8",15.6152293887393,0.0379031922250696
"TOV1369","rare_read_supported","genome_restricted","SBS17a",0,0
"TOV1369","rare_read_supported","genome_restricted","SBS17b",0,0
"TOV1369","rare_read_supported","genome_restricted","SBS18",0,0
"TOV2295-R","rare_read_supported","genome_restricted","SBS1",0,0
"TOV2295-R","rare_read_supported","genome_restricted","SBS5",68.2235901046723,0.276624439990575
"TOV2295-R","rare_read_supported","genome_restricted","SBS40",0,0
"TOV2295-R","rare_read_supported","genome_restricted","SBS6",9.81850909014875,0.0398108568376081
"TOV2295-R","rare_read_supported","genome_restricted","SBS14",0,0
"TOV2295-R","rare_read_supported","genome_restricted","SBS15",0,0
"TOV2295-R","rare_read_supported","genome_restricted","SBS20",0,0
"TOV2295-R","rare_read_supported","genome_restricted","SBS21",0,0
"TOV2295-R","rare_read_supported","genome_restricted","SBS26",0,0
"TOV2295-R","rare_read_supported","genome_restricted","SBS44",0,0
"TOV2295-R","rare_read_supported","genome_restricted","SBS10a",0,0
"TOV2295-R","rare_read_supported","genome_restricted","SBS10b",0,0
"TOV2295-R","rare_read_supported","genome_restricted","SBS10c",0,0
"TOV2295-R","rare_read_supported","genome_restricted","SBS10d",0,0
"TOV2295-R","rare_read_supported","genome_restricted","SBS28",0,0
"TOV2295-R","rare_read_supported","genome_restricted","SBS2",5.06379390752704,0.0205320352058315
"TOV2295-R","rare_read_supported","genome_restricted","SBS13",0,0
"TOV2295-R","rare_read_supported","genome_restricted","SBS3",132.018993827929,0.535294026299985
"TOV2295-R","rare_read_supported","genome_restricted","SBS8",0,0
"TOV2295-R","rare_read_supported","genome_restricted","SBS17a",0,0
"TOV2295-R","rare_read_supported","genome_restricted","SBS17b",0,0
"TOV2295-R","rare_read_supported","genome_restricted","SBS18",31.5040447252086,0.127738641666001
"TOV2835EP","rare_read_supported","genome_restricted","SBS1",0,0
"TOV2835EP","rare_read_supported","genome_restricted","SBS5",100.460853586786,0.464909574085295
"TOV2835EP","rare_read_supported","genome_restricted","SBS40",0,0
"TOV2835EP","rare_read_supported","genome_restricted","SBS6",28.9064043168084,0.13377214745299
"TOV2835EP","rare_read_supported","genome_restricted","SBS14",0,0
"TOV2835EP","rare_read_supported","genome_restricted","SBS15",0,0
"TOV2835EP","rare_read_supported","genome_restricted","SBS20",0,0
"TOV2835EP","rare_read_supported","genome_restricted","SBS21",0,0
"TOV2835EP","rare_read_supported","genome_restricted","SBS26",0,0
"TOV2835EP","rare_read_supported","genome_restricted","SBS44",0,0
"TOV2835EP","rare_read_supported","genome_restricted","SBS10a",0,0
"TOV2835EP","rare_read_supported","genome_restricted","SBS10b",7.88870103511323,0.0365070821855244
"TOV2835EP","rare_read_supported","genome_restricted","SBS10c",0,0
"TOV2835EP","rare_read_supported","genome_restricted","SBS10d",0,0
"TOV2835EP","rare_read_supported","genome_restricted","SBS28",0,0
"TOV2835EP","rare_read_supported","genome_restricted","SBS2",7.01519824606131,0.0324647134904423
"TOV2835EP","rare_read_supported","genome_restricted","SBS13",0,0
"TOV2835EP","rare_read_supported","genome_restricted","SBS3",60.0733293128297,0.278005461307239
"TOV2835EP","rare_read_supported","genome_restricted","SBS8",0,0
"TOV2835EP","rare_read_supported","genome_restricted","SBS17a",0,0
"TOV2835EP","rare_read_supported","genome_restricted","SBS17b",0,0
"TOV2835EP","rare_read_supported","genome_restricted","SBS18",11.7423811141118,0.0543410214785097
"TOV2881EP","rare_read_supported","genome_restricted","SBS1",10.4254155429875,0.0395602188573417
"TOV2881EP","rare_read_supported","genome_restricted","SBS5",69.6012596315744,0.264108519455975
"TOV2881EP","rare_read_supported","genome_restricted","SBS40",75.9804996439422,0.288315145080843
"TOV2881EP","rare_read_supported","genome_restricted","SBS6",0,0
"TOV2881EP","rare_read_supported","genome_restricted","SBS14",0,0
"TOV2881EP","rare_read_supported","genome_restricted","SBS15",17.8581724298697,0.0677645132517513
"TOV2881EP","rare_read_supported","genome_restricted","SBS20",0,0
"TOV2881EP","rare_read_supported","genome_restricted","SBS21",7.12620451215316,0.0270410526046206
"TOV2881EP","rare_read_supported","genome_restricted","SBS26",0,0
"TOV2881EP","rare_read_supported","genome_restricted","SBS44",0,0
"TOV2881EP","rare_read_supported","genome_restricted","SBS10a",0,0
"TOV2881EP","rare_read_supported","genome_restricted","SBS10b",0,0
"TOV2881EP","rare_read_supported","genome_restricted","SBS10c",0,0
"TOV2881EP","rare_read_supported","genome_restricted","SBS10d",0,0
"TOV2881EP","rare_read_supported","genome_restricted","SBS28",0,0
"TOV2881EP","rare_read_supported","genome_restricted","SBS2",0,0
"TOV2881EP","rare_read_supported","genome_restricted","SBS13",6.6922177728467,0.0253942491446189
"TOV2881EP","rare_read_supported","genome_restricted","SBS3",75.8490380221826,0.287816301604849
"TOV2881EP","rare_read_supported","genome_restricted","SBS8",0,0
"TOV2881EP","rare_read_supported","genome_restricted","SBS17a",0,0
"TOV2881EP","rare_read_supported","genome_restricted","SBS17b",0,0
"TOV2881EP","rare_read_supported","genome_restricted","SBS18",0,0
"TOV2929D","rare_read_supported","genome_restricted","SBS1",0,0
"TOV2929D","rare_read_supported","genome_restricted","SBS5",128.10002923448,0.440414667206203
"TOV2929D","rare_read_supported","genome_restricted","SBS40",0,0
"TOV2929D","rare_read_supported","genome_restricted","SBS6",29.5062544205376,0.101444061322859
"TOV2929D","rare_read_supported","genome_restricted","SBS14",0,0
"TOV2929D","rare_read_supported","genome_restricted","SBS15",0,0
"TOV2929D","rare_read_supported","genome_restricted","SBS20",0,0
"TOV2929D","rare_read_supported","genome_restricted","SBS21",0,0
"TOV2929D","rare_read_supported","genome_restricted","SBS26",0,0
"TOV2929D","rare_read_supported","genome_restricted","SBS44",0,0
"TOV2929D","rare_read_supported","genome_restricted","SBS10a",0,0
"TOV2929D","rare_read_supported","genome_restricted","SBS10b",0,0
"TOV2929D","rare_read_supported","genome_restricted","SBS10c",0,0
"TOV2929D","rare_read_supported","genome_restricted","SBS10d",0,0
"TOV2929D","rare_read_supported","genome_restricted","SBS28",0,0
"TOV2929D","rare_read_supported","genome_restricted","SBS2",7.88677599205437,0.0271151524681743
"TOV2929D","rare_read_supported","genome_restricted","SBS13",0,0
"TOV2929D","rare_read_supported","genome_restricted","SBS3",111.325015928798,0.382741285345548
"TOV2929D","rare_read_supported","genome_restricted","SBS8",0,0
"TOV2929D","rare_read_supported","genome_restricted","SBS17a",0,0
"TOV2929D","rare_read_supported","genome_restricted","SBS17b",0,0
"TOV2929D","rare_read_supported","genome_restricted","SBS18",14.0442384498867,0.0482848336572162
"TOV3121D","rare_read_supported","genome_restricted","SBS1",8.32941079481772,0.0454755298406626
"TOV3121D","rare_read_supported","genome_restricted","SBS5",69.8037548591615,0.381102915354239
"TOV3121D","rare_read_supported","genome_restricted","SBS40",8.94470285970178,0.0488347989830571
"TOV3121D","rare_read_supported","genome_restricted","SBS6",13.8798364219028,0.0757788192870096
"TOV3121D","rare_read_supported","genome_restricted","SBS14",0,0
"TOV3121D","rare_read_supported","genome_restricted","SBS15",0,0
"TOV3121D","rare_read_supported","genome_restricted","SBS20",0,0
"TOV3121D","rare_read_supported","genome_restricted","SBS21",0,0
"TOV3121D","rare_read_supported","genome_restricted","SBS26",0,0
"TOV3121D","rare_read_supported","genome_restricted","SBS44",0,0
"TOV3121D","rare_read_supported","genome_restricted","SBS10a",0,0
"TOV3121D","rare_read_supported","genome_restricted","SBS10b",0,0
"TOV3121D","rare_read_supported","genome_restricted","SBS10c",0,0
"TOV3121D","rare_read_supported","genome_restricted","SBS10d",0,0
"TOV3121D","rare_read_supported","genome_restricted","SBS28",0,0
"TOV3121D","rare_read_supported","genome_restricted","SBS2",8.48102114157625,0.0463032667620377
"TOV3121D","rare_read_supported","genome_restricted","SBS13",0,0
"TOV3121D","rare_read_supported","genome_restricted","SBS3",73.7237532606803,0.402504669772994
"TOV3121D","rare_read_supported","genome_restricted","SBS8",0,0
"TOV3121D","rare_read_supported","genome_restricted","SBS17a",0,0
"TOV3121D","rare_read_supported","genome_restricted","SBS17b",0,0
"TOV3121D","rare_read_supported","genome_restricted","SBS18",0,0
"TOV3121EP","rare_read_supported","genome_restricted","SBS1",5.88616664162762,0.0352989680132212
"TOV3121EP","rare_read_supported","genome_restricted","SBS5",35.2666136130663,0.211491645013643
"TOV3121EP","rare_read_supported","genome_restricted","SBS40",20.7825277149697,0.124631500551902
"TOV3121EP","rare_read_supported","genome_restricted","SBS6",18.3136295079913,0.109825674597247
"TOV3121EP","rare_read_supported","genome_restricted","SBS14",0,0
"TOV3121EP","rare_read_supported","genome_restricted","SBS15",0,0
"TOV3121EP","rare_read_supported","genome_restricted","SBS20",0,0
"TOV3121EP","rare_read_supported","genome_restricted","SBS21",8.59619808280102,0.0515508546792011
"TOV3121EP","rare_read_supported","genome_restricted","SBS26",0,0
"TOV3121EP","rare_read_supported","genome_restricted","SBS44",0,0
"TOV3121EP","rare_read_supported","genome_restricted","SBS10a",0,0
"TOV3121EP","rare_read_supported","genome_restricted","SBS10b",0,0
"TOV3121EP","rare_read_supported","genome_restricted","SBS10c",0,0
"TOV3121EP","rare_read_supported","genome_restricted","SBS10d",0,0
"TOV3121EP","rare_read_supported","genome_restricted","SBS28",0,0
"TOV3121EP","rare_read_supported","genome_restricted","SBS2",6.25456944839165,0.0375082562790302
"TOV3121EP","rare_read_supported","genome_restricted","SBS13",5.37148211867306,0.0322124375734969
"TOV3121EP","rare_read_supported","genome_restricted","SBS3",66.280618178033,0.397480663292258
"TOV3121EP","rare_read_supported","genome_restricted","SBS8",0,0
"TOV3121EP","rare_read_supported","genome_restricted","SBS17a",0,0
"TOV3121EP","rare_read_supported","genome_restricted","SBS17b",0,0
"TOV3121EP","rare_read_supported","genome_restricted","SBS18",0,0
"TOV3133D","rare_read_supported","genome_restricted","SBS1",0,0
"TOV3133D","rare_read_supported","genome_restricted","SBS5",68.3121230177423,0.408301511730775
"TOV3133D","rare_read_supported","genome_restricted","SBS40",42.6568224881779,0.254959798322046
"TOV3133D","rare_read_supported","genome_restricted","SBS6",12.3453684246889,0.0737882584818025
"TOV3133D","rare_read_supported","genome_restricted","SBS14",0,0
"TOV3133D","rare_read_supported","genome_restricted","SBS15",0,0
"TOV3133D","rare_read_supported","genome_restricted","SBS20",0,0
"TOV3133D","rare_read_supported","genome_restricted","SBS21",0,0
"TOV3133D","rare_read_supported","genome_restricted","SBS26",0,0
"TOV3133D","rare_read_supported","genome_restricted","SBS44",0,0
"TOV3133D","rare_read_supported","genome_restricted","SBS10a",0,0
"TOV3133D","rare_read_supported","genome_restricted","SBS10b",0,0
"TOV3133D","rare_read_supported","genome_restricted","SBS10c",0,0
"TOV3133D","rare_read_supported","genome_restricted","SBS10d",0,0
"TOV3133D","rare_read_supported","genome_restricted","SBS28",0,0
"TOV3133D","rare_read_supported","genome_restricted","SBS2",0,0
"TOV3133D","rare_read_supported","genome_restricted","SBS13",0,0
"TOV3133D","rare_read_supported","genome_restricted","SBS3",43.9937196061017,0.262950431465376
"TOV3133D","rare_read_supported","genome_restricted","SBS8",0,0
"TOV3133D","rare_read_supported","genome_restricted","SBS17a",0,0
"TOV3133D","rare_read_supported","genome_restricted","SBS17b",0,0
"TOV3133D","rare_read_supported","genome_restricted","SBS18",0,0
"TOV3133G","rare_read_supported","genome_restricted","SBS1",0,0
"TOV3133G","rare_read_supported","genome_restricted","SBS5",73.2948779172235,0.400304520718901
"TOV3133G","rare_read_supported","genome_restricted","SBS40",52.0598427879227,0.284328059587689
"TOV3133G","rare_read_supported","genome_restricted","SBS6",13.4779892114265,0.0736108738407046
"TOV3133G","rare_read_supported","genome_restricted","SBS14",0,0
"TOV3133G","rare_read_supported","genome_restricted","SBS15",0,0
"TOV3133G","rare_read_supported","genome_restricted","SBS20",0,0
"TOV3133G","rare_read_supported","genome_restricted","SBS21",0,0
"TOV3133G","rare_read_supported","genome_restricted","SBS26",0,0
"TOV3133G","rare_read_supported","genome_restricted","SBS44",0,0
"TOV3133G","rare_read_supported","genome_restricted","SBS10a",0,0
"TOV3133G","rare_read_supported","genome_restricted","SBS10b",0,0
"TOV3133G","rare_read_supported","genome_restricted","SBS10c",0,0
"TOV3133G","rare_read_supported","genome_restricted","SBS10d",0,0
"TOV3133G","rare_read_supported","genome_restricted","SBS28",0,0
"TOV3133G","rare_read_supported","genome_restricted","SBS2",0,0
"TOV3133G","rare_read_supported","genome_restricted","SBS13",0,0
"TOV3133G","rare_read_supported","genome_restricted","SBS3",44.2650921906689,0.241756545852705
"TOV3133G","rare_read_supported","genome_restricted","SBS8",0,0
"TOV3133G","rare_read_supported","genome_restricted","SBS17a",0,0
"TOV3133G","rare_read_supported","genome_restricted","SBS17b",0,0
"TOV3133G","rare_read_supported","genome_restricted","SBS18",0,0
"OV3331","rare_read_supported","genome_restricted","SBS1",9.50102469319696,0.0653074025145394
"OV3331","rare_read_supported","genome_restricted","SBS5",51.9306194625928,0.356956641792681
"OV3331","rare_read_supported","genome_restricted","SBS40",0,0
"OV3331","rare_read_supported","genome_restricted","SBS6",0,0
"OV3331","rare_read_supported","genome_restricted","SBS14",0,0
"OV3331","rare_read_supported","genome_restricted","SBS15",7.80550496683246,0.0536528712595776
"OV3331","rare_read_supported","genome_restricted","SBS20",0,0
"OV3331","rare_read_supported","genome_restricted","SBS21",0,0
"OV3331","rare_read_supported","genome_restricted","SBS26",0,0
"OV3331","rare_read_supported","genome_restricted","SBS44",0,0
"OV3331","rare_read_supported","genome_restricted","SBS10a",0,0
"OV3331","rare_read_supported","genome_restricted","SBS10b",0,0
"OV3331","rare_read_supported","genome_restricted","SBS10c",0,0
"OV3331","rare_read_supported","genome_restricted","SBS10d",0,0
"OV3331","rare_read_supported","genome_restricted","SBS28",0,0
"OV3331","rare_read_supported","genome_restricted","SBS2",3.59845552005185,0.0247347828963084
"OV3331","rare_read_supported","genome_restricted","SBS13",0,0
"OV3331","rare_read_supported","genome_restricted","SBS3",67.261897504896,0.462339585054363
"OV3331","rare_read_supported","genome_restricted","SBS8",0,0
"OV3331","rare_read_supported","genome_restricted","SBS17a",5.38408688181676,0.0370087164825316
"OV3331","rare_read_supported","genome_restricted","SBS17b",0,0
"OV3331","rare_read_supported","genome_restricted","SBS18",0,0
"OV90","rare_read_supported","genome_restricted","SBS1",8.77611107000024,0.0321342270396916
"OV90","rare_read_supported","genome_restricted","SBS5",128.743294784658,0.471400855282024
"OV90","rare_read_supported","genome_restricted","SBS40",38.1144602836744,0.139558251995877
"OV90","rare_read_supported","genome_restricted","SBS6",0,0
"OV90","rare_read_supported","genome_restricted","SBS14",0,0
"OV90","rare_read_supported","genome_restricted","SBS15",23.5879142457295,0.0863684820895305
"OV90","rare_read_supported","genome_restricted","SBS20",0,0
"OV90","rare_read_supported","genome_restricted","SBS21",6.8235306487093,0.0249847433936262
"OV90","rare_read_supported","genome_restricted","SBS26",0,0
"OV90","rare_read_supported","genome_restricted","SBS44",0,0
"OV90","rare_read_supported","genome_restricted","SBS10a",0,0
"OV90","rare_read_supported","genome_restricted","SBS10b",0,0
"OV90","rare_read_supported","genome_restricted","SBS10c",0,0
"OV90","rare_read_supported","genome_restricted","SBS10d",0,0
"OV90","rare_read_supported","genome_restricted","SBS28",0,0
"OV90","rare_read_supported","genome_restricted","SBS2",6.34076063425904,0.0232170536813424
"OV90","rare_read_supported","genome_restricted","SBS13",0,0
"OV90","rare_read_supported","genome_restricted","SBS3",60.7218222667537,0.222336386517908
"OV90","rare_read_supported","genome_restricted","SBS8",0,0
"OV90","rare_read_supported","genome_restricted","SBS17a",0,0
"OV90","rare_read_supported","genome_restricted","SBS17b",0,0
"OV90","rare_read_supported","genome_restricted","SBS18",0,0
"TOV81D","rare_read_supported","genome_restricted","SBS1",0,0
"TOV81D","rare_read_supported","genome_restricted","SBS5",76.6033613296478,0.444242713992271
"TOV81D","rare_read_supported","genome_restricted","SBS40",0,0
"TOV81D","rare_read_supported","genome_restricted","SBS6",0,0
"TOV81D","rare_read_supported","genome_restricted","SBS14",0,0
"TOV81D","rare_read_supported","genome_restricted","SBS15",0,0
"TOV81D","rare_read_supported","genome_restricted","SBS20",0,0
"TOV81D","rare_read_supported","genome_restricted","SBS21",0,0
"TOV81D","rare_read_supported","genome_restricted","SBS26",0,0
"TOV81D","rare_read_supported","genome_restricted","SBS44",12.7600291326279,0.0739987106845812
"TOV81D","rare_read_supported","genome_restricted","SBS10a",0,0
"TOV81D","rare_read_supported","genome_restricted","SBS10b",11.2058255260281,0.0649854818091374
"TOV81D","rare_read_supported","genome_restricted","SBS10c",0,0
"TOV81D","rare_read_supported","genome_restricted","SBS10d",0,0
"TOV81D","rare_read_supported","genome_restricted","SBS28",0,0
"TOV81D","rare_read_supported","genome_restricted","SBS2",0,0
"TOV81D","rare_read_supported","genome_restricted","SBS13",0,0
"TOV81D","rare_read_supported","genome_restricted","SBS3",71.8666145090324,0.416773093514011
"TOV81D","rare_read_supported","genome_restricted","SBS8",0,0
"TOV81D","rare_read_supported","genome_restricted","SBS17a",0,0
"TOV81D","rare_read_supported","genome_restricted","SBS17b",0,0
"TOV81D","rare_read_supported","genome_restricted","SBS18",0,0
"TOV21G","rare_read_supported","genome_restricted","SBS1",0,0
"TOV21G","rare_read_supported","genome_restricted","SBS5",470.974684525756,0.289159323573733
"TOV21G","rare_read_supported","genome_restricted","SBS40",0,0
"TOV21G","rare_read_supported","genome_restricted","SBS6",222.966617336941,0.136892445320269
"TOV21G","rare_read_supported","genome_restricted","SBS14",0,0
"TOV21G","rare_read_supported","genome_restricted","SBS15",161.359215589967,0.0990680033670287
"TOV21G","rare_read_supported","genome_restricted","SBS20",0,0
"TOV21G","rare_read_supported","genome_restricted","SBS21",0,0
"TOV21G","rare_read_supported","genome_restricted","SBS26",0,0
"TOV21G","rare_read_supported","genome_restricted","SBS44",773.471741055065,0.474880227738969
"TOV21G","rare_read_supported","genome_restricted","SBS10a",0,0
"TOV21G","rare_read_supported","genome_restricted","SBS10b",0,0
"TOV21G","rare_read_supported","genome_restricted","SBS10c",0,0
"TOV21G","rare_read_supported","genome_restricted","SBS10d",0,0
"TOV21G","rare_read_supported","genome_restricted","SBS28",0,0
"TOV21G","rare_read_supported","genome_restricted","SBS2",0,0
"TOV21G","rare_read_supported","genome_restricted","SBS13",0,0
"TOV21G","rare_read_supported","genome_restricted","SBS3",0,0
"TOV21G","rare_read_supported","genome_restricted","SBS8",0,0
"TOV21G","rare_read_supported","genome_restricted","SBS17a",0,0
"TOV21G","rare_read_supported","genome_restricted","SBS17b",0,0
"TOV21G","rare_read_supported","genome_restricted","SBS18",0,0
"TOV3392D","rare_read_supported","genome_restricted","SBS1",0,0
"TOV3392D","rare_read_supported","genome_restricted","SBS5",22.557041327522,0.116417740144969
"TOV3392D","rare_read_supported","genome_restricted","SBS40",81.2918687403146,0.419550397301528
"TOV3392D","rare_read_supported","genome_restricted","SBS6",33.1465630337898,0.171070660639273
"TOV3392D","rare_read_supported","genome_restricted","SBS14",0,0
"TOV3392D","rare_read_supported","genome_restricted","SBS15",0,0
"TOV3392D","rare_read_supported","genome_restricted","SBS20",0,0
"TOV3392D","rare_read_supported","genome_restricted","SBS21",0,0
"TOV3392D","rare_read_supported","genome_restricted","SBS26",0,0
"TOV3392D","rare_read_supported","genome_restricted","SBS44",0,0
"TOV3392D","rare_read_supported","genome_restricted","SBS10a",0,0
"TOV3392D","rare_read_supported","genome_restricted","SBS10b",6.91872252953539,0.035707787643047
"TOV3392D","rare_read_supported","genome_restricted","SBS10c",0,0
"TOV3392D","rare_read_supported","genome_restricted","SBS10d",0,0
"TOV3392D","rare_read_supported","genome_restricted","SBS28",0,0
"TOV3392D","rare_read_supported","genome_restricted","SBS2",6.50155279522099,0.0335547589270645
"TOV3392D","rare_read_supported","genome_restricted","SBS13",9.37129479429177,0.0483656055039736
"TOV3392D","rare_read_supported","genome_restricted","SBS3",33.9724413684692,0.175333049840145
"TOV3392D","rare_read_supported","genome_restricted","SBS8",0,0
"TOV3392D","rare_read_supported","genome_restricted","SBS17a",0,0
"TOV3392D","rare_read_supported","genome_restricted","SBS17b",0,0
"TOV3392D","rare_read_supported","genome_restricted","SBS18",0,0
"TOV112D","rare_read_supported","genome_restricted","SBS1",0,0
"TOV112D","rare_read_supported","genome_restricted","SBS5",74.9144908667658,0.613689052475061
"TOV112D","rare_read_supported","genome_restricted","SBS40",21.7349165682043,0.17804940272621
"TOV112D","rare_read_supported","genome_restricted","SBS6",0,0
"TOV112D","rare_read_supported","genome_restricted","SBS14",0,0
"TOV112D","rare_read_supported","genome_restricted","SBS15",0,0
"TOV112D","rare_read_supported","genome_restricted","SBS20",0,0
"TOV112D","rare_read_supported","genome_restricted","SBS21",0,0
"TOV112D","rare_read_supported","genome_restricted","SBS26",0,0
"TOV112D","rare_read_supported","genome_restricted","SBS44",0,0
"TOV112D","rare_read_supported","genome_restricted","SBS10a",0,0
"TOV112D","rare_read_supported","genome_restricted","SBS10b",5.6523578763358,0.0463033267562032
"TOV112D","rare_read_supported","genome_restricted","SBS10c",0,0
"TOV112D","rare_read_supported","genome_restricted","SBS10d",0,0
"TOV112D","rare_read_supported","genome_restricted","SBS28",0,0
"TOV112D","rare_read_supported","genome_restricted","SBS2",0,0
"TOV112D","rare_read_supported","genome_restricted","SBS13",0,0
"TOV112D","rare_read_supported","genome_restricted","SBS3",0,0
"TOV112D","rare_read_supported","genome_restricted","SBS8",0,0
"TOV112D","rare_read_supported","genome_restricted","SBS17a",6.53505785613869,0.0535342817818257
"TOV112D","rare_read_supported","genome_restricted","SBS17b",0,0
"TOV112D","rare_read_supported","genome_restricted","SBS18",13.2355693000913,0.1084239362607
"TOV2414","rare_read_supported","genome_restricted","SBS1",12.3780524498491,0.0631468717843635
"TOV2414","rare_read_supported","genome_restricted","SBS5",96.8657399015594,0.494162428430803
"TOV2414","rare_read_supported","genome_restricted","SBS40",24.2257553948036,0.123588155405955
"TOV2414","rare_read_supported","genome_restricted","SBS6",10.258349107698,0.0523331645626483
"TOV2414","rare_read_supported","genome_restricted","SBS14",0,0
"TOV2414","rare_read_supported","genome_restricted","SBS15",0,0
"TOV2414","rare_read_supported","genome_restricted","SBS20",6.17787527014925,0.0315165490827001
"TOV2414","rare_read_supported","genome_restricted","SBS21",0,0
"TOV2414","rare_read_supported","genome_restricted","SBS26",0,0
"TOV2414","rare_read_supported","genome_restricted","SBS44",0,0
"TOV2414","rare_read_supported","genome_restricted","SBS10a",0,0
"TOV2414","rare_read_supported","genome_restricted","SBS10b",0,0
"TOV2414","rare_read_supported","genome_restricted","SBS10c",0,0
"TOV2414","rare_read_supported","genome_restricted","SBS10d",0,0
"TOV2414","rare_read_supported","genome_restricted","SBS28",0,0
"TOV2414","rare_read_supported","genome_restricted","SBS2",5.29090518994592,0.0269916542207584
"TOV2414","rare_read_supported","genome_restricted","SBS13",0,0
"TOV2414","rare_read_supported","genome_restricted","SBS3",33.4352841557125,0.170570742869996
"TOV2414","rare_read_supported","genome_restricted","SBS8",0,0
"TOV2414","rare_read_supported","genome_restricted","SBS17a",0,0
"TOV2414","rare_read_supported","genome_restricted","SBS17b",0,0
"TOV2414","rare_read_supported","genome_restricted","SBS18",7.38808037999041,0.037690433642775
"OV1369-R2","baseline","target_full","SBS1",0,0
"OV1369-R2","baseline","target_full","SBS2",0,0
"OV1369-R2","baseline","target_full","SBS3",0,0
"OV1369-R2","baseline","target_full","SBS4",0,0
"OV1369-R2","baseline","target_full","SBS5",0,0
"OV1369-R2","baseline","target_full","SBS6",81.5044771695687,0.137146038154534
"OV1369-R2","baseline","target_full","SBS7a",0,0
"OV1369-R2","baseline","target_full","SBS7b",0,0
"OV1369-R2","baseline","target_full","SBS7c",0,0
"OV1369-R2","baseline","target_full","SBS7d",0,0
"OV1369-R2","baseline","target_full","SBS8",170.674591677997,0.287190898894812
"OV1369-R2","baseline","target_full","SBS9",0,0
"OV1369-R2","baseline","target_full","SBS10a",0,0
"OV1369-R2","baseline","target_full","SBS10b",0,0
"OV1369-R2","baseline","target_full","SBS10c",0,0
"OV1369-R2","baseline","target_full","SBS10d",0,0
"OV1369-R2","baseline","target_full","SBS11",0,0
"OV1369-R2","baseline","target_full","SBS12",46.5617403779674,0.0783485575784108
"OV1369-R2","baseline","target_full","SBS13",0,0
"OV1369-R2","baseline","target_full","SBS14",0,0
"OV1369-R2","baseline","target_full","SBS15",0,0
"OV1369-R2","baseline","target_full","SBS16",0,0
"OV1369-R2","baseline","target_full","SBS17a",0,0
"OV1369-R2","baseline","target_full","SBS17b",0,0
"OV1369-R2","baseline","target_full","SBS18",0,0
"OV1369-R2","baseline","target_full","SBS19",0,0
"OV1369-R2","baseline","target_full","SBS20",0,0
"OV1369-R2","baseline","target_full","SBS21",0,0
"OV1369-R2","baseline","target_full","SBS22",0,0
"OV1369-R2","baseline","target_full","SBS23",0,0
"OV1369-R2","baseline","target_full","SBS24",0,0
"OV1369-R2","baseline","target_full","SBS25",0,0
"OV1369-R2","baseline","target_full","SBS26",0,0
"OV1369-R2","baseline","target_full","SBS28",0,0
"OV1369-R2","baseline","target_full","SBS29",0,0
"OV1369-R2","baseline","target_full","SBS30",58.4197780094201,0.0983018526355359
"OV1369-R2","baseline","target_full","SBS31",0,0
"OV1369-R2","baseline","target_full","SBS32",60.4990689772828,0.101800636117327
"OV1369-R2","baseline","target_full","SBS33",0,0
"OV1369-R2","baseline","target_full","SBS34",0,0
"OV1369-R2","baseline","target_full","SBS35",0,0
"OV1369-R2","baseline","target_full","SBS36",0,0
"OV1369-R2","baseline","target_full","SBS37",0,0
"OV1369-R2","baseline","target_full","SBS38",0,0
"OV1369-R2","baseline","target_full","SBS39",128.632132877743,0.216446850727567
"OV1369-R2","baseline","target_full","SBS40",0,0
"OV1369-R2","baseline","target_full","SBS41",0,0
"OV1369-R2","baseline","target_full","SBS42",0,0
"OV1369-R2","baseline","target_full","SBS44",0,0
"OV1369-R2","baseline","target_full","SBS84",0,0
"OV1369-R2","baseline","target_full","SBS85",0,0
"OV1369-R2","baseline","target_full","SBS86",0,0
"OV1369-R2","baseline","target_full","SBS87",0,0
"OV1369-R2","baseline","target_full","SBS88",0,0
"OV1369-R2","baseline","target_full","SBS89",0,0
"OV1369-R2","baseline","target_full","SBS90",0,0
"OV1369-R2","baseline","target_full","SBS91",0,0
"OV1369-R2","baseline","target_full","SBS92",0,0
"OV1369-R2","baseline","target_full","SBS93",47.9979057951969,0.0807651658918143
"OV1369-R2","baseline","target_full","SBS94",0,0
"OV2085","baseline","target_full","SBS1",0,0
"OV2085","baseline","target_full","SBS2",0,0
"OV2085","baseline","target_full","SBS3",29.0772537171516,0.0608975139028701
"OV2085","baseline","target_full","SBS4",13.4671953551517,0.0282048203159318
"OV2085","baseline","target_full","SBS5",108.441277944008,0.227112377787758
"OV2085","baseline","target_full","SBS6",0,0
"OV2085","baseline","target_full","SBS7a",0,0
"OV2085","baseline","target_full","SBS7b",0,0
"OV2085","baseline","target_full","SBS7c",0,0
"OV2085","baseline","target_full","SBS7d",0,0
"OV2085","baseline","target_full","SBS8",0,0
"OV2085","baseline","target_full","SBS9",0,0
"OV2085","baseline","target_full","SBS10a",0,0
"OV2085","baseline","target_full","SBS10b",10.9348852022191,0.0229013142061498
"OV2085","baseline","target_full","SBS10c",0,0
"OV2085","baseline","target_full","SBS10d",0,0
"OV2085","baseline","target_full","SBS11",0,0
"OV2085","baseline","target_full","SBS12",13.4212708704484,0.0281086390543549
"OV2085","baseline","target_full","SBS13",0,0
"OV2085","baseline","target_full","SBS14",0,0
"OV2085","baseline","target_full","SBS15",28.3674461938542,0.059410939072288
"OV2085","baseline","target_full","SBS16",0,0
"OV2085","baseline","target_full","SBS17a",0,0
"OV2085","baseline","target_full","SBS17b",0,0
"OV2085","baseline","target_full","SBS18",0,0
"OV2085","baseline","target_full","SBS19",0,0
"OV2085","baseline","target_full","SBS20",0,0
"OV2085","baseline","target_full","SBS21",0,0
"OV2085","baseline","target_full","SBS22",0,0
"OV2085","baseline","target_full","SBS23",0,0
"OV2085","baseline","target_full","SBS24",0,0
"OV2085","baseline","target_full","SBS25",0,0
"OV2085","baseline","target_full","SBS26",0,0
"OV2085","baseline","target_full","SBS28",0,0
"OV2085","baseline","target_full","SBS29",39.0387317899222,0.081760187363392
"OV2085","baseline","target_full","SBS30",39.0204819784151,0.0817219661420626
"OV2085","baseline","target_full","SBS31",36.7249057285308,0.0769142601615638
"OV2085","baseline","target_full","SBS32",13.2918506786771,0.0278375898003791
"OV2085","baseline","target_full","SBS33",0,0
"OV2085","baseline","target_full","SBS34",0,0
"OV2085","baseline","target_full","SBS35",0,0
"OV2085","baseline","target_full","SBS36",0,0
"OV2085","baseline","target_full","SBS37",12.6844370584198,0.0265654621178878
"OV2085","baseline","target_full","SBS38",0,0
"OV2085","baseline","target_full","SBS39",12.6231889511599,0.0264371880552933
"OV2085","baseline","target_full","SBS40",50.5627181808253,0.105895276883299
"OV2085","baseline","target_full","SBS41",0,0
"OV2085","baseline","target_full","SBS42",0,0
"OV2085","baseline","target_full","SBS44",0,0
"OV2085","baseline","target_full","SBS84",0,0
"OV2085","baseline","target_full","SBS85",0,0
"OV2085","baseline","target_full","SBS86",17.7280466715732,0.037128470905629
"OV2085","baseline","target_full","SBS87",19.3679698937896,0.0405630197181139
"OV2085","baseline","target_full","SBS88",17.1191248758087,0.035853184598193
"OV2085","baseline","target_full","SBS89",15.6077169639886,0.0326877899148334
"OV2085","baseline","target_full","SBS90",0,0
"OV2085","baseline","target_full","SBS91",0,0
"OV2085","baseline","target_full","SBS92",0,0
"OV2085","baseline","target_full","SBS93",0,0
"OV2085","baseline","target_full","SBS94",0,0
"OV2295","baseline","target_full","SBS1",35.658271947124,0.0893907965477932
"OV2295","baseline","target_full","SBS2",0,0
"OV2295","baseline","target_full","SBS3",0,0
"OV2295","baseline","target_full","SBS4",0,0
"OV2295","baseline","target_full","SBS5",0,0
"OV2295","baseline","target_full","SBS6",0,0
"OV2295","baseline","target_full","SBS7a",0,0
"OV2295","baseline","target_full","SBS7b",22.8176104992519,0.0572008756024401
"OV2295","baseline","target_full","SBS7c",0,0
"OV2295","baseline","target_full","SBS7d",0,0
"OV2295","baseline","target_full","SBS8",0,0
"OV2295","baseline","target_full","SBS9",0,0
"OV2295","baseline","target_full","SBS10a",0,0
"OV2295","baseline","target_full","SBS10b",0,0
"OV2295","baseline","target_full","SBS10c",0,0
"OV2295","baseline","target_full","SBS10d",0,0
"OV2295","baseline","target_full","SBS11",0,0
"OV2295","baseline","target_full","SBS12",51.8528136011566,0.129988472742732
"OV2295","baseline","target_full","SBS13",0,0
"OV2295","baseline","target_full","SBS14",0,0
"OV2295","baseline","target_full","SBS15",0,0
"OV2295","baseline","target_full","SBS16",0,0
"OV2295","baseline","target_full","SBS17a",0,0
"OV2295","baseline","target_full","SBS17b",0,0
"OV2295","baseline","target_full","SBS18",0,0
"OV2295","baseline","target_full","SBS19",0,0
"OV2295","baseline","target_full","SBS20",0,0
"OV2295","baseline","target_full","SBS21",0,0
"OV2295","baseline","target_full","SBS22",0,0
"OV2295","baseline","target_full","SBS23",0,0
"OV2295","baseline","target_full","SBS24",33.6933328805524,0.0844649417955166
"OV2295","baseline","target_full","SBS25",0,0
"OV2295","baseline","target_full","SBS26",0,0
"OV2295","baseline","target_full","SBS28",0,0
"OV2295","baseline","target_full","SBS29",0,0
"OV2295","baseline","target_full","SBS30",0,0
"OV2295","baseline","target_full","SBS31",0,0
"OV2295","baseline","target_full","SBS32",37.1058427473905,0.093019674219909
"OV2295","baseline","target_full","SBS33",0,0
"OV2295","baseline","target_full","SBS34",0,0
"OV2295","baseline","target_full","SBS35",0,0
"OV2295","baseline","target_full","SBS36",0,0
"OV2295","baseline","target_full","SBS37",0,0
"OV2295","baseline","target_full","SBS38",0,0
"OV2295","baseline","target_full","SBS39",44.8786450330123,0.1125051105515
"OV2295","baseline","target_full","SBS40",108.386299298988,0.271710800892736
"OV2295","baseline","target_full","SBS41",0,0
"OV2295","baseline","target_full","SBS42",0,0
"OV2295","baseline","target_full","SBS44",0,0
"OV2295","baseline","target_full","SBS84",0,0
"OV2295","baseline","target_full","SBS85",0,0
"OV2295","baseline","target_full","SBS86",0,0
"OV2295","baseline","target_full","SBS87",0,0
"OV2295","baseline","target_full","SBS88",0,0
"OV2295","baseline","target_full","SBS89",64.5103521509949,0.161719327647373
"OV2295","baseline","target_full","SBS90",0,0
"OV2295","baseline","target_full","SBS91",0,0
"OV2295","baseline","target_full","SBS92",0,0
"OV2295","baseline","target_full","SBS93",0,0
"OV2295","baseline","target_full","SBS94",0,0
"OV2295-R2","baseline","target_full","SBS1",45.6859599660105,0.0785340385737134
"OV2295-R2","baseline","target_full","SBS2",0,0
"OV2295-R2","baseline","target_full","SBS3",0,0
"OV2295-R2","baseline","target_full","SBS4",0,0
"OV2295-R2","baseline","target_full","SBS5",0,0
"OV2295-R2","baseline","target_full","SBS6",0,0
"OV2295-R2","baseline","target_full","SBS7a",0,0
"OV2295-R2","baseline","target_full","SBS7b",30.5201940440167,0.052464128982148
"OV2295-R2","baseline","target_full","SBS7c",0,0
"OV2295-R2","baseline","target_full","SBS7d",0,0
"OV2295-R2","baseline","target_full","SBS8",70.1047571554494,0.120509883271424
"OV2295-R2","baseline","target_full","SBS9",0,0
"OV2295-R2","baseline","target_full","SBS10a",0,0
"OV2295-R2","baseline","target_full","SBS10b",0,0
"OV2295-R2","baseline","target_full","SBS10c",0,0
"OV2295-R2","baseline","target_full","SBS10d",0,0
"OV2295-R2","baseline","target_full","SBS11",0,0
"OV2295-R2","baseline","target_full","SBS12",0,0
"OV2295-R2","baseline","target_full","SBS13",0,0
"OV2295-R2","baseline","target_full","SBS14",0,0
"OV2295-R2","baseline","target_full","SBS15",0,0
"OV2295-R2","baseline","target_full","SBS16",0,0
"OV2295-R2","baseline","target_full","SBS17a",0,0
"OV2295-R2","baseline","target_full","SBS17b",0,0
"OV2295-R2","baseline","target_full","SBS18",0,0
"OV2295-R2","baseline","target_full","SBS19",0,0
"OV2295-R2","baseline","target_full","SBS20",0,0
"OV2295-R2","baseline","target_full","SBS21",0,0
"OV2295-R2","baseline","target_full","SBS22",0,0
"OV2295-R2","baseline","target_full","SBS23",0,0
"OV2295-R2","baseline","target_full","SBS24",51.0841263477073,0.0878134716241058
"OV2295-R2","baseline","target_full","SBS25",0,0
"OV2295-R2","baseline","target_full","SBS26",0,0
"OV2295-R2","baseline","target_full","SBS28",0,0
"OV2295-R2","baseline","target_full","SBS29",0,0
"OV2295-R2","baseline","target_full","SBS30",0,0
"OV2295-R2","baseline","target_full","SBS31",0,0
"OV2295-R2","baseline","target_full","SBS32",0,0
"OV2295-R2","baseline","target_full","SBS33",0,0
"OV2295-R2","baseline","target_full","SBS34",0,0
"OV2295-R2","baseline","target_full","SBS35",0,0
"OV2295-R2","baseline","target_full","SBS36",0,0
"OV2295-R2","baseline","target_full","SBS37",50.6209879258003,0.0870173379603265
"OV2295-R2","baseline","target_full","SBS38",0,0
"OV2295-R2","baseline","target_full","SBS39",0,0
"OV2295-R2","baseline","target_full","SBS40",224.160676861186,0.385331582315952
"OV2295-R2","baseline","target_full","SBS41",0,0
"OV2295-R2","baseline","target_full","SBS42",0,0
"OV2295-R2","baseline","target_full","SBS44",0,0
"OV2295-R2","baseline","target_full","SBS84",0,0
"OV2295-R2","baseline","target_full","SBS85",0,0
"OV2295-R2","baseline","target_full","SBS86",0,0
"OV2295-R2","baseline","target_full","SBS87",0,0
"OV2295-R2","baseline","target_full","SBS88",0,0
"OV2295-R2","baseline","target_full","SBS89",109.557801562494,0.18832955727233
"OV2295-R2","baseline","target_full","SBS90",0,0
"OV2295-R2","baseline","target_full","SBS91",0,0
"OV2295-R2","baseline","target_full","SBS92",0,0
"OV2295-R2","baseline","target_full","SBS93",0,0
"OV2295-R2","baseline","target_full","SBS94",0,0
"OV3133-R","baseline","target_full","SBS1",17.680108102866,0.0413359374528679
"OV3133-R","baseline","target_full","SBS2",0,0
"OV3133-R","baseline","target_full","SBS3",0,0
"OV3133-R","baseline","target_full","SBS4",0,0
"OV3133-R","baseline","target_full","SBS5",109.423877331523,0.255832064086357
"OV3133-R","baseline","target_full","SBS6",0,0
"OV3133-R","baseline","target_full","SBS7a",17.1424822650332,0.0400789729662027
"OV3133-R","baseline","target_full","SBS7b",0,0
"OV3133-R","baseline","target_full","SBS7c",0,0
"OV3133-R","baseline","target_full","SBS7d",0,0
"OV3133-R","baseline","target_full","SBS8",0,0
"OV3133-R","baseline","target_full","SBS9",0,0
"OV3133-R","baseline","target_full","SBS10a",0,0
"OV3133-R","baseline","target_full","SBS10b",0,0
"OV3133-R","baseline","target_full","SBS10c",0,0
"OV3133-R","baseline","target_full","SBS10d",0,0
"OV3133-R","baseline","target_full","SBS11",0,0
"OV3133-R","baseline","target_full","SBS12",0,0
"OV3133-R","baseline","target_full","SBS13",0,0
"OV3133-R","baseline","target_full","SBS14",0,0
"OV3133-R","baseline","target_full","SBS15",0,0
"OV3133-R","baseline","target_full","SBS16",30.1700979740497,0.0705374240669973
"OV3133-R","baseline","target_full","SBS17a",0,0
"OV3133-R","baseline","target_full","SBS17b",0,0
"OV3133-R","baseline","target_full","SBS18",0,0
"OV3133-R","baseline","target_full","SBS19",0,0
"OV3133-R","baseline","target_full","SBS20",0,0
"OV3133-R","baseline","target_full","SBS21",0,0
"OV3133-R","baseline","target_full","SBS22",0,0
"OV3133-R","baseline","target_full","SBS23",0,0
"OV3133-R","baseline","target_full","SBS24",24.8022651451961,0.0579874780610123
"OV3133-R","baseline","target_full","SBS25",0,0
"OV3133-R","baseline","target_full","SBS26",0,0
"OV3133-R","baseline","target_full","SBS28",0,0
"OV3133-R","baseline","target_full","SBS29",0,0
"OV3133-R","baseline","target_full","SBS30",0,0
"OV3133-R","baseline","target_full","SBS31",0,0
"OV3133-R","baseline","target_full","SBS32",0,0
"OV3133-R","baseline","target_full","SBS33",0,0
"OV3133-R","baseline","target_full","SBS34",0,0
"OV3133-R","baseline","target_full","SBS35",36.5273438822231,0.0854006091620113
"OV3133-R","baseline","target_full","SBS36",0,0
"OV3133-R","baseline","target_full","SBS37",0,0
"OV3133-R","baseline","target_full","SBS38",18.3497501313268,0.0429015546336688
"OV3133-R","baseline","target_full","SBS39",0,0
"OV3133-R","baseline","target_full","SBS40",148.138380653789,0.346346232808469
"OV3133-R","baseline","target_full","SBS41",0,0
"OV3133-R","baseline","target_full","SBS42",0,0
"OV3133-R","baseline","target_full","SBS44",0,0
"OV3133-R","baseline","target_full","SBS84",0,0
"OV3133-R","baseline","target_full","SBS85",0,0
"OV3133-R","baseline","target_full","SBS86",0,0
"OV3133-R","baseline","target_full","SBS87",25.483297943824,0.0595797267624144
"OV3133-R","baseline","target_full","SBS88",0,0
"OV3133-R","baseline","target_full","SBS89",0,0
"OV3133-R","baseline","target_full","SBS90",0,0
"OV3133-R","baseline","target_full","SBS91",0,0
"OV3133-R","baseline","target_full","SBS92",0,0
"OV3133-R","baseline","target_full","SBS93",0,0
"OV3133-R","baseline","target_full","SBS94",0,0
"OV3133-R2","baseline","target_full","SBS1",16.5403972351648,0.0417960789937617
"OV3133-R2","baseline","target_full","SBS2",0,0
"OV3133-R2","baseline","target_full","SBS3",0,0
"OV3133-R2","baseline","target_full","SBS4",0,0
"OV3133-R2","baseline","target_full","SBS5",0,0
"OV3133-R2","baseline","target_full","SBS6",0,0
"OV3133-R2","baseline","target_full","SBS7a",0,0
"OV3133-R2","baseline","target_full","SBS7b",0,0
"OV3133-R2","baseline","target_full","SBS7c",0,0
"OV3133-R2","baseline","target_full","SBS7d",0,0
"OV3133-R2","baseline","target_full","SBS8",0,0
"OV3133-R2","baseline","target_full","SBS9",0,0
"OV3133-R2","baseline","target_full","SBS10a",0,0
"OV3133-R2","baseline","target_full","SBS10b",0,0
"OV3133-R2","baseline","target_full","SBS10c",0,0
"OV3133-R2","baseline","target_full","SBS10d",0,0
"OV3133-R2","baseline","target_full","SBS11",0,0
"OV3133-R2","baseline","target_full","SBS12",29.2254384608918,0.0738500241059408
"OV3133-R2","baseline","target_full","SBS13",0,0
"OV3133-R2","baseline","target_full","SBS14",0,0
"OV3133-R2","baseline","target_full","SBS15",0,0
"OV3133-R2","baseline","target_full","SBS16",24.3723023926216,0.0615865907921596
"OV3133-R2","baseline","target_full","SBS17a",0,0
"OV3133-R2","baseline","target_full","SBS17b",0,0
"OV3133-R2","baseline","target_full","SBS18",0,0
"OV3133-R2","baseline","target_full","SBS19",0,0
"OV3133-R2","baseline","target_full","SBS20",0,0
"OV3133-R2","baseline","target_full","SBS21",0,0
"OV3133-R2","baseline","target_full","SBS22",0,0
"OV3133-R2","baseline","target_full","SBS23",0,0
"OV3133-R2","baseline","target_full","SBS24",0,0
"OV3133-R2","baseline","target_full","SBS25",41.9484174686005,0.105999834541667
"OV3133-R2","baseline","target_full","SBS26",0,0
"OV3133-R2","baseline","target_full","SBS28",0,0
"OV3133-R2","baseline","target_full","SBS29",29.5102425055111,0.0745696980156667
"OV3133-R2","baseline","target_full","SBS30",32.4478737941182,0.0819928250208717
"OV3133-R2","baseline","target_full","SBS31",0,0
"OV3133-R2","baseline","target_full","SBS32",0,0
"OV3133-R2","baseline","target_full","SBS33",0,0
"OV3133-R2","baseline","target_full","SBS34",0,0
"OV3133-R2","baseline","target_full","SBS35",0,0
"OV3133-R2","baseline","target_full","SBS36",0,0
"OV3133-R2","baseline","target_full","SBS37",0,0
"OV3133-R2","baseline","target_full","SBS38",0,0
"OV3133-R2","baseline","target_full","SBS39",0,0
"OV3133-R2","baseline","target_full","SBS40",167.587936273995,0.423479468075764
"OV3133-R2","baseline","target_full","SBS41",0,0
"OV3133-R2","baseline","target_full","SBS42",0,0
"OV3133-R2","baseline","target_full","SBS44",23.9009099716174,0.0603954250308279
"OV3133-R2","baseline","target_full","SBS84",0,0
"OV3133-R2","baseline","target_full","SBS85",0,0
"OV3133-R2","baseline","target_full","SBS86",0,0
"OV3133-R2","baseline","target_full","SBS87",30.2068870592534,0.0763300554233405
"OV3133-R2","baseline","target_full","SBS88",0,0
"OV3133-R2","baseline","target_full","SBS89",0,0
"OV3133-R2","baseline","target_full","SBS90",0,0
"OV3133-R2","baseline","target_full","SBS91",0,0
"OV3133-R2","baseline","target_full","SBS92",0,0
"OV3133-R2","baseline","target_full","SBS93",0,0
"OV3133-R2","baseline","target_full","SBS94",0,0
"OV3291","baseline","target_full","SBS1",37.1583285851257,0.0855064682286843
"OV3291","baseline","target_full","SBS2",0,0
"OV3291","baseline","target_full","SBS3",0,0
"OV3291","baseline","target_full","SBS4",0,0
"OV3291","baseline","target_full","SBS5",0,0
"OV3291","baseline","target_full","SBS6",0,0
"OV3291","baseline","target_full","SBS7a",14.7175015971965,0.0338670126091204
"OV3291","baseline","target_full","SBS7b",0,0
"OV3291","baseline","target_full","SBS7c",0,0
"OV3291","baseline","target_full","SBS7d",0,0
"OV3291","baseline","target_full","SBS8",0,0
"OV3291","baseline","target_full","SBS9",0,0
"OV3291","baseline","target_full","SBS10a",0,0
"OV3291","baseline","target_full","SBS10b",0,0
"OV3291","baseline","target_full","SBS10c",0,0
"OV3291","baseline","target_full","SBS10d",0,0
"OV3291","baseline","target_full","SBS11",0,0
"OV3291","baseline","target_full","SBS12",42.1607026724175,0.097017624872426
"OV3291","baseline","target_full","SBS13",0,0
"OV3291","baseline","target_full","SBS14",0,0
"OV3291","baseline","target_full","SBS15",0,0
"OV3291","baseline","target_full","SBS16",0,0
"OV3291","baseline","target_full","SBS17a",0,0
"OV3291","baseline","target_full","SBS17b",0,0
"OV3291","baseline","target_full","SBS18",0,0
"OV3291","baseline","target_full","SBS19",0,0
"OV3291","baseline","target_full","SBS20",0,0
"OV3291","baseline","target_full","SBS21",0,0
"OV3291","baseline","target_full","SBS22",0,0
"OV3291","baseline","target_full","SBS23",0,0
"OV3291","baseline","target_full","SBS24",54.336633505034,0.125036130616264
"OV3291","baseline","target_full","SBS25",0,0
"OV3291","baseline","target_full","SBS26",0,0
"OV3291","baseline","target_full","SBS28",0,0
"OV3291","baseline","target_full","SBS29",0,0
"OV3291","baseline","target_full","SBS30",0,0
"OV3291","baseline","target_full","SBS31",0,0
"OV3291","baseline","target_full","SBS32",0,0
"OV3291","baseline","target_full","SBS33",0,0
"OV3291","baseline","target_full","SBS34",0,0
"OV3291","baseline","target_full","SBS35",0,0
"OV3291","baseline","target_full","SBS36",0,0
"OV3291","baseline","target_full","SBS37",0,0
"OV3291","baseline","target_full","SBS38",0,0
"OV3291","baseline","target_full","SBS39",0,0
"OV3291","baseline","target_full","SBS40",162.91635894717,0.374893139726025
"OV3291","baseline","target_full","SBS41",0,0
"OV3291","baseline","target_full","SBS42",0,0
"OV3291","baseline","target_full","SBS44",0,0
"OV3291","baseline","target_full","SBS84",23.111574928252,0.0531829396682954
"OV3291","baseline","target_full","SBS85",17.6972085858132,0.0407237316988734
"OV3291","baseline","target_full","SBS86",0,0
"OV3291","baseline","target_full","SBS87",0,0
"OV3291","baseline","target_full","SBS88",0,0
"OV3291","baseline","target_full","SBS89",82.4691496985851,0.189772952580311
"OV3291","baseline","target_full","SBS90",0,0
"OV3291","baseline","target_full","SBS91",0,0
"OV3291","baseline","target_full","SBS92",0,0
"OV3291","baseline","target_full","SBS93",0,0
"OV3291","baseline","target_full","SBS94",0,0
"TOV1369","baseline","target_full","SBS1",0,0
"TOV1369","baseline","target_full","SBS2",0,0
"TOV1369","baseline","target_full","SBS3",0,0
"TOV1369","baseline","target_full","SBS4",0,0
"TOV1369","baseline","target_full","SBS5",0,0
"TOV1369","baseline","target_full","SBS6",80.8669188135298,0.119246671604098
"TOV1369","baseline","target_full","SBS7a",0,0
"TOV1369","baseline","target_full","SBS7b",0,0
"TOV1369","baseline","target_full","SBS7c",0,0
"TOV1369","baseline","target_full","SBS7d",0,0
"TOV1369","baseline","target_full","SBS8",136.035579405771,0.200598592129854
"TOV1369","baseline","target_full","SBS9",0,0
"TOV1369","baseline","target_full","SBS10a",0,0
"TOV1369","baseline","target_full","SBS10b",0,0
"TOV1369","baseline","target_full","SBS10c",0,0
"TOV1369","baseline","target_full","SBS10d",0,0
"TOV1369","baseline","target_full","SBS11",0,0
"TOV1369","baseline","target_full","SBS12",46.152066712241,0.0680560162775023
"TOV1369","baseline","target_full","SBS13",0,0
"TOV1369","baseline","target_full","SBS14",0,0
"TOV1369","baseline","target_full","SBS15",0,0
"TOV1369","baseline","target_full","SBS16",0,0
"TOV1369","baseline","target_full","SBS17a",0,0
"TOV1369","baseline","target_full","SBS17b",0,0
"TOV1369","baseline","target_full","SBS18",0,0
"TOV1369","baseline","target_full","SBS19",0,0
"TOV1369","baseline","target_full","SBS20",0,0
"TOV1369","baseline","target_full","SBS21",0,0
"TOV1369","baseline","target_full","SBS22",0,0
"TOV1369","baseline","target_full","SBS23",0,0
"TOV1369","baseline","target_full","SBS24",0,0
"TOV1369","baseline","target_full","SBS25",0,0
"TOV1369","baseline","target_full","SBS26",0,0
"TOV1369","baseline","target_full","SBS28",0,0
"TOV1369","baseline","target_full","SBS29",0,0
"TOV1369","baseline","target_full","SBS30",0,0
"TOV1369","baseline","target_full","SBS31",0,0
"TOV1369","baseline","target_full","SBS32",62.3043065429198,0.091874171674284
"TOV1369","baseline","target_full","SBS33",0,0
"TOV1369","baseline","target_full","SBS34",0,0
"TOV1369","baseline","target_full","SBS35",0,0
"TOV1369","baseline","target_full","SBS36",0,0
"TOV1369","baseline","target_full","SBS37",0,0
"TOV1369","baseline","target_full","SBS38",0,0
"TOV1369","baseline","target_full","SBS39",112.998293015302,0.166627720416682
"TOV1369","baseline","target_full","SBS40",239.791061584083,0.35359682789758
"TOV1369","baseline","target_full","SBS41",0,0
"TOV1369","baseline","target_full","SBS42",0,0
"TOV1369","baseline","target_full","SBS44",0,0
"TOV1369","baseline","target_full","SBS84",0,0
"TOV1369","baseline","target_full","SBS85",0,0
"TOV1369","baseline","target_full","SBS86",0,0
"TOV1369","baseline","target_full","SBS87",0,0
"TOV1369","baseline","target_full","SBS88",0,0
"TOV1369","baseline","target_full","SBS89",0,0
"TOV1369","baseline","target_full","SBS90",0,0
"TOV1369","baseline","target_full","SBS91",0,0
"TOV1369","baseline","target_full","SBS92",0,0
"TOV1369","baseline","target_full","SBS93",0,0
"TOV1369","baseline","target_full","SBS94",0,0
"TOV2295-R","baseline","target_full","SBS1",25.6865210520122,0.0620558151714768
"TOV2295-R","baseline","target_full","SBS2",0,0
"TOV2295-R","baseline","target_full","SBS3",78.0371753364425,0.188529249226728
"TOV2295-R","baseline","target_full","SBS4",0,0
"TOV2295-R","baseline","target_full","SBS5",0,0
"TOV2295-R","baseline","target_full","SBS6",0,0
"TOV2295-R","baseline","target_full","SBS7a",16.321122214456,0.03943003964922
"TOV2295-R","baseline","target_full","SBS7b",0,0
"TOV2295-R","baseline","target_full","SBS7c",0,0
"TOV2295-R","baseline","target_full","SBS7d",0,0
"TOV2295-R","baseline","target_full","SBS8",0,0
"TOV2295-R","baseline","target_full","SBS9",0,0
"TOV2295-R","baseline","target_full","SBS10a",0,0
"TOV2295-R","baseline","target_full","SBS10b",0,0
"TOV2295-R","baseline","target_full","SBS10c",0,0
"TOV2295-R","baseline","target_full","SBS10d",0,0
"TOV2295-R","baseline","target_full","SBS11",32.9895460807505,0.0796991219648875
"TOV2295-R","baseline","target_full","SBS12",0,0
"TOV2295-R","baseline","target_full","SBS13",0,0
"TOV2295-R","baseline","target_full","SBS14",0,0
"TOV2295-R","baseline","target_full","SBS15",0,0
"TOV2295-R","baseline","target_full","SBS16",0,0
"TOV2295-R","baseline","target_full","SBS17a",0,0
"TOV2295-R","baseline","target_full","SBS17b",0,0
"TOV2295-R","baseline","target_full","SBS18",70.8542146069828,0.171176004600539
"TOV2295-R","baseline","target_full","SBS19",0,0
"TOV2295-R","baseline","target_full","SBS20",0,0
"TOV2295-R","baseline","target_full","SBS21",0,0
"TOV2295-R","baseline","target_full","SBS22",0,0
"TOV2295-R","baseline","target_full","SBS23",0,0
"TOV2295-R","baseline","target_full","SBS24",0,0
"TOV2295-R","baseline","target_full","SBS25",0,0
"TOV2295-R","baseline","target_full","SBS26",34.8606230644702,0.0842194385635506
"TOV2295-R","baseline","target_full","SBS28",0,0
"TOV2295-R","baseline","target_full","SBS29",0,0
"TOV2295-R","baseline","target_full","SBS30",0,0
"TOV2295-R","baseline","target_full","SBS31",42.085410620318,0.101673732210831
"TOV2295-R","baseline","target_full","SBS32",0,0
"TOV2295-R","baseline","target_full","SBS33",0,0
"TOV2295-R","baseline","target_full","SBS34",0,0
"TOV2295-R","baseline","target_full","SBS35",0,0
"TOV2295-R","baseline","target_full","SBS36",0,0
"TOV2295-R","baseline","target_full","SBS37",31.34392609831,0.0757234847321912
"TOV2295-R","baseline","target_full","SBS38",0,0
"TOV2295-R","baseline","target_full","SBS39",28.0512693408699,0.0677687874515017
"TOV2295-R","baseline","target_full","SBS40",0,0
"TOV2295-R","baseline","target_full","SBS41",0,0
"TOV2295-R","baseline","target_full","SBS42",0,0
"TOV2295-R","baseline","target_full","SBS44",0,0
"TOV2295-R","baseline","target_full","SBS84",0,0
"TOV2295-R","baseline","target_full","SBS85",0,0
"TOV2295-R","baseline","target_full","SBS86",0,0
"TOV2295-R","baseline","target_full","SBS87",0,0
"TOV2295-R","baseline","target_full","SBS88",0,0
"TOV2295-R","baseline","target_full","SBS89",53.696283459831,0.129724326429074
"TOV2295-R","baseline","target_full","SBS90",0,0
"TOV2295-R","baseline","target_full","SBS91",0,0
"TOV2295-R","baseline","target_full","SBS92",0,0
"TOV2295-R","baseline","target_full","SBS93",0,0
"TOV2295-R","baseline","target_full","SBS94",0,0
"TOV2835EP","baseline","target_full","SBS1",0,0
"TOV2835EP","baseline","target_full","SBS2",0,0
"TOV2835EP","baseline","target_full","SBS3",0,0
"TOV2835EP","baseline","target_full","SBS4",42.5829307060317,0.0837315806727401
"TOV2835EP","baseline","target_full","SBS5",0,0
"TOV2835EP","baseline","target_full","SBS6",49.8510388148461,0.0980229920519288
"TOV2835EP","baseline","target_full","SBS7a",23.4765297917934,0.0461623217468942
"TOV2835EP","baseline","target_full","SBS7b",0,0
"TOV2835EP","baseline","target_full","SBS7c",0,0
"TOV2835EP","baseline","target_full","SBS7d",0,0
"TOV2835EP","baseline","target_full","SBS8",0,0
"TOV2835EP","baseline","target_full","SBS9",0,0
"TOV2835EP","baseline","target_full","SBS10a",11.341883681771,0.0223017493802164
"TOV2835EP","baseline","target_full","SBS10b",0,0
"TOV2835EP","baseline","target_full","SBS10c",0,0
"TOV2835EP","baseline","target_full","SBS10d",0,0
"TOV2835EP","baseline","target_full","SBS11",0,0
"TOV2835EP","baseline","target_full","SBS12",0,0
"TOV2835EP","baseline","target_full","SBS13",0,0
"TOV2835EP","baseline","target_full","SBS14",18.7367168846294,0.0368423425855332
"TOV2835EP","baseline","target_full","SBS15",0,0
"TOV2835EP","baseline","target_full","SBS16",24.5011304424972,0.0481770123898188
"TOV2835EP","baseline","target_full","SBS17a",0,0
"TOV2835EP","baseline","target_full","SBS17b",0,0
"TOV2835EP","baseline","target_full","SBS18",0,0
"TOV2835EP","baseline","target_full","SBS19",13.0161046950309,0.0255938001975621
"TOV2835EP","baseline","target_full","SBS20",0,0
"TOV2835EP","baseline","target_full","SBS21",0,0
"TOV2835EP","baseline","target_full","SBS22",14.8529102344055,0.0292055438857085
"TOV2835EP","baseline","target_full","SBS23",0,0
"TOV2835EP","baseline","target_full","SBS24",30.0602785121057,0.0591080649816545
"TOV2835EP","baseline","target_full","SBS25",0,0
"TOV2835EP","baseline","target_full","SBS26",48.503048240752,0.0953724140003608
"TOV2835EP","baseline","target_full","SBS28",0,0
"TOV2835EP","baseline","target_full","SBS29",35.1731579170948,0.0691616114912704
"TOV2835EP","baseline","target_full","SBS30",0,0
"TOV2835EP","baseline","target_full","SBS31",22.5810628055522,0.0444015489453263
"TOV2835EP","baseline","target_full","SBS32",34.3733379582429,0.0675889111557627
"TOV2835EP","baseline","target_full","SBS33",0,0
"TOV2835EP","baseline","target_full","SBS34",0,0
"TOV2835EP","baseline","target_full","SBS35",0,0
"TOV2835EP","baseline","target_full","SBS36",0,0
"TOV2835EP","baseline","target_full","SBS37",0,0
"TOV2835EP","baseline","target_full","SBS38",0,0
"TOV2835EP","baseline","target_full","SBS39",0,0
"TOV2835EP","baseline","target_full","SBS40",68.714547454302,0.135114647539883
"TOV2835EP","baseline","target_full","SBS41",0,0
"TOV2835EP","baseline","target_full","SBS42",0,0
"TOV2835EP","baseline","target_full","SBS44",0,0
"TOV2835EP","baseline","target_full","SBS84",0,0
"TOV2835EP","baseline","target_full","SBS85",0,0
"TOV2835EP","baseline","target_full","SBS86",21.8489945708205,0.0429620700405616
"TOV2835EP","baseline","target_full","SBS87",0,0
"TOV2835EP","baseline","target_full","SBS88",0,0
"TOV2835EP","baseline","target_full","SBS89",48.9510810413355,0.0962533889347791
"TOV2835EP","baseline","target_full","SBS90",0,0
"TOV2835EP","baseline","target_full","SBS91",0,0
"TOV2835EP","baseline","target_full","SBS92",0,0
"TOV2835EP","baseline","target_full","SBS93",0,0
"TOV2835EP","baseline","target_full","SBS94",0,0
"TOV2881EP","baseline","target_full","SBS1",25.8437392020899,0.0466114893932061
"TOV2881EP","baseline","target_full","SBS2",0,0
"TOV2881EP","baseline","target_full","SBS3",0,0
"TOV2881EP","baseline","target_full","SBS4",0,0
"TOV2881EP","baseline","target_full","SBS5",0,0
"TOV2881EP","baseline","target_full","SBS6",0,0
"TOV2881EP","baseline","target_full","SBS7a",0,0
"TOV2881EP","baseline","target_full","SBS7b",0,0
"TOV2881EP","baseline","target_full","SBS7c",0,0
"TOV2881EP","baseline","target_full","SBS7d",0,0
"TOV2881EP","baseline","target_full","SBS8",0,0
"TOV2881EP","baseline","target_full","SBS9",0,0
"TOV2881EP","baseline","target_full","SBS10a",0,0
"TOV2881EP","baseline","target_full","SBS10b",0,0
"TOV2881EP","baseline","target_full","SBS10c",0,0
"TOV2881EP","baseline","target_full","SBS10d",0,0
"TOV2881EP","baseline","target_full","SBS11",0,0
"TOV2881EP","baseline","target_full","SBS12",77.5352570473078,0.139841753671924
"TOV2881EP","baseline","target_full","SBS13",0,0
"TOV2881EP","baseline","target_full","SBS14",0,0
"TOV2881EP","baseline","target_full","SBS15",20.4810761469811,0.036939448124026
"TOV2881EP","baseline","target_full","SBS16",0,0
"TOV2881EP","baseline","target_full","SBS17a",0,0
"TOV2881EP","baseline","target_full","SBS17b",0,0
"TOV2881EP","baseline","target_full","SBS18",0,0
"TOV2881EP","baseline","target_full","SBS19",0,0
"TOV2881EP","baseline","target_full","SBS20",0,0
"TOV2881EP","baseline","target_full","SBS21",0,0
"TOV2881EP","baseline","target_full","SBS22",0,0
"TOV2881EP","baseline","target_full","SBS23",35.1791283580083,0.0634486966262581
"TOV2881EP","baseline","target_full","SBS24",0,0
"TOV2881EP","baseline","target_full","SBS25",0,0
"TOV2881EP","baseline","target_full","SBS26",0,0
"TOV2881EP","baseline","target_full","SBS28",0,0
"TOV2881EP","baseline","target_full","SBS29",104.960009554917,0.189304741617428
"TOV2881EP","baseline","target_full","SBS30",0,0
"TOV2881EP","baseline","target_full","SBS31",0,0
"TOV2881EP","baseline","target_full","SBS32",0,0
"TOV2881EP","baseline","target_full","SBS33",0,0
"TOV2881EP","baseline","target_full","SBS34",0,0
"TOV2881EP","baseline","target_full","SBS35",0,0
"TOV2881EP","baseline","target_full","SBS36",0,0
"TOV2881EP","baseline","target_full","SBS37",0,0
"TOV2881EP","baseline","target_full","SBS38",0,0
"TOV2881EP","baseline","target_full","SBS39",0,0
"TOV2881EP","baseline","target_full","SBS40",161.78321759858,0.291790467011258
"TOV2881EP","baseline","target_full","SBS41",0,0
"TOV2881EP","baseline","target_full","SBS42",0,0
"TOV2881EP","baseline","target_full","SBS44",0,0
"TOV2881EP","baseline","target_full","SBS84",0,0
"TOV2881EP","baseline","target_full","SBS85",0,0
"TOV2881EP","baseline","target_full","SBS86",0,0
"TOV2881EP","baseline","target_full","SBS87",0,0
"TOV2881EP","baseline","target_full","SBS88",0,0
"TOV2881EP","baseline","target_full","SBS89",88.2105720584871,0.159095636731248
"TOV2881EP","baseline","target_full","SBS90",0,0
"TOV2881EP","baseline","target_full","SBS91",0,0
"TOV2881EP","baseline","target_full","SBS92",0,0
"TOV2881EP","baseline","target_full","SBS93",40.4569766065035,0.0729677668246524
"TOV2881EP","baseline","target_full","SBS94",0,0
"TOV2929D","baseline","target_full","SBS1",0,0
"TOV2929D","baseline","target_full","SBS2",0,0
"TOV2929D","baseline","target_full","SBS3",0,0
"TOV2929D","baseline","target_full","SBS4",0,0
"TOV2929D","baseline","target_full","SBS5",0,0
"TOV2929D","baseline","target_full","SBS6",67.8442479290375,0.0770402502944068
"TOV2929D","baseline","target_full","SBS7a",0,0
"TOV2929D","baseline","target_full","SBS7b",0,0
"TOV2929D","baseline","target_full","SBS7c",0,0
"TOV2929D","baseline","target_full","SBS7d",0,0
"TOV2929D","baseline","target_full","SBS8",0,0
"TOV2929D","baseline","target_full","SBS9",0,0
"TOV2929D","baseline","target_full","SBS10a",0,0
"TOV2929D","baseline","target_full","SBS10b",0,0
"TOV2929D","baseline","target_full","SBS10c",0,0
"TOV2929D","baseline","target_full","SBS10d",0,0
"TOV2929D","baseline","target_full","SBS11",0,0
"TOV2929D","baseline","target_full","SBS12",82.203291738287,0.09334560207913
"TOV2929D","baseline","target_full","SBS13",0,0
"TOV2929D","baseline","target_full","SBS14",0,0
"TOV2929D","baseline","target_full","SBS15",0,0
"TOV2929D","baseline","target_full","SBS16",0,0
"TOV2929D","baseline","target_full","SBS17a",0,0
"TOV2929D","baseline","target_full","SBS17b",0,0
"TOV2929D","baseline","target_full","SBS18",64.4724768053574,0.0732114497809798
"TOV2929D","baseline","target_full","SBS19",0,0
"TOV2929D","baseline","target_full","SBS20",0,0
"TOV2929D","baseline","target_full","SBS21",0,0
"TOV2929D","baseline","target_full","SBS22",0,0
"TOV2929D","baseline","target_full","SBS23",0,0
"TOV2929D","baseline","target_full","SBS24",0,0
"TOV2929D","baseline","target_full","SBS25",66.1623399585278,0.0751303667747935
"TOV2929D","baseline","target_full","SBS26",0,0
"TOV2929D","baseline","target_full","SBS28",0,0
"TOV2929D","baseline","target_full","SBS29",97.778540720674,0.111032010531264
"TOV2929D","baseline","target_full","SBS30",0,0
"TOV2929D","baseline","target_full","SBS31",0,0
"TOV2929D","baseline","target_full","SBS32",0,0
"TOV2929D","baseline","target_full","SBS33",0,0
"TOV2929D","baseline","target_full","SBS34",0,0
"TOV2929D","baseline","target_full","SBS35",0,0
"TOV2929D","baseline","target_full","SBS36",0,0
"TOV2929D","baseline","target_full","SBS37",0,0
"TOV2929D","baseline","target_full","SBS38",0,0
"TOV2929D","baseline","target_full","SBS39",0,0
"TOV2929D","baseline","target_full","SBS40",333.950598381292,0.37921619696001
"TOV2929D","baseline","target_full","SBS41",0,0
"TOV2929D","baseline","target_full","SBS42",0,0
"TOV2929D","baseline","target_full","SBS44",0,0
"TOV2929D","baseline","target_full","SBS84",42.2492870512632,0.047976000155445
"TOV2929D","baseline","target_full","SBS85",0,0
"TOV2929D","baseline","target_full","SBS86",0,0
"TOV2929D","baseline","target_full","SBS87",0,0
"TOV2929D","baseline","target_full","SBS88",0,0
"TOV2929D","baseline","target_full","SBS89",125.973011695472,0.14304812342397
"TOV2929D","baseline","target_full","SBS90",0,0
"TOV2929D","baseline","target_full","SBS91",0,0
"TOV2929D","baseline","target_full","SBS92",0,0
"TOV2929D","baseline","target_full","SBS93",0,0
"TOV2929D","baseline","target_full","SBS94",0,0
"TOV3121D","baseline","target_full","SBS1",17.5063498504337,0.0548957101897533
"TOV3121D","baseline","target_full","SBS2",8.599493328025,0.0269659465021078
"TOV3121D","baseline","target_full","SBS3",0,0
"TOV3121D","baseline","target_full","SBS4",0,0
"TOV3121D","baseline","target_full","SBS5",83.7304170160559,0.262558485683794
"TOV3121D","baseline","target_full","SBS6",0,0
"TOV3121D","baseline","target_full","SBS7a",0,0
"TOV3121D","baseline","target_full","SBS7b",0,0
"TOV3121D","baseline","target_full","SBS7c",0,0
"TOV3121D","baseline","target_full","SBS7d",0,0
"TOV3121D","baseline","target_full","SBS8",34.9065744188918,0.10945863697389
"TOV3121D","baseline","target_full","SBS9",0,0
"TOV3121D","baseline","target_full","SBS10a",0,0
"TOV3121D","baseline","target_full","SBS10b",0,0
"TOV3121D","baseline","target_full","SBS10c",0,0
"TOV3121D","baseline","target_full","SBS10d",0,0
"TOV3121D","baseline","target_full","SBS11",0,0
"TOV3121D","baseline","target_full","SBS12",0,0
"TOV3121D","baseline","target_full","SBS13",0,0
"TOV3121D","baseline","target_full","SBS14",0,0
"TOV3121D","baseline","target_full","SBS15",0,0
"TOV3121D","baseline","target_full","SBS16",0,0
"TOV3121D","baseline","target_full","SBS17a",0,0
"TOV3121D","baseline","target_full","SBS17b",0,0
"TOV3121D","baseline","target_full","SBS18",0,0
"TOV3121D","baseline","target_full","SBS19",9.23861392421808,0.0289700752510856
"TOV3121D","baseline","target_full","SBS20",0,0
"TOV3121D","baseline","target_full","SBS21",0,0
"TOV3121D","baseline","target_full","SBS22",0,0
"TOV3121D","baseline","target_full","SBS23",10.5593673897238,0.0331116410311571
"TOV3121D","baseline","target_full","SBS24",0,0
"TOV3121D","baseline","target_full","SBS25",0,0
"TOV3121D","baseline","target_full","SBS26",0,0
"TOV3121D","baseline","target_full","SBS28",0,0
"TOV3121D","baseline","target_full","SBS29",15.269848778395,0.0478825797691551
"TOV3121D","baseline","target_full","SBS30",12.9635737359952,0.0406506549289064
"TOV3121D","baseline","target_full","SBS31",0,0
"TOV3121D","baseline","target_full","SBS32",0,0
"TOV3121D","baseline","target_full","SBS33",0,0
"TOV3121D","baseline","target_full","SBS34",0,0
"TOV3121D","baseline","target_full","SBS35",0,0
"TOV3121D","baseline","target_full","SBS36",0,0
"TOV3121D","baseline","target_full","SBS37",29.0336856823157,0.0910426678647293
"TOV3121D","baseline","target_full","SBS38",0,0
"TOV3121D","baseline","target_full","SBS39",0,0
"TOV3121D","baseline","target_full","SBS40",0,0
"TOV3121D","baseline","target_full","SBS41",0,0
"TOV3121D","baseline","target_full","SBS42",0,0
"TOV3121D","baseline","target_full","SBS44",0,0
"TOV3121D","baseline","target_full","SBS84",0,0
"TOV3121D","baseline","target_full","SBS85",0,0
"TOV3121D","baseline","target_full","SBS86",15.2704348650004,0.0478844175960416
"TOV3121D","baseline","target_full","SBS87",12.1624927250089,0.0381386572027482
"TOV3121D","baseline","target_full","SBS88",0,0
"TOV3121D","baseline","target_full","SBS89",0,0
"TOV3121D","baseline","target_full","SBS90",0,0
"TOV3121D","baseline","target_full","SBS91",0,0
"TOV3121D","baseline","target_full","SBS92",69.6611133014361,0.218440527006631
"TOV3121D","baseline","target_full","SBS93",0,0
"TOV3121D","baseline","target_full","SBS94",0,0
"TOV3121EP","baseline","target_full","SBS1",32.5090978761026,0.0816140969647659
"TOV3121EP","baseline","target_full","SBS2",0,0
"TOV3121EP","baseline","target_full","SBS3",0,0
"TOV3121EP","baseline","target_full","SBS4",0,0
"TOV3121EP","baseline","target_full","SBS5",0,0
"TOV3121EP","baseline","target_full","SBS6",0,0
"TOV3121EP","baseline","target_full","SBS7a",0,0
"TOV3121EP","baseline","target_full","SBS7b",0,0
"TOV3121EP","baseline","target_full","SBS7c",0,0
"TOV3121EP","baseline","target_full","SBS7d",0,0
"TOV3121EP","baseline","target_full","SBS8",0,0
"TOV3121EP","baseline","target_full","SBS9",0,0
"TOV3121EP","baseline","target_full","SBS10a",0,0
"TOV3121EP","baseline","target_full","SBS10b",0,0
"TOV3121EP","baseline","target_full","SBS10c",0,0
"TOV3121EP","baseline","target_full","SBS10d",0,0
"TOV3121EP","baseline","target_full","SBS11",0,0
"TOV3121EP","baseline","target_full","SBS12",27.0314842459305,0.0678625468094163
"TOV3121EP","baseline","target_full","SBS13",0,0
"TOV3121EP","baseline","target_full","SBS14",0,0
"TOV3121EP","baseline","target_full","SBS15",0,0
"TOV3121EP","baseline","target_full","SBS16",0,0
"TOV3121EP","baseline","target_full","SBS17a",0,0
"TOV3121EP","baseline","target_full","SBS17b",0,0
"TOV3121EP","baseline","target_full","SBS18",0,0
"TOV3121EP","baseline","target_full","SBS19",0,0
"TOV3121EP","baseline","target_full","SBS20",0,0
"TOV3121EP","baseline","target_full","SBS21",0,0
"TOV3121EP","baseline","target_full","SBS22",0,0
"TOV3121EP","baseline","target_full","SBS23",24.1160706902853,0.0605434004729156
"TOV3121EP","baseline","target_full","SBS24",0,0
"TOV3121EP","baseline","target_full","SBS25",0,0
"TOV3121EP","baseline","target_full","SBS26",0,0
"TOV3121EP","baseline","target_full","SBS28",0,0
"TOV3121EP","baseline","target_full","SBS29",78.8642074043278,0.197988609055732
"TOV3121EP","baseline","target_full","SBS30",0,0
"TOV3121EP","baseline","target_full","SBS31",0,0
"TOV3121EP","baseline","target_full","SBS32",0,0
"TOV3121EP","baseline","target_full","SBS33",0,0
"TOV3121EP","baseline","target_full","SBS34",0,0
"TOV3121EP","baseline","target_full","SBS35",0,0
"TOV3121EP","baseline","target_full","SBS36",0,0
"TOV3121EP","baseline","target_full","SBS37",0,0
"TOV3121EP","baseline","target_full","SBS38",0,0
"TOV3121EP","baseline","target_full","SBS39",29.0870379553685,0.0730230148235619
"TOV3121EP","baseline","target_full","SBS40",144.888605378305,0.363742873871846
"TOV3121EP","baseline","target_full","SBS41",0,0
"TOV3121EP","baseline","target_full","SBS42",0,0
"TOV3121EP","baseline","target_full","SBS44",0,0
"TOV3121EP","baseline","target_full","SBS84",0,0
"TOV3121EP","baseline","target_full","SBS85",0,0
"TOV3121EP","baseline","target_full","SBS86",0,0
"TOV3121EP","baseline","target_full","SBS87",0,0
"TOV3121EP","baseline","target_full","SBS88",0,0
"TOV3121EP","baseline","target_full","SBS89",0,0
"TOV3121EP","baseline","target_full","SBS90",0,0
"TOV3121EP","baseline","target_full","SBS91",0,0
"TOV3121EP","baseline","target_full","SBS92",61.8304900098409,0.155225458001762
"TOV3121EP","baseline","target_full","SBS93",0,0
"TOV3121EP","baseline","target_full","SBS94",0,0
"TOV3133D","baseline","target_full","SBS1",0,0
"TOV3133D","baseline","target_full","SBS2",0,0
"TOV3133D","baseline","target_full","SBS3",0,0
"TOV3133D","baseline","target_full","SBS4",0,0
"TOV3133D","baseline","target_full","SBS5",0,0
"TOV3133D","baseline","target_full","SBS6",23.1217303559652,0.0551723674735725
"TOV3133D","baseline","target_full","SBS7a",0,0
"TOV3133D","baseline","target_full","SBS7b",0,0
"TOV3133D","baseline","target_full","SBS7c",0,0
"TOV3133D","baseline","target_full","SBS7d",0,0
"TOV3133D","baseline","target_full","SBS8",0,0
"TOV3133D","baseline","target_full","SBS9",0,0
"TOV3133D","baseline","target_full","SBS10a",0,0
"TOV3133D","baseline","target_full","SBS10b",0,0
"TOV3133D","baseline","target_full","SBS10c",0,0
"TOV3133D","baseline","target_full","SBS10d",0,0
"TOV3133D","baseline","target_full","SBS11",0,0
"TOV3133D","baseline","target_full","SBS12",39.7946906584872,0.0949568766137244
"TOV3133D","baseline","target_full","SBS13",0,0
"TOV3133D","baseline","target_full","SBS14",0,0
"TOV3133D","baseline","target_full","SBS15",0,0
"TOV3133D","baseline","target_full","SBS16",0,0
"TOV3133D","baseline","target_full","SBS17a",0,0
"TOV3133D","baseline","target_full","SBS17b",0,0
"TOV3133D","baseline","target_full","SBS18",0,0
"TOV3133D","baseline","target_full","SBS19",0,0
"TOV3133D","baseline","target_full","SBS20",0,0
"TOV3133D","baseline","target_full","SBS21",0,0
"TOV3133D","baseline","target_full","SBS22",0,0
"TOV3133D","baseline","target_full","SBS23",0,0
"TOV3133D","baseline","target_full","SBS24",40.8005821218766,0.0973571041313996
"TOV3133D","baseline","target_full","SBS25",0,0
"TOV3133D","baseline","target_full","SBS26",0,0
"TOV3133D","baseline","target_full","SBS28",0,0
"TOV3133D","baseline","target_full","SBS29",44.552926597315,0.106310834025274
"TOV3133D","baseline","target_full","SBS30",0,0
"TOV3133D","baseline","target_full","SBS31",26.9531964597443,0.0643148949827948
"TOV3133D","baseline","target_full","SBS32",0,0
"TOV3133D","baseline","target_full","SBS33",0,0
"TOV3133D","baseline","target_full","SBS34",0,0
"TOV3133D","baseline","target_full","SBS35",0,0
"TOV3133D","baseline","target_full","SBS36",0,0
"TOV3133D","baseline","target_full","SBS37",0,0
"TOV3133D","baseline","target_full","SBS38",0,0
"TOV3133D","baseline","target_full","SBS39",0,0
"TOV3133D","baseline","target_full","SBS40",208.894756793136,0.498458294758206
"TOV3133D","baseline","target_full","SBS41",0,0
"TOV3133D","baseline","target_full","SBS42",0,0
"TOV3133D","baseline","target_full","SBS44",0,0
"TOV3133D","baseline","target_full","SBS84",0,0
"TOV3133D","baseline","target_full","SBS85",0,0
"TOV3133D","baseline","target_full","SBS86",0,0
"TOV3133D","baseline","target_full","SBS87",34.963831551836,0.0834296280150289
"TOV3133D","baseline","target_full","SBS88",0,0
"TOV3133D","baseline","target_full","SBS89",0,0
"TOV3133D","baseline","target_full","SBS90",0,0
"TOV3133D","baseline","target_full","SBS91",0,0
"TOV3133D","baseline","target_full","SBS92",0,0
"TOV3133D","baseline","target_full","SBS93",0,0
"TOV3133D","baseline","target_full","SBS94",0,0
"TOV3133G","baseline","target_full","SBS1",25.5057376515083,0.0597224660939292
"TOV3133G","baseline","target_full","SBS2",0,0
"TOV3133G","baseline","target_full","SBS3",0,0
"TOV3133G","baseline","target_full","SBS4",0,0
"TOV3133G","baseline","target_full","SBS5",181.305681831599,0.424532808412386
"TOV3133G","baseline","target_full","SBS6",0,0
"TOV3133G","baseline","target_full","SBS7a",0,0
"TOV3133G","baseline","target_full","SBS7b",0,0
"TOV3133G","baseline","target_full","SBS7c",0,0
"TOV3133G","baseline","target_full","SBS7d",0,0
"TOV3133G","baseline","target_full","SBS8",0,0
"TOV3133G","baseline","target_full","SBS9",0,0
"TOV3133G","baseline","target_full","SBS10a",0,0
"TOV3133G","baseline","target_full","SBS10b",0,0
"TOV3133G","baseline","target_full","SBS10c",0,0
"TOV3133G","baseline","target_full","SBS10d",0,0
"TOV3133G","baseline","target_full","SBS11",0,0
"TOV3133G","baseline","target_full","SBS12",0,0
"TOV3133G","baseline","target_full","SBS13",0,0
"TOV3133G","baseline","target_full","SBS14",0,0
"TOV3133G","baseline","target_full","SBS15",0,0
"TOV3133G","baseline","target_full","SBS16",0,0
"TOV3133G","baseline","target_full","SBS17a",0,0
"TOV3133G","baseline","target_full","SBS17b",0,0
"TOV3133G","baseline","target_full","SBS18",0,0
"TOV3133G","baseline","target_full","SBS19",0,0
"TOV3133G","baseline","target_full","SBS20",0,0
"TOV3133G","baseline","target_full","SBS21",0,0
"TOV3133G","baseline","target_full","SBS22",0,0
"TOV3133G","baseline","target_full","SBS23",0,0
"TOV3133G","baseline","target_full","SBS24",0,0
"TOV3133G","baseline","target_full","SBS25",0,0
"TOV3133G","baseline","target_full","SBS26",0,0
"TOV3133G","baseline","target_full","SBS28",0,0
"TOV3133G","baseline","target_full","SBS29",32.9030253184217,0.0770434417861631
"TOV3133G","baseline","target_full","SBS30",0,0
"TOV3133G","baseline","target_full","SBS31",0,0
"TOV3133G","baseline","target_full","SBS32",0,0
"TOV3133G","baseline","target_full","SBS33",0,0
"TOV3133G","baseline","target_full","SBS34",0,0
"TOV3133G","baseline","target_full","SBS35",40.1020519735749,0.0939001832455208
"TOV3133G","baseline","target_full","SBS36",0,0
"TOV3133G","baseline","target_full","SBS37",0,0
"TOV3133G","baseline","target_full","SBS38",0,0
"TOV3133G","baseline","target_full","SBS39",0,0
"TOV3133G","baseline","target_full","SBS40",102.059474810797,0.238975386920111
"TOV3133G","baseline","target_full","SBS41",0,0
"TOV3133G","baseline","target_full","SBS42",0,0
"TOV3133G","baseline","target_full","SBS44",0,0
"TOV3133G","baseline","target_full","SBS84",0,0
"TOV3133G","baseline","target_full","SBS85",0,0
"TOV3133G","baseline","target_full","SBS86",0,0
"TOV3133G","baseline","target_full","SBS87",0,0
"TOV3133G","baseline","target_full","SBS88",0,0
"TOV3133G","baseline","target_full","SBS89",45.1951009882607,0.10582571354189
"TOV3133G","baseline","target_full","SBS90",0,0
"TOV3133G","baseline","target_full","SBS91",0,0
"TOV3133G","baseline","target_full","SBS92",0,0
"TOV3133G","baseline","target_full","SBS93",0,0
"TOV3133G","baseline","target_full","SBS94",0,0
"OV3331","baseline","target_full","SBS1",36.8275075148552,0.121501899885378
"OV3331","baseline","target_full","SBS2",8.59186805975132,0.0283464280715492
"OV3331","baseline","target_full","SBS3",0,0
"OV3331","baseline","target_full","SBS4",0,0
"OV3331","baseline","target_full","SBS5",0,0
"OV3331","baseline","target_full","SBS6",0,0
"OV3331","baseline","target_full","SBS7a",0,0
"OV3331","baseline","target_full","SBS7b",0,0
"OV3331","baseline","target_full","SBS7c",0,0
"OV3331","baseline","target_full","SBS7d",12.8437770412663,0.0423743939659389
"OV3331","baseline","target_full","SBS8",0,0
"OV3331","baseline","target_full","SBS9",0,0
"OV3331","baseline","target_full","SBS10a",0,0
"OV3331","baseline","target_full","SBS10b",0,0
"OV3331","baseline","target_full","SBS10c",0,0
"OV3331","baseline","target_full","SBS10d",0,0
"OV3331","baseline","target_full","SBS11",0,0
"OV3331","baseline","target_full","SBS12",0,0
"OV3331","baseline","target_full","SBS13",0,0
"OV3331","baseline","target_full","SBS14",0,0
"OV3331","baseline","target_full","SBS15",0,0
"OV3331","baseline","target_full","SBS16",28.6687011002254,0.0945842356971441
"OV3331","baseline","target_full","SBS17a",0,0
"OV3331","baseline","target_full","SBS17b",0,0
"OV3331","baseline","target_full","SBS18",0,0
"OV3331","baseline","target_full","SBS19",0,0
"OV3331","baseline","target_full","SBS20",0,0
"OV3331","baseline","target_full","SBS21",0,0
"OV3331","baseline","target_full","SBS22",0,0
"OV3331","baseline","target_full","SBS23",0,0
"OV3331","baseline","target_full","SBS24",66.7039159148378,0.220070622758765
"OV3331","baseline","target_full","SBS25",0,0
"OV3331","baseline","target_full","SBS26",36.0984190884283,0.119096479726015
"OV3331","baseline","target_full","SBS28",0,0
"OV3331","baseline","target_full","SBS29",8.60898399482457,0.0284028972373996
"OV3331","baseline","target_full","SBS30",0,0
"OV3331","baseline","target_full","SBS31",25.10109637643,0.0828139373187825
"OV3331","baseline","target_full","SBS32",24.0521848871474,0.0793533518119293
"OV3331","baseline","target_full","SBS33",0,0
"OV3331","baseline","target_full","SBS34",0,0
"OV3331","baseline","target_full","SBS35",0,0
"OV3331","baseline","target_full","SBS36",0,0
"OV3331","baseline","target_full","SBS37",0,0
"OV3331","baseline","target_full","SBS38",0,0
"OV3331","baseline","target_full","SBS39",29.2203000509252,0.0964040797487073
"OV3331","baseline","target_full","SBS40",0,0
"OV3331","baseline","target_full","SBS41",0,0
"OV3331","baseline","target_full","SBS42",0,0
"OV3331","baseline","target_full","SBS44",0,0
"OV3331","baseline","target_full","SBS84",0,0
"OV3331","baseline","target_full","SBS85",0,0
"OV3331","baseline","target_full","SBS86",0,0
"OV3331","baseline","target_full","SBS87",0,0
"OV3331","baseline","target_full","SBS88",0,0
"OV3331","baseline","target_full","SBS89",26.3855641210451,0.0870516737783914
"OV3331","baseline","target_full","SBS90",0,0
"OV3331","baseline","target_full","SBS91",0,0
"OV3331","baseline","target_full","SBS92",0,0
"OV3331","baseline","target_full","SBS93",0,0
"OV3331","baseline","target_full","SBS94",0,0
"OV90","baseline","target_full","SBS1",39.4684238531201,0.0699973152299172
"OV90","baseline","target_full","SBS2",0,0
"OV90","baseline","target_full","SBS3",0,0
"OV90","baseline","target_full","SBS4",0,0
"OV90","baseline","target_full","SBS5",323.538582486396,0.573796213186015
"OV90","baseline","target_full","SBS6",0,0
"OV90","baseline","target_full","SBS7a",0,0
"OV90","baseline","target_full","SBS7b",0,0
"OV90","baseline","target_full","SBS7c",0,0
"OV90","baseline","target_full","SBS7d",0,0
"OV90","baseline","target_full","SBS8",0,0
"OV90","baseline","target_full","SBS9",0,0
"OV90","baseline","target_full","SBS10a",0,0
"OV90","baseline","target_full","SBS10b",0,0
"OV90","baseline","target_full","SBS10c",0,0
"OV90","baseline","target_full","SBS10d",0,0
"OV90","baseline","target_full","SBS11",0,0
"OV90","baseline","target_full","SBS12",0,0
"OV90","baseline","target_full","SBS13",0,0
"OV90","baseline","target_full","SBS14",0,0
"OV90","baseline","target_full","SBS15",0,0
"OV90","baseline","target_full","SBS16",0,0
"OV90","baseline","target_full","SBS17a",0,0
"OV90","baseline","target_full","SBS17b",0,0
"OV90","baseline","target_full","SBS18",0,0
"OV90","baseline","target_full","SBS19",0,0
"OV90","baseline","target_full","SBS20",0,0
"OV90","baseline","target_full","SBS21",0,0
"OV90","baseline","target_full","SBS22",0,0
"OV90","baseline","target_full","SBS23",0,0
"OV90","baseline","target_full","SBS24",46.5549339805557,0.0825652527061157
"OV90","baseline","target_full","SBS25",0,0
"OV90","baseline","target_full","SBS26",0,0
"OV90","baseline","target_full","SBS28",0,0
"OV90","baseline","target_full","SBS29",0,0
"OV90","baseline","target_full","SBS30",0,0
"OV90","baseline","target_full","SBS31",0,0
"OV90","baseline","target_full","SBS32",0,0
"OV90","baseline","target_full","SBS33",0,0
"OV90","baseline","target_full","SBS34",0,0
"OV90","baseline","target_full","SBS35",0,0
"OV90","baseline","target_full","SBS36",0,0
"OV90","baseline","target_full","SBS37",0,0
"OV90","baseline","target_full","SBS38",0,0
"OV90","baseline","target_full","SBS39",0,0
"OV90","baseline","target_full","SBS40",108.449946944823,0.192336160957805
"OV90","baseline","target_full","SBS41",0,0
"OV90","baseline","target_full","SBS42",0,0
"OV90","baseline","target_full","SBS44",0,0
"OV90","baseline","target_full","SBS84",0,0
"OV90","baseline","target_full","SBS85",0,0
"OV90","baseline","target_full","SBS86",0,0
"OV90","baseline","target_full","SBS87",0,0
"OV90","baseline","target_full","SBS88",0,0
"OV90","baseline","target_full","SBS89",45.8443652710743,0.0813050579201476
"OV90","baseline","target_full","SBS90",0,0
"OV90","baseline","target_full","SBS91",0,0
"OV90","baseline","target_full","SBS92",0,0
"OV90","baseline","target_full","SBS93",0,0
"OV90","baseline","target_full","SBS94",0,0
"TOV81D","baseline","target_full","SBS1",0,0
"TOV81D","baseline","target_full","SBS2",0,0
"TOV81D","baseline","target_full","SBS3",0,0
"TOV81D","baseline","target_full","SBS4",0,0
"TOV81D","baseline","target_full","SBS5",361.556561363219,0.632769656237883
"TOV81D","baseline","target_full","SBS6",0,0
"TOV81D","baseline","target_full","SBS7a",0,0
"TOV81D","baseline","target_full","SBS7b",0,0
"TOV81D","baseline","target_full","SBS7c",0,0
"TOV81D","baseline","target_full","SBS7d",0,0
"TOV81D","baseline","target_full","SBS8",0,0
"TOV81D","baseline","target_full","SBS9",0,0
"TOV81D","baseline","target_full","SBS10a",0,0
"TOV81D","baseline","target_full","SBS10b",0,0
"TOV81D","baseline","target_full","SBS10c",0,0
"TOV81D","baseline","target_full","SBS10d",0,0
"TOV81D","baseline","target_full","SBS11",0,0
"TOV81D","baseline","target_full","SBS12",0,0
"TOV81D","baseline","target_full","SBS13",0,0
"TOV81D","baseline","target_full","SBS14",0,0
"TOV81D","baseline","target_full","SBS15",0,0
"TOV81D","baseline","target_full","SBS16",0,0
"TOV81D","baseline","target_full","SBS17a",0,0
"TOV81D","baseline","target_full","SBS17b",0,0
"TOV81D","baseline","target_full","SBS18",0,0
"TOV81D","baseline","target_full","SBS19",0,0
"TOV81D","baseline","target_full","SBS20",0,0
"TOV81D","baseline","target_full","SBS21",0,0
"TOV81D","baseline","target_full","SBS22",0,0
"TOV81D","baseline","target_full","SBS23",0,0
"TOV81D","baseline","target_full","SBS24",0,0
"TOV81D","baseline","target_full","SBS25",0,0
"TOV81D","baseline","target_full","SBS26",0,0
"TOV81D","baseline","target_full","SBS28",0,0
"TOV81D","baseline","target_full","SBS29",107.330532877816,0.187841991130944
"TOV81D","baseline","target_full","SBS30",0,0
"TOV81D","baseline","target_full","SBS31",0,0
"TOV81D","baseline","target_full","SBS32",0,0
"TOV81D","baseline","target_full","SBS33",0,0
"TOV81D","baseline","target_full","SBS34",0,0
"TOV81D","baseline","target_full","SBS35",0,0
"TOV81D","baseline","target_full","SBS36",0,0
"TOV81D","baseline","target_full","SBS37",0,0
"TOV81D","baseline","target_full","SBS38",0,0
"TOV81D","baseline","target_full","SBS39",0,0
"TOV81D","baseline","target_full","SBS40",0,0
"TOV81D","baseline","target_full","SBS41",0,0
"TOV81D","baseline","target_full","SBS42",0,0
"TOV81D","baseline","target_full","SBS44",0,0
"TOV81D","baseline","target_full","SBS84",0,0
"TOV81D","baseline","target_full","SBS85",0,0
"TOV81D","baseline","target_full","SBS86",0,0
"TOV81D","baseline","target_full","SBS87",0,0
"TOV81D","baseline","target_full","SBS88",0,0
"TOV81D","baseline","target_full","SBS89",102.500230986987,0.179388352631173
"TOV81D","baseline","target_full","SBS90",0,0
"TOV81D","baseline","target_full","SBS91",0,0
"TOV81D","baseline","target_full","SBS92",0,0
"TOV81D","baseline","target_full","SBS93",0,0
"TOV81D","baseline","target_full","SBS94",0,0
"TOV21G","baseline","target_full","SBS1",276.58633892959,0.117208929485839
"TOV21G","baseline","target_full","SBS2",0,0
"TOV21G","baseline","target_full","SBS3",0,0
"TOV21G","baseline","target_full","SBS4",0,0
"TOV21G","baseline","target_full","SBS5",0,0
"TOV21G","baseline","target_full","SBS6",0,0
"TOV21G","baseline","target_full","SBS7a",0,0
"TOV21G","baseline","target_full","SBS7b",0,0
"TOV21G","baseline","target_full","SBS7c",0,0
"TOV21G","baseline","target_full","SBS7d",0,0
"TOV21G","baseline","target_full","SBS8",0,0
"TOV21G","baseline","target_full","SBS9",0,0
"TOV21G","baseline","target_full","SBS10a",0,0
"TOV21G","baseline","target_full","SBS10b",0,0
"TOV21G","baseline","target_full","SBS10c",0,0
"TOV21G","baseline","target_full","SBS10d",0,0
"TOV21G","baseline","target_full","SBS11",0,0
"TOV21G","baseline","target_full","SBS12",313.708204105417,0.13294005378726
"TOV21G","baseline","target_full","SBS13",0,0
"TOV21G","baseline","target_full","SBS14",0,0
"TOV21G","baseline","target_full","SBS15",0,0
"TOV21G","baseline","target_full","SBS16",0,0
"TOV21G","baseline","target_full","SBS17a",0,0
"TOV21G","baseline","target_full","SBS17b",0,0
"TOV21G","baseline","target_full","SBS18",0,0
"TOV21G","baseline","target_full","SBS19",161.329614335922,0.0683666137086053
"TOV21G","baseline","target_full","SBS20",0,0
"TOV21G","baseline","target_full","SBS21",0,0
"TOV21G","baseline","target_full","SBS22",0,0
"TOV21G","baseline","target_full","SBS23",0,0
"TOV21G","baseline","target_full","SBS24",0,0
"TOV21G","baseline","target_full","SBS25",0,0
"TOV21G","baseline","target_full","SBS26",0,0
"TOV21G","baseline","target_full","SBS28",0,0
"TOV21G","baseline","target_full","SBS29",0,0
"TOV21G","baseline","target_full","SBS30",0,0
"TOV21G","baseline","target_full","SBS31",0,0
"TOV21G","baseline","target_full","SBS32",0,0
"TOV21G","baseline","target_full","SBS33",0,0
"TOV21G","baseline","target_full","SBS34",0,0
"TOV21G","baseline","target_full","SBS35",0,0
"TOV21G","baseline","target_full","SBS36",0,0
"TOV21G","baseline","target_full","SBS37",0,0
"TOV21G","baseline","target_full","SBS38",0,0
"TOV21G","baseline","target_full","SBS39",0,0
"TOV21G","baseline","target_full","SBS40",0,0
"TOV21G","baseline","target_full","SBS41",0,0
"TOV21G","baseline","target_full","SBS42",0,0
"TOV21G","baseline","target_full","SBS44",1055.26740940925,0.447190428337243
"TOV21G","baseline","target_full","SBS84",199.785090273487,0.084662881937015
"TOV21G","baseline","target_full","SBS85",0,0
"TOV21G","baseline","target_full","SBS86",0,0
"TOV21G","baseline","target_full","SBS87",0,0
"TOV21G","baseline","target_full","SBS88",0,0
"TOV21G","baseline","target_full","SBS89",353.095248917086,0.149631092744038
"TOV21G","baseline","target_full","SBS90",0,0
"TOV21G","baseline","target_full","SBS91",0,0
"TOV21G","baseline","target_full","SBS92",0,0
"TOV21G","baseline","target_full","SBS93",0,0
"TOV21G","baseline","target_full","SBS94",0,0
"TOV3392D","baseline","target_full","SBS1",30.2649863516639,0.0723816790874986
"TOV3392D","baseline","target_full","SBS2",0,0
"TOV3392D","baseline","target_full","SBS3",0,0
"TOV3392D","baseline","target_full","SBS4",0,0
"TOV3392D","baseline","target_full","SBS5",119.16300717516,0.284990002778559
"TOV3392D","baseline","target_full","SBS6",0,0
"TOV3392D","baseline","target_full","SBS7a",0,0
"TOV3392D","baseline","target_full","SBS7b",0,0
"TOV3392D","baseline","target_full","SBS7c",0,0
"TOV3392D","baseline","target_full","SBS7d",0,0
"TOV3392D","baseline","target_full","SBS8",0,0
"TOV3392D","baseline","target_full","SBS9",0,0
"TOV3392D","baseline","target_full","SBS10a",0,0
"TOV3392D","baseline","target_full","SBS10b",0,0
"TOV3392D","baseline","target_full","SBS10c",0,0
"TOV3392D","baseline","target_full","SBS10d",0,0
"TOV3392D","baseline","target_full","SBS11",0,0
"TOV3392D","baseline","target_full","SBS12",0,0
"TOV3392D","baseline","target_full","SBS13",15.9209504798594,0.0380765124097861
"TOV3392D","baseline","target_full","SBS14",21.7168460911936,0.0519379644286194
"TOV3392D","baseline","target_full","SBS15",0,0
"TOV3392D","baseline","target_full","SBS16",0,0
"TOV3392D","baseline","target_full","SBS17a",0,0
"TOV3392D","baseline","target_full","SBS17b",0,0
"TOV3392D","baseline","target_full","SBS18",23.1258828895181,0.0553078139363557
"TOV3392D","baseline","target_full","SBS19",0,0
"TOV3392D","baseline","target_full","SBS20",0,0
"TOV3392D","baseline","target_full","SBS21",0,0
"TOV3392D","baseline","target_full","SBS22",0,0
"TOV3392D","baseline","target_full","SBS23",0,0
"TOV3392D","baseline","target_full","SBS24",0,0
"TOV3392D","baseline","target_full","SBS25",0,0
"TOV3392D","baseline","target_full","SBS26",0,0
"TOV3392D","baseline","target_full","SBS28",0,0
"TOV3392D","baseline","target_full","SBS29",38.2465167884138,0.0914702908577852
"TOV3392D","baseline","target_full","SBS30",46.520873776721,0.111259226006276
"TOV3392D","baseline","target_full","SBS31",0,0
"TOV3392D","baseline","target_full","SBS32",0,0
"TOV3392D","baseline","target_full","SBS33",17.2344891128575,0.0412179687018183
"TOV3392D","baseline","target_full","SBS34",0,0
"TOV3392D","baseline","target_full","SBS35",0,0
"TOV3392D","baseline","target_full","SBS36",0,0
"TOV3392D","baseline","target_full","SBS37",0,0
"TOV3392D","baseline","target_full","SBS38",0,0
"TOV3392D","baseline","target_full","SBS39",29.429485588023,0.0703834971802436
"TOV3392D","baseline","target_full","SBS40",0,0
"TOV3392D","baseline","target_full","SBS41",0,0
"TOV3392D","baseline","target_full","SBS42",0,0
"TOV3392D","baseline","target_full","SBS44",0,0
"TOV3392D","baseline","target_full","SBS84",0,0
"TOV3392D","baseline","target_full","SBS85",27.8473401784543,0.066599641474032
"TOV3392D","baseline","target_full","SBS86",0,0
"TOV3392D","baseline","target_full","SBS87",0,0
"TOV3392D","baseline","target_full","SBS88",0,0
"TOV3392D","baseline","target_full","SBS89",16.690863621401,0.039917835094977
"TOV3392D","baseline","target_full","SBS90",0,0
"TOV3392D","baseline","target_full","SBS91",0,0
"TOV3392D","baseline","target_full","SBS92",31.9692397649035,0.0764575680440486
"TOV3392D","baseline","target_full","SBS93",0,0
"TOV3392D","baseline","target_full","SBS94",0,0
"TOV112D","baseline","target_full","SBS1",0,0
"TOV112D","baseline","target_full","SBS2",0,0
"TOV112D","baseline","target_full","SBS3",0,0
"TOV112D","baseline","target_full","SBS4",0,0
"TOV112D","baseline","target_full","SBS5",195.578956093602,0.577946968144031
"TOV112D","baseline","target_full","SBS6",0,0
"TOV112D","baseline","target_full","SBS7a",0,0
"TOV112D","baseline","target_full","SBS7b",0,0
"TOV112D","baseline","target_full","SBS7c",0,0
"TOV112D","baseline","target_full","SBS7d",0,0
"TOV112D","baseline","target_full","SBS8",0,0
"TOV112D","baseline","target_full","SBS9",0,0
"TOV112D","baseline","target_full","SBS10a",0,0
"TOV112D","baseline","target_full","SBS10b",0,0
"TOV112D","baseline","target_full","SBS10c",0,0
"TOV112D","baseline","target_full","SBS10d",0,0
"TOV112D","baseline","target_full","SBS11",0,0
"TOV112D","baseline","target_full","SBS12",0,0
"TOV112D","baseline","target_full","SBS13",0,0
"TOV112D","baseline","target_full","SBS14",0,0
"TOV112D","baseline","target_full","SBS15",18.8526040775063,0.0557105201185343
"TOV112D","baseline","target_full","SBS16",0,0
"TOV112D","baseline","target_full","SBS17a",0,0
"TOV112D","baseline","target_full","SBS17b",0,0
"TOV112D","baseline","target_full","SBS18",33.3240057234433,0.0984743372137694
"TOV112D","baseline","target_full","SBS19",0,0
"TOV112D","baseline","target_full","SBS20",0,0
"TOV112D","baseline","target_full","SBS21",0,0
"TOV112D","baseline","target_full","SBS22",0,0
"TOV112D","baseline","target_full","SBS23",0,0
"TOV112D","baseline","target_full","SBS24",0,0
"TOV112D","baseline","target_full","SBS25",41.2885551144119,0.122010034842407
"TOV112D","baseline","target_full","SBS26",0,0
"TOV112D","baseline","target_full","SBS28",0,0
"TOV112D","baseline","target_full","SBS29",29.8001522261019,0.0880611491814254
"TOV112D","baseline","target_full","SBS30",0,0
"TOV112D","baseline","target_full","SBS31",0,0
"TOV112D","baseline","target_full","SBS32",0,0
"TOV112D","baseline","target_full","SBS33",0,0
"TOV112D","baseline","target_full","SBS34",0,0
"TOV112D","baseline","target_full","SBS35",0,0
"TOV112D","baseline","target_full","SBS36",0,0
"TOV112D","baseline","target_full","SBS37",19.5586717992645,0.0577969904998325
"TOV112D","baseline","target_full","SBS38",0,0
"TOV112D","baseline","target_full","SBS39",0,0
"TOV112D","baseline","target_full","SBS40",0,0
"TOV112D","baseline","target_full","SBS41",0,0
"TOV112D","baseline","target_full","SBS42",0,0
"TOV112D","baseline","target_full","SBS44",0,0
"TOV112D","baseline","target_full","SBS84",0,0
"TOV112D","baseline","target_full","SBS85",0,0
"TOV112D","baseline","target_full","SBS86",0,0
"TOV112D","baseline","target_full","SBS87",0,0
"TOV112D","baseline","target_full","SBS88",0,0
"TOV112D","baseline","target_full","SBS89",0,0
"TOV112D","baseline","target_full","SBS90",0,0
"TOV112D","baseline","target_full","SBS91",0,0
"TOV112D","baseline","target_full","SBS92",0,0
"TOV112D","baseline","target_full","SBS93",0,0
"TOV112D","baseline","target_full","SBS94",0,0
"TOV2414","baseline","target_full","SBS1",30.6042222956312,0.0795529987164191
"TOV2414","baseline","target_full","SBS2",0,0
"TOV2414","baseline","target_full","SBS3",0,0
"TOV2414","baseline","target_full","SBS4",0,0
"TOV2414","baseline","target_full","SBS5",183.409503761459,0.476756961061458
"TOV2414","baseline","target_full","SBS6",0,0
"TOV2414","baseline","target_full","SBS7a",0,0
"TOV2414","baseline","target_full","SBS7b",0,0
"TOV2414","baseline","target_full","SBS7c",0,0
"TOV2414","baseline","target_full","SBS7d",0,0
"TOV2414","baseline","target_full","SBS8",0,0
"TOV2414","baseline","target_full","SBS9",0,0
"TOV2414","baseline","target_full","SBS10a",0,0
"TOV2414","baseline","target_full","SBS10b",0,0
"TOV2414","baseline","target_full","SBS10c",0,0
"TOV2414","baseline","target_full","SBS10d",0,0
"TOV2414","baseline","target_full","SBS11",0,0
"TOV2414","baseline","target_full","SBS12",0,0
"TOV2414","baseline","target_full","SBS13",0,0
"TOV2414","baseline","target_full","SBS14",0,0
"TOV2414","baseline","target_full","SBS15",0,0
"TOV2414","baseline","target_full","SBS16",0,0
"TOV2414","baseline","target_full","SBS17a",0,0
"TOV2414","baseline","target_full","SBS17b",0,0
"TOV2414","baseline","target_full","SBS18",0,0
"TOV2414","baseline","target_full","SBS19",0,0
"TOV2414","baseline","target_full","SBS20",0,0
"TOV2414","baseline","target_full","SBS21",0,0
"TOV2414","baseline","target_full","SBS22",0,0
"TOV2414","baseline","target_full","SBS23",0,0
"TOV2414","baseline","target_full","SBS24",0,0
"TOV2414","baseline","target_full","SBS25",0,0
"TOV2414","baseline","target_full","SBS26",0,0
"TOV2414","baseline","target_full","SBS28",0,0
"TOV2414","baseline","target_full","SBS29",35.4411284624677,0.0921261131829387
"TOV2414","baseline","target_full","SBS30",0,0
"TOV2414","baseline","target_full","SBS31",0,0
"TOV2414","baseline","target_full","SBS32",0,0
"TOV2414","baseline","target_full","SBS33",0,0
"TOV2414","baseline","target_full","SBS34",0,0
"TOV2414","baseline","target_full","SBS35",0,0
"TOV2414","baseline","target_full","SBS36",0,0
"TOV2414","baseline","target_full","SBS37",0,0
"TOV2414","baseline","target_full","SBS38",0,0
"TOV2414","baseline","target_full","SBS39",0,0
"TOV2414","baseline","target_full","SBS40",135.247454499935,0.351563927039184
"TOV2414","baseline","target_full","SBS41",0,0
"TOV2414","baseline","target_full","SBS42",0,0
"TOV2414","baseline","target_full","SBS44",0,0
"TOV2414","baseline","target_full","SBS84",0,0
"TOV2414","baseline","target_full","SBS85",0,0
"TOV2414","baseline","target_full","SBS86",0,0
"TOV2414","baseline","target_full","SBS87",0,0
"TOV2414","baseline","target_full","SBS88",0,0
"TOV2414","baseline","target_full","SBS89",0,0
"TOV2414","baseline","target_full","SBS90",0,0
"TOV2414","baseline","target_full","SBS91",0,0
"TOV2414","baseline","target_full","SBS92",0,0
"TOV2414","baseline","target_full","SBS93",0,0
"TOV2414","baseline","target_full","SBS94",0,0
"OV1369-R2","rare","target_full","SBS1",0,0
"OV1369-R2","rare","target_full","SBS2",0,0
"OV1369-R2","rare","target_full","SBS3",0,0
"OV1369-R2","rare","target_full","SBS4",0,0
"OV1369-R2","rare","target_full","SBS5",0,0
"OV1369-R2","rare","target_full","SBS6",27.7878328972912,0.0574334905154366
"OV1369-R2","rare","target_full","SBS7a",0,0
"OV1369-R2","rare","target_full","SBS7b",0,0
"OV1369-R2","rare","target_full","SBS7c",0,0
"OV1369-R2","rare","target_full","SBS7d",0,0
"OV1369-R2","rare","target_full","SBS8",102.306291359089,0.21145252442534
"OV1369-R2","rare","target_full","SBS9",0,0
"OV1369-R2","rare","target_full","SBS10a",0,0
"OV1369-R2","rare","target_full","SBS10b",0,0
"OV1369-R2","rare","target_full","SBS10c",0,0
"OV1369-R2","rare","target_full","SBS10d",0,0
"OV1369-R2","rare","target_full","SBS11",0,0
"OV1369-R2","rare","target_full","SBS12",31.0802476236428,0.0642384425481385
"OV1369-R2","rare","target_full","SBS13",0,0
"OV1369-R2","rare","target_full","SBS14",0,0
"OV1369-R2","rare","target_full","SBS15",0,0
"OV1369-R2","rare","target_full","SBS16",0,0
"OV1369-R2","rare","target_full","SBS17a",0,0
"OV1369-R2","rare","target_full","SBS17b",0,0
"OV1369-R2","rare","target_full","SBS18",0,0
"OV1369-R2","rare","target_full","SBS19",0,0
"OV1369-R2","rare","target_full","SBS20",0,0
"OV1369-R2","rare","target_full","SBS21",0,0
"OV1369-R2","rare","target_full","SBS22",0,0
"OV1369-R2","rare","target_full","SBS23",0,0
"OV1369-R2","rare","target_full","SBS24",0,0
"OV1369-R2","rare","target_full","SBS25",0,0
"OV1369-R2","rare","target_full","SBS26",0,0
"OV1369-R2","rare","target_full","SBS28",0,0
"OV1369-R2","rare","target_full","SBS29",31.9945787781727,0.0661282347419291
"OV1369-R2","rare","target_full","SBS30",31.1571741792839,0.0643974387757366
"OV1369-R2","rare","target_full","SBS31",0,0
"OV1369-R2","rare","target_full","SBS32",56.7431660325702,0.117280037640688
"OV1369-R2","rare","target_full","SBS33",0,0
"OV1369-R2","rare","target_full","SBS34",0,0
"OV1369-R2","rare","target_full","SBS35",0,0
"OV1369-R2","rare","target_full","SBS36",0,0
"OV1369-R2","rare","target_full","SBS37",0,0
"OV1369-R2","rare","target_full","SBS38",0,0
"OV1369-R2","rare","target_full","SBS39",95.0336332354223,0.196420976520489
"OV1369-R2","rare","target_full","SBS40",107.723370412054,0.222648854832242
"OV1369-R2","rare","target_full","SBS41",0,0
"OV1369-R2","rare","target_full","SBS42",0,0
"OV1369-R2","rare","target_full","SBS44",0,0
"OV1369-R2","rare","target_full","SBS84",0,0
"OV1369-R2","rare","target_full","SBS85",0,0
"OV1369-R2","rare","target_full","SBS86",0,0
"OV1369-R2","rare","target_full","SBS87",0,0
"OV1369-R2","rare","target_full","SBS88",0,0
"OV1369-R2","rare","target_full","SBS89",0,0
"OV1369-R2","rare","target_full","SBS90",0,0
"OV1369-R2","rare","target_full","SBS91",0,0
"OV1369-R2","rare","target_full","SBS92",0,0
"OV1369-R2","rare","target_full","SBS93",0,0
"OV1369-R2","rare","target_full","SBS94",0,0
"OV2085","rare","target_full","SBS1",0,0
"OV2085","rare","target_full","SBS2",0,0
"OV2085","rare","target_full","SBS3",0,0
"OV2085","rare","target_full","SBS4",0,0
"OV2085","rare","target_full","SBS5",145.653503314215,0.393204109383628
"OV2085","rare","target_full","SBS6",0,0
"OV2085","rare","target_full","SBS7a",0,0
"OV2085","rare","target_full","SBS7b",0,0
"OV2085","rare","target_full","SBS7c",0,0
"OV2085","rare","target_full","SBS7d",0,0
"OV2085","rare","target_full","SBS8",0,0
"OV2085","rare","target_full","SBS9",0,0
"OV2085","rare","target_full","SBS10a",0,0
"OV2085","rare","target_full","SBS10b",0,0
"OV2085","rare","target_full","SBS10c",0,0
"OV2085","rare","target_full","SBS10d",0,0
"OV2085","rare","target_full","SBS11",0,0
"OV2085","rare","target_full","SBS12",0,0
"OV2085","rare","target_full","SBS13",0,0
"OV2085","rare","target_full","SBS14",0,0
"OV2085","rare","target_full","SBS15",0,0
"OV2085","rare","target_full","SBS16",0,0
"OV2085","rare","target_full","SBS17a",0,0
"OV2085","rare","target_full","SBS17b",0,0
"OV2085","rare","target_full","SBS18",0,0
"OV2085","rare","target_full","SBS19",0,0
"OV2085","rare","target_full","SBS20",0,0
"OV2085","rare","target_full","SBS21",0,0
"OV2085","rare","target_full","SBS22",0,0
"OV2085","rare","target_full","SBS23",0,0
"OV2085","rare","target_full","SBS24",28.7685094282196,0.0776630556122959
"OV2085","rare","target_full","SBS25",0,0
"OV2085","rare","target_full","SBS26",0,0
"OV2085","rare","target_full","SBS28",0,0
"OV2085","rare","target_full","SBS29",0,0
"OV2085","rare","target_full","SBS30",0,0
"OV2085","rare","target_full","SBS31",31.1062955779914,0.0839741095865168
"OV2085","rare","target_full","SBS32",0,0
"OV2085","rare","target_full","SBS33",0,0
"OV2085","rare","target_full","SBS34",0,0
"OV2085","rare","target_full","SBS35",0,0
"OV2085","rare","target_full","SBS36",0,0
"OV2085","rare","target_full","SBS37",0,0
"OV2085","rare","target_full","SBS38",0,0
"OV2085","rare","target_full","SBS39",0,0
"OV2085","rare","target_full","SBS40",164.898907057704,0.44515872541756
"OV2085","rare","target_full","SBS41",0,0
"OV2085","rare","target_full","SBS42",0,0
"OV2085","rare","target_full","SBS44",0,0
"OV2085","rare","target_full","SBS84",0,0
"OV2085","rare","target_full","SBS85",0,0
"OV2085","rare","target_full","SBS86",0,0
"OV2085","rare","target_full","SBS87",0,0
"OV2085","rare","target_full","SBS88",0,0
"OV2085","rare","target_full","SBS89",0,0
"OV2085","rare","target_full","SBS90",0,0
"OV2085","rare","target_full","SBS91",0,0
"OV2085","rare","target_full","SBS92",0,0
"OV2085","rare","target_full","SBS93",0,0
"OV2085","rare","target_full","SBS94",0,0
"OV2295","rare","target_full","SBS1",0,0
"OV2295","rare","target_full","SBS2",10.8321986008909,0.0341553914856681
"OV2295","rare","target_full","SBS3",0,0
"OV2295","rare","target_full","SBS4",0,0
"OV2295","rare","target_full","SBS5",0,0
"OV2295","rare","target_full","SBS6",0,0
"OV2295","rare","target_full","SBS7a",0,0
"OV2295","rare","target_full","SBS7b",0,0
"OV2295","rare","target_full","SBS7c",0,0
"OV2295","rare","target_full","SBS7d",0,0
"OV2295","rare","target_full","SBS8",0,0
"OV2295","rare","target_full","SBS9",11.3656984122924,0.0358375887558003
"OV2295","rare","target_full","SBS10a",0,0
"OV2295","rare","target_full","SBS10b",0,0
"OV2295","rare","target_full","SBS10c",0,0
"OV2295","rare","target_full","SBS10d",0,0
"OV2295","rare","target_full","SBS11",0,0
"OV2295","rare","target_full","SBS12",19.5044302627945,0.0615001142312763
"OV2295","rare","target_full","SBS13",0,0
"OV2295","rare","target_full","SBS14",0,0
"OV2295","rare","target_full","SBS15",0,0
"OV2295","rare","target_full","SBS16",0,0
"OV2295","rare","target_full","SBS17a",0,0
"OV2295","rare","target_full","SBS17b",0,0
"OV2295","rare","target_full","SBS18",0,0
"OV2295","rare","target_full","SBS19",0,0
"OV2295","rare","target_full","SBS20",0,0
"OV2295","rare","target_full","SBS21",0,0
"OV2295","rare","target_full","SBS22",0,0
"OV2295","rare","target_full","SBS23",0,0
"OV2295","rare","target_full","SBS24",46.4029321079745,0.146314739105725
"OV2295","rare","target_full","SBS25",0,0
"OV2295","rare","target_full","SBS26",0,0
"OV2295","rare","target_full","SBS28",0,0
"OV2295","rare","target_full","SBS29",0,0
"OV2295","rare","target_full","SBS30",0,0
"OV2295","rare","target_full","SBS31",28.5999022682182,0.0901793711890125
"OV2295","rare","target_full","SBS32",34.8363874074012,0.109843854759857
"OV2295","rare","target_full","SBS33",0,0
"OV2295","rare","target_full","SBS34",0,0
"OV2295","rare","target_full","SBS35",0,0
"OV2295","rare","target_full","SBS36",15.1917244694209,0.0479015678823318
"OV2295","rare","target_full","SBS37",24.8794695035215,0.0784483420363648
"OV2295","rare","target_full","SBS38",0,0
"OV2295","rare","target_full","SBS39",63.5429136151349,0.200359425692807
"OV2295","rare","target_full","SBS40",0,0
"OV2295","rare","target_full","SBS41",0,0
"OV2295","rare","target_full","SBS42",0,0
"OV2295","rare","target_full","SBS44",0,0
"OV2295","rare","target_full","SBS84",0,0
"OV2295","rare","target_full","SBS85",16.0652940578253,0.0506560512869727
"OV2295","rare","target_full","SBS86",0,0
"OV2295","rare","target_full","SBS87",0,0
"OV2295","rare","target_full","SBS88",0,0
"OV2295","rare","target_full","SBS89",45.9236677491598,0.144803553574184
"OV2295","rare","target_full","SBS90",0,0
"OV2295","rare","target_full","SBS91",0,0
"OV2295","rare","target_full","SBS92",0,0
"OV2295","rare","target_full","SBS93",0,0
"OV2295","rare","target_full","SBS94",0,0
"OV2295-R2","rare","target_full","SBS1",0,0
"OV2295-R2","rare","target_full","SBS2",0,0
"OV2295-R2","rare","target_full","SBS3",0,0
"OV2295-R2","rare","target_full","SBS4",19.0468163232884,0.0399370540262921
"OV2295-R2","rare","target_full","SBS5",0,0
"OV2295-R2","rare","target_full","SBS6",0,0
"OV2295-R2","rare","target_full","SBS7a",0,0
"OV2295-R2","rare","target_full","SBS7b",0,0
"OV2295-R2","rare","target_full","SBS7c",0,0
"OV2295-R2","rare","target_full","SBS7d",0,0
"OV2295-R2","rare","target_full","SBS8",31.9095677786409,0.0669074616303744
"OV2295-R2","rare","target_full","SBS9",0,0
"OV2295-R2","rare","target_full","SBS10a",0,0
"OV2295-R2","rare","target_full","SBS10b",0,0
"OV2295-R2","rare","target_full","SBS10c",0,0
"OV2295-R2","rare","target_full","SBS10d",0,0
"OV2295-R2","rare","target_full","SBS11",0,0
"OV2295-R2","rare","target_full","SBS12",0,0
"OV2295-R2","rare","target_full","SBS13",0,0
"OV2295-R2","rare","target_full","SBS14",0,0
"OV2295-R2","rare","target_full","SBS15",14.9804960449418,0.0314108599428234
"OV2295-R2","rare","target_full","SBS16",0,0
"OV2295-R2","rare","target_full","SBS17a",0,0
"OV2295-R2","rare","target_full","SBS17b",0,0
"OV2295-R2","rare","target_full","SBS18",24.2421477492174,0.0508305402824767
"OV2295-R2","rare","target_full","SBS19",0,0
"OV2295-R2","rare","target_full","SBS20",0,0
"OV2295-R2","rare","target_full","SBS21",0,0
"OV2295-R2","rare","target_full","SBS22",0,0
"OV2295-R2","rare","target_full","SBS23",0,0
"OV2295-R2","rare","target_full","SBS24",32.9532982132074,0.0690959385940128
"OV2295-R2","rare","target_full","SBS25",0,0
"OV2295-R2","rare","target_full","SBS26",0,0
"OV2295-R2","rare","target_full","SBS28",0,0
"OV2295-R2","rare","target_full","SBS29",25.2181812944375,0.0528770715119121
"OV2295-R2","rare","target_full","SBS30",0,0
"OV2295-R2","rare","target_full","SBS31",29.9202322892516,0.0627362554000176
"OV2295-R2","rare","target_full","SBS32",0,0
"OV2295-R2","rare","target_full","SBS33",0,0
"OV2295-R2","rare","target_full","SBS34",0,0
"OV2295-R2","rare","target_full","SBS35",0,0
"OV2295-R2","rare","target_full","SBS36",0,0
"OV2295-R2","rare","target_full","SBS37",48.2241293865978,0.101115568502051
"OV2295-R2","rare","target_full","SBS38",0,0
"OV2295-R2","rare","target_full","SBS39",0,0
"OV2295-R2","rare","target_full","SBS40",160.273708831217,0.336059300407082
"OV2295-R2","rare","target_full","SBS41",0,0
"OV2295-R2","rare","target_full","SBS42",0,0
"OV2295-R2","rare","target_full","SBS44",0,0
"OV2295-R2","rare","target_full","SBS84",0,0
"OV2295-R2","rare","target_full","SBS85",0,0
"OV2295-R2","rare","target_full","SBS86",0,0
"OV2295-R2","rare","target_full","SBS87",0,0
"OV2295-R2","rare","target_full","SBS88",0,0
"OV2295-R2","rare","target_full","SBS89",90.1523364548224,0.189029949702958
"OV2295-R2","rare","target_full","SBS90",0,0
"OV2295-R2","rare","target_full","SBS91",0,0
"OV2295-R2","rare","target_full","SBS92",0,0
"OV2295-R2","rare","target_full","SBS93",0,0
"OV2295-R2","rare","target_full","SBS94",0,0
"OV3133-R","rare","target_full","SBS1",17.4821114730214,0.0510428778844269
"OV3133-R","rare","target_full","SBS2",0,0
"OV3133-R","rare","target_full","SBS3",0,0
"OV3133-R","rare","target_full","SBS4",0,0
"OV3133-R","rare","target_full","SBS5",0,0
"OV3133-R","rare","target_full","SBS6",0,0
"OV3133-R","rare","target_full","SBS7a",13.7531974342244,0.0401554914141162
"OV3133-R","rare","target_full","SBS7b",0,0
"OV3133-R","rare","target_full","SBS7c",0,0
"OV3133-R","rare","target_full","SBS7d",0,0
"OV3133-R","rare","target_full","SBS8",0,0
"OV3133-R","rare","target_full","SBS9",0,0
"OV3133-R","rare","target_full","SBS10a",0,0
"OV3133-R","rare","target_full","SBS10b",0,0
"OV3133-R","rare","target_full","SBS10c",0,0
"OV3133-R","rare","target_full","SBS10d",0,0
"OV3133-R","rare","target_full","SBS11",0,0
"OV3133-R","rare","target_full","SBS12",31.5171841339096,0.0920213661542401
"OV3133-R","rare","target_full","SBS13",0,0
"OV3133-R","rare","target_full","SBS14",0,0
"OV3133-R","rare","target_full","SBS15",0,0
"OV3133-R","rare","target_full","SBS16",0,0
"OV3133-R","rare","target_full","SBS17a",0,0
"OV3133-R","rare","target_full","SBS17b",0,0
"OV3133-R","rare","target_full","SBS18",0,0
"OV3133-R","rare","target_full","SBS19",0,0
"OV3133-R","rare","target_full","SBS20",0,0
"OV3133-R","rare","target_full","SBS21",0,0
"OV3133-R","rare","target_full","SBS22",16.7652325128539,0.0489497917444483
"OV3133-R","rare","target_full","SBS23",0,0
"OV3133-R","rare","target_full","SBS24",31.3872747088333,0.0916420669528572
"OV3133-R","rare","target_full","SBS25",0,0
"OV3133-R","rare","target_full","SBS26",0,0
"OV3133-R","rare","target_full","SBS28",0,0
"OV3133-R","rare","target_full","SBS29",0,0
"OV3133-R","rare","target_full","SBS30",0,0
"OV3133-R","rare","target_full","SBS31",0,0
"OV3133-R","rare","target_full","SBS32",0,0
"OV3133-R","rare","target_full","SBS33",0,0
"OV3133-R","rare","target_full","SBS34",0,0
"OV3133-R","rare","target_full","SBS35",19.2027381839304,0.056066626830608
"OV3133-R","rare","target_full","SBS36",0,0
"OV3133-R","rare","target_full","SBS37",0,0
"OV3133-R","rare","target_full","SBS38",21.8690138898276,0.0638514064593359
"OV3133-R","rare","target_full","SBS39",0,0
"OV3133-R","rare","target_full","SBS40",190.521793936691,0.556270372559967
"OV3133-R","rare","target_full","SBS41",0,0
"OV3133-R","rare","target_full","SBS42",0,0
"OV3133-R","rare","target_full","SBS44",0,0
"OV3133-R","rare","target_full","SBS84",0,0
"OV3133-R","rare","target_full","SBS85",0,0
"OV3133-R","rare","target_full","SBS86",0,0
"OV3133-R","rare","target_full","SBS87",0,0
"OV3133-R","rare","target_full","SBS88",0,0
"OV3133-R","rare","target_full","SBS89",0,0
"OV3133-R","rare","target_full","SBS90",0,0
"OV3133-R","rare","target_full","SBS91",0,0
"OV3133-R","rare","target_full","SBS92",0,0
"OV3133-R","rare","target_full","SBS93",0,0
"OV3133-R","rare","target_full","SBS94",0,0
"OV3133-R2","rare","target_full","SBS1",0,0
"OV3133-R2","rare","target_full","SBS2",0,0
"OV3133-R2","rare","target_full","SBS3",0,0
"OV3133-R2","rare","target_full","SBS4",0,0
"OV3133-R2","rare","target_full","SBS5",0,0
"OV3133-R2","rare","target_full","SBS6",0,0
"OV3133-R2","rare","target_full","SBS7a",0,0
"OV3133-R2","rare","target_full","SBS7b",0,0
"OV3133-R2","rare","target_full","SBS7c",7.22509124004656,0.0245040756105991
"OV3133-R2","rare","target_full","SBS7d",0,0
"OV3133-R2","rare","target_full","SBS8",0,0
"OV3133-R2","rare","target_full","SBS9",0,0
"OV3133-R2","rare","target_full","SBS10a",6.42728463918836,0.0217982947947518
"OV3133-R2","rare","target_full","SBS10b",0,0
"OV3133-R2","rare","target_full","SBS10c",0,0
"OV3133-R2","rare","target_full","SBS10d",0,0
"OV3133-R2","rare","target_full","SBS11",0,0
"OV3133-R2","rare","target_full","SBS12",31.0804914774604,0.105410255438292
"OV3133-R2","rare","target_full","SBS13",0,0
"OV3133-R2","rare","target_full","SBS14",0,0
"OV3133-R2","rare","target_full","SBS15",0,0
"OV3133-R2","rare","target_full","SBS16",0,0
"OV3133-R2","rare","target_full","SBS17a",0,0
"OV3133-R2","rare","target_full","SBS17b",0,0
"OV3133-R2","rare","target_full","SBS18",0,0
"OV3133-R2","rare","target_full","SBS19",0,0
"OV3133-R2","rare","target_full","SBS20",0,0
"OV3133-R2","rare","target_full","SBS21",0,0
"OV3133-R2","rare","target_full","SBS22",0,0
"OV3133-R2","rare","target_full","SBS23",0,0
"OV3133-R2","rare","target_full","SBS24",0,0
"OV3133-R2","rare","target_full","SBS25",21.8315570122124,0.0740422654816066
"OV3133-R2","rare","target_full","SBS26",0,0
"OV3133-R2","rare","target_full","SBS28",0,0
"OV3133-R2","rare","target_full","SBS29",28.046788198641,0.0951213757474335
"OV3133-R2","rare","target_full","SBS30",25.6441172997942,0.0869726579781131
"OV3133-R2","rare","target_full","SBS31",0,0
"OV3133-R2","rare","target_full","SBS32",0,0
"OV3133-R2","rare","target_full","SBS33",0,0
"OV3133-R2","rare","target_full","SBS34",0,0
"OV3133-R2","rare","target_full","SBS35",22.5969061172325,0.0766379658976746
"OV3133-R2","rare","target_full","SBS36",0,0
"OV3133-R2","rare","target_full","SBS37",0,0
"OV3133-R2","rare","target_full","SBS38",0,0
"OV3133-R2","rare","target_full","SBS39",0,0
"OV3133-R2","rare","target_full","SBS40",115.729587565215,0.39249975811561
"OV3133-R2","rare","target_full","SBS41",0,0
"OV3133-R2","rare","target_full","SBS42",0,0
"OV3133-R2","rare","target_full","SBS44",23.6780411782292,0.0803046621925386
"OV3133-R2","rare","target_full","SBS84",0,0
"OV3133-R2","rare","target_full","SBS85",0,0
"OV3133-R2","rare","target_full","SBS86",0,0
"OV3133-R2","rare","target_full","SBS87",12.5927693750751,0.042708688743381
"OV3133-R2","rare","target_full","SBS88",0,0
"OV3133-R2","rare","target_full","SBS89",0,0
"OV3133-R2","rare","target_full","SBS90",0,0
"OV3133-R2","rare","target_full","SBS91",0,0
"OV3133-R2","rare","target_full","SBS92",0,0
"OV3133-R2","rare","target_full","SBS93",0,0
"OV3133-R2","rare","target_full","SBS94",0,0
"OV3291","rare","target_full","SBS1",0,0
"OV3291","rare","target_full","SBS2",0,0
"OV3291","rare","target_full","SBS3",0,0
"OV3291","rare","target_full","SBS4",0,0
"OV3291","rare","target_full","SBS5",0,0
"OV3291","rare","target_full","SBS6",0,0
"OV3291","rare","target_full","SBS7a",19.1252678202221,0.0531425497972623
"OV3291","rare","target_full","SBS7b",0,0
"OV3291","rare","target_full","SBS7c",0,0
"OV3291","rare","target_full","SBS7d",0,0
"OV3291","rare","target_full","SBS8",32.9253862231848,0.0914883385376493
"OV3291","rare","target_full","SBS9",0,0
"OV3291","rare","target_full","SBS10a",0,0
"OV3291","rare","target_full","SBS10b",0,0
"OV3291","rare","target_full","SBS10c",0,0
"OV3291","rare","target_full","SBS10d",0,0
"OV3291","rare","target_full","SBS11",0,0
"OV3291","rare","target_full","SBS12",0,0
"OV3291","rare","target_full","SBS13",0,0
"OV3291","rare","target_full","SBS14",0,0
"OV3291","rare","target_full","SBS15",0,0
"OV3291","rare","target_full","SBS16",0,0
"OV3291","rare","target_full","SBS17a",0,0
"OV3291","rare","target_full","SBS17b",0,0
"OV3291","rare","target_full","SBS18",25.8773963251321,0.0719043955754577
"OV3291","rare","target_full","SBS19",19.9637035972846,0.0554722748214126
"OV3291","rare","target_full","SBS20",0,0
"OV3291","rare","target_full","SBS21",0,0
"OV3291","rare","target_full","SBS22",0,0
"OV3291","rare","target_full","SBS23",0,0
"OV3291","rare","target_full","SBS24",47.3652735282849,0.131611825298277
"OV3291","rare","target_full","SBS25",0,0
"OV3291","rare","target_full","SBS26",0,0
"OV3291","rare","target_full","SBS28",0,0
"OV3291","rare","target_full","SBS29",0,0
"OV3291","rare","target_full","SBS30",0,0
"OV3291","rare","target_full","SBS31",0,0
"OV3291","rare","target_full","SBS32",0,0
"OV3291","rare","target_full","SBS33",0,0
"OV3291","rare","target_full","SBS34",0,0
"OV3291","rare","target_full","SBS35",0,0
"OV3291","rare","target_full","SBS36",0,0
"OV3291","rare","target_full","SBS37",60.1262309599112,0.16707014264816
"OV3291","rare","target_full","SBS38",0,0
"OV3291","rare","target_full","SBS39",42.3454389407425,0.117663429278409
"OV3291","rare","target_full","SBS40",0,0
"OV3291","rare","target_full","SBS41",0,0
"OV3291","rare","target_full","SBS42",0,0
"OV3291","rare","target_full","SBS44",39.3572655085024,0.109360321739294
"OV3291","rare","target_full","SBS84",0,0
"OV3291","rare","target_full","SBS85",0,0
"OV3291","rare","target_full","SBS86",0,0
"OV3291","rare","target_full","SBS87",0,0
"OV3291","rare","target_full","SBS88",0,0
"OV3291","rare","target_full","SBS89",72.8001903427617,0.202286722304078
"OV3291","rare","target_full","SBS90",0,0
"OV3291","rare","target_full","SBS91",0,0
"OV3291","rare","target_full","SBS92",0,0
"OV3291","rare","target_full","SBS93",0,0
"OV3291","rare","target_full","SBS94",0,0
"TOV1369","rare","target_full","SBS1",0,0
"TOV1369","rare","target_full","SBS2",0,0
"TOV1369","rare","target_full","SBS3",0,0
"TOV1369","rare","target_full","SBS4",0,0
"TOV1369","rare","target_full","SBS5",0,0
"TOV1369","rare","target_full","SBS6",0,0
"TOV1369","rare","target_full","SBS7a",0,0
"TOV1369","rare","target_full","SBS7b",0,0
"TOV1369","rare","target_full","SBS7c",0,0
"TOV1369","rare","target_full","SBS7d",0,0
"TOV1369","rare","target_full","SBS8",92.6842004567825,0.165118235061523
"TOV1369","rare","target_full","SBS9",0,0
"TOV1369","rare","target_full","SBS10a",0,0
"TOV1369","rare","target_full","SBS10b",0,0
"TOV1369","rare","target_full","SBS10c",0,0
"TOV1369","rare","target_full","SBS10d",0,0
"TOV1369","rare","target_full","SBS11",0,0
"TOV1369","rare","target_full","SBS12",38.4567403686795,0.0685112356216144
"TOV1369","rare","target_full","SBS13",0,0
"TOV1369","rare","target_full","SBS14",0,0
"TOV1369","rare","target_full","SBS15",0,0
"TOV1369","rare","target_full","SBS16",0,0
"TOV1369","rare","target_full","SBS17a",0,0
"TOV1369","rare","target_full","SBS17b",0,0
"TOV1369","rare","target_full","SBS18",0,0
"TOV1369","rare","target_full","SBS19",0,0
"TOV1369","rare","target_full","SBS20",0,0
"TOV1369","rare","target_full","SBS21",0,0
"TOV1369","rare","target_full","SBS22",0,0
"TOV1369","rare","target_full","SBS23",0,0
"TOV1369","rare","target_full","SBS24",0,0
"TOV1369","rare","target_full","SBS25",0,0
"TOV1369","rare","target_full","SBS26",0,0
"TOV1369","rare","target_full","SBS28",0,0
"TOV1369","rare","target_full","SBS29",53.7119231634017,0.0956885629998656
"TOV1369","rare","target_full","SBS30",0,0
"TOV1369","rare","target_full","SBS31",0,0
"TOV1369","rare","target_full","SBS32",74.7776605524448,0.133217476890321
"TOV1369","rare","target_full","SBS33",0,0
"TOV1369","rare","target_full","SBS34",0,0
"TOV1369","rare","target_full","SBS35",0,0
"TOV1369","rare","target_full","SBS36",0,0
"TOV1369","rare","target_full","SBS37",0,0
"TOV1369","rare","target_full","SBS38",0,0
"TOV1369","rare","target_full","SBS39",118.501004300344,0.211111242117414
"TOV1369","rare","target_full","SBS40",183.188669513475,0.326353247309262
"TOV1369","rare","target_full","SBS41",0,0
"TOV1369","rare","target_full","SBS42",0,0
"TOV1369","rare","target_full","SBS44",0,0
"TOV1369","rare","target_full","SBS84",0,0
"TOV1369","rare","target_full","SBS85",0,0
"TOV1369","rare","target_full","SBS86",0,0
"TOV1369","rare","target_full","SBS87",0,0
"TOV1369","rare","target_full","SBS88",0,0
"TOV1369","rare","target_full","SBS89",0,0
"TOV1369","rare","target_full","SBS90",0,0
"TOV1369","rare","target_full","SBS91",0,0
"TOV1369","rare","target_full","SBS92",0,0
"TOV1369","rare","target_full","SBS93",0,0
"TOV1369","rare","target_full","SBS94",0,0
"TOV2295-R","rare","target_full","SBS1",0,0
"TOV2295-R","rare","target_full","SBS2",9.31427884029092,0.0277208470220576
"TOV2295-R","rare","target_full","SBS3",36.9173199042209,0.109872100146113
"TOV2295-R","rare","target_full","SBS4",0,0
"TOV2295-R","rare","target_full","SBS5",0,0
"TOV2295-R","rare","target_full","SBS6",0,0
"TOV2295-R","rare","target_full","SBS7a",0,0
"TOV2295-R","rare","target_full","SBS7b",0,0
"TOV2295-R","rare","target_full","SBS7c",0,0
"TOV2295-R","rare","target_full","SBS7d",0,0
"TOV2295-R","rare","target_full","SBS8",0,0
"TOV2295-R","rare","target_full","SBS9",0,0
"TOV2295-R","rare","target_full","SBS10a",0,0
"TOV2295-R","rare","target_full","SBS10b",0,0
"TOV2295-R","rare","target_full","SBS10c",0,0
"TOV2295-R","rare","target_full","SBS10d",0,0
"TOV2295-R","rare","target_full","SBS11",23.3275004267463,0.0694265312242487
"TOV2295-R","rare","target_full","SBS12",0,0
"TOV2295-R","rare","target_full","SBS13",0,0
"TOV2295-R","rare","target_full","SBS14",0,0
"TOV2295-R","rare","target_full","SBS15",0,0
"TOV2295-R","rare","target_full","SBS16",0,0
"TOV2295-R","rare","target_full","SBS17a",0,0
"TOV2295-R","rare","target_full","SBS17b",0,0
"TOV2295-R","rare","target_full","SBS18",62.1485398280183,0.184964418046448
"TOV2295-R","rare","target_full","SBS19",0,0
"TOV2295-R","rare","target_full","SBS20",0,0
"TOV2295-R","rare","target_full","SBS21",0,0
"TOV2295-R","rare","target_full","SBS22",0,0
"TOV2295-R","rare","target_full","SBS23",0,0
"TOV2295-R","rare","target_full","SBS24",23.1809527126074,0.0689903807895523
"TOV2295-R","rare","target_full","SBS25",0,0
"TOV2295-R","rare","target_full","SBS26",14.1133362503411,0.0420036421364369
"TOV2295-R","rare","target_full","SBS28",0,0
"TOV2295-R","rare","target_full","SBS29",0,0
"TOV2295-R","rare","target_full","SBS30",0,0
"TOV2295-R","rare","target_full","SBS31",45.5437928545564,0.135545922145273
"TOV2295-R","rare","target_full","SBS32",0,0
"TOV2295-R","rare","target_full","SBS33",12.9354687112108,0.038498111925849
"TOV2295-R","rare","target_full","SBS34",0,0
"TOV2295-R","rare","target_full","SBS35",0,0
"TOV2295-R","rare","target_full","SBS36",0,0
"TOV2295-R","rare","target_full","SBS37",28.6629714444224,0.0853057826840432
"TOV2295-R","rare","target_full","SBS38",0,0
"TOV2295-R","rare","target_full","SBS39",33.1754918605859,0.0987357959234228
"TOV2295-R","rare","target_full","SBS40",0,0
"TOV2295-R","rare","target_full","SBS41",0,0
"TOV2295-R","rare","target_full","SBS42",0,0
"TOV2295-R","rare","target_full","SBS44",0,0
"TOV2295-R","rare","target_full","SBS84",0,0
"TOV2295-R","rare","target_full","SBS85",0,0
"TOV2295-R","rare","target_full","SBS86",0,0
"TOV2295-R","rare","target_full","SBS87",0,0
"TOV2295-R","rare","target_full","SBS88",11.9161188330545,0.0354643567077755
"TOV2295-R","rare","target_full","SBS89",34.7669064945188,0.10347211124878
"TOV2295-R","rare","target_full","SBS90",0,0
"TOV2295-R","rare","target_full","SBS91",0,0
"TOV2295-R","rare","target_full","SBS92",0,0
"TOV2295-R","rare","target_full","SBS93",0,0
"TOV2295-R","rare","target_full","SBS94",0,0
"TOV2835EP","rare","target_full","SBS1",0,0
"TOV2835EP","rare","target_full","SBS2",0,0
"TOV2835EP","rare","target_full","SBS3",0,0
"TOV2835EP","rare","target_full","SBS4",0,0
"TOV2835EP","rare","target_full","SBS5",164.028368385168,0.389090566294594
"TOV2835EP","rare","target_full","SBS6",0,0
"TOV2835EP","rare","target_full","SBS7a",0,0
"TOV2835EP","rare","target_full","SBS7b",0,0
"TOV2835EP","rare","target_full","SBS7c",0,0
"TOV2835EP","rare","target_full","SBS7d",0,0
"TOV2835EP","rare","target_full","SBS8",0,0
"TOV2835EP","rare","target_full","SBS9",0,0
"TOV2835EP","rare","target_full","SBS10a",0,0
"TOV2835EP","rare","target_full","SBS10b",0,0
"TOV2835EP","rare","target_full","SBS10c",0,0
"TOV2835EP","rare","target_full","SBS10d",0,0
"TOV2835EP","rare","target_full","SBS11",0,0
"TOV2835EP","rare","target_full","SBS12",0,0
"TOV2835EP","rare","target_full","SBS13",0,0
"TOV2835EP","rare","target_full","SBS14",38.1829874968879,0.0905736024459952
"TOV2835EP","rare","target_full","SBS15",0,0
"TOV2835EP","rare","target_full","SBS16",0,0
"TOV2835EP","rare","target_full","SBS17a",0,0
"TOV2835EP","rare","target_full","SBS17b",0,0
"TOV2835EP","rare","target_full","SBS18",0,0
"TOV2835EP","rare","target_full","SBS19",0,0
"TOV2835EP","rare","target_full","SBS20",0,0
"TOV2835EP","rare","target_full","SBS21",0,0
"TOV2835EP","rare","target_full","SBS22",0,0
"TOV2835EP","rare","target_full","SBS23",0,0
"TOV2835EP","rare","target_full","SBS24",47.753250930761,0.113275158620292
"TOV2835EP","rare","target_full","SBS25",0,0
"TOV2835EP","rare","target_full","SBS26",0,0
"TOV2835EP","rare","target_full","SBS28",0,0
"TOV2835EP","rare","target_full","SBS29",0,0
"TOV2835EP","rare","target_full","SBS30",0,0
"TOV2835EP","rare","target_full","SBS31",0,0
"TOV2835EP","rare","target_full","SBS32",0,0
"TOV2835EP","rare","target_full","SBS33",0,0
"TOV2835EP","rare","target_full","SBS34",0,0
"TOV2835EP","rare","target_full","SBS35",0,0
"TOV2835EP","rare","target_full","SBS36",0,0
"TOV2835EP","rare","target_full","SBS37",0,0
"TOV2835EP","rare","target_full","SBS38",0,0
"TOV2835EP","rare","target_full","SBS39",0,0
"TOV2835EP","rare","target_full","SBS40",120.037332602426,0.284739732392494
"TOV2835EP","rare","target_full","SBS41",0,0
"TOV2835EP","rare","target_full","SBS42",0,0
"TOV2835EP","rare","target_full","SBS44",0,0
"TOV2835EP","rare","target_full","SBS84",0,0
"TOV2835EP","rare","target_full","SBS85",0,0
"TOV2835EP","rare","target_full","SBS86",0,0
"TOV2835EP","rare","target_full","SBS87",0,0
"TOV2835EP","rare","target_full","SBS88",0,0
"TOV2835EP","rare","target_full","SBS89",51.5666684984653,0.122320940246624
"TOV2835EP","rare","target_full","SBS90",0,0
"TOV2835EP","rare","target_full","SBS91",0,0
"TOV2835EP","rare","target_full","SBS92",0,0
"TOV2835EP","rare","target_full","SBS93",0,0
"TOV2835EP","rare","target_full","SBS94",0,0
"TOV2881EP","rare","target_full","SBS1",0,0
"TOV2881EP","rare","target_full","SBS2",0,0
"TOV2881EP","rare","target_full","SBS3",0,0
"TOV2881EP","rare","target_full","SBS4",0,0
"TOV2881EP","rare","target_full","SBS5",0,0
"TOV2881EP","rare","target_full","SBS6",0,0
"TOV2881EP","rare","target_full","SBS7a",0,0
"TOV2881EP","rare","target_full","SBS7b",0,0
"TOV2881EP","rare","target_full","SBS7c",0,0
"TOV2881EP","rare","target_full","SBS7d",0,0
"TOV2881EP","rare","target_full","SBS8",0,0
"TOV2881EP","rare","target_full","SBS9",0,0
"TOV2881EP","rare","target_full","SBS10a",0,0
"TOV2881EP","rare","target_full","SBS10b",0,0
"TOV2881EP","rare","target_full","SBS10c",0,0
"TOV2881EP","rare","target_full","SBS10d",0,0
"TOV2881EP","rare","target_full","SBS11",0,0
"TOV2881EP","rare","target_full","SBS12",49.5221266181731,0.112192661849963
"TOV2881EP","rare","target_full","SBS13",0,0
"TOV2881EP","rare","target_full","SBS14",0,0
"TOV2881EP","rare","target_full","SBS15",24.6279880223688,0.0557948480997705
"TOV2881EP","rare","target_full","SBS16",0,0
"TOV2881EP","rare","target_full","SBS17a",0,0
"TOV2881EP","rare","target_full","SBS17b",0,0
"TOV2881EP","rare","target_full","SBS18",0,0
"TOV2881EP","rare","target_full","SBS19",0,0
"TOV2881EP","rare","target_full","SBS20",0,0
"TOV2881EP","rare","target_full","SBS21",0,0
"TOV2881EP","rare","target_full","SBS22",0,0
"TOV2881EP","rare","target_full","SBS23",0,0
"TOV2881EP","rare","target_full","SBS24",0,0
"TOV2881EP","rare","target_full","SBS25",0,0
"TOV2881EP","rare","target_full","SBS26",0,0
"TOV2881EP","rare","target_full","SBS28",0,0
"TOV2881EP","rare","target_full","SBS29",89.125397818292,0.201914099868274
"TOV2881EP","rare","target_full","SBS30",0,0
"TOV2881EP","rare","target_full","SBS31",0,0
"TOV2881EP","rare","target_full","SBS32",0,0
"TOV2881EP","rare","target_full","SBS33",0,0
"TOV2881EP","rare","target_full","SBS34",0,0
"TOV2881EP","rare","target_full","SBS35",0,0
"TOV2881EP","rare","target_full","SBS36",0,0
"TOV2881EP","rare","target_full","SBS37",0,0
"TOV2881EP","rare","target_full","SBS38",0,0
"TOV2881EP","rare","target_full","SBS39",0,0
"TOV2881EP","rare","target_full","SBS40",205.170216459495,0.464814301986716
"TOV2881EP","rare","target_full","SBS41",0,0
"TOV2881EP","rare","target_full","SBS42",0,0
"TOV2881EP","rare","target_full","SBS44",0,0
"TOV2881EP","rare","target_full","SBS84",0,0
"TOV2881EP","rare","target_full","SBS85",0,0
"TOV2881EP","rare","target_full","SBS86",0,0
"TOV2881EP","rare","target_full","SBS87",0,0
"TOV2881EP","rare","target_full","SBS88",0,0
"TOV2881EP","rare","target_full","SBS89",72.9568173943672,0.165284088195276
"TOV2881EP","rare","target_full","SBS90",0,0
"TOV2881EP","rare","target_full","SBS91",0,0
"TOV2881EP","rare","target_full","SBS92",0,0
"TOV2881EP","rare","target_full","SBS93",0,0
"TOV2881EP","rare","target_full","SBS94",0,0
"TOV2929D","rare","target_full","SBS1",0,0
"TOV2929D","rare","target_full","SBS2",0,0
"TOV2929D","rare","target_full","SBS3",0,0
"TOV2929D","rare","target_full","SBS4",0,0
"TOV2929D","rare","target_full","SBS5",0,0
"TOV2929D","rare","target_full","SBS6",0,0
"TOV2929D","rare","target_full","SBS7a",0,0
"TOV2929D","rare","target_full","SBS7b",0,0
"TOV2929D","rare","target_full","SBS7c",0,0
"TOV2929D","rare","target_full","SBS7d",0,0
"TOV2929D","rare","target_full","SBS8",0,0
"TOV2929D","rare","target_full","SBS9",0,0
"TOV2929D","rare","target_full","SBS10a",0,0
"TOV2929D","rare","target_full","SBS10b",0,0
"TOV2929D","rare","target_full","SBS10c",0,0
"TOV2929D","rare","target_full","SBS10d",0,0
"TOV2929D","rare","target_full","SBS11",0,0
"TOV2929D","rare","target_full","SBS12",58.2085693840635,0.0791638531026739
"TOV2929D","rare","target_full","SBS13",0,0
"TOV2929D","rare","target_full","SBS14",0,0
"TOV2929D","rare","target_full","SBS15",0,0
"TOV2929D","rare","target_full","SBS16",0,0
"TOV2929D","rare","target_full","SBS17a",0,0
"TOV2929D","rare","target_full","SBS17b",0,0
"TOV2929D","rare","target_full","SBS18",111.478302068226,0.151610871430912
"TOV2929D","rare","target_full","SBS19",0,0
"TOV2929D","rare","target_full","SBS20",0,0
"TOV2929D","rare","target_full","SBS21",0,0
"TOV2929D","rare","target_full","SBS22",0,0
"TOV2929D","rare","target_full","SBS23",0,0
"TOV2929D","rare","target_full","SBS24",63.1587520230464,0.0858961183929998
"TOV2929D","rare","target_full","SBS25",0,0
"TOV2929D","rare","target_full","SBS26",0,0
"TOV2929D","rare","target_full","SBS28",0,0
"TOV2929D","rare","target_full","SBS29",0,0
"TOV2929D","rare","target_full","SBS30",0,0
"TOV2929D","rare","target_full","SBS31",0,0
"TOV2929D","rare","target_full","SBS32",0,0
"TOV2929D","rare","target_full","SBS33",0,0
"TOV2929D","rare","target_full","SBS34",0,0
"TOV2929D","rare","target_full","SBS35",0,0
"TOV2929D","rare","target_full","SBS36",0,0
"TOV2929D","rare","target_full","SBS37",0,0
"TOV2929D","rare","target_full","SBS38",0,0
"TOV2929D","rare","target_full","SBS39",0,0
"TOV2929D","rare","target_full","SBS40",279.731709918184,0.380436080571081
"TOV2929D","rare","target_full","SBS41",0,0
"TOV2929D","rare","target_full","SBS42",0,0
"TOV2929D","rare","target_full","SBS44",71.6114511528181,0.0973918180693698
"TOV2929D","rare","target_full","SBS84",0,0
"TOV2929D","rare","target_full","SBS85",0,0
"TOV2929D","rare","target_full","SBS86",0,0
"TOV2929D","rare","target_full","SBS87",0,0
"TOV2929D","rare","target_full","SBS88",0,0
"TOV2929D","rare","target_full","SBS89",151.103487149534,0.205501258432963
"TOV2929D","rare","target_full","SBS90",0,0
"TOV2929D","rare","target_full","SBS91",0,0
"TOV2929D","rare","target_full","SBS92",0,0
"TOV2929D","rare","target_full","SBS93",0,0
"TOV2929D","rare","target_full","SBS94",0,0
"TOV3121D","rare","target_full","SBS1",0,0
"TOV3121D","rare","target_full","SBS2",12.3920566104752,0.0500147962257453
"TOV3121D","rare","target_full","SBS3",0,0
"TOV3121D","rare","target_full","SBS4",0,0
"TOV3121D","rare","target_full","SBS5",0,0
"TOV3121D","rare","target_full","SBS6",0,0
"TOV3121D","rare","target_full","SBS7a",0,0
"TOV3121D","rare","target_full","SBS7b",0,0
"TOV3121D","rare","target_full","SBS7c",0,0
"TOV3121D","rare","target_full","SBS7d",0,0
"TOV3121D","rare","target_full","SBS8",41.8002107190448,0.168707187759214
"TOV3121D","rare","target_full","SBS9",0,0
"TOV3121D","rare","target_full","SBS10a",0,0
"TOV3121D","rare","target_full","SBS10b",0,0
"TOV3121D","rare","target_full","SBS10c",0,0
"TOV3121D","rare","target_full","SBS10d",0,0
"TOV3121D","rare","target_full","SBS11",0,0
"TOV3121D","rare","target_full","SBS12",0,0
"TOV3121D","rare","target_full","SBS13",7.99205114714446,0.0322562123556048
"TOV3121D","rare","target_full","SBS14",0,0
"TOV3121D","rare","target_full","SBS15",0,0
"TOV3121D","rare","target_full","SBS16",0,0
"TOV3121D","rare","target_full","SBS17a",0,0
"TOV3121D","rare","target_full","SBS17b",0,0
"TOV3121D","rare","target_full","SBS18",0,0
"TOV3121D","rare","target_full","SBS19",0,0
"TOV3121D","rare","target_full","SBS20",0,0
"TOV3121D","rare","target_full","SBS21",0,0
"TOV3121D","rare","target_full","SBS22",0,0
"TOV3121D","rare","target_full","SBS23",28.2368242192801,0.113964861021994
"TOV3121D","rare","target_full","SBS24",0,0
"TOV3121D","rare","target_full","SBS25",0,0
"TOV3121D","rare","target_full","SBS26",0,0
"TOV3121D","rare","target_full","SBS28",0,0
"TOV3121D","rare","target_full","SBS29",18.7806871760391,0.0757995441446782
"TOV3121D","rare","target_full","SBS30",0,0
"TOV3121D","rare","target_full","SBS31",0,0
"TOV3121D","rare","target_full","SBS32",0,0
"TOV3121D","rare","target_full","SBS33",8.137381366852,0.0328427704671915
"TOV3121D","rare","target_full","SBS34",0,0
"TOV3121D","rare","target_full","SBS35",0,0
"TOV3121D","rare","target_full","SBS36",0,0
"TOV3121D","rare","target_full","SBS37",42.7019134486865,0.172346493138202
"TOV3121D","rare","target_full","SBS38",0,0
"TOV3121D","rare","target_full","SBS39",0,0
"TOV3121D","rare","target_full","SBS40",0,0
"TOV3121D","rare","target_full","SBS41",0,0
"TOV3121D","rare","target_full","SBS42",0,0
"TOV3121D","rare","target_full","SBS44",0,0
"TOV3121D","rare","target_full","SBS84",0,0
"TOV3121D","rare","target_full","SBS85",0,0
"TOV3121D","rare","target_full","SBS86",14.783587740794,0.0596671038216703
"TOV3121D","rare","target_full","SBS87",10.8817221086645,0.0439190306304751
"TOV3121D","rare","target_full","SBS88",0,0
"TOV3121D","rare","target_full","SBS89",0,0
"TOV3121D","rare","target_full","SBS90",0,0
"TOV3121D","rare","target_full","SBS91",0,0
"TOV3121D","rare","target_full","SBS92",62.0613771030542,0.250482000435226
"TOV3121D","rare","target_full","SBS93",0,0
"TOV3121D","rare","target_full","SBS94",0,0
"TOV3121EP","rare","target_full","SBS1",0,0
"TOV3121EP","rare","target_full","SBS2",8.53162537377164,0.0268756913056358
"TOV3121EP","rare","target_full","SBS3",0,0
"TOV3121EP","rare","target_full","SBS4",0,0
"TOV3121EP","rare","target_full","SBS5",0,0
"TOV3121EP","rare","target_full","SBS6",0,0
"TOV3121EP","rare","target_full","SBS7a",0,0
"TOV3121EP","rare","target_full","SBS7b",0,0
"TOV3121EP","rare","target_full","SBS7c",9.86160440398204,0.0310652922659393
"TOV3121EP","rare","target_full","SBS7d",0,0
"TOV3121EP","rare","target_full","SBS8",28.0800108764073,0.0884555604718958
"TOV3121EP","rare","target_full","SBS9",0,0
"TOV3121EP","rare","target_full","SBS10a",8.78574623185019,0.0276762039203878
"TOV3121EP","rare","target_full","SBS10b",0,0
"TOV3121EP","rare","target_full","SBS10c",0,0
"TOV3121EP","rare","target_full","SBS10d",0,0
"TOV3121EP","rare","target_full","SBS11",0,0
"TOV3121EP","rare","target_full","SBS12",30.0032431586464,0.0945139836752159
"TOV3121EP","rare","target_full","SBS13",0,0
"TOV3121EP","rare","target_full","SBS14",0,0
"TOV3121EP","rare","target_full","SBS15",0,0
"TOV3121EP","rare","target_full","SBS16",0,0
"TOV3121EP","rare","target_full","SBS17a",0,0
"TOV3121EP","rare","target_full","SBS17b",0,0
"TOV3121EP","rare","target_full","SBS18",0,0
"TOV3121EP","rare","target_full","SBS19",0,0
"TOV3121EP","rare","target_full","SBS20",0,0
"TOV3121EP","rare","target_full","SBS21",0,0
"TOV3121EP","rare","target_full","SBS22",0,0
"TOV3121EP","rare","target_full","SBS23",25.9183222074027,0.0816459697055616
"TOV3121EP","rare","target_full","SBS24",14.7271264179413,0.0463922976089009
"TOV3121EP","rare","target_full","SBS25",0,0
"TOV3121EP","rare","target_full","SBS26",0,0
"TOV3121EP","rare","target_full","SBS28",0,0
"TOV3121EP","rare","target_full","SBS29",65.9950351933823,0.207892648335755
"TOV3121EP","rare","target_full","SBS30",0,0
"TOV3121EP","rare","target_full","SBS31",0,0
"TOV3121EP","rare","target_full","SBS32",0,0
"TOV3121EP","rare","target_full","SBS33",0,0
"TOV3121EP","rare","target_full","SBS34",0,0
"TOV3121EP","rare","target_full","SBS35",0,0
"TOV3121EP","rare","target_full","SBS36",0,0
"TOV3121EP","rare","target_full","SBS37",0,0
"TOV3121EP","rare","target_full","SBS38",0,0
"TOV3121EP","rare","target_full","SBS39",28.7291037642502,0.0905002845799164
"TOV3121EP","rare","target_full","SBS40",29.6623077171282,0.0934399942206902
"TOV3121EP","rare","target_full","SBS41",0,0
"TOV3121EP","rare","target_full","SBS42",0,0
"TOV3121EP","rare","target_full","SBS44",0,0
"TOV3121EP","rare","target_full","SBS84",0,0
"TOV3121EP","rare","target_full","SBS85",0,0
"TOV3121EP","rare","target_full","SBS86",15.0874599079976,0.0475273933522757
"TOV3121EP","rare","target_full","SBS87",0,0
"TOV3121EP","rare","target_full","SBS88",0,0
"TOV3121EP","rare","target_full","SBS89",0,0
"TOV3121EP","rare","target_full","SBS90",0,0
"TOV3121EP","rare","target_full","SBS91",0,0
"TOV3121EP","rare","target_full","SBS92",52.0660769021693,0.164014680557826
"TOV3121EP","rare","target_full","SBS93",0,0
"TOV3121EP","rare","target_full","SBS94",0,0
"TOV3133D","rare","target_full","SBS1",0,0
"TOV3133D","rare","target_full","SBS2",0,0
"TOV3133D","rare","target_full","SBS3",0,0
"TOV3133D","rare","target_full","SBS4",23.7815856207266,0.0748162844004027
"TOV3133D","rare","target_full","SBS5",0,0
"TOV3133D","rare","target_full","SBS6",0,0
"TOV3133D","rare","target_full","SBS7a",11.9225194913627,0.0375079535595693
"TOV3133D","rare","target_full","SBS7b",0,0
"TOV3133D","rare","target_full","SBS7c",0,0
"TOV3133D","rare","target_full","SBS7d",0,0
"TOV3133D","rare","target_full","SBS8",0,0
"TOV3133D","rare","target_full","SBS9",0,0
"TOV3133D","rare","target_full","SBS10a",0,0
"TOV3133D","rare","target_full","SBS10b",0,0
"TOV3133D","rare","target_full","SBS10c",0,0
"TOV3133D","rare","target_full","SBS10d",0,0
"TOV3133D","rare","target_full","SBS11",0,0
"TOV3133D","rare","target_full","SBS12",43.1321427759408,0.135692662053245
"TOV3133D","rare","target_full","SBS13",0,0
"TOV3133D","rare","target_full","SBS14",0,0
"TOV3133D","rare","target_full","SBS15",0,0
"TOV3133D","rare","target_full","SBS16",0,0
"TOV3133D","rare","target_full","SBS17a",0,0
"TOV3133D","rare","target_full","SBS17b",0,0
"TOV3133D","rare","target_full","SBS18",24.6659191736172,0.077598376042779
"TOV3133D","rare","target_full","SBS19",0,0
"TOV3133D","rare","target_full","SBS20",0,0
"TOV3133D","rare","target_full","SBS21",0,0
"TOV3133D","rare","target_full","SBS22",0,0
"TOV3133D","rare","target_full","SBS23",22.6309272458666,0.071196341407779
"TOV3133D","rare","target_full","SBS24",25.9213049108089,0.0815477887456934
"TOV3133D","rare","target_full","SBS25",0,0
"TOV3133D","rare","target_full","SBS26",0,0
"TOV3133D","rare","target_full","SBS28",0,0
"TOV3133D","rare","target_full","SBS29",45.2545680405171,0.142369759818952
"TOV3133D","rare","target_full","SBS30",0,0
"TOV3133D","rare","target_full","SBS31",0,0
"TOV3133D","rare","target_full","SBS32",0,0
"TOV3133D","rare","target_full","SBS33",0,0
"TOV3133D","rare","target_full","SBS34",0,0
"TOV3133D","rare","target_full","SBS35",19.0356914567735,0.0598858178971485
"TOV3133D","rare","target_full","SBS36",0,0
"TOV3133D","rare","target_full","SBS37",0,0
"TOV3133D","rare","target_full","SBS38",0,0
"TOV3133D","rare","target_full","SBS39",24.5919037790295,0.0773655254288716
"TOV3133D","rare","target_full","SBS40",76.9298727516203,0.242019490645559
"TOV3133D","rare","target_full","SBS41",0,0
"TOV3133D","rare","target_full","SBS42",0,0
"TOV3133D","rare","target_full","SBS44",0,0
"TOV3133D","rare","target_full","SBS84",0,0
"TOV3133D","rare","target_full","SBS85",0,0
"TOV3133D","rare","target_full","SBS86",0,0
"TOV3133D","rare","target_full","SBS87",0,0
"TOV3133D","rare","target_full","SBS88",0,0
"TOV3133D","rare","target_full","SBS89",0,0
"TOV3133D","rare","target_full","SBS90",0,0
"TOV3133D","rare","target_full","SBS91",0,0
"TOV3133D","rare","target_full","SBS92",0,0
"TOV3133D","rare","target_full","SBS93",0,0
"TOV3133D","rare","target_full","SBS94",0,0
"TOV3133G","rare","target_full","SBS1",0,0
"TOV3133G","rare","target_full","SBS2",0,0
"TOV3133G","rare","target_full","SBS3",0,0
"TOV3133G","rare","target_full","SBS4",0,0
"TOV3133G","rare","target_full","SBS5",0,0
"TOV3133G","rare","target_full","SBS6",0,0
"TOV3133G","rare","target_full","SBS7a",0,0
"TOV3133G","rare","target_full","SBS7b",0,0
"TOV3133G","rare","target_full","SBS7c",0,0
"TOV3133G","rare","target_full","SBS7d",0,0
"TOV3133G","rare","target_full","SBS8",0,0
"TOV3133G","rare","target_full","SBS9",0,0
"TOV3133G","rare","target_full","SBS10a",0,0
"TOV3133G","rare","target_full","SBS10b",0,0
"TOV3133G","rare","target_full","SBS10c",0,0
"TOV3133G","rare","target_full","SBS10d",0,0
"TOV3133G","rare","target_full","SBS11",0,0
"TOV3133G","rare","target_full","SBS12",33.5858431186783,0.100388876381522
"TOV3133G","rare","target_full","SBS13",0,0
"TOV3133G","rare","target_full","SBS14",0,0
"TOV3133G","rare","target_full","SBS15",9.90991000527154,0.0296209544883493
"TOV3133G","rare","target_full","SBS16",16.6840103408704,0.0498688999927533
"TOV3133G","rare","target_full","SBS17a",0,0
"TOV3133G","rare","target_full","SBS17b",0,0
"TOV3133G","rare","target_full","SBS18",0,0
"TOV3133G","rare","target_full","SBS19",0,0
"TOV3133G","rare","target_full","SBS20",0,0
"TOV3133G","rare","target_full","SBS21",0,0
"TOV3133G","rare","target_full","SBS22",0,0
"TOV3133G","rare","target_full","SBS23",0,0
"TOV3133G","rare","target_full","SBS24",0,0
"TOV3133G","rare","target_full","SBS25",0,0
"TOV3133G","rare","target_full","SBS26",0,0
"TOV3133G","rare","target_full","SBS28",0,0
"TOV3133G","rare","target_full","SBS29",41.3739768868752,0.123667791707112
"TOV3133G","rare","target_full","SBS30",20.6596506244769,0.0617521824685894
"TOV3133G","rare","target_full","SBS31",0,0
"TOV3133G","rare","target_full","SBS32",0,0
"TOV3133G","rare","target_full","SBS33",0,0
"TOV3133G","rare","target_full","SBS34",0,0
"TOV3133G","rare","target_full","SBS35",50.6972493469495,0.151535272751384
"TOV3133G","rare","target_full","SBS36",0,0
"TOV3133G","rare","target_full","SBS37",0,0
"TOV3133G","rare","target_full","SBS38",0,0
"TOV3133G","rare","target_full","SBS39",0,0
"TOV3133G","rare","target_full","SBS40",103.29968893659,0.308765204025436
"TOV3133G","rare","target_full","SBS41",0,0
"TOV3133G","rare","target_full","SBS42",0,0
"TOV3133G","rare","target_full","SBS44",0,0
"TOV3133G","rare","target_full","SBS84",0,0
"TOV3133G","rare","target_full","SBS85",0,0
"TOV3133G","rare","target_full","SBS86",0,0
"TOV3133G","rare","target_full","SBS87",11.0766265406383,0.0331082977010041
"TOV3133G","rare","target_full","SBS88",0,0
"TOV3133G","rare","target_full","SBS89",47.2704606113784,0.141292520483851
"TOV3133G","rare","target_full","SBS90",0,0
"TOV3133G","rare","target_full","SBS91",0,0
"TOV3133G","rare","target_full","SBS92",0,0
"TOV3133G","rare","target_full","SBS93",0,0
"TOV3133G","rare","target_full","SBS94",0,0
"OV3331","rare","target_full","SBS1",11.7536092435139,0.0530768986258326
"OV3331","rare","target_full","SBS2",6.60527739070985,0.0298280835442678
"OV3331","rare","target_full","SBS3",0,0
"OV3331","rare","target_full","SBS4",0,0
"OV3331","rare","target_full","SBS5",0,0
"OV3331","rare","target_full","SBS6",0,0
"OV3331","rare","target_full","SBS7a",0,0
"OV3331","rare","target_full","SBS7b",0,0
"OV3331","rare","target_full","SBS7c",0,0
"OV3331","rare","target_full","SBS7d",8.89296629612644,0.0401588193722641
"OV3331","rare","target_full","SBS8",0,0
"OV3331","rare","target_full","SBS9",0,0
"OV3331","rare","target_full","SBS10a",0,0
"OV3331","rare","target_full","SBS10b",0,0
"OV3331","rare","target_full","SBS10c",0,0
"OV3331","rare","target_full","SBS10d",0,0
"OV3331","rare","target_full","SBS11",0,0
"OV3331","rare","target_full","SBS12",16.2775643219271,0.0735061557254986
"OV3331","rare","target_full","SBS13",0,0
"OV3331","rare","target_full","SBS14",0,0
"OV3331","rare","target_full","SBS15",0,0
"OV3331","rare","target_full","SBS16",20.7495031989532,0.0937005182842008
"OV3331","rare","target_full","SBS17a",9.16445182426874,0.0413847925654381
"OV3331","rare","target_full","SBS17b",0,0
"OV3331","rare","target_full","SBS18",0,0
"OV3331","rare","target_full","SBS19",0,0
"OV3331","rare","target_full","SBS20",0,0
"OV3331","rare","target_full","SBS21",0,0
"OV3331","rare","target_full","SBS22",0,0
"OV3331","rare","target_full","SBS23",0,0
"OV3331","rare","target_full","SBS24",70.3660130952777,0.317758542621542
"OV3331","rare","target_full","SBS25",0,0
"OV3331","rare","target_full","SBS26",0,0
"OV3331","rare","target_full","SBS28",0,0
"OV3331","rare","target_full","SBS29",0,0
"OV3331","rare","target_full","SBS30",0,0
"OV3331","rare","target_full","SBS31",16.8356625973761,0.0760264135438028
"OV3331","rare","target_full","SBS32",15.9459720021588,0.0720087525383746
"OV3331","rare","target_full","SBS33",0,0
"OV3331","rare","target_full","SBS34",0,0
"OV3331","rare","target_full","SBS35",0,0
"OV3331","rare","target_full","SBS36",0,0
"OV3331","rare","target_full","SBS37",0,0
"OV3331","rare","target_full","SBS38",0,0
"OV3331","rare","target_full","SBS39",23.8229806013833,0.107579714464523
"OV3331","rare","target_full","SBS40",0,0
"OV3331","rare","target_full","SBS41",0,0
"OV3331","rare","target_full","SBS42",0,0
"OV3331","rare","target_full","SBS44",0,0
"OV3331","rare","target_full","SBS84",0,0
"OV3331","rare","target_full","SBS85",0,0
"OV3331","rare","target_full","SBS86",0,0
"OV3331","rare","target_full","SBS87",0,0
"OV3331","rare","target_full","SBS88",0,0
"OV3331","rare","target_full","SBS89",21.0309132762555,0.0949713087142557
"OV3331","rare","target_full","SBS90",0,0
"OV3331","rare","target_full","SBS91",0,0
"OV3331","rare","target_full","SBS92",0,0
"OV3331","rare","target_full","SBS93",0,0
"OV3331","rare","target_full","SBS94",0,0
"OV90","rare","target_full","SBS1",0,0
"OV90","rare","target_full","SBS2",0,0
"OV90","rare","target_full","SBS3",0,0
"OV90","rare","target_full","SBS4",0,0
"OV90","rare","target_full","SBS5",0,0
"OV90","rare","target_full","SBS6",0,0
"OV90","rare","target_full","SBS7a",0,0
"OV90","rare","target_full","SBS7b",0,0
"OV90","rare","target_full","SBS7c",0,0
"OV90","rare","target_full","SBS7d",0,0
"OV90","rare","target_full","SBS8",0,0
"OV90","rare","target_full","SBS9",0,0
"OV90","rare","target_full","SBS10a",0,0
"OV90","rare","target_full","SBS10b",0,0
"OV90","rare","target_full","SBS10c",0,0
"OV90","rare","target_full","SBS10d",0,0
"OV90","rare","target_full","SBS11",0,0
"OV90","rare","target_full","SBS12",0,0
"OV90","rare","target_full","SBS13",0,0
"OV90","rare","target_full","SBS14",0,0
"OV90","rare","target_full","SBS15",19.5126275094407,0.0418460922285169
"OV90","rare","target_full","SBS16",0,0
"OV90","rare","target_full","SBS17a",0,0
"OV90","rare","target_full","SBS17b",0,0
"OV90","rare","target_full","SBS18",0,0
"OV90","rare","target_full","SBS19",0,0
"OV90","rare","target_full","SBS20",0,0
"OV90","rare","target_full","SBS21",0,0
"OV90","rare","target_full","SBS22",0,0
"OV90","rare","target_full","SBS23",0,0
"OV90","rare","target_full","SBS24",27.8124716385538,0.0596456449920357
"OV90","rare","target_full","SBS25",0,0
"OV90","rare","target_full","SBS26",31.425646070364,0.0673943313459415
"OV90","rare","target_full","SBS28",0,0
"OV90","rare","target_full","SBS29",45.2110892779521,0.0969581062704928
"OV90","rare","target_full","SBS30",37.2924342727384,0.0799760382474315
"OV90","rare","target_full","SBS31",0,0
"OV90","rare","target_full","SBS32",31.8365909504053,0.0682756292307458
"OV90","rare","target_full","SBS33",17.9359825511617,0.038464875101103
"OV90","rare","target_full","SBS34",0,0
"OV90","rare","target_full","SBS35",0,0
"OV90","rare","target_full","SBS36",0,0
"OV90","rare","target_full","SBS37",28.0251764027122,0.0601018041215078
"OV90","rare","target_full","SBS38",0,0
"OV90","rare","target_full","SBS39",43.4076820235399,0.093090582726716
"OV90","rare","target_full","SBS40",113.059115640065,0.24246258880613
"OV90","rare","target_full","SBS41",0,0
"OV90","rare","target_full","SBS42",0,0
"OV90","rare","target_full","SBS44",0,0
"OV90","rare","target_full","SBS84",0,0
"OV90","rare","target_full","SBS85",22.9372472219365,0.0491904107867101
"OV90","rare","target_full","SBS86",0,0
"OV90","rare","target_full","SBS87",0,0
"OV90","rare","target_full","SBS88",0,0
"OV90","rare","target_full","SBS89",47.8390304461914,0.102593896142669
"OV90","rare","target_full","SBS90",0,0
"OV90","rare","target_full","SBS91",0,0
"OV90","rare","target_full","SBS92",0,0
"OV90","rare","target_full","SBS93",0,0
"OV90","rare","target_full","SBS94",0,0
"TOV81D","rare","target_full","SBS1",0,0
"TOV81D","rare","target_full","SBS2",0,0
"TOV81D","rare","target_full","SBS3",0,0
"TOV81D","rare","target_full","SBS4",0,0
"TOV81D","rare","target_full","SBS5",0,0
"TOV81D","rare","target_full","SBS6",0,0
"TOV81D","rare","target_full","SBS7a",0,0
"TOV81D","rare","target_full","SBS7b",0,0
"TOV81D","rare","target_full","SBS7c",0,0
"TOV81D","rare","target_full","SBS7d",0,0
"TOV81D","rare","target_full","SBS8",0,0
"TOV81D","rare","target_full","SBS9",0,0
"TOV81D","rare","target_full","SBS10a",0,0
"TOV81D","rare","target_full","SBS10b",0,0
"TOV81D","rare","target_full","SBS10c",0,0
"TOV81D","rare","target_full","SBS10d",0,0
"TOV81D","rare","target_full","SBS11",0,0
"TOV81D","rare","target_full","SBS12",53.3882342864713,0.112061434684368
"TOV81D","rare","target_full","SBS13",0,0
"TOV81D","rare","target_full","SBS14",0,0
"TOV81D","rare","target_full","SBS15",0,0
"TOV81D","rare","target_full","SBS16",43.2782229305609,0.0908406096775061
"TOV81D","rare","target_full","SBS17a",0,0
"TOV81D","rare","target_full","SBS17b",0,0
"TOV81D","rare","target_full","SBS18",0,0
"TOV81D","rare","target_full","SBS19",0,0
"TOV81D","rare","target_full","SBS20",0,0
"TOV81D","rare","target_full","SBS21",0,0
"TOV81D","rare","target_full","SBS22",0,0
"TOV81D","rare","target_full","SBS23",0,0
"TOV81D","rare","target_full","SBS24",0,0
"TOV81D","rare","target_full","SBS25",44.379686049811,0.0931525710870701
"TOV81D","rare","target_full","SBS26",0,0
"TOV81D","rare","target_full","SBS28",0,0
"TOV81D","rare","target_full","SBS29",101.027452393202,0.212055734919814
"TOV81D","rare","target_full","SBS30",0,0
"TOV81D","rare","target_full","SBS31",0,0
"TOV81D","rare","target_full","SBS32",0,0
"TOV81D","rare","target_full","SBS33",0,0
"TOV81D","rare","target_full","SBS34",0,0
"TOV81D","rare","target_full","SBS35",0,0
"TOV81D","rare","target_full","SBS36",0,0
"TOV81D","rare","target_full","SBS37",0,0
"TOV81D","rare","target_full","SBS38",0,0
"TOV81D","rare","target_full","SBS39",0,0
"TOV81D","rare","target_full","SBS40",154.148545301987,0.323556442199595
"TOV81D","rare","target_full","SBS41",0,0
"TOV81D","rare","target_full","SBS42",0,0
"TOV81D","rare","target_full","SBS44",0,0
"TOV81D","rare","target_full","SBS84",28.7363630829599,0.0603173736259605
"TOV81D","rare","target_full","SBS85",0,0
"TOV81D","rare","target_full","SBS86",0,0
"TOV81D","rare","target_full","SBS87",0,0
"TOV81D","rare","target_full","SBS88",0,0
"TOV81D","rare","target_full","SBS89",51.4608318027444,0.108015833805686
"TOV81D","rare","target_full","SBS90",0,0
"TOV81D","rare","target_full","SBS91",0,0
"TOV81D","rare","target_full","SBS92",0,0
"TOV81D","rare","target_full","SBS93",0,0
"TOV81D","rare","target_full","SBS94",0,0
"TOV21G","rare","target_full","SBS1",0,0
"TOV21G","rare","target_full","SBS2",0,0
"TOV21G","rare","target_full","SBS3",0,0
"TOV21G","rare","target_full","SBS4",0,0
"TOV21G","rare","target_full","SBS5",0,0
"TOV21G","rare","target_full","SBS6",0,0
"TOV21G","rare","target_full","SBS7a",0,0
"TOV21G","rare","target_full","SBS7b",0,0
"TOV21G","rare","target_full","SBS7c",0,0
"TOV21G","rare","target_full","SBS7d",0,0
"TOV21G","rare","target_full","SBS8",0,0
"TOV21G","rare","target_full","SBS9",0,0
"TOV21G","rare","target_full","SBS10a",0,0
"TOV21G","rare","target_full","SBS10b",0,0
"TOV21G","rare","target_full","SBS10c",0,0
"TOV21G","rare","target_full","SBS10d",0,0
"TOV21G","rare","target_full","SBS11",0,0
"TOV21G","rare","target_full","SBS12",278.168685483463,0.137091527823565
"TOV21G","rare","target_full","SBS13",0,0
"TOV21G","rare","target_full","SBS14",0,0
"TOV21G","rare","target_full","SBS15",0,0
"TOV21G","rare","target_full","SBS16",0,0
"TOV21G","rare","target_full","SBS17a",0,0
"TOV21G","rare","target_full","SBS17b",0,0
"TOV21G","rare","target_full","SBS18",0,0
"TOV21G","rare","target_full","SBS19",175.864838206697,0.0866725142634124
"TOV21G","rare","target_full","SBS20",0,0
"TOV21G","rare","target_full","SBS21",0,0
"TOV21G","rare","target_full","SBS22",0,0
"TOV21G","rare","target_full","SBS23",0,0
"TOV21G","rare","target_full","SBS24",0,0
"TOV21G","rare","target_full","SBS25",0,0
"TOV21G","rare","target_full","SBS26",0,0
"TOV21G","rare","target_full","SBS28",0,0
"TOV21G","rare","target_full","SBS29",189.637998502233,0.0934604227750848
"TOV21G","rare","target_full","SBS30",0,0
"TOV21G","rare","target_full","SBS31",0,0
"TOV21G","rare","target_full","SBS32",250.685744099607,0.123546946351894
"TOV21G","rare","target_full","SBS33",0,0
"TOV21G","rare","target_full","SBS34",0,0
"TOV21G","rare","target_full","SBS35",0,0
"TOV21G","rare","target_full","SBS36",0,0
"TOV21G","rare","target_full","SBS37",0,0
"TOV21G","rare","target_full","SBS38",0,0
"TOV21G","rare","target_full","SBS39",0,0
"TOV21G","rare","target_full","SBS40",0,0
"TOV21G","rare","target_full","SBS41",0,0
"TOV21G","rare","target_full","SBS42",0,0
"TOV21G","rare","target_full","SBS44",1134.71549917796,0.559228588786044
"TOV21G","rare","target_full","SBS84",0,0
"TOV21G","rare","target_full","SBS85",0,0
"TOV21G","rare","target_full","SBS86",0,0
"TOV21G","rare","target_full","SBS87",0,0
"TOV21G","rare","target_full","SBS88",0,0
"TOV21G","rare","target_full","SBS89",0,0
"TOV21G","rare","target_full","SBS90",0,0
"TOV21G","rare","target_full","SBS91",0,0
"TOV21G","rare","target_full","SBS92",0,0
"TOV21G","rare","target_full","SBS93",0,0
"TOV21G","rare","target_full","SBS94",0,0
"TOV3392D","rare","target_full","SBS1",0,0
"TOV3392D","rare","target_full","SBS2",7.9996037762919,0.026399580317438
"TOV3392D","rare","target_full","SBS3",0,0
"TOV3392D","rare","target_full","SBS4",0,0
"TOV3392D","rare","target_full","SBS5",0,0
"TOV3392D","rare","target_full","SBS6",0,0
"TOV3392D","rare","target_full","SBS7a",0,0
"TOV3392D","rare","target_full","SBS7b",0,0
"TOV3392D","rare","target_full","SBS7c",0,0
"TOV3392D","rare","target_full","SBS7d",0,0
"TOV3392D","rare","target_full","SBS8",0,0
"TOV3392D","rare","target_full","SBS9",0,0
"TOV3392D","rare","target_full","SBS10a",0,0
"TOV3392D","rare","target_full","SBS10b",0,0
"TOV3392D","rare","target_full","SBS10c",0,0
"TOV3392D","rare","target_full","SBS10d",0,0
"TOV3392D","rare","target_full","SBS11",0,0
"TOV3392D","rare","target_full","SBS12",18.4491378639408,0.0608842025738874
"TOV3392D","rare","target_full","SBS13",15.4559900003057,0.0510064824220238
"TOV3392D","rare","target_full","SBS14",17.4770781410536,0.0576762976019236
"TOV3392D","rare","target_full","SBS15",0,0
"TOV3392D","rare","target_full","SBS16",9.14664227183907,0.0301849346596286
"TOV3392D","rare","target_full","SBS17a",0,0
"TOV3392D","rare","target_full","SBS17b",0,0
"TOV3392D","rare","target_full","SBS18",29.0772334020405,0.095958097434906
"TOV3392D","rare","target_full","SBS19",0,0
"TOV3392D","rare","target_full","SBS20",0,0
"TOV3392D","rare","target_full","SBS21",0,0
"TOV3392D","rare","target_full","SBS22",0,0
"TOV3392D","rare","target_full","SBS23",0,0
"TOV3392D","rare","target_full","SBS24",0,0
"TOV3392D","rare","target_full","SBS25",0,0
"TOV3392D","rare","target_full","SBS26",0,0
"TOV3392D","rare","target_full","SBS28",8.84042086066496,0.0291743700160186
"TOV3392D","rare","target_full","SBS29",40.0467331246167,0.132158663996279
"TOV3392D","rare","target_full","SBS30",47.9341166152764,0.158187904916086
"TOV3392D","rare","target_full","SBS31",0,0
"TOV3392D","rare","target_full","SBS32",0,0
"TOV3392D","rare","target_full","SBS33",8.42385704301794,0.0277996631844249
"TOV3392D","rare","target_full","SBS34",0,0
"TOV3392D","rare","target_full","SBS35",0,0
"TOV3392D","rare","target_full","SBS36",0,0
"TOV3392D","rare","target_full","SBS37",0,0
"TOV3392D","rare","target_full","SBS38",0,0
"TOV3392D","rare","target_full","SBS39",31.3995071509395,0.103621858549529
"TOV3392D","rare","target_full","SBS40",0,0
"TOV3392D","rare","target_full","SBS41",0,0
"TOV3392D","rare","target_full","SBS42",0,0
"TOV3392D","rare","target_full","SBS44",12.2738217509096,0.0405049740182572
"TOV3392D","rare","target_full","SBS84",0,0
"TOV3392D","rare","target_full","SBS85",18.42658679984,0.0608097815594696
"TOV3392D","rare","target_full","SBS86",0,0
"TOV3392D","rare","target_full","SBS87",10.9388504330511,0.0360994205042535
"TOV3392D","rare","target_full","SBS88",0,0
"TOV3392D","rare","target_full","SBS89",27.1305324536633,0.0895337682458747
"TOV3392D","rare","target_full","SBS90",0,0
"TOV3392D","rare","target_full","SBS91",0,0
"TOV3392D","rare","target_full","SBS92",0,0
"TOV3392D","rare","target_full","SBS93",0,0
"TOV3392D","rare","target_full","SBS94",0,0
"TOV112D","rare","target_full","SBS1",0,0
"TOV112D","rare","target_full","SBS2",0,0
"TOV112D","rare","target_full","SBS3",0,0
"TOV112D","rare","target_full","SBS4",17.4962206973684,0.0783749045142367
"TOV112D","rare","target_full","SBS5",0,0
"TOV112D","rare","target_full","SBS6",0,0
"TOV112D","rare","target_full","SBS7a",0,0
"TOV112D","rare","target_full","SBS7b",0,0
"TOV112D","rare","target_full","SBS7c",0,0
"TOV112D","rare","target_full","SBS7d",0,0
"TOV112D","rare","target_full","SBS8",0,0
"TOV112D","rare","target_full","SBS9",0,0
"TOV112D","rare","target_full","SBS10a",0,0
"TOV112D","rare","target_full","SBS10b",0,0
"TOV112D","rare","target_full","SBS10c",0,0
"TOV112D","rare","target_full","SBS10d",0,0
"TOV112D","rare","target_full","SBS11",0,0
"TOV112D","rare","target_full","SBS12",0,0
"TOV112D","rare","target_full","SBS13",0,0
"TOV112D","rare","target_full","SBS14",0,0
"TOV112D","rare","target_full","SBS15",6.82050007336688,0.0305526576988067
"TOV112D","rare","target_full","SBS16",10.2239796559711,0.0457986580732124
"TOV112D","rare","target_full","SBS17a",0,0
"TOV112D","rare","target_full","SBS17b",0,0
"TOV112D","rare","target_full","SBS18",16.3210158427878,0.0731105351480984
"TOV112D","rare","target_full","SBS19",0,0
"TOV112D","rare","target_full","SBS20",0,0
"TOV112D","rare","target_full","SBS21",0,0
"TOV112D","rare","target_full","SBS22",0,0
"TOV112D","rare","target_full","SBS23",0,0
"TOV112D","rare","target_full","SBS24",11.764180287936,0.0526980382051269
"TOV112D","rare","target_full","SBS25",12.3570599158464,0.0553538622844897
"TOV112D","rare","target_full","SBS26",0,0
"TOV112D","rare","target_full","SBS28",0,0
"TOV112D","rare","target_full","SBS29",14.7856497977043,0.0662328117094634
"TOV112D","rare","target_full","SBS30",16.364295329595,0.073304407053615
"TOV112D","rare","target_full","SBS31",0,0
"TOV112D","rare","target_full","SBS32",10.4926632606234,0.0470022352470147
"TOV112D","rare","target_full","SBS33",0,0
"TOV112D","rare","target_full","SBS34",0,0
"TOV112D","rare","target_full","SBS35",0,0
"TOV112D","rare","target_full","SBS36",16.5586608211852,0.0741750737597418
"TOV112D","rare","target_full","SBS37",41.4424367733998,0.185642778582522
"TOV112D","rare","target_full","SBS38",0,0
"TOV112D","rare","target_full","SBS39",0,0
"TOV112D","rare","target_full","SBS40",0,0
"TOV112D","rare","target_full","SBS41",0,0
"TOV112D","rare","target_full","SBS42",0,0
"TOV112D","rare","target_full","SBS44",0,0
"TOV112D","rare","target_full","SBS84",0,0
"TOV112D","rare","target_full","SBS85",0,0
"TOV112D","rare","target_full","SBS86",0,0
"TOV112D","rare","target_full","SBS87",0,0
"TOV112D","rare","target_full","SBS88",0,0
"TOV112D","rare","target_full","SBS89",48.6108751949341,0.217754037723672
"TOV112D","rare","target_full","SBS90",0,0
"TOV112D","rare","target_full","SBS91",0,0
"TOV112D","rare","target_full","SBS92",0,0
"TOV112D","rare","target_full","SBS93",0,0
"TOV112D","rare","target_full","SBS94",0,0
"TOV2414","rare","target_full","SBS1",0,0
"TOV2414","rare","target_full","SBS2",0,0
"TOV2414","rare","target_full","SBS3",0,0
"TOV2414","rare","target_full","SBS4",0,0
"TOV2414","rare","target_full","SBS5",128.600160275869,0.441062135459089
"TOV2414","rare","target_full","SBS6",0,0
"TOV2414","rare","target_full","SBS7a",0,0
"TOV2414","rare","target_full","SBS7b",0,0
"TOV2414","rare","target_full","SBS7c",0,0
"TOV2414","rare","target_full","SBS7d",0,0
"TOV2414","rare","target_full","SBS8",0,0
"TOV2414","rare","target_full","SBS9",0,0
"TOV2414","rare","target_full","SBS10a",0,0
"TOV2414","rare","target_full","SBS10b",0,0
"TOV2414","rare","target_full","SBS10c",0,0
"TOV2414","rare","target_full","SBS10d",0,0
"TOV2414","rare","target_full","SBS11",0,0
"TOV2414","rare","target_full","SBS12",0,0
"TOV2414","rare","target_full","SBS13",0,0
"TOV2414","rare","target_full","SBS14",0,0
"TOV2414","rare","target_full","SBS15",0,0
"TOV2414","rare","target_full","SBS16",0,0
"TOV2414","rare","target_full","SBS17a",0,0
"TOV2414","rare","target_full","SBS17b",0,0
"TOV2414","rare","target_full","SBS18",0,0
"TOV2414","rare","target_full","SBS19",0,0
"TOV2414","rare","target_full","SBS20",0,0
"TOV2414","rare","target_full","SBS21",0,0
"TOV2414","rare","target_full","SBS22",0,0
"TOV2414","rare","target_full","SBS23",0,0
"TOV2414","rare","target_full","SBS24",0,0
"TOV2414","rare","target_full","SBS25",0,0
"TOV2414","rare","target_full","SBS26",0,0
"TOV2414","rare","target_full","SBS28",0,0
"TOV2414","rare","target_full","SBS29",45.2192108112139,0.155089088857933
"TOV2414","rare","target_full","SBS30",0,0
"TOV2414","rare","target_full","SBS31",0,0
"TOV2414","rare","target_full","SBS32",20.8800229695189,0.0716125664199418
"TOV2414","rare","target_full","SBS33",0,0
"TOV2414","rare","target_full","SBS34",0,0
"TOV2414","rare","target_full","SBS35",0,0
"TOV2414","rare","target_full","SBS36",0,0
"TOV2414","rare","target_full","SBS37",0,0
"TOV2414","rare","target_full","SBS38",0,0
"TOV2414","rare","target_full","SBS39",0,0
"TOV2414","rare","target_full","SBS40",96.8698655489931,0.332236209263036
"TOV2414","rare","target_full","SBS41",0,0
"TOV2414","rare","target_full","SBS42",0,0
"TOV2414","rare","target_full","SBS44",0,0
"TOV2414","rare","target_full","SBS84",0,0
"TOV2414","rare","target_full","SBS85",0,0
"TOV2414","rare","target_full","SBS86",0,0
"TOV2414","rare","target_full","SBS87",0,0
"TOV2414","rare","target_full","SBS88",0,0
"TOV2414","rare","target_full","SBS89",0,0
"TOV2414","rare","target_full","SBS90",0,0
"TOV2414","rare","target_full","SBS91",0,0
"TOV2414","rare","target_full","SBS92",0,0
"TOV2414","rare","target_full","SBS93",0,0
"TOV2414","rare","target_full","SBS94",0,0
"OV1369-R2","rare_read_supported","target_full","SBS1",0,0
"OV1369-R2","rare_read_supported","target_full","SBS2",0,0
"OV1369-R2","rare_read_supported","target_full","SBS3",0,0
"OV1369-R2","rare_read_supported","target_full","SBS4",0,0
"OV1369-R2","rare_read_supported","target_full","SBS5",0,0
"OV1369-R2","rare_read_supported","target_full","SBS6",0,0
"OV1369-R2","rare_read_supported","target_full","SBS7a",0,0
"OV1369-R2","rare_read_supported","target_full","SBS7b",0,0
"OV1369-R2","rare_read_supported","target_full","SBS7c",0,0
"OV1369-R2","rare_read_supported","target_full","SBS7d",0,0
"OV1369-R2","rare_read_supported","target_full","SBS8",93.6208739006282,0.247159428522362
"OV1369-R2","rare_read_supported","target_full","SBS9",0,0
"OV1369-R2","rare_read_supported","target_full","SBS10a",0,0
"OV1369-R2","rare_read_supported","target_full","SBS10b",0,0
"OV1369-R2","rare_read_supported","target_full","SBS10c",0,0
"OV1369-R2","rare_read_supported","target_full","SBS10d",0,0
"OV1369-R2","rare_read_supported","target_full","SBS11",0,0
"OV1369-R2","rare_read_supported","target_full","SBS12",0,0
"OV1369-R2","rare_read_supported","target_full","SBS13",12.0140612566762,0.0317171629650086
"OV1369-R2","rare_read_supported","target_full","SBS14",0,0
"OV1369-R2","rare_read_supported","target_full","SBS15",0,0
"OV1369-R2","rare_read_supported","target_full","SBS16",13.1553128025516,0.0347300709643317
"OV1369-R2","rare_read_supported","target_full","SBS17a",0,0
"OV1369-R2","rare_read_supported","target_full","SBS17b",0,0
"OV1369-R2","rare_read_supported","target_full","SBS18",0,0
"OV1369-R2","rare_read_supported","target_full","SBS19",0,0
"OV1369-R2","rare_read_supported","target_full","SBS20",0,0
"OV1369-R2","rare_read_supported","target_full","SBS21",0,0
"OV1369-R2","rare_read_supported","target_full","SBS22",0,0
"OV1369-R2","rare_read_supported","target_full","SBS23",0,0
"OV1369-R2","rare_read_supported","target_full","SBS24",0,0
"OV1369-R2","rare_read_supported","target_full","SBS25",0,0
"OV1369-R2","rare_read_supported","target_full","SBS26",0,0
"OV1369-R2","rare_read_supported","target_full","SBS28",0,0
"OV1369-R2","rare_read_supported","target_full","SBS29",0,0
"OV1369-R2","rare_read_supported","target_full","SBS30",42.7625440502334,0.112893263107504
"OV1369-R2","rare_read_supported","target_full","SBS31",0,0
"OV1369-R2","rare_read_supported","target_full","SBS32",46.203547398718,0.121977523761359
"OV1369-R2","rare_read_supported","target_full","SBS33",0,0
"OV1369-R2","rare_read_supported","target_full","SBS34",0,0
"OV1369-R2","rare_read_supported","target_full","SBS35",0,0
"OV1369-R2","rare_read_supported","target_full","SBS36",0,0
"OV1369-R2","rare_read_supported","target_full","SBS37",15.4795094708245,0.0408659581481412
"OV1369-R2","rare_read_supported","target_full","SBS38",0,0
"OV1369-R2","rare_read_supported","target_full","SBS39",73.8654620231664,0.195005073340418
"OV1369-R2","rare_read_supported","target_full","SBS40",23.4030237986877,0.0617840631771765
"OV1369-R2","rare_read_supported","target_full","SBS41",0,0
"OV1369-R2","rare_read_supported","target_full","SBS42",0,0
"OV1369-R2","rare_read_supported","target_full","SBS44",21.2243967591873,0.0560324803131047
"OV1369-R2","rare_read_supported","target_full","SBS84",0,0
"OV1369-R2","rare_read_supported","target_full","SBS85",0,0
"OV1369-R2","rare_read_supported","target_full","SBS86",0,0
"OV1369-R2","rare_read_supported","target_full","SBS87",0,0
"OV1369-R2","rare_read_supported","target_full","SBS88",0,0
"OV1369-R2","rare_read_supported","target_full","SBS89",0,0
"OV1369-R2","rare_read_supported","target_full","SBS90",0,0
"OV1369-R2","rare_read_supported","target_full","SBS91",0,0
"OV1369-R2","rare_read_supported","target_full","SBS92",0,0
"OV1369-R2","rare_read_supported","target_full","SBS93",37.0586547229684,0.0978349757005949
"OV1369-R2","rare_read_supported","target_full","SBS94",0,0
"OV2085","rare_read_supported","target_full","SBS1",0,0
"OV2085","rare_read_supported","target_full","SBS2",0,0
"OV2085","rare_read_supported","target_full","SBS3",0,0
"OV2085","rare_read_supported","target_full","SBS4",11.102355271798,0.0419981278052192
"OV2085","rare_read_supported","target_full","SBS5",0,0
"OV2085","rare_read_supported","target_full","SBS6",0,0
"OV2085","rare_read_supported","target_full","SBS7a",0,0
"OV2085","rare_read_supported","target_full","SBS7b",0,0
"OV2085","rare_read_supported","target_full","SBS7c",0,0
"OV2085","rare_read_supported","target_full","SBS7d",0,0
"OV2085","rare_read_supported","target_full","SBS8",0,0
"OV2085","rare_read_supported","target_full","SBS9",0,0
"OV2085","rare_read_supported","target_full","SBS10a",0,0
"OV2085","rare_read_supported","target_full","SBS10b",0,0
"OV2085","rare_read_supported","target_full","SBS10c",0,0
"OV2085","rare_read_supported","target_full","SBS10d",0,0
"OV2085","rare_read_supported","target_full","SBS11",0,0
"OV2085","rare_read_supported","target_full","SBS12",25.8057947113822,0.0976184816528897
"OV2085","rare_read_supported","target_full","SBS13",0,0
"OV2085","rare_read_supported","target_full","SBS14",0,0
"OV2085","rare_read_supported","target_full","SBS15",10.9418106899977,0.0413908177615556
"OV2085","rare_read_supported","target_full","SBS16",18.9299628545697,0.0716084992644551
"OV2085","rare_read_supported","target_full","SBS17a",0,0
"OV2085","rare_read_supported","target_full","SBS17b",0,0
"OV2085","rare_read_supported","target_full","SBS18",0,0
"OV2085","rare_read_supported","target_full","SBS19",0,0
"OV2085","rare_read_supported","target_full","SBS20",0,0
"OV2085","rare_read_supported","target_full","SBS21",0,0
"OV2085","rare_read_supported","target_full","SBS22",0,0
"OV2085","rare_read_supported","target_full","SBS23",0,0
"OV2085","rare_read_supported","target_full","SBS24",0,0
"OV2085","rare_read_supported","target_full","SBS25",0,0
"OV2085","rare_read_supported","target_full","SBS26",0,0
"OV2085","rare_read_supported","target_full","SBS28",8.8622908187611,0.0335243840916173
"OV2085","rare_read_supported","target_full","SBS29",18.4365033395075,0.0697418344646963
"OV2085","rare_read_supported","target_full","SBS30",40.2094842049691,0.152104937671369
"OV2085","rare_read_supported","target_full","SBS31",25.5241930709763,0.0965532354601319
"OV2085","rare_read_supported","target_full","SBS32",0,0
"OV2085","rare_read_supported","target_full","SBS33",0,0
"OV2085","rare_read_supported","target_full","SBS34",0,0
"OV2085","rare_read_supported","target_full","SBS35",0,0
"OV2085","rare_read_supported","target_full","SBS36",0,0
"OV2085","rare_read_supported","target_full","SBS37",0,0
"OV2085","rare_read_supported","target_full","SBS38",0,0
"OV2085","rare_read_supported","target_full","SBS39",21.223442110939,0.0802843011613999
"OV2085","rare_read_supported","target_full","SBS40",43.0564896741729,0.162874625420554
"OV2085","rare_read_supported","target_full","SBS41",0,0
"OV2085","rare_read_supported","target_full","SBS42",0,0
"OV2085","rare_read_supported","target_full","SBS44",0,0
"OV2085","rare_read_supported","target_full","SBS84",0,0
"OV2085","rare_read_supported","target_full","SBS85",0,0
"OV2085","rare_read_supported","target_full","SBS86",11.9782534038428,0.0453114861686841
"OV2085","rare_read_supported","target_full","SBS87",0,0
"OV2085","rare_read_supported","target_full","SBS88",0,0
"OV2085","rare_read_supported","target_full","SBS89",28.2829958772589,0.106989269077428
"OV2085","rare_read_supported","target_full","SBS90",0,0
"OV2085","rare_read_supported","target_full","SBS91",0,0
"OV2085","rare_read_supported","target_full","SBS92",0,0
"OV2085","rare_read_supported","target_full","SBS93",0,0
"OV2085","rare_read_supported","target_full","SBS94",0,0
"OV2295","rare_read_supported","target_full","SBS1",0,0
"OV2295","rare_read_supported","target_full","SBS2",6.54022993137366,0.0290555897155003
"OV2295","rare_read_supported","target_full","SBS3",0,0
"OV2295","rare_read_supported","target_full","SBS4",0,0
"OV2295","rare_read_supported","target_full","SBS5",43.2940565212981,0.192337938666066
"OV2295","rare_read_supported","target_full","SBS6",0,0
"OV2295","rare_read_supported","target_full","SBS7a",0,0
"OV2295","rare_read_supported","target_full","SBS7b",0,0
"OV2295","rare_read_supported","target_full","SBS7c",0,0
"OV2295","rare_read_supported","target_full","SBS7d",0,0
"OV2295","rare_read_supported","target_full","SBS8",0,0
"OV2295","rare_read_supported","target_full","SBS9",0,0
"OV2295","rare_read_supported","target_full","SBS10a",0,0
"OV2295","rare_read_supported","target_full","SBS10b",0,0
"OV2295","rare_read_supported","target_full","SBS10c",0,0
"OV2295","rare_read_supported","target_full","SBS10d",0,0
"OV2295","rare_read_supported","target_full","SBS11",0,0
"OV2295","rare_read_supported","target_full","SBS12",0,0
"OV2295","rare_read_supported","target_full","SBS13",0,0
"OV2295","rare_read_supported","target_full","SBS14",0,0
"OV2295","rare_read_supported","target_full","SBS15",0,0
"OV2295","rare_read_supported","target_full","SBS16",0,0
"OV2295","rare_read_supported","target_full","SBS17a",0,0
"OV2295","rare_read_supported","target_full","SBS17b",0,0
"OV2295","rare_read_supported","target_full","SBS18",0,0
"OV2295","rare_read_supported","target_full","SBS19",0,0
"OV2295","rare_read_supported","target_full","SBS20",0,0
"OV2295","rare_read_supported","target_full","SBS21",0,0
"OV2295","rare_read_supported","target_full","SBS22",0,0
"OV2295","rare_read_supported","target_full","SBS23",0,0
"OV2295","rare_read_supported","target_full","SBS24",0,0
"OV2295","rare_read_supported","target_full","SBS25",0,0
"OV2295","rare_read_supported","target_full","SBS26",0,0
"OV2295","rare_read_supported","target_full","SBS28",0,0
"OV2295","rare_read_supported","target_full","SBS29",0,0
"OV2295","rare_read_supported","target_full","SBS30",0,0
"OV2295","rare_read_supported","target_full","SBS31",13.841739643425,0.0614932368201406
"OV2295","rare_read_supported","target_full","SBS32",20.8422609753112,0.0925937145935834
"OV2295","rare_read_supported","target_full","SBS33",0,0
"OV2295","rare_read_supported","target_full","SBS34",0,0
"OV2295","rare_read_supported","target_full","SBS35",0,0
"OV2295","rare_read_supported","target_full","SBS36",0,0
"OV2295","rare_read_supported","target_full","SBS37",26.5569048442015,0.117981560184174
"OV2295","rare_read_supported","target_full","SBS38",0,0
"OV2295","rare_read_supported","target_full","SBS39",31.5155406055419,0.140010768291825
"OV2295","rare_read_supported","target_full","SBS40",28.712501543069,0.127558002286605
"OV2295","rare_read_supported","target_full","SBS41",0,0
"OV2295","rare_read_supported","target_full","SBS42",0,0
"OV2295","rare_read_supported","target_full","SBS44",0,0
"OV2295","rare_read_supported","target_full","SBS84",0,0
"OV2295","rare_read_supported","target_full","SBS85",15.2469974182986,0.0677362273234835
"OV2295","rare_read_supported","target_full","SBS86",0,0
"OV2295","rare_read_supported","target_full","SBS87",0,0
"OV2295","rare_read_supported","target_full","SBS88",0,0
"OV2295","rare_read_supported","target_full","SBS89",38.5434594531238,0.171232962118622
"OV2295","rare_read_supported","target_full","SBS90",0,0
"OV2295","rare_read_supported","target_full","SBS91",0,0
"OV2295","rare_read_supported","target_full","SBS92",0,0
"OV2295","rare_read_supported","target_full","SBS93",0,0
"OV2295","rare_read_supported","target_full","SBS94",0,0
"OV2295-R2","rare_read_supported","target_full","SBS1",0,0
"OV2295-R2","rare_read_supported","target_full","SBS2",0,0
"OV2295-R2","rare_read_supported","target_full","SBS3",0,0
"OV2295-R2","rare_read_supported","target_full","SBS4",0,0
"OV2295-R2","rare_read_supported","target_full","SBS5",0,0
"OV2295-R2","rare_read_supported","target_full","SBS6",0,0
"OV2295-R2","rare_read_supported","target_full","SBS7a",0,0
"OV2295-R2","rare_read_supported","target_full","SBS7b",14.0460455563606,0.0537974826838847
"OV2295-R2","rare_read_supported","target_full","SBS7c",0,0
"OV2295-R2","rare_read_supported","target_full","SBS7d",0,0
"OV2295-R2","rare_read_supported","target_full","SBS8",0,0
"OV2295-R2","rare_read_supported","target_full","SBS9",0,0
"OV2295-R2","rare_read_supported","target_full","SBS10a",0,0
"OV2295-R2","rare_read_supported","target_full","SBS10b",0,0
"OV2295-R2","rare_read_supported","target_full","SBS10c",0,0
"OV2295-R2","rare_read_supported","target_full","SBS10d",0,0
"OV2295-R2","rare_read_supported","target_full","SBS11",0,0
"OV2295-R2","rare_read_supported","target_full","SBS12",19.5982080854617,0.0750627111297778
"OV2295-R2","rare_read_supported","target_full","SBS13",0,0
"OV2295-R2","rare_read_supported","target_full","SBS14",0,0
"OV2295-R2","rare_read_supported","target_full","SBS15",12.6770096219733,0.048553965091813
"OV2295-R2","rare_read_supported","target_full","SBS16",0,0
"OV2295-R2","rare_read_supported","target_full","SBS17a",0,0
"OV2295-R2","rare_read_supported","target_full","SBS17b",0,0
"OV2295-R2","rare_read_supported","target_full","SBS18",0,0
"OV2295-R2","rare_read_supported","target_full","SBS19",0,0
"OV2295-R2","rare_read_supported","target_full","SBS20",0,0
"OV2295-R2","rare_read_supported","target_full","SBS21",0,0
"OV2295-R2","rare_read_supported","target_full","SBS22",0,0
"OV2295-R2","rare_read_supported","target_full","SBS23",0,0
"OV2295-R2","rare_read_supported","target_full","SBS24",0,0
"OV2295-R2","rare_read_supported","target_full","SBS25",0,0
"OV2295-R2","rare_read_supported","target_full","SBS26",0,0
"OV2295-R2","rare_read_supported","target_full","SBS28",0,0
"OV2295-R2","rare_read_supported","target_full","SBS29",0,0
"OV2295-R2","rare_read_supported","target_full","SBS30",0,0
"OV2295-R2","rare_read_supported","target_full","SBS31",21.2055171791586,0.0812188340605231
"OV2295-R2","rare_read_supported","target_full","SBS32",13.0886249352086,0.0501304848031682
"OV2295-R2","rare_read_supported","target_full","SBS33",0,0
"OV2295-R2","rare_read_supported","target_full","SBS34",0,0
"OV2295-R2","rare_read_supported","target_full","SBS35",0,0
"OV2295-R2","rare_read_supported","target_full","SBS36",0,0
"OV2295-R2","rare_read_supported","target_full","SBS37",17.8235770513842,0.0682657317277826
"OV2295-R2","rare_read_supported","target_full","SBS38",0,0
"OV2295-R2","rare_read_supported","target_full","SBS39",31.9945339388417,0.122541634842865
"OV2295-R2","rare_read_supported","target_full","SBS40",82.9376196336846,0.317657744892139
"OV2295-R2","rare_read_supported","target_full","SBS41",0,0
"OV2295-R2","rare_read_supported","target_full","SBS42",0,0
"OV2295-R2","rare_read_supported","target_full","SBS44",0,0
"OV2295-R2","rare_read_supported","target_full","SBS84",0,0
"OV2295-R2","rare_read_supported","target_full","SBS85",0,0
"OV2295-R2","rare_read_supported","target_full","SBS86",0,0
"OV2295-R2","rare_read_supported","target_full","SBS87",0,0
"OV2295-R2","rare_read_supported","target_full","SBS88",0,0
"OV2295-R2","rare_read_supported","target_full","SBS89",47.7199942074113,0.182771410768047
"OV2295-R2","rare_read_supported","target_full","SBS90",0,0
"OV2295-R2","rare_read_supported","target_full","SBS91",0,0
"OV2295-R2","rare_read_supported","target_full","SBS92",0,0
"OV2295-R2","rare_read_supported","target_full","SBS93",0,0
"OV2295-R2","rare_read_supported","target_full","SBS94",0,0
"OV3133-R","rare_read_supported","target_full","SBS1",0,0
"OV3133-R","rare_read_supported","target_full","SBS2",0,0
"OV3133-R","rare_read_supported","target_full","SBS3",0,0
"OV3133-R","rare_read_supported","target_full","SBS4",0,0
"OV3133-R","rare_read_supported","target_full","SBS5",0,0
"OV3133-R","rare_read_supported","target_full","SBS6",0,0
"OV3133-R","rare_read_supported","target_full","SBS7a",18.647221974958,0.0879798881069223
"OV3133-R","rare_read_supported","target_full","SBS7b",0,0
"OV3133-R","rare_read_supported","target_full","SBS7c",0,0
"OV3133-R","rare_read_supported","target_full","SBS7d",0,0
"OV3133-R","rare_read_supported","target_full","SBS8",0,0
"OV3133-R","rare_read_supported","target_full","SBS9",0,0
"OV3133-R","rare_read_supported","target_full","SBS10a",0,0
"OV3133-R","rare_read_supported","target_full","SBS10b",0,0
"OV3133-R","rare_read_supported","target_full","SBS10c",0,0
"OV3133-R","rare_read_supported","target_full","SBS10d",0,0
"OV3133-R","rare_read_supported","target_full","SBS11",0,0
"OV3133-R","rare_read_supported","target_full","SBS12",22.8266094674586,0.107698752634811
"OV3133-R","rare_read_supported","target_full","SBS13",0,0
"OV3133-R","rare_read_supported","target_full","SBS14",0,0
"OV3133-R","rare_read_supported","target_full","SBS15",0,0
"OV3133-R","rare_read_supported","target_full","SBS16",16.3240614518872,0.0770189308582408
"OV3133-R","rare_read_supported","target_full","SBS17a",0,0
"OV3133-R","rare_read_supported","target_full","SBS17b",0,0
"OV3133-R","rare_read_supported","target_full","SBS18",0,0
"OV3133-R","rare_read_supported","target_full","SBS19",0,0
"OV3133-R","rare_read_supported","target_full","SBS20",0,0
"OV3133-R","rare_read_supported","target_full","SBS21",0,0
"OV3133-R","rare_read_supported","target_full","SBS22",0,0
"OV3133-R","rare_read_supported","target_full","SBS23",0,0
"OV3133-R","rare_read_supported","target_full","SBS24",0,0
"OV3133-R","rare_read_supported","target_full","SBS25",0,0
"OV3133-R","rare_read_supported","target_full","SBS26",0,0
"OV3133-R","rare_read_supported","target_full","SBS28",0,0
"OV3133-R","rare_read_supported","target_full","SBS29",0,0
"OV3133-R","rare_read_supported","target_full","SBS30",0,0
"OV3133-R","rare_read_supported","target_full","SBS31",0,0
"OV3133-R","rare_read_supported","target_full","SBS32",0,0
"OV3133-R","rare_read_supported","target_full","SBS33",0,0
"OV3133-R","rare_read_supported","target_full","SBS34",0,0
"OV3133-R","rare_read_supported","target_full","SBS35",18.7434645827686,0.0884339725747146
"OV3133-R","rare_read_supported","target_full","SBS36",0,0
"OV3133-R","rare_read_supported","target_full","SBS37",0,0
"OV3133-R","rare_read_supported","target_full","SBS38",0,0
"OV3133-R","rare_read_supported","target_full","SBS39",0,0
"OV3133-R","rare_read_supported","target_full","SBS40",96.797285916483,0.456701507357111
"OV3133-R","rare_read_supported","target_full","SBS41",0,0
"OV3133-R","rare_read_supported","target_full","SBS42",0,0
"OV3133-R","rare_read_supported","target_full","SBS44",24.1076206177351,0.113742720890051
"OV3133-R","rare_read_supported","target_full","SBS84",0,0
"OV3133-R","rare_read_supported","target_full","SBS85",0,0
"OV3133-R","rare_read_supported","target_full","SBS86",0,0
"OV3133-R","rare_read_supported","target_full","SBS87",14.5024253561695,0.0684242275781491
"OV3133-R","rare_read_supported","target_full","SBS88",0,0
"OV3133-R","rare_read_supported","target_full","SBS89",0,0
"OV3133-R","rare_read_supported","target_full","SBS90",0,0
"OV3133-R","rare_read_supported","target_full","SBS91",0,0
"OV3133-R","rare_read_supported","target_full","SBS92",0,0
"OV3133-R","rare_read_supported","target_full","SBS93",0,0
"OV3133-R","rare_read_supported","target_full","SBS94",0,0
"OV3133-R2","rare_read_supported","target_full","SBS1",0,0
"OV3133-R2","rare_read_supported","target_full","SBS2",0,0
"OV3133-R2","rare_read_supported","target_full","SBS3",12.0435768527628,0.0566152633400461
"OV3133-R2","rare_read_supported","target_full","SBS4",0,0
"OV3133-R2","rare_read_supported","target_full","SBS5",0,0
"OV3133-R2","rare_read_supported","target_full","SBS6",0,0
"OV3133-R2","rare_read_supported","target_full","SBS7a",0,0
"OV3133-R2","rare_read_supported","target_full","SBS7b",0,0
"OV3133-R2","rare_read_supported","target_full","SBS7c",0,0
"OV3133-R2","rare_read_supported","target_full","SBS7d",0,0
"OV3133-R2","rare_read_supported","target_full","SBS8",0,0
"OV3133-R2","rare_read_supported","target_full","SBS9",0,0
"OV3133-R2","rare_read_supported","target_full","SBS10a",0,0
"OV3133-R2","rare_read_supported","target_full","SBS10b",0,0
"OV3133-R2","rare_read_supported","target_full","SBS10c",0,0
"OV3133-R2","rare_read_supported","target_full","SBS10d",0,0
"OV3133-R2","rare_read_supported","target_full","SBS11",0,0
"OV3133-R2","rare_read_supported","target_full","SBS12",25.6815988296145,0.120725802517589
"OV3133-R2","rare_read_supported","target_full","SBS13",0,0
"OV3133-R2","rare_read_supported","target_full","SBS14",0,0
"OV3133-R2","rare_read_supported","target_full","SBS15",0,0
"OV3133-R2","rare_read_supported","target_full","SBS16",0,0
"OV3133-R2","rare_read_supported","target_full","SBS17a",0,0
"OV3133-R2","rare_read_supported","target_full","SBS17b",0,0
"OV3133-R2","rare_read_supported","target_full","SBS18",0,0
"OV3133-R2","rare_read_supported","target_full","SBS19",0,0
"OV3133-R2","rare_read_supported","target_full","SBS20",0,0
"OV3133-R2","rare_read_supported","target_full","SBS21",0,0
"OV3133-R2","rare_read_supported","target_full","SBS22",0,0
"OV3133-R2","rare_read_supported","target_full","SBS23",0,0
"OV3133-R2","rare_read_supported","target_full","SBS24",0,0
"OV3133-R2","rare_read_supported","target_full","SBS25",0,0
"OV3133-R2","rare_read_supported","target_full","SBS26",0,0
"OV3133-R2","rare_read_supported","target_full","SBS28",0,0
"OV3133-R2","rare_read_supported","target_full","SBS29",0,0
"OV3133-R2","rare_read_supported","target_full","SBS30",22.2137501223906,0.104423903988343
"OV3133-R2","rare_read_supported","target_full","SBS31",0,0
"OV3133-R2","rare_read_supported","target_full","SBS32",0,0
"OV3133-R2","rare_read_supported","target_full","SBS33",0,0
"OV3133-R2","rare_read_supported","target_full","SBS34",0,0
"OV3133-R2","rare_read_supported","target_full","SBS35",23.3748698386059,0.10988217434328
"OV3133-R2","rare_read_supported","target_full","SBS36",0,0
"OV3133-R2","rare_read_supported","target_full","SBS37",0,0
"OV3133-R2","rare_read_supported","target_full","SBS38",0,0
"OV3133-R2","rare_read_supported","target_full","SBS39",0,0
"OV3133-R2","rare_read_supported","target_full","SBS40",97.3930561766772,0.457831887515178
"OV3133-R2","rare_read_supported","target_full","SBS41",0,0
"OV3133-R2","rare_read_supported","target_full","SBS42",0,0
"OV3133-R2","rare_read_supported","target_full","SBS44",20.6294858352207,0.0969764869199009
"OV3133-R2","rare_read_supported","target_full","SBS84",0,0
"OV3133-R2","rare_read_supported","target_full","SBS85",0,0
"OV3133-R2","rare_read_supported","target_full","SBS86",0,0
"OV3133-R2","rare_read_supported","target_full","SBS87",11.3903396088768,0.0535444813756626
"OV3133-R2","rare_read_supported","target_full","SBS88",0,0
"OV3133-R2","rare_read_supported","target_full","SBS89",0,0
"OV3133-R2","rare_read_supported","target_full","SBS90",0,0
"OV3133-R2","rare_read_supported","target_full","SBS91",0,0
"OV3133-R2","rare_read_supported","target_full","SBS92",0,0
"OV3133-R2","rare_read_supported","target_full","SBS93",0,0
"OV3133-R2","rare_read_supported","target_full","SBS94",0,0
"OV3291","rare_read_supported","target_full","SBS1",0,0
"OV3291","rare_read_supported","target_full","SBS2",0,0
"OV3291","rare_read_supported","target_full","SBS3",33.2351122921051,0.130554654320451
"OV3291","rare_read_supported","target_full","SBS4",0,0
"OV3291","rare_read_supported","target_full","SBS5",0,0
"OV3291","rare_read_supported","target_full","SBS6",0,0
"OV3291","rare_read_supported","target_full","SBS7a",18.9543631990393,0.0744568068121946
"OV3291","rare_read_supported","target_full","SBS7b",0,0
"OV3291","rare_read_supported","target_full","SBS7c",0,0
"OV3291","rare_read_supported","target_full","SBS7d",0,0
"OV3291","rare_read_supported","target_full","SBS8",0,0
"OV3291","rare_read_supported","target_full","SBS9",0,0
"OV3291","rare_read_supported","target_full","SBS10a",0,0
"OV3291","rare_read_supported","target_full","SBS10b",0,0
"OV3291","rare_read_supported","target_full","SBS10c",0,0
"OV3291","rare_read_supported","target_full","SBS10d",0,0
"OV3291","rare_read_supported","target_full","SBS11",0,0
"OV3291","rare_read_supported","target_full","SBS12",0,0
"OV3291","rare_read_supported","target_full","SBS13",0,0
"OV3291","rare_read_supported","target_full","SBS14",0,0
"OV3291","rare_read_supported","target_full","SBS15",0,0
"OV3291","rare_read_supported","target_full","SBS16",0,0
"OV3291","rare_read_supported","target_full","SBS17a",0,0
"OV3291","rare_read_supported","target_full","SBS17b",0,0
"OV3291","rare_read_supported","target_full","SBS18",0,0
"OV3291","rare_read_supported","target_full","SBS19",15.3530692715732,0.0603101513210269
"OV3291","rare_read_supported","target_full","SBS20",0,0
"OV3291","rare_read_supported","target_full","SBS21",0,0
"OV3291","rare_read_supported","target_full","SBS22",0,0
"OV3291","rare_read_supported","target_full","SBS23",0,0
"OV3291","rare_read_supported","target_full","SBS24",0,0
"OV3291","rare_read_supported","target_full","SBS25",0,0
"OV3291","rare_read_supported","target_full","SBS26",0,0
"OV3291","rare_read_supported","target_full","SBS28",0,0
"OV3291","rare_read_supported","target_full","SBS29",0,0
"OV3291","rare_read_supported","target_full","SBS30",0,0
"OV3291","rare_read_supported","target_full","SBS31",0,0
"OV3291","rare_read_supported","target_full","SBS32",0,0
"OV3291","rare_read_supported","target_full","SBS33",0,0
"OV3291","rare_read_supported","target_full","SBS34",0,0
"OV3291","rare_read_supported","target_full","SBS35",0,0
"OV3291","rare_read_supported","target_full","SBS36",0,0
"OV3291","rare_read_supported","target_full","SBS37",35.2700958279151,0.138548506416705
"OV3291","rare_read_supported","target_full","SBS38",0,0
"OV3291","rare_read_supported","target_full","SBS39",0,0
"OV3291","rare_read_supported","target_full","SBS40",0,0
"OV3291","rare_read_supported","target_full","SBS41",0,0
"OV3291","rare_read_supported","target_full","SBS42",0,0
"OV3291","rare_read_supported","target_full","SBS44",31.7608241556764,0.124763334094766
"OV3291","rare_read_supported","target_full","SBS84",0,0
"OV3291","rare_read_supported","target_full","SBS85",26.8426081367115,0.1054435259778
"OV3291","rare_read_supported","target_full","SBS86",13.7573815002413,0.0540419472734931
"OV3291","rare_read_supported","target_full","SBS87",0,0
"OV3291","rare_read_supported","target_full","SBS88",0,0
"OV3291","rare_read_supported","target_full","SBS89",72.7522173363173,0.285786324472432
"OV3291","rare_read_supported","target_full","SBS90",0,0
"OV3291","rare_read_supported","target_full","SBS91",6.64290314354519,0.0260947493111313
"OV3291","rare_read_supported","target_full","SBS92",0,0
"OV3291","rare_read_supported","target_full","SBS93",0,0
"OV3291","rare_read_supported","target_full","SBS94",0,0
"TOV1369","rare_read_supported","target_full","SBS1",0,0
"TOV1369","rare_read_supported","target_full","SBS2",0,0
"TOV1369","rare_read_supported","target_full","SBS3",43.6316430554087,0.10210417877335
"TOV1369","rare_read_supported","target_full","SBS4",0,0
"TOV1369","rare_read_supported","target_full","SBS5",0,0
"TOV1369","rare_read_supported","target_full","SBS6",0,0
"TOV1369","rare_read_supported","target_full","SBS7a",0,0
"TOV1369","rare_read_supported","target_full","SBS7b",0,0
"TOV1369","rare_read_supported","target_full","SBS7c",0,0
"TOV1369","rare_read_supported","target_full","SBS7d",0,0
"TOV1369","rare_read_supported","target_full","SBS8",86.815217527838,0.203159814070095
"TOV1369","rare_read_supported","target_full","SBS9",0,0
"TOV1369","rare_read_supported","target_full","SBS10a",0,0
"TOV1369","rare_read_supported","target_full","SBS10b",0,0
"TOV1369","rare_read_supported","target_full","SBS10c",0,0
"TOV1369","rare_read_supported","target_full","SBS10d",0,0
"TOV1369","rare_read_supported","target_full","SBS11",0,0
"TOV1369","rare_read_supported","target_full","SBS12",0,0
"TOV1369","rare_read_supported","target_full","SBS13",0,0
"TOV1369","rare_read_supported","target_full","SBS14",0,0
"TOV1369","rare_read_supported","target_full","SBS15",0,0
"TOV1369","rare_read_supported","target_full","SBS16",13.8498177413473,0.0324105206133312
"TOV1369","rare_read_supported","target_full","SBS17a",0,0
"TOV1369","rare_read_supported","target_full","SBS17b",0,0
"TOV1369","rare_read_supported","target_full","SBS18",0,0
"TOV1369","rare_read_supported","target_full","SBS19",0,0
"TOV1369","rare_read_supported","target_full","SBS20",0,0
"TOV1369","rare_read_supported","target_full","SBS21",0,0
"TOV1369","rare_read_supported","target_full","SBS22",0,0
"TOV1369","rare_read_supported","target_full","SBS23",0,0
"TOV1369","rare_read_supported","target_full","SBS24",0,0
"TOV1369","rare_read_supported","target_full","SBS25",0,0
"TOV1369","rare_read_supported","target_full","SBS26",0,0
"TOV1369","rare_read_supported","target_full","SBS28",0,0
"TOV1369","rare_read_supported","target_full","SBS29",0,0
"TOV1369","rare_read_supported","target_full","SBS30",36.2709836972211,0.0848792010652283
"TOV1369","rare_read_supported","target_full","SBS31",0,0
"TOV1369","rare_read_supported","target_full","SBS32",51.1644450271726,0.119731994398181
"TOV1369","rare_read_supported","target_full","SBS33",13.2234540741172,0.0309447415736839
"TOV1369","rare_read_supported","target_full","SBS34",0,0
"TOV1369","rare_read_supported","target_full","SBS35",0,0
"TOV1369","rare_read_supported","target_full","SBS36",0,0
"TOV1369","rare_read_supported","target_full","SBS37",25.7989801996298,0.0603732406576555
"TOV1369","rare_read_supported","target_full","SBS38",0,0
"TOV1369","rare_read_supported","target_full","SBS39",121.74374994521,0.284897490409837
"TOV1369","rare_read_supported","target_full","SBS40",0,0
"TOV1369","rare_read_supported","target_full","SBS41",0,0
"TOV1369","rare_read_supported","target_full","SBS42",0,0
"TOV1369","rare_read_supported","target_full","SBS44",0,0
"TOV1369","rare_read_supported","target_full","SBS84",0,0
"TOV1369","rare_read_supported","target_full","SBS85",0,0
"TOV1369","rare_read_supported","target_full","SBS86",0,0
"TOV1369","rare_read_supported","target_full","SBS87",0,0
"TOV1369","rare_read_supported","target_full","SBS88",0,0
"TOV1369","rare_read_supported","target_full","SBS89",0,0
"TOV1369","rare_read_supported","target_full","SBS90",0,0
"TOV1369","rare_read_supported","target_full","SBS91",0,0
"TOV1369","rare_read_supported","target_full","SBS92",0,0
"TOV1369","rare_read_supported","target_full","SBS93",34.8264625235921,0.0814988184386379
"TOV1369","rare_read_supported","target_full","SBS94",0,0
"TOV2295-R","rare_read_supported","target_full","SBS1",0,0
"TOV2295-R","rare_read_supported","target_full","SBS2",6.06384349558769,0.0240907024587623
"TOV2295-R","rare_read_supported","target_full","SBS3",31.6328495715993,0.125672367287627
"TOV2295-R","rare_read_supported","target_full","SBS4",0,0
"TOV2295-R","rare_read_supported","target_full","SBS5",0,0
"TOV2295-R","rare_read_supported","target_full","SBS6",0,0
"TOV2295-R","rare_read_supported","target_full","SBS7a",0,0
"TOV2295-R","rare_read_supported","target_full","SBS7b",0,0
"TOV2295-R","rare_read_supported","target_full","SBS7c",0,0
"TOV2295-R","rare_read_supported","target_full","SBS7d",7.75504697288673,0.0308095895472041
"TOV2295-R","rare_read_supported","target_full","SBS8",0,0
"TOV2295-R","rare_read_supported","target_full","SBS9",0,0
"TOV2295-R","rare_read_supported","target_full","SBS10a",0,0
"TOV2295-R","rare_read_supported","target_full","SBS10b",0,0
"TOV2295-R","rare_read_supported","target_full","SBS10c",0,0
"TOV2295-R","rare_read_supported","target_full","SBS10d",0,0
"TOV2295-R","rare_read_supported","target_full","SBS11",14.1450454403666,0.0561960547328602
"TOV2295-R","rare_read_supported","target_full","SBS12",12.1178811170096,0.0481424477120745
"TOV2295-R","rare_read_supported","target_full","SBS13",0,0
"TOV2295-R","rare_read_supported","target_full","SBS14",0,0
"TOV2295-R","rare_read_supported","target_full","SBS15",0,0
"TOV2295-R","rare_read_supported","target_full","SBS16",0,0
"TOV2295-R","rare_read_supported","target_full","SBS17a",0,0
"TOV2295-R","rare_read_supported","target_full","SBS17b",0,0
"TOV2295-R","rare_read_supported","target_full","SBS18",41.666971625338,0.16553636592272
"TOV2295-R","rare_read_supported","target_full","SBS19",0,0
"TOV2295-R","rare_read_supported","target_full","SBS20",0,0
"TOV2295-R","rare_read_supported","target_full","SBS21",0,0
"TOV2295-R","rare_read_supported","target_full","SBS22",0,0
"TOV2295-R","rare_read_supported","target_full","SBS23",0,0
"TOV2295-R","rare_read_supported","target_full","SBS24",0,0
"TOV2295-R","rare_read_supported","target_full","SBS25",0,0
"TOV2295-R","rare_read_supported","target_full","SBS26",0,0
"TOV2295-R","rare_read_supported","target_full","SBS28",0,0
"TOV2295-R","rare_read_supported","target_full","SBS29",0,0
"TOV2295-R","rare_read_supported","target_full","SBS30",0,0
"TOV2295-R","rare_read_supported","target_full","SBS31",42.7498165703905,0.169838339646023
"TOV2295-R","rare_read_supported","target_full","SBS32",0,0
"TOV2295-R","rare_read_supported","target_full","SBS33",10.1280775001864,0.0402372689390507
"TOV2295-R","rare_read_supported","target_full","SBS34",0,0
"TOV2295-R","rare_read_supported","target_full","SBS35",0,0
"TOV2295-R","rare_read_supported","target_full","SBS36",0,0
"TOV2295-R","rare_read_supported","target_full","SBS37",16.1546892785054,0.0641800556042407
"TOV2295-R","rare_read_supported","target_full","SBS38",0,0
"TOV2295-R","rare_read_supported","target_full","SBS39",14.3665324198194,0.0570759878848899
"TOV2295-R","rare_read_supported","target_full","SBS40",0,0
"TOV2295-R","rare_read_supported","target_full","SBS41",0,0
"TOV2295-R","rare_read_supported","target_full","SBS42",0,0
"TOV2295-R","rare_read_supported","target_full","SBS44",0,0
"TOV2295-R","rare_read_supported","target_full","SBS84",0,0
"TOV2295-R","rare_read_supported","target_full","SBS85",0,0
"TOV2295-R","rare_read_supported","target_full","SBS86",11.7146558601775,0.0465404967888245
"TOV2295-R","rare_read_supported","target_full","SBS87",0,0
"TOV2295-R","rare_read_supported","target_full","SBS88",9.16285685837549,0.0364025981884218
"TOV2295-R","rare_read_supported","target_full","SBS89",34.0506033805143,0.135277725287301
"TOV2295-R","rare_read_supported","target_full","SBS90",0,0
"TOV2295-R","rare_read_supported","target_full","SBS91",0,0
"TOV2295-R","rare_read_supported","target_full","SBS92",0,0
"TOV2295-R","rare_read_supported","target_full","SBS93",0,0
"TOV2295-R","rare_read_supported","target_full","SBS94",0,0
"TOV2835EP","rare_read_supported","target_full","SBS1",0,0
"TOV2835EP","rare_read_supported","target_full","SBS2",8.29544657901764,0.0377096613755808
"TOV2835EP","rare_read_supported","target_full","SBS3",0,0
"TOV2835EP","rare_read_supported","target_full","SBS4",0,0
"TOV2835EP","rare_read_supported","target_full","SBS5",93.3677410500381,0.42443355699565
"TOV2835EP","rare_read_supported","target_full","SBS6",0,0
"TOV2835EP","rare_read_supported","target_full","SBS7a",0,0
"TOV2835EP","rare_read_supported","target_full","SBS7b",0,0
"TOV2835EP","rare_read_supported","target_full","SBS7c",0,0
"TOV2835EP","rare_read_supported","target_full","SBS7d",0,0
"TOV2835EP","rare_read_supported","target_full","SBS8",0,0
"TOV2835EP","rare_read_supported","target_full","SBS9",0,0
"TOV2835EP","rare_read_supported","target_full","SBS10a",0,0
"TOV2835EP","rare_read_supported","target_full","SBS10b",0,0
"TOV2835EP","rare_read_supported","target_full","SBS10c",0,0
"TOV2835EP","rare_read_supported","target_full","SBS10d",0,0
"TOV2835EP","rare_read_supported","target_full","SBS11",0,0
"TOV2835EP","rare_read_supported","target_full","SBS12",0,0
"TOV2835EP","rare_read_supported","target_full","SBS13",0,0
"TOV2835EP","rare_read_supported","target_full","SBS14",0,0
"TOV2835EP","rare_read_supported","target_full","SBS15",0,0
"TOV2835EP","rare_read_supported","target_full","SBS16",18.0729895310166,0.0821566758060853
"TOV2835EP","rare_read_supported","target_full","SBS17a",0,0
"TOV2835EP","rare_read_supported","target_full","SBS17b",0,0
"TOV2835EP","rare_read_supported","target_full","SBS18",20.0894531440374,0.0913231696529062
"TOV2835EP","rare_read_supported","target_full","SBS19",14.2136425524306,0.0646127538114022
"TOV2835EP","rare_read_supported","target_full","SBS20",0,0
"TOV2835EP","rare_read_supported","target_full","SBS21",15.0822749362684,0.0685614059716412
"TOV2835EP","rare_read_supported","target_full","SBS22",10.9504517059593,0.0497788541952468
"TOV2835EP","rare_read_supported","target_full","SBS23",15.9975394294899,0.0727220396132075
"TOV2835EP","rare_read_supported","target_full","SBS24",0,0
"TOV2835EP","rare_read_supported","target_full","SBS25",0,0
"TOV2835EP","rare_read_supported","target_full","SBS26",0,0
"TOV2835EP","rare_read_supported","target_full","SBS28",0,0
"TOV2835EP","rare_read_supported","target_full","SBS29",0,0
"TOV2835EP","rare_read_supported","target_full","SBS30",0,0
"TOV2835EP","rare_read_supported","target_full","SBS31",0,0
"TOV2835EP","rare_read_supported","target_full","SBS32",9.29720804762167,0.0422634952650923
"TOV2835EP","rare_read_supported","target_full","SBS33",0,0
"TOV2835EP","rare_read_supported","target_full","SBS34",0,0
"TOV2835EP","rare_read_supported","target_full","SBS35",0,0
"TOV2835EP","rare_read_supported","target_full","SBS36",0,0
"TOV2835EP","rare_read_supported","target_full","SBS37",0,0
"TOV2835EP","rare_read_supported","target_full","SBS38",0,0
"TOV2835EP","rare_read_supported","target_full","SBS39",0,0
"TOV2835EP","rare_read_supported","target_full","SBS40",0,0
"TOV2835EP","rare_read_supported","target_full","SBS41",0,0
"TOV2835EP","rare_read_supported","target_full","SBS42",0,0
"TOV2835EP","rare_read_supported","target_full","SBS44",0,0
"TOV2835EP","rare_read_supported","target_full","SBS84",0,0
"TOV2835EP","rare_read_supported","target_full","SBS85",0,0
"TOV2835EP","rare_read_supported","target_full","SBS86",14.6152490541728,0.0664383873131882
"TOV2835EP","rare_read_supported","target_full","SBS87",0,0
"TOV2835EP","rare_read_supported","target_full","SBS88",0,0
"TOV2835EP","rare_read_supported","target_full","SBS89",0,0
"TOV2835EP","rare_read_supported","target_full","SBS90",0,0
"TOV2835EP","rare_read_supported","target_full","SBS91",0,0
"TOV2835EP","rare_read_supported","target_full","SBS92",0,0
"TOV2835EP","rare_read_supported","target_full","SBS93",0,0
"TOV2835EP","rare_read_supported","target_full","SBS94",0,0
"TOV2881EP","rare_read_supported","target_full","SBS1",0,0
"TOV2881EP","rare_read_supported","target_full","SBS2",0,0
"TOV2881EP","rare_read_supported","target_full","SBS3",0,0
"TOV2881EP","rare_read_supported","target_full","SBS4",0,0
"TOV2881EP","rare_read_supported","target_full","SBS5",0,0
"TOV2881EP","rare_read_supported","target_full","SBS6",0,0
"TOV2881EP","rare_read_supported","target_full","SBS7a",0,0
"TOV2881EP","rare_read_supported","target_full","SBS7b",0,0
"TOV2881EP","rare_read_supported","target_full","SBS7c",0,0
"TOV2881EP","rare_read_supported","target_full","SBS7d",0,0
"TOV2881EP","rare_read_supported","target_full","SBS8",0,0
"TOV2881EP","rare_read_supported","target_full","SBS9",0,0
"TOV2881EP","rare_read_supported","target_full","SBS10a",0,0
"TOV2881EP","rare_read_supported","target_full","SBS10b",0,0
"TOV2881EP","rare_read_supported","target_full","SBS10c",0,0
"TOV2881EP","rare_read_supported","target_full","SBS10d",10.0240163519069,0.0371449936100163
"TOV2881EP","rare_read_supported","target_full","SBS11",0,0
"TOV2881EP","rare_read_supported","target_full","SBS12",43.9954961577239,0.163029704489386
"TOV2881EP","rare_read_supported","target_full","SBS13",8.68407937441033,0.0321797233311559
"TOV2881EP","rare_read_supported","target_full","SBS14",0,0
"TOV2881EP","rare_read_supported","target_full","SBS15",10.0848284684192,0.0373703389805705
"TOV2881EP","rare_read_supported","target_full","SBS16",0,0
"TOV2881EP","rare_read_supported","target_full","SBS17a",0,0
"TOV2881EP","rare_read_supported","target_full","SBS17b",0,0
"TOV2881EP","rare_read_supported","target_full","SBS18",0,0
"TOV2881EP","rare_read_supported","target_full","SBS19",9.46571491987208,0.0350761519005302
"TOV2881EP","rare_read_supported","target_full","SBS20",0,0
"TOV2881EP","rare_read_supported","target_full","SBS21",0,0
"TOV2881EP","rare_read_supported","target_full","SBS22",0,0
"TOV2881EP","rare_read_supported","target_full","SBS23",0,0
"TOV2881EP","rare_read_supported","target_full","SBS24",0,0
"TOV2881EP","rare_read_supported","target_full","SBS25",0,0
"TOV2881EP","rare_read_supported","target_full","SBS26",0,0
"TOV2881EP","rare_read_supported","target_full","SBS28",0,0
"TOV2881EP","rare_read_supported","target_full","SBS29",21.1917831848382,0.0785282688446453
"TOV2881EP","rare_read_supported","target_full","SBS30",23.9013201345303,0.0885687285914288
"TOV2881EP","rare_read_supported","target_full","SBS31",0,0
"TOV2881EP","rare_read_supported","target_full","SBS32",15.808252486695,0.058579058232692
"TOV2881EP","rare_read_supported","target_full","SBS33",0,0
"TOV2881EP","rare_read_supported","target_full","SBS34",0,0
"TOV2881EP","rare_read_supported","target_full","SBS35",20.4006285156975,0.0755965662118804
"TOV2881EP","rare_read_supported","target_full","SBS36",0,0
"TOV2881EP","rare_read_supported","target_full","SBS37",0,0
"TOV2881EP","rare_read_supported","target_full","SBS38",0,0
"TOV2881EP","rare_read_supported","target_full","SBS39",11.120366626866,0.041207629037576
"TOV2881EP","rare_read_supported","target_full","SBS40",0,0
"TOV2881EP","rare_read_supported","target_full","SBS41",0,0
"TOV2881EP","rare_read_supported","target_full","SBS42",0,0
"TOV2881EP","rare_read_supported","target_full","SBS44",0,0
"TOV2881EP","rare_read_supported","target_full","SBS84",0,0
"TOV2881EP","rare_read_supported","target_full","SBS85",21.7315344119037,0.0805283709171577
"TOV2881EP","rare_read_supported","target_full","SBS86",16.590458106685,0.0614775992701597
"TOV2881EP","rare_read_supported","target_full","SBS87",0,0
"TOV2881EP","rare_read_supported","target_full","SBS88",0,0
"TOV2881EP","rare_read_supported","target_full","SBS89",24.9331699665761,0.0923923511866318
"TOV2881EP","rare_read_supported","target_full","SBS90",0,0
"TOV2881EP","rare_read_supported","target_full","SBS91",0,0
"TOV2881EP","rare_read_supported","target_full","SBS92",0,0
"TOV2881EP","rare_read_supported","target_full","SBS93",31.9301920885895,0.118320515396169
"TOV2881EP","rare_read_supported","target_full","SBS94",0,0
"TOV2929D","rare_read_supported","target_full","SBS1",0,0
"TOV2929D","rare_read_supported","target_full","SBS2",0,0
"TOV2929D","rare_read_supported","target_full","SBS3",0,0
"TOV2929D","rare_read_supported","target_full","SBS4",0,0
"TOV2929D","rare_read_supported","target_full","SBS5",57.0327368187604,0.192997915818689
"TOV2929D","rare_read_supported","target_full","SBS6",0,0
"TOV2929D","rare_read_supported","target_full","SBS7a",0,0
"TOV2929D","rare_read_supported","target_full","SBS7b",0,0
"TOV2929D","rare_read_supported","target_full","SBS7c",0,0
"TOV2929D","rare_read_supported","target_full","SBS7d",0,0
"TOV2929D","rare_read_supported","target_full","SBS8",0,0
"TOV2929D","rare_read_supported","target_full","SBS9",0,0
"TOV2929D","rare_read_supported","target_full","SBS10a",0,0
"TOV2929D","rare_read_supported","target_full","SBS10b",0,0
"TOV2929D","rare_read_supported","target_full","SBS10c",0,0
"TOV2929D","rare_read_supported","target_full","SBS10d",0,0
"TOV2929D","rare_read_supported","target_full","SBS11",0,0
"TOV2929D","rare_read_supported","target_full","SBS12",0,0
"TOV2929D","rare_read_supported","target_full","SBS13",0,0
"TOV2929D","rare_read_supported","target_full","SBS14",0,0
"TOV2929D","rare_read_supported","target_full","SBS15",0,0
"TOV2929D","rare_read_supported","target_full","SBS16",21.5896882490367,0.0730591773717705
"TOV2929D","rare_read_supported","target_full","SBS17a",0,0
"TOV2929D","rare_read_supported","target_full","SBS17b",0,0
"TOV2929D","rare_read_supported","target_full","SBS18",0,0
"TOV2929D","rare_read_supported","target_full","SBS19",0,0
"TOV2929D","rare_read_supported","target_full","SBS20",0,0
"TOV2929D","rare_read_supported","target_full","SBS21",0,0
"TOV2929D","rare_read_supported","target_full","SBS22",0,0
"TOV2929D","rare_read_supported","target_full","SBS23",0,0
"TOV2929D","rare_read_supported","target_full","SBS24",0,0
"TOV2929D","rare_read_supported","target_full","SBS25",0,0
"TOV2929D","rare_read_supported","target_full","SBS26",0,0
"TOV2929D","rare_read_supported","target_full","SBS28",0,0
"TOV2929D","rare_read_supported","target_full","SBS29",0,0
"TOV2929D","rare_read_supported","target_full","SBS30",28.2171264907295,0.0954863277981732
"TOV2929D","rare_read_supported","target_full","SBS31",0,0
"TOV2929D","rare_read_supported","target_full","SBS32",0,0
"TOV2929D","rare_read_supported","target_full","SBS33",13.9745566112855,0.0472896874831581
"TOV2929D","rare_read_supported","target_full","SBS34",0,0
"TOV2929D","rare_read_supported","target_full","SBS35",0,0
"TOV2929D","rare_read_supported","target_full","SBS36",0,0
"TOV2929D","rare_read_supported","target_full","SBS37",0,0
"TOV2929D","rare_read_supported","target_full","SBS38",0,0
"TOV2929D","rare_read_supported","target_full","SBS39",23.856459746986,0.0807298977184313
"TOV2929D","rare_read_supported","target_full","SBS40",58.6598444276369,0.198504023272796
"TOV2929D","rare_read_supported","target_full","SBS41",0,0
"TOV2929D","rare_read_supported","target_full","SBS42",0,0
"TOV2929D","rare_read_supported","target_full","SBS44",24.1008881468637,0.0815570397139698
"TOV2929D","rare_read_supported","target_full","SBS84",0,0
"TOV2929D","rare_read_supported","target_full","SBS85",22.2522264983101,0.0753011967520831
"TOV2929D","rare_read_supported","target_full","SBS86",0,0
"TOV2929D","rare_read_supported","target_full","SBS87",0,0
"TOV2929D","rare_read_supported","target_full","SBS88",0,0
"TOV2929D","rare_read_supported","target_full","SBS89",45.8260725665833,0.155074734070929
"TOV2929D","rare_read_supported","target_full","SBS90",0,0
"TOV2929D","rare_read_supported","target_full","SBS91",0,0
"TOV2929D","rare_read_supported","target_full","SBS92",0,0
"TOV2929D","rare_read_supported","target_full","SBS93",0,0
"TOV2929D","rare_read_supported","target_full","SBS94",0,0
"TOV3121D","rare_read_supported","target_full","SBS1",9.37674064978096,0.0500418350815584
"TOV3121D","rare_read_supported","target_full","SBS2",10.3792552407269,0.0553920598238995
"TOV3121D","rare_read_supported","target_full","SBS3",0,0
"TOV3121D","rare_read_supported","target_full","SBS4",0,0
"TOV3121D","rare_read_supported","target_full","SBS5",0,0
"TOV3121D","rare_read_supported","target_full","SBS6",0,0
"TOV3121D","rare_read_supported","target_full","SBS7a",0,0
"TOV3121D","rare_read_supported","target_full","SBS7b",0,0
"TOV3121D","rare_read_supported","target_full","SBS7c",0,0
"TOV3121D","rare_read_supported","target_full","SBS7d",0,0
"TOV3121D","rare_read_supported","target_full","SBS8",17.918418268359,0.0956271017188204
"TOV3121D","rare_read_supported","target_full","SBS9",0,0
"TOV3121D","rare_read_supported","target_full","SBS10a",0,0
"TOV3121D","rare_read_supported","target_full","SBS10b",0,0
"TOV3121D","rare_read_supported","target_full","SBS10c",0,0
"TOV3121D","rare_read_supported","target_full","SBS10d",0,0
"TOV3121D","rare_read_supported","target_full","SBS11",0,0
"TOV3121D","rare_read_supported","target_full","SBS12",0,0
"TOV3121D","rare_read_supported","target_full","SBS13",0,0
"TOV3121D","rare_read_supported","target_full","SBS14",0,0
"TOV3121D","rare_read_supported","target_full","SBS15",0,0
"TOV3121D","rare_read_supported","target_full","SBS16",0,0
"TOV3121D","rare_read_supported","target_full","SBS17a",0,0
"TOV3121D","rare_read_supported","target_full","SBS17b",0,0
"TOV3121D","rare_read_supported","target_full","SBS18",0,0
"TOV3121D","rare_read_supported","target_full","SBS19",0,0
"TOV3121D","rare_read_supported","target_full","SBS20",0,0
"TOV3121D","rare_read_supported","target_full","SBS21",0,0
"TOV3121D","rare_read_supported","target_full","SBS22",0,0
"TOV3121D","rare_read_supported","target_full","SBS23",21.8875732875192,0.11680970751976
"TOV3121D","rare_read_supported","target_full","SBS24",0,0
"TOV3121D","rare_read_supported","target_full","SBS25",0,0
"TOV3121D","rare_read_supported","target_full","SBS26",0,0
"TOV3121D","rare_read_supported","target_full","SBS28",0,0
"TOV3121D","rare_read_supported","target_full","SBS29",0,0
"TOV3121D","rare_read_supported","target_full","SBS30",0,0
"TOV3121D","rare_read_supported","target_full","SBS31",0,0
"TOV3121D","rare_read_supported","target_full","SBS32",0,0
"TOV3121D","rare_read_supported","target_full","SBS33",6.49331961033499,0.0346535796614811
"TOV3121D","rare_read_supported","target_full","SBS34",0,0
"TOV3121D","rare_read_supported","target_full","SBS35",0,0
"TOV3121D","rare_read_supported","target_full","SBS36",0,0
"TOV3121D","rare_read_supported","target_full","SBS37",30.1044220064065,0.160661425706108
"TOV3121D","rare_read_supported","target_full","SBS38",0,0
"TOV3121D","rare_read_supported","target_full","SBS39",25.361106810032,0.135347278108098
"TOV3121D","rare_read_supported","target_full","SBS40",0,0
"TOV3121D","rare_read_supported","target_full","SBS41",0,0
"TOV3121D","rare_read_supported","target_full","SBS42",0,0
"TOV3121D","rare_read_supported","target_full","SBS44",0,0
"TOV3121D","rare_read_supported","target_full","SBS84",0,0
"TOV3121D","rare_read_supported","target_full","SBS85",9.87836628595526,0.0527189132151742
"TOV3121D","rare_read_supported","target_full","SBS86",0,0
"TOV3121D","rare_read_supported","target_full","SBS87",0,0
"TOV3121D","rare_read_supported","target_full","SBS88",0,0
"TOV3121D","rare_read_supported","target_full","SBS89",0,0
"TOV3121D","rare_read_supported","target_full","SBS90",0,0
"TOV3121D","rare_read_supported","target_full","SBS91",0,0
"TOV3121D","rare_read_supported","target_full","SBS92",55.978831330239,0.2987480991651
"TOV3121D","rare_read_supported","target_full","SBS93",0,0
"TOV3121D","rare_read_supported","target_full","SBS94",0,0
"TOV3121EP","rare_read_supported","target_full","SBS1",10.315015961252,0.0618290759242249
"TOV3121EP","rare_read_supported","target_full","SBS2",8.44627128686318,0.0506276626845546
"TOV3121EP","rare_read_supported","target_full","SBS3",0,0
"TOV3121EP","rare_read_supported","target_full","SBS4",0,0
"TOV3121EP","rare_read_supported","target_full","SBS5",0,0
"TOV3121EP","rare_read_supported","target_full","SBS6",0,0
"TOV3121EP","rare_read_supported","target_full","SBS7a",0,0
"TOV3121EP","rare_read_supported","target_full","SBS7b",0,0
"TOV3121EP","rare_read_supported","target_full","SBS7c",0,0
"TOV3121EP","rare_read_supported","target_full","SBS7d",0,0
"TOV3121EP","rare_read_supported","target_full","SBS8",20.6153515438428,0.123570156420207
"TOV3121EP","rare_read_supported","target_full","SBS9",0,0
"TOV3121EP","rare_read_supported","target_full","SBS10a",0,0
"TOV3121EP","rare_read_supported","target_full","SBS10b",0,0
"TOV3121EP","rare_read_supported","target_full","SBS10c",0,0
"TOV3121EP","rare_read_supported","target_full","SBS10d",0,0
"TOV3121EP","rare_read_supported","target_full","SBS11",0,0
"TOV3121EP","rare_read_supported","target_full","SBS12",14.7244514962872,0.0882596045344368
"TOV3121EP","rare_read_supported","target_full","SBS13",7.20172765403695,0.0431677631503145
"TOV3121EP","rare_read_supported","target_full","SBS14",0,0
"TOV3121EP","rare_read_supported","target_full","SBS15",0,0
"TOV3121EP","rare_read_supported","target_full","SBS16",0,0
"TOV3121EP","rare_read_supported","target_full","SBS17a",0,0
"TOV3121EP","rare_read_supported","target_full","SBS17b",0,0
"TOV3121EP","rare_read_supported","target_full","SBS18",0,0
"TOV3121EP","rare_read_supported","target_full","SBS19",0,0
"TOV3121EP","rare_read_supported","target_full","SBS20",0,0
"TOV3121EP","rare_read_supported","target_full","SBS21",0,0
"TOV3121EP","rare_read_supported","target_full","SBS22",0,0
"TOV3121EP","rare_read_supported","target_full","SBS23",12.0415369174465,0.0721779881979735
"TOV3121EP","rare_read_supported","target_full","SBS24",0,0
"TOV3121EP","rare_read_supported","target_full","SBS25",0,0
"TOV3121EP","rare_read_supported","target_full","SBS26",0,0
"TOV3121EP","rare_read_supported","target_full","SBS28",0,0
"TOV3121EP","rare_read_supported","target_full","SBS29",0,0
"TOV3121EP","rare_read_supported","target_full","SBS30",0,0
"TOV3121EP","rare_read_supported","target_full","SBS31",0,0
"TOV3121EP","rare_read_supported","target_full","SBS32",0,0
"TOV3121EP","rare_read_supported","target_full","SBS33",0,0
"TOV3121EP","rare_read_supported","target_full","SBS34",0,0
"TOV3121EP","rare_read_supported","target_full","SBS35",0,0
"TOV3121EP","rare_read_supported","target_full","SBS36",0,0
"TOV3121EP","rare_read_supported","target_full","SBS37",20.8190013969408,0.124790850821113
"TOV3121EP","rare_read_supported","target_full","SBS38",0,0
"TOV3121EP","rare_read_supported","target_full","SBS39",22.6983928732308,0.136056081889623
"TOV3121EP","rare_read_supported","target_full","SBS40",0,0
"TOV3121EP","rare_read_supported","target_full","SBS41",0,0
"TOV3121EP","rare_read_supported","target_full","SBS42",13.7611895656256,0.0824857312540158
"TOV3121EP","rare_read_supported","target_full","SBS44",0,0
"TOV3121EP","rare_read_supported","target_full","SBS84",0,0
"TOV3121EP","rare_read_supported","target_full","SBS85",0,0
"TOV3121EP","rare_read_supported","target_full","SBS86",0,0
"TOV3121EP","rare_read_supported","target_full","SBS87",0,0
"TOV3121EP","rare_read_supported","target_full","SBS88",0,0
"TOV3121EP","rare_read_supported","target_full","SBS89",0,0
"TOV3121EP","rare_read_supported","target_full","SBS90",0,0
"TOV3121EP","rare_read_supported","target_full","SBS91",0,0
"TOV3121EP","rare_read_supported","target_full","SBS92",36.2082132675678,0.217035085123537
"TOV3121EP","rare_read_supported","target_full","SBS93",0,0
"TOV3121EP","rare_read_supported","target_full","SBS94",0,0
"TOV3133D","rare_read_supported","target_full","SBS1",0,0
"TOV3133D","rare_read_supported","target_full","SBS2",0,0
"TOV3133D","rare_read_supported","target_full","SBS3",0,0
"TOV3133D","rare_read_supported","target_full","SBS4",0,0
"TOV3133D","rare_read_supported","target_full","SBS5",0,0
"TOV3133D","rare_read_supported","target_full","SBS6",0,0
"TOV3133D","rare_read_supported","target_full","SBS7a",5.79388998976,0.0340241978014406
"TOV3133D","rare_read_supported","target_full","SBS7b",0,0
"TOV3133D","rare_read_supported","target_full","SBS7c",0,0
"TOV3133D","rare_read_supported","target_full","SBS7d",0,0
"TOV3133D","rare_read_supported","target_full","SBS8",0,0
"TOV3133D","rare_read_supported","target_full","SBS9",0,0
"TOV3133D","rare_read_supported","target_full","SBS10a",0,0
"TOV3133D","rare_read_supported","target_full","SBS10b",0,0
"TOV3133D","rare_read_supported","target_full","SBS10c",0,0
"TOV3133D","rare_read_supported","target_full","SBS10d",0,0
"TOV3133D","rare_read_supported","target_full","SBS11",0,0
"TOV3133D","rare_read_supported","target_full","SBS12",21.209654915404,0.124552156740534
"TOV3133D","rare_read_supported","target_full","SBS13",0,0
"TOV3133D","rare_read_supported","target_full","SBS14",0,0
"TOV3133D","rare_read_supported","target_full","SBS15",4.64884922982577,0.0273000291728388
"TOV3133D","rare_read_supported","target_full","SBS16",9.0530190723379,0.0531631964296577
"TOV3133D","rare_read_supported","target_full","SBS17a",0,0
"TOV3133D","rare_read_supported","target_full","SBS17b",0,0
"TOV3133D","rare_read_supported","target_full","SBS18",0,0
"TOV3133D","rare_read_supported","target_full","SBS19",0,0
"TOV3133D","rare_read_supported","target_full","SBS20",0,0
"TOV3133D","rare_read_supported","target_full","SBS21",0,0
"TOV3133D","rare_read_supported","target_full","SBS22",0,0
"TOV3133D","rare_read_supported","target_full","SBS23",0,0
"TOV3133D","rare_read_supported","target_full","SBS24",0,0
"TOV3133D","rare_read_supported","target_full","SBS25",0,0
"TOV3133D","rare_read_supported","target_full","SBS26",0,0
"TOV3133D","rare_read_supported","target_full","SBS28",0,0
"TOV3133D","rare_read_supported","target_full","SBS29",0,0
"TOV3133D","rare_read_supported","target_full","SBS30",23.4949747581131,0.137972531394751
"TOV3133D","rare_read_supported","target_full","SBS31",8.40149671039709,0.0493371787189463
"TOV3133D","rare_read_supported","target_full","SBS32",0,0
"TOV3133D","rare_read_supported","target_full","SBS33",0,0
"TOV3133D","rare_read_supported","target_full","SBS34",0,0
"TOV3133D","rare_read_supported","target_full","SBS35",19.801536268513,0.116283082344163
"TOV3133D","rare_read_supported","target_full","SBS36",0,0
"TOV3133D","rare_read_supported","target_full","SBS37",0,0
"TOV3133D","rare_read_supported","target_full","SBS38",0,0
"TOV3133D","rare_read_supported","target_full","SBS39",21.5007993324341,0.126261881165977
"TOV3133D","rare_read_supported","target_full","SBS40",41.6158703820259,0.244386173720881
"TOV3133D","rare_read_supported","target_full","SBS41",0,0
"TOV3133D","rare_read_supported","target_full","SBS42",0,0
"TOV3133D","rare_read_supported","target_full","SBS44",0,0
"TOV3133D","rare_read_supported","target_full","SBS84",0,0
"TOV3133D","rare_read_supported","target_full","SBS85",0,0
"TOV3133D","rare_read_supported","target_full","SBS86",0,0
"TOV3133D","rare_read_supported","target_full","SBS87",5.70254380084304,0.0334877739470678
"TOV3133D","rare_read_supported","target_full","SBS88",9.06470114696818,0.0532317985637428
"TOV3133D","rare_read_supported","target_full","SBS89",0,0
"TOV3133D","rare_read_supported","target_full","SBS90",0,0
"TOV3133D","rare_read_supported","target_full","SBS91",0,0
"TOV3133D","rare_read_supported","target_full","SBS92",0,0
"TOV3133D","rare_read_supported","target_full","SBS93",0,0
"TOV3133D","rare_read_supported","target_full","SBS94",0,0
"TOV3133G","rare_read_supported","target_full","SBS1",0,0
"TOV3133G","rare_read_supported","target_full","SBS2",0,0
"TOV3133G","rare_read_supported","target_full","SBS3",0,0
"TOV3133G","rare_read_supported","target_full","SBS4",0,0
"TOV3133G","rare_read_supported","target_full","SBS5",0,0
"TOV3133G","rare_read_supported","target_full","SBS6",8.53232106390645,0.0473115355631968
"TOV3133G","rare_read_supported","target_full","SBS7a",0,0
"TOV3133G","rare_read_supported","target_full","SBS7b",0,0
"TOV3133G","rare_read_supported","target_full","SBS7c",0,0
"TOV3133G","rare_read_supported","target_full","SBS7d",0,0
"TOV3133G","rare_read_supported","target_full","SBS8",18.2484622810374,0.101187328244733
"TOV3133G","rare_read_supported","target_full","SBS9",0,0
"TOV3133G","rare_read_supported","target_full","SBS10a",0,0
"TOV3133G","rare_read_supported","target_full","SBS10b",0,0
"TOV3133G","rare_read_supported","target_full","SBS10c",0,0
"TOV3133G","rare_read_supported","target_full","SBS10d",0,0
"TOV3133G","rare_read_supported","target_full","SBS11",0,0
"TOV3133G","rare_read_supported","target_full","SBS12",22.0374704886427,0.122197296718809
"TOV3133G","rare_read_supported","target_full","SBS13",0,0
"TOV3133G","rare_read_supported","target_full","SBS14",0,0
"TOV3133G","rare_read_supported","target_full","SBS15",0,0
"TOV3133G","rare_read_supported","target_full","SBS16",22.0331385211191,0.122173276052683
"TOV3133G","rare_read_supported","target_full","SBS17a",0,0
"TOV3133G","rare_read_supported","target_full","SBS17b",0,0
"TOV3133G","rare_read_supported","target_full","SBS18",0,0
"TOV3133G","rare_read_supported","target_full","SBS19",0,0
"TOV3133G","rare_read_supported","target_full","SBS20",0,0
"TOV3133G","rare_read_supported","target_full","SBS21",0,0
"TOV3133G","rare_read_supported","target_full","SBS22",0,0
"TOV3133G","rare_read_supported","target_full","SBS23",0,0
"TOV3133G","rare_read_supported","target_full","SBS24",0,0
"TOV3133G","rare_read_supported","target_full","SBS25",0,0
"TOV3133G","rare_read_supported","target_full","SBS26",0,0
"TOV3133G","rare_read_supported","target_full","SBS28",0,0
"TOV3133G","rare_read_supported","target_full","SBS29",0,0
"TOV3133G","rare_read_supported","target_full","SBS30",32.5522887157418,0.180501736128193
"TOV3133G","rare_read_supported","target_full","SBS31",0,0
"TOV3133G","rare_read_supported","target_full","SBS32",0,0
"TOV3133G","rare_read_supported","target_full","SBS33",0,0
"TOV3133G","rare_read_supported","target_full","SBS34",0,0
"TOV3133G","rare_read_supported","target_full","SBS35",0,0
"TOV3133G","rare_read_supported","target_full","SBS36",0,0
"TOV3133G","rare_read_supported","target_full","SBS37",0,0
"TOV3133G","rare_read_supported","target_full","SBS38",8.37015725525919,0.0464123407553111
"TOV3133G","rare_read_supported","target_full","SBS39",18.6149200256775,0.103219328504462
"TOV3133G","rare_read_supported","target_full","SBS40",49.9545968650056,0.276997158032611
"TOV3133G","rare_read_supported","target_full","SBS41",0,0
"TOV3133G","rare_read_supported","target_full","SBS42",0,0
"TOV3133G","rare_read_supported","target_full","SBS44",0,0
"TOV3133G","rare_read_supported","target_full","SBS84",0,0
"TOV3133G","rare_read_supported","target_full","SBS85",0,0
"TOV3133G","rare_read_supported","target_full","SBS86",0,0
"TOV3133G","rare_read_supported","target_full","SBS87",0,0
"TOV3133G","rare_read_supported","target_full","SBS88",0,0
"TOV3133G","rare_read_supported","target_full","SBS89",0,0
"TOV3133G","rare_read_supported","target_full","SBS90",0,0
"TOV3133G","rare_read_supported","target_full","SBS91",0,0
"TOV3133G","rare_read_supported","target_full","SBS92",0,0
"TOV3133G","rare_read_supported","target_full","SBS93",0,0
"TOV3133G","rare_read_supported","target_full","SBS94",0,0
"OV3331","rare_read_supported","target_full","SBS1",7.0352708830098,0.0474919384196646
"OV3331","rare_read_supported","target_full","SBS2",5.00705983738036,0.033800401066961
"OV3331","rare_read_supported","target_full","SBS3",19.4602705102037,0.131367502981665
"OV3331","rare_read_supported","target_full","SBS4",0,0
"OV3331","rare_read_supported","target_full","SBS5",22.4734128578527,0.151707867013676
"OV3331","rare_read_supported","target_full","SBS6",0,0
"OV3331","rare_read_supported","target_full","SBS7a",0,0
"OV3331","rare_read_supported","target_full","SBS7b",0,0
"OV3331","rare_read_supported","target_full","SBS7c",0,0
"OV3331","rare_read_supported","target_full","SBS7d",6.02168905164505,0.0406497049479277
"OV3331","rare_read_supported","target_full","SBS8",0,0
"OV3331","rare_read_supported","target_full","SBS9",0,0
"OV3331","rare_read_supported","target_full","SBS10a",0,0
"OV3331","rare_read_supported","target_full","SBS10b",0,0
"OV3331","rare_read_supported","target_full","SBS10c",0,0
"OV3331","rare_read_supported","target_full","SBS10d",0,0
"OV3331","rare_read_supported","target_full","SBS11",0,0
"OV3331","rare_read_supported","target_full","SBS12",14.2168571198646,0.0959715857549079
"OV3331","rare_read_supported","target_full","SBS13",4.77832528046085,0.0322563173106546
"OV3331","rare_read_supported","target_full","SBS14",0,0
"OV3331","rare_read_supported","target_full","SBS15",4.96417513714099,0.0335109058113011
"OV3331","rare_read_supported","target_full","SBS16",5.50029443500744,0.0371300052181706
"OV3331","rare_read_supported","target_full","SBS17a",4.98423454874686,0.0336463178454022
"OV3331","rare_read_supported","target_full","SBS17b",0,0
"OV3331","rare_read_supported","target_full","SBS18",0,0
"OV3331","rare_read_supported","target_full","SBS19",0,0
"OV3331","rare_read_supported","target_full","SBS20",0,0
"OV3331","rare_read_supported","target_full","SBS21",0,0
"OV3331","rare_read_supported","target_full","SBS22",0,0
"OV3331","rare_read_supported","target_full","SBS23",0,0
"OV3331","rare_read_supported","target_full","SBS24",13.4616515706758,0.0908735339481352
"OV3331","rare_read_supported","target_full","SBS25",0,0
"OV3331","rare_read_supported","target_full","SBS26",0,0
"OV3331","rare_read_supported","target_full","SBS28",0,0
"OV3331","rare_read_supported","target_full","SBS29",0,0
"OV3331","rare_read_supported","target_full","SBS30",0,0
"OV3331","rare_read_supported","target_full","SBS31",14.6024988606598,0.0985748790907944
"OV3331","rare_read_supported","target_full","SBS32",0,0
"OV3331","rare_read_supported","target_full","SBS33",0,0
"OV3331","rare_read_supported","target_full","SBS34",0,0
"OV3331","rare_read_supported","target_full","SBS35",0,0
"OV3331","rare_read_supported","target_full","SBS36",0,0
"OV3331","rare_read_supported","target_full","SBS37",0,0
"OV3331","rare_read_supported","target_full","SBS38",0,0
"OV3331","rare_read_supported","target_full","SBS39",8.68585274299734,0.0586342715799206
"OV3331","rare_read_supported","target_full","SBS40",0,0
"OV3331","rare_read_supported","target_full","SBS41",0,0
"OV3331","rare_read_supported","target_full","SBS42",0,0
"OV3331","rare_read_supported","target_full","SBS44",0,0
"OV3331","rare_read_supported","target_full","SBS84",0,0
"OV3331","rare_read_supported","target_full","SBS85",0,0
"OV3331","rare_read_supported","target_full","SBS86",0,0
"OV3331","rare_read_supported","target_full","SBS87",0,0
"OV3331","rare_read_supported","target_full","SBS88",0,0
"OV3331","rare_read_supported","target_full","SBS89",16.9445144093847,0.114384769010819
"OV3331","rare_read_supported","target_full","SBS90",0,0
"OV3331","rare_read_supported","target_full","SBS91",0,0
"OV3331","rare_read_supported","target_full","SBS92",0,0
"OV3331","rare_read_supported","target_full","SBS93",0,0
"OV3331","rare_read_supported","target_full","SBS94",0,0
"OV90","rare_read_supported","target_full","SBS1",0,0
"OV90","rare_read_supported","target_full","SBS2",0,0
"OV90","rare_read_supported","target_full","SBS3",0,0
"OV90","rare_read_supported","target_full","SBS4",0,0
"OV90","rare_read_supported","target_full","SBS5",0,0
"OV90","rare_read_supported","target_full","SBS6",0,0
"OV90","rare_read_supported","target_full","SBS7a",14.9993241994541,0.0524751038084
"OV90","rare_read_supported","target_full","SBS7b",0,0
"OV90","rare_read_supported","target_full","SBS7c",0,0
"OV90","rare_read_supported","target_full","SBS7d",0,0
"OV90","rare_read_supported","target_full","SBS8",0,0
"OV90","rare_read_supported","target_full","SBS9",31.2117191990056,0.109194133230753
"OV90","rare_read_supported","target_full","SBS10a",0,0
"OV90","rare_read_supported","target_full","SBS10b",0,0
"OV90","rare_read_supported","target_full","SBS10c",0,0
"OV90","rare_read_supported","target_full","SBS10d",0,0
"OV90","rare_read_supported","target_full","SBS11",0,0
"OV90","rare_read_supported","target_full","SBS12",0,0
"OV90","rare_read_supported","target_full","SBS13",0,0
"OV90","rare_read_supported","target_full","SBS14",0,0
"OV90","rare_read_supported","target_full","SBS15",11.3819578085347,0.0398197551838654
"OV90","rare_read_supported","target_full","SBS16",0,0
"OV90","rare_read_supported","target_full","SBS17a",0,0
"OV90","rare_read_supported","target_full","SBS17b",0,0
"OV90","rare_read_supported","target_full","SBS18",0,0
"OV90","rare_read_supported","target_full","SBS19",0,0
"OV90","rare_read_supported","target_full","SBS20",0,0
"OV90","rare_read_supported","target_full","SBS21",0,0
"OV90","rare_read_supported","target_full","SBS22",0,0
"OV90","rare_read_supported","target_full","SBS23",0,0
"OV90","rare_read_supported","target_full","SBS24",0,0
"OV90","rare_read_supported","target_full","SBS25",0,0
"OV90","rare_read_supported","target_full","SBS26",52.5646896140448,0.183897454810245
"OV90","rare_read_supported","target_full","SBS28",0,0
"OV90","rare_read_supported","target_full","SBS29",26.7154391011666,0.0934639068719997
"OV90","rare_read_supported","target_full","SBS30",11.9629256889466,0.0418522700777743
"OV90","rare_read_supported","target_full","SBS31",14.0315061586386,0.0490891944511447
"OV90","rare_read_supported","target_full","SBS32",29.4040864395881,0.102870133866745
"OV90","rare_read_supported","target_full","SBS33",0,0
"OV90","rare_read_supported","target_full","SBS34",0,0
"OV90","rare_read_supported","target_full","SBS35",0,0
"OV90","rare_read_supported","target_full","SBS36",0,0
"OV90","rare_read_supported","target_full","SBS37",0,0
"OV90","rare_read_supported","target_full","SBS38",0,0
"OV90","rare_read_supported","target_full","SBS39",21.5163217150358,0.0752748057550837
"OV90","rare_read_supported","target_full","SBS40",0,0
"OV90","rare_read_supported","target_full","SBS41",0,0
"OV90","rare_read_supported","target_full","SBS42",0,0
"OV90","rare_read_supported","target_full","SBS44",0,0
"OV90","rare_read_supported","target_full","SBS84",11.9164338962059,0.0416896186397585
"OV90","rare_read_supported","target_full","SBS85",19.3855953953247,0.0678204642576051
"OV90","rare_read_supported","target_full","SBS86",18.6477043743137,0.0652389540900837
"OV90","rare_read_supported","target_full","SBS87",0,0
"OV90","rare_read_supported","target_full","SBS88",0,0
"OV90","rare_read_supported","target_full","SBS89",22.0992573849955,0.0773142049565406
"OV90","rare_read_supported","target_full","SBS90",0,0
"OV90","rare_read_supported","target_full","SBS91",0,0
"OV90","rare_read_supported","target_full","SBS92",0,0
"OV90","rare_read_supported","target_full","SBS93",0,0
"OV90","rare_read_supported","target_full","SBS94",0,0
"TOV81D","rare_read_supported","target_full","SBS1",0,0
"TOV81D","rare_read_supported","target_full","SBS2",0,0
"TOV81D","rare_read_supported","target_full","SBS3",25.1915807094173,0.147782319531116
"TOV81D","rare_read_supported","target_full","SBS4",0,0
"TOV81D","rare_read_supported","target_full","SBS5",0,0
"TOV81D","rare_read_supported","target_full","SBS6",0,0
"TOV81D","rare_read_supported","target_full","SBS7a",0,0
"TOV81D","rare_read_supported","target_full","SBS7b",0,0
"TOV81D","rare_read_supported","target_full","SBS7c",0,0
"TOV81D","rare_read_supported","target_full","SBS7d",0,0
"TOV81D","rare_read_supported","target_full","SBS8",0,0
"TOV81D","rare_read_supported","target_full","SBS9",0,0
"TOV81D","rare_read_supported","target_full","SBS10a",0,0
"TOV81D","rare_read_supported","target_full","SBS10b",7.58950826480489,0.0445226184260107
"TOV81D","rare_read_supported","target_full","SBS10c",0,0
"TOV81D","rare_read_supported","target_full","SBS10d",0,0
"TOV81D","rare_read_supported","target_full","SBS11",0,0
"TOV81D","rare_read_supported","target_full","SBS12",24.3286218062126,0.142719911187365
"TOV81D","rare_read_supported","target_full","SBS13",0,0
"TOV81D","rare_read_supported","target_full","SBS14",9.12380259005976,0.0535233070626246
"TOV81D","rare_read_supported","target_full","SBS15",0,0
"TOV81D","rare_read_supported","target_full","SBS16",7.74362228060056,0.0454267032863159
"TOV81D","rare_read_supported","target_full","SBS17a",0,0
"TOV81D","rare_read_supported","target_full","SBS17b",0,0
"TOV81D","rare_read_supported","target_full","SBS18",0,0
"TOV81D","rare_read_supported","target_full","SBS19",0,0
"TOV81D","rare_read_supported","target_full","SBS20",0,0
"TOV81D","rare_read_supported","target_full","SBS21",0,0
"TOV81D","rare_read_supported","target_full","SBS22",0,0
"TOV81D","rare_read_supported","target_full","SBS23",0,0
"TOV81D","rare_read_supported","target_full","SBS24",0,0
"TOV81D","rare_read_supported","target_full","SBS25",0,0
"TOV81D","rare_read_supported","target_full","SBS26",0,0
"TOV81D","rare_read_supported","target_full","SBS28",0,0
"TOV81D","rare_read_supported","target_full","SBS29",0,0
"TOV81D","rare_read_supported","target_full","SBS30",17.9788027053042,0.10546972803453
"TOV81D","rare_read_supported","target_full","SBS31",0,0
"TOV81D","rare_read_supported","target_full","SBS32",0,0
"TOV81D","rare_read_supported","target_full","SBS33",0,0
"TOV81D","rare_read_supported","target_full","SBS34",0,0
"TOV81D","rare_read_supported","target_full","SBS35",0,0
"TOV81D","rare_read_supported","target_full","SBS36",0,0
"TOV81D","rare_read_supported","target_full","SBS37",0,0
"TOV81D","rare_read_supported","target_full","SBS38",0,0
"TOV81D","rare_read_supported","target_full","SBS39",0,0
"TOV81D","rare_read_supported","target_full","SBS40",36.8167244345213,0.215979338384174
"TOV81D","rare_read_supported","target_full","SBS41",0,0
"TOV81D","rare_read_supported","target_full","SBS42",0,0
"TOV81D","rare_read_supported","target_full","SBS44",0,0
"TOV81D","rare_read_supported","target_full","SBS84",16.090058875046,0.0943897189054758
"TOV81D","rare_read_supported","target_full","SBS85",0,0
"TOV81D","rare_read_supported","target_full","SBS86",0,0
"TOV81D","rare_read_supported","target_full","SBS87",0,0
"TOV81D","rare_read_supported","target_full","SBS88",13.8173299458693,0.0810571235160317
"TOV81D","rare_read_supported","target_full","SBS89",11.7840525472085,0.0691292316663567
"TOV81D","rare_read_supported","target_full","SBS90",0,0
"TOV81D","rare_read_supported","target_full","SBS91",0,0
"TOV81D","rare_read_supported","target_full","SBS92",0,0
"TOV81D","rare_read_supported","target_full","SBS93",0,0
"TOV81D","rare_read_supported","target_full","SBS94",0,0
"TOV21G","rare_read_supported","target_full","SBS1",0,0
"TOV21G","rare_read_supported","target_full","SBS2",0,0
"TOV21G","rare_read_supported","target_full","SBS3",0,0
"TOV21G","rare_read_supported","target_full","SBS4",0,0
"TOV21G","rare_read_supported","target_full","SBS5",0,0
"TOV21G","rare_read_supported","target_full","SBS6",0,0
"TOV21G","rare_read_supported","target_full","SBS7a",0,0
"TOV21G","rare_read_supported","target_full","SBS7b",0,0
"TOV21G","rare_read_supported","target_full","SBS7c",0,0
"TOV21G","rare_read_supported","target_full","SBS7d",0,0
"TOV21G","rare_read_supported","target_full","SBS8",0,0
"TOV21G","rare_read_supported","target_full","SBS9",0,0
"TOV21G","rare_read_supported","target_full","SBS10a",0,0
"TOV21G","rare_read_supported","target_full","SBS10b",58.1089349482334,0.0348844995402708
"TOV21G","rare_read_supported","target_full","SBS10c",0,0
"TOV21G","rare_read_supported","target_full","SBS10d",0,0
"TOV21G","rare_read_supported","target_full","SBS11",0,0
"TOV21G","rare_read_supported","target_full","SBS12",100.668211585406,0.0604340827086136
"TOV21G","rare_read_supported","target_full","SBS13",0,0
"TOV21G","rare_read_supported","target_full","SBS14",0,0
"TOV21G","rare_read_supported","target_full","SBS15",0,0
"TOV21G","rare_read_supported","target_full","SBS16",0,0
"TOV21G","rare_read_supported","target_full","SBS17a",0,0
"TOV21G","rare_read_supported","target_full","SBS17b",0,0
"TOV21G","rare_read_supported","target_full","SBS18",0,0
"TOV21G","rare_read_supported","target_full","SBS19",106.1665978235,0.0637349253822211
"TOV21G","rare_read_supported","target_full","SBS20",0,0
"TOV21G","rare_read_supported","target_full","SBS21",0,0
"TOV21G","rare_read_supported","target_full","SBS22",0,0
"TOV21G","rare_read_supported","target_full","SBS23",0,0
"TOV21G","rare_read_supported","target_full","SBS24",0,0
"TOV21G","rare_read_supported","target_full","SBS25",0,0
"TOV21G","rare_read_supported","target_full","SBS26",113.737197591559,0.0682797786713702
"TOV21G","rare_read_supported","target_full","SBS28",0,0
"TOV21G","rare_read_supported","target_full","SBS29",0,0
"TOV21G","rare_read_supported","target_full","SBS30",0,0
"TOV21G","rare_read_supported","target_full","SBS31",0,0
"TOV21G","rare_read_supported","target_full","SBS32",131.0695075736,0.0786848731742896
"TOV21G","rare_read_supported","target_full","SBS33",0,0
"TOV21G","rare_read_supported","target_full","SBS34",0,0
"TOV21G","rare_read_supported","target_full","SBS35",0,0
"TOV21G","rare_read_supported","target_full","SBS36",0,0
"TOV21G","rare_read_supported","target_full","SBS37",0,0
"TOV21G","rare_read_supported","target_full","SBS38",0,0
"TOV21G","rare_read_supported","target_full","SBS39",0,0
"TOV21G","rare_read_supported","target_full","SBS40",0,0
"TOV21G","rare_read_supported","target_full","SBS41",0,0
"TOV21G","rare_read_supported","target_full","SBS42",0,0
"TOV21G","rare_read_supported","target_full","SBS44",919.808686097944,0.552188156879931
"TOV21G","rare_read_supported","target_full","SBS84",71.1247194239572,0.0426982570624856
"TOV21G","rare_read_supported","target_full","SBS85",0,0
"TOV21G","rare_read_supported","target_full","SBS86",0,0
"TOV21G","rare_read_supported","target_full","SBS87",0,0
"TOV21G","rare_read_supported","target_full","SBS88",0,0
"TOV21G","rare_read_supported","target_full","SBS89",165.0684336235,0.0990954265808181
"TOV21G","rare_read_supported","target_full","SBS90",0,0
"TOV21G","rare_read_supported","target_full","SBS91",0,0
"TOV21G","rare_read_supported","target_full","SBS92",0,0
"TOV21G","rare_read_supported","target_full","SBS93",0,0
"TOV21G","rare_read_supported","target_full","SBS94",0,0
"TOV3392D","rare_read_supported","target_full","SBS1",0,0
"TOV3392D","rare_read_supported","target_full","SBS2",7.86189058408775,0.0405524918462612
"TOV3392D","rare_read_supported","target_full","SBS3",0,0
"TOV3392D","rare_read_supported","target_full","SBS4",0,0
"TOV3392D","rare_read_supported","target_full","SBS5",0,0
"TOV3392D","rare_read_supported","target_full","SBS6",0,0
"TOV3392D","rare_read_supported","target_full","SBS7a",0,0
"TOV3392D","rare_read_supported","target_full","SBS7b",0,0
"TOV3392D","rare_read_supported","target_full","SBS7c",0,0
"TOV3392D","rare_read_supported","target_full","SBS7d",7.15865759697541,0.0369251391540711
"TOV3392D","rare_read_supported","target_full","SBS8",7.32748468507295,0.0377959677467966
"TOV3392D","rare_read_supported","target_full","SBS9",0,0
"TOV3392D","rare_read_supported","target_full","SBS10a",0,0
"TOV3392D","rare_read_supported","target_full","SBS10b",0,0
"TOV3392D","rare_read_supported","target_full","SBS10c",0,0
"TOV3392D","rare_read_supported","target_full","SBS10d",0,0
"TOV3392D","rare_read_supported","target_full","SBS11",0,0
"TOV3392D","rare_read_supported","target_full","SBS12",0,0
"TOV3392D","rare_read_supported","target_full","SBS13",12.6495536932211,0.06524778200824
"TOV3392D","rare_read_supported","target_full","SBS14",7.08760496255117,0.0365586418914437
"TOV3392D","rare_read_supported","target_full","SBS15",0,0
"TOV3392D","rare_read_supported","target_full","SBS16",0,0
"TOV3392D","rare_read_supported","target_full","SBS17a",0,0
"TOV3392D","rare_read_supported","target_full","SBS17b",0,0
"TOV3392D","rare_read_supported","target_full","SBS18",10.5218954954959,0.0542730882253585
"TOV3392D","rare_read_supported","target_full","SBS19",7.58667260131875,0.0391328873779958
"TOV3392D","rare_read_supported","target_full","SBS20",0,0
"TOV3392D","rare_read_supported","target_full","SBS21",0,0
"TOV3392D","rare_read_supported","target_full","SBS22",0,0
"TOV3392D","rare_read_supported","target_full","SBS23",0,0
"TOV3392D","rare_read_supported","target_full","SBS24",0,0
"TOV3392D","rare_read_supported","target_full","SBS25",0,0
"TOV3392D","rare_read_supported","target_full","SBS26",0,0
"TOV3392D","rare_read_supported","target_full","SBS28",6.97749041346407,0.0359906589990021
"TOV3392D","rare_read_supported","target_full","SBS29",0,0
"TOV3392D","rare_read_supported","target_full","SBS30",37.8955778782372,0.195469537063633
"TOV3392D","rare_read_supported","target_full","SBS31",0,0
"TOV3392D","rare_read_supported","target_full","SBS32",0,0
"TOV3392D","rare_read_supported","target_full","SBS33",7.88379579067036,0.0406654812985858
"TOV3392D","rare_read_supported","target_full","SBS34",0,0
"TOV3392D","rare_read_supported","target_full","SBS35",0,0
"TOV3392D","rare_read_supported","target_full","SBS36",0,0
"TOV3392D","rare_read_supported","target_full","SBS37",0,0
"TOV3392D","rare_read_supported","target_full","SBS38",0,0
"TOV3392D","rare_read_supported","target_full","SBS39",40.6998187573174,0.209934118345649
"TOV3392D","rare_read_supported","target_full","SBS40",0,0
"TOV3392D","rare_read_supported","target_full","SBS41",0,0
"TOV3392D","rare_read_supported","target_full","SBS42",0,0
"TOV3392D","rare_read_supported","target_full","SBS44",16.6640021912099,0.0859547466041887
"TOV3392D","rare_read_supported","target_full","SBS84",0,0
"TOV3392D","rare_read_supported","target_full","SBS85",0,0
"TOV3392D","rare_read_supported","target_full","SBS86",0,0
"TOV3392D","rare_read_supported","target_full","SBS87",7.52408180163901,0.0388100371848374
"TOV3392D","rare_read_supported","target_full","SBS88",16.0309554511831,0.0826894222539364
"TOV3392D","rare_read_supported","target_full","SBS89",0,0
"TOV3392D","rare_read_supported","target_full","SBS90",0,0
"TOV3392D","rare_read_supported","target_full","SBS91",0,0
"TOV3392D","rare_read_supported","target_full","SBS92",0,0
"TOV3392D","rare_read_supported","target_full","SBS93",0,0
"TOV3392D","rare_read_supported","target_full","SBS94",0,0
"TOV112D","rare_read_supported","target_full","SBS1",0,0
"TOV112D","rare_read_supported","target_full","SBS2",0,0
"TOV112D","rare_read_supported","target_full","SBS3",0,0
"TOV112D","rare_read_supported","target_full","SBS4",0,0
"TOV112D","rare_read_supported","target_full","SBS5",6.11906893338965,0.0489062532134966
"TOV112D","rare_read_supported","target_full","SBS6",0,0
"TOV112D","rare_read_supported","target_full","SBS7a",7.30730533812919,0.0584031539871728
"TOV112D","rare_read_supported","target_full","SBS7b",0,0
"TOV112D","rare_read_supported","target_full","SBS7c",0,0
"TOV112D","rare_read_supported","target_full","SBS7d",0,0
"TOV112D","rare_read_supported","target_full","SBS8",0,0
"TOV112D","rare_read_supported","target_full","SBS9",0,0
"TOV112D","rare_read_supported","target_full","SBS10a",3.30760935340652,0.0264358487099803
"TOV112D","rare_read_supported","target_full","SBS10b",2.99189475777714,0.0239125207126775
"TOV112D","rare_read_supported","target_full","SBS10c",0,0
"TOV112D","rare_read_supported","target_full","SBS10d",0,0
"TOV112D","rare_read_supported","target_full","SBS11",0,0
"TOV112D","rare_read_supported","target_full","SBS12",5.56112010081756,0.0444468841194423
"TOV112D","rare_read_supported","target_full","SBS13",0,0
"TOV112D","rare_read_supported","target_full","SBS14",3.63263788866594,0.0290336177529584
"TOV112D","rare_read_supported","target_full","SBS15",3.83379594610255,0.030641360205286
"TOV112D","rare_read_supported","target_full","SBS16",13.7978280843039,0.110278227199748
"TOV112D","rare_read_supported","target_full","SBS17a",5.07897584365454,0.0405933780741711
"TOV112D","rare_read_supported","target_full","SBS17b",3.54862076279608,0.0283621164384953
"TOV112D","rare_read_supported","target_full","SBS18",0,0
"TOV112D","rare_read_supported","target_full","SBS19",3.63192980310267,0.0290279584259871
"TOV112D","rare_read_supported","target_full","SBS20",0,0
"TOV112D","rare_read_supported","target_full","SBS21",0,0
"TOV112D","rare_read_supported","target_full","SBS22",0,0
"TOV112D","rare_read_supported","target_full","SBS23",0,0
"TOV112D","rare_read_supported","target_full","SBS24",0,0
"TOV112D","rare_read_supported","target_full","SBS25",0,0
"TOV112D","rare_read_supported","target_full","SBS26",0,0
"TOV112D","rare_read_supported","target_full","SBS28",0,0
"TOV112D","rare_read_supported","target_full","SBS29",6.27007403972378,0.0501131515255273
"TOV112D","rare_read_supported","target_full","SBS30",0,0
"TOV112D","rare_read_supported","target_full","SBS31",0,0
"TOV112D","rare_read_supported","target_full","SBS32",5.83331709807834,0.0466224005937459
"TOV112D","rare_read_supported","target_full","SBS33",0,0
"TOV112D","rare_read_supported","target_full","SBS34",0,0
"TOV112D","rare_read_supported","target_full","SBS35",0,0
"TOV112D","rare_read_supported","target_full","SBS36",0,0
"TOV112D","rare_read_supported","target_full","SBS37",18.3359796931075,0.14654910339307
"TOV112D","rare_read_supported","target_full","SBS38",0,0
"TOV112D","rare_read_supported","target_full","SBS39",0,0
"TOV112D","rare_read_supported","target_full","SBS40",27.7904416642217,0.222113264573479
"TOV112D","rare_read_supported","target_full","SBS41",0,0
"TOV112D","rare_read_supported","target_full","SBS42",0,0
"TOV112D","rare_read_supported","target_full","SBS44",0,0
"TOV112D","rare_read_supported","target_full","SBS84",0,0
"TOV112D","rare_read_supported","target_full","SBS85",0,0
"TOV112D","rare_read_supported","target_full","SBS86",0,0
"TOV112D","rare_read_supported","target_full","SBS87",0,0
"TOV112D","rare_read_supported","target_full","SBS88",0,0
"TOV112D","rare_read_supported","target_full","SBS89",8.07773487950511,0.0645607610747623
"TOV112D","rare_read_supported","target_full","SBS90",0,0
"TOV112D","rare_read_supported","target_full","SBS91",0,0
"TOV112D","rare_read_supported","target_full","SBS92",0,0
"TOV112D","rare_read_supported","target_full","SBS93",0,0
"TOV112D","rare_read_supported","target_full","SBS94",0,0
"TOV2414","rare_read_supported","target_full","SBS1",7.54745833765283,0.0362721518923295
"TOV2414","rare_read_supported","target_full","SBS2",5.39330139215745,0.0259195398696675
"TOV2414","rare_read_supported","target_full","SBS3",0,0
"TOV2414","rare_read_supported","target_full","SBS4",17.5777938567378,0.084476704630864
"TOV2414","rare_read_supported","target_full","SBS5",44.9600930478666,0.216072650045611
"TOV2414","rare_read_supported","target_full","SBS6",0,0
"TOV2414","rare_read_supported","target_full","SBS7a",0,0
"TOV2414","rare_read_supported","target_full","SBS7b",0,0
"TOV2414","rare_read_supported","target_full","SBS7c",0,0
"TOV2414","rare_read_supported","target_full","SBS7d",0,0
"TOV2414","rare_read_supported","target_full","SBS8",0,0
"TOV2414","rare_read_supported","target_full","SBS9",0,0
"TOV2414","rare_read_supported","target_full","SBS10a",0,0
"TOV2414","rare_read_supported","target_full","SBS10b",0,0
"TOV2414","rare_read_supported","target_full","SBS10c",0,0
"TOV2414","rare_read_supported","target_full","SBS10d",0,0
"TOV2414","rare_read_supported","target_full","SBS11",19.4866549137221,0.0936504549323222
"TOV2414","rare_read_supported","target_full","SBS12",0,0
"TOV2414","rare_read_supported","target_full","SBS13",0,0
"TOV2414","rare_read_supported","target_full","SBS14",0,0
"TOV2414","rare_read_supported","target_full","SBS15",0,0
"TOV2414","rare_read_supported","target_full","SBS16",7.08108338641316,0.0340308115213929
"TOV2414","rare_read_supported","target_full","SBS17a",0,0
"TOV2414","rare_read_supported","target_full","SBS17b",0,0
"TOV2414","rare_read_supported","target_full","SBS18",0,0
"TOV2414","rare_read_supported","target_full","SBS19",0,0
"TOV2414","rare_read_supported","target_full","SBS20",0,0
"TOV2414","rare_read_supported","target_full","SBS21",0,0
"TOV2414","rare_read_supported","target_full","SBS22",0,0
"TOV2414","rare_read_supported","target_full","SBS23",0,0
"TOV2414","rare_read_supported","target_full","SBS24",0,0
"TOV2414","rare_read_supported","target_full","SBS25",0,0
"TOV2414","rare_read_supported","target_full","SBS26",9.30124690980435,0.0447006429988991
"TOV2414","rare_read_supported","target_full","SBS28",0,0
"TOV2414","rare_read_supported","target_full","SBS29",0,0
"TOV2414","rare_read_supported","target_full","SBS30",0,0
"TOV2414","rare_read_supported","target_full","SBS31",0,0
"TOV2414","rare_read_supported","target_full","SBS32",8.26067795665399,0.0396997972261155
"TOV2414","rare_read_supported","target_full","SBS33",0,0
"TOV2414","rare_read_supported","target_full","SBS34",0,0
"TOV2414","rare_read_supported","target_full","SBS35",0,0
"TOV2414","rare_read_supported","target_full","SBS36",0,0
"TOV2414","rare_read_supported","target_full","SBS37",18.9272379974211,0.090961966377443
"TOV2414","rare_read_supported","target_full","SBS38",0,0
"TOV2414","rare_read_supported","target_full","SBS39",12.6116822019279,0.060610185837525
"TOV2414","rare_read_supported","target_full","SBS40",25.2606386613649,0.121399507149479
"TOV2414","rare_read_supported","target_full","SBS41",0,0
"TOV2414","rare_read_supported","target_full","SBS42",0,0
"TOV2414","rare_read_supported","target_full","SBS44",0,0
"TOV2414","rare_read_supported","target_full","SBS84",0,0
"TOV2414","rare_read_supported","target_full","SBS85",9.40587093582442,0.0452034531362476
"TOV2414","rare_read_supported","target_full","SBS86",9.14533486653006,0.0439513489899113
"TOV2414","rare_read_supported","target_full","SBS87",7.47685093778862,0.0359328214557744
"TOV2414","rare_read_supported","target_full","SBS88",0,0
"TOV2414","rare_read_supported","target_full","SBS89",0,0
"TOV2414","rare_read_supported","target_full","SBS90",0,0
"TOV2414","rare_read_supported","target_full","SBS91",5.64266778600944,0.0271179639364183
"TOV2414","rare_read_supported","target_full","SBS92",0,0
"TOV2414","rare_read_supported","target_full","SBS93",0,0
"TOV2414","rare_read_supported","target_full","SBS94",0,0
"OV1369-R2","baseline","target_restricted","SBS1",32.2822663277364,0.054746259576186
"OV1369-R2","baseline","target_restricted","SBS5",107.4840127709,0.182278022357745
"OV1369-R2","baseline","target_restricted","SBS40",221.332205286067,0.375348813498571
"OV1369-R2","baseline","target_restricted","SBS6",56.1028037254348,0.0951425970073719
"OV1369-R2","baseline","target_restricted","SBS14",0,0
"OV1369-R2","baseline","target_restricted","SBS15",0,0
"OV1369-R2","baseline","target_restricted","SBS20",0,0
"OV1369-R2","baseline","target_restricted","SBS21",0,0
"OV1369-R2","baseline","target_restricted","SBS26",0,0
"OV1369-R2","baseline","target_restricted","SBS44",0,0
"OV1369-R2","baseline","target_restricted","SBS10a",0,0
"OV1369-R2","baseline","target_restricted","SBS10b",0,0
"OV1369-R2","baseline","target_restricted","SBS10c",0,0
"OV1369-R2","baseline","target_restricted","SBS10d",0,0
"OV1369-R2","baseline","target_restricted","SBS28",0,0
"OV1369-R2","baseline","target_restricted","SBS2",0,0
"OV1369-R2","baseline","target_restricted","SBS13",0,0
"OV1369-R2","baseline","target_restricted","SBS3",108.626238374106,0.184215079029443
"OV1369-R2","baseline","target_restricted","SBS8",63.8431939932282,0.108269228530683
"OV1369-R2","baseline","target_restricted","SBS17a",0,0
"OV1369-R2","baseline","target_restricted","SBS17b",0,0
"OV1369-R2","baseline","target_restricted","SBS18",0,0
"OV2085","baseline","target_restricted","SBS1",31.7227001642567,0.0649332926389044
"OV2085","baseline","target_restricted","SBS5",256.826646984794,0.525699254470225
"OV2085","baseline","target_restricted","SBS40",144.388520774803,0.295549307739343
"OV2085","baseline","target_restricted","SBS6",0,0
"OV2085","baseline","target_restricted","SBS14",0,0
"OV2085","baseline","target_restricted","SBS15",0,0
"OV2085","baseline","target_restricted","SBS20",0,0
"OV2085","baseline","target_restricted","SBS21",0,0
"OV2085","baseline","target_restricted","SBS26",0,0
"OV2085","baseline","target_restricted","SBS44",0,0
"OV2085","baseline","target_restricted","SBS10a",0,0
"OV2085","baseline","target_restricted","SBS10b",0,0
"OV2085","baseline","target_restricted","SBS10c",0,0
"OV2085","baseline","target_restricted","SBS10d",0,0
"OV2085","baseline","target_restricted","SBS28",0,0
"OV2085","baseline","target_restricted","SBS2",0,0
"OV2085","baseline","target_restricted","SBS13",0,0
"OV2085","baseline","target_restricted","SBS3",55.6050485838209,0.113818145151527
"OV2085","baseline","target_restricted","SBS8",0,0
"OV2085","baseline","target_restricted","SBS17a",0,0
"OV2085","baseline","target_restricted","SBS17b",0,0
"OV2085","baseline","target_restricted","SBS18",0,0
"OV2295","baseline","target_restricted","SBS1",37.2276660033905,0.096556680552065
"OV2295","baseline","target_restricted","SBS5",96.7352840667054,0.250900443796059
"OV2295","baseline","target_restricted","SBS40",188.776458918796,0.48962586689996
"OV2295","baseline","target_restricted","SBS6",0,0
"OV2295","baseline","target_restricted","SBS14",0,0
"OV2295","baseline","target_restricted","SBS15",0,0
"OV2295","baseline","target_restricted","SBS20",0,0
"OV2295","baseline","target_restricted","SBS21",0,0
"OV2295","baseline","target_restricted","SBS26",0,0
"OV2295","baseline","target_restricted","SBS44",0,0
"OV2295","baseline","target_restricted","SBS10a",0,0
"OV2295","baseline","target_restricted","SBS10b",0,0
"OV2295","baseline","target_restricted","SBS10c",0,0
"OV2295","baseline","target_restricted","SBS10d",0,0
"OV2295","baseline","target_restricted","SBS28",0,0
"OV2295","baseline","target_restricted","SBS2",0,0
"OV2295","baseline","target_restricted","SBS13",0,0
"OV2295","baseline","target_restricted","SBS3",62.8130539845704,0.162917008751916
"OV2295","baseline","target_restricted","SBS8",0,0
"OV2295","baseline","target_restricted","SBS17a",0,0
"OV2295","baseline","target_restricted","SBS17b",0,0
"OV2295","baseline","target_restricted","SBS18",0,0
"OV2295-R2","baseline","target_restricted","SBS1",49.4451000629846,0.0875284798400164
"OV2295-R2","baseline","target_restricted","SBS5",60.6495858562452,0.10736283365109
"OV2295-R2","baseline","target_restricted","SBS40",358.082898445243,0.633883877627796
"OV2295-R2","baseline","target_restricted","SBS6",0,0
"OV2295-R2","baseline","target_restricted","SBS14",0,0
"OV2295-R2","baseline","target_restricted","SBS15",0,0
"OV2295-R2","baseline","target_restricted","SBS20",0,0
"OV2295-R2","baseline","target_restricted","SBS21",0,0
"OV2295-R2","baseline","target_restricted","SBS26",0,0
"OV2295-R2","baseline","target_restricted","SBS44",0,0
"OV2295-R2","baseline","target_restricted","SBS10a",0,0
"OV2295-R2","baseline","target_restricted","SBS10b",0,0
"OV2295-R2","baseline","target_restricted","SBS10c",0,0
"OV2295-R2","baseline","target_restricted","SBS10d",0,0
"OV2295-R2","baseline","target_restricted","SBS28",0,0
"OV2295-R2","baseline","target_restricted","SBS2",0,0
"OV2295-R2","baseline","target_restricted","SBS13",0,0
"OV2295-R2","baseline","target_restricted","SBS3",0,0
"OV2295-R2","baseline","target_restricted","SBS8",96.7254066775269,0.171224808881098
"OV2295-R2","baseline","target_restricted","SBS17a",0,0
"OV2295-R2","baseline","target_restricted","SBS17b",0,0
"OV2295-R2","baseline","target_restricted","SBS18",0,0
"OV3133-R","baseline","target_restricted","SBS1",25.7625234570498,0.058146925079003
"OV3133-R","baseline","target_restricted","SBS5",184.118091469817,0.415561033383739
"OV3133-R","baseline","target_restricted","SBS40",177.008051506482,0.39951342214154
"OV3133-R","baseline","target_restricted","SBS6",0,0
"OV3133-R","baseline","target_restricted","SBS14",0,0
"OV3133-R","baseline","target_restricted","SBS15",0,0
"OV3133-R","baseline","target_restricted","SBS20",0,0
"OV3133-R","baseline","target_restricted","SBS21",0,0
"OV3133-R","baseline","target_restricted","SBS26",0,0
"OV3133-R","baseline","target_restricted","SBS44",0,0
"OV3133-R","baseline","target_restricted","SBS10a",0,0
"OV3133-R","baseline","target_restricted","SBS10b",0,0
"OV3133-R","baseline","target_restricted","SBS10c",0,0
"OV3133-R","baseline","target_restricted","SBS10d",0,0
"OV3133-R","baseline","target_restricted","SBS28",0,0
"OV3133-R","baseline","target_restricted","SBS2",0,0
"OV3133-R","baseline","target_restricted","SBS13",0,0
"OV3133-R","baseline","target_restricted","SBS3",0,0
"OV3133-R","baseline","target_restricted","SBS8",56.1704191854847,0.126778619395718
"OV3133-R","baseline","target_restricted","SBS17a",0,0
"OV3133-R","baseline","target_restricted","SBS17b",0,0
"OV3133-R","baseline","target_restricted","SBS18",0,0
"OV3133-R2","baseline","target_restricted","SBS1",26.6842294205174,0.0671741586414756
"OV3133-R2","baseline","target_restricted","SBS5",197.827073468744,0.498004533215058
"OV3133-R2","baseline","target_restricted","SBS40",141.478490184371,0.356154131124883
"OV3133-R2","baseline","target_restricted","SBS6",0,0
"OV3133-R2","baseline","target_restricted","SBS14",0,0
"OV3133-R2","baseline","target_restricted","SBS15",0,0
"OV3133-R2","baseline","target_restricted","SBS20",0,0
"OV3133-R2","baseline","target_restricted","SBS21",0,0
"OV3133-R2","baseline","target_restricted","SBS26",0,0
"OV3133-R2","baseline","target_restricted","SBS44",0,0
"OV3133-R2","baseline","target_restricted","SBS10a",0,0
"OV3133-R2","baseline","target_restricted","SBS10b",0,0
"OV3133-R2","baseline","target_restricted","SBS10c",0,0
"OV3133-R2","baseline","target_restricted","SBS10d",0,0
"OV3133-R2","baseline","target_restricted","SBS28",0,0
"OV3133-R2","baseline","target_restricted","SBS2",0,0
"OV3133-R2","baseline","target_restricted","SBS13",0,0
"OV3133-R2","baseline","target_restricted","SBS3",0,0
"OV3133-R2","baseline","target_restricted","SBS8",31.2497103332865,0.0786671770185839
"OV3133-R2","baseline","target_restricted","SBS17a",0,0
"OV3133-R2","baseline","target_restricted","SBS17b",0,0
"OV3133-R2","baseline","target_restricted","SBS18",0,0
"OV3291","baseline","target_restricted","SBS1",27.8310759599581,0.0660547818993232
"OV3291","baseline","target_restricted","SBS5",143.26765226005,0.340034051751404
"OV3291","baseline","target_restricted","SBS40",202.452857488433,0.480505294352742
"OV3291","baseline","target_restricted","SBS6",0,0
"OV3291","baseline","target_restricted","SBS14",0,0
"OV3291","baseline","target_restricted","SBS15",0,0
"OV3291","baseline","target_restricted","SBS20",0,0
"OV3291","baseline","target_restricted","SBS21",0,0
"OV3291","baseline","target_restricted","SBS26",0,0
"OV3291","baseline","target_restricted","SBS44",0,0
"OV3291","baseline","target_restricted","SBS10a",0,0
"OV3291","baseline","target_restricted","SBS10b",0,0
"OV3291","baseline","target_restricted","SBS10c",0,0
"OV3291","baseline","target_restricted","SBS10d",0,0
"OV3291","baseline","target_restricted","SBS28",0,0
"OV3291","baseline","target_restricted","SBS2",0,0
"OV3291","baseline","target_restricted","SBS13",0,0
"OV3291","baseline","target_restricted","SBS3",0,0
"OV3291","baseline","target_restricted","SBS8",47.7816646590586,0.11340587199653
"OV3291","baseline","target_restricted","SBS17a",0,0
"OV3291","baseline","target_restricted","SBS17b",0,0
"OV3291","baseline","target_restricted","SBS18",0,0
"TOV1369","baseline","target_restricted","SBS1",35.2975906893258,0.0531490190463472
"TOV1369","baseline","target_restricted","SBS5",120.36677674806,0.18124115513257
"TOV1369","baseline","target_restricted","SBS40",255.247781129852,0.384336973597205
"TOV1369","baseline","target_restricted","SBS6",35.5277414519624,0.0534955664176555
"TOV1369","baseline","target_restricted","SBS14",0,0
"TOV1369","baseline","target_restricted","SBS15",0,0
"TOV1369","baseline","target_restricted","SBS20",0,0
"TOV1369","baseline","target_restricted","SBS21",0,0
"TOV1369","baseline","target_restricted","SBS26",0,0
"TOV1369","baseline","target_restricted","SBS44",0,0
"TOV1369","baseline","target_restricted","SBS10a",0,0
"TOV1369","baseline","target_restricted","SBS10b",0,0
"TOV1369","baseline","target_restricted","SBS10c",0,0
"TOV1369","baseline","target_restricted","SBS10d",0,0
"TOV1369","baseline","target_restricted","SBS28",0,0
"TOV1369","baseline","target_restricted","SBS2",0,0
"TOV1369","baseline","target_restricted","SBS13",0,0
"TOV1369","baseline","target_restricted","SBS3",128.254814922625,0.193118495284997
"TOV1369","baseline","target_restricted","SBS8",89.4302652395718,0.134658790521225
"TOV1369","baseline","target_restricted","SBS17a",0,0
"TOV1369","baseline","target_restricted","SBS17b",0,0
"TOV1369","baseline","target_restricted","SBS18",0,0
"TOV2295-R","baseline","target_restricted","SBS1",23.5842549027022,0.0555546707375231
"TOV2295-R","baseline","target_restricted","SBS5",135.636481786901,0.319502995399017
"TOV2295-R","baseline","target_restricted","SBS40",145.37895689624,0.342452204483671
"TOV2295-R","baseline","target_restricted","SBS6",0,0
"TOV2295-R","baseline","target_restricted","SBS14",0,0
"TOV2295-R","baseline","target_restricted","SBS15",0,0
"TOV2295-R","baseline","target_restricted","SBS20",0,0
"TOV2295-R","baseline","target_restricted","SBS21",0,0
"TOV2295-R","baseline","target_restricted","SBS26",0,0
"TOV2295-R","baseline","target_restricted","SBS44",0,0
"TOV2295-R","baseline","target_restricted","SBS10a",0,0
"TOV2295-R","baseline","target_restricted","SBS10b",0,0
"TOV2295-R","baseline","target_restricted","SBS10c",0,0
"TOV2295-R","baseline","target_restricted","SBS10d",0,0
"TOV2295-R","baseline","target_restricted","SBS28",0,0
"TOV2295-R","baseline","target_restricted","SBS2",0,0
"TOV2295-R","baseline","target_restricted","SBS13",0,0
"TOV2295-R","baseline","target_restricted","SBS3",90.2297096760096,0.212543573348958
"TOV2295-R","baseline","target_restricted","SBS8",0,0
"TOV2295-R","baseline","target_restricted","SBS17a",0,0
"TOV2295-R","baseline","target_restricted","SBS17b",0,0
"TOV2295-R","baseline","target_restricted","SBS18",29.6939462532545,0.069946556030831
"TOV2835EP","baseline","target_restricted","SBS1",28.2875473820338,0.0539301204066458
"TOV2835EP","baseline","target_restricted","SBS5",240.25210910014,0.458039892845231
"TOV2835EP","baseline","target_restricted","SBS40",160.112604318598,0.305254178204502
"TOV2835EP","baseline","target_restricted","SBS6",0,0
"TOV2835EP","baseline","target_restricted","SBS14",29.3465659921926,0.0559491360670496
"TOV2835EP","baseline","target_restricted","SBS15",0,0
"TOV2835EP","baseline","target_restricted","SBS20",0,0
"TOV2835EP","baseline","target_restricted","SBS21",0,0
"TOV2835EP","baseline","target_restricted","SBS26",0,0
"TOV2835EP","baseline","target_restricted","SBS44",0,0
"TOV2835EP","baseline","target_restricted","SBS10a",0,0
"TOV2835EP","baseline","target_restricted","SBS10b",0,0
"TOV2835EP","baseline","target_restricted","SBS10c",0,0
"TOV2835EP","baseline","target_restricted","SBS10d",0,0
"TOV2835EP","baseline","target_restricted","SBS28",0,0
"TOV2835EP","baseline","target_restricted","SBS2",0,0
"TOV2835EP","baseline","target_restricted","SBS13",0,0
"TOV2835EP","baseline","target_restricted","SBS3",0,0
"TOV2835EP","baseline","target_restricted","SBS8",66.5234099226044,0.126826672476572
"TOV2835EP","baseline","target_restricted","SBS17a",0,0
"TOV2835EP","baseline","target_restricted","SBS17b",0,0
"TOV2835EP","baseline","target_restricted","SBS18",0,0
"TOV2881EP","baseline","target_restricted","SBS1",26.1335273180483,0.0478642771828593
"TOV2881EP","baseline","target_restricted","SBS5",103.741786883882,0.190005948390517
"TOV2881EP","baseline","target_restricted","SBS40",237.30154730832,0.434624338997768
"TOV2881EP","baseline","target_restricted","SBS6",0,0
"TOV2881EP","baseline","target_restricted","SBS14",0,0
"TOV2881EP","baseline","target_restricted","SBS15",24.7729306011179,0.0453723067113391
"TOV2881EP","baseline","target_restricted","SBS20",0,0
"TOV2881EP","baseline","target_restricted","SBS21",0,0
"TOV2881EP","baseline","target_restricted","SBS26",40.9285993372533,0.0749618602779103
"TOV2881EP","baseline","target_restricted","SBS44",0,0
"TOV2881EP","baseline","target_restricted","SBS10a",0,0
"TOV2881EP","baseline","target_restricted","SBS10b",0,0
"TOV2881EP","baseline","target_restricted","SBS10c",0,0
"TOV2881EP","baseline","target_restricted","SBS10d",0,0
"TOV2881EP","baseline","target_restricted","SBS28",0,0
"TOV2881EP","baseline","target_restricted","SBS2",0,0
"TOV2881EP","baseline","target_restricted","SBS13",0,0
"TOV2881EP","baseline","target_restricted","SBS3",0,0
"TOV2881EP","baseline","target_restricted","SBS8",80.44673368531,0.147340414966108
"TOV2881EP","baseline","target_restricted","SBS17a",0,0
"TOV2881EP","baseline","target_restricted","SBS17b",0,0
"TOV2881EP","baseline","target_restricted","SBS18",32.6671859628904,0.0598308534734978
"TOV2929D","baseline","target_restricted","SBS1",0,0
"TOV2929D","baseline","target_restricted","SBS5",369.253919870345,0.432499107944997
"TOV2929D","baseline","target_restricted","SBS40",170.682316761407,0.199916495855248
"TOV2929D","baseline","target_restricted","SBS6",0,0
"TOV2929D","baseline","target_restricted","SBS14",0,0
"TOV2929D","baseline","target_restricted","SBS15",0,0
"TOV2929D","baseline","target_restricted","SBS20",0,0
"TOV2929D","baseline","target_restricted","SBS21",0,0
"TOV2929D","baseline","target_restricted","SBS26",0,0
"TOV2929D","baseline","target_restricted","SBS44",64.0522012637202,0.0750229541725638
"TOV2929D","baseline","target_restricted","SBS10a",0,0
"TOV2929D","baseline","target_restricted","SBS10b",0,0
"TOV2929D","baseline","target_restricted","SBS10c",0,0
"TOV2929D","baseline","target_restricted","SBS10d",0,0
"TOV2929D","baseline","target_restricted","SBS28",0,0
"TOV2929D","baseline","target_restricted","SBS2",0,0
"TOV2929D","baseline","target_restricted","SBS13",0,0
"TOV2929D","baseline","target_restricted","SBS3",0,0
"TOV2929D","baseline","target_restricted","SBS8",133.494833439545,0.156359603164517
"TOV2929D","baseline","target_restricted","SBS17a",0,0
"TOV2929D","baseline","target_restricted","SBS17b",0,0
"TOV2929D","baseline","target_restricted","SBS18",116.284778326034,0.136201838862674
"TOV3121D","baseline","target_restricted","SBS1",26.3681506391681,0.080623355500278
"TOV3121D","baseline","target_restricted","SBS5",171.222911484489,0.52353181121094
"TOV3121D","baseline","target_restricted","SBS40",129.462438385599,0.395844833288782
"TOV3121D","baseline","target_restricted","SBS6",0,0
"TOV3121D","baseline","target_restricted","SBS14",0,0
"TOV3121D","baseline","target_restricted","SBS15",0,0
"TOV3121D","baseline","target_restricted","SBS20",0,0
"TOV3121D","baseline","target_restricted","SBS21",0,0
"TOV3121D","baseline","target_restricted","SBS26",0,0
"TOV3121D","baseline","target_restricted","SBS44",0,0
"TOV3121D","baseline","target_restricted","SBS10a",0,0
"TOV3121D","baseline","target_restricted","SBS10b",0,0
"TOV3121D","baseline","target_restricted","SBS10c",0,0
"TOV3121D","baseline","target_restricted","SBS10d",0,0
"TOV3121D","baseline","target_restricted","SBS28",0,0
"TOV3121D","baseline","target_restricted","SBS2",0,0
"TOV3121D","baseline","target_restricted","SBS13",0,0
"TOV3121D","baseline","target_restricted","SBS3",0,0
"TOV3121D","baseline","target_restricted","SBS8",0,0
"TOV3121D","baseline","target_restricted","SBS17a",0,0
"TOV3121D","baseline","target_restricted","SBS17b",0,0
"TOV3121D","baseline","target_restricted","SBS18",0,0
"TOV3121EP","baseline","target_restricted","SBS1",30.5831763149277,0.0758954098665016
"TOV3121EP","baseline","target_restricted","SBS5",131.994612909305,0.327558692523126
"TOV3121EP","baseline","target_restricted","SBS40",165.567215277749,0.410872681586924
"TOV3121EP","baseline","target_restricted","SBS6",0,0
"TOV3121EP","baseline","target_restricted","SBS14",0,0
"TOV3121EP","baseline","target_restricted","SBS15",0,0
"TOV3121EP","baseline","target_restricted","SBS20",0,0
"TOV3121EP","baseline","target_restricted","SBS21",0,0
"TOV3121EP","baseline","target_restricted","SBS26",0,0
"TOV3121EP","baseline","target_restricted","SBS44",0,0
"TOV3121EP","baseline","target_restricted","SBS10a",0,0
"TOV3121EP","baseline","target_restricted","SBS10b",0,0
"TOV3121EP","baseline","target_restricted","SBS10c",0,0
"TOV3121EP","baseline","target_restricted","SBS10d",0,0
"TOV3121EP","baseline","target_restricted","SBS28",0,0
"TOV3121EP","baseline","target_restricted","SBS2",0,0
"TOV3121EP","baseline","target_restricted","SBS13",0,0
"TOV3121EP","baseline","target_restricted","SBS3",0,0
"TOV3121EP","baseline","target_restricted","SBS8",41.6264248385512,0.103300407448422
"TOV3121EP","baseline","target_restricted","SBS17a",0,0
"TOV3121EP","baseline","target_restricted","SBS17b",0,0
"TOV3121EP","baseline","target_restricted","SBS18",33.1933397900751,0.082372808575026
"TOV3133D","baseline","target_restricted","SBS1",17.5148374843167,0.0416633362064483
"TOV3133D","baseline","target_restricted","SBS5",178.415736025729,0.424405581908307
"TOV3133D","baseline","target_restricted","SBS40",97.4952403624431,0.231916338440831
"TOV3133D","baseline","target_restricted","SBS6",0,0
"TOV3133D","baseline","target_restricted","SBS14",0,0
"TOV3133D","baseline","target_restricted","SBS15",0,0
"TOV3133D","baseline","target_restricted","SBS20",0,0
"TOV3133D","baseline","target_restricted","SBS21",0,0
"TOV3133D","baseline","target_restricted","SBS26",0,0
"TOV3133D","baseline","target_restricted","SBS44",0,0
"TOV3133D","baseline","target_restricted","SBS10a",0,0
"TOV3133D","baseline","target_restricted","SBS10b",0,0
"TOV3133D","baseline","target_restricted","SBS10c",0,0
"TOV3133D","baseline","target_restricted","SBS10d",0,0
"TOV3133D","baseline","target_restricted","SBS28",0,0
"TOV3133D","baseline","target_restricted","SBS2",0,0
"TOV3133D","baseline","target_restricted","SBS13",0,0
"TOV3133D","baseline","target_restricted","SBS3",40.1524306725814,0.0955124031333899
"TOV3133D","baseline","target_restricted","SBS8",37.5093180421086,0.0892251115582608
"TOV3133D","baseline","target_restricted","SBS17a",0,0
"TOV3133D","baseline","target_restricted","SBS17b",0,0
"TOV3133D","baseline","target_restricted","SBS18",49.3021392246967,0.117277228752762
"TOV3133G","baseline","target_restricted","SBS1",28.0978116695389,0.0653071380813183
"TOV3133G","baseline","target_restricted","SBS5",197.797753075752,0.459737054409
"TOV3133G","baseline","target_restricted","SBS40",136.129320861494,0.316402446531294
"TOV3133G","baseline","target_restricted","SBS6",0,0
"TOV3133G","baseline","target_restricted","SBS14",0,0
"TOV3133G","baseline","target_restricted","SBS15",0,0
"TOV3133G","baseline","target_restricted","SBS20",0,0
"TOV3133G","baseline","target_restricted","SBS21",0,0
"TOV3133G","baseline","target_restricted","SBS26",0,0
"TOV3133G","baseline","target_restricted","SBS44",0,0
"TOV3133G","baseline","target_restricted","SBS10a",0,0
"TOV3133G","baseline","target_restricted","SBS10b",0,0
"TOV3133G","baseline","target_restricted","SBS10c",0,0
"TOV3133G","baseline","target_restricted","SBS10d",0,0
"TOV3133G","baseline","target_restricted","SBS28",0,0
"TOV3133G","baseline","target_restricted","SBS2",0,0
"TOV3133G","baseline","target_restricted","SBS13",0,0
"TOV3133G","baseline","target_restricted","SBS3",0,0
"TOV3133G","baseline","target_restricted","SBS8",68.2161645300691,0.158553360978387
"TOV3133G","baseline","target_restricted","SBS17a",0,0
"TOV3133G","baseline","target_restricted","SBS17b",0,0
"TOV3133G","baseline","target_restricted","SBS18",0,0
"OV3331","baseline","target_restricted","SBS1",32.2157833716537,0.107821343150527
"OV3331","baseline","target_restricted","SBS5",169.895391191655,0.568614118801362
"OV3331","baseline","target_restricted","SBS40",57.6716506284476,0.193018271843065
"OV3331","baseline","target_restricted","SBS6",0,0
"OV3331","baseline","target_restricted","SBS14",0,0
"OV3331","baseline","target_restricted","SBS15",0,0
"OV3331","baseline","target_restricted","SBS20",0,0
"OV3331","baseline","target_restricted","SBS21",0,0
"OV3331","baseline","target_restricted","SBS26",0,0
"OV3331","baseline","target_restricted","SBS44",0,0
"OV3331","baseline","target_restricted","SBS10a",0,0
"OV3331","baseline","target_restricted","SBS10b",0,0
"OV3331","baseline","target_restricted","SBS10c",0,0
"OV3331","baseline","target_restricted","SBS10d",0,0
"OV3331","baseline","target_restricted","SBS28",0,0
"OV3331","baseline","target_restricted","SBS2",0,0
"OV3331","baseline","target_restricted","SBS13",0,0
"OV3331","baseline","target_restricted","SBS3",0,0
"OV3331","baseline","target_restricted","SBS8",39.0057303048856,0.130546266205045
"OV3331","baseline","target_restricted","SBS17a",0,0
"OV3331","baseline","target_restricted","SBS17b",0,0
"OV3331","baseline","target_restricted","SBS18",0,0
"OV90","baseline","target_restricted","SBS1",43.8324760927264,0.0789686029277436
"OV90","baseline","target_restricted","SBS5",321.964157069578,0.580050728204521
"OV90","baseline","target_restricted","SBS40",189.265435402251,0.340980668867736
"OV90","baseline","target_restricted","SBS6",0,0
"OV90","baseline","target_restricted","SBS14",0,0
"OV90","baseline","target_restricted","SBS15",0,0
"OV90","baseline","target_restricted","SBS20",0,0
"OV90","baseline","target_restricted","SBS21",0,0
"OV90","baseline","target_restricted","SBS26",0,0
"OV90","baseline","target_restricted","SBS44",0,0
"OV90","baseline","target_restricted","SBS10a",0,0
"OV90","baseline","target_restricted","SBS10b",0,0
"OV90","baseline","target_restricted","SBS10c",0,0
"OV90","baseline","target_restricted","SBS10d",0,0
"OV90","baseline","target_restricted","SBS28",0,0
"OV90","baseline","target_restricted","SBS2",0,0
"OV90","baseline","target_restricted","SBS13",0,0
"OV90","baseline","target_restricted","SBS3",0,0
"OV90","baseline","target_restricted","SBS8",0,0
"OV90","baseline","target_restricted","SBS17a",0,0
"OV90","baseline","target_restricted","SBS17b",0,0
"OV90","baseline","target_restricted","SBS18",0,0
"TOV81D","baseline","target_restricted","SBS1",0,0
"TOV81D","baseline","target_restricted","SBS5",404.517942147337,0.710385391836295
"TOV81D","baseline","target_restricted","SBS40",0,0
"TOV81D","baseline","target_restricted","SBS6",0,0
"TOV81D","baseline","target_restricted","SBS14",0,0
"TOV81D","baseline","target_restricted","SBS15",0,0
"TOV81D","baseline","target_restricted","SBS20",0,0
"TOV81D","baseline","target_restricted","SBS21",0,0
"TOV81D","baseline","target_restricted","SBS26",0,0
"TOV81D","baseline","target_restricted","SBS44",0,0
"TOV81D","baseline","target_restricted","SBS10a",0,0
"TOV81D","baseline","target_restricted","SBS10b",0,0
"TOV81D","baseline","target_restricted","SBS10c",0,0
"TOV81D","baseline","target_restricted","SBS10d",0,0
"TOV81D","baseline","target_restricted","SBS28",0,0
"TOV81D","baseline","target_restricted","SBS2",0,0
"TOV81D","baseline","target_restricted","SBS13",0,0
"TOV81D","baseline","target_restricted","SBS3",0,0
"TOV81D","baseline","target_restricted","SBS8",104.225683943488,0.183033669494524
"TOV81D","baseline","target_restricted","SBS17a",0,0
"TOV81D","baseline","target_restricted","SBS17b",0,0
"TOV81D","baseline","target_restricted","SBS18",60.6908622813066,0.106580938669181
"TOV21G","baseline","target_restricted","SBS1",192.075385792267,0.0782659855083271
"TOV21G","baseline","target_restricted","SBS5",720.202395570151,0.293464724916487
"TOV21G","baseline","target_restricted","SBS40",377.247919492759,0.153719228928163
"TOV21G","baseline","target_restricted","SBS6",0,0
"TOV21G","baseline","target_restricted","SBS14",0,0
"TOV21G","baseline","target_restricted","SBS15",0,0
"TOV21G","baseline","target_restricted","SBS20",0,0
"TOV21G","baseline","target_restricted","SBS21",0,0
"TOV21G","baseline","target_restricted","SBS26",0,0
"TOV21G","baseline","target_restricted","SBS44",1164.61046755519,0.474550060647023
"TOV21G","baseline","target_restricted","SBS10a",0,0
"TOV21G","baseline","target_restricted","SBS10b",0,0
"TOV21G","baseline","target_restricted","SBS10c",0,0
"TOV21G","baseline","target_restricted","SBS10d",0,0
"TOV21G","baseline","target_restricted","SBS28",0,0
"TOV21G","baseline","target_restricted","SBS2",0,0
"TOV21G","baseline","target_restricted","SBS13",0,0
"TOV21G","baseline","target_restricted","SBS3",0,0
"TOV21G","baseline","target_restricted","SBS8",0,0
"TOV21G","baseline","target_restricted","SBS17a",0,0
"TOV21G","baseline","target_restricted","SBS17b",0,0
"TOV21G","baseline","target_restricted","SBS18",0,0
"TOV3392D","baseline","target_restricted","SBS1",33.5164685159311,0.0799374573231377
"TOV3392D","baseline","target_restricted","SBS5",208.766471835408,0.497912270348909
"TOV3392D","baseline","target_restricted","SBS40",115.81392537939,0.276218561422709
"TOV3392D","baseline","target_restricted","SBS6",0,0
"TOV3392D","baseline","target_restricted","SBS14",22.5432268673009,0.053766053388773
"TOV3392D","baseline","target_restricted","SBS15",0,0
"TOV3392D","baseline","target_restricted","SBS20",0,0
"TOV3392D","baseline","target_restricted","SBS21",0,0
"TOV3392D","baseline","target_restricted","SBS26",0,0
"TOV3392D","baseline","target_restricted","SBS44",0,0
"TOV3392D","baseline","target_restricted","SBS10a",0,0
"TOV3392D","baseline","target_restricted","SBS10b",0,0
"TOV3392D","baseline","target_restricted","SBS10c",0,0
"TOV3392D","baseline","target_restricted","SBS10d",0,0
"TOV3392D","baseline","target_restricted","SBS28",0,0
"TOV3392D","baseline","target_restricted","SBS2",0,0
"TOV3392D","baseline","target_restricted","SBS13",13.8580056771375,0.033051624662468
"TOV3392D","baseline","target_restricted","SBS3",0,0
"TOV3392D","baseline","target_restricted","SBS8",0,0
"TOV3392D","baseline","target_restricted","SBS17a",0,0
"TOV3392D","baseline","target_restricted","SBS17b",0,0
"TOV3392D","baseline","target_restricted","SBS18",24.7855471933735,0.0591140328540031
"TOV112D","baseline","target_restricted","SBS1",0,0
"TOV112D","baseline","target_restricted","SBS5",233.095683721731,0.708729812222108
"TOV112D","baseline","target_restricted","SBS40",0,0
"TOV112D","baseline","target_restricted","SBS6",0,0
"TOV112D","baseline","target_restricted","SBS14",0,0
"TOV112D","baseline","target_restricted","SBS15",20.5895265414823,0.0626026661948284
"TOV112D","baseline","target_restricted","SBS20",0,0
"TOV112D","baseline","target_restricted","SBS21",0,0
"TOV112D","baseline","target_restricted","SBS26",0,0
"TOV112D","baseline","target_restricted","SBS44",0,0
"TOV112D","baseline","target_restricted","SBS10a",0,0
"TOV112D","baseline","target_restricted","SBS10b",0,0
"TOV112D","baseline","target_restricted","SBS10c",0,0
"TOV112D","baseline","target_restricted","SBS10d",0,0
"TOV112D","baseline","target_restricted","SBS28",0,0
"TOV112D","baseline","target_restricted","SBS2",0,0
"TOV112D","baseline","target_restricted","SBS13",0,0
"TOV112D","baseline","target_restricted","SBS3",0,0
"TOV112D","baseline","target_restricted","SBS8",27.137925657995,0.0825131407351548
"TOV112D","baseline","target_restricted","SBS17a",0,0
"TOV112D","baseline","target_restricted","SBS17b",0,0
"TOV112D","baseline","target_restricted","SBS18",48.0690310258784,0.146154380847908
"TOV2414","baseline","target_restricted","SBS1",31.8446984478564,0.0833410737985716
"TOV2414","baseline","target_restricted","SBS5",180.762753422941,0.473075981476861
"TOV2414","baseline","target_restricted","SBS40",139.812143520256,0.365903737167983
"TOV2414","baseline","target_restricted","SBS6",0,0
"TOV2414","baseline","target_restricted","SBS14",0,0
"TOV2414","baseline","target_restricted","SBS15",0,0
"TOV2414","baseline","target_restricted","SBS20",0,0
"TOV2414","baseline","target_restricted","SBS21",0,0
"TOV2414","baseline","target_restricted","SBS26",0,0
"TOV2414","baseline","target_restricted","SBS44",0,0
"TOV2414","baseline","target_restricted","SBS10a",0,0
"TOV2414","baseline","target_restricted","SBS10b",0,0
"TOV2414","baseline","target_restricted","SBS10c",0,0
"TOV2414","baseline","target_restricted","SBS10d",0,0
"TOV2414","baseline","target_restricted","SBS28",0,0
"TOV2414","baseline","target_restricted","SBS2",0,0
"TOV2414","baseline","target_restricted","SBS13",0,0
"TOV2414","baseline","target_restricted","SBS3",0,0
"TOV2414","baseline","target_restricted","SBS8",0,0
"TOV2414","baseline","target_restricted","SBS17a",0,0
"TOV2414","baseline","target_restricted","SBS17b",0,0
"TOV2414","baseline","target_restricted","SBS18",29.6812943193713,0.0776792075565836
"OV1369-R2","rare","target_restricted","SBS1",0,0
"OV1369-R2","rare","target_restricted","SBS5",65.0913015391674,0.136103875335596
"OV1369-R2","rare","target_restricted","SBS40",201.713048090159,0.421775673579151
"OV1369-R2","rare","target_restricted","SBS6",40.4405402082555,0.0845599045165282
"OV1369-R2","rare","target_restricted","SBS14",0,0
"OV1369-R2","rare","target_restricted","SBS15",0,0
"OV1369-R2","rare","target_restricted","SBS20",0,0
"OV1369-R2","rare","target_restricted","SBS21",0,0
"OV1369-R2","rare","target_restricted","SBS26",0,0
"OV1369-R2","rare","target_restricted","SBS44",0,0
"OV1369-R2","rare","target_restricted","SBS10a",0,0
"OV1369-R2","rare","target_restricted","SBS10b",0,0
"OV1369-R2","rare","target_restricted","SBS10c",0,0
"OV1369-R2","rare","target_restricted","SBS10d",0,0
"OV1369-R2","rare","target_restricted","SBS28",0,0
"OV1369-R2","rare","target_restricted","SBS2",0,0
"OV1369-R2","rare","target_restricted","SBS13",0,0
"OV1369-R2","rare","target_restricted","SBS3",102.168473066699,0.21363108115346
"OV1369-R2","rare","target_restricted","SBS8",68.8338683275244,0.143929465415265
"OV1369-R2","rare","target_restricted","SBS17a",0,0
"OV1369-R2","rare","target_restricted","SBS17b",0,0
"OV1369-R2","rare","target_restricted","SBS18",0,0
"OV2085","rare","target_restricted","SBS1",0,0
"OV2085","rare","target_restricted","SBS5",167.908698778516,0.446059241910911
"OV2085","rare","target_restricted","SBS40",208.518203753977,0.553940758089089
"OV2085","rare","target_restricted","SBS6",0,0
"OV2085","rare","target_restricted","SBS14",0,0
"OV2085","rare","target_restricted","SBS15",0,0
"OV2085","rare","target_restricted","SBS20",0,0
"OV2085","rare","target_restricted","SBS21",0,0
"OV2085","rare","target_restricted","SBS26",0,0
"OV2085","rare","target_restricted","SBS44",0,0
"OV2085","rare","target_restricted","SBS10a",0,0
"OV2085","rare","target_restricted","SBS10b",0,0
"OV2085","rare","target_restricted","SBS10c",0,0
"OV2085","rare","target_restricted","SBS10d",0,0
"OV2085","rare","target_restricted","SBS28",0,0
"OV2085","rare","target_restricted","SBS2",0,0
"OV2085","rare","target_restricted","SBS13",0,0
"OV2085","rare","target_restricted","SBS3",0,0
"OV2085","rare","target_restricted","SBS8",0,0
"OV2085","rare","target_restricted","SBS17a",0,0
"OV2085","rare","target_restricted","SBS17b",0,0
"OV2085","rare","target_restricted","SBS18",0,0
"OV2295","rare","target_restricted","SBS1",0,0
"OV2295","rare","target_restricted","SBS5",132.795157257311,0.454785644748609
"OV2295","rare","target_restricted","SBS40",159.19989313773,0.545214355251391
"OV2295","rare","target_restricted","SBS6",0,0
"OV2295","rare","target_restricted","SBS14",0,0
"OV2295","rare","target_restricted","SBS15",0,0
"OV2295","rare","target_restricted","SBS20",0,0
"OV2295","rare","target_restricted","SBS21",0,0
"OV2295","rare","target_restricted","SBS26",0,0
"OV2295","rare","target_restricted","SBS44",0,0
"OV2295","rare","target_restricted","SBS10a",0,0
"OV2295","rare","target_restricted","SBS10b",0,0
"OV2295","rare","target_restricted","SBS10c",0,0
"OV2295","rare","target_restricted","SBS10d",0,0
"OV2295","rare","target_restricted","SBS28",0,0
"OV2295","rare","target_restricted","SBS2",0,0
"OV2295","rare","target_restricted","SBS13",0,0
"OV2295","rare","target_restricted","SBS3",0,0
"OV2295","rare","target_restricted","SBS8",0,0
"OV2295","rare","target_restricted","SBS17a",0,0
"OV2295","rare","target_restricted","SBS17b",0,0
"OV2295","rare","target_restricted","SBS18",0,0
"OV2295-R2","rare","target_restricted","SBS1",0,0
"OV2295-R2","rare","target_restricted","SBS5",56.2456598031291,0.121673172068204
"OV2295-R2","rare","target_restricted","SBS40",225.897374290851,0.48867148484081
"OV2295-R2","rare","target_restricted","SBS6",0,0
"OV2295-R2","rare","target_restricted","SBS14",0,0
"OV2295-R2","rare","target_restricted","SBS15",17.4023713254657,0.0376456019555907
"OV2295-R2","rare","target_restricted","SBS20",0,0
"OV2295-R2","rare","target_restricted","SBS21",0,0
"OV2295-R2","rare","target_restricted","SBS26",0,0
"OV2295-R2","rare","target_restricted","SBS44",0,0
"OV2295-R2","rare","target_restricted","SBS10a",0,0
"OV2295-R2","rare","target_restricted","SBS10b",0,0
"OV2295-R2","rare","target_restricted","SBS10c",0,0
"OV2295-R2","rare","target_restricted","SBS10d",0,0
"OV2295-R2","rare","target_restricted","SBS28",0,0
"OV2295-R2","rare","target_restricted","SBS2",0,0
"OV2295-R2","rare","target_restricted","SBS13",0,0
"OV2295-R2","rare","target_restricted","SBS3",30.8124891364592,0.0666549793472509
"OV2295-R2","rare","target_restricted","SBS8",91.3256829140566,0.197559875203563
"OV2295-R2","rare","target_restricted","SBS17a",0,0
"OV2295-R2","rare","target_restricted","SBS17b",0,0
"OV2295-R2","rare","target_restricted","SBS18",40.5847997496325,0.0877948865845808
"OV3133-R","rare","target_restricted","SBS1",11.4428014717497,0.0335166439188197
"OV3133-R","rare","target_restricted","SBS5",72.7201126573354,0.213001521322354
"OV3133-R","rare","target_restricted","SBS40",193.784842700496,0.567607293169602
"OV3133-R","rare","target_restricted","SBS6",0,0
"OV3133-R","rare","target_restricted","SBS14",12.5531801524916,0.0367690089056067
"OV3133-R","rare","target_restricted","SBS15",0,0
"OV3133-R","rare","target_restricted","SBS20",0,0
"OV3133-R","rare","target_restricted","SBS21",0,0
"OV3133-R","rare","target_restricted","SBS26",0,0
"OV3133-R","rare","target_restricted","SBS44",0,0
"OV3133-R","rare","target_restricted","SBS10a",0,0
"OV3133-R","rare","target_restricted","SBS10b",0,0
"OV3133-R","rare","target_restricted","SBS10c",0,0
"OV3133-R","rare","target_restricted","SBS10d",0,0
"OV3133-R","rare","target_restricted","SBS28",0,0
"OV3133-R","rare","target_restricted","SBS2",0,0
"OV3133-R","rare","target_restricted","SBS13",0,0
"OV3133-R","rare","target_restricted","SBS3",0,0
"OV3133-R","rare","target_restricted","SBS8",50.9056041819302,0.149105532683618
"OV3133-R","rare","target_restricted","SBS17a",0,0
"OV3133-R","rare","target_restricted","SBS17b",0,0
"OV3133-R","rare","target_restricted","SBS18",0,0
"OV3133-R2","rare","target_restricted","SBS1",0,0
"OV3133-R2","rare","target_restricted","SBS5",99.2106142151942,0.338091215920529
"OV3133-R2","rare","target_restricted","SBS40",124.24805848872,0.423414142755937
"OV3133-R2","rare","target_restricted","SBS6",0,0
"OV3133-R2","rare","target_restricted","SBS14",0,0
"OV3133-R2","rare","target_restricted","SBS15",0,0
"OV3133-R2","rare","target_restricted","SBS20",0,0
"OV3133-R2","rare","target_restricted","SBS21",0,0
"OV3133-R2","rare","target_restricted","SBS26",0,0
"OV3133-R2","rare","target_restricted","SBS44",22.1277439395729,0.0754072123561408
"OV3133-R2","rare","target_restricted","SBS10a",0,0
"OV3133-R2","rare","target_restricted","SBS10b",0,0
"OV3133-R2","rare","target_restricted","SBS10c",0,0
"OV3133-R2","rare","target_restricted","SBS10d",0,0
"OV3133-R2","rare","target_restricted","SBS28",0,0
"OV3133-R2","rare","target_restricted","SBS2",0,0
"OV3133-R2","rare","target_restricted","SBS13",0,0
"OV3133-R2","rare","target_restricted","SBS3",0,0
"OV3133-R2","rare","target_restricted","SBS8",23.509954389091,0.0801175270259199
"OV3133-R2","rare","target_restricted","SBS17a",0,0
"OV3133-R2","rare","target_restricted","SBS17b",0,0
"OV3133-R2","rare","target_restricted","SBS18",24.3469647993544,0.0829699019414736
"OV3291","rare","target_restricted","SBS1",0,0
"OV3291","rare","target_restricted","SBS5",95.6657666909027,0.27707909598283
"OV3291","rare","target_restricted","SBS40",159.809543894671,0.462860284126846
"OV3291","rare","target_restricted","SBS6",0,0
"OV3291","rare","target_restricted","SBS14",0,0
"OV3291","rare","target_restricted","SBS15",0,0
"OV3291","rare","target_restricted","SBS20",0,0
"OV3291","rare","target_restricted","SBS21",0,0
"OV3291","rare","target_restricted","SBS26",0,0
"OV3291","rare","target_restricted","SBS44",37.6959725442932,0.109179765720307
"OV3291","rare","target_restricted","SBS10a",0,0
"OV3291","rare","target_restricted","SBS10b",0,0
"OV3291","rare","target_restricted","SBS10c",0,0
"OV3291","rare","target_restricted","SBS10d",0,0
"OV3291","rare","target_restricted","SBS28",0,0
"OV3291","rare","target_restricted","SBS2",0,0
"OV3291","rare","target_restricted","SBS13",0,0
"OV3291","rare","target_restricted","SBS3",0,0
"OV3291","rare","target_restricted","SBS8",52.0939067667788,0.150880854170016
"OV3291","rare","target_restricted","SBS17a",0,0
"OV3291","rare","target_restricted","SBS17b",0,0
"OV3291","rare","target_restricted","SBS18",0,0
"TOV1369","rare","target_restricted","SBS1",0,0
"TOV1369","rare","target_restricted","SBS5",165.799750821079,0.30059856153552
"TOV1369","rare","target_restricted","SBS40",167.150035137118,0.303046656427432
"TOV1369","rare","target_restricted","SBS6",0,0
"TOV1369","rare","target_restricted","SBS14",0,0
"TOV1369","rare","target_restricted","SBS15",0,0
"TOV1369","rare","target_restricted","SBS20",0,0
"TOV1369","rare","target_restricted","SBS21",0,0
"TOV1369","rare","target_restricted","SBS26",0,0
"TOV1369","rare","target_restricted","SBS44",0,0
"TOV1369","rare","target_restricted","SBS10a",0,0
"TOV1369","rare","target_restricted","SBS10b",0,0
"TOV1369","rare","target_restricted","SBS10c",0,0
"TOV1369","rare","target_restricted","SBS10d",0,0
"TOV1369","rare","target_restricted","SBS28",0,0
"TOV1369","rare","target_restricted","SBS2",0,0
"TOV1369","rare","target_restricted","SBS13",0,0
"TOV1369","rare","target_restricted","SBS3",109.435371990079,0.198408714358212
"TOV1369","rare","target_restricted","SBS8",109.180192112414,0.197946067678836
"TOV1369","rare","target_restricted","SBS17a",0,0
"TOV1369","rare","target_restricted","SBS17b",0,0
"TOV1369","rare","target_restricted","SBS18",0,0
"TOV2295-R","rare","target_restricted","SBS1",0,0
"TOV2295-R","rare","target_restricted","SBS5",106.353229711818,0.318704646922726
"TOV2295-R","rare","target_restricted","SBS40",98.4314823508703,0.294965850249387
"TOV2295-R","rare","target_restricted","SBS6",0,0
"TOV2295-R","rare","target_restricted","SBS14",0,0
"TOV2295-R","rare","target_restricted","SBS15",0,0
"TOV2295-R","rare","target_restricted","SBS20",0,0
"TOV2295-R","rare","target_restricted","SBS21",0,0
"TOV2295-R","rare","target_restricted","SBS26",0,0
"TOV2295-R","rare","target_restricted","SBS44",0,0
"TOV2295-R","rare","target_restricted","SBS10a",0,0
"TOV2295-R","rare","target_restricted","SBS10b",0,0
"TOV2295-R","rare","target_restricted","SBS10c",0,0
"TOV2295-R","rare","target_restricted","SBS10d",0,0
"TOV2295-R","rare","target_restricted","SBS28",0,0
"TOV2295-R","rare","target_restricted","SBS2",0,0
"TOV2295-R","rare","target_restricted","SBS13",0,0
"TOV2295-R","rare","target_restricted","SBS3",85.4268128017162,0.255995255484747
"TOV2295-R","rare","target_restricted","SBS8",0,0
"TOV2295-R","rare","target_restricted","SBS17a",0,0
"TOV2295-R","rare","target_restricted","SBS17b",0,0
"TOV2295-R","rare","target_restricted","SBS18",43.4931472786549,0.13033424734314
"TOV2835EP","rare","target_restricted","SBS1",0,0
"TOV2835EP","rare","target_restricted","SBS5",193.284999700927,0.463710557357918
"TOV2835EP","rare","target_restricted","SBS40",110.709634220177,0.265603778195744
"TOV2835EP","rare","target_restricted","SBS6",0,0
"TOV2835EP","rare","target_restricted","SBS14",29.5760980553725,0.0709560955839834
"TOV2835EP","rare","target_restricted","SBS15",0,0
"TOV2835EP","rare","target_restricted","SBS20",0,0
"TOV2835EP","rare","target_restricted","SBS21",0,0
"TOV2835EP","rare","target_restricted","SBS26",0,0
"TOV2835EP","rare","target_restricted","SBS44",0,0
"TOV2835EP","rare","target_restricted","SBS10a",0,0
"TOV2835EP","rare","target_restricted","SBS10b",0,0
"TOV2835EP","rare","target_restricted","SBS10c",0,0
"TOV2835EP","rare","target_restricted","SBS10d",0,0
"TOV2835EP","rare","target_restricted","SBS28",0,0
"TOV2835EP","rare","target_restricted","SBS2",0,0
"TOV2835EP","rare","target_restricted","SBS13",0,0
"TOV2835EP","rare","target_restricted","SBS3",0,0
"TOV2835EP","rare","target_restricted","SBS8",46.9121070806401,0.112546960989511
"TOV2835EP","rare","target_restricted","SBS17a",0,0
"TOV2835EP","rare","target_restricted","SBS17b",0,0
"TOV2835EP","rare","target_restricted","SBS18",36.3396736805843,0.0871826078728433
"TOV2881EP","rare","target_restricted","SBS1",0,0
"TOV2881EP","rare","target_restricted","SBS5",58.2243429034426,0.134609701556395
"TOV2881EP","rare","target_restricted","SBS40",202.260106884669,0.46760807021319
"TOV2881EP","rare","target_restricted","SBS6",0,0
"TOV2881EP","rare","target_restricted","SBS14",0,0
"TOV2881EP","rare","target_restricted","SBS15",23.741196335543,0.0548876156252897
"TOV2881EP","rare","target_restricted","SBS20",0,0
"TOV2881EP","rare","target_restricted","SBS21",0,0
"TOV2881EP","rare","target_restricted","SBS26",24.6936687001169,0.0570896502785383
"TOV2881EP","rare","target_restricted","SBS44",0,0
"TOV2881EP","rare","target_restricted","SBS10a",0,0
"TOV2881EP","rare","target_restricted","SBS10b",0,0
"TOV2881EP","rare","target_restricted","SBS10c",0,0
"TOV2881EP","rare","target_restricted","SBS10d",0,0
"TOV2881EP","rare","target_restricted","SBS28",0,0
"TOV2881EP","rare","target_restricted","SBS2",0,0
"TOV2881EP","rare","target_restricted","SBS13",0,0
"TOV2881EP","rare","target_restricted","SBS3",0,0
"TOV2881EP","rare","target_restricted","SBS8",88.0171713906412,0.203488173192106
"TOV2881EP","rare","target_restricted","SBS17a",0,0
"TOV2881EP","rare","target_restricted","SBS17b",0,0
"TOV2881EP","rare","target_restricted","SBS18",35.6054645531504,0.0823167891344807
"TOV2929D","rare","target_restricted","SBS1",0,0
"TOV2929D","rare","target_restricted","SBS5",135.693855538727,0.188943715571767
"TOV2929D","rare","target_restricted","SBS40",291.933357379162,0.4064957327918
"TOV2929D","rare","target_restricted","SBS6",0,0
"TOV2929D","rare","target_restricted","SBS14",0,0
"TOV2929D","rare","target_restricted","SBS15",0,0
"TOV2929D","rare","target_restricted","SBS20",0,0
"TOV2929D","rare","target_restricted","SBS21",0,0
"TOV2929D","rare","target_restricted","SBS26",0,0
"TOV2929D","rare","target_restricted","SBS44",71.1749121179201,0.0991058312674723
"TOV2929D","rare","target_restricted","SBS10a",0,0
"TOV2929D","rare","target_restricted","SBS10b",0,0
"TOV2929D","rare","target_restricted","SBS10c",0,0
"TOV2929D","rare","target_restricted","SBS10d",0,0
"TOV2929D","rare","target_restricted","SBS28",0,0
"TOV2929D","rare","target_restricted","SBS2",0,0
"TOV2929D","rare","target_restricted","SBS13",0,0
"TOV2929D","rare","target_restricted","SBS3",0,0
"TOV2929D","rare","target_restricted","SBS8",122.898048502556,0.17112649521529
"TOV2929D","rare","target_restricted","SBS17a",0,0
"TOV2929D","rare","target_restricted","SBS17b",0,0
"TOV2929D","rare","target_restricted","SBS18",96.4706061994021,0.134328225153671
"TOV3121D","rare","target_restricted","SBS1",6.95614956377961,0.0280507719420508
"TOV3121D","rare","target_restricted","SBS5",118.571829343278,0.478142586378328
"TOV3121D","rare","target_restricted","SBS40",70.7050614745057,0.285119164903694
"TOV3121D","rare","target_restricted","SBS6",0,0
"TOV3121D","rare","target_restricted","SBS14",7.16361872311354,0.028887394274582
"TOV3121D","rare","target_restricted","SBS15",0,0
"TOV3121D","rare","target_restricted","SBS20",0,0
"TOV3121D","rare","target_restricted","SBS21",0,0
"TOV3121D","rare","target_restricted","SBS26",0,0
"TOV3121D","rare","target_restricted","SBS44",0,0
"TOV3121D","rare","target_restricted","SBS10a",0,0
"TOV3121D","rare","target_restricted","SBS10b",0,0
"TOV3121D","rare","target_restricted","SBS10c",0,0
"TOV3121D","rare","target_restricted","SBS10d",0,0
"TOV3121D","rare","target_restricted","SBS28",0,0
"TOV3121D","rare","target_restricted","SBS2",6.8119136410036,0.0274691385342948
"TOV3121D","rare","target_restricted","SBS13",6.85090529376848,0.0276263729280242
"TOV3121D","rare","target_restricted","SBS3",12.349704275411,0.0498003579430078
"TOV3121D","rare","target_restricted","SBS8",18.5750648976624,0.0749042130960179
"TOV3121D","rare","target_restricted","SBS17a",0,0
"TOV3121D","rare","target_restricted","SBS17b",0,0
"TOV3121D","rare","target_restricted","SBS18",0,0
"TOV3121EP","rare","target_restricted","SBS1",0,0
"TOV3121EP","rare","target_restricted","SBS5",81.88000927774,0.255947654863258
"TOV3121EP","rare","target_restricted","SBS40",138.700684549353,0.43356266384775
"TOV3121EP","rare","target_restricted","SBS6",0,0
"TOV3121EP","rare","target_restricted","SBS14",0,0
"TOV3121EP","rare","target_restricted","SBS15",0,0
"TOV3121EP","rare","target_restricted","SBS20",0,0
"TOV3121EP","rare","target_restricted","SBS21",14.1965643424239,0.0443768556282586
"TOV3121EP","rare","target_restricted","SBS26",0,0
"TOV3121EP","rare","target_restricted","SBS44",0,0
"TOV3121EP","rare","target_restricted","SBS10a",0,0
"TOV3121EP","rare","target_restricted","SBS10b",0,0
"TOV3121EP","rare","target_restricted","SBS10c",0,0
"TOV3121EP","rare","target_restricted","SBS10d",0,0
"TOV3121EP","rare","target_restricted","SBS28",0,0
"TOV3121EP","rare","target_restricted","SBS2",0,0
"TOV3121EP","rare","target_restricted","SBS13",0,0
"TOV3121EP","rare","target_restricted","SBS3",0,0
"TOV3121EP","rare","target_restricted","SBS8",39.5815687347177,0.123727510326675
"TOV3121EP","rare","target_restricted","SBS17a",0,0
"TOV3121EP","rare","target_restricted","SBS17b",0,0
"TOV3121EP","rare","target_restricted","SBS18",45.5503721915143,0.142385315334058
"TOV3133D","rare","target_restricted","SBS1",0,0
"TOV3133D","rare","target_restricted","SBS5",100.37840266485,0.306388233118505
"TOV3133D","rare","target_restricted","SBS40",92.363119288078,0.281922925377427
"TOV3133D","rare","target_restricted","SBS6",0,0
"TOV3133D","rare","target_restricted","SBS14",0,0
"TOV3133D","rare","target_restricted","SBS15",0,0
"TOV3133D","rare","target_restricted","SBS20",0,0
"TOV3133D","rare","target_restricted","SBS21",0,0
"TOV3133D","rare","target_restricted","SBS26",0,0
"TOV3133D","rare","target_restricted","SBS44",0,0
"TOV3133D","rare","target_restricted","SBS10a",0,0
"TOV3133D","rare","target_restricted","SBS10b",0,0
"TOV3133D","rare","target_restricted","SBS10c",0,0
"TOV3133D","rare","target_restricted","SBS10d",0,0
"TOV3133D","rare","target_restricted","SBS28",0,0
"TOV3133D","rare","target_restricted","SBS2",0,0
"TOV3133D","rare","target_restricted","SBS13",0,0
"TOV3133D","rare","target_restricted","SBS3",41.2357325591144,0.125865155299571
"TOV3133D","rare","target_restricted","SBS8",40.6597653172908,0.124107111926977
"TOV3133D","rare","target_restricted","SBS17a",0,0
"TOV3133D","rare","target_restricted","SBS17b",0,0
"TOV3133D","rare","target_restricted","SBS18",52.9813147364919,0.16171657427752
"TOV3133G","rare","target_restricted","SBS1",0,0
"TOV3133G","rare","target_restricted","SBS5",150.200298390605,0.444372880139667
"TOV3133G","rare","target_restricted","SBS40",106.001339412807,0.313608701169384
"TOV3133G","rare","target_restricted","SBS6",0,0
"TOV3133G","rare","target_restricted","SBS14",0,0
"TOV3133G","rare","target_restricted","SBS15",0,0
"TOV3133G","rare","target_restricted","SBS20",0,0
"TOV3133G","rare","target_restricted","SBS21",0,0
"TOV3133G","rare","target_restricted","SBS26",0,0
"TOV3133G","rare","target_restricted","SBS44",0,0
"TOV3133G","rare","target_restricted","SBS10a",0,0
"TOV3133G","rare","target_restricted","SBS10b",0,0
"TOV3133G","rare","target_restricted","SBS10c",0,0
"TOV3133G","rare","target_restricted","SBS10d",0,0
"TOV3133G","rare","target_restricted","SBS28",0,0
"TOV3133G","rare","target_restricted","SBS2",0,0
"TOV3133G","rare","target_restricted","SBS13",0,0
"TOV3133G","rare","target_restricted","SBS3",0,0
"TOV3133G","rare","target_restricted","SBS8",81.803459049926,0.242018418690949
"TOV3133G","rare","target_restricted","SBS17a",0,0
"TOV3133G","rare","target_restricted","SBS17b",0,0
"TOV3133G","rare","target_restricted","SBS18",0,0
"OV3331","rare","target_restricted","SBS1",11.3550622691048,0.0519430336253259
"OV3331","rare","target_restricted","SBS5",89.6540296217739,0.410116841715645
"OV3331","rare","target_restricted","SBS40",75.8990274742411,0.347195430794836
"OV3331","rare","target_restricted","SBS6",0,0
"OV3331","rare","target_restricted","SBS14",0,0
"OV3331","rare","target_restricted","SBS15",0,0
"OV3331","rare","target_restricted","SBS20",0,0
"OV3331","rare","target_restricted","SBS21",0,0
"OV3331","rare","target_restricted","SBS26",0,0
"OV3331","rare","target_restricted","SBS44",0,0
"OV3331","rare","target_restricted","SBS10a",0,0
"OV3331","rare","target_restricted","SBS10b",0,0
"OV3331","rare","target_restricted","SBS10c",0,0
"OV3331","rare","target_restricted","SBS10d",0,0
"OV3331","rare","target_restricted","SBS28",0,0
"OV3331","rare","target_restricted","SBS2",0,0
"OV3331","rare","target_restricted","SBS13",0,0
"OV3331","rare","target_restricted","SBS3",0,0
"OV3331","rare","target_restricted","SBS8",34.1520093302381,0.156226265164537
"OV3331","rare","target_restricted","SBS17a",7.54593792390958,0.0345184286996567
"OV3331","rare","target_restricted","SBS17b",0,0
"OV3331","rare","target_restricted","SBS18",0,0
"OV90","rare","target_restricted","SBS1",0,0
"OV90","rare","target_restricted","SBS5",149.072355198761,0.331505256149315
"OV90","rare","target_restricted","SBS40",227.866802973128,0.506727372669563
"OV90","rare","target_restricted","SBS6",0,0
"OV90","rare","target_restricted","SBS14",0,0
"OV90","rare","target_restricted","SBS15",23.0394395297667,0.0512348201158321
"OV90","rare","target_restricted","SBS20",0,0
"OV90","rare","target_restricted","SBS21",0,0
"OV90","rare","target_restricted","SBS26",24.8855162804542,0.0553401027169689
"OV90","rare","target_restricted","SBS44",0,0
"OV90","rare","target_restricted","SBS10a",0,0
"OV90","rare","target_restricted","SBS10b",0,0
"OV90","rare","target_restricted","SBS10c",0,0
"OV90","rare","target_restricted","SBS10d",0,0
"OV90","rare","target_restricted","SBS28",0,0
"OV90","rare","target_restricted","SBS2",0,0
"OV90","rare","target_restricted","SBS13",0,0
"OV90","rare","target_restricted","SBS3",0,0
"OV90","rare","target_restricted","SBS8",24.8191185866579,0.0551924483483213
"OV90","rare","target_restricted","SBS17a",0,0
"OV90","rare","target_restricted","SBS17b",0,0
"OV90","rare","target_restricted","SBS18",0,0
"TOV81D","rare","target_restricted","SBS1",0,0
"TOV81D","rare","target_restricted","SBS5",129.301194795181,0.276441069584844
"TOV81D","rare","target_restricted","SBS40",136.893941695122,0.292674075609511
"TOV81D","rare","target_restricted","SBS6",0,0
"TOV81D","rare","target_restricted","SBS14",21.1593135708828,0.0452378130339904
"TOV81D","rare","target_restricted","SBS15",0,0
"TOV81D","rare","target_restricted","SBS20",0,0
"TOV81D","rare","target_restricted","SBS21",0,0
"TOV81D","rare","target_restricted","SBS26",37.8878279026689,0.0810027446865533
"TOV81D","rare","target_restricted","SBS44",0,0
"TOV81D","rare","target_restricted","SBS10a",0,0
"TOV81D","rare","target_restricted","SBS10b",0,0
"TOV81D","rare","target_restricted","SBS10c",0,0
"TOV81D","rare","target_restricted","SBS10d",0,0
"TOV81D","rare","target_restricted","SBS28",0,0
"TOV81D","rare","target_restricted","SBS2",0,0
"TOV81D","rare","target_restricted","SBS13",0,0
"TOV81D","rare","target_restricted","SBS3",42.1040864200176,0.0900169461100464
"TOV81D","rare","target_restricted","SBS8",62.8312864829476,0.134330916788908
"TOV81D","rare","target_restricted","SBS17a",0,0
"TOV81D","rare","target_restricted","SBS17b",0,0
"TOV81D","rare","target_restricted","SBS18",37.5574616812673,0.0802964341861464
"TOV21G","rare","target_restricted","SBS1",0,0
"TOV21G","rare","target_restricted","SBS5",950.009489752125,0.460170337708017
"TOV21G","rare","target_restricted","SBS40",0,0
"TOV21G","rare","target_restricted","SBS6",0,0
"TOV21G","rare","target_restricted","SBS14",0,0
"TOV21G","rare","target_restricted","SBS15",0,0
"TOV21G","rare","target_restricted","SBS20",0,0
"TOV21G","rare","target_restricted","SBS21",0,0
"TOV21G","rare","target_restricted","SBS26",0,0
"TOV21G","rare","target_restricted","SBS44",1114.46405820375,0.539829662291983
"TOV21G","rare","target_restricted","SBS10a",0,0
"TOV21G","rare","target_restricted","SBS10b",0,0
"TOV21G","rare","target_restricted","SBS10c",0,0
"TOV21G","rare","target_restricted","SBS10d",0,0
"TOV21G","rare","target_restricted","SBS28",0,0
"TOV21G","rare","target_restricted","SBS2",0,0
"TOV21G","rare","target_restricted","SBS13",0,0
"TOV21G","rare","target_restricted","SBS3",0,0
"TOV21G","rare","target_restricted","SBS8",0,0
"TOV21G","rare","target_restricted","SBS17a",0,0
"TOV21G","rare","target_restricted","SBS17b",0,0
"TOV21G","rare","target_restricted","SBS18",0,0
"TOV3392D","rare","target_restricted","SBS1",0,0
"TOV3392D","rare","target_restricted","SBS5",144.612379767121,0.487426787436324
"TOV3392D","rare","target_restricted","SBS40",72.1650495642206,0.243237669768772
"TOV3392D","rare","target_restricted","SBS6",0,0
"TOV3392D","rare","target_restricted","SBS14",21.989178435214,0.0741161622559601
"TOV3392D","rare","target_restricted","SBS15",0,0
"TOV3392D","rare","target_restricted","SBS20",0,0
"TOV3392D","rare","target_restricted","SBS21",0,0
"TOV3392D","rare","target_restricted","SBS26",0,0
"TOV3392D","rare","target_restricted","SBS44",0,0
"TOV3392D","rare","target_restricted","SBS10a",0,0
"TOV3392D","rare","target_restricted","SBS10b",0,0
"TOV3392D","rare","target_restricted","SBS10c",0,0
"TOV3392D","rare","target_restricted","SBS10d",0,0
"TOV3392D","rare","target_restricted","SBS28",0,0
"TOV3392D","rare","target_restricted","SBS2",7.84651742587647,0.0264472708879912
"TOV3392D","rare","target_restricted","SBS13",13.7489514782972,0.0463418640954278
"TOV3392D","rare","target_restricted","SBS3",0,0
"TOV3392D","rare","target_restricted","SBS8",0,0
"TOV3392D","rare","target_restricted","SBS17a",0,0
"TOV3392D","rare","target_restricted","SBS17b",0,0
"TOV3392D","rare","target_restricted","SBS18",36.3232584289808,0.122430245555525
"TOV112D","rare","target_restricted","SBS1",0,0
"TOV112D","rare","target_restricted","SBS5",64.7806620554645,0.296259731693001
"TOV112D","rare","target_restricted","SBS40",80.3040385533701,0.367252389228693
"TOV112D","rare","target_restricted","SBS6",0,0
"TOV112D","rare","target_restricted","SBS14",0,0
"TOV112D","rare","target_restricted","SBS15",7.34259032824002,0.0335796790516517
"TOV112D","rare","target_restricted","SBS20",0,0
"TOV112D","rare","target_restricted","SBS21",0,0
"TOV112D","rare","target_restricted","SBS26",0,0
"TOV112D","rare","target_restricted","SBS44",0,0
"TOV112D","rare","target_restricted","SBS10a",0,0
"TOV112D","rare","target_restricted","SBS10b",0,0
"TOV112D","rare","target_restricted","SBS10c",0,0
"TOV112D","rare","target_restricted","SBS10d",0,0
"TOV112D","rare","target_restricted","SBS28",0,0
"TOV112D","rare","target_restricted","SBS2",0,0
"TOV112D","rare","target_restricted","SBS13",0,0
"TOV112D","rare","target_restricted","SBS3",0,0
"TOV112D","rare","target_restricted","SBS8",30.0537553183297,0.137444064393047
"TOV112D","rare","target_restricted","SBS17a",0,0
"TOV112D","rare","target_restricted","SBS17b",0,0
"TOV112D","rare","target_restricted","SBS18",36.1806722483896,0.165464135633608
"TOV2414","rare","target_restricted","SBS1",11.8824054752303,0.0403611326958841
"TOV2414","rare","target_restricted","SBS5",109.336755781551,0.371385685990582
"TOV2414","rare","target_restricted","SBS40",145.773144421855,0.49514967636574
"TOV2414","rare","target_restricted","SBS6",0,0
"TOV2414","rare","target_restricted","SBS14",12.7323404921374,0.0432481188429041
"TOV2414","rare","target_restricted","SBS15",0,0
"TOV2414","rare","target_restricted","SBS20",0,0
"TOV2414","rare","target_restricted","SBS21",0,0
"TOV2414","rare","target_restricted","SBS26",0,0
"TOV2414","rare","target_restricted","SBS44",0,0
"TOV2414","rare","target_restricted","SBS10a",0,0
"TOV2414","rare","target_restricted","SBS10b",0,0
"TOV2414","rare","target_restricted","SBS10c",0,0
"TOV2414","rare","target_restricted","SBS10d",0,0
"TOV2414","rare","target_restricted","SBS28",0,0
"TOV2414","rare","target_restricted","SBS2",0,0
"TOV2414","rare","target_restricted","SBS13",0,0
"TOV2414","rare","target_restricted","SBS3",0,0
"TOV2414","rare","target_restricted","SBS8",0,0
"TOV2414","rare","target_restricted","SBS17a",0,0
"TOV2414","rare","target_restricted","SBS17b",0,0
"TOV2414","rare","target_restricted","SBS18",14.6775343815582,0.0498553861048904
"OV1369-R2","rare_read_supported","target_restricted","SBS1",0,0
"OV1369-R2","rare_read_supported","target_restricted","SBS5",34.3906609828959,0.0927798818509417
"OV1369-R2","rare_read_supported","target_restricted","SBS40",196.726989444282,0.530734400441145
"OV1369-R2","rare_read_supported","target_restricted","SBS6",28.1655698921899,0.07598569414416
"OV1369-R2","rare_read_supported","target_restricted","SBS14",0,0
"OV1369-R2","rare_read_supported","target_restricted","SBS15",0,0
"OV1369-R2","rare_read_supported","target_restricted","SBS20",0,0
"OV1369-R2","rare_read_supported","target_restricted","SBS21",0,0
"OV1369-R2","rare_read_supported","target_restricted","SBS26",0,0
"OV1369-R2","rare_read_supported","target_restricted","SBS44",0,0
"OV1369-R2","rare_read_supported","target_restricted","SBS10a",0,0
"OV1369-R2","rare_read_supported","target_restricted","SBS10b",0,0
"OV1369-R2","rare_read_supported","target_restricted","SBS10c",0,0
"OV1369-R2","rare_read_supported","target_restricted","SBS10d",0,0
"OV1369-R2","rare_read_supported","target_restricted","SBS28",0,0
"OV1369-R2","rare_read_supported","target_restricted","SBS2",0,0
"OV1369-R2","rare_read_supported","target_restricted","SBS13",0,0
"OV1369-R2","rare_read_supported","target_restricted","SBS3",111.386156455085,0.300500023563754
"OV1369-R2","rare_read_supported","target_restricted","SBS8",0,0
"OV1369-R2","rare_read_supported","target_restricted","SBS17a",0,0
"OV1369-R2","rare_read_supported","target_restricted","SBS17b",0,0
"OV1369-R2","rare_read_supported","target_restricted","SBS18",0,0
"OV2085","rare_read_supported","target_restricted","SBS1",0,0
"OV2085","rare_read_supported","target_restricted","SBS5",137.505022177482,0.510368750488823
"OV2085","rare_read_supported","target_restricted","SBS40",131.91786479548,0.489631249511177
"OV2085","rare_read_supported","target_restricted","SBS6",0,0
"OV2085","rare_read_supported","target_restricted","SBS14",0,0
"OV2085","rare_read_supported","target_restricted","SBS15",0,0
"OV2085","rare_read_supported","target_restricted","SBS20",0,0
"OV2085","rare_read_supported","target_restricted","SBS21",0,0
"OV2085","rare_read_supported","target_restricted","SBS26",0,0
"OV2085","rare_read_supported","target_restricted","SBS44",0,0
"OV2085","rare_read_supported","target_restricted","SBS10a",0,0
"OV2085","rare_read_supported","target_restricted","SBS10b",0,0
"OV2085","rare_read_supported","target_restricted","SBS10c",0,0
"OV2085","rare_read_supported","target_restricted","SBS10d",0,0
"OV2085","rare_read_supported","target_restricted","SBS28",0,0
"OV2085","rare_read_supported","target_restricted","SBS2",0,0
"OV2085","rare_read_supported","target_restricted","SBS13",0,0
"OV2085","rare_read_supported","target_restricted","SBS3",0,0
"OV2085","rare_read_supported","target_restricted","SBS8",0,0
"OV2085","rare_read_supported","target_restricted","SBS17a",0,0
"OV2085","rare_read_supported","target_restricted","SBS17b",0,0
"OV2085","rare_read_supported","target_restricted","SBS18",0,0
"OV2295","rare_read_supported","target_restricted","SBS1",0,0
"OV2295","rare_read_supported","target_restricted","SBS5",97.8230713063138,0.46523520443192
"OV2295","rare_read_supported","target_restricted","SBS40",50.3118675585299,0.239277418674071
"OV2295","rare_read_supported","target_restricted","SBS6",0,0
"OV2295","rare_read_supported","target_restricted","SBS14",0,0
"OV2295","rare_read_supported","target_restricted","SBS15",0,0
"OV2295","rare_read_supported","target_restricted","SBS20",0,0
"OV2295","rare_read_supported","target_restricted","SBS21",0,0
"OV2295","rare_read_supported","target_restricted","SBS26",0,0
"OV2295","rare_read_supported","target_restricted","SBS44",0,0
"OV2295","rare_read_supported","target_restricted","SBS10a",0,0
"OV2295","rare_read_supported","target_restricted","SBS10b",0,0
"OV2295","rare_read_supported","target_restricted","SBS10c",0,0
"OV2295","rare_read_supported","target_restricted","SBS10d",0,0
"OV2295","rare_read_supported","target_restricted","SBS28",0,0
"OV2295","rare_read_supported","target_restricted","SBS2",5.68690969108347,0.0270462842495758
"OV2295","rare_read_supported","target_restricted","SBS13",0,0
"OV2295","rare_read_supported","target_restricted","SBS3",56.4439919789946,0.268441092644434
"OV2295","rare_read_supported","target_restricted","SBS8",0,0
"OV2295","rare_read_supported","target_restricted","SBS17a",0,0
"OV2295","rare_read_supported","target_restricted","SBS17b",0,0
"OV2295","rare_read_supported","target_restricted","SBS18",0,0
"OV2295-R2","rare_read_supported","target_restricted","SBS1",0,0
"OV2295-R2","rare_read_supported","target_restricted","SBS5",77.5277432024943,0.304952587892178
"OV2295-R2","rare_read_supported","target_restricted","SBS40",121.743592725002,0.478874040790939
"OV2295-R2","rare_read_supported","target_restricted","SBS6",0,0
"OV2295-R2","rare_read_supported","target_restricted","SBS14",0,0
"OV2295-R2","rare_read_supported","target_restricted","SBS15",9.06346969305592,0.0356508318700911
"OV2295-R2","rare_read_supported","target_restricted","SBS20",0,0
"OV2295-R2","rare_read_supported","target_restricted","SBS21",0,0
"OV2295-R2","rare_read_supported","target_restricted","SBS26",0,0
"OV2295-R2","rare_read_supported","target_restricted","SBS44",0,0
"OV2295-R2","rare_read_supported","target_restricted","SBS10a",0,0
"OV2295-R2","rare_read_supported","target_restricted","SBS10b",0,0
"OV2295-R2","rare_read_supported","target_restricted","SBS10c",0,0
"OV2295-R2","rare_read_supported","target_restricted","SBS10d",0,0
"OV2295-R2","rare_read_supported","target_restricted","SBS28",0,0
"OV2295-R2","rare_read_supported","target_restricted","SBS2",0,0
"OV2295-R2","rare_read_supported","target_restricted","SBS13",0,0
"OV2295-R2","rare_read_supported","target_restricted","SBS3",45.8940361097752,0.180522539446792
"OV2295-R2","rare_read_supported","target_restricted","SBS8",0,0
"OV2295-R2","rare_read_supported","target_restricted","SBS17a",0,0
"OV2295-R2","rare_read_supported","target_restricted","SBS17b",0,0
"OV2295-R2","rare_read_supported","target_restricted","SBS18",0,0
"OV3133-R","rare_read_supported","target_restricted","SBS1",0,0
"OV3133-R","rare_read_supported","target_restricted","SBS5",113.003434065244,0.527654154019088
"OV3133-R","rare_read_supported","target_restricted","SBS40",76.0980733724142,0.355329595599905
"OV3133-R","rare_read_supported","target_restricted","SBS6",0,0
"OV3133-R","rare_read_supported","target_restricted","SBS14",0,0
"OV3133-R","rare_read_supported","target_restricted","SBS15",0,0
"OV3133-R","rare_read_supported","target_restricted","SBS20",7.62964322541144,0.0356255805398584
"OV3133-R","rare_read_supported","target_restricted","SBS21",0,0
"OV3133-R","rare_read_supported","target_restricted","SBS26",0,0
"OV3133-R","rare_read_supported","target_restricted","SBS44",0,0
"OV3133-R","rare_read_supported","target_restricted","SBS10a",0,0
"OV3133-R","rare_read_supported","target_restricted","SBS10b",0,0
"OV3133-R","rare_read_supported","target_restricted","SBS10c",0,0
"OV3133-R","rare_read_supported","target_restricted","SBS10d",0,0
"OV3133-R","rare_read_supported","target_restricted","SBS28",0,0
"OV3133-R","rare_read_supported","target_restricted","SBS2",5.22348524748967,0.0243903533737215
"OV3133-R","rare_read_supported","target_restricted","SBS13",0,0
"OV3133-R","rare_read_supported","target_restricted","SBS3",0,0
"OV3133-R","rare_read_supported","target_restricted","SBS8",12.2072980086725,0.0570003164674273
"OV3133-R","rare_read_supported","target_restricted","SBS17a",0,0
"OV3133-R","rare_read_supported","target_restricted","SBS17b",0,0
"OV3133-R","rare_read_supported","target_restricted","SBS18",0,0
"OV3133-R2","rare_read_supported","target_restricted","SBS1",0,0
"OV3133-R2","rare_read_supported","target_restricted","SBS5",69.5747135305821,0.320673637726556
"OV3133-R2","rare_read_supported","target_restricted","SBS40",96.9904732922981,0.447034365176227
"OV3133-R2","rare_read_supported","target_restricted","SBS6",0,0
"OV3133-R2","rare_read_supported","target_restricted","SBS14",0,0
"OV3133-R2","rare_read_supported","target_restricted","SBS15",0,0
"OV3133-R2","rare_read_supported","target_restricted","SBS20",0,0
"OV3133-R2","rare_read_supported","target_restricted","SBS21",0,0
"OV3133-R2","rare_read_supported","target_restricted","SBS26",0,0
"OV3133-R2","rare_read_supported","target_restricted","SBS44",17.603555428327,0.0811357441470657
"OV3133-R2","rare_read_supported","target_restricted","SBS10a",0,0
"OV3133-R2","rare_read_supported","target_restricted","SBS10b",0,0
"OV3133-R2","rare_read_supported","target_restricted","SBS10c",0,0
"OV3133-R2","rare_read_supported","target_restricted","SBS10d",0,0
"OV3133-R2","rare_read_supported","target_restricted","SBS28",0,0
"OV3133-R2","rare_read_supported","target_restricted","SBS2",0,0
"OV3133-R2","rare_read_supported","target_restricted","SBS13",0,0
"OV3133-R2","rare_read_supported","target_restricted","SBS3",32.7955022181483,0.151156252950151
"OV3133-R2","rare_read_supported","target_restricted","SBS8",0,0
"OV3133-R2","rare_read_supported","target_restricted","SBS17a",0,0
"OV3133-R2","rare_read_supported","target_restricted","SBS17b",0,0
"OV3133-R2","rare_read_supported","target_restricted","SBS18",0,0
"OV3291","rare_read_supported","target_restricted","SBS1",0,0
"OV3291","rare_read_supported","target_restricted","SBS5",77.0438837062325,0.32104326874816
"OV3291","rare_read_supported","target_restricted","SBS40",99.0048653307273,0.412555079763935
"OV3291","rare_read_supported","target_restricted","SBS6",0,0
"OV3291","rare_read_supported","target_restricted","SBS14",0,0
"OV3291","rare_read_supported","target_restricted","SBS15",0,0
"OV3291","rare_read_supported","target_restricted","SBS20",0,0
"OV3291","rare_read_supported","target_restricted","SBS21",0,0
"OV3291","rare_read_supported","target_restricted","SBS26",0,0
"OV3291","rare_read_supported","target_restricted","SBS44",17.5557565789348,0.0731551578959706
"OV3291","rare_read_supported","target_restricted","SBS10a",0,0
"OV3291","rare_read_supported","target_restricted","SBS10b",0,0
"OV3291","rare_read_supported","target_restricted","SBS10c",0,0
"OV3291","rare_read_supported","target_restricted","SBS10d",0,0
"OV3291","rare_read_supported","target_restricted","SBS28",0,0
"OV3291","rare_read_supported","target_restricted","SBS2",0,0
"OV3291","rare_read_supported","target_restricted","SBS13",0,0
"OV3291","rare_read_supported","target_restricted","SBS3",46.3752454209322,0.193246493591935
"OV3291","rare_read_supported","target_restricted","SBS8",0,0
"OV3291","rare_read_supported","target_restricted","SBS17a",0,0
"OV3291","rare_read_supported","target_restricted","SBS17b",0,0
"OV3291","rare_read_supported","target_restricted","SBS18",0,0
"TOV1369","rare_read_supported","target_restricted","SBS1",0,0
"TOV1369","rare_read_supported","target_restricted","SBS5",156.380874396839,0.38938978535834
"TOV1369","rare_read_supported","target_restricted","SBS40",0,0
"TOV1369","rare_read_supported","target_restricted","SBS6",0,0
"TOV1369","rare_read_supported","target_restricted","SBS14",0,0
"TOV1369","rare_read_supported","target_restricted","SBS15",0,0
"TOV1369","rare_read_supported","target_restricted","SBS20",0,0
"TOV1369","rare_read_supported","target_restricted","SBS21",0,0
"TOV1369","rare_read_supported","target_restricted","SBS26",0,0
"TOV1369","rare_read_supported","target_restricted","SBS44",0,0
"TOV1369","rare_read_supported","target_restricted","SBS10a",0,0
"TOV1369","rare_read_supported","target_restricted","SBS10b",0,0
"TOV1369","rare_read_supported","target_restricted","SBS10c",0,0
"TOV1369","rare_read_supported","target_restricted","SBS10d",0,0
"TOV1369","rare_read_supported","target_restricted","SBS28",0,0
"TOV1369","rare_read_supported","target_restricted","SBS2",0,0
"TOV1369","rare_read_supported","target_restricted","SBS13",0,0
"TOV1369","rare_read_supported","target_restricted","SBS3",245.224099017981,0.61061021464166
"TOV1369","rare_read_supported","target_restricted","SBS8",0,0
"TOV1369","rare_read_supported","target_restricted","SBS17a",0,0
"TOV1369","rare_read_supported","target_restricted","SBS17b",0,0
"TOV1369","rare_read_supported","target_restricted","SBS18",0,0
"TOV2295-R","rare_read_supported","target_restricted","SBS1",0,0
"TOV2295-R","rare_read_supported","target_restricted","SBS5",75.324409273593,0.299779114310592
"TOV2295-R","rare_read_supported","target_restricted","SBS40",79.6358900473845,0.316938118944001
"TOV2295-R","rare_read_supported","target_restricted","SBS6",0,0
"TOV2295-R","rare_read_supported","target_restricted","SBS14",0,0
"TOV2295-R","rare_read_supported","target_restricted","SBS15",0,0
"TOV2295-R","rare_read_supported","target_restricted","SBS20",0,0
"TOV2295-R","rare_read_supported","target_restricted","SBS21",0,0
"TOV2295-R","rare_read_supported","target_restricted","SBS26",0,0
"TOV2295-R","rare_read_supported","target_restricted","SBS44",0,0
"TOV2295-R","rare_read_supported","target_restricted","SBS10a",0,0
"TOV2295-R","rare_read_supported","target_restricted","SBS10b",0,0
"TOV2295-R","rare_read_supported","target_restricted","SBS10c",0,0
"TOV2295-R","rare_read_supported","target_restricted","SBS10d",0,0
"TOV2295-R","rare_read_supported","target_restricted","SBS28",0,0
"TOV2295-R","rare_read_supported","target_restricted","SBS2",0,0
"TOV2295-R","rare_read_supported","target_restricted","SBS13",0,0
"TOV2295-R","rare_read_supported","target_restricted","SBS3",78.483960209161,0.312353622231968
"TOV2295-R","rare_read_supported","target_restricted","SBS8",0,0
"TOV2295-R","rare_read_supported","target_restricted","SBS17a",0,0
"TOV2295-R","rare_read_supported","target_restricted","SBS17b",0,0
"TOV2295-R","rare_read_supported","target_restricted","SBS18",17.8221085316192,0.0709291445134384
"TOV2835EP","rare_read_supported","target_restricted","SBS1",0,0
"TOV2835EP","rare_read_supported","target_restricted","SBS5",169.597611410631,0.759686585820392
"TOV2835EP","rare_read_supported","target_restricted","SBS40",39.1248142727351,0.175253627268054
"TOV2835EP","rare_read_supported","target_restricted","SBS6",0,0
"TOV2835EP","rare_read_supported","target_restricted","SBS14",0,0
"TOV2835EP","rare_read_supported","target_restricted","SBS15",0,0
"TOV2835EP","rare_read_supported","target_restricted","SBS20",0,0
"TOV2835EP","rare_read_supported","target_restricted","SBS21",8.64154569922609,0.0387084835325956
"TOV2835EP","rare_read_supported","target_restricted","SBS26",0,0
"TOV2835EP","rare_read_supported","target_restricted","SBS44",0,0
"TOV2835EP","rare_read_supported","target_restricted","SBS10a",0,0
"TOV2835EP","rare_read_supported","target_restricted","SBS10b",0,0
"TOV2835EP","rare_read_supported","target_restricted","SBS10c",0,0
"TOV2835EP","rare_read_supported","target_restricted","SBS10d",0,0
"TOV2835EP","rare_read_supported","target_restricted","SBS28",0,0
"TOV2835EP","rare_read_supported","target_restricted","SBS2",5.88284457570339,0.0263513033789577
"TOV2835EP","rare_read_supported","target_restricted","SBS13",0,0
"TOV2835EP","rare_read_supported","target_restricted","SBS3",0,0
"TOV2835EP","rare_read_supported","target_restricted","SBS8",0,0
"TOV2835EP","rare_read_supported","target_restricted","SBS17a",0,0
"TOV2835EP","rare_read_supported","target_restricted","SBS17b",0,0
"TOV2835EP","rare_read_supported","target_restricted","SBS18",0,0
"TOV2881EP","rare_read_supported","target_restricted","SBS1",0,0
"TOV2881EP","rare_read_supported","target_restricted","SBS5",93.0279248341597,0.354643169907748
"TOV2881EP","rare_read_supported","target_restricted","SBS40",103.61938288907,0.395020167086115
"TOV2881EP","rare_read_supported","target_restricted","SBS6",0,0
"TOV2881EP","rare_read_supported","target_restricted","SBS14",0,0
"TOV2881EP","rare_read_supported","target_restricted","SBS15",10.6850205045626,0.0407336780759396
"TOV2881EP","rare_read_supported","target_restricted","SBS20",0,0
"TOV2881EP","rare_read_supported","target_restricted","SBS21",10.8709994392505,0.0414426711987183
"TOV2881EP","rare_read_supported","target_restricted","SBS26",0,0
"TOV2881EP","rare_read_supported","target_restricted","SBS44",0,0
"TOV2881EP","rare_read_supported","target_restricted","SBS10a",0,0
"TOV2881EP","rare_read_supported","target_restricted","SBS10b",0,0
"TOV2881EP","rare_read_supported","target_restricted","SBS10c",0,0
"TOV2881EP","rare_read_supported","target_restricted","SBS10d",0,0
"TOV2881EP","rare_read_supported","target_restricted","SBS28",0,0
"TOV2881EP","rare_read_supported","target_restricted","SBS2",0,0
"TOV2881EP","rare_read_supported","target_restricted","SBS13",8.84648004926956,0.0337247523557204
"TOV2881EP","rare_read_supported","target_restricted","SBS3",21.2147088933796,0.0808751955289835
"TOV2881EP","rare_read_supported","target_restricted","SBS8",14.0496423190103,0.0535603658467747
"TOV2881EP","rare_read_supported","target_restricted","SBS17a",0,0
"TOV2881EP","rare_read_supported","target_restricted","SBS17b",0,0
"TOV2881EP","rare_read_supported","target_restricted","SBS18",0,0
"TOV2929D","rare_read_supported","target_restricted","SBS1",0,0
"TOV2929D","rare_read_supported","target_restricted","SBS5",169.690508067373,0.595589943027067
"TOV2929D","rare_read_supported","target_restricted","SBS40",115.221132993802,0.404410056972934
"TOV2929D","rare_read_supported","target_restricted","SBS6",0,0
"TOV2929D","rare_read_supported","target_restricted","SBS14",0,0
"TOV2929D","rare_read_supported","target_restricted","SBS15",0,0
"TOV2929D","rare_read_supported","target_restricted","SBS20",0,0
"TOV2929D","rare_read_supported","target_restricted","SBS21",0,0
"TOV2929D","rare_read_supported","target_restricted","SBS26",0,0
"TOV2929D","rare_read_supported","target_restricted","SBS44",0,0
"TOV2929D","rare_read_supported","target_restricted","SBS10a",0,0
"TOV2929D","rare_read_supported","target_restricted","SBS10b",0,0
"TOV2929D","rare_read_supported","target_restricted","SBS10c",0,0
"TOV2929D","rare_read_supported","target_restricted","SBS10d",0,0
"TOV2929D","rare_read_supported","target_restricted","SBS28",0,0
"TOV2929D","rare_read_supported","target_restricted","SBS2",0,0
"TOV2929D","rare_read_supported","target_restricted","SBS13",0,0
"TOV2929D","rare_read_supported","target_restricted","SBS3",0,0
"TOV2929D","rare_read_supported","target_restricted","SBS8",0,0
"TOV2929D","rare_read_supported","target_restricted","SBS17a",0,0
"TOV2929D","rare_read_supported","target_restricted","SBS17b",0,0
"TOV2929D","rare_read_supported","target_restricted","SBS18",0,0
"TOV3121D","rare_read_supported","target_restricted","SBS1",8.35274712865613,0.0451346541596029
"TOV3121D","rare_read_supported","target_restricted","SBS5",84.3509715174759,0.45579638277405
"TOV3121D","rare_read_supported","target_restricted","SBS40",58.0040631652997,0.313429018081477
"TOV3121D","rare_read_supported","target_restricted","SBS6",0,0
"TOV3121D","rare_read_supported","target_restricted","SBS14",0,0
"TOV3121D","rare_read_supported","target_restricted","SBS15",0,0
"TOV3121D","rare_read_supported","target_restricted","SBS20",0,0
"TOV3121D","rare_read_supported","target_restricted","SBS21",6.69252574953119,0.0361635316509248
"TOV3121D","rare_read_supported","target_restricted","SBS26",0,0
"TOV3121D","rare_read_supported","target_restricted","SBS44",0,0
"TOV3121D","rare_read_supported","target_restricted","SBS10a",0,0
"TOV3121D","rare_read_supported","target_restricted","SBS10b",0,0
"TOV3121D","rare_read_supported","target_restricted","SBS10c",0,0
"TOV3121D","rare_read_supported","target_restricted","SBS10d",0,0
"TOV3121D","rare_read_supported","target_restricted","SBS28",0,0
"TOV3121D","rare_read_supported","target_restricted","SBS2",6.5944528947865,0.0356335881110132
"TOV3121D","rare_read_supported","target_restricted","SBS13",0,0
"TOV3121D","rare_read_supported","target_restricted","SBS3",21.0680761646345,0.113842825222932
"TOV3121D","rare_read_supported","target_restricted","SBS8",0,0
"TOV3121D","rare_read_supported","target_restricted","SBS17a",0,0
"TOV3121D","rare_read_supported","target_restricted","SBS17b",0,0
"TOV3121D","rare_read_supported","target_restricted","SBS18",0,0
"TOV3121EP","rare_read_supported","target_restricted","SBS1",8.38259766225778,0.0500726288712504
"TOV3121EP","rare_read_supported","target_restricted","SBS5",65.4131228907241,0.39073890430935
"TOV3121EP","rare_read_supported","target_restricted","SBS40",52.5467032983862,0.313882602825426
"TOV3121EP","rare_read_supported","target_restricted","SBS6",0,0
"TOV3121EP","rare_read_supported","target_restricted","SBS14",0,0
"TOV3121EP","rare_read_supported","target_restricted","SBS15",0,0
"TOV3121EP","rare_read_supported","target_restricted","SBS20",0,0
"TOV3121EP","rare_read_supported","target_restricted","SBS21",10.5420066464211,0.0629716476482214
"TOV3121EP","rare_read_supported","target_restricted","SBS26",0,0
"TOV3121EP","rare_read_supported","target_restricted","SBS44",0,0
"TOV3121EP","rare_read_supported","target_restricted","SBS10a",0,0
"TOV3121EP","rare_read_supported","target_restricted","SBS10b",0,0
"TOV3121EP","rare_read_supported","target_restricted","SBS10c",0,0
"TOV3121EP","rare_read_supported","target_restricted","SBS10d",0,0
"TOV3121EP","rare_read_supported","target_restricted","SBS28",0,0
"TOV3121EP","rare_read_supported","target_restricted","SBS2",4.50491914709485,0.0269096947791139
"TOV3121EP","rare_read_supported","target_restricted","SBS13",5.91097227707359,0.0353086158996729
"TOV3121EP","rare_read_supported","target_restricted","SBS3",20.1084571100277,0.120115905666965
"TOV3121EP","rare_read_supported","target_restricted","SBS8",0,0
"TOV3121EP","rare_read_supported","target_restricted","SBS17a",0,0
"TOV3121EP","rare_read_supported","target_restricted","SBS17b",0,0
"TOV3121EP","rare_read_supported","target_restricted","SBS18",0,0
"TOV3133D","rare_read_supported","target_restricted","SBS1",0,0
"TOV3133D","rare_read_supported","target_restricted","SBS5",92.5445800093367,0.535622730579707
"TOV3133D","rare_read_supported","target_restricted","SBS40",80.2348311802803,0.464377269420293
"TOV3133D","rare_read_supported","target_restricted","SBS6",0,0
"TOV3133D","rare_read_supported","target_restricted","SBS14",0,0
"TOV3133D","rare_read_supported","target_restricted","SBS15",0,0
"TOV3133D","rare_read_supported","target_restricted","SBS20",0,0
"TOV3133D","rare_read_supported","target_restricted","SBS21",0,0
"TOV3133D","rare_read_supported","target_restricted","SBS26",0,0
"TOV3133D","rare_read_supported","target_restricted","SBS44",0,0
"TOV3133D","rare_read_supported","target_restricted","SBS10a",0,0
"TOV3133D","rare_read_supported","target_restricted","SBS10b",0,0
"TOV3133D","rare_read_supported","target_restricted","SBS10c",0,0
"TOV3133D","rare_read_supported","target_restricted","SBS10d",0,0
"TOV3133D","rare_read_supported","target_restricted","SBS28",0,0
"TOV3133D","rare_read_supported","target_restricted","SBS2",0,0
"TOV3133D","rare_read_supported","target_restricted","SBS13",0,0
"TOV3133D","rare_read_supported","target_restricted","SBS3",0,0
"TOV3133D","rare_read_supported","target_restricted","SBS8",0,0
"TOV3133D","rare_read_supported","target_restricted","SBS17a",0,0
"TOV3133D","rare_read_supported","target_restricted","SBS17b",0,0
"TOV3133D","rare_read_supported","target_restricted","SBS18",0,0
"TOV3133G","rare_read_supported","target_restricted","SBS1",0,0
"TOV3133G","rare_read_supported","target_restricted","SBS5",91.2973923293008,0.496518053724897
"TOV3133G","rare_read_supported","target_restricted","SBS40",92.5778799682205,0.503481946275102
"TOV3133G","rare_read_supported","target_restricted","SBS6",0,0
"TOV3133G","rare_read_supported","target_restricted","SBS14",0,0
"TOV3133G","rare_read_supported","target_restricted","SBS15",0,0
"TOV3133G","rare_read_supported","target_restricted","SBS20",0,0
"TOV3133G","rare_read_supported","target_restricted","SBS21",0,0
"TOV3133G","rare_read_supported","target_restricted","SBS26",0,0
"TOV3133G","rare_read_supported","target_restricted","SBS44",0,0
"TOV3133G","rare_read_supported","target_restricted","SBS10a",0,0
"TOV3133G","rare_read_supported","target_restricted","SBS10b",0,0
"TOV3133G","rare_read_supported","target_restricted","SBS10c",0,0
"TOV3133G","rare_read_supported","target_restricted","SBS10d",0,0
"TOV3133G","rare_read_supported","target_restricted","SBS28",0,0
"TOV3133G","rare_read_supported","target_restricted","SBS2",0,0
"TOV3133G","rare_read_supported","target_restricted","SBS13",0,0
"TOV3133G","rare_read_supported","target_restricted","SBS3",0,0
"TOV3133G","rare_read_supported","target_restricted","SBS8",0,0
"TOV3133G","rare_read_supported","target_restricted","SBS17a",0,0
"TOV3133G","rare_read_supported","target_restricted","SBS17b",0,0
"TOV3133G","rare_read_supported","target_restricted","SBS18",0,0
"OV3331","rare_read_supported","target_restricted","SBS1",5.97272735936353,0.0407439315505552
"OV3331","rare_read_supported","target_restricted","SBS5",46.5173795064068,0.317325873505501
"OV3331","rare_read_supported","target_restricted","SBS40",16.4660234721736,0.112325658429446
"OV3331","rare_read_supported","target_restricted","SBS6",0,0
"OV3331","rare_read_supported","target_restricted","SBS14",0,0
"OV3331","rare_read_supported","target_restricted","SBS15",5.19318584092319,0.0354261622372856
"OV3331","rare_read_supported","target_restricted","SBS20",0,0
"OV3331","rare_read_supported","target_restricted","SBS21",0,0
"OV3331","rare_read_supported","target_restricted","SBS26",9.28334289188268,0.0633278341014894
"OV3331","rare_read_supported","target_restricted","SBS44",0,0
"OV3331","rare_read_supported","target_restricted","SBS10a",0,0
"OV3331","rare_read_supported","target_restricted","SBS10b",0,0
"OV3331","rare_read_supported","target_restricted","SBS10c",0,0
"OV3331","rare_read_supported","target_restricted","SBS10d",0,0
"OV3331","rare_read_supported","target_restricted","SBS28",0,0
"OV3331","rare_read_supported","target_restricted","SBS2",3.71426061331135,0.0253374331497708
"OV3331","rare_read_supported","target_restricted","SBS13",4.13927932956427,0.0282367674807722
"OV3331","rare_read_supported","target_restricted","SBS3",50.8336305377954,0.346769882246702
"OV3331","rare_read_supported","target_restricted","SBS8",0,0
"OV3331","rare_read_supported","target_restricted","SBS17a",4.47199730634221,0.0305064572984779
"OV3331","rare_read_supported","target_restricted","SBS17b",0,0
"OV3331","rare_read_supported","target_restricted","SBS18",0,0
"OV90","rare_read_supported","target_restricted","SBS1",0,0
"OV90","rare_read_supported","target_restricted","SBS5",101.390933405876,0.361991037768721
"OV90","rare_read_supported","target_restricted","SBS40",133.028730527418,0.47494590097032
"OV90","rare_read_supported","target_restricted","SBS6",0,0
"OV90","rare_read_supported","target_restricted","SBS14",0,0
"OV90","rare_read_supported","target_restricted","SBS15",14.3023223307646,0.0510628744514169
"OV90","rare_read_supported","target_restricted","SBS20",0,0
"OV90","rare_read_supported","target_restricted","SBS21",0,0
"OV90","rare_read_supported","target_restricted","SBS26",31.3703995332263,0.112000186809542
"OV90","rare_read_supported","target_restricted","SBS44",0,0
"OV90","rare_read_supported","target_restricted","SBS10a",0,0
"OV90","rare_read_supported","target_restricted","SBS10b",0,0
"OV90","rare_read_supported","target_restricted","SBS10c",0,0
"OV90","rare_read_supported","target_restricted","SBS10d",0,0
"OV90","rare_read_supported","target_restricted","SBS28",0,0
"OV90","rare_read_supported","target_restricted","SBS2",0,0
"OV90","rare_read_supported","target_restricted","SBS13",0,0
"OV90","rare_read_supported","target_restricted","SBS3",0,0
"OV90","rare_read_supported","target_restricted","SBS8",0,0
"OV90","rare_read_supported","target_restricted","SBS17a",0,0
"OV90","rare_read_supported","target_restricted","SBS17b",0,0
"OV90","rare_read_supported","target_restricted","SBS18",0,0
"TOV81D","rare_read_supported","target_restricted","SBS1",0,0
"TOV81D","rare_read_supported","target_restricted","SBS5",48.7435157064874,0.284064172367116
"TOV81D","rare_read_supported","target_restricted","SBS40",80.9446172552772,0.471723579535176
"TOV81D","rare_read_supported","target_restricted","SBS6",0,0
"TOV81D","rare_read_supported","target_restricted","SBS14",0,0
"TOV81D","rare_read_supported","target_restricted","SBS15",0,0
"TOV81D","rare_read_supported","target_restricted","SBS20",0,0
"TOV81D","rare_read_supported","target_restricted","SBS21",10.2722809650069,0.0598641059914109
"TOV81D","rare_read_supported","target_restricted","SBS26",0,0
"TOV81D","rare_read_supported","target_restricted","SBS44",0,0
"TOV81D","rare_read_supported","target_restricted","SBS10a",0,0
"TOV81D","rare_read_supported","target_restricted","SBS10b",6.68435390696989,0.0389546267410413
"TOV81D","rare_read_supported","target_restricted","SBS10c",0,0
"TOV81D","rare_read_supported","target_restricted","SBS10d",0,0
"TOV81D","rare_read_supported","target_restricted","SBS28",0,0
"TOV81D","rare_read_supported","target_restricted","SBS2",0,0
"TOV81D","rare_read_supported","target_restricted","SBS13",0,0
"TOV81D","rare_read_supported","target_restricted","SBS3",24.9485566615868,0.145393515365256
"TOV81D","rare_read_supported","target_restricted","SBS8",0,0
"TOV81D","rare_read_supported","target_restricted","SBS17a",0,0
"TOV81D","rare_read_supported","target_restricted","SBS17b",0,0
"TOV81D","rare_read_supported","target_restricted","SBS18",0,0
"TOV21G","rare_read_supported","target_restricted","SBS1",0,0
"TOV21G","rare_read_supported","target_restricted","SBS5",267.152108558802,0.155243934872826
"TOV21G","rare_read_supported","target_restricted","SBS40",328.082320443077,0.190650901699996
"TOV21G","rare_read_supported","target_restricted","SBS6",0,0
"TOV21G","rare_read_supported","target_restricted","SBS14",0,0
"TOV21G","rare_read_supported","target_restricted","SBS15",0,0
"TOV21G","rare_read_supported","target_restricted","SBS20",0,0
"TOV21G","rare_read_supported","target_restricted","SBS21",0,0
"TOV21G","rare_read_supported","target_restricted","SBS26",91.7212357802697,0.053299843414087
"TOV21G","rare_read_supported","target_restricted","SBS44",985.076704144203,0.572434874378843
"TOV21G","rare_read_supported","target_restricted","SBS10a",0,0
"TOV21G","rare_read_supported","target_restricted","SBS10b",48.8213879540669,0.0283704456342478
"TOV21G","rare_read_supported","target_restricted","SBS10c",0,0
"TOV21G","rare_read_supported","target_restricted","SBS10d",0,0
"TOV21G","rare_read_supported","target_restricted","SBS28",0,0
"TOV21G","rare_read_supported","target_restricted","SBS2",0,0
"TOV21G","rare_read_supported","target_restricted","SBS13",0,0
"TOV21G","rare_read_supported","target_restricted","SBS3",0,0
"TOV21G","rare_read_supported","target_restricted","SBS8",0,0
"TOV21G","rare_read_supported","target_restricted","SBS17a",0,0
"TOV21G","rare_read_supported","target_restricted","SBS17b",0,0
"TOV21G","rare_read_supported","target_restricted","SBS18",0,0
"TOV3392D","rare_read_supported","target_restricted","SBS1",7.47792640657489,0.0382250318220526
"TOV3392D","rare_read_supported","target_restricted","SBS5",61.0436264820301,0.312037647596729
"TOV3392D","rare_read_supported","target_restricted","SBS40",94.4964286905401,0.483038852935259
"TOV3392D","rare_read_supported","target_restricted","SBS6",0,0
"TOV3392D","rare_read_supported","target_restricted","SBS14",0,0
"TOV3392D","rare_read_supported","target_restricted","SBS15",0,0
"TOV3392D","rare_read_supported","target_restricted","SBS20",0,0
"TOV3392D","rare_read_supported","target_restricted","SBS21",0,0
"TOV3392D","rare_read_supported","target_restricted","SBS26",0,0
"TOV3392D","rare_read_supported","target_restricted","SBS44",14.1562843823172,0.0723628973561875
"TOV3392D","rare_read_supported","target_restricted","SBS10a",0,0
"TOV3392D","rare_read_supported","target_restricted","SBS10b",0,0
"TOV3392D","rare_read_supported","target_restricted","SBS10c",0,0
"TOV3392D","rare_read_supported","target_restricted","SBS10d",0,0
"TOV3392D","rare_read_supported","target_restricted","SBS28",0,0
"TOV3392D","rare_read_supported","target_restricted","SBS2",7.90694027661093,0.0404180286426432
"TOV3392D","rare_read_supported","target_restricted","SBS13",10.547837091088,0.0539175416471286
"TOV3392D","rare_read_supported","target_restricted","SBS3",0,0
"TOV3392D","rare_read_supported","target_restricted","SBS8",0,0
"TOV3392D","rare_read_supported","target_restricted","SBS17a",0,0
"TOV3392D","rare_read_supported","target_restricted","SBS17b",0,0
"TOV3392D","rare_read_supported","target_restricted","SBS18",0,0
"TOV112D","rare_read_supported","target_restricted","SBS1",0,0
"TOV112D","rare_read_supported","target_restricted","SBS5",50.7919334938465,0.40900732079286
"TOV112D","rare_read_supported","target_restricted","SBS40",49.5589378054139,0.399078494926524
"TOV112D","rare_read_supported","target_restricted","SBS6",0,0
"TOV112D","rare_read_supported","target_restricted","SBS14",3.21723242110594,0.0259070982813421
"TOV112D","rare_read_supported","target_restricted","SBS15",0,0
"TOV112D","rare_read_supported","target_restricted","SBS20",0,0
"TOV112D","rare_read_supported","target_restricted","SBS21",0,0
"TOV112D","rare_read_supported","target_restricted","SBS26",6.03765264358125,0.0486188251118315
"TOV112D","rare_read_supported","target_restricted","SBS44",0,0
"TOV112D","rare_read_supported","target_restricted","SBS10a",2.87686804739607,0.0231662788045391
"TOV112D","rare_read_supported","target_restricted","SBS10b",3.42356576331512,0.0275686189536637
"TOV112D","rare_read_supported","target_restricted","SBS10c",0,0
"TOV112D","rare_read_supported","target_restricted","SBS10d",0,0
"TOV112D","rare_read_supported","target_restricted","SBS28",0,0
"TOV112D","rare_read_supported","target_restricted","SBS2",0,0
"TOV112D","rare_read_supported","target_restricted","SBS13",0,0
"TOV112D","rare_read_supported","target_restricted","SBS3",0,0
"TOV112D","rare_read_supported","target_restricted","SBS8",0,0
"TOV112D","rare_read_supported","target_restricted","SBS17a",5.42605550731691,0.0436938756385383
"TOV112D","rare_read_supported","target_restricted","SBS17b",2.85118799198969,0.0229594874907009
"TOV112D","rare_read_supported","target_restricted","SBS18",0,0
"TOV2414","rare_read_supported","target_restricted","SBS1",8.55776226502661,0.0422149337444643
"TOV2414","rare_read_supported","target_restricted","SBS5",110.726755681356,0.546208519244653
"TOV2414","rare_read_supported","target_restricted","SBS40",83.4343188716138,0.411576547010883
"TOV2414","rare_read_supported","target_restricted","SBS6",0,0
"TOV2414","rare_read_supported","target_restricted","SBS14",0,0
"TOV2414","rare_read_supported","target_restricted","SBS15",0,0
"TOV2414","rare_read_supported","target_restricted","SBS20",0,0
"TOV2414","rare_read_supported","target_restricted","SBS21",0,0
"TOV2414","rare_read_supported","target_restricted","SBS26",0,0
"TOV2414","rare_read_supported","target_restricted","SBS44",0,0
"TOV2414","rare_read_supported","target_restricted","SBS10a",0,0
"TOV2414","rare_read_supported","target_restricted","SBS10b",0,0
"TOV2414","rare_read_supported","target_restricted","SBS10c",0,0
"TOV2414","rare_read_supported","target_restricted","SBS10d",0,0
"TOV2414","rare_read_supported","target_restricted","SBS28",0,0
"TOV2414","rare_read_supported","target_restricted","SBS2",0,0
"TOV2414","rare_read_supported","target_restricted","SBS13",0,0
"TOV2414","rare_read_supported","target_restricted","SBS3",0,0
"TOV2414","rare_read_supported","target_restricted","SBS8",0,0
"TOV2414","rare_read_supported","target_restricted","SBS17a",0,0
"TOV2414","rare_read_supported","target_restricted","SBS17b",0,0
"TOV2414","rare_read_supported","target_restricted","SBS18",0,0
