"cell_line","substrate","reference","dictionary","opportunity_model","n_snv","n_reference_signatures","n_selected","sbs3_count","total_fitted","sbs3_fraction","reconstruction_cosine","nnls_without_sbs3_delta_sse_per_n_squared","nnls_with_sbs3_cosine","nnls_without_sbs3_cosine","n_boots","seed","cache_sha256","boot_fraction_lo95","boot_fraction_hi95","boot_fraction_median","boot_selected_fraction","boot_count_lo95","boot_count_hi95","patient_id","subtype","patient_representative","interpretation"
"OV1369-R2","baseline","genome_full","full","genome",594,60,9,223.605033058351,593.544715104005,0.376728201546145,0.953603299959995,2.36993038912547e-05,0.957972610121367,0.957292342335325,200,44377251,"c5412535c5e68b354b8203497bbb16b6ed08d53c5150094641d04911303e6c0e",0,0.579620751274241,0.297928290059791,0.745,0,332.177826830031,"1369","HGS",TRUE,"conditional SBS3 fit; not an HRD classification; tumour-only, no sample-callable mask"
"OV1369-R2","rare","target_full","full","target",485,60,8,0,483.826294517526,0,0.945670616260078,2.06656005293777e-06,0.950743386060782,0.950676722569214,0,196068905,"9bac18382ef7078ef4c14e0fa64ae7ed11f2dddcb3cfc37070292c3be0d2c521",,,,,,,"1369","HGS",TRUE,"conditional SBS3 fit; not an HRD classification; tumour-only, no sample-callable mask"
"OV1369-R2","rare_read_supported","genome_full","full","genome",374,60,6,108.162183733899,371.790008756312,0.290922782179425,0.934542243124534,1.19400160131005e-05,0.944974150712761,0.944598997112314,200,79275449,"2c65fc6f2ca093bdd696e19089ba6f4e2c248103da115da4ef7f70ebf83619b1",0,0.485384364119025,0.129004137126685,0.565,0,178.31169202863,"1369","HGS",TRUE,"conditional SBS3 fit; not an HRD classification; tumour-only, no sample-callable mask"
"OV1369-R2","baseline","genome_restricted","restricted","genome",594,22,5,223.428864999266,580.544790918868,0.384860683437758,0.932005956852901,0.000333402360109659,0.93364978637227,0.923781789050455,200,44377251,"acec75940217e44d586537998fc73f0cb1f1a34b76e084daae17abbce167d579",0.233372757683178,0.676148292882833,0.415989177075959,0.995,135.653128583841,388.890313817718,"1369","HGS",TRUE,"conditional SBS3 fit; not an HRD classification; tumour-only, no sample-callable mask"
"OV1369-R2","rare","target_restricted","restricted","target",485,22,5,102.168473066699,478.247231231805,0.21363108115346,0.9237888518283,8.64506390006943e-05,0.925354644218913,0.922485039836694,0,196068905,"5c4ceaf2d3b7591a00f2aca9995f0301838c891a89a75e748eaa38b9e2ec9caf",,,,,,,"1369","HGS",TRUE,"conditional SBS3 fit; not an HRD classification; tumour-only, no sample-callable mask"
"OV1369-R2","baseline","target_full","full","target",594,60,7,0,594.289694885176,0,0.960372098830504,3.56175493316636e-06,0.9680490877236,0.967947945493728,200,44377251,"2350082a241bf85f8394b90b26900ca108ba37ec9e0386ec4d77c9be0643c9fb",0,0.521929249512069,0,0.45,0,304.340744322932,"1369","HGS",TRUE,"conditional SBS3 fit; not an HRD classification; tumour-only, no sample-callable mask"
"OV1369-R2","rare","genome_full","full","genome",485,60,8,146.043885950718,473.500967289601,0.308434187128903,0.944937787682877,2.26650314964664e-05,0.949532180547783,0.94879985824909,0,196068905,"0d0ec7533961128189d9ff4b4298ef5d161eb67d936a54356f1be7bc53ee4b50",,,,,,,"1369","HGS",TRUE,"conditional SBS3 fit; not an HRD classification; tumour-only, no sample-callable mask"
"OV1369-R2","baseline","target_restricted","restricted","target",594,22,6,108.626238374106,589.670720477472,0.184215079029443,0.950972055887351,7.56754142798867e-05,0.951158067417697,0.948968564948808,200,44377251,"eefba666ae8426ad6dd042e5b610baac71a6722dfb2499e4a616af5d4ed389f2",0,0.381750426183815,0.196520720261849,0.765,0,232.132288193778,"1369","HGS",TRUE,"conditional SBS3 fit; not an HRD classification; tumour-only, no sample-callable mask"
"OV1369-R2","rare","genome_restricted","restricted","genome",485,22,4,201.304266134446,472.968817041912,0.425618473948162,0.909516334008458,0.000454809946676245,0.912885479256246,0.897476186074859,0,196068905,"deaa5de143413773bb198068acaa4441461bbe3297dff28852ee1225341dcb5f",,,,,,,"1369","HGS",TRUE,"conditional SBS3 fit; not an HRD classification; tumour-only, no sample-callable mask"
"OV1369-R2","rare_read_supported","genome_restricted","restricted","genome",374,22,3,189.249121506436,374.434279214965,0.505426805214559,0.907875188090188,0.000475293263865858,0.913907726320761,0.898336860351728,200,79275449,"07a4b1be8a62cf4cd4b762d16e74e44dd705dcdf1d0b07db8c28c5c0d6a7bafb",0.25643818551646,0.733426278336107,0.477850398840732,1,96.806512203428,272.241006248922,"1369","HGS",TRUE,"conditional SBS3 fit; not an HRD classification; tumour-only, no sample-callable mask"
"OV1369-R2","rare_read_supported","target_full","full","target",374,60,10,0,378.787386183642,0,0.939628133287351,4.06384360868255e-19,0.94338836033923,0.94338836033923,200,79275449,"8363c4f5203232b150fffacc9dad3513cb6e01382d9d507056e857df6f3ff018",0,0.344765777990705,0,0.255,0,128.730823296933,"1369","HGS",TRUE,"conditional SBS3 fit; not an HRD classification; tumour-only, no sample-callable mask"
"OV1369-R2","rare_read_supported","target_restricted","restricted","target",374,22,4,111.386156455085,370.669376774452,0.300500023563754,0.907606709675484,0.000125608408149918,0.912908687422639,0.908815099705034,200,79275449,"8cccf0adbe5a5156049efc01c2e562328a834f7d1d05cb8b877ce6467987d5a0",0,0.552547446716946,0.241209399347635,0.885,0,202.474847335489,"1369","HGS",TRUE,"conditional SBS3 fit; not an HRD classification; tumour-only, no sample-callable mask"
"OV2085","rare","target_full","full","target",375,60,4,0,370.42721537813,0,0.944445741677641,0,0.955098740177081,0.955098740177081,0,64735369,"1572b2a517300e8c6eb4b8cd6468ad7c247abe8a9f11f26b9edc283c0fd84cbd",,,,,,,"OV2085","HGS",TRUE,"conditional SBS3 fit; not an HRD classification; tumour-only, no sample-callable mask"
"OV2085","baseline","target_restricted","restricted","target",476,22,4,55.6050485838209,488.542916507674,0.113818145151527,0.944610355573801,6.5281880816997e-05,0.951747766802404,0.9499150402333,200,264459337,"00dbc3d055fb648e38aa0ef10b89e189be127154b8044a802325f0309fc8bbfd",0,0.33580442532845,0.155367755475083,0.83,0,165.026992206838,"OV2085","HGS",TRUE,"conditional SBS3 fit; not an HRD classification; tumour-only, no sample-callable mask"
"OV2085","rare_read_supported","target_restricted","restricted","target",267,22,2,0,269.422886972962,0,0.905650788710461,2.23229911365742e-05,0.910883375793363,0.910199063399392,200,160969270,"4c1a17c01231dcd993d9700c3d7f1e399b56381fcc1d7b873e55226d684181df",0,0.327433177800045,0.0201714003594115,0.5,0,92.5708081780384,"OV2085","HGS",TRUE,"conditional SBS3 fit; not an HRD classification; tumour-only, no sample-callable mask"
"OV2085","baseline","genome_full","full","genome",476,60,9,45.850529767561,471.279902582521,0.0972893805068053,0.956433224096001,2.97960240883377e-06,0.958074742002269,0.957991721323965,200,264459337,"eb5968c7bf5de97ecf5ba26330dd1796bc29d470e30945d2c7a56b61e40b5fb6",0,0.355188440066618,0,0.32,0,167.61596436182,"OV2085","HGS",TRUE,"conditional SBS3 fit; not an HRD classification; tumour-only, no sample-callable mask"
"OV2085","rare_read_supported","genome_full","full","genome",267,60,11,0,261.925880726344,0,0.936711969744147,0,0.940194271348055,0.940194271348055,200,160969270,"a4d78817da3c216d8da870dec41787426706730d418cd090d3a5b4386f72b89d",0,0,0,0.02,0,0,"OV2085","HGS",TRUE,"conditional SBS3 fit; not an HRD classification; tumour-only, no sample-callable mask"
"OV2085","rare","target_restricted","restricted","target",375,22,2,0,376.426902532493,0,0.925568157278916,9.8201744315803e-06,0.931099855561637,0.930785708670871,0,64735369,"89833d07e3b2aaf3cc50d24887049922da61e2d80258a74a75c06046fbd06c65",,,,,,,"OV2085","HGS",TRUE,"conditional SBS3 fit; not an HRD classification; tumour-only, no sample-callable mask"
"OV2085","baseline","target_full","full","target",476,60,17,29.0772537171516,477.478502053943,0.0608975139028701,0.969990813079442,4.31039574453634e-06,0.970588135801795,0.970469581524839,200,264459337,"340803e91c20eba5266dc6f5d9d7110b560e395d981adde62c1f35e55a4c5b76",0,0.347613112265279,0,0.325,0,168.502360782714,"OV2085","HGS",TRUE,"conditional SBS3 fit; not an HRD classification; tumour-only, no sample-callable mask"
"OV2085","rare_read_supported","target_full","full","target",267,60,12,0,264.353576028175,0,0.940816853997028,0,0.946328056062389,0.946328056062389,200,160969270,"d5d8356d1fac626db40437812c2176db7a22df5f2eb770fab3e050391c0bc0b6",0,0,0,0.02,0,0,"OV2085","HGS",TRUE,"conditional SBS3 fit; not an HRD classification; tumour-only, no sample-callable mask"
"OV2085","rare","genome_full","full","genome",375,60,8,0,360.0865345237,0,0.940986836502383,6.5120114243675e-07,0.946539449618046,0.946518960763099,0,64735369,"e44644bfd9050269257aa6f9aef0eb609101cab2008fab80f261efff227e77e9",,,,,,,"OV2085","HGS",TRUE,"conditional SBS3 fit; not an HRD classification; tumour-only, no sample-callable mask"
"OV2085","rare_read_supported","genome_restricted","restricted","genome",267,22,4,48.436291557245,260.106110758564,0.186217430324828,0.87196727529678,0.00012880711988922,0.876820383040621,0.872710306307811,200,160969270,"656d7799316dd1bc44b43dd9e76e9957b219f0253653d3361ece4c68d07b18f6",0,0.506297173229524,0.239936844810597,0.9,0,132.765184979697,"OV2085","HGS",TRUE,"conditional SBS3 fit; not an HRD classification; tumour-only, no sample-callable mask"
"OV2085","rare","genome_restricted","restricted","genome",375,22,5,97.3008560687055,363.206725763937,0.26789387191014,0.889558180640025,0.00023516746577248,0.89254383528281,0.884662388234427,0,64735369,"5a0bb43741ebd748f0160e3ea17622c3625efe6c6e6931d4b756055d6cb45b48",,,,,,,"OV2085","HGS",TRUE,"conditional SBS3 fit; not an HRD classification; tumour-only, no sample-callable mask"
"OV2085","baseline","genome_restricted","restricted","genome",476,22,5,195.279164346713,461.60064756011,0.42304785614774,0.910973851936296,0.000373507273150305,0.9151205140047,0.904159822161704,200,264459337,"dc1fdf20288573e0efeb0bec7d164dda7206a7a7f990b6e46338999669671798",0.190320951730382,0.541585022040648,0.389232316775659,0.99,85.5101164921132,251.851668173773,"OV2085","HGS",TRUE,"conditional SBS3 fit; not an HRD classification; tumour-only, no sample-callable mask"
"OV2295","rare","target_full","full","target",318,60,11,0,317.144618454634,0,0.918242479989056,0,0.923328378630314,0.923328378630314,0,165475239,"d42cddb2400479aea55b265dac3f54271adae20b38df1eb173cd0323ff00299a",,,,,,,"2295","HGS",TRUE,"conditional SBS3 fit; not an HRD classification; tumour-only, no sample-callable mask"
"OV2295","baseline","target_full","full","target",403,60,8,0,398.90316815847,0,0.929881984037236,4.46921767367633e-09,0.937460774394487,0.937460638796757,200,183198952,"20cc0c982e00744b30d9a3ba67c76fff517f4dc24e54be32c33892205ca45ac7",0,0.246601056093257,0,0.215,0,99.1374304850473,"2295","HGS",TRUE,"conditional SBS3 fit; not an HRD classification; tumour-only, no sample-callable mask"
"OV2295","rare_read_supported","genome_restricted","restricted","genome",223,22,5,104.259600280603,211.71644104952,0.492449239009343,0.854956305338991,0.000495162087008304,0.855564486224687,0.838723830445125,200,53061927,"c8b68ee9079ae32fb87056e5386434776b139b096ff57a4111017159c14c281e",0.204725539750038,0.688265684901774,0.47226467376681,1,43.0513470137645,144.824721513318,"2295","HGS",TRUE,"conditional SBS3 fit; not an HRD classification; tumour-only, no sample-callable mask"
"OV2295","baseline","genome_full","full","genome",403,60,8,58.5775288838615,384.915947024511,0.152182650099793,0.922673293084666,8.24616664239017e-06,0.933423973872892,0.933172666281999,200,183198952,"46ba934d40d74a53e9a4de048757ef7dabc698105ccad2de46d6b3ff8c2ebf9a",0,0.417739857554782,0,0.41,0,163.997795594925,"2295","HGS",TRUE,"conditional SBS3 fit; not an HRD classification; tumour-only, no sample-callable mask"
"OV2295","baseline","target_restricted","restricted","target",403,22,4,62.8130539845704,385.552462973462,0.162917008751916,0.898062850502539,8.50947704055155e-05,0.9031300713252,0.900446134102146,200,183198952,"ea2c71b792c077d7a5f975a3ac990caffcc2de947b53e2eeec364ca52b063639",0,0.436081201370421,0.167343781464203,0.815,0,165.970759677634,"2295","HGS",TRUE,"conditional SBS3 fit; not an HRD classification; tumour-only, no sample-callable mask"
"OV2295","rare_read_supported","target_restricted","restricted","target",223,22,4,56.4439919789946,210.265840534922,0.268441092644434,0.856462833278344,0.000132317444356018,0.857245825856849,0.852787091856235,200,53061927,"1e1a8d57ebb206dfd20eda467434f07f12a4a1cc077689d8862cd80731c58ecb",0,0.539741765958255,0.232785703966834,0.765,0,114.839918405864,"2295","HGS",TRUE,"conditional SBS3 fit; not an HRD classification; tumour-only, no sample-callable mask"
"OV2295","rare","genome_restricted","restricted","genome",318,22,5,162.51689619466,289.489436931847,0.561391454959788,0.848207388672009,0.000507988769734532,0.852727768972959,0.834159196339026,0,165475239,"0561c79f7181c3c5f7d8abf00bbe91199201cd5b5d47bc86d030b862c2e76eaa",,,,,,,"2295","HGS",TRUE,"conditional SBS3 fit; not an HRD classification; tumour-only, no sample-callable mask"
"OV2295","rare_read_supported","target_full","full","target",223,60,9,0,225.093690935643,0,0.890142346578746,0,0.893617808967418,0.893617808967418,200,53061927,"192631cc17d42b41126bdfc65cf0945e2ddaec2e16c407595b72c5a2d2c6b221",0,0.208798061460483,0,0.11,0,48.1309308684771,"2295","HGS",TRUE,"conditional SBS3 fit; not an HRD classification; tumour-only, no sample-callable mask"
"OV2295","rare","target_restricted","restricted","target",318,22,2,0,291.995050395041,0,0.861974845703905,7.04638236593389e-05,0.873948794984632,0.871459481641609,0,165475239,"c9fed85f0bc47c67e2851030772efc6fe105d16c99c60ee993ac221ec7f68d70",,,,,,,"2295","HGS",TRUE,"conditional SBS3 fit; not an HRD classification; tumour-only, no sample-callable mask"
"OV2295","baseline","genome_restricted","restricted","genome",403,22,5,190.615921977425,382.0610689987,0.498914800393005,0.891309741609282,0.000453535006322094,0.892243933999597,0.877667094964446,200,183198952,"29ab05a093495e2656dde432bd7b975661f714137487ecd90e8dfa5f166088ee",0.200183961246103,0.651919714474836,0.443040638352728,0.995,75.5726326324374,247.666935329889,"2295","HGS",TRUE,"conditional SBS3 fit; not an HRD classification; tumour-only, no sample-callable mask"
"OV2295","rare_read_supported","genome_full","full","genome",223,60,12,19.765830683992,216.597409556715,0.0912560806911053,0.884591531980828,4.94524270254523e-06,0.888159945142793,0.887999508121749,200,53061927,"230fb8fc2bb59e2ce4cfcdd978651918e56a41e933d1d1a9e6b84047a21dedb7",0,0.410138237362588,0,0.255,0,89.6617316361052,"2295","HGS",TRUE,"conditional SBS3 fit; not an HRD classification; tumour-only, no sample-callable mask"
"OV2295","rare","genome_full","full","genome",318,60,9,0,303.043886197755,0,0.901841084392228,0,0.907198162725139,0.907198162725139,0,165475239,"154d9320c0618cae903a9ba21f3f080935beb55749239eff6b15f12c3068d679",,,,,,,"2295","HGS",TRUE,"conditional SBS3 fit; not an HRD classification; tumour-only, no sample-callable mask"
"OV2295-R2","baseline","genome_full","full","genome",572,60,7,93.6800949357328,554.81798832636,0.168848337485099,0.945561603040567,1.4413509563787e-07,0.953032514579901,0.953027999717124,200,52460060,"99b23eb79f5175c498277fce8780e7e7a0a46dbfa9cf9ffa4e16dcb9a89be767",0,0.40172935465999,0,0.3,0,227.215570757918,"2295","HGS",FALSE,"conditional SBS3 fit; not an HRD classification; tumour-only, no sample-callable mask"
"OV2295-R2","baseline","target_restricted","restricted","target",572,22,4,0,564.902991041999,0,0.931198448011286,1.04595120095189e-05,0.933382550706815,0.933047962140334,200,52460060,"8401cac55d1bc2e7cd9b58fbfc08574aeac21eea4b79688120e0772154c925ac",0,0.294385950688352,0,0.465,0,168.064011134032,"2295","HGS",FALSE,"conditional SBS3 fit; not an HRD classification; tumour-only, no sample-callable mask"
"OV2295-R2","rare","target_full","full","target",475,60,10,0,476.920914365622,0,0.939097816426419,0,0.942051108666028,0.942051108666028,0,93388001,"97653689d7a9e1f400e62d42a1eb195a686abac5a250fbdc6059cea0e50a2572",,,,,,,"2295","HGS",FALSE,"conditional SBS3 fit; not an HRD classification; tumour-only, no sample-callable mask"
"OV2295-R2","baseline","target_full","full","target",572,60,7,0,581.734503862664,0,0.951299076029795,-1.7373532587415e-19,0.956510568591155,0.956510568591155,200,52460060,"a68e750debacd2a0ca893fe57eba97ec1cd9425604bb0f454b34a87fb795e622",0,0.115586767975255,0,0.04,0,66.2456230213382,"2295","HGS",FALSE,"conditional SBS3 fit; not an HRD classification; tumour-only, no sample-callable mask"
"OV2295-R2","rare_read_supported","target_full","full","target",257,60,9,0,261.091130209485,0,0.916610366609314,0,0.921032328131895,0.921032328131895,200,181466783,"b7cbe6ca3ee92f8918df11b2af83d24e73b11440111b3eb615ff2551b09c69d5",0,0.000951515834494776,0,0.025,0,0.256342535240324,"2295","HGS",FALSE,"conditional SBS3 fit; not an HRD classification; tumour-only, no sample-callable mask"
"OV2295-R2","rare","target_restricted","restricted","target",475,22,6,30.8124891364592,462.268377219594,0.0666549793472509,0.913207180743052,4.77011175333704e-06,0.91417935503739,0.914025205819152,0,93388001,"2b1129acd75246731e5f7afc710c7c0747a3ac1f359ccd54c01145c27ffc73c0",,,,,,,"2295","HGS",FALSE,"conditional SBS3 fit; not an HRD classification; tumour-only, no sample-callable mask"
"OV2295-R2","rare_read_supported","target_restricted","restricted","target",257,22,4,45.8940361097752,254.228841730328,0.180522539446792,0.875520471963274,0.000121687207340983,0.877597865361187,0.873725051803622,200,181466783,"172936699a24f357b3cd63ca740950e185339803c65459e10a234efd23586158",0,0.47819721357354,0.214519899247002,0.84,0,122.790595378239,"2295","HGS",FALSE,"conditional SBS3 fit; not an HRD classification; tumour-only, no sample-callable mask"
"OV2295-R2","rare_read_supported","genome_restricted","restricted","genome",257,22,4,97.3596605555967,251.379529484237,0.387301467050053,0.851695763815486,0.000488821769789881,0.857631098522779,0.841596917756942,200,181466783,"6670a36fa1430501ed4d4f09e3790d36df129a6de18edafc3487dba8f6b24f26",0.230216120955242,0.752638583237469,0.471639987015293,1,55.9239083480836,193.450347839663,"2295","HGS",FALSE,"conditional SBS3 fit; not an HRD classification; tumour-only, no sample-callable mask"
"OV2295-R2","rare_read_supported","genome_full","full","genome",257,60,8,0,256.227995617001,0,0.909012360536964,0,0.915866714410722,0.915866714410722,200,181466783,"153d952ed4752533bf623c6c8969f26b21367a673da35dfb54b7a4d73a91db64",0,0.0784334820435987,0,0.035,0,19.9141223943319,"2295","HGS",FALSE,"conditional SBS3 fit; not an HRD classification; tumour-only, no sample-callable mask"
"OV2295-R2","baseline","genome_restricted","restricted","genome",572,22,4,249.494492892121,551.291950782025,0.452563278927264,0.905251846195632,0.000280571816004728,0.910056218517042,0.900805611587446,200,52460060,"17c07ae5e1a821fdbab0deab13bf25030ab467abc58fa4f30720590e44f9936d",0.143293416575913,0.581567094706844,0.405083527992175,1,77.3878325878255,326.158063779169,"2295","HGS",FALSE,"conditional SBS3 fit; not an HRD classification; tumour-only, no sample-callable mask"
"OV2295-R2","rare","genome_restricted","restricted","genome",475,22,5,169.976321709156,452.442653582812,0.375685891600061,0.880389386258215,0.000272110579932063,0.883168023696033,0.874019206493477,0,93388001,"1575958c9bf0ffed8087f14e9ccce3f9fdb5920ab86d150a83f75ab7334f7e57",,,,,,,"2295","HGS",FALSE,"conditional SBS3 fit; not an HRD classification; tumour-only, no sample-callable mask"
"OV2295-R2","rare","genome_full","full","genome",475,60,7,0,444.959274337202,0,0.924895092422542,0,0.937172129803354,0.937172129803354,0,93388001,"59696cb78099ca663aa16d40924d8621b8e5f94f7efc6f67c195f02d1db5ee9f",,,,,,,"2295","HGS",FALSE,"conditional SBS3 fit; not an HRD classification; tumour-only, no sample-callable mask"
"OV3133-R","rare","target_full","full","target",340,60,8,0,342.498546273292,0,0.946301404115381,0,0.952985178287531,0.952985178287531,0,211868911,"1255b50bf24157f8d4b1675be03220881717185718dc702363ef40d236087ec2",,,,,,,"3133","HGS",TRUE,"conditional SBS3 fit; not an HRD classification; tumour-only, no sample-callable mask"
"OV3133-R","baseline","target_full","full","target",437,60,9,0,427.717603429831,0,0.954769700054714,0,0.96258246437615,0.96258246437615,200,235695072,"3011629d4c8003dcd53fe038b285d62ae43085bffcfc5e8420a0d5f7476a27f5",0,0.0938827299929764,0,0.05,0,41.5631343531999,"3133","HGS",TRUE,"conditional SBS3 fit; not an HRD classification; tumour-only, no sample-callable mask"
"OV3133-R","rare_read_supported","genome_full","full","genome",209,60,11,16.2733651399906,213.401066568492,0.0762571874717766,0.939845925851401,1.68907148346512e-05,0.94573470830351,0.945264061812479,200,216986312,"5e882e4ea0feb2de1fd4a80240ff73ab52792020eec127482c802a569805f9d3",0,0.386819918254483,0,0.43,0,80.4618474121385,"3133","HGS",TRUE,"conditional SBS3 fit; not an HRD classification; tumour-only, no sample-callable mask"
"OV3133-R","rare_read_supported","target_restricted","restricted","target",209,22,5,0,214.161933919232,0,0.90936337372654,9.58003870601819e-07,0.917047601533811,0.91702007890281,200,216986312,"24226e3b0d395a3e55bf3622997171175272d3ab7c444ece93e3376025cb4628",0,0.307000898679629,0,0.435,0,67.4616995584282,"3133","HGS",TRUE,"conditional SBS3 fit; not an HRD classification; tumour-only, no sample-callable mask"
"OV3133-R","rare_read_supported","genome_restricted","restricted","genome",209,22,9,45.7917674082091,210.878846765799,0.217147277266104,0.899632440221916,7.99446631743573e-05,0.902209976224092,0.899872469533829,200,216986312,"56ad068294083a6e4005df7868df824c9a770e5558e7d80620da3eef611ba904",0,0.469920426510746,0.207538044847258,0.825,0,101.204925375496,"3133","HGS",TRUE,"conditional SBS3 fit; not an HRD classification; tumour-only, no sample-callable mask"
"OV3133-R","baseline","target_restricted","restricted","target",437,22,4,0,443.059085618833,0,0.928991549960632,0,0.934506624658354,0.934506624658354,200,235695072,"4db1b16f14f0f18c2884d516b51d34387e8c10f9246cbd1fc96e6406104b561c",0,0.153898972470994,0,0.155,0,68.8599096265414,"3133","HGS",TRUE,"conditional SBS3 fit; not an HRD classification; tumour-only, no sample-callable mask"
"OV3133-R","rare_read_supported","target_full","full","target",209,60,7,0,211.94868936746,0,0.937829135212422,1.23288135498317e-06,0.948796809231512,0.948762574734578,200,216986312,"a47c19be5e61fc0a4258d4bebfd59e3475f5c3cd17f4495d759b175b105026a9",0,0.312676337409456,0,0.3,0,67.1428670413565,"3133","HGS",TRUE,"conditional SBS3 fit; not an HRD classification; tumour-only, no sample-callable mask"
"OV3133-R","rare","target_restricted","restricted","target",340,22,5,0,341.406541164003,0,0.91239001744942,0,0.916435785585794,0.916435785585794,0,211868911,"18689157242661873ba2a1f9982ce52a1b4f1dcdc37ab3878cdb3e92a270a255",,,,,,,"3133","HGS",TRUE,"conditional SBS3 fit; not an HRD classification; tumour-only, no sample-callable mask"
"OV3133-R","rare","genome_restricted","restricted","genome",340,22,8,63.5730763172605,331.370858080397,0.191848724071676,0.885049090276526,0.000112706496574098,0.890312318886682,0.886635205451798,0,211868911,"3f1468ae56deeaba1ca9c2a8216371245005218dff60f2248b5bc808647929e6",,,,,,,"3133","HGS",TRUE,"conditional SBS3 fit; not an HRD classification; tumour-only, no sample-callable mask"
"OV3133-R","baseline","genome_full","full","genome",437,60,10,0,430.782372554737,0,0.949294479530835,0,0.95295088091626,0.95295088091626,200,235695072,"7a83db49be993c3ec4613a168c8708f65dfbe6de103b4ba3c2d9ae33cfc3bcd2",0,0.242077868633286,0,0.15,0,104.305337486584,"3133","HGS",TRUE,"conditional SBS3 fit; not an HRD classification; tumour-only, no sample-callable mask"
"OV3133-R","rare","genome_full","full","genome",340,60,8,0,330.178081706277,0,0.937162465877074,-4.91725076650588e-19,0.94573533172438,0.94573533172438,0,211868911,"673b59b092e1c1a23d4f087bfa3a8be8616c6ebabc373544ae2f73a1723a8014",,,,,,,"3133","HGS",TRUE,"conditional SBS3 fit; not an HRD classification; tumour-only, no sample-callable mask"
"OV3133-R","baseline","genome_restricted","restricted","genome",437,22,5,113.637613659216,422.516563454481,0.268954222125917,0.882406212865522,8.6194383502452e-05,0.896882468336424,0.894156140101082,200,235695072,"98a0e4dd57836de665d7271d05fd0eb08b318bc39fc868f268dda4dac01bf6e5",0,0.440069801832404,0.242272080845311,0.9,0,186.785710188612,"3133","HGS",TRUE,"conditional SBS3 fit; not an HRD classification; tumour-only, no sample-callable mask"
"OV3133-R2","baseline","genome_full","full","genome",395,60,7,53.8404696953526,391.177156712439,0.137637049534903,0.93947455901866,1.30065580319918e-05,0.950072769050208,0.949695976096485,200,1670982,"ae21ba437b1f0e227b983d28b879b33f68bb6ca8936f51e0dfcf0523021c2cd2",0,0.326059910276724,0,0.42,0,128.699381672513,"3133","HGS",FALSE,"conditional SBS3 fit; not an HRD classification; tumour-only, no sample-callable mask"
"OV3133-R2","baseline","genome_restricted","restricted","genome",395,22,6,91.066460786901,381.531102777241,0.23868685966625,0.913437917248853,6.15117688161978e-05,0.918304161581928,0.91645906409752,200,1670982,"db2fdcb7c03833885b09d0f90477e02a77fa4493649cb4e6b0646109900e6dd4",0,0.400503917496778,0.19637570366969,0.885,0,153.742366563686,"3133","HGS",FALSE,"conditional SBS3 fit; not an HRD classification; tumour-only, no sample-callable mask"
"OV3133-R2","rare","target_restricted","restricted","target",296,22,5,0,293.443335831933,0,0.909615229162331,1.81081678520727e-06,0.916465085781893,0.916408803847749,0,103356932,"eed19851ced9e3087f483f100f8b1b2f5bbfe47d3a7f426342d444b70c77f559",,,,,,,"3133","HGS",FALSE,"conditional SBS3 fit; not an HRD classification; tumour-only, no sample-callable mask"
"OV3133-R2","rare","target_full","full","target",296,60,10,0,294.852634103095,0,0.9340134004549,1.06119910394893e-06,0.938699824304797,0.938667622910396,0,103356932,"759a8138794862089a26f547f6b5627020be63bf8c16663f3622e6b30de24816",,,,,,,"3133","HGS",FALSE,"conditional SBS3 fit; not an HRD classification; tumour-only, no sample-callable mask"
"OV3133-R2","rare_read_supported","genome_full","full","genome",214,60,7,38.933042357405,214.519921088942,0.181489169676055,0.910612839926849,7.07772354180485e-05,0.918172744277052,0.916118015458779,200,232348555,"d3027cbe6375a70c3af60b284b91efd2d6104ada2fa79f021b3b43f5c776924f",0,0.477640558839651,0.240596270519423,0.72,0,105.510867213863,"3133","HGS",FALSE,"conditional SBS3 fit; not an HRD classification; tumour-only, no sample-callable mask"
"OV3133-R2","baseline","target_restricted","restricted","target",395,22,4,0,397.239503406919,0,0.933788523282972,0,0.939122572154354,0.939122572154354,200,1670982,"dd609783d28322e3ef46d4b47df20e2548a023d61bfe367281aa3468f824b685",0,0.208918029781024,0,0.23,0,80.790391798845,"3133","HGS",FALSE,"conditional SBS3 fit; not an HRD classification; tumour-only, no sample-callable mask"
"OV3133-R2","rare_read_supported","genome_restricted","restricted","genome",214,22,5,74.126687786216,213.482315258991,0.347226362503552,0.868666006487978,0.000235861713508591,0.874295041330913,0.86708241176585,200,232348555,"ba8233bfa5525be3fb2f31187413b95909e37c33e4812610b2675c068831903e",0,0.603041214139013,0.352427680018139,0.97,0,126.928517299236,"3133","HGS",FALSE,"conditional SBS3 fit; not an HRD classification; tumour-only, no sample-callable mask"
"OV3133-R2","baseline","target_full","full","target",395,60,9,0,395.740405161774,0,0.945493191865924,2.59758333621857e-06,0.955098476010009,0.955023633303196,200,1670982,"da22ca87292d956c8948cc56aa7f080a02976275d61055a9b99abd4e5922d1ab",0,0.272102157405429,0,0.295,0,108.020381534425,"3133","HGS",FALSE,"conditional SBS3 fit; not an HRD classification; tumour-only, no sample-callable mask"
"OV3133-R2","rare","genome_full","full","genome",296,60,7,74.4721177349789,285.060487601133,0.261250229246724,0.917214535701765,3.89605881097123e-05,0.93256822320703,0.931377476650771,0,103356932,"11e5ac84e0cd032907a07efaa9136a9d2b0d010478631639f32375a961738102",,,,,,,"3133","HGS",FALSE,"conditional SBS3 fit; not an HRD classification; tumour-only, no sample-callable mask"
"OV3133-R2","rare_read_supported","target_full","full","target",214,60,7,12.0435768527628,212.726677264149,0.0566152633400461,0.913265338362459,9.81227967403298e-06,0.920925994413899,0.920642260536067,200,232348555,"e5955915f3f28c3dfcde94dca4da882aa7e516154217f0c0489f3e99ed026c4b",0,0.390800213822693,0,0.48,0,84.9484612071246,"3133","HGS",FALSE,"conditional SBS3 fit; not an HRD classification; tumour-only, no sample-callable mask"
"OV3133-R2","rare","genome_restricted","restricted","genome",296,22,6,99.2014043334227,286.337715088713,0.346448962556987,0.889621606596406,0.000146709683009572,0.89391917393731,0.889232144660079,0,103356932,"ee454d57564ac5d448d8e7a3831fd63d28c7b729d46a0e390f2b6362f7b20dd0",,,,,,,"3133","HGS",FALSE,"conditional SBS3 fit; not an HRD classification; tumour-only, no sample-callable mask"
"OV3133-R2","rare_read_supported","target_restricted","restricted","target",214,22,4,32.7955022181483,216.964244469356,0.151156252950151,0.885662169053842,4.53685769323455e-05,0.890168910510494,0.88881086838744,200,232348555,"318732776704cff152e35b7dd7b0d3a1e90b4035e8299047a3c15fc886cf90e2",0,0.402698752495963,0.130130933247156,0.65,0,88.018859151429,"3133","HGS",FALSE,"conditional SBS3 fit; not an HRD classification; tumour-only, no sample-callable mask"
"OV3291","rare_read_supported","target_restricted","restricted","target",243,22,4,46.3752454209322,239.979751036827,0.193246493591935,0.871363336207057,0.000161596088535729,0.876342554896895,0.871272860023388,200,75770822,"03c875d896200426dfcb0e702392b6c2c694c06979cb1c3832a94e321a09c599",0,0.528194719853058,0.227536889731334,0.87,0,125.811003591653,"3291","HGS",FALSE,"conditional SBS3 fit; not an HRD classification; tumour-only, no sample-callable mask"
"OV3291","baseline","genome_full","full","genome",430,60,9,0,413.069210545704,0,0.932588912436425,0,0.940354261081765,0.940354261081765,200,26587481,"27e7116465700d4845ff1bf86e6398a43ed90cb9b19dd56a6b46c221d550058a",0,0.343194515844459,0,0.105,0,144.859960119957,"3291","HGS",FALSE,"conditional SBS3 fit; not an HRD classification; tumour-only, no sample-callable mask"
"OV3291","rare","target_full","full","target",360,60,9,0,359.886153246026,0,0.922765976618969,0,0.933006608681753,0.933006608681753,0,217571141,"6d7cfc0348f5b87f9ec6421add869133880ad9faa17de231b0db6b275360fff0",,,,,,,"3291","HGS",FALSE,"conditional SBS3 fit; not an HRD classification; tumour-only, no sample-callable mask"
"OV3291","rare_read_supported","genome_full","full","genome",243,60,12,54.2195484247996,247.155519407924,0.21937421650419,0.921234974508961,2.30418823558196e-06,0.92605688872094,0.92598867635212,200,75770822,"721c70a0fb4c991eed05b9e497e4ba07fb094c093e6fcd71a9c1e7fb847de490",0,0.408853881304418,0,0.275,0,101.096419815776,"3291","HGS",FALSE,"conditional SBS3 fit; not an HRD classification; tumour-only, no sample-callable mask"
"OV3291","rare","target_restricted","restricted","target",360,22,4,0,345.265189896646,0,0.883555280748911,3.77911353051634e-06,0.888708504201139,0.888584148345801,0,217571141,"54f4af11530f667ec283ff7c7e4778ddb377d696b6f341c3b139f46c5d35cf93",,,,,,,"3291","HGS",FALSE,"conditional SBS3 fit; not an HRD classification; tumour-only, no sample-callable mask"
"OV3291","rare_read_supported","genome_restricted","restricted","genome",243,22,6,129.740256970897,241.557734517823,0.537098334813718,0.874766352802371,0.000633566333715813,0.877971098624444,0.857960674976797,200,75770822,"f007388e0fc8a715b207e6cf6f58b20925814b492c48f54447cbc19b7e2d860d",0.258610563439632,0.780883897065437,0.51061107238049,0.995,63.215043263578,183.456582603694,"3291","HGS",FALSE,"conditional SBS3 fit; not an HRD classification; tumour-only, no sample-callable mask"
"OV3291","baseline","target_full","full","target",430,60,8,0,434.567458519594,0,0.939819702886839,0,0.950142740786561,0.950142740786561,200,26587481,"028dea08435f352b686d396140fefb12eec7006d8884ef72c4e63785a0b9f22f",0,0.191082968076459,0,0.085,0,81.3932643444008,"3291","HGS",FALSE,"conditional SBS3 fit; not an HRD classification; tumour-only, no sample-callable mask"
"OV3291","rare","genome_full","full","genome",360,60,12,0,352.305661540758,0,0.911699141197094,0,0.916212959146162,0.916212959146162,0,217571141,"61a1826563d903c489242aa91e02fab980ba47f848949d1f567141dff118a7ac",,,,,,,"3291","HGS",FALSE,"conditional SBS3 fit; not an HRD classification; tumour-only, no sample-callable mask"
"OV3291","baseline","target_restricted","restricted","target",430,22,4,0,421.333250367499,0,0.911383994754673,2.35085424931177e-07,0.915848298305531,0.915840783828993,200,26587481,"089886919b93f1b20a5c7396f73b696303bc6d5ef3b7d4ee958dae6b5bbce575",0,0.239168682638503,0,0.37,0,103.93149534919,"3291","HGS",FALSE,"conditional SBS3 fit; not an HRD classification; tumour-only, no sample-callable mask"
"OV3291","rare","genome_restricted","restricted","genome",360,22,6,137.564967552358,334.171868507636,0.411659330172536,0.862882250005396,0.000288948084598029,0.866067716195731,0.856256106658493,0,217571141,"d9aa3a4c15c0851dd03505b0b1d4e1770a2957a44e02c27495861d83e2348d5b",,,,,,,"3291","HGS",FALSE,"conditional SBS3 fit; not an HRD classification; tumour-only, no sample-callable mask"
"OV3291","rare_read_supported","target_full","full","target",243,60,9,33.2351122921051,254.568574863124,0.130554654320451,0.926683626972243,1.06375615323002e-05,0.93057893804121,0.930265516489377,200,75770822,"04e1e17c72a94a3adfdfec5effa2f6921053bdaa3eb204d9d544dd0ee67e8da5",0,0.266349471450795,0,0.245,0,67.7408369187189,"3291","HGS",FALSE,"conditional SBS3 fit; not an HRD classification; tumour-only, no sample-callable mask"
"OV3291","baseline","genome_restricted","restricted","genome",430,22,6,152.802578972248,408.861908550307,0.373726619615989,0.892388464895973,0.000220334327969542,0.897912708973399,0.890700129575898,200,26587481,"0bcbc3edcdf9366e308025eaee7cad82668f08db9bc9771202a995c8d6bc9455",0.1207936147202,0.589362685885295,0.36291635661301,0.98,48.6651814647256,246.39703968196,"3291","HGS",FALSE,"conditional SBS3 fit; not an HRD classification; tumour-only, no sample-callable mask"
"TOV1369","rare_read_supported","genome_restricted","restricted","genome",427,22,5,307.006676759418,411.976629725958,0.745204107727263,0.892828665249766,0.00101736747245944,0.895244214506866,0.858479382081614,200,39868034,"82e2c17c26fbcf91c3a114dd868d5e3a3aa895137aab5bfaa97786d90ab80611",0.519671999918008,0.88372392151386,0.706077581047282,1,209.038884665464,364.990672858041,"1369","HGS",FALSE,"conditional SBS3 fit; not an HRD classification; tumour-only, no sample-callable mask"
"TOV1369","rare","target_full","full","target",574,60,6,0,561.320198355128,0,0.917651622015955,1.99038550947186e-07,0.92809596224446,0.928089083412483,0,84651932,"08576fbb23c7cd8c81c59bcb58b5e7c0a3e462d0fbc665bca51c7dc41cbfbdc7",,,,,,,"1369","HGS",FALSE,"conditional SBS3 fit; not an HRD classification; tumour-only, no sample-callable mask"
"TOV1369","rare_read_supported","target_restricted","restricted","target",427,22,2,245.224099017981,401.60497341482,0.61061021464166,0.880678251446774,0.000464922943427378,0.89338015896173,0.876734713745667,200,39868034,"8eba8dd11cca67f1e1399cd1c8eea3f1394c274af27b4cf970eb2f5ffe47985d",0.229989160637272,0.699381116243356,0.477102384395158,1,91.8138084949895,299.310621365572,"1369","HGS",FALSE,"conditional SBS3 fit; not an HRD classification; tumour-only, no sample-callable mask"
"TOV1369","rare","genome_restricted","restricted","genome",574,22,4,243.754374518603,547.001978160588,0.44561881720845,0.887492066926414,0.000455390892826408,0.890104253242438,0.873539989925557,0,84651932,"020c2511189fc79912ee703cc3e26772d34b014d995f308d8eaaa78249ec1d2f",,,,,,,"1369","HGS",FALSE,"conditional SBS3 fit; not an HRD classification; tumour-only, no sample-callable mask"
"TOV1369","baseline","genome_full","full","genome",686,60,7,263.375650740445,659.271477088163,0.399494987867076,0.931146889106813,1.05603401834704e-05,0.943486759162813,0.943143503628178,200,248309595,"ffef09bfa271c18fc9c5601ec07e20f5dbbd811b822f80ddb604e47531c4e824",0,0.596765052316233,0.18853501082089,0.65,0,398.098868491547,"1369","HGS",FALSE,"conditional SBS3 fit; not an HRD classification; tumour-only, no sample-callable mask"
"TOV1369","rare","target_restricted","restricted","target",574,22,4,109.435371990079,551.565350060689,0.198408714358212,0.898854250083591,9.99816685476503e-05,0.905693354722362,0.902145552338411,0,84651932,"436165d352fa6c0d2c649b1f963083c32c97d1b5d8ce1c40b517e0e811f3ef2f",,,,,,,"1369","HGS",FALSE,"conditional SBS3 fit; not an HRD classification; tumour-only, no sample-callable mask"
"TOV1369","baseline","genome_restricted","restricted","genome",686,22,5,264.252818829272,656.176020531137,0.402716360490246,0.913524369712189,0.000338802532138346,0.914591278917191,0.903161488432896,200,248309595,"e82318b0e7753a7897c8cb3c5bb1cd9cee8abb61507d8b30e4da82c8a9670a48",0.224260425919084,0.608347078599664,0.401612318451775,0.995,146.694043123696,393.424594175871,"1369","HGS",FALSE,"conditional SBS3 fit; not an HRD classification; tumour-only, no sample-callable mask"
"TOV1369","rare_read_supported","genome_full","full","genome",427,60,6,153.823496637099,410.384747438514,0.374827518803305,0.909160585751523,5.62470914541176e-05,0.920324451465427,0.918385786938699,200,39868034,"11fb0a907e5f560916caf3d0561ee9fd6419c71cba0495d0960a34ed0e5170fa",0,0.622155069222083,0.234754694953105,0.73,0,261.169432593058,"1369","HGS",FALSE,"conditional SBS3 fit; not an HRD classification; tumour-only, no sample-callable mask"
"TOV1369","baseline","target_full","full","target",686,60,6,0,678.148226073847,0,0.938188822191287,1.00385993505768e-06,0.946744073729794,0.94671156167455,200,248309595,"237ace2fc369c53fb83a2e3af6b197b5be60448bd284e34bca1b3e5a7c949812",0,0.349809133610937,0,0.32,0,234.093645809183,"1369","HGS",FALSE,"conditional SBS3 fit; not an HRD classification; tumour-only, no sample-callable mask"
"TOV1369","baseline","target_restricted","restricted","target",686,22,6,128.254814922625,664.124970181397,0.193118495284997,0.930779519811247,7.37620791446257e-05,0.93124564879614,0.928813821345354,200,248309595,"251fbd8163c57bd3425bcea7e2099fbe25fb9f1c7f0cad6f005a7e05eab6f8a7",0,0.383980211267845,0.192868988486642,0.84,0,260.006434556177,"1369","HGS",FALSE,"conditional SBS3 fit; not an HRD classification; tumour-only, no sample-callable mask"
"TOV1369","rare","genome_full","full","genome",574,60,10,65.4035092016578,559.640245026921,0.116867058405551,0.925086558258543,1.82638619937465e-05,0.929517428202144,0.928886977460096,0,84651932,"4078b824010dc65c8af6bd27d5899203ab6a7145b4a0a28e7e6b95256cd2d47b",,,,,,,"1369","HGS",FALSE,"conditional SBS3 fit; not an HRD classification; tumour-only, no sample-callable mask"
"TOV1369","rare_read_supported","target_full","full","target",427,60,9,43.6316430554087,427.324753791537,0.10210417877335,0.914151150603964,2.9906390924011e-05,0.918858821015993,0.917826903359076,200,39868034,"f80dbe8b5ce659d8f490f67adf9de29ad58995f9e1dbbb791cc550fa6452a0b6",0,0.471061381621212,0.12032131365171,0.61,0,202.484791448226,"1369","HGS",FALSE,"conditional SBS3 fit; not an HRD classification; tumour-only, no sample-callable mask"
"TOV2295-R","baseline","target_full","full","target",418,60,10,78.0371753364425,413.926091874443,0.188529249226728,0.953442329610751,1.48997490381449e-05,0.962509823665172,0.962083113128222,200,215296314,"d0e36b056ed4d2169eeac047f7e280f0d9901aad22d6e70cd22cc4e94397d28c",0,0.349639426751106,0.110985315559477,0.585,0,144.317270427353,"2295","HGS",FALSE,"conditional SBS3 fit; not an HRD classification; tumour-only, no sample-callable mask"
"TOV2295-R","rare_read_supported","genome_restricted","restricted","genome",249,22,5,132.018993827929,246.628931655485,0.535294026299985,0.840361880941575,0.000800541020617191,0.841284727816792,0.815836857226016,200,20864372,"4d4132d0a1a73436fc962f6b683ebd14b4c580fbe67fa408d35975b2553a0257",0.344147396616162,0.709043178741849,0.505176680275367,1,83.1199965918756,175.280233451758,"2295","HGS",FALSE,"conditional SBS3 fit; not an HRD classification; tumour-only, no sample-callable mask"
"TOV2295-R","rare","genome_full","full","genome",334,60,9,0,315.429100341205,0,0.915720009897495,0,0.929202165363406,0.929202165363406,0,262803034,"95b3dfc900b46a060d0c543d1b37bafa4572e349a873f2b5f3415097738b7532",,,,,,,"2295","HGS",FALSE,"conditional SBS3 fit; not an HRD classification; tumour-only, no sample-callable mask"
"TOV2295-R","rare_read_supported","target_restricted","restricted","target",249,22,4,78.483960209161,251.266368061758,0.312353622231968,0.859600912606144,0.000261781888231363,0.864655944147242,0.856644604949983,200,20864372,"8ffdf1429257ab8947dd5c637a80c48a34af5e0b44bb7a6101954a92800a7172",0,0.612303006436575,0.332578269201655,0.94,0,153.919580036785,"2295","HGS",FALSE,"conditional SBS3 fit; not an HRD classification; tumour-only, no sample-callable mask"
"TOV2295-R","rare","genome_restricted","restricted","genome",334,22,6,156.752401970229,321.747990254437,0.487189995643081,0.859971131729278,0.000647256424043048,0.860099624369884,0.838719721639295,0,262803034,"fefa1f85e7462aeabf1304731f338ae04dabe11a777cf5df48f4ca77acec0317",,,,,,,"2295","HGS",FALSE,"conditional SBS3 fit; not an HRD classification; tumour-only, no sample-callable mask"
"TOV2295-R","rare","target_full","full","target",334,60,12,36.9173199042209,336.002678160574,0.109872100146113,0.944597452200362,1.80269895756903e-06,0.947885034843166,0.947831673552765,0,262803034,"83aa33f4582c2e3e3ea5e2f5b737fc669f1b382b7c3bb10d3d4b64002c765ade",,,,,,,"2295","HGS",FALSE,"conditional SBS3 fit; not an HRD classification; tumour-only, no sample-callable mask"
"TOV2295-R","rare","target_restricted","restricted","target",334,22,4,85.4268128017162,333.704672143059,0.255995255484747,0.891981869256179,0.000200466283298138,0.89613692043589,0.889838343296529,0,262803034,"008c3c00289c128d9644dc1af307dfeec9254eea282eb42a9549625ee2f6f34b",,,,,,,"2295","HGS",FALSE,"conditional SBS3 fit; not an HRD classification; tumour-only, no sample-callable mask"
"TOV2295-R","baseline","genome_restricted","restricted","genome",418,22,6,187.912535997349,410.671524825998,0.457573814198508,0.889600584987716,0.000586793246076423,0.889601251182163,0.871233336755502,200,215296314,"b22b255d3a757c816ff153967f61f0e8b3a4fdfd3a862a31d87e2926111c6024",0.289959061085197,0.607421255055893,0.447269725519003,1,121.902372889798,247.934810569254,"2295","HGS",FALSE,"conditional SBS3 fit; not an HRD classification; tumour-only, no sample-callable mask"
"TOV2295-R","baseline","target_restricted","restricted","target",418,22,5,90.2297096760096,424.523349515107,0.212543573348958,0.914507166476792,0.000159791159030115,0.916928714912945,0.912113426144425,200,215296314,"8413070a66aa03300eef29524dc24b62ba4171440b7e0a9961aa5197a8b2a140",0,0.448660799343439,0.245328028661271,0.935,0,190.963096500074,"2295","HGS",FALSE,"conditional SBS3 fit; not an HRD classification; tumour-only, no sample-callable mask"
"TOV2295-R","rare_read_supported","genome_full","full","genome",249,60,11,40.4501804034207,243.053429475888,0.166425055143826,0.904738192984564,1.40331585538424e-06,0.914105426625836,0.914064991296356,200,20864372,"1fdddadf8d97fed09145d5767ccbeb198456252b464b0d2b1cda1cd69f79f353",0,0.307835565047672,0,0.245,0,76.4217230755987,"2295","HGS",FALSE,"conditional SBS3 fit; not an HRD classification; tumour-only, no sample-callable mask"
"TOV2295-R","baseline","genome_full","full","genome",418,60,10,67.7182619868153,405.99813676276,0.166794514198437,0.945495576961186,1.08767080272855e-05,0.951773167841733,0.951458176083589,200,215296314,"ce9fc9476e7fc45f1b773d51dad121fa24be753d365aad0fcbd1aa1958199725",0,0.458431828410056,0.0913362963163372,0.545,0,182.094190418212,"2295","HGS",FALSE,"conditional SBS3 fit; not an HRD classification; tumour-only, no sample-callable mask"
"TOV2295-R","rare_read_supported","target_full","full","target",249,60,13,31.6328495715993,251.708870090757,0.125672367287627,0.922436048172966,9.85224129916542e-06,0.924008781573664,0.923727903919196,200,20864372,"11a006286a88c5f310cbcc847c3c96b9973897869c0a2abbb6eda5824457b379",0,0.34330250856465,0,0.375,0,83.8467173334015,"2295","HGS",FALSE,"conditional SBS3 fit; not an HRD classification; tumour-only, no sample-callable mask"
"TOV2835EP","rare_read_supported","genome_restricted","restricted","genome",216,22,6,60.0733293128297,216.08686761171,0.278005461307239,0.873110452651246,0.000162909718542019,0.876642620960438,0.872305416781053,200,119752660,"975046a697dccc5dfa23d922e1ded5b731b78bcb53ee532d5533e6543139f69f",0,0.464444786823839,0.231236962336407,0.9,0,101.183889731909,"TOV2835EP","HGS",TRUE,"conditional SBS3 fit; not an HRD classification; tumour-only, no sample-callable mask"
"TOV2835EP","rare_read_supported","target_restricted","restricted","target",216,22,4,0,223.246815958296,0,0.898191544945035,1.54367973949139e-05,0.903355301107201,0.902957373513577,200,119752660,"783f1086e7fbcb809341f140fbc6897013fe2a1f560a382367b9719e7b1e14bc",0,0.270359023311911,0,0.46,0,59.6724746311482,"TOV2835EP","HGS",TRUE,"conditional SBS3 fit; not an HRD classification; tumour-only, no sample-callable mask"
"TOV2835EP","rare","genome_restricted","restricted","genome",412,22,7,71.1690383901059,396.297397197976,0.179584925092386,0.899219821963296,9.07794556166075e-05,0.902500576481337,0.899733556367629,0,38302123,"0b91a38c0514cb137192d5e4b3e983e4669e125a7f7d9c0505ca27de3337a09e",,,,,,,"TOV2835EP","HGS",TRUE,"conditional SBS3 fit; not an HRD classification; tumour-only, no sample-callable mask"
"TOV2835EP","rare","target_restricted","restricted","target",412,22,5,0,416.822512737702,0,0.930013921620426,0,0.934937606230693,0.934937606230693,0,38302123,"4a329b02eddbe208be9274af9285455ec8641d8ed2c863194381f771dbe26559",,,,,,,"TOV2835EP","HGS",TRUE,"conditional SBS3 fit; not an HRD classification; tumour-only, no sample-callable mask"
"TOV2835EP","baseline","genome_restricted","restricted","genome",514,22,7,86.742913437042,487.897999168913,0.177789032922455,0.905125596465808,0.000110765003972402,0.91122332421557,0.907866273473977,200,195334460,"a232efed96a23a29856464e7894cbbd5b833f728036f22881599d23a5da912d7",0,0.396344735871819,0.221525060348453,0.925,0,194.799680302001,"TOV2835EP","HGS",TRUE,"conditional SBS3 fit; not an HRD classification; tumour-only, no sample-callable mask"
"TOV2835EP","baseline","target_restricted","restricted","target",514,22,5,0,524.52223671557,0,0.942500313642054,0,0.947128218383507,0.947128218383507,200,195334460,"261a3ca3335640168ef67d4180bebdb18eac2b0cc412d52bb2f7d57acf50e880",0,0.154956458107841,0,0.095,0,78.7706239479869,"TOV2835EP","HGS",TRUE,"conditional SBS3 fit; not an HRD classification; tumour-only, no sample-callable mask"
"TOV2835EP","rare_read_supported","genome_full","full","genome",216,60,12,0,212.169431833734,0,0.92654370319279,0,0.936633447051637,0.936633447051637,200,119752660,"583d950de6a2d5980c926c137d517d62498b895fdda3787444bc98643601018a",0,0.00471272818429604,0,0.025,0,1.00137939052273,"TOV2835EP","HGS",TRUE,"conditional SBS3 fit; not an HRD classification; tumour-only, no sample-callable mask"
"TOV2835EP","rare","target_full","full","target",412,60,5,0,421.568607913708,0,0.937285418580876,0,0.960241277718936,0.960241277718936,0,38302123,"f4091507aa8a2f6a9d149ee75c5344f75d05a1a3e97a6195ab843aff26d406ad",,,,,,,"TOV2835EP","HGS",TRUE,"conditional SBS3 fit; not an HRD classification; tumour-only, no sample-callable mask"
"TOV2835EP","baseline","genome_full","full","genome",514,60,10,0,500.242272319184,0,0.948082643559284,-2.15156243322412e-19,0.958678521022237,0.958678521022237,200,195334460,"b04c879824f1fb174800d743fb892735da71f4feabbbe5e9d7071d48f83457b3",0,0,0,0,0,0,"TOV2835EP","HGS",TRUE,"conditional SBS3 fit; not an HRD classification; tumour-only, no sample-callable mask"
"TOV2835EP","rare_read_supported","target_full","full","target",216,60,10,0,219.981996030052,0,0.938597800444107,0,0.948867867726811,0.948867867726811,200,119752660,"5df4329117c8137794e6b8fd07947c7ea2325c5c169aaffd625b8469259c5f31",0,0,0,0.01,0,0,"TOV2835EP","HGS",TRUE,"conditional SBS3 fit; not an HRD classification; tumour-only, no sample-callable mask"
"TOV2835EP","rare","genome_full","full","genome",412,60,15,0,403.845771118757,0,0.944003517941312,0,0.949812714837781,0.949812714837781,0,38302123,"7b42ecbce730aa7c894611676bdc14a10e1494d5c0d06b70e639792b53945eac",,,,,,,"TOV2835EP","HGS",TRUE,"conditional SBS3 fit; not an HRD classification; tumour-only, no sample-callable mask"
"TOV2835EP","baseline","target_full","full","target",514,60,16,0,508.564753751211,0,0.967845223472538,2.15156243322412e-19,0.971671510801939,0.971671510801939,200,195334460,"46b70c8538f9f717af6bcce38ff84ae58a6c6a53d8f3b9f07b932737ca3da525",0,0,0,0.005,0,0,"TOV2835EP","HGS",TRUE,"conditional SBS3 fit; not an HRD classification; tumour-only, no sample-callable mask"
"TOV2881EP","baseline","genome_restricted","restricted","genome",559,22,6,177.195259647612,533.508970538851,0.332131734296131,0.922616224569034,0.000118777516532984,0.925124375710172,0.921248926080272,200,105463584,"64e6d1ded3471b505db11a7de3cb96d7bbe41f252bfdd2b3aae9f3d72eb4b345",0.0626719203894377,0.482354455810266,0.280239442206735,0.985,33.70215679874,264.410448710092,"TOV2881EP","HGS",TRUE,"conditional SBS3 fit; not an HRD classification; tumour-only, no sample-callable mask"
"TOV2881EP","rare","target_full","full","target",445,60,5,0,441.402546312696,0,0.947908813362467,1.43525865069582e-19,0.959949999333098,0.959949999333098,0,254214023,"60f051e145121ad954b53890061bf74172e816823bc944339954c98952c95159",,,,,,,"TOV2881EP","HGS",TRUE,"conditional SBS3 fit; not an HRD classification; tumour-only, no sample-callable mask"
"TOV2881EP","rare","target_restricted","restricted","target",445,22,6,0,432.541950767563,0,0.92677052265327,0,0.930235504356985,0.930235504356985,0,254214023,"d02fbd105017416d30c6cf62c280daa370237ee2b9c43da2e7259ece220c4f87",,,,,,,"TOV2881EP","HGS",TRUE,"conditional SBS3 fit; not an HRD classification; tumour-only, no sample-callable mask"
"TOV2881EP","rare_read_supported","genome_full","full","genome",268,60,15,0,269.458927184784,0,0.942323228221221,9.44608435401057e-08,0.949540853228993,0.949537851085251,200,244485283,"3a3c1d4c4a134ad68c832d00e60d7c2c6c81898a89c8ea13ebb64b83905e92fe",0,0.207186020875928,0,0.13,0,55.313519020581,"TOV2881EP","HGS",TRUE,"conditional SBS3 fit; not an HRD classification; tumour-only, no sample-callable mask"
"TOV2881EP","rare_read_supported","genome_restricted","restricted","genome",268,22,7,75.8490380221826,263.532807555556,0.287816301604849,0.906377100273702,0.000287178342286346,0.912585763850232,0.90303917604808,200,244485283,"edf56543ec53ef97cfc6e4509255065af8ae223fbe01564a33065fcbbb237311",0.102354282560539,0.654775237671292,0.392682397214395,0.99,26.2946188238325,170.706432756482,"TOV2881EP","HGS",TRUE,"conditional SBS3 fit; not an HRD classification; tumour-only, no sample-callable mask"
"TOV2881EP","baseline","target_full","full","target",559,60,8,0,554.449976572875,0,0.963721993253036,0,0.972012247257585,0.972012247257585,200,105463584,"1662a528f1527a4a3a5c2a6c803d7b7b8b6bfebf87fd2c02f1cecdf8a1c4dea1",0,0,0,0.005,0,0,"TOV2881EP","HGS",TRUE,"conditional SBS3 fit; not an HRD classification; tumour-only, no sample-callable mask"
"TOV2881EP","baseline","target_restricted","restricted","target",559,22,7,0,545.992311096822,0,0.940143117256012,3.69185311184793e-07,0.941617178044708,0.941605368038219,200,105463584,"a1d851e5422e93874396a7f3c448722802f580ad9921de9cf97a1b97bf132654",0,0.223989862968733,0,0.395,0,122.178612300652,"TOV2881EP","HGS",TRUE,"conditional SBS3 fit; not an HRD classification; tumour-only, no sample-callable mask"
"TOV2881EP","rare_read_supported","target_full","full","target",268,60,14,0,269.861840794714,0,0.94278382236334,1.97856631699738e-19,0.946379286500059,0.946379286500059,200,244485283,"3ca2b0ebce602375d5c0d89f0b8409ed47d1a031fd9f25db5e1f6caf6b32abef",0,0.151363643474861,0,0.075,0,40.7454185660227,"TOV2881EP","HGS",TRUE,"conditional SBS3 fit; not an HRD classification; tumour-only, no sample-callable mask"
"TOV2881EP","rare","genome_restricted","restricted","genome",445,22,6,130.245203177744,420.153809487123,0.309994102723317,0.900062758500794,0.000124740893605552,0.905121659725633,0.90090152300572,0,254214023,"f5010e43ae9d629a3b50952e7b0bc3e6ce64a46d59c225b3d86c7132febf8ac5",,,,,,,"TOV2881EP","HGS",TRUE,"conditional SBS3 fit; not an HRD classification; tumour-only, no sample-callable mask"
"TOV2881EP","rare_read_supported","target_restricted","restricted","target",268,22,7,21.2147088933796,262.314158928702,0.0808751955289835,0.906970575294499,6.54009883035633e-05,0.910584725600287,0.908414652381459,200,244485283,"46ba4ceee6d5b7b11e2ce2aba2f5fe8e9bda1c8e5aff43124afc75b8c72baed3",0,0.408390198304873,0.142844832994127,0.76,0,106.545201323308,"TOV2881EP","HGS",TRUE,"conditional SBS3 fit; not an HRD classification; tumour-only, no sample-callable mask"
"TOV2881EP","baseline","genome_full","full","genome",559,60,8,0,536.920494652427,0,0.954723831177639,0,0.966044162795886,0.966044162795886,200,105463584,"696f92de8a2469b2498e4a0305c374a9f7f600130f7ad1cf428c49d9745d896e",0,0.0018136590824523,0,0.025,0,1.01324238624403,"TOV2881EP","HGS",TRUE,"conditional SBS3 fit; not an HRD classification; tumour-only, no sample-callable mask"
"TOV2881EP","rare","genome_full","full","genome",445,60,7,0,413.476909012135,0,0.93611680225723,0,0.952559752587024,0.952559752587024,0,254214023,"d059a3afc6e1ea0c26e619abc1aa627448600373837745412cdcfa17b94220f1",,,,,,,"TOV2881EP","HGS",TRUE,"conditional SBS3 fit; not an HRD classification; tumour-only, no sample-callable mask"
"TOV2929D","baseline","genome_full","full","genome",883,60,6,0,858.850254085224,0,0.960227350353136,0,0.970896354147945,0.970896354147945,200,224182886,"c0793d6d2221da56556f3b3384cc56d56117ed6c05dfd69eaf0e11aefc144fa3",0,0,0,0,0,0,"TOV2929D","HGS",TRUE,"conditional SBS3 fit; not an HRD classification; tumour-only, no sample-callable mask"
"TOV2929D","baseline","genome_restricted","restricted","genome",883,22,5,247.200248384458,849.365966213317,0.291040915480211,0.949258017736291,0.000114993869545916,0.951153065716668,0.947371062771724,200,224182886,"74eab45def79dc5f72a307611f7ddd12f6985ac908800d1cf63585a63ccf8c7c",0.045244926935264,0.502072709214841,0.294010107182419,0.975,37.7366683035998,423.97330120716,"TOV2929D","HGS",TRUE,"conditional SBS3 fit; not an HRD classification; tumour-only, no sample-callable mask"
"TOV2929D","rare","target_restricted","restricted","target",754,22,5,0,718.170779737767,0,0.943202952861634,1.09026371915069e-09,0.945585901193736,0.945585864906043,0,34080640,"db241f8f9b57f1581cac6c71486bf579d62192404a7f7b41b12a4e51c6154dff",,,,,,,"TOV2929D","HGS",TRUE,"conditional SBS3 fit; not an HRD classification; tumour-only, no sample-callable mask"
"TOV2929D","rare_read_supported","genome_restricted","restricted","genome",290,22,5,111.325015928798,290.862314025757,0.382741285345548,0.927076690363794,0.000235093429961098,0.929009440548479,0.921621073266689,200,231026381,"c13f822b3d14b9de5f7d823c9af3a66a0fd9c87b92065dc0006cf8212b8045b7",0.060373492002763,0.504826115805655,0.314184907071814,0.975,17.5344920069835,145.641308879427,"TOV2929D","HGS",TRUE,"conditional SBS3 fit; not an HRD classification; tumour-only, no sample-callable mask"
"TOV2929D","rare","target_full","full","target",754,60,6,0,735.292271695873,0,0.9540341923364,0,0.962727573947717,0.962727573947717,0,34080640,"453a592130d10ce85a53c38f8ed5c02772e46ce744509f5bdc30b6a26bc41d4a",,,,,,,"TOV2929D","HGS",TRUE,"conditional SBS3 fit; not an HRD classification; tumour-only, no sample-callable mask"
"TOV2929D","rare_read_supported","genome_full","full","genome",290,60,7,0,293.3069112326,0,0.945472623378299,0,0.952048692322292,0.952048692322292,200,231026381,"6dc8eec33b8656f1b723a322f46a6b06dc9f6d65d0ed6571f5933b22d3ae8e70",0,0.292208078836163,0,0.095,0,84.9087466923375,"TOV2929D","HGS",TRUE,"conditional SBS3 fit; not an HRD classification; tumour-only, no sample-callable mask"
"TOV2929D","baseline","target_restricted","restricted","target",883,22,5,0,853.768049661051,0,0.953680444510006,0,0.957905526657039,0.957905526657039,200,224182886,"0ec7fc7ed9b7f7c68ce4dd8324b1b5289f1bd701402102daa68b039b6f82b267",0,0.199716088002169,0,0.235,0,172.036602372296,"TOV2929D","HGS",TRUE,"conditional SBS3 fit; not an HRD classification; tumour-only, no sample-callable mask"
"TOV2929D","rare","genome_restricted","restricted","genome",754,22,5,231.988067824065,717.743691047836,0.323218539873733,0.935642432753217,0.000159951048158798,0.939437258245651,0.934063328062994,0,34080640,"cbb5b0d81898f8651ce0fbfdc37ab593034eee46a8b05b7957ad8ed6305be9e9",,,,,,,"TOV2929D","HGS",TRUE,"conditional SBS3 fit; not an HRD classification; tumour-only, no sample-callable mask"
"TOV2929D","baseline","target_full","full","target",883,60,8,0,880.633794279911,0,0.965041377542489,0,0.971401110712016,0.971401110712016,200,224182886,"0959ac5697c2a546f2288232d387b6859e97686850af78d4f7530b7ee8ea7ca7",0,0,0,0.005,0,0,"TOV2929D","HGS",TRUE,"conditional SBS3 fit; not an HRD classification; tumour-only, no sample-callable mask"
"TOV2929D","rare","genome_full","full","genome",754,60,9,0,726.476933018408,0,0.95870220029253,0,0.964237942755576,0.964237942755576,0,34080640,"0be6ba6ac4456fcb3743a64b9ef6df6789e2dc0161725a2898023d2f4d7af96e",,,,,,,"TOV2929D","HGS",TRUE,"conditional SBS3 fit; not an HRD classification; tumour-only, no sample-callable mask"
"TOV2929D","rare_read_supported","target_full","full","target",290,60,9,0,295.509599556192,0,0.938191402773359,0,0.94671766691359,0.94671766691359,200,231026381,"d00f95f50c34882e8b2f4d9e4f57ea5d191638a713473eb9c386af9cd237d98f",0,0.113659298124997,0,0.06,0,33.0924160316929,"TOV2929D","HGS",TRUE,"conditional SBS3 fit; not an HRD classification; tumour-only, no sample-callable mask"
"TOV2929D","rare_read_supported","target_restricted","restricted","target",290,22,2,0,284.911641061174,0,0.909312531300948,2.72418343457113e-05,0.917970888056947,0.917107493251075,200,231026381,"b2791e8c037775c75c557a2cc02229da5b3b2e642dbbc8a335ae067d9d113e57",0,0.32961641970018,0.0688160404296511,0.54,0,94.0603077917046,"TOV2929D","HGS",TRUE,"conditional SBS3 fit; not an HRD classification; tumour-only, no sample-callable mask"
"TOV3121D","rare","target_restricted","restricted","target",243,22,8,12.349704275411,247.984247212522,0.0498003579430078,0.916965649194215,3.43407699887378e-06,0.91827737442639,0.918176535451162,0,217315555,"a7e5232b22a797b636c1be6d6a50a5abfa6ecf4efa31ca811eff9d1411f079d8",,,,,,,"3121","HGS",TRUE,"conditional SBS3 fit; not an HRD classification; tumour-only, no sample-callable mask"
"TOV3121D","rare_read_supported","target_restricted","restricted","target",181,22,6,21.0680761646345,185.062836620384,0.113842825222932,0.892516904740416,2.47460457374005e-05,0.895410101054704,0.894729089445663,200,85930765,"928003a5daa0b58d497453e6192556731d4d2cb7f94d22ac445f5aa91a483a09",0,0.307209326473679,0.0874929999886305,0.585,0,56.5245028250318,"3121","HGS",TRUE,"conditional SBS3 fit; not an HRD classification; tumour-only, no sample-callable mask"
"TOV3121D","baseline","genome_full","full","genome",316,60,12,0,320.484862038909,0,0.947777958228011,2.84626957122296e-19,0.955962205341665,0.955962205341665,200,82281720,"8a9adaa2e10a272084eb4e9ef74548512e5818d07c9c29d53d30ce4c40d6757a",0,0,0,0.02,0,0,"3121","HGS",TRUE,"conditional SBS3 fit; not an HRD classification; tumour-only, no sample-callable mask"
"TOV3121D","rare","target_full","full","target",243,60,10,0,247.767811640035,0,0.95143029056475,0,0.957346664614491,0.957346664614491,0,217315555,"d6c439b13e620b2cd773da9a34deb6f4b532ef59c657f342ea11361831967502",,,,,,,"3121","HGS",TRUE,"conditional SBS3 fit; not an HRD classification; tumour-only, no sample-callable mask"
"TOV3121D","baseline","genome_restricted","restricted","genome",316,22,6,114.775317935646,314.680478400116,0.364736060270348,0.901240710582808,0.000175016577564152,0.906384016096398,0.901636436665702,200,82281720,"036c4f828ccc8d3e7f0016db4a1a807ff33d1f47e8eee8d5d92051c5de7c62a2",0.0717611820093892,0.477897596318714,0.288342738564719,0.995,22.7731330922564,149.093307916146,"3121","HGS",TRUE,"conditional SBS3 fit; not an HRD classification; tumour-only, no sample-callable mask"
"TOV3121D","rare_read_supported","genome_full","full","genome",181,60,8,0,185.279394405911,0,0.934731102119319,0,0.94780852900817,0.94780852900817,200,85930765,"04bb734e9db6891a0497964daaf750527bdd0f7d717a980e424a38a7912762cd",0,0.0455449436552486,0,0.03,0,8.29323336976742,"3121","HGS",TRUE,"conditional SBS3 fit; not an HRD classification; tumour-only, no sample-callable mask"
"TOV3121D","rare_read_supported","genome_restricted","restricted","genome",181,22,6,73.7237532606803,183.16247933784,0.402504669772994,0.882782306251445,0.00023972096535308,0.887961657416885,0.881286634865761,200,85930765,"704afa0fe21d7c864ce92297eebfd58e53c55de551abbd386259232fb7275b1c",0.0585284574965933,0.535117418445255,0.325224243770097,0.975,9.76533361713007,98.0107805583376,"3121","HGS",TRUE,"conditional SBS3 fit; not an HRD classification; tumour-only, no sample-callable mask"
"TOV3121D","baseline","target_full","full","target",316,60,12,0,318.9019650155,0,0.959456415884069,0,0.968111156969946,0.968111156969946,200,82281720,"c207fed0ad76895c2d0a1faf96f5e0a3cc4aad5e436021fafe0767ab0fb6b24c",0,0.144505225165897,0,0.085,0,46.8079775251673,"3121","HGS",TRUE,"conditional SBS3 fit; not an HRD classification; tumour-only, no sample-callable mask"
"TOV3121D","baseline","target_restricted","restricted","target",316,22,3,0,327.053500509256,0,0.937772582141596,6.27757949967573e-06,0.942733661940677,0.942570354030864,200,82281720,"0e03a9534ea6d8ea33e6cc59bfc8899ee3a120fd1395869b62a835fed828fca5",0,0.258773565795156,0,0.42,0,87.4441519251146,"3121","HGS",TRUE,"conditional SBS3 fit; not an HRD classification; tumour-only, no sample-callable mask"
"TOV3121D","rare","genome_full","full","genome",243,60,12,0,241.913912879083,0,0.943096001600522,0,0.95083262294139,0.95083262294139,0,217315555,"6b7c2a7d2f81d2ce3323a6386039c3962f6e8c3d7c584c6175219f2c97398876",,,,,,,"3121","HGS",TRUE,"conditional SBS3 fit; not an HRD classification; tumour-only, no sample-callable mask"
"TOV3121D","rare","genome_restricted","restricted","genome",243,22,9,89.0946954790059,242.144613623988,0.367940026191769,0.894266909583813,0.000200866794738538,0.895253505405363,0.889183271696178,0,217315555,"a0dad04f63a45475a8cf9c945f4ee364d3c23f56a1249186674622331f16e768",,,,,,,"3121","HGS",TRUE,"conditional SBS3 fit; not an HRD classification; tumour-only, no sample-callable mask"
"TOV3121D","rare_read_supported","target_full","full","target",181,60,9,0,187.378033489354,0,0.94287264178495,0,0.950389517737842,0.950389517737842,200,85930765,"6f70d89446d003722a497fcfcd61182cf28566e96b4e35fb69c7d4ff0f288b78",0,0.00140766823177347,0,0.025,0,0.261745955930264,"3121","HGS",TRUE,"conditional SBS3 fit; not an HRD classification; tumour-only, no sample-callable mask"
"TOV3121EP","rare_read_supported","genome_restricted","restricted","genome",165,22,8,66.280618178033,166.751805305554,0.397480663292258,0.859297932107601,0.000244750550227579,0.861378672127517,0.8546255380629,200,60064323,"7936079cba248b0897132d5823078343455ae1654456d88fa0904d86c11e0275",0,0.635454463060634,0.366322290674747,0.97,0,108.571929471965,"3121","HGS",FALSE,"conditional SBS3 fit; not an HRD classification; tumour-only, no sample-callable mask"
"TOV3121EP","rare","target_restricted","restricted","target",318,22,5,0,319.909199095749,0,0.89211068896239,0,0.897400487526375,0.897400487526375,0,226279480,"5e224618a76a5dec0427773d4fee4a4dd07a6d9ffbbb3cd62edcb6963d849fd1",,,,,,,"3121","HGS",FALSE,"conditional SBS3 fit; not an HRD classification; tumour-only, no sample-callable mask"
"TOV3121EP","baseline","genome_restricted","restricted","genome",400,22,6,143.727359131658,386.328412882511,0.372034140743793,0.893582681545396,0.000201628554641591,0.898958250794975,0.892928885950822,200,225403782,"4f1528f2f936f27da2f2b63b6108a83e51db8508f4a79d3132ca0539ec5df5fc",0.135932345788902,0.572088000339786,0.342597600666163,0.99,52.3095931287473,222.35970278372,"3121","HGS",FALSE,"conditional SBS3 fit; not an HRD classification; tumour-only, no sample-callable mask"
"TOV3121EP","rare_read_supported","target_restricted","restricted","target",165,22,7,20.1084571100277,167.408779031985,0.120115905666965,0.860967723286931,2.07342652556895e-05,0.862731101834969,0.862161952122693,200,60064323,"19d5be01966d1f9a1cde7b7643dbe2eb8b853145cd79ea046855fdefe63d312f",0,0.363668283299999,0.0795802532455048,0.565,0,60.442462509425,"3121","HGS",FALSE,"conditional SBS3 fit; not an HRD classification; tumour-only, no sample-callable mask"
"TOV3121EP","rare","genome_restricted","restricted","genome",318,22,8,127.12148261877,310.053158435178,0.409998992625475,0.870302110347624,0.000232107588995671,0.872848591745631,0.865667225355121,0,226279480,"e23fc0f9376b3d388b777bb9f015e5b03d765438ceba5130afa77838234fd44c",,,,,,,"3121","HGS",FALSE,"conditional SBS3 fit; not an HRD classification; tumour-only, no sample-callable mask"
"TOV3121EP","baseline","target_restricted","restricted","target",400,22,5,0,402.964769130608,0,0.928138012831366,6.00015090586936e-08,0.93201824009615,0.932016515297726,200,225403782,"3ad83c1713ac63fed34b0ce09ef353709e6cd7cf62933fea4d3be772ec475b8c",0,0.233296098697022,0,0.36,0,93.749902256877,"3121","HGS",FALSE,"conditional SBS3 fit; not an HRD classification; tumour-only, no sample-callable mask"
"TOV3121EP","rare_read_supported","genome_full","full","genome",165,60,12,0,169.903590536052,0,0.900589248485879,-1.04395626925267e-18,0.905850471535454,0.905850471535454,200,60064323,"139a066bac586c94822c3497c246603cc7d9990e9875a8d8c1c69c1b6718dd82",0,0.00265260159366132,0,0.025,0,0.460204585621292,"3121","HGS",FALSE,"conditional SBS3 fit; not an HRD classification; tumour-only, no sample-callable mask"
"TOV3121EP","rare_read_supported","target_full","full","target",165,60,10,0,166.831151963094,0,0.891294321697022,0,0.900812446597234,0.900812446597234,200,60064323,"0ba72f7ef36c1897c53bb4db1a4518d7281d51659a7e18329fad2d18ac665522",0,0.00148500637511978,0,0.025,0,0.248452151418285,"3121","HGS",FALSE,"conditional SBS3 fit; not an HRD classification; tumour-only, no sample-callable mask"
"TOV3121EP","rare","genome_full","full","genome",318,60,13,0,319.151171213878,0,0.936840663242211,0,0.941329440653955,0.941329440653955,0,226279480,"135347ad204f671e7318ed013cfc1d8bfc30bd4d54c28025a19e43e0b71e3914",,,,,,,"3121","HGS",FALSE,"conditional SBS3 fit; not an HRD classification; tumour-only, no sample-callable mask"
"TOV3121EP","rare","target_full","full","target",318,60,12,0,317.447662154929,0,0.936181441816964,0,0.939156681910645,0.939156681910645,0,226279480,"c956eab948cdd00881665a0a56eb3af5a4f1164611adfb43c0b95ed02f93b792",,,,,,,"3121","HGS",FALSE,"conditional SBS3 fit; not an HRD classification; tumour-only, no sample-callable mask"
"TOV3121EP","baseline","genome_full","full","genome",400,60,9,0,403.582463731051,0,0.943299394256392,0,0.955067793562138,0.955067793562138,200,225403782,"431f001b66b0f2db5051144697551a5d0660f3c8fc9261e5e852263517ce7a75",0,0.0545214602988893,0,0.03,0,21.7983494257832,"3121","HGS",FALSE,"conditional SBS3 fit; not an HRD classification; tumour-only, no sample-callable mask"
"TOV3121EP","baseline","target_full","full","target",400,60,7,0,398.32699356016,0,0.952676622390692,0,0.960780156133385,0.960780156133385,200,225403782,"d24230cc34384d015e36a8f04687a500db31e539a9157de530759480cd5b6112",0,0.095882711419943,0,0.035,0,39.7314274455099,"3121","HGS",FALSE,"conditional SBS3 fit; not an HRD classification; tumour-only, no sample-callable mask"
"TOV3133D","baseline","genome_restricted","restricted","genome",411,22,4,156.469860617783,389.372301382359,0.401851544299067,0.860123010757045,0.000143766804554119,0.868759096965274,0.864345692687781,200,210629905,"e599619ba7c294538a09897bfebc5a0c355d0d92f331102be037d2d6cc415cad",0,0.495835749289707,0.316584037915957,0.96,0,196.533965397812,"3133","HGS",FALSE,"conditional SBS3 fit; not an HRD classification; tumour-only, no sample-callable mask"
"TOV3133D","rare_read_supported","target_restricted","restricted","target",165,22,2,0,172.779411189617,0,0.851709867688523,5.69563895434474e-05,0.854205174763158,0.852683468528133,200,228142690,"68c92c061bc2f1be0ff1fc40bb59e1370a2628fa9c1715376005ff3de3deaf57",0,0.505045221451284,0.0941534764666357,0.55,0,88.2515832656548,"3133","HGS",FALSE,"conditional SBS3 fit; not an HRD classification; tumour-only, no sample-callable mask"
"TOV3133D","baseline","target_restricted","restricted","target",411,22,6,40.1524306725814,420.389701811875,0.0955124031333899,0.920990767955672,6.66234542347306e-06,0.924079654342754,0.923887843686426,200,210629905,"6009b975d5ffaf054d719e723a90f5ab21cd23585c875a2440324fdd0a860f15",0,0.302332402443137,0.0459245029681383,0.51,0,125.756096214242,"3133","HGS",FALSE,"conditional SBS3 fit; not an HRD classification; tumour-only, no sample-callable mask"
"TOV3133D","rare_read_supported","genome_full","full","genome",165,60,11,20.9166351939609,167.458841176342,0.12490612646683,0.880240389494126,8.32285457998925e-06,0.886010122610922,0.885795907704557,200,228142690,"25c8979a35e756e5449e222a308ad5bf94ba78bef01639657dc32c2045330841",0,0.358682611067561,0,0.305,0,60.1618437068353,"3133","HGS",FALSE,"conditional SBS3 fit; not an HRD classification; tumour-only, no sample-callable mask"
"TOV3133D","rare_read_supported","target_full","full","target",165,60,11,0,170.287335606622,0,0.903444422156483,2.09387652854848e-07,0.90776894983857,0.907763690385737,200,228142690,"95252d317946013a33e4805c82246c8effb1938239b7be3569a8bfcb73ee5070",0,0.302766352221886,0,0.27,0,52.226502211168,"3133","HGS",FALSE,"conditional SBS3 fit; not an HRD classification; tumour-only, no sample-callable mask"
"TOV3133D","rare","genome_full","full","genome",319,60,9,0,312.983190759316,0,0.928988931102995,0,0.9352087358169,0.9352087358169,0,64835297,"5cbc99c6a7acd106c75b1d5617b7e3a619e8f49bba2e4256c0182b8545e7db13",,,,,,,"3133","HGS",FALSE,"conditional SBS3 fit; not an HRD classification; tumour-only, no sample-callable mask"
"TOV3133D","rare","genome_restricted","restricted","genome",319,22,5,121.619794150112,307.501252658393,0.395509914508288,0.845548384703925,0.000215897856922607,0.850273520706882,0.843673164021733,0,64835297,"3f45e9ade86c84fbc8fc14a060f4b90a7a4bbf2f4ccd58182ca45178c87dbc77",,,,,,,"3133","HGS",FALSE,"conditional SBS3 fit; not an HRD classification; tumour-only, no sample-callable mask"
"TOV3133D","rare","target_full","full","target",319,60,10,0,317.866435246263,0,0.943370413127657,0,0.949932638519597,0.949932638519597,0,64835297,"23ea8919c480f56191ad30d891115810bad2539ddd05b054bf6c7345ea3c2160",,,,,,,"3133","HGS",FALSE,"conditional SBS3 fit; not an HRD classification; tumour-only, no sample-callable mask"
"TOV3133D","baseline","genome_full","full","genome",411,60,9,0,416.40079453363,0,0.939654101664957,0,0.946241002064393,0.946241002064393,200,210629905,"5d15ea3cc9309f4b21f05afaa711856bf30feb8164f0f539bc4931807bef149d",0,0.188779155531203,0,0.065,0,78.1674669616762,"3133","HGS",FALSE,"conditional SBS3 fit; not an HRD classification; tumour-only, no sample-callable mask"
"TOV3133D","rare","target_restricted","restricted","target",319,22,5,41.2357325591144,327.618334565825,0.125865155299571,0.900041741455259,1.82340311211844e-05,0.902782512208763,0.902259376677473,0,64835297,"7db7be6114f6ec9a0b961f7f6b5a6e0798db441a372ed687a7acbf6b5f8f414b",,,,,,,"3133","HGS",FALSE,"conditional SBS3 fit; not an HRD classification; tumour-only, no sample-callable mask"
"TOV3133D","baseline","target_full","full","target",411,60,7,0,419.08171453836,0,0.953309212285651,0,0.964172918609466,0.964172918609466,200,210629905,"29f69d7c85dc70a377267bc12e03c6bb31e5363bd60d6630a664fc5d38a04144",0,0.257837558329852,0,0.215,0,109.288916736509,"3133","HGS",FALSE,"conditional SBS3 fit; not an HRD classification; tumour-only, no sample-callable mask"
"TOV3133D","rare_read_supported","genome_restricted","restricted","genome",165,22,4,43.9937196061017,167.308033536711,0.262950431465376,0.811865675680347,0.000256771539610027,0.81533444130874,0.808121707908204,200,228142690,"213976ee11319314d4442bd89a6cc62327c24a500f719bb4c0582f1a0ecf0298",0,0.57031009622702,0.309266967574054,0.94,0,95.9807616293908,"3133","HGS",FALSE,"conditional SBS3 fit; not an HRD classification; tumour-only, no sample-callable mask"
"TOV3133G","baseline","genome_restricted","restricted","genome",430,22,4,162.07640761029,415.40811926055,0.390161867560016,0.905586384188277,0.000123845902446096,0.914982996773736,0.911019479856289,200,244381563,"9660b6f9e524b0d45b3eba7c84769c8b699092cb34d1aa30fdb1cb7ce6250688",0,0.502343748578364,0.241949517600689,0.945,0,212.286313840998,"3133","HGS",FALSE,"conditional SBS3 fit; not an HRD classification; tumour-only, no sample-callable mask"
"TOV3133G","rare","target_restricted","restricted","target",334,22,3,0,338.005096853339,0,0.919690094670337,5.07113146721125e-06,0.923585645634507,0.923422900025685,0,210908450,"31c11ee6d8445b5d2be94746ddbd99c9e228cd0dee14282210806dfca8b0666d",,,,,,,"3133","HGS",FALSE,"conditional SBS3 fit; not an HRD classification; tumour-only, no sample-callable mask"
"TOV3133G","rare_read_supported","genome_full","full","genome",180,60,10,55.9517661916454,178.881320867626,0.31278708095548,0.920221534033592,5.01390481309223e-05,0.930827941399084,0.929405660954324,200,40629180,"e6e3fb0a381fe82fba617af309c7c672e9b570f449134e3dea42db040744a44f",0,0.440584920333969,0.0223702918618647,0.5,0,79.4879212310855,"3133","HGS",FALSE,"conditional SBS3 fit; not an HRD classification; tumour-only, no sample-callable mask"
"TOV3133G","rare_read_supported","genome_restricted","restricted","genome",180,22,4,44.2650921906689,183.097802107242,0.241756545852705,0.876506086020356,0.000129395259193399,0.883621122270183,0.879748977989019,200,40629180,"886af2debd4f7702c1a55b02ccabecd2247abc039595e8a563c678f93cd30df7",0,0.540281197603479,0.240303260766048,0.86,0,99.2656428735616,"3133","HGS",FALSE,"conditional SBS3 fit; not an HRD classification; tumour-only, no sample-callable mask"
"TOV3133G","baseline","target_restricted","restricted","target",430,22,4,0,430.241050136854,0,0.945447146522916,6.97652493308625e-07,0.948580549837821,0.948559059645831,200,244381563,"3884575eaf3f3d9b8c741d1cf4c8cfde264e8e12c28c478abf4395570abe5ada",0,0.265248263047278,0,0.355,0,114.459647537525,"3133","HGS",FALSE,"conditional SBS3 fit; not an HRD classification; tumour-only, no sample-callable mask"
"TOV3133G","rare_read_supported","target_full","full","target",180,60,8,0,180.34335521639,0,0.92351381157027,1.18263727722733e-05,0.935977903270133,0.9356444691989,200,40629180,"6310a7a53beb0615e987711b206aa69038268352c941b7a34226ab9be1db4c7f",0,0.405222817381801,0,0.385,0,72.2751691371339,"3133","HGS",FALSE,"conditional SBS3 fit; not an HRD classification; tumour-only, no sample-callable mask"
"TOV3133G","rare","genome_full","full","genome",334,60,6,0,331.837216430694,0,0.932349593291719,0,0.946154890738431,0.946154890738431,0,210908450,"61a209273924baebdb5aaa881dc0a31622a71c918e8f3e6d321ef2e160a71f37",,,,,,,"3133","HGS",FALSE,"conditional SBS3 fit; not an HRD classification; tumour-only, no sample-callable mask"
"TOV3133G","rare_read_supported","target_restricted","restricted","target",180,22,2,0,183.875272297521,0,0.890183822998149,9.03323706955802e-06,0.895119123944995,0.894852822316241,200,40629180,"509e5403cf61ef27cebef325205c898aeb5ff2bfb59110246c12578c048a5b87",0,0.501912429509553,0,0.455,0,94.0971357628645,"3133","HGS",FALSE,"conditional SBS3 fit; not an HRD classification; tumour-only, no sample-callable mask"
"TOV3133G","rare","target_full","full","target",334,60,9,0,334.557416411729,0,0.952016230443281,0,0.956324479952825,0.956324479952825,0,210908450,"67269fab0a3c80904077c57dbef73990fda0e9d75fda239332592eedcdf50a08",,,,,,,"3133","HGS",FALSE,"conditional SBS3 fit; not an HRD classification; tumour-only, no sample-callable mask"
"TOV3133G","baseline","genome_full","full","genome",430,60,8,0,429.888616127643,0,0.952718812374114,0,0.958883504512205,0.958883504512206,200,244381563,"d50e1aa61471028571d05c0687338bd35f7aed4ee4b4e0a11c11e663410f824b",0,0.227002869214973,0,0.07,0,97.353599020754,"3133","HGS",FALSE,"conditional SBS3 fit; not an HRD classification; tumour-only, no sample-callable mask"
"TOV3133G","rare","genome_restricted","restricted","genome",334,22,6,105.046282552463,326.655999499889,0.321580753799989,0.885979102866576,0.000189148708791078,0.888565046632456,0.882233533230575,0,210908450,"51a7d559cc3e7ac543df2c0411ffa6ddbcebcfa2f88e2b0e3e007a51484de7f0",,,,,,,"3133","HGS",FALSE,"conditional SBS3 fit; not an HRD classification; tumour-only, no sample-callable mask"
"TOV3133G","baseline","target_full","full","target",430,60,6,0,427.071072574162,0,0.956568542171038,0,0.967580352079859,0.967580352079859,200,244381563,"1d6d2493c4388cc404225a8e5ceea3c501a57fcef5a009c5ef8e6d73f5da7d60",0,0.150315910775695,0,0.065,0,65.2797840775673,"3133","HGS",FALSE,"conditional SBS3 fit; not an HRD classification; tumour-only, no sample-callable mask"
"OV3331","rare_read_supported","target_full","full","target",145,60,14,19.4602705102037,148.13610724503,0.131367502981665,0.884907817065637,1.95343822225385e-05,0.88577109852722,0.8852522938713,200,222991549,"8db9071c26d4a22ad27c0dab59fa37bdc953fb51613f830352de3c32db6d12ba",0,0.400974975343625,0,0.42,0,62.0085551106584,"OV3331","HGS",TRUE,"conditional SBS3 fit; not an HRD classification; tumour-only, no sample-callable mask"
"OV3331","baseline","genome_restricted","restricted","genome",303,22,5,66.4748598277549,289.352906867088,0.229736277915776,0.872502098987505,6.96405481544892e-05,0.877915338740798,0.876146759668679,200,119466014,"05483fb5ecbe6adb087b36dbd2abf59ce4f071bb014a49ac9ba4bf326eed4f7d",0,0.435105796137636,0.200797469653115,0.89,0,128.237852353979,"OV3331","HGS",TRUE,"conditional SBS3 fit; not an HRD classification; tumour-only, no sample-callable mask"
"OV3331","rare","target_full","full","target",221,60,11,0,221.44491384795,0,0.937534524510453,4.75057085265806e-07,0.938925131602893,0.938913053560562,0,163918919,"91f52462477c1c1613871be9c58d096c996197824e2474928dd9beeb1f6e0e6b",,,,,,,"OV3331","HGS",TRUE,"conditional SBS3 fit; not an HRD classification; tumour-only, no sample-callable mask"
"OV3331","rare_read_supported","genome_full","full","genome",145,60,11,0,149.959047623528,0,0.875874356382026,0,0.879538002835887,0.879538002835887,200,222991549,"7d97ff9e6600768d1c9bdd0e0d824b91d9584e0baf6b4429729855afda43c4b3",0,0.230712761315237,0,0.165,0,34.6558845035982,"OV3331","HGS",TRUE,"conditional SBS3 fit; not an HRD classification; tumour-only, no sample-callable mask"
"OV3331","rare","target_restricted","restricted","target",221,22,5,0,218.606066619268,0,0.8292183945989,5.38824011789571e-07,0.834807448938016,0.834792041034461,0,163918919,"c1dd0c48add925f9aed93652bc849d8573df57f723b5c0bb275b2ac4fc18d3d7",,,,,,,"OV3331","HGS",TRUE,"conditional SBS3 fit; not an HRD classification; tumour-only, no sample-callable mask"
"OV3331","rare_read_supported","genome_restricted","restricted","genome",145,22,6,67.261897504896,145.481589029387,0.462339585054363,0.838718923470343,0.000500680757798604,0.841772798738996,0.827666314175861,200,222991549,"d95caaf10a658219aa92acbb032ed0cf704a2ff48bfdc8e03c5580fbb654f40d",0.096403782765556,0.743004520289085,0.448624085200374,0.98,13.7860005729858,107.206901002215,"OV3331","HGS",TRUE,"conditional SBS3 fit; not an HRD classification; tumour-only, no sample-callable mask"
"OV3331","baseline","target_full","full","target",303,60,11,0,303.102318149737,0,0.95002316117375,0,0.955296373207919,0.955296373207919,200,119466014,"c31dbb0a836e48034896ecdeb4d6b803f5e1c98005200dece558b4493616d5bb",0,0.209844641149799,0,0.115,0,63.169876169186,"OV3331","HGS",TRUE,"conditional SBS3 fit; not an HRD classification; tumour-only, no sample-callable mask"
"OV3331","rare","genome_full","full","genome",221,60,11,0,221.773512448837,0,0.917106621752143,0,0.919439706390509,0.919439706390509,0,163918919,"20df90709d7cc85b448f369f6dde3fba81488ae9ba94159011edf1b055bf55d8",,,,,,,"OV3331","HGS",TRUE,"conditional SBS3 fit; not an HRD classification; tumour-only, no sample-callable mask"
"OV3331","baseline","target_restricted","restricted","target",303,22,4,0,298.788555496642,0,0.891449127003378,7.81331126843265e-09,0.899866145679179,0.89986595228895,200,119466014,"476b9f738d871deba295b5da7a9207d52e35afa48f0b5cded66d1f021c1b7698",0,0.237603605887974,0,0.315,0,73.2210385423162,"OV3331","HGS",TRUE,"conditional SBS3 fit; not an HRD classification; tumour-only, no sample-callable mask"
"OV3331","rare","genome_restricted","restricted","genome",221,22,9,69.3674597604105,210.084697293218,0.330188065357247,0.803955522062248,0.000192403298079782,0.804333625385365,0.79860295955139,0,163918919,"41111e05621dcf16bab5cc54f6e71e90410d24bd9c74be24f630de3c1840e869",,,,,,,"OV3331","HGS",TRUE,"conditional SBS3 fit; not an HRD classification; tumour-only, no sample-callable mask"
"OV3331","rare_read_supported","target_restricted","restricted","target",145,22,9,50.8336305377954,146.591826857763,0.346769882246702,0.861138220148179,0.00024930297731619,0.8611588126174,0.854323321125116,200,222991549,"c6f6bee548f104d7fe9750522c24f8fb2a1962decd09f5170ea71e3542042fc4",0,0.646876674730237,0.314678581221972,0.925,0,92.7749957817693,"OV3331","HGS",TRUE,"conditional SBS3 fit; not an HRD classification; tumour-only, no sample-callable mask"
"OV3331","baseline","genome_full","full","genome",303,60,8,0,299.737925384477,0,0.927404535901163,0,0.939279328757034,0.939279328757034,200,119466014,"3a1398bb26840c5c2dea6fa7c8af664271f24e820c858881ca148006f7b94f91",0,0,0,0.02,0,0,"OV3331","HGS",TRUE,"conditional SBS3 fit; not an HRD classification; tumour-only, no sample-callable mask"
"OV90","baseline","genome_full","full","genome",583,60,9,0,557.485399079141,0,0.954245410766068,0,0.962147085411948,0.962147085411948,200,165399357,"4626cc91f843000f85e898ee51c6f7e35810b8c6c321ee3625f5f6f5a4f26811",0,0.183204976318365,0,0.07,0,101.860676492163,"OV90","HGS",TRUE,"conditional SBS3 fit; not an HRD classification; tumour-only, no sample-callable mask"
"OV90","rare","target_full","full","target",477,60,12,0,466.295094005061,0,0.95471356450519,0,0.958396806750312,0.958396806750312,0,201546711,"529a789938eb4aa71b9529a513cef78fa7b4171eae18231fddd9741eaa46ef10",,,,,,,"OV90","HGS",TRUE,"conditional SBS3 fit; not an HRD classification; tumour-only, no sample-callable mask"
"OV90","baseline","genome_restricted","restricted","genome",583,22,5,114.120660316259,541.733383610099,0.210658349234012,0.927085059249975,0.000111639145447466,0.932468465333748,0.928971345133589,200,165399357,"ff90be1fd39414eb9494b56680c3943e43839ff50555c069ba9588a0fe59fa95",0,0.395515308997108,0.224958596903858,0.955,0,209.83608530482,"OV90","HGS",TRUE,"conditional SBS3 fit; not an HRD classification; tumour-only, no sample-callable mask"
"OV90","rare","target_restricted","restricted","target",477,22,5,0,449.683232568768,0,0.923437576029776,0,0.924451132822725,0.924451132822725,0,201546711,"e67acb17e9affb94aabbb98afb0c7295939f72bf52051a51b2e5d0cc00b84d89",,,,,,,"OV90","HGS",TRUE,"conditional SBS3 fit; not an HRD classification; tumour-only, no sample-callable mask"
"OV90","rare_read_supported","genome_restricted","restricted","genome",291,22,7,60.7218222667537,273.107893933784,0.222336386517908,0.866988180664255,0.00013206856363109,0.869702493464358,0.865459350452135,200,210190019,"43f804d2037b2e08d98c0d567e41863ecedaaf48fe9fb5b14b537ee2e312e1c4",0,0.430146972868866,0.239565883256261,0.925,0,117.959969459853,"OV90","HGS",TRUE,"conditional SBS3 fit; not an HRD classification; tumour-only, no sample-callable mask"
"OV90","baseline","target_full","full","target",583,60,5,0,563.856252535969,0,0.96119757448315,0,0.969937838806628,0.969937838806628,200,165399357,"d879cb83bbfcf91fd077a5728308f5247c8321d160888b46e13fd79545e64bf7",0,0.164578474418653,0,0.05,0,91.7752829652649,"OV90","HGS",TRUE,"conditional SBS3 fit; not an HRD classification; tumour-only, no sample-callable mask"
"OV90","rare_read_supported","genome_full","full","genome",291,60,16,0,280.058321252767,0,0.914124521534691,3.35632661758883e-19,0.917621468598077,0.917621468598077,200,210190019,"5280661a5458fdca555e0459b5af89f55d0b14af14554c76c1b9cfd21370511f",0,0,0,0.01,0,0,"OV90","HGS",TRUE,"conditional SBS3 fit; not an HRD classification; tumour-only, no sample-callable mask"
"OV90","baseline","target_restricted","restricted","target",583,22,3,0,555.062068564555,0,0.951182783299171,0,0.954709400968894,0.954709400968894,200,165399357,"3cfb3d4647ed2b144acb712eeae991d138db09732f81af29fc323afa083606d7",0,0.183634049708988,0,0.255,0,100.914614745345,"OV90","HGS",TRUE,"conditional SBS3 fit; not an HRD classification; tumour-only, no sample-callable mask"
"OV90","rare","genome_restricted","restricted","genome",477,22,4,95.0605901524226,431.253137927206,0.220428750059248,0.892245688425865,0.000136475671234827,0.900902261363517,0.895865174839303,0,201546711,"9b7786bf3178241fbdca82131fee9bffa6c4e56ba170ab5755af745f4f588095",,,,,,,"OV90","HGS",TRUE,"conditional SBS3 fit; not an HRD classification; tumour-only, no sample-callable mask"
"OV90","rare","genome_full","full","genome",477,60,13,0,447.802566937321,0,0.947893327623425,-2.49829335428926e-19,0.95368338811739,0.95368338811739,0,201546711,"2cc2deed64351ce8f93f31bf2066b3dfbb8b0d53b8464fbbc294bcde27fc7f69",,,,,,,"OV90","HGS",TRUE,"conditional SBS3 fit; not an HRD classification; tumour-only, no sample-callable mask"
"OV90","rare_read_supported","target_full","full","target",291,60,13,0,285.836960975255,0,0.917942547754031,0,0.926192334418934,0.926192334418934,200,210190019,"dac09bd8238bd508b5d38b8646fe09b84aff9f15e7c1f9c82a14e16558079bb9",0,0.0996365389631575,0,0.04,0,29.1082059312116,"OV90","HGS",TRUE,"conditional SBS3 fit; not an HRD classification; tumour-only, no sample-callable mask"
"OV90","rare_read_supported","target_restricted","restricted","target",291,22,4,0,280.092385797285,0,0.881365963305904,1.32027897165798e-05,0.886568068137434,0.886152871779174,200,210190019,"5ea2d4d3572a5e3349fd46a355a1d66dfe2fc5baac524cd8bcdbe692336efe2f",0,0.291827441526067,0,0.465,0,81.2187311253763,"OV90","HGS",TRUE,"conditional SBS3 fit; not an HRD classification; tumour-only, no sample-callable mask"
"TOV81D","rare_read_supported","target_full","full","target",171,60,10,25.1915807094173,170.464104159044,0.147782319531116,0.919877168970594,2.70959411587331e-05,0.924721841306575,0.923949616511488,200,135127264,"e09d572380086e376526e00f0a0e5ffaf8c9addbf5d60a05fab51e64e5ab9650",0,0.386199428388711,0.111518186927451,0.585,0,67.682008144541,"TOV81D","LGS",TRUE,"conditional SBS3 fit; not an HRD classification; tumour-only, no sample-callable mask"
"TOV81D","rare","target_restricted","restricted","target",498,22,7,42.1040864200176,467.735112548087,0.0900169461100464,0.901085019937439,1.58127570024307e-05,0.902976578426547,0.902414421078387,0,7688205,"363554fa36adf277fa4f3115d0be013139994adda6f8c771d4d7d29cd3ca2205",,,,,,,"TOV81D","LGS",TRUE,"conditional SBS3 fit; not an HRD classification; tumour-only, no sample-callable mask"
"TOV81D","rare_read_supported","target_restricted","restricted","target",171,22,5,24.9485566615868,171.593324495328,0.145393515365256,0.868143454848837,6.75871991835596e-05,0.87159483327337,0.869549665822713,200,135127264,"979e80f2cea0960bde406b859fbb96bba2b0ad6b218bd3c6246c435e760fed16",0,0.461322053039991,0.119828987483456,0.71,0,81.4302900542957,"TOV81D","LGS",TRUE,"conditional SBS3 fit; not an HRD classification; tumour-only, no sample-callable mask"
"TOV81D","rare","target_full","full","target",498,60,7,0,476.419335847737,0,0.924590666425497,1.02319883901583e-05,0.937732379249643,0.937382148875739,0,7688205,"f73973550e0df4134aba8ae694d54573c9b35285468d16a5c2130585eb868e51",,,,,,,"TOV81D","LGS",TRUE,"conditional SBS3 fit; not an HRD classification; tumour-only, no sample-callable mask"
"TOV81D","rare","genome_full","full","genome",498,60,6,89.2925245888409,471.447983813519,0.189400586394618,0.926932987781959,2.17393723453573e-05,0.934388224429908,0.933641285945533,0,7688205,"36f1975391dbaf4772bb91b7e11e5e10dc934a412ce6c59cb0363144fc87785a",,,,,,,"TOV81D","LGS",TRUE,"conditional SBS3 fit; not an HRD classification; tumour-only, no sample-callable mask"
"TOV81D","baseline","genome_restricted","restricted","genome",608,22,4,181.133521542908,569.097465148554,0.318282074047941,0.915349211551897,0.000129663901639807,0.923883460365705,0.919438486784605,200,231656094,"b684dd9a915760788556397e4d7a83c25f5b8cbfe6374911bedc9a3cb31ba414",0.0522078128509948,0.416090184467263,0.26868757973206,0.975,30.1438358245703,237.468523067067,"TOV81D","LGS",TRUE,"conditional SBS3 fit; not an HRD classification; tumour-only, no sample-callable mask"
"TOV81D","rare_read_supported","genome_full","full","genome",171,60,9,48.3642597496346,170.546899441076,0.283583342225137,0.927404458070654,4.26402954025997e-05,0.935134844899363,0.933932872746991,200,135127264,"1155ed8490696e50707b0f248a25cd94d1682722f9889542ce269326a9a832cd",0,0.415435221517724,0,0.48,0,70.8844190539865,"TOV81D","LGS",TRUE,"conditional SBS3 fit; not an HRD classification; tumour-only, no sample-callable mask"
"TOV81D","baseline","target_full","full","target",608,60,3,0,571.387325228023,0,0.934324267113709,2.1198348798884e-06,0.952689584516484,0.952619279237103,200,231656094,"6d0b53172ee80b57a6eb4e4cd3caed7e43272911fb8cc74768d81b68e9f35d5c",0,0.177319331932109,0,0.105,0,103.288888861763,"TOV81D","LGS",TRUE,"conditional SBS3 fit; not an HRD classification; tumour-only, no sample-callable mask"
"TOV81D","baseline","genome_full","full","genome",608,60,4,0,569.95358853821,0,0.936416661442687,1.91294640737248e-06,0.947134727822509,0.94707091220586,200,231656094,"12c2a1af5388c01ac26b17446f3b762632572adac0ccc9b92f6cc6823f480e89",0,0.278764508610224,0,0.23,0,167.520473365738,"TOV81D","LGS",TRUE,"conditional SBS3 fit; not an HRD classification; tumour-only, no sample-callable mask"
"TOV81D","baseline","target_restricted","restricted","target",608,22,3,0,569.434488372132,0,0.926374376186784,9.32281438064169e-06,0.933711823714077,0.933396302284644,200,231656094,"2ce2dddab51db8cf1f69a1fbdffcbf5ea93175d6dd22f05a70dcdeaa6faf25fd",0,0.2717779009409,0,0.445,0,151.099271622881,"TOV81D","LGS",TRUE,"conditional SBS3 fit; not an HRD classification; tumour-only, no sample-callable mask"
"TOV81D","rare_read_supported","genome_restricted","restricted","genome",171,22,4,71.8666145090324,172.435830497336,0.416773093514011,0.888937217041166,0.000324585269542161,0.893492765376163,0.883871067725434,200,135127264,"c9dbbd6fe3effcc0834b085a8c85ad285013b3265c0c2de5b9895d6db99a47bb",0.0815511557051102,0.580119502852686,0.30457884997049,0.985,13.6876870891983,98.9762331426774,"TOV81D","LGS",TRUE,"conditional SBS3 fit; not an HRD classification; tumour-only, no sample-callable mask"
"TOV81D","rare","genome_restricted","restricted","genome",498,22,5,128.6420884516,459.009597967506,0.280260127503274,0.893907418686588,0.000185746308849437,0.899170740473407,0.892516791156094,0,7688205,"1b720790351ceb3ef30dbca82f63d13a1b1d8dce1bca9c4de01af8a9409d18c4",,,,,,,"TOV81D","LGS",TRUE,"conditional SBS3 fit; not an HRD classification; tumour-only, no sample-callable mask"
"TOV21G","rare","target_restricted","restricted","target",2129,22,2,0,2064.47354795588,0,0.957719261031682,-4.01308950685893e-19,0.964918703868358,0.964918703868358,0,230866296,"870387ed0063beed5025f16389d551dd5ccc4f7b5b13dbcb5d44c93dbc132727",,,,,,,"TOV21G","CC",TRUE,"conditional SBS3 fit; not an HRD classification; tumour-only, no sample-callable mask"
"TOV21G","rare","target_full","full","target",2129,60,5,0,2029.07276546996,0,0.970301367046123,0,0.98313592487562,0.98313592487562,0,230866296,"0d3d47f0b9c6903304264e8855573cb09f32c893e6147dd1ffdeb44b964cc2fe",,,,,,,"TOV21G","CC",TRUE,"conditional SBS3 fit; not an HRD classification; tumour-only, no sample-callable mask"
"TOV21G","rare_read_supported","target_full","full","target",1668,60,8,0,1665.7522886677,0,0.971370776084424,0,0.979139536558251,0.979139536558251,200,78104031,"2eef9453e17d8b2aeeecb786e89f517f41a8f91efa93b50f14aafbd0dcc3bd5f",0,0,0,0,0,0,"TOV21G","CC",TRUE,"conditional SBS3 fit; not an HRD classification; tumour-only, no sample-callable mask"
"TOV21G","baseline","target_restricted","restricted","target",2417,22,4,0,2454.13616841037,0,0.972029366985737,0,0.975504364553455,0.975504364553455,200,171680110,"d4c5b814e80583ddbe7567d098cb63cc0989f5c788b259f7078a0fafb3242a11",0,0,0,0,0,0,"TOV21G","CC",TRUE,"conditional SBS3 fit; not an HRD classification; tumour-only, no sample-callable mask"
"TOV21G","baseline","target_full","full","target",2417,60,6,0,2359.77190597075,0,0.978069804043775,0,0.988298964166754,0.988298964166754,200,171680110,"d0f779a08448c5fada3b4bd243411505877f7b073cd603ae658e3326281ae0d9",0,0,0,0,0,0,"TOV21G","CC",TRUE,"conditional SBS3 fit; not an HRD classification; tumour-only, no sample-callable mask"
"TOV21G","baseline","genome_full","full","genome",2417,60,5,0,2339.57255481444,0,0.976532709977773,1.55685036427931e-19,0.986314623671476,0.986314623671476,200,171680110,"22ffaa1cf12b6d89944f6fee5db996ce4d9a4df4b5f3616814ad10efe2adebcd",0,0,0,0,0,0,"TOV21G","CC",TRUE,"conditional SBS3 fit; not an HRD classification; tumour-only, no sample-callable mask"
"TOV21G","rare","genome_full","full","genome",2129,60,5,0,2108.81063061486,0,0.967899486199203,2.00654475342946e-19,0.982616384472609,0.982616384472609,0,230866296,"de5e70933a301f84c19f7843bc54e46c76099b07e21bca9773dbf3f877c68b0f",,,,,,,"TOV21G","CC",TRUE,"conditional SBS3 fit; not an HRD classification; tumour-only, no sample-callable mask"
"TOV21G","baseline","genome_restricted","restricted","genome",2417,22,5,0,2335.17874682548,0,0.973546097624132,9.75328543405505e-06,0.977977153934453,0.977831503775933,200,171680110,"9a13e19c2de64e4e0cba1a9cd3eaed178c858c777b0e77039243de8c69a3c55e",0,0.208315425578859,0,0.1,0,489.830956073773,"TOV21G","CC",TRUE,"conditional SBS3 fit; not an HRD classification; tumour-only, no sample-callable mask"
"TOV21G","rare_read_supported","genome_restricted","restricted","genome",1668,22,4,0,1628.77225850773,0,0.962100354018515,1.82733420666392e-06,0.970120629951063,0.97009413173245,200,78104031,"32059bcb11d28fdfc81ccc04bdbc3597ae2892bcd916ffc651ecba7ae8a41cd9",0,0.0519151217800942,0,0.035,0,86.7635668664292,"TOV21G","CC",TRUE,"conditional SBS3 fit; not an HRD classification; tumour-only, no sample-callable mask"
"TOV21G","rare","genome_restricted","restricted","genome",2129,22,5,264.949159209866,2102.06618206091,0.126042253793411,0.960448843258171,1.44162573948473e-05,0.967223570476829,0.966995401006764,0,230866296,"5eccbf3655132492ec1b8135346f452d9832de5177a5ca84119e54f191299c34",,,,,,,"TOV21G","CC",TRUE,"conditional SBS3 fit; not an HRD classification; tumour-only, no sample-callable mask"
"TOV21G","rare_read_supported","genome_full","full","genome",1668,60,5,0,1540.12849023439,0,0.96769810191676,0,0.982005371861776,0.982005371861776,200,78104031,"11aaa902edb8d18beec301c1c1b4dadfb870f4d7940b90cad1ede9c52d2924fe",0,0,0,0,0,0,"TOV21G","CC",TRUE,"conditional SBS3 fit; not an HRD classification; tumour-only, no sample-callable mask"
"TOV21G","rare_read_supported","target_restricted","restricted","target",1668,22,5,0,1720.85375688042,0,0.959896643924213,0,0.962082987016004,0.962082987016004,200,78104031,"82ee7691b3120ad1353116e2bc392e6d756f22d2855708c74b7a8e0d9908d21c",0,0,0,0,0,0,"TOV21G","CC",TRUE,"conditional SBS3 fit; not an HRD classification; tumour-only, no sample-callable mask"
"TOV3392D","rare","target_restricted","restricted","target",309,22,6,0,296.68533509971,0,0.890539757864503,0,0.892731473831047,0.892731473831047,0,256250528,"8ed4772a64b2ef9c5e8f290f20d1e857f5ab885b126af0cc9470b3a25f991935",,,,,,,"TOV3392D","CC",TRUE,"conditional SBS3 fit; not an HRD classification; tumour-only, no sample-callable mask"
"TOV3392D","baseline","target_restricted","restricted","target",427,22,6,0,419.28364546854,0,0.931014860745433,0,0.935019838354338,0.935019838354338,200,17691947,"c83e4908b9c74b19940216b9b49d2a42ad6d847bf230aeaa1b587b5925d76544",0,0.126013895883854,0,0.1,0,53.5610360531514,"TOV3392D","CC",TRUE,"conditional SBS3 fit; not an HRD classification; tumour-only, no sample-callable mask"
"TOV3392D","rare_read_supported","target_full","full","target",197,60,14,0,193.869481902444,0,0.91136887816583,0,0.915333788718735,0.915333788718735,200,123579006,"9ed1c916a532ee6f6d7d846887c942e73f56dd06e39898fc7d61785b4994abd5",0,0.117154484038304,0,0.06,0,23.4476058575802,"TOV3392D","CC",TRUE,"conditional SBS3 fit; not an HRD classification; tumour-only, no sample-callable mask"
"TOV3392D","rare","genome_full","full","genome",309,60,10,0,295.687927787147,0,0.910641754198174,0,0.919078528339594,0.919078528339594,0,256250528,"ed00b57995d454e2f42f4ffe9669fb8bca131fae8337d160f7874c7e3f3372f4",,,,,,,"TOV3392D","CC",TRUE,"conditional SBS3 fit; not an HRD classification; tumour-only, no sample-callable mask"
"TOV3392D","baseline","genome_restricted","restricted","genome",427,22,8,105.58629569477,404.264935239429,0.261180939752382,0.916470794846331,0.000110952136152591,0.916841332721074,0.913744949777158,200,17691947,"ffb5bd91676bc12ebacd3e006a1e6e66a772a2f4a3f3cd40208f84bcf8ae291e",0,0.40714762957766,0.200476161563391,0.895,0,161.949192923216,"TOV3392D","CC",TRUE,"conditional SBS3 fit; not an HRD classification; tumour-only, no sample-callable mask"
"TOV3392D","rare","target_full","full","target",309,60,15,0,303.020111687451,0,0.910269827772521,0,0.913683638078582,0.913683638078582,0,256250528,"a9366475c6ea13310f685436c5dca59d5d0962da661c2e275606e2e20a94e861",,,,,,,"TOV3392D","CC",TRUE,"conditional SBS3 fit; not an HRD classification; tumour-only, no sample-callable mask"
"TOV3392D","baseline","genome_full","full","genome",427,60,11,0,419.946478225035,0,0.947758205950645,0,0.950013343212772,0.950013343212772,200,17691947,"3c2a4ea93033037c751cba79b12885d85e17ad284800387f3013196737099dac",0,0,0,0.01,0,0,"TOV3392D","CC",TRUE,"conditional SBS3 fit; not an HRD classification; tumour-only, no sample-callable mask"
"TOV3392D","rare_read_supported","genome_full","full","genome",197,60,11,0,192.300122504218,0,0.918480697990966,0,0.92629431919321,0.92629431919321,200,123579006,"e18c70680acbaf92e11d54d7f8b78672f2413b7c73389876b588554858e9d123",0,0.279578414936778,0,0.12,0,55.4481789006416,"TOV3392D","CC",TRUE,"conditional SBS3 fit; not an HRD classification; tumour-only, no sample-callable mask"
"TOV3392D","rare_read_supported","target_restricted","restricted","target",197,22,6,0,195.629043329161,0,0.868267719687235,0,0.873989310340922,0.873989310340922,200,123579006,"d0c1f02aac007fdac06160115aceab9604b830860b5b26d713742a70b7c29b03",0,0.256861091255438,0,0.235,0,53.2812803959147,"TOV3392D","CC",TRUE,"conditional SBS3 fit; not an HRD classification; tumour-only, no sample-callable mask"
"TOV3392D","baseline","target_full","full","target",427,60,12,0,418.130481818169,0,0.944563726347307,0,0.951599042224149,0.951599042224149,200,17691947,"befb94cbc68a438209c69b6471a10dfd4b86eed39c31ce8101ff171227df2563",0,0,0,0.01,0,0,"TOV3392D","CC",TRUE,"conditional SBS3 fit; not an HRD classification; tumour-only, no sample-callable mask"
"TOV3392D","rare_read_supported","genome_restricted","restricted","genome",197,22,7,33.9724413684692,193.759484589144,0.175333049840145,0.8733236674488,9.84873140467518e-05,0.876563313354671,0.873942088428606,200,123579006,"0f96c65c7b8603a5b052cc1d5b681cb2f26d81efc56d18f014dd5855dba3ef1d",0,0.465803173888313,0.185151551565408,0.775,0,92.1684247459459,"TOV3392D","CC",TRUE,"conditional SBS3 fit; not an HRD classification; tumour-only, no sample-callable mask"
"TOV3392D","rare","genome_restricted","restricted","genome",309,22,8,48.2999545263541,287.161054867784,0.168198137273846,0.873857114873644,4.67626097173582e-05,0.877199336710368,0.87580676179922,0,256250528,"ad30d32fac7f96e82a428716592141a9d91ad6aa7f3f1be686c901a6b571be1b",,,,,,,"TOV3392D","CC",TRUE,"conditional SBS3 fit; not an HRD classification; tumour-only, no sample-callable mask"
"TOV112D","rare_read_supported","target_full","full","target",127,60,16,0,125.118334186782,0,0.855979394256336,0,0.858101645548574,0.858101645548574,200,75720736,"0914142c2b8fd833829616fd95f645595336929649ca7bd5c656ca6239cb006e",0,0,0,0,0,0,"TOV112D","EC",TRUE,"conditional SBS3 fit; not an HRD classification; tumour-only, no sample-callable mask"
"TOV112D","rare","target_full","full","target",229,60,12,0,223.237537650718,0,0.886075095268272,0,0.895433479489451,0.895433479489451,0,169166784,"16d2b12b97b7d2657aaa63582938790c2e8a751f23e132d955857630eecd508a",,,,,,,"TOV112D","EC",TRUE,"conditional SBS3 fit; not an HRD classification; tumour-only, no sample-callable mask"
"TOV112D","baseline","target_full","full","target",336,60,6,0,338.40294503433,0,0.927974191991598,0,0.935290661056011,0.935290661056011,200,233299737,"36c546ba70b4fbbdc20654df09ed1d7187fe43e975bf72b3a576190ccd286c3e",0,0,0,0,0,0,"TOV112D","EC",TRUE,"conditional SBS3 fit; not an HRD classification; tumour-only, no sample-callable mask"
"TOV112D","rare","target_restricted","restricted","target",229,22,5,0,218.661718503794,0,0.864638416181062,0,0.86980840723818,0.86980840723818,0,169166784,"e3ac2419eaf3dc715e2dc984595905348293c1707c404c3a78c7aa591bf7cf35",,,,,,,"TOV112D","EC",TRUE,"conditional SBS3 fit; not an HRD classification; tumour-only, no sample-callable mask"
"TOV112D","baseline","genome_restricted","restricted","genome",336,22,4,0,303.441514347402,0,0.872185297468529,3.90305814155631e-06,0.880967814259962,0.880860381423166,200,233299737,"28697e93010fc31cd73b24b180950737d882478640d9abd279170150e5491081",0,0.216138256714864,0,0.405,0,70.1416851014686,"TOV112D","EC",TRUE,"conditional SBS3 fit; not an HRD classification; tumour-only, no sample-callable mask"
"TOV112D","rare_read_supported","genome_restricted","restricted","genome",127,22,5,0,122.072392467536,0,0.83214861095161,0,0.84440879587784,0.84440879587784,200,75720736,"a5489b00466fc1c526b71099b951cbdee2665334c9647f10dd0cd91a8842a9d8",0,0,0,0.01,0,0,"TOV112D","EC",TRUE,"conditional SBS3 fit; not an HRD classification; tumour-only, no sample-callable mask"
"TOV112D","rare","genome_full","full","genome",229,60,10,0,216.24287105365,0,0.87186448568978,0,0.876363225744468,0.876363225744468,0,169166784,"5741cecafaaa56f933e84da53dc84b01302ec1d79ce3a62df00ae55cbb9bf8a0",,,,,,,"TOV112D","EC",TRUE,"conditional SBS3 fit; not an HRD classification; tumour-only, no sample-callable mask"
"TOV112D","baseline","target_restricted","restricted","target",336,22,4,0,328.892166947087,0,0.921346743205133,0,0.929554287610339,0.929554287610339,200,233299737,"3d147a3195ad2986be950f9b96bfc285f4e1e7e672e0834a90c4afa44c1d4089",0,0,0,0,0,0,"TOV112D","EC",TRUE,"conditional SBS3 fit; not an HRD classification; tumour-only, no sample-callable mask"
"TOV112D","rare_read_supported","target_restricted","restricted","target",127,22,8,0,124.183433673965,0,0.827994875104365,0,0.832684564016022,0.832684564016022,200,75720736,"ecc3424ba6f25e52387e13cdc6406bc61b88b1c52fbba70c33da450ceac7a187",0,0,0,0,0,0,"TOV112D","EC",TRUE,"conditional SBS3 fit; not an HRD classification; tumour-only, no sample-callable mask"
"TOV112D","baseline","genome_full","full","genome",336,60,6,0,326.021582759708,0,0.891581809036094,0,0.902055947229529,0.902055947229529,200,233299737,"524c02fc9dabfaca959c2150c7148e28266cb9a2e063eb7feb63a2cbbfd85c3e",0,0,0,0,0,0,"TOV112D","EC",TRUE,"conditional SBS3 fit; not an HRD classification; tumour-only, no sample-callable mask"
"TOV112D","rare_read_supported","genome_full","full","genome",127,60,11,0,123.769004325125,0,0.851891818850044,0,0.856125381251595,0.856125381251595,200,75720736,"a6db6e5efd167c5977e36e31fe962f7b68a1ab7be93078ba068e43f32b4e6834",0,0,0,0,0,0,"TOV112D","EC",TRUE,"conditional SBS3 fit; not an HRD classification; tumour-only, no sample-callable mask"
"TOV112D","rare","genome_restricted","restricted","genome",229,22,6,0,209.392357787472,0,0.839474534547151,3.25296654198758e-06,0.84191384859013,0.841812633575795,0,169166784,"829099d452f95efa9f2ddfcb21c8d3763f3373deb9360fea38d903062993b6da",,,,,,,"TOV112D","EC",TRUE,"conditional SBS3 fit; not an HRD classification; tumour-only, no sample-callable mask"
"TOV2414","baseline","genome_full","full","genome",386,60,6,0,366.993128847994,0,0.93180097107669,3.81509697312733e-19,0.940954256386658,0.940954256386658,200,74406129,"825fc23bc22772d685c2c4ecf3f8750a4ca20b7a6e0fabf7bc227f2d155694dc",0,0.102384185909468,0,0.045,0,38.15871771909,"TOV2414","MC",TRUE,"conditional SBS3 fit; not an HRD classification; tumour-only, no sample-callable mask"
"TOV2414","baseline","genome_restricted","restricted","genome",386,22,6,39.1454399902166,365.905809651593,0.106982286035551,0.910346330515322,6.56479571099078e-05,0.914642519098036,0.912782722640221,200,74406129,"8f3811bf6b2836f2b96a3085492a5d8b05d05b5eeb6d97b235910d5a73a4724a",0,0.337164734194487,0.170707363014073,0.795,0,124.676648443322,"TOV2414","MC",TRUE,"conditional SBS3 fit; not an HRD classification; tumour-only, no sample-callable mask"
"TOV2414","baseline","target_full","full","target",386,60,4,0,384.702309019493,0,0.934319409380899,0,0.944799368506443,0.944799368506443,200,74406129,"1ce50a9577fb8f615ad9bf54a89ada8b06d90ec688f8397450643d8f1da34172",0,0,0,0.01,0,0,"TOV2414","MC",TRUE,"conditional SBS3 fit; not an HRD classification; tumour-only, no sample-callable mask"
"TOV2414","rare","target_full","full","target",303,60,4,0,291.569259605595,0,0.906865076175145,0,0.924963806000424,0.924963806000424,0,145580471,"480d94cea8205ca8efa6dd3152e55b61818c0df6d04ecbfb5e36e8e1eed08aa1",,,,,,,"TOV2414","MC",TRUE,"conditional SBS3 fit; not an HRD classification; tumour-only, no sample-callable mask"
"TOV2414","rare_read_supported","genome_full","full","genome",211,60,12,0,203.78120619305,0,0.926686697931132,0,0.930443317479762,0.930443317479762,200,149249217,"d1e4b8fe0aad6c5c179dda7248c5a9e327ce02d07677acbd6fd050ac1650681a",0,0.0865948987429711,0,0.035,0,17.420146709765,"TOV2414","MC",TRUE,"conditional SBS3 fit; not an HRD classification; tumour-only, no sample-callable mask"
"TOV2414","rare","target_restricted","restricted","target",303,22,5,0,294.402180552332,0,0.903924594746803,0,0.906748633067702,0.906748633067702,0,145580471,"2c3f97345721f1922e9ca741e348cb9f8ad6430d0596c2c3a06a8da6f054633f",,,,,,,"TOV2414","MC",TRUE,"conditional SBS3 fit; not an HRD classification; tumour-only, no sample-callable mask"
"TOV2414","rare_read_supported","genome_restricted","restricted","genome",211,22,8,33.4352841557125,196.020041849708,0.170570742869996,0.882953945621993,6.33345949032861e-05,0.885278811499288,0.883252910021112,200,149249217,"2a96a6bf2b351cb8d64b875252b6811ee47430309c954c2e495a1abdd85fad51",0,0.408373091697167,0.179152985579064,0.785,0,80.5620608763179,"TOV2414","MC",TRUE,"conditional SBS3 fit; not an HRD classification; tumour-only, no sample-callable mask"
"TOV2414","rare","genome_full","full","genome",303,60,12,0,289.809352883014,0,0.916462373976162,0,0.919485568699669,0.919485568699669,0,145580471,"af176d7d93e17ee5afce6da3df576c029c62a54edb75d7b17932045c666de048",,,,,,,"TOV2414","MC",TRUE,"conditional SBS3 fit; not an HRD classification; tumour-only, no sample-callable mask"
"TOV2414","rare_read_supported","target_full","full","target",211,60,15,0,208.078593187875,0,0.929930696231651,0,0.934327751378129,0.934327751378129,200,149249217,"f02f04b8973ce5e61208322eaea2780f7ff34dff36513126012488c295faa6fb",0,0.0556285823933578,0,0.03,0,11.7341309875722,"TOV2414","MC",TRUE,"conditional SBS3 fit; not an HRD classification; tumour-only, no sample-callable mask"
"TOV2414","baseline","target_restricted","restricted","target",386,22,4,0,382.100889710424,0,0.931587279764793,3.81509697312733e-19,0.934416950912463,0.934416950912463,200,74406129,"11d4a024b9324b4bfb05a9bda61337fb5634f0b38fe345061e0e8d51c418430f",0,0.111908195899864,0,0.07,0,42.4674826224162,"TOV2414","MC",TRUE,"conditional SBS3 fit; not an HRD classification; tumour-only, no sample-callable mask"
"TOV2414","rare","genome_restricted","restricted","genome",303,22,8,75.744055509815,282.902590468861,0.267738995900613,0.884074867180729,0.00012037162786164,0.884212552014856,0.880300603248582,0,145580471,"da6d7e702cdc29ec0161c338ad22cde16383eb1ec3410aad2ec3808062650161",,,,,,,"TOV2414","MC",TRUE,"conditional SBS3 fit; not an HRD classification; tumour-only, no sample-callable mask"
"TOV2414","rare_read_supported","target_restricted","restricted","target",211,22,3,0,202.718836817997,0,0.895614594623073,0,0.899664475966732,0.899664475966732,200,149249217,"4fc5a3e735e33ffd7b4fb47a4dd69ce4691c3612287d355dbc9a2e52e2deb99b",0,0.254632467405965,0,0.23,0,51.6991152534421,"TOV2414","MC",TRUE,"conditional SBS3 fit; not an HRD classification; tumour-only, no sample-callable mask"
