"cell_line","substrate","reference","signature","bootstrap_count_correlation_with_sbs3"
"OV1369-R2","baseline","genome_full","SBS1",-0.0246570313031895
"OV1369-R2","baseline","genome_full","SBS2",-0.0193441480721476
"OV1369-R2","baseline","genome_full","SBS3",1
"OV1369-R2","baseline","genome_full","SBS4",-0.113868857734223
"OV1369-R2","baseline","genome_full","SBS5",-0.00777555488170607
"OV1369-R2","baseline","genome_full","SBS6",-0.120552105587051
"OV1369-R2","baseline","genome_full","SBS7a",-0.0285671003663047
"OV1369-R2","baseline","genome_full","SBS7b",-0.204521807496178
"OV1369-R2","baseline","genome_full","SBS7c",
"OV1369-R2","baseline","genome_full","SBS7d",
"OV1369-R2","baseline","genome_full","SBS8",-0.813596599827762
"OV1369-R2","baseline","genome_full","SBS9",
"OV1369-R2","baseline","genome_full","SBS10a",-0.0331145342302323
"OV1369-R2","baseline","genome_full","SBS10b",-0.144676156010666
"OV1369-R2","baseline","genome_full","SBS10c",
"OV1369-R2","baseline","genome_full","SBS10d",
"OV1369-R2","baseline","genome_full","SBS11",0.0436067885609436
"OV1369-R2","baseline","genome_full","SBS12",-0.502776481543396
"OV1369-R2","baseline","genome_full","SBS13",-0.0173710167691953
"OV1369-R2","baseline","genome_full","SBS14",0.000769277244980816
"OV1369-R2","baseline","genome_full","SBS15",0.0269032985322085
"OV1369-R2","baseline","genome_full","SBS16",-0.115279971807717
"OV1369-R2","baseline","genome_full","SBS17a",-0.133004234444868
"OV1369-R2","baseline","genome_full","SBS17b",-0.0817418193360121
"OV1369-R2","baseline","genome_full","SBS18",
"OV1369-R2","baseline","genome_full","SBS19",-0.180259032954926
"OV1369-R2","baseline","genome_full","SBS20",
"OV1369-R2","baseline","genome_full","SBS21",
"OV1369-R2","baseline","genome_full","SBS22",-0.0148872363500426
"OV1369-R2","baseline","genome_full","SBS23",-0.0792628347131483
"OV1369-R2","baseline","genome_full","SBS24",0.0804009255456996
"OV1369-R2","baseline","genome_full","SBS25",-0.0313120685987944
"OV1369-R2","baseline","genome_full","SBS26",
"OV1369-R2","baseline","genome_full","SBS28",-0.0792191426773747
"OV1369-R2","baseline","genome_full","SBS29",0.0622628727510669
"OV1369-R2","baseline","genome_full","SBS30",-0.325254913705075
"OV1369-R2","baseline","genome_full","SBS31",-0.086891678556857
"OV1369-R2","baseline","genome_full","SBS32",0.0683423930639605
"OV1369-R2","baseline","genome_full","SBS33",-0.22675959873805
"OV1369-R2","baseline","genome_full","SBS34",
"OV1369-R2","baseline","genome_full","SBS35",-0.0632554991252341
"OV1369-R2","baseline","genome_full","SBS36",
"OV1369-R2","baseline","genome_full","SBS37",-0.269508111754685
"OV1369-R2","baseline","genome_full","SBS38",
"OV1369-R2","baseline","genome_full","SBS39",-0.880510810035732
"OV1369-R2","baseline","genome_full","SBS40",
"OV1369-R2","baseline","genome_full","SBS41",
"OV1369-R2","baseline","genome_full","SBS42",0.00076927724498081
"OV1369-R2","baseline","genome_full","SBS44",
"OV1369-R2","baseline","genome_full","SBS84",
"OV1369-R2","baseline","genome_full","SBS85",
"OV1369-R2","baseline","genome_full","SBS86",-0.0938888614190184
"OV1369-R2","baseline","genome_full","SBS87",0.269205075719013
"OV1369-R2","baseline","genome_full","SBS88",
"OV1369-R2","baseline","genome_full","SBS89",-0.224702537166046
"OV1369-R2","baseline","genome_full","SBS90",
"OV1369-R2","baseline","genome_full","SBS91",-0.0526529763416431
"OV1369-R2","baseline","genome_full","SBS92",
"OV1369-R2","baseline","genome_full","SBS93",-0.114103560665395
"OV1369-R2","baseline","genome_full","SBS94",
"OV2085","baseline","genome_full","SBS1",-0.0319483702545212
"OV2085","baseline","genome_full","SBS2",-0.0184686378519634
"OV2085","baseline","genome_full","SBS3",1
"OV2085","baseline","genome_full","SBS4",-0.160228416072956
"OV2085","baseline","genome_full","SBS5",-0.355983498324095
"OV2085","baseline","genome_full","SBS6",0.0799643223785067
"OV2085","baseline","genome_full","SBS7a",0.0404203375211439
"OV2085","baseline","genome_full","SBS7b",0.0769792811987145
"OV2085","baseline","genome_full","SBS7c",
"OV2085","baseline","genome_full","SBS7d",
"OV2085","baseline","genome_full","SBS8",
"OV2085","baseline","genome_full","SBS9",0.00816777400328952
"OV2085","baseline","genome_full","SBS10a",-0.0426846244653366
"OV2085","baseline","genome_full","SBS10b",0.0497225241286649
"OV2085","baseline","genome_full","SBS10c",
"OV2085","baseline","genome_full","SBS10d",
"OV2085","baseline","genome_full","SBS11",0.0272352397156734
"OV2085","baseline","genome_full","SBS12",-0.00757671261450124
"OV2085","baseline","genome_full","SBS13",
"OV2085","baseline","genome_full","SBS14",
"OV2085","baseline","genome_full","SBS15",-0.114625861751776
"OV2085","baseline","genome_full","SBS16",0.103587715316923
"OV2085","baseline","genome_full","SBS17a",-0.129608387147636
"OV2085","baseline","genome_full","SBS17b",
"OV2085","baseline","genome_full","SBS18",0.0340236565489242
"OV2085","baseline","genome_full","SBS19",0.0325008893500698
"OV2085","baseline","genome_full","SBS20",
"OV2085","baseline","genome_full","SBS21",
"OV2085","baseline","genome_full","SBS22",
"OV2085","baseline","genome_full","SBS23",0.0673135671155403
"OV2085","baseline","genome_full","SBS24",0.0286944987796857
"OV2085","baseline","genome_full","SBS25",-0.059704579502895
"OV2085","baseline","genome_full","SBS26",-0.050787099799448
"OV2085","baseline","genome_full","SBS28",0.0214071412847411
"OV2085","baseline","genome_full","SBS29",-0.0575390519157683
"OV2085","baseline","genome_full","SBS30",0.0275430407646656
"OV2085","baseline","genome_full","SBS31",-0.238109966880822
"OV2085","baseline","genome_full","SBS32",-0.124406259949909
"OV2085","baseline","genome_full","SBS33",0.148123496201744
"OV2085","baseline","genome_full","SBS34",
"OV2085","baseline","genome_full","SBS35",0.00270589620256087
"OV2085","baseline","genome_full","SBS36",
"OV2085","baseline","genome_full","SBS37",0.044389374214484
"OV2085","baseline","genome_full","SBS38",-0.0426846244653367
"OV2085","baseline","genome_full","SBS39",-0.420457955559082
"OV2085","baseline","genome_full","SBS40",-0.0707432653778858
"OV2085","baseline","genome_full","SBS41",
"OV2085","baseline","genome_full","SBS42",
"OV2085","baseline","genome_full","SBS44",
"OV2085","baseline","genome_full","SBS84",-0.0426846244653369
"OV2085","baseline","genome_full","SBS85",-0.0426846244653366
"OV2085","baseline","genome_full","SBS86",-0.0261090193453068
"OV2085","baseline","genome_full","SBS87",0.0435856157078539
"OV2085","baseline","genome_full","SBS88",-0.0262852526067575
"OV2085","baseline","genome_full","SBS89",-0.113868672633799
"OV2085","baseline","genome_full","SBS90",
"OV2085","baseline","genome_full","SBS91",
"OV2085","baseline","genome_full","SBS92",
"OV2085","baseline","genome_full","SBS93",
"OV2085","baseline","genome_full","SBS94",
"OV2295","baseline","genome_full","SBS1",-0.0571708587778745
"OV2295","baseline","genome_full","SBS2",-0.057825672592984
"OV2295","baseline","genome_full","SBS3",1
"OV2295","baseline","genome_full","SBS4",0.0279129804787401
"OV2295","baseline","genome_full","SBS5",-0.0677070110898533
"OV2295","baseline","genome_full","SBS6",-0.0884704912209424
"OV2295","baseline","genome_full","SBS7a",0.34120146901307
"OV2295","baseline","genome_full","SBS7b",-0.0970390986762566
"OV2295","baseline","genome_full","SBS7c",
"OV2295","baseline","genome_full","SBS7d",-0.0072528610880838
"OV2295","baseline","genome_full","SBS8",-0.0484681525377673
"OV2295","baseline","genome_full","SBS9",-0.0264328028275544
"OV2295","baseline","genome_full","SBS10a",-0.0739646480764327
"OV2295","baseline","genome_full","SBS10b",-0.0841523034359518
"OV2295","baseline","genome_full","SBS10c",
"OV2295","baseline","genome_full","SBS10d",0.0340820140828017
"OV2295","baseline","genome_full","SBS11",0.00309239181269455
"OV2295","baseline","genome_full","SBS12",-0.147143430258679
"OV2295","baseline","genome_full","SBS13",
"OV2295","baseline","genome_full","SBS14",
"OV2295","baseline","genome_full","SBS15",-0.036926111385877
"OV2295","baseline","genome_full","SBS16",
"OV2295","baseline","genome_full","SBS17a",
"OV2295","baseline","genome_full","SBS17b",-0.0484681525377673
"OV2295","baseline","genome_full","SBS18",-0.108433419588625
"OV2295","baseline","genome_full","SBS19",-0.033379470618105
"OV2295","baseline","genome_full","SBS20",
"OV2295","baseline","genome_full","SBS21",-0.120368494991117
"OV2295","baseline","genome_full","SBS22",-0.0287037707377201
"OV2295","baseline","genome_full","SBS23",-0.0686225785030371
"OV2295","baseline","genome_full","SBS24",-0.187043331832139
"OV2295","baseline","genome_full","SBS25",-0.139140185944691
"OV2295","baseline","genome_full","SBS26",-0.065554028519458
"OV2295","baseline","genome_full","SBS28",
"OV2295","baseline","genome_full","SBS29",
"OV2295","baseline","genome_full","SBS30",-0.0335030106680424
"OV2295","baseline","genome_full","SBS31",-0.301782641169009
"OV2295","baseline","genome_full","SBS32",-0.153881106444594
"OV2295","baseline","genome_full","SBS33",0.106353289466864
"OV2295","baseline","genome_full","SBS34",
"OV2295","baseline","genome_full","SBS35",
"OV2295","baseline","genome_full","SBS36",-0.0308108448440243
"OV2295","baseline","genome_full","SBS37",0.0161821959432031
"OV2295","baseline","genome_full","SBS38",-0.0685456729992131
"OV2295","baseline","genome_full","SBS39",-0.564686393727101
"OV2295","baseline","genome_full","SBS40",-0.1244604188456
"OV2295","baseline","genome_full","SBS41",
"OV2295","baseline","genome_full","SBS42",
"OV2295","baseline","genome_full","SBS44",-0.0686579942385164
"OV2295","baseline","genome_full","SBS84",0.00477988076169753
"OV2295","baseline","genome_full","SBS85",-0.107639050335641
"OV2295","baseline","genome_full","SBS86",0.0735683493057383
"OV2295","baseline","genome_full","SBS87",0.138457259163203
"OV2295","baseline","genome_full","SBS88",-0.0637306467784919
"OV2295","baseline","genome_full","SBS89",-0.29471338794978
"OV2295","baseline","genome_full","SBS90",
"OV2295","baseline","genome_full","SBS91",0.0394823781227668
"OV2295","baseline","genome_full","SBS92",
"OV2295","baseline","genome_full","SBS93",
"OV2295","baseline","genome_full","SBS94",
"OV2295-R2","baseline","genome_full","SBS1",0.125338040630983
"OV2295-R2","baseline","genome_full","SBS2",-0.0395210301351273
"OV2295-R2","baseline","genome_full","SBS3",1
"OV2295-R2","baseline","genome_full","SBS4",-0.205821995031113
"OV2295-R2","baseline","genome_full","SBS5",-0.0413754006666892
"OV2295-R2","baseline","genome_full","SBS6",0.0311507872973058
"OV2295-R2","baseline","genome_full","SBS7a",0.0308332332808606
"OV2295-R2","baseline","genome_full","SBS7b",-0.0498636409331629
"OV2295-R2","baseline","genome_full","SBS7c",
"OV2295-R2","baseline","genome_full","SBS7d",0.025933906732069
"OV2295-R2","baseline","genome_full","SBS8",-0.203698270704808
"OV2295-R2","baseline","genome_full","SBS9",-0.0413754006666889
"OV2295-R2","baseline","genome_full","SBS10a",
"OV2295-R2","baseline","genome_full","SBS10b",
"OV2295-R2","baseline","genome_full","SBS10c",
"OV2295-R2","baseline","genome_full","SBS10d",
"OV2295-R2","baseline","genome_full","SBS11",0.0785893408640088
"OV2295-R2","baseline","genome_full","SBS12",-0.0889610212769163
"OV2295-R2","baseline","genome_full","SBS13",
"OV2295-R2","baseline","genome_full","SBS14",-0.0413754006666894
"OV2295-R2","baseline","genome_full","SBS15",-0.154663528668516
"OV2295-R2","baseline","genome_full","SBS16",
"OV2295-R2","baseline","genome_full","SBS17a",-0.0618068431033512
"OV2295-R2","baseline","genome_full","SBS17b",0.0534191645519648
"OV2295-R2","baseline","genome_full","SBS18",0.250052208640653
"OV2295-R2","baseline","genome_full","SBS19",-0.049350721269213
"OV2295-R2","baseline","genome_full","SBS20",
"OV2295-R2","baseline","genome_full","SBS21",
"OV2295-R2","baseline","genome_full","SBS22",
"OV2295-R2","baseline","genome_full","SBS23",0.020222246367313
"OV2295-R2","baseline","genome_full","SBS24",-0.165909565066371
"OV2295-R2","baseline","genome_full","SBS25",
"OV2295-R2","baseline","genome_full","SBS26",-0.116767176157494
"OV2295-R2","baseline","genome_full","SBS28",-0.0586596556116618
"OV2295-R2","baseline","genome_full","SBS29",0.140734302696785
"OV2295-R2","baseline","genome_full","SBS30",0.167876212385497
"OV2295-R2","baseline","genome_full","SBS31",-0.210887996823495
"OV2295-R2","baseline","genome_full","SBS32",-0.0651413541694902
"OV2295-R2","baseline","genome_full","SBS33",-0.0413754006666887
"OV2295-R2","baseline","genome_full","SBS34",
"OV2295-R2","baseline","genome_full","SBS35",
"OV2295-R2","baseline","genome_full","SBS36",
"OV2295-R2","baseline","genome_full","SBS37",-0.213512045244115
"OV2295-R2","baseline","genome_full","SBS38",0.0107641906283572
"OV2295-R2","baseline","genome_full","SBS39",-0.34870426213087
"OV2295-R2","baseline","genome_full","SBS40",-0.1865697791927
"OV2295-R2","baseline","genome_full","SBS41",-0.00253127485748542
"OV2295-R2","baseline","genome_full","SBS42",
"OV2295-R2","baseline","genome_full","SBS44",
"OV2295-R2","baseline","genome_full","SBS84",-0.0976365627604031
"OV2295-R2","baseline","genome_full","SBS85",
"OV2295-R2","baseline","genome_full","SBS86",-0.132507638196808
"OV2295-R2","baseline","genome_full","SBS87",-0.0568298780420312
"OV2295-R2","baseline","genome_full","SBS88",-0.0576816811193002
"OV2295-R2","baseline","genome_full","SBS89",-0.396946652638736
"OV2295-R2","baseline","genome_full","SBS90",
"OV2295-R2","baseline","genome_full","SBS91",-0.00335581535106585
"OV2295-R2","baseline","genome_full","SBS92",
"OV2295-R2","baseline","genome_full","SBS93",-0.0413754006666894
"OV2295-R2","baseline","genome_full","SBS94",0.0032374351051649
"OV3133-R","baseline","genome_full","SBS1",-0.162348668212869
"OV3133-R","baseline","genome_full","SBS2",-0.0462514935160803
"OV3133-R","baseline","genome_full","SBS3",1
"OV3133-R","baseline","genome_full","SBS4",0.00410546081843189
"OV3133-R","baseline","genome_full","SBS5",-0.315917743782816
"OV3133-R","baseline","genome_full","SBS6",0.235532660057341
"OV3133-R","baseline","genome_full","SBS7a",0.226020157195446
"OV3133-R","baseline","genome_full","SBS7b",-0.141382797437433
"OV3133-R","baseline","genome_full","SBS7c",
"OV3133-R","baseline","genome_full","SBS7d",-0.0218256405308618
"OV3133-R","baseline","genome_full","SBS8",-0.0385582123899508
"OV3133-R","baseline","genome_full","SBS9",
"OV3133-R","baseline","genome_full","SBS10a",-0.0387398153803104
"OV3133-R","baseline","genome_full","SBS10b",0.189500564168288
"OV3133-R","baseline","genome_full","SBS10c",
"OV3133-R","baseline","genome_full","SBS10d",-0.0367660883103914
"OV3133-R","baseline","genome_full","SBS11",-0.053463178099794
"OV3133-R","baseline","genome_full","SBS12",0.0415208565060527
"OV3133-R","baseline","genome_full","SBS13",0.0552730317753283
"OV3133-R","baseline","genome_full","SBS14",0.00581274115470607
"OV3133-R","baseline","genome_full","SBS15",-0.0187345817918599
"OV3133-R","baseline","genome_full","SBS16",0.19644725907361
"OV3133-R","baseline","genome_full","SBS17a",-0.0288774386021671
"OV3133-R","baseline","genome_full","SBS17b",
"OV3133-R","baseline","genome_full","SBS18",-0.0615126884097224
"OV3133-R","baseline","genome_full","SBS19",
"OV3133-R","baseline","genome_full","SBS20",-0.0307089537861167
"OV3133-R","baseline","genome_full","SBS21",0.00541706147755374
"OV3133-R","baseline","genome_full","SBS22",-0.053382258420019
"OV3133-R","baseline","genome_full","SBS23",-0.0125007332554333
"OV3133-R","baseline","genome_full","SBS24",-0.0268369763848165
"OV3133-R","baseline","genome_full","SBS25",-0.0959642681767581
"OV3133-R","baseline","genome_full","SBS26",-0.0351710401023806
"OV3133-R","baseline","genome_full","SBS28",
"OV3133-R","baseline","genome_full","SBS29",-0.0200220223720436
"OV3133-R","baseline","genome_full","SBS30",0.032601513645174
"OV3133-R","baseline","genome_full","SBS31",0.0357395933662438
"OV3133-R","baseline","genome_full","SBS32",0.0189111943231805
"OV3133-R","baseline","genome_full","SBS33",0.0563673520313917
"OV3133-R","baseline","genome_full","SBS34",
"OV3133-R","baseline","genome_full","SBS35",-0.129696863525141
"OV3133-R","baseline","genome_full","SBS36",
"OV3133-R","baseline","genome_full","SBS37",
"OV3133-R","baseline","genome_full","SBS38",-0.0146531028418247
"OV3133-R","baseline","genome_full","SBS39",-0.221304133077992
"OV3133-R","baseline","genome_full","SBS40",-0.0991967340380359
"OV3133-R","baseline","genome_full","SBS41",
"OV3133-R","baseline","genome_full","SBS42",-0.0275253090598028
"OV3133-R","baseline","genome_full","SBS44",0.197332447340993
"OV3133-R","baseline","genome_full","SBS84",-0.0466878576503075
"OV3133-R","baseline","genome_full","SBS85",
"OV3133-R","baseline","genome_full","SBS86",-0.0676671518031388
"OV3133-R","baseline","genome_full","SBS87",0.0849376834323806
"OV3133-R","baseline","genome_full","SBS88",-0.0650268413891619
"OV3133-R","baseline","genome_full","SBS89",-0.0127469948144788
"OV3133-R","baseline","genome_full","SBS90",-0.0390158726241616
"OV3133-R","baseline","genome_full","SBS91",0.0472367060403005
"OV3133-R","baseline","genome_full","SBS92",
"OV3133-R","baseline","genome_full","SBS93",
"OV3133-R","baseline","genome_full","SBS94",
"OV3133-R2","baseline","genome_full","SBS1",-0.0227834170165025
"OV3133-R2","baseline","genome_full","SBS2",0.0967952425674604
"OV3133-R2","baseline","genome_full","SBS3",1
"OV3133-R2","baseline","genome_full","SBS4",-0.0951531211185116
"OV3133-R2","baseline","genome_full","SBS5",-0.568925822107029
"OV3133-R2","baseline","genome_full","SBS6",0.0269405760875727
"OV3133-R2","baseline","genome_full","SBS7a",0.0956447755179718
"OV3133-R2","baseline","genome_full","SBS7b",0.0541173455093064
"OV3133-R2","baseline","genome_full","SBS7c",-0.00973994127106494
"OV3133-R2","baseline","genome_full","SBS7d",0.0699343161916702
"OV3133-R2","baseline","genome_full","SBS8",-0.0577541548803123
"OV3133-R2","baseline","genome_full","SBS9",
"OV3133-R2","baseline","genome_full","SBS10a",0.12260581337209
"OV3133-R2","baseline","genome_full","SBS10b",-0.0262232437713739
"OV3133-R2","baseline","genome_full","SBS10c",0.0633125751927882
"OV3133-R2","baseline","genome_full","SBS10d",0.0651231961808953
"OV3133-R2","baseline","genome_full","SBS11",0.0591438445325172
"OV3133-R2","baseline","genome_full","SBS12",0.158814484173205
"OV3133-R2","baseline","genome_full","SBS13",-0.134785617034628
"OV3133-R2","baseline","genome_full","SBS14",0.0408573602384248
"OV3133-R2","baseline","genome_full","SBS15",0.0974900584720412
"OV3133-R2","baseline","genome_full","SBS16",0.17806757438966
"OV3133-R2","baseline","genome_full","SBS17a",-0.131477331001427
"OV3133-R2","baseline","genome_full","SBS17b",0.0133046880789839
"OV3133-R2","baseline","genome_full","SBS18",-0.103540357147674
"OV3133-R2","baseline","genome_full","SBS19",0.0635644327422125
"OV3133-R2","baseline","genome_full","SBS20",-0.132018971940151
"OV3133-R2","baseline","genome_full","SBS21",-0.134458512336887
"OV3133-R2","baseline","genome_full","SBS22",
"OV3133-R2","baseline","genome_full","SBS23",-0.0313645081128453
"OV3133-R2","baseline","genome_full","SBS24",-0.0390717316874589
"OV3133-R2","baseline","genome_full","SBS25",0.00399703671649459
"OV3133-R2","baseline","genome_full","SBS26",0.0331009243411591
"OV3133-R2","baseline","genome_full","SBS28",
"OV3133-R2","baseline","genome_full","SBS29",-0.00600375419362772
"OV3133-R2","baseline","genome_full","SBS30",0.0611519012631036
"OV3133-R2","baseline","genome_full","SBS31",-0.0669572535558343
"OV3133-R2","baseline","genome_full","SBS32",0.0972247196522882
"OV3133-R2","baseline","genome_full","SBS33",0.0393175208446813
"OV3133-R2","baseline","genome_full","SBS34",
"OV3133-R2","baseline","genome_full","SBS35",-0.251723539550081
"OV3133-R2","baseline","genome_full","SBS36",0.0483572389959963
"OV3133-R2","baseline","genome_full","SBS37",
"OV3133-R2","baseline","genome_full","SBS38",-0.142436806240228
"OV3133-R2","baseline","genome_full","SBS39",-0.224400105380335
"OV3133-R2","baseline","genome_full","SBS40",-0.111111639703108
"OV3133-R2","baseline","genome_full","SBS41",
"OV3133-R2","baseline","genome_full","SBS42",-0.0531211446909807
"OV3133-R2","baseline","genome_full","SBS44",0.186221580717291
"OV3133-R2","baseline","genome_full","SBS84",-0.0245592546925665
"OV3133-R2","baseline","genome_full","SBS85",
"OV3133-R2","baseline","genome_full","SBS86",-0.0640351992353677
"OV3133-R2","baseline","genome_full","SBS87",0.076048426968162
"OV3133-R2","baseline","genome_full","SBS88",0.00627913415473398
"OV3133-R2","baseline","genome_full","SBS89",0.0894194864503799
"OV3133-R2","baseline","genome_full","SBS90",
"OV3133-R2","baseline","genome_full","SBS91",0.123607641701679
"OV3133-R2","baseline","genome_full","SBS92",-0.0531211446909808
"OV3133-R2","baseline","genome_full","SBS93",-0.0531211446909805
"OV3133-R2","baseline","genome_full","SBS94",0.013304688078984
"OV3291","baseline","genome_full","SBS1",-0.0740902436063928
"OV3291","baseline","genome_full","SBS2",-0.0730739946755251
"OV3291","baseline","genome_full","SBS3",1
"OV3291","baseline","genome_full","SBS4",-0.204542865012321
"OV3291","baseline","genome_full","SBS5",-0.0457402620271178
"OV3291","baseline","genome_full","SBS6",-0.0886084578106844
"OV3291","baseline","genome_full","SBS7a",-0.0673019911630705
"OV3291","baseline","genome_full","SBS7b",-0.0419732860422809
"OV3291","baseline","genome_full","SBS7c",
"OV3291","baseline","genome_full","SBS7d",-0.0222658736817821
"OV3291","baseline","genome_full","SBS8",-0.17489704501364
"OV3291","baseline","genome_full","SBS9",
"OV3291","baseline","genome_full","SBS10a",0.0119697724698594
"OV3291","baseline","genome_full","SBS10b",-0.0668834681126298
"OV3291","baseline","genome_full","SBS10c",-0.0131434699168562
"OV3291","baseline","genome_full","SBS10d",-0.0447385180042951
"OV3291","baseline","genome_full","SBS11",0.115201980221294
"OV3291","baseline","genome_full","SBS12",-0.160030690075088
"OV3291","baseline","genome_full","SBS13",0.0208459799504123
"OV3291","baseline","genome_full","SBS14",-0.00404252777189857
"OV3291","baseline","genome_full","SBS15",0.166426432750071
"OV3291","baseline","genome_full","SBS16",
"OV3291","baseline","genome_full","SBS17a",0.0369115085570847
"OV3291","baseline","genome_full","SBS17b",-0.0496534532056032
"OV3291","baseline","genome_full","SBS18",-0.0927861654583155
"OV3291","baseline","genome_full","SBS19",-0.161711792912457
"OV3291","baseline","genome_full","SBS20",-0.0168089253616214
"OV3291","baseline","genome_full","SBS21",
"OV3291","baseline","genome_full","SBS22",
"OV3291","baseline","genome_full","SBS23",-0.0656812526047723
"OV3291","baseline","genome_full","SBS24",0.00367722039207683
"OV3291","baseline","genome_full","SBS25",-0.053797366350666
"OV3291","baseline","genome_full","SBS26",-0.0857094123856047
"OV3291","baseline","genome_full","SBS28",
"OV3291","baseline","genome_full","SBS29",0.000159741585683898
"OV3291","baseline","genome_full","SBS30",0.0635583754973604
"OV3291","baseline","genome_full","SBS31",0.00494506231784749
"OV3291","baseline","genome_full","SBS32",-0.0247975576113779
"OV3291","baseline","genome_full","SBS33",
"OV3291","baseline","genome_full","SBS34",
"OV3291","baseline","genome_full","SBS35",-0.0222658736817823
"OV3291","baseline","genome_full","SBS36",
"OV3291","baseline","genome_full","SBS37",-0.035076443596345
"OV3291","baseline","genome_full","SBS38",
"OV3291","baseline","genome_full","SBS39",-0.340802315193222
"OV3291","baseline","genome_full","SBS40",
"OV3291","baseline","genome_full","SBS41",0.12026281169605
"OV3291","baseline","genome_full","SBS42",-0.0489911713055076
"OV3291","baseline","genome_full","SBS44",0.127928098677463
"OV3291","baseline","genome_full","SBS84",0.00840578382170095
"OV3291","baseline","genome_full","SBS85",0.0807799235247638
"OV3291","baseline","genome_full","SBS86",0.0151986696698064
"OV3291","baseline","genome_full","SBS87",0.137050814828885
"OV3291","baseline","genome_full","SBS88",-0.0513665524322579
"OV3291","baseline","genome_full","SBS89",-0.168970629422849
"OV3291","baseline","genome_full","SBS90",
"OV3291","baseline","genome_full","SBS91",0.0233735278857834
"OV3291","baseline","genome_full","SBS92",
"OV3291","baseline","genome_full","SBS93",
"OV3291","baseline","genome_full","SBS94",
"TOV1369","baseline","genome_full","SBS1",0.121930207301975
"TOV1369","baseline","genome_full","SBS2",-0.0616666605711547
"TOV1369","baseline","genome_full","SBS3",1
"TOV1369","baseline","genome_full","SBS4",-0.21816354740659
"TOV1369","baseline","genome_full","SBS5",-0.0569944481177444
"TOV1369","baseline","genome_full","SBS6",-0.30407841558052
"TOV1369","baseline","genome_full","SBS7a",0.0430330462532916
"TOV1369","baseline","genome_full","SBS7b",-0.412730955377493
"TOV1369","baseline","genome_full","SBS7c",
"TOV1369","baseline","genome_full","SBS7d",
"TOV1369","baseline","genome_full","SBS8",-0.801436929368778
"TOV1369","baseline","genome_full","SBS9",
"TOV1369","baseline","genome_full","SBS10a",
"TOV1369","baseline","genome_full","SBS10b",0.0318451330815689
"TOV1369","baseline","genome_full","SBS10c",
"TOV1369","baseline","genome_full","SBS10d",
"TOV1369","baseline","genome_full","SBS11",-0.0288166066658846
"TOV1369","baseline","genome_full","SBS12",-0.584421565803948
"TOV1369","baseline","genome_full","SBS13",0.0641291416767406
"TOV1369","baseline","genome_full","SBS14",
"TOV1369","baseline","genome_full","SBS15",0.100906332206022
"TOV1369","baseline","genome_full","SBS16",-0.1319478201991
"TOV1369","baseline","genome_full","SBS17a",-0.0766026406868005
"TOV1369","baseline","genome_full","SBS17b",
"TOV1369","baseline","genome_full","SBS18",
"TOV1369","baseline","genome_full","SBS19",-0.063952434269453
"TOV1369","baseline","genome_full","SBS20",
"TOV1369","baseline","genome_full","SBS21",-0.00358133600521471
"TOV1369","baseline","genome_full","SBS22",
"TOV1369","baseline","genome_full","SBS23",
"TOV1369","baseline","genome_full","SBS24",0.0693827389810472
"TOV1369","baseline","genome_full","SBS25",
"TOV1369","baseline","genome_full","SBS26",
"TOV1369","baseline","genome_full","SBS28",-0.054594338678405
"TOV1369","baseline","genome_full","SBS29",0.0370801191341679
"TOV1369","baseline","genome_full","SBS30",-0.181158555109219
"TOV1369","baseline","genome_full","SBS31",
"TOV1369","baseline","genome_full","SBS32",0.0309257553100284
"TOV1369","baseline","genome_full","SBS33",-0.280023013298038
"TOV1369","baseline","genome_full","SBS34",
"TOV1369","baseline","genome_full","SBS35",
"TOV1369","baseline","genome_full","SBS36",
"TOV1369","baseline","genome_full","SBS37",-0.231706304508567
"TOV1369","baseline","genome_full","SBS38",
"TOV1369","baseline","genome_full","SBS39",-0.907037194023501
"TOV1369","baseline","genome_full","SBS40",0.00294274139048115
"TOV1369","baseline","genome_full","SBS41",
"TOV1369","baseline","genome_full","SBS42",
"TOV1369","baseline","genome_full","SBS44",0.00314334231746674
"TOV1369","baseline","genome_full","SBS84",0.0592332036424189
"TOV1369","baseline","genome_full","SBS85",
"TOV1369","baseline","genome_full","SBS86",0.0398273030336036
"TOV1369","baseline","genome_full","SBS87",0.307782934429844
"TOV1369","baseline","genome_full","SBS88",
"TOV1369","baseline","genome_full","SBS89",-0.0642788406817844
"TOV1369","baseline","genome_full","SBS90",
"TOV1369","baseline","genome_full","SBS91",-0.0224837923817491
"TOV1369","baseline","genome_full","SBS92",-0.0833144158023243
"TOV1369","baseline","genome_full","SBS93",-0.11971561713963
"TOV1369","baseline","genome_full","SBS94",0.00391646941278692
"TOV2295-R","baseline","genome_full","SBS1",0.155712895482073
"TOV2295-R","baseline","genome_full","SBS2",-0.054573632146349
"TOV2295-R","baseline","genome_full","SBS3",1
"TOV2295-R","baseline","genome_full","SBS4",-0.0708299724951628
"TOV2295-R","baseline","genome_full","SBS5",-0.0388011077861403
"TOV2295-R","baseline","genome_full","SBS6",-0.12801307561323
"TOV2295-R","baseline","genome_full","SBS7a",-0.064154581085082
"TOV2295-R","baseline","genome_full","SBS7b",0.0220520670453299
"TOV2295-R","baseline","genome_full","SBS7c",
"TOV2295-R","baseline","genome_full","SBS7d",0.0104393542039453
"TOV2295-R","baseline","genome_full","SBS8",
"TOV2295-R","baseline","genome_full","SBS9",0.0608796318865543
"TOV2295-R","baseline","genome_full","SBS10a",
"TOV2295-R","baseline","genome_full","SBS10b",
"TOV2295-R","baseline","genome_full","SBS10c",
"TOV2295-R","baseline","genome_full","SBS10d",
"TOV2295-R","baseline","genome_full","SBS11",0.0637005753956381
"TOV2295-R","baseline","genome_full","SBS12",-0.11429376935284
"TOV2295-R","baseline","genome_full","SBS13",
"TOV2295-R","baseline","genome_full","SBS14",
"TOV2295-R","baseline","genome_full","SBS15",-0.0109874144807201
"TOV2295-R","baseline","genome_full","SBS16",0.0102902879392505
"TOV2295-R","baseline","genome_full","SBS17a",
"TOV2295-R","baseline","genome_full","SBS17b",0.0265618120869529
"TOV2295-R","baseline","genome_full","SBS18",-0.159736018813571
"TOV2295-R","baseline","genome_full","SBS19",0.0756446985154081
"TOV2295-R","baseline","genome_full","SBS20",
"TOV2295-R","baseline","genome_full","SBS21",-0.0645437166371723
"TOV2295-R","baseline","genome_full","SBS22",-0.034924102668953
"TOV2295-R","baseline","genome_full","SBS23",0.0130438469770564
"TOV2295-R","baseline","genome_full","SBS24",-0.184934080180219
"TOV2295-R","baseline","genome_full","SBS25",-0.0915083008508396
"TOV2295-R","baseline","genome_full","SBS26",-0.288410636611296
"TOV2295-R","baseline","genome_full","SBS28",0.029339204191097
"TOV2295-R","baseline","genome_full","SBS29",0.0491215061688989
"TOV2295-R","baseline","genome_full","SBS30",-0.127944528198545
"TOV2295-R","baseline","genome_full","SBS31",-0.257686174937051
"TOV2295-R","baseline","genome_full","SBS32",-0.111531882303474
"TOV2295-R","baseline","genome_full","SBS33",0.0633269013971885
"TOV2295-R","baseline","genome_full","SBS34",
"TOV2295-R","baseline","genome_full","SBS35",
"TOV2295-R","baseline","genome_full","SBS36",-0.0448766118457384
"TOV2295-R","baseline","genome_full","SBS37",-0.0746427114158829
"TOV2295-R","baseline","genome_full","SBS38",-0.118342278451262
"TOV2295-R","baseline","genome_full","SBS39",-0.619375229663486
"TOV2295-R","baseline","genome_full","SBS40",
"TOV2295-R","baseline","genome_full","SBS41",
"TOV2295-R","baseline","genome_full","SBS42",-0.0404205454709739
"TOV2295-R","baseline","genome_full","SBS44",
"TOV2295-R","baseline","genome_full","SBS84",-0.075419746570609
"TOV2295-R","baseline","genome_full","SBS85",
"TOV2295-R","baseline","genome_full","SBS86",-0.104676468208361
"TOV2295-R","baseline","genome_full","SBS87",-0.0217750028478635
"TOV2295-R","baseline","genome_full","SBS88",-0.0558829328998596
"TOV2295-R","baseline","genome_full","SBS89",-0.268161785344694
"TOV2295-R","baseline","genome_full","SBS90",
"TOV2295-R","baseline","genome_full","SBS91",
"TOV2295-R","baseline","genome_full","SBS92",
"TOV2295-R","baseline","genome_full","SBS93",
"TOV2295-R","baseline","genome_full","SBS94",
"TOV2835EP","baseline","genome_full","SBS1",
"TOV2835EP","baseline","genome_full","SBS2",
"TOV2835EP","baseline","genome_full","SBS3",
"TOV2835EP","baseline","genome_full","SBS4",
"TOV2835EP","baseline","genome_full","SBS5",
"TOV2835EP","baseline","genome_full","SBS6",
"TOV2835EP","baseline","genome_full","SBS7a",
"TOV2835EP","baseline","genome_full","SBS7b",
"TOV2835EP","baseline","genome_full","SBS7c",
"TOV2835EP","baseline","genome_full","SBS7d",
"TOV2835EP","baseline","genome_full","SBS8",
"TOV2835EP","baseline","genome_full","SBS9",
"TOV2835EP","baseline","genome_full","SBS10a",
"TOV2835EP","baseline","genome_full","SBS10b",
"TOV2835EP","baseline","genome_full","SBS10c",
"TOV2835EP","baseline","genome_full","SBS10d",
"TOV2835EP","baseline","genome_full","SBS11",
"TOV2835EP","baseline","genome_full","SBS12",
"TOV2835EP","baseline","genome_full","SBS13",
"TOV2835EP","baseline","genome_full","SBS14",
"TOV2835EP","baseline","genome_full","SBS15",
"TOV2835EP","baseline","genome_full","SBS16",
"TOV2835EP","baseline","genome_full","SBS17a",
"TOV2835EP","baseline","genome_full","SBS17b",
"TOV2835EP","baseline","genome_full","SBS18",
"TOV2835EP","baseline","genome_full","SBS19",
"TOV2835EP","baseline","genome_full","SBS20",
"TOV2835EP","baseline","genome_full","SBS21",
"TOV2835EP","baseline","genome_full","SBS22",
"TOV2835EP","baseline","genome_full","SBS23",
"TOV2835EP","baseline","genome_full","SBS24",
"TOV2835EP","baseline","genome_full","SBS25",
"TOV2835EP","baseline","genome_full","SBS26",
"TOV2835EP","baseline","genome_full","SBS28",
"TOV2835EP","baseline","genome_full","SBS29",
"TOV2835EP","baseline","genome_full","SBS30",
"TOV2835EP","baseline","genome_full","SBS31",
"TOV2835EP","baseline","genome_full","SBS32",
"TOV2835EP","baseline","genome_full","SBS33",
"TOV2835EP","baseline","genome_full","SBS34",
"TOV2835EP","baseline","genome_full","SBS35",
"TOV2835EP","baseline","genome_full","SBS36",
"TOV2835EP","baseline","genome_full","SBS37",
"TOV2835EP","baseline","genome_full","SBS38",
"TOV2835EP","baseline","genome_full","SBS39",
"TOV2835EP","baseline","genome_full","SBS40",
"TOV2835EP","baseline","genome_full","SBS41",
"TOV2835EP","baseline","genome_full","SBS42",
"TOV2835EP","baseline","genome_full","SBS44",
"TOV2835EP","baseline","genome_full","SBS84",
"TOV2835EP","baseline","genome_full","SBS85",
"TOV2835EP","baseline","genome_full","SBS86",
"TOV2835EP","baseline","genome_full","SBS87",
"TOV2835EP","baseline","genome_full","SBS88",
"TOV2835EP","baseline","genome_full","SBS89",
"TOV2835EP","baseline","genome_full","SBS90",
"TOV2835EP","baseline","genome_full","SBS91",
"TOV2835EP","baseline","genome_full","SBS92",
"TOV2835EP","baseline","genome_full","SBS93",
"TOV2835EP","baseline","genome_full","SBS94",
"TOV2881EP","baseline","genome_full","SBS1",0.113720063886559
"TOV2881EP","baseline","genome_full","SBS2",-0.0180609127971479
"TOV2881EP","baseline","genome_full","SBS3",1
"TOV2881EP","baseline","genome_full","SBS4",-0.0544390229848868
"TOV2881EP","baseline","genome_full","SBS5",-0.0389482461756468
"TOV2881EP","baseline","genome_full","SBS6",-0.0267702941505442
"TOV2881EP","baseline","genome_full","SBS7a",-0.0276908321458624
"TOV2881EP","baseline","genome_full","SBS7b",-0.0532567880789951
"TOV2881EP","baseline","genome_full","SBS7c",-0.0104782464888866
"TOV2881EP","baseline","genome_full","SBS7d",
"TOV2881EP","baseline","genome_full","SBS8",-0.0172420718297764
"TOV2881EP","baseline","genome_full","SBS9",-0.0668916177340249
"TOV2881EP","baseline","genome_full","SBS10a",-0.0148112061178627
"TOV2881EP","baseline","genome_full","SBS10b",
"TOV2881EP","baseline","genome_full","SBS10c",-0.0148324809145985
"TOV2881EP","baseline","genome_full","SBS10d",-0.0235740915772119
"TOV2881EP","baseline","genome_full","SBS11",-0.0146740709764614
"TOV2881EP","baseline","genome_full","SBS12",0.030680962381732
"TOV2881EP","baseline","genome_full","SBS13",0.058430789392972
"TOV2881EP","baseline","genome_full","SBS14",-0.0277499825780238
"TOV2881EP","baseline","genome_full","SBS15",-0.0538791438160921
"TOV2881EP","baseline","genome_full","SBS16",-0.0199877297432352
"TOV2881EP","baseline","genome_full","SBS17a",-0.0148485234682636
"TOV2881EP","baseline","genome_full","SBS17b",-0.0500050881531778
"TOV2881EP","baseline","genome_full","SBS18",-0.020538006318212
"TOV2881EP","baseline","genome_full","SBS19",0.0808305417522903
"TOV2881EP","baseline","genome_full","SBS20",-0.0232866678425881
"TOV2881EP","baseline","genome_full","SBS21",
"TOV2881EP","baseline","genome_full","SBS22",
"TOV2881EP","baseline","genome_full","SBS23",-0.0655178336385806
"TOV2881EP","baseline","genome_full","SBS24",-0.00167250083739478
"TOV2881EP","baseline","genome_full","SBS25",-0.0185071813501908
"TOV2881EP","baseline","genome_full","SBS26",-0.084808058657249
"TOV2881EP","baseline","genome_full","SBS28",
"TOV2881EP","baseline","genome_full","SBS29",0.0128110864963302
"TOV2881EP","baseline","genome_full","SBS30",0.0209311871451242
"TOV2881EP","baseline","genome_full","SBS31",-0.0158781332681416
"TOV2881EP","baseline","genome_full","SBS32",-0.0148168612868773
"TOV2881EP","baseline","genome_full","SBS33",
"TOV2881EP","baseline","genome_full","SBS34",-0.0294299246693832
"TOV2881EP","baseline","genome_full","SBS35",-0.0464728298135904
"TOV2881EP","baseline","genome_full","SBS36",-0.0104782464888867
"TOV2881EP","baseline","genome_full","SBS37",-0.0104782464888866
"TOV2881EP","baseline","genome_full","SBS38",-0.037847274727319
"TOV2881EP","baseline","genome_full","SBS39",-0.0386606096703497
"TOV2881EP","baseline","genome_full","SBS40",0.131451498215149
"TOV2881EP","baseline","genome_full","SBS41",0.0258779900872077
"TOV2881EP","baseline","genome_full","SBS42",-0.0104782464888866
"TOV2881EP","baseline","genome_full","SBS44",0.399063022841451
"TOV2881EP","baseline","genome_full","SBS84",
"TOV2881EP","baseline","genome_full","SBS85",-0.0489868493934995
"TOV2881EP","baseline","genome_full","SBS86",-0.043312546786781
"TOV2881EP","baseline","genome_full","SBS87",-0.0225224732059096
"TOV2881EP","baseline","genome_full","SBS88",-0.0444762710376268
"TOV2881EP","baseline","genome_full","SBS89",-0.150799992868349
"TOV2881EP","baseline","genome_full","SBS90",
"TOV2881EP","baseline","genome_full","SBS91",-0.0339064452213147
"TOV2881EP","baseline","genome_full","SBS92",
"TOV2881EP","baseline","genome_full","SBS93",-0.0338983727319774
"TOV2881EP","baseline","genome_full","SBS94",0.0767080521133288
"TOV2929D","baseline","genome_full","SBS1",
"TOV2929D","baseline","genome_full","SBS2",
"TOV2929D","baseline","genome_full","SBS3",
"TOV2929D","baseline","genome_full","SBS4",
"TOV2929D","baseline","genome_full","SBS5",
"TOV2929D","baseline","genome_full","SBS6",
"TOV2929D","baseline","genome_full","SBS7a",
"TOV2929D","baseline","genome_full","SBS7b",
"TOV2929D","baseline","genome_full","SBS7c",
"TOV2929D","baseline","genome_full","SBS7d",
"TOV2929D","baseline","genome_full","SBS8",
"TOV2929D","baseline","genome_full","SBS9",
"TOV2929D","baseline","genome_full","SBS10a",
"TOV2929D","baseline","genome_full","SBS10b",
"TOV2929D","baseline","genome_full","SBS10c",
"TOV2929D","baseline","genome_full","SBS10d",
"TOV2929D","baseline","genome_full","SBS11",
"TOV2929D","baseline","genome_full","SBS12",
"TOV2929D","baseline","genome_full","SBS13",
"TOV2929D","baseline","genome_full","SBS14",
"TOV2929D","baseline","genome_full","SBS15",
"TOV2929D","baseline","genome_full","SBS16",
"TOV2929D","baseline","genome_full","SBS17a",
"TOV2929D","baseline","genome_full","SBS17b",
"TOV2929D","baseline","genome_full","SBS18",
"TOV2929D","baseline","genome_full","SBS19",
"TOV2929D","baseline","genome_full","SBS20",
"TOV2929D","baseline","genome_full","SBS21",
"TOV2929D","baseline","genome_full","SBS22",
"TOV2929D","baseline","genome_full","SBS23",
"TOV2929D","baseline","genome_full","SBS24",
"TOV2929D","baseline","genome_full","SBS25",
"TOV2929D","baseline","genome_full","SBS26",
"TOV2929D","baseline","genome_full","SBS28",
"TOV2929D","baseline","genome_full","SBS29",
"TOV2929D","baseline","genome_full","SBS30",
"TOV2929D","baseline","genome_full","SBS31",
"TOV2929D","baseline","genome_full","SBS32",
"TOV2929D","baseline","genome_full","SBS33",
"TOV2929D","baseline","genome_full","SBS34",
"TOV2929D","baseline","genome_full","SBS35",
"TOV2929D","baseline","genome_full","SBS36",
"TOV2929D","baseline","genome_full","SBS37",
"TOV2929D","baseline","genome_full","SBS38",
"TOV2929D","baseline","genome_full","SBS39",
"TOV2929D","baseline","genome_full","SBS40",
"TOV2929D","baseline","genome_full","SBS41",
"TOV2929D","baseline","genome_full","SBS42",
"TOV2929D","baseline","genome_full","SBS44",
"TOV2929D","baseline","genome_full","SBS84",
"TOV2929D","baseline","genome_full","SBS85",
"TOV2929D","baseline","genome_full","SBS86",
"TOV2929D","baseline","genome_full","SBS87",
"TOV2929D","baseline","genome_full","SBS88",
"TOV2929D","baseline","genome_full","SBS89",
"TOV2929D","baseline","genome_full","SBS90",
"TOV2929D","baseline","genome_full","SBS91",
"TOV2929D","baseline","genome_full","SBS92",
"TOV2929D","baseline","genome_full","SBS93",
"TOV2929D","baseline","genome_full","SBS94",
"TOV3121D","baseline","genome_full","SBS1",-0.00515520876870305
"TOV3121D","baseline","genome_full","SBS2",-0.108428076678317
"TOV3121D","baseline","genome_full","SBS3",1
"TOV3121D","baseline","genome_full","SBS4",-0.0707596846199364
"TOV3121D","baseline","genome_full","SBS5",-0.0556340802506027
"TOV3121D","baseline","genome_full","SBS6",-0.00254813074464955
"TOV3121D","baseline","genome_full","SBS7a",0.206879580462693
"TOV3121D","baseline","genome_full","SBS7b",0.0422689349195013
"TOV3121D","baseline","genome_full","SBS7c",-0.0357969370416001
"TOV3121D","baseline","genome_full","SBS7d",-0.0389027335780038
"TOV3121D","baseline","genome_full","SBS8",0.0134678120610267
"TOV3121D","baseline","genome_full","SBS9",
"TOV3121D","baseline","genome_full","SBS10a",-0.0431086801514887
"TOV3121D","baseline","genome_full","SBS10b",-0.06553056772517
"TOV3121D","baseline","genome_full","SBS10c",
"TOV3121D","baseline","genome_full","SBS10d",
"TOV3121D","baseline","genome_full","SBS11",-0.00993869299880934
"TOV3121D","baseline","genome_full","SBS12",-0.0735249836562677
"TOV3121D","baseline","genome_full","SBS13",0.0304258513441622
"TOV3121D","baseline","genome_full","SBS14",-0.0535481662502722
"TOV3121D","baseline","genome_full","SBS15",-0.101368148864755
"TOV3121D","baseline","genome_full","SBS16",-0.0598068062870914
"TOV3121D","baseline","genome_full","SBS17a",-0.0521794707870377
"TOV3121D","baseline","genome_full","SBS17b",
"TOV3121D","baseline","genome_full","SBS18",-0.0167716732874073
"TOV3121D","baseline","genome_full","SBS19",0.106278212742634
"TOV3121D","baseline","genome_full","SBS20",-0.0171622963282698
"TOV3121D","baseline","genome_full","SBS21",-0.0363071737709523
"TOV3121D","baseline","genome_full","SBS22",
"TOV3121D","baseline","genome_full","SBS23",-0.00692024721509734
"TOV3121D","baseline","genome_full","SBS24",-0.0708506747905819
"TOV3121D","baseline","genome_full","SBS25",
"TOV3121D","baseline","genome_full","SBS26",0.0800777493058209
"TOV3121D","baseline","genome_full","SBS28",
"TOV3121D","baseline","genome_full","SBS29",0.26252095082996
"TOV3121D","baseline","genome_full","SBS30",-0.0283807359472661
"TOV3121D","baseline","genome_full","SBS31",-0.119802778355966
"TOV3121D","baseline","genome_full","SBS32",0.038755651640245
"TOV3121D","baseline","genome_full","SBS33",0.125513430750552
"TOV3121D","baseline","genome_full","SBS34",-0.00993869299880937
"TOV3121D","baseline","genome_full","SBS35",-0.0229279107266392
"TOV3121D","baseline","genome_full","SBS36",-0.0166738612084223
"TOV3121D","baseline","genome_full","SBS37",0.127285418895425
"TOV3121D","baseline","genome_full","SBS38",-0.0140424032936013
"TOV3121D","baseline","genome_full","SBS39",-0.113359575174044
"TOV3121D","baseline","genome_full","SBS40",-0.0195594880504858
"TOV3121D","baseline","genome_full","SBS41",
"TOV3121D","baseline","genome_full","SBS42",-0.0224676094434126
"TOV3121D","baseline","genome_full","SBS44",
"TOV3121D","baseline","genome_full","SBS84",
"TOV3121D","baseline","genome_full","SBS85",-0.00993869299880939
"TOV3121D","baseline","genome_full","SBS86",-0.0681110531696359
"TOV3121D","baseline","genome_full","SBS87",0.0886226053290819
"TOV3121D","baseline","genome_full","SBS88",-0.0355173289010821
"TOV3121D","baseline","genome_full","SBS89",
"TOV3121D","baseline","genome_full","SBS90",
"TOV3121D","baseline","genome_full","SBS91",-0.0278418444659432
"TOV3121D","baseline","genome_full","SBS92",-0.0416037990691217
"TOV3121D","baseline","genome_full","SBS93",
"TOV3121D","baseline","genome_full","SBS94",-0.0905259432950993
"TOV3121EP","baseline","genome_full","SBS1",-0.105722020429762
"TOV3121EP","baseline","genome_full","SBS2",-0.0744386527747427
"TOV3121EP","baseline","genome_full","SBS3",1
"TOV3121EP","baseline","genome_full","SBS4",-0.0369620056565445
"TOV3121EP","baseline","genome_full","SBS5",-0.017402239288752
"TOV3121EP","baseline","genome_full","SBS6",-0.0404833696466158
"TOV3121EP","baseline","genome_full","SBS7a",-0.0274336199628223
"TOV3121EP","baseline","genome_full","SBS7b",-0.0516644540354728
"TOV3121EP","baseline","genome_full","SBS7c",-0.0139770693805792
"TOV3121EP","baseline","genome_full","SBS7d",-0.0379838588453673
"TOV3121EP","baseline","genome_full","SBS8",-0.102336045088274
"TOV3121EP","baseline","genome_full","SBS9",
"TOV3121EP","baseline","genome_full","SBS10a",-0.0591978001530699
"TOV3121EP","baseline","genome_full","SBS10b",-0.0378010984530417
"TOV3121EP","baseline","genome_full","SBS10c",
"TOV3121EP","baseline","genome_full","SBS10d",-0.0300621487050803
"TOV3121EP","baseline","genome_full","SBS11",
"TOV3121EP","baseline","genome_full","SBS12",-0.0121237468894143
"TOV3121EP","baseline","genome_full","SBS13",0.194247438606955
"TOV3121EP","baseline","genome_full","SBS14",0.0300891314549743
"TOV3121EP","baseline","genome_full","SBS15",0.0753226029136697
"TOV3121EP","baseline","genome_full","SBS16",-0.0370744968023556
"TOV3121EP","baseline","genome_full","SBS17a",-0.0583508926875604
"TOV3121EP","baseline","genome_full","SBS17b",
"TOV3121EP","baseline","genome_full","SBS18",-0.031003000023382
"TOV3121EP","baseline","genome_full","SBS19",0.224569144121678
"TOV3121EP","baseline","genome_full","SBS20",
"TOV3121EP","baseline","genome_full","SBS21",0.030532802771492
"TOV3121EP","baseline","genome_full","SBS22",-0.0112332925016174
"TOV3121EP","baseline","genome_full","SBS23",-0.0264910404606449
"TOV3121EP","baseline","genome_full","SBS24",-0.0888577984497013
"TOV3121EP","baseline","genome_full","SBS25",-0.0295104664761781
"TOV3121EP","baseline","genome_full","SBS26",-0.115415929499788
"TOV3121EP","baseline","genome_full","SBS28",
"TOV3121EP","baseline","genome_full","SBS29",0.0306649155516501
"TOV3121EP","baseline","genome_full","SBS30",-0.146249058912346
"TOV3121EP","baseline","genome_full","SBS31",-0.113244068469728
"TOV3121EP","baseline","genome_full","SBS32",-0.0449602412190303
"TOV3121EP","baseline","genome_full","SBS33",0.189191716304875
"TOV3121EP","baseline","genome_full","SBS34",-0.0192480769572688
"TOV3121EP","baseline","genome_full","SBS35",-0.0112332925016173
"TOV3121EP","baseline","genome_full","SBS36",-0.0298137094839534
"TOV3121EP","baseline","genome_full","SBS37",-0.0150559801990384
"TOV3121EP","baseline","genome_full","SBS38",-0.0444682604347519
"TOV3121EP","baseline","genome_full","SBS39",-0.206816766753264
"TOV3121EP","baseline","genome_full","SBS40",-0.0268195152626823
"TOV3121EP","baseline","genome_full","SBS41",
"TOV3121EP","baseline","genome_full","SBS42",-0.0399430706552074
"TOV3121EP","baseline","genome_full","SBS44",
"TOV3121EP","baseline","genome_full","SBS84",0.088218474045018
"TOV3121EP","baseline","genome_full","SBS85",
"TOV3121EP","baseline","genome_full","SBS86",0.00560486276434031
"TOV3121EP","baseline","genome_full","SBS87",0.167576097568851
"TOV3121EP","baseline","genome_full","SBS88",-0.0112332925016173
"TOV3121EP","baseline","genome_full","SBS89",
"TOV3121EP","baseline","genome_full","SBS90",
"TOV3121EP","baseline","genome_full","SBS91",0.0563393634523366
"TOV3121EP","baseline","genome_full","SBS92",0.0271408013160444
"TOV3121EP","baseline","genome_full","SBS93",-0.0112332925016174
"TOV3121EP","baseline","genome_full","SBS94",-0.0192318152092177
"TOV3133D","baseline","genome_full","SBS1",0.128378931163887
"TOV3133D","baseline","genome_full","SBS2",-0.0227234867567327
"TOV3133D","baseline","genome_full","SBS3",1
"TOV3133D","baseline","genome_full","SBS4",-0.168327723998389
"TOV3133D","baseline","genome_full","SBS5",-0.0537377013651875
"TOV3133D","baseline","genome_full","SBS6",-0.0520898485340556
"TOV3133D","baseline","genome_full","SBS7a",0.137103228512164
"TOV3133D","baseline","genome_full","SBS7b",-0.0698059833427518
"TOV3133D","baseline","genome_full","SBS7c",-0.0255792821456016
"TOV3133D","baseline","genome_full","SBS7d",-0.0623437209027565
"TOV3133D","baseline","genome_full","SBS8",-0.0423873905763754
"TOV3133D","baseline","genome_full","SBS9",
"TOV3133D","baseline","genome_full","SBS10a",
"TOV3133D","baseline","genome_full","SBS10b",-0.0165075601951183
"TOV3133D","baseline","genome_full","SBS10c",
"TOV3133D","baseline","genome_full","SBS10d",
"TOV3133D","baseline","genome_full","SBS11",0.0666556603279661
"TOV3133D","baseline","genome_full","SBS12",-0.0722111423901543
"TOV3133D","baseline","genome_full","SBS13",-0.121974027020429
"TOV3133D","baseline","genome_full","SBS14",0.15023422484165
"TOV3133D","baseline","genome_full","SBS15",-0.129561735905452
"TOV3133D","baseline","genome_full","SBS16",0.0784185126446455
"TOV3133D","baseline","genome_full","SBS17a",0.0581208423431241
"TOV3133D","baseline","genome_full","SBS17b",
"TOV3133D","baseline","genome_full","SBS18",0.0405237676934192
"TOV3133D","baseline","genome_full","SBS19",-0.0284321589161071
"TOV3133D","baseline","genome_full","SBS20",-0.0161202961515443
"TOV3133D","baseline","genome_full","SBS21",-0.0231082181952519
"TOV3133D","baseline","genome_full","SBS22",
"TOV3133D","baseline","genome_full","SBS23",0.133468338319793
"TOV3133D","baseline","genome_full","SBS24",-0.0618005282031323
"TOV3133D","baseline","genome_full","SBS25",-0.0233519293766241
"TOV3133D","baseline","genome_full","SBS26",-0.0665565857543579
"TOV3133D","baseline","genome_full","SBS28",
"TOV3133D","baseline","genome_full","SBS29",0.107716480293261
"TOV3133D","baseline","genome_full","SBS30",-0.0483227557131431
"TOV3133D","baseline","genome_full","SBS31",-0.180618772600421
"TOV3133D","baseline","genome_full","SBS32",-0.0165075601951186
"TOV3133D","baseline","genome_full","SBS33",-0.0232835541378896
"TOV3133D","baseline","genome_full","SBS34",
"TOV3133D","baseline","genome_full","SBS35",-0.0442593055726221
"TOV3133D","baseline","genome_full","SBS36",-0.0283402444412816
"TOV3133D","baseline","genome_full","SBS37",
"TOV3133D","baseline","genome_full","SBS38",-0.0223687455326248
"TOV3133D","baseline","genome_full","SBS39",-0.231652146518705
"TOV3133D","baseline","genome_full","SBS40",-0.0179978082322498
"TOV3133D","baseline","genome_full","SBS41",
"TOV3133D","baseline","genome_full","SBS42",-0.0165075601951185
"TOV3133D","baseline","genome_full","SBS44",-0.0165075601951185
"TOV3133D","baseline","genome_full","SBS84",0.202085212088476
"TOV3133D","baseline","genome_full","SBS85",
"TOV3133D","baseline","genome_full","SBS86",-0.0165075601951187
"TOV3133D","baseline","genome_full","SBS87",0.00875642817847956
"TOV3133D","baseline","genome_full","SBS88",-0.0798491749108091
"TOV3133D","baseline","genome_full","SBS89",
"TOV3133D","baseline","genome_full","SBS90",
"TOV3133D","baseline","genome_full","SBS91",-0.0472688245376923
"TOV3133D","baseline","genome_full","SBS92",
"TOV3133D","baseline","genome_full","SBS93",
"TOV3133D","baseline","genome_full","SBS94",-0.043129873747737
"TOV3133G","baseline","genome_full","SBS1",0.0421271964195923
"TOV3133G","baseline","genome_full","SBS2",0.275649398829718
"TOV3133G","baseline","genome_full","SBS3",1
"TOV3133G","baseline","genome_full","SBS4",0.0543564004699477
"TOV3133G","baseline","genome_full","SBS5",-0.144321722721605
"TOV3133G","baseline","genome_full","SBS6",0.0821194628881844
"TOV3133G","baseline","genome_full","SBS7a",0.0203070056282782
"TOV3133G","baseline","genome_full","SBS7b",0.0273237347853618
"TOV3133G","baseline","genome_full","SBS7c",
"TOV3133G","baseline","genome_full","SBS7d",-0.0611464405871223
"TOV3133G","baseline","genome_full","SBS8",-0.0669533794677408
"TOV3133G","baseline","genome_full","SBS9",
"TOV3133G","baseline","genome_full","SBS10a",-0.0557226774540919
"TOV3133G","baseline","genome_full","SBS10b",-0.0600478824962769
"TOV3133G","baseline","genome_full","SBS10c",
"TOV3133G","baseline","genome_full","SBS10d",0.104359651593493
"TOV3133G","baseline","genome_full","SBS11",0.0426888681413816
"TOV3133G","baseline","genome_full","SBS12",0.00942343276643028
"TOV3133G","baseline","genome_full","SBS13",-0.0880470445195835
"TOV3133G","baseline","genome_full","SBS14",-0.0174780455997431
"TOV3133G","baseline","genome_full","SBS15",-0.0799228410732075
"TOV3133G","baseline","genome_full","SBS16",-0.00201984210953097
"TOV3133G","baseline","genome_full","SBS17a",-0.0685940678023631
"TOV3133G","baseline","genome_full","SBS17b",
"TOV3133G","baseline","genome_full","SBS18",
"TOV3133G","baseline","genome_full","SBS19",-0.0174780455997432
"TOV3133G","baseline","genome_full","SBS20",-0.0415650986349555
"TOV3133G","baseline","genome_full","SBS21",
"TOV3133G","baseline","genome_full","SBS22",-0.0344515722046351
"TOV3133G","baseline","genome_full","SBS23",0.151321298146547
"TOV3133G","baseline","genome_full","SBS24",-0.0206753569426425
"TOV3133G","baseline","genome_full","SBS25",-0.0869884141617757
"TOV3133G","baseline","genome_full","SBS26",-0.00647159902068001
"TOV3133G","baseline","genome_full","SBS28",
"TOV3133G","baseline","genome_full","SBS29",-0.0463310536852073
"TOV3133G","baseline","genome_full","SBS30",-0.0384740104683044
"TOV3133G","baseline","genome_full","SBS31",0.043973280630832
"TOV3133G","baseline","genome_full","SBS32",-0.0424216069198553
"TOV3133G","baseline","genome_full","SBS33",-0.0775128718181496
"TOV3133G","baseline","genome_full","SBS34",-0.0174780455997431
"TOV3133G","baseline","genome_full","SBS35",-0.119598986415335
"TOV3133G","baseline","genome_full","SBS36",
"TOV3133G","baseline","genome_full","SBS37",-0.0174780455997433
"TOV3133G","baseline","genome_full","SBS38",-0.00388721288594032
"TOV3133G","baseline","genome_full","SBS39",-0.17181760095888
"TOV3133G","baseline","genome_full","SBS40",0.023450810076854
"TOV3133G","baseline","genome_full","SBS41",
"TOV3133G","baseline","genome_full","SBS42",-0.0244612521261115
"TOV3133G","baseline","genome_full","SBS44",-0.0228569620826924
"TOV3133G","baseline","genome_full","SBS84",-0.0343321935812499
"TOV3133G","baseline","genome_full","SBS85",-0.0174780455997431
"TOV3133G","baseline","genome_full","SBS86",-0.0303601762286219
"TOV3133G","baseline","genome_full","SBS87",0.00254711519017516
"TOV3133G","baseline","genome_full","SBS88",-0.0347215776689468
"TOV3133G","baseline","genome_full","SBS89",-0.0302074327295411
"TOV3133G","baseline","genome_full","SBS90",
"TOV3133G","baseline","genome_full","SBS91",-0.0742264029401836
"TOV3133G","baseline","genome_full","SBS92",-0.0247800090757604
"TOV3133G","baseline","genome_full","SBS93",
"TOV3133G","baseline","genome_full","SBS94",-0.0299943304469002
"OV3331","baseline","genome_full","SBS1",0.139114994211697
"OV3331","baseline","genome_full","SBS2",-0.0201484523047231
"OV3331","baseline","genome_full","SBS3",1
"OV3331","baseline","genome_full","SBS4",
"OV3331","baseline","genome_full","SBS5",-0.0449054226978963
"OV3331","baseline","genome_full","SBS6",-0.0339447916465648
"OV3331","baseline","genome_full","SBS7a",-0.0154681134530133
"OV3331","baseline","genome_full","SBS7b",-0.0541541939027531
"OV3331","baseline","genome_full","SBS7c",
"OV3331","baseline","genome_full","SBS7d",-0.0696911573942939
"OV3331","baseline","genome_full","SBS8",-0.00921386310410336
"OV3331","baseline","genome_full","SBS9",
"OV3331","baseline","genome_full","SBS10a",-0.00921386310410333
"OV3331","baseline","genome_full","SBS10b",-0.0753238298795266
"OV3331","baseline","genome_full","SBS10c",
"OV3331","baseline","genome_full","SBS10d",
"OV3331","baseline","genome_full","SBS11",-0.00921386310410338
"OV3331","baseline","genome_full","SBS12",0.200088533387535
"OV3331","baseline","genome_full","SBS13",-0.030963176524348
"OV3331","baseline","genome_full","SBS14",
"OV3331","baseline","genome_full","SBS15",-0.106927817090866
"OV3331","baseline","genome_full","SBS16",-0.0624428247295214
"OV3331","baseline","genome_full","SBS17a",-0.0581333031227082
"OV3331","baseline","genome_full","SBS17b",
"OV3331","baseline","genome_full","SBS18",
"OV3331","baseline","genome_full","SBS19",-0.017949399942022
"OV3331","baseline","genome_full","SBS20",
"OV3331","baseline","genome_full","SBS21",-0.0130174816903833
"OV3331","baseline","genome_full","SBS22",
"OV3331","baseline","genome_full","SBS23",-0.0245051542684606
"OV3331","baseline","genome_full","SBS24",-0.0113791669197824
"OV3331","baseline","genome_full","SBS25",-0.0130185066412607
"OV3331","baseline","genome_full","SBS26",-0.113047239597263
"OV3331","baseline","genome_full","SBS28",
"OV3331","baseline","genome_full","SBS29",-0.0475103831032839
"OV3331","baseline","genome_full","SBS30",0.163581937353771
"OV3331","baseline","genome_full","SBS31",-0.081677588882384
"OV3331","baseline","genome_full","SBS32",-0.0126245379743512
"OV3331","baseline","genome_full","SBS33",-0.0158887331079806
"OV3331","baseline","genome_full","SBS34",-0.00921386310410327
"OV3331","baseline","genome_full","SBS35",
"OV3331","baseline","genome_full","SBS36",
"OV3331","baseline","genome_full","SBS37",-0.0184071313321867
"OV3331","baseline","genome_full","SBS38",
"OV3331","baseline","genome_full","SBS39",-0.133966114722131
"OV3331","baseline","genome_full","SBS40",
"OV3331","baseline","genome_full","SBS41",-0.00921386310410339
"OV3331","baseline","genome_full","SBS42",
"OV3331","baseline","genome_full","SBS44",
"OV3331","baseline","genome_full","SBS84",-0.0126863322579711
"OV3331","baseline","genome_full","SBS85",-0.0160395062271544
"OV3331","baseline","genome_full","SBS86",
"OV3331","baseline","genome_full","SBS87",-0.0470936655508596
"OV3331","baseline","genome_full","SBS88",
"OV3331","baseline","genome_full","SBS89",-0.08283566456159
"OV3331","baseline","genome_full","SBS90",-0.00921386310410339
"OV3331","baseline","genome_full","SBS91",
"OV3331","baseline","genome_full","SBS92",-0.033232728161034
"OV3331","baseline","genome_full","SBS93",
"OV3331","baseline","genome_full","SBS94",-0.0123384644060966
"OV90","baseline","genome_full","SBS1",-0.0578598136529183
"OV90","baseline","genome_full","SBS2",0.0689432142743812
"OV90","baseline","genome_full","SBS3",1
"OV90","baseline","genome_full","SBS4",-0.0519797563543567
"OV90","baseline","genome_full","SBS5",-0.0605256861307229
"OV90","baseline","genome_full","SBS6",-0.0440573803251365
"OV90","baseline","genome_full","SBS7a",
"OV90","baseline","genome_full","SBS7b",-0.00729295860574764
"OV90","baseline","genome_full","SBS7c",
"OV90","baseline","genome_full","SBS7d",-0.0452157231348618
"OV90","baseline","genome_full","SBS8",-0.0505125377265093
"OV90","baseline","genome_full","SBS9",-0.0744785816840229
"OV90","baseline","genome_full","SBS10a",
"OV90","baseline","genome_full","SBS10b",-0.0664192696818552
"OV90","baseline","genome_full","SBS10c",
"OV90","baseline","genome_full","SBS10d",-0.018361816121168
"OV90","baseline","genome_full","SBS11",
"OV90","baseline","genome_full","SBS12",0.0670083438708075
"OV90","baseline","genome_full","SBS13",
"OV90","baseline","genome_full","SBS14",
"OV90","baseline","genome_full","SBS15",0.0692009349029346
"OV90","baseline","genome_full","SBS16",0.317310921348953
"OV90","baseline","genome_full","SBS17a",-0.0893102959887779
"OV90","baseline","genome_full","SBS17b",-0.0183618161211681
"OV90","baseline","genome_full","SBS18",
"OV90","baseline","genome_full","SBS19",-0.0183618161211681
"OV90","baseline","genome_full","SBS20",0.0756562330503068
"OV90","baseline","genome_full","SBS21",-0.0312683123145684
"OV90","baseline","genome_full","SBS22",
"OV90","baseline","genome_full","SBS23",
"OV90","baseline","genome_full","SBS24",0.00353680966952648
"OV90","baseline","genome_full","SBS25",-0.0312802881376136
"OV90","baseline","genome_full","SBS26",-0.0545528347691654
"OV90","baseline","genome_full","SBS28",
"OV90","baseline","genome_full","SBS29",-0.05261413829966
"OV90","baseline","genome_full","SBS30",-0.0661737831752275
"OV90","baseline","genome_full","SBS31",-0.104888560159618
"OV90","baseline","genome_full","SBS32",0.0654662436950732
"OV90","baseline","genome_full","SBS33",-0.044049436459798
"OV90","baseline","genome_full","SBS34",
"OV90","baseline","genome_full","SBS35",-0.0257524914850691
"OV90","baseline","genome_full","SBS36",
"OV90","baseline","genome_full","SBS37",0.140730329449251
"OV90","baseline","genome_full","SBS38",-0.0183618161211681
"OV90","baseline","genome_full","SBS39",-0.240434966032833
"OV90","baseline","genome_full","SBS40",-0.0258203344610243
"OV90","baseline","genome_full","SBS41",
"OV90","baseline","genome_full","SBS42",
"OV90","baseline","genome_full","SBS44",-0.046272967414648
"OV90","baseline","genome_full","SBS84",-0.0183618161211681
"OV90","baseline","genome_full","SBS85",-0.0300746423591608
"OV90","baseline","genome_full","SBS86",-0.0219453920712662
"OV90","baseline","genome_full","SBS87",0.113896565495544
"OV90","baseline","genome_full","SBS88",0.155665668689698
"OV90","baseline","genome_full","SBS89",-0.119837374233973
"OV90","baseline","genome_full","SBS90",
"OV90","baseline","genome_full","SBS91",0.0919430252292809
"OV90","baseline","genome_full","SBS92",
"OV90","baseline","genome_full","SBS93",-0.018361816121168
"OV90","baseline","genome_full","SBS94",-0.0465503930336602
"TOV81D","baseline","genome_full","SBS1",-0.0255552800028665
"TOV81D","baseline","genome_full","SBS2",-0.0429838179627022
"TOV81D","baseline","genome_full","SBS3",1
"TOV81D","baseline","genome_full","SBS4",-0.122976667612088
"TOV81D","baseline","genome_full","SBS5",-0.367156180890453
"TOV81D","baseline","genome_full","SBS6",0.0307734931504036
"TOV81D","baseline","genome_full","SBS7a",-0.00703151984458404
"TOV81D","baseline","genome_full","SBS7b",-0.0135521067669038
"TOV81D","baseline","genome_full","SBS7c",
"TOV81D","baseline","genome_full","SBS7d",-0.0356346922462021
"TOV81D","baseline","genome_full","SBS8",-0.0385204841607601
"TOV81D","baseline","genome_full","SBS9",-0.0338343944464458
"TOV81D","baseline","genome_full","SBS10a",-0.0578468903442557
"TOV81D","baseline","genome_full","SBS10b",0.0207150829784875
"TOV81D","baseline","genome_full","SBS10c",
"TOV81D","baseline","genome_full","SBS10d",
"TOV81D","baseline","genome_full","SBS11",0.0360584995890129
"TOV81D","baseline","genome_full","SBS12",0.137400382486388
"TOV81D","baseline","genome_full","SBS13",-0.0338343944464457
"TOV81D","baseline","genome_full","SBS14",0.131981252700166
"TOV81D","baseline","genome_full","SBS15",0.0122285883415493
"TOV81D","baseline","genome_full","SBS16",0.111672088529597
"TOV81D","baseline","genome_full","SBS17a",
"TOV81D","baseline","genome_full","SBS17b",
"TOV81D","baseline","genome_full","SBS18",-0.00242134525200285
"TOV81D","baseline","genome_full","SBS19",-0.0659701281836336
"TOV81D","baseline","genome_full","SBS20",-0.097716065761168
"TOV81D","baseline","genome_full","SBS21",-0.00483346964578427
"TOV81D","baseline","genome_full","SBS22",
"TOV81D","baseline","genome_full","SBS23",-0.0338343944464458
"TOV81D","baseline","genome_full","SBS24",0.00245389157390685
"TOV81D","baseline","genome_full","SBS25",-0.117913953762175
"TOV81D","baseline","genome_full","SBS26",0.082301123499032
"TOV81D","baseline","genome_full","SBS28",0.0153752383972918
"TOV81D","baseline","genome_full","SBS29",-0.0419228475612115
"TOV81D","baseline","genome_full","SBS30",0.0101335140052603
"TOV81D","baseline","genome_full","SBS31",0.0451573797955466
"TOV81D","baseline","genome_full","SBS32",0.00669199767749783
"TOV81D","baseline","genome_full","SBS33",0.00858352580172651
"TOV81D","baseline","genome_full","SBS34",
"TOV81D","baseline","genome_full","SBS35",
"TOV81D","baseline","genome_full","SBS36",
"TOV81D","baseline","genome_full","SBS37",-0.0753750851857526
"TOV81D","baseline","genome_full","SBS38",
"TOV81D","baseline","genome_full","SBS39",-0.295273489939275
"TOV81D","baseline","genome_full","SBS40",0.0428566678376673
"TOV81D","baseline","genome_full","SBS41",-0.0338343944464458
"TOV81D","baseline","genome_full","SBS42",-0.0338036793581823
"TOV81D","baseline","genome_full","SBS44",0.0720849214735589
"TOV81D","baseline","genome_full","SBS84",-0.0509515087335203
"TOV81D","baseline","genome_full","SBS85",-0.0676528307752078
"TOV81D","baseline","genome_full","SBS86",-0.0861935700612874
"TOV81D","baseline","genome_full","SBS87",0.170598025380285
"TOV81D","baseline","genome_full","SBS88",0.166783979689663
"TOV81D","baseline","genome_full","SBS89",-0.240506740609494
"TOV81D","baseline","genome_full","SBS90",
"TOV81D","baseline","genome_full","SBS91",0.00024838942246378
"TOV81D","baseline","genome_full","SBS92",
"TOV81D","baseline","genome_full","SBS93",-0.0441688541054706
"TOV81D","baseline","genome_full","SBS94",
"TOV21G","baseline","genome_full","SBS1",
"TOV21G","baseline","genome_full","SBS2",
"TOV21G","baseline","genome_full","SBS3",
"TOV21G","baseline","genome_full","SBS4",
"TOV21G","baseline","genome_full","SBS5",
"TOV21G","baseline","genome_full","SBS6",
"TOV21G","baseline","genome_full","SBS7a",
"TOV21G","baseline","genome_full","SBS7b",
"TOV21G","baseline","genome_full","SBS7c",
"TOV21G","baseline","genome_full","SBS7d",
"TOV21G","baseline","genome_full","SBS8",
"TOV21G","baseline","genome_full","SBS9",
"TOV21G","baseline","genome_full","SBS10a",
"TOV21G","baseline","genome_full","SBS10b",
"TOV21G","baseline","genome_full","SBS10c",
"TOV21G","baseline","genome_full","SBS10d",
"TOV21G","baseline","genome_full","SBS11",
"TOV21G","baseline","genome_full","SBS12",
"TOV21G","baseline","genome_full","SBS13",
"TOV21G","baseline","genome_full","SBS14",
"TOV21G","baseline","genome_full","SBS15",
"TOV21G","baseline","genome_full","SBS16",
"TOV21G","baseline","genome_full","SBS17a",
"TOV21G","baseline","genome_full","SBS17b",
"TOV21G","baseline","genome_full","SBS18",
"TOV21G","baseline","genome_full","SBS19",
"TOV21G","baseline","genome_full","SBS20",
"TOV21G","baseline","genome_full","SBS21",
"TOV21G","baseline","genome_full","SBS22",
"TOV21G","baseline","genome_full","SBS23",
"TOV21G","baseline","genome_full","SBS24",
"TOV21G","baseline","genome_full","SBS25",
"TOV21G","baseline","genome_full","SBS26",
"TOV21G","baseline","genome_full","SBS28",
"TOV21G","baseline","genome_full","SBS29",
"TOV21G","baseline","genome_full","SBS30",
"TOV21G","baseline","genome_full","SBS31",
"TOV21G","baseline","genome_full","SBS32",
"TOV21G","baseline","genome_full","SBS33",
"TOV21G","baseline","genome_full","SBS34",
"TOV21G","baseline","genome_full","SBS35",
"TOV21G","baseline","genome_full","SBS36",
"TOV21G","baseline","genome_full","SBS37",
"TOV21G","baseline","genome_full","SBS38",
"TOV21G","baseline","genome_full","SBS39",
"TOV21G","baseline","genome_full","SBS40",
"TOV21G","baseline","genome_full","SBS41",
"TOV21G","baseline","genome_full","SBS42",
"TOV21G","baseline","genome_full","SBS44",
"TOV21G","baseline","genome_full","SBS84",
"TOV21G","baseline","genome_full","SBS85",
"TOV21G","baseline","genome_full","SBS86",
"TOV21G","baseline","genome_full","SBS87",
"TOV21G","baseline","genome_full","SBS88",
"TOV21G","baseline","genome_full","SBS89",
"TOV21G","baseline","genome_full","SBS90",
"TOV21G","baseline","genome_full","SBS91",
"TOV21G","baseline","genome_full","SBS92",
"TOV21G","baseline","genome_full","SBS93",
"TOV21G","baseline","genome_full","SBS94",
"TOV3392D","baseline","genome_full","SBS1",-0.0399662205374463
"TOV3392D","baseline","genome_full","SBS2",0.0484097297854744
"TOV3392D","baseline","genome_full","SBS3",1
"TOV3392D","baseline","genome_full","SBS4",-0.0187655566349804
"TOV3392D","baseline","genome_full","SBS5",-0.0656353243913138
"TOV3392D","baseline","genome_full","SBS6",0.00432093051105883
"TOV3392D","baseline","genome_full","SBS7a",-0.00689732414377807
"TOV3392D","baseline","genome_full","SBS7b",0.00536789160878902
"TOV3392D","baseline","genome_full","SBS7c",
"TOV3392D","baseline","genome_full","SBS7d",-0.015310850444104
"TOV3392D","baseline","genome_full","SBS8",-0.0545508975547386
"TOV3392D","baseline","genome_full","SBS9",
"TOV3392D","baseline","genome_full","SBS10a",-0.0183583125570706
"TOV3392D","baseline","genome_full","SBS10b",-0.0243923034995827
"TOV3392D","baseline","genome_full","SBS10c",
"TOV3392D","baseline","genome_full","SBS10d",
"TOV3392D","baseline","genome_full","SBS11",0.30009348642825
"TOV3392D","baseline","genome_full","SBS12",0.20684480984515
"TOV3392D","baseline","genome_full","SBS13",0.0842452065378466
"TOV3392D","baseline","genome_full","SBS14",0.0728306311828675
"TOV3392D","baseline","genome_full","SBS15",-0.0443634402752686
"TOV3392D","baseline","genome_full","SBS16",-0.0154755215488501
"TOV3392D","baseline","genome_full","SBS17a",-0.0184418604480363
"TOV3392D","baseline","genome_full","SBS17b",
"TOV3392D","baseline","genome_full","SBS18",-0.0298994657469775
"TOV3392D","baseline","genome_full","SBS19",-0.036029285291429
"TOV3392D","baseline","genome_full","SBS20",-0.0188451646848561
"TOV3392D","baseline","genome_full","SBS21",
"TOV3392D","baseline","genome_full","SBS22",-0.011571568024295
"TOV3392D","baseline","genome_full","SBS23",-0.0147570489889024
"TOV3392D","baseline","genome_full","SBS24",0.107534822195418
"TOV3392D","baseline","genome_full","SBS25",0.000701232324223175
"TOV3392D","baseline","genome_full","SBS26",-0.0866763569475333
"TOV3392D","baseline","genome_full","SBS28",-0.0193567097059241
"TOV3392D","baseline","genome_full","SBS29",-0.0999759617645204
"TOV3392D","baseline","genome_full","SBS30",0.0198104104156824
"TOV3392D","baseline","genome_full","SBS31",-0.0307693232601672
"TOV3392D","baseline","genome_full","SBS32",-0.0188641885464541
"TOV3392D","baseline","genome_full","SBS33",-0.0370133348532996
"TOV3392D","baseline","genome_full","SBS34",
"TOV3392D","baseline","genome_full","SBS35",
"TOV3392D","baseline","genome_full","SBS36",
"TOV3392D","baseline","genome_full","SBS37",-0.0149820896050653
"TOV3392D","baseline","genome_full","SBS38",0.505242670899581
"TOV3392D","baseline","genome_full","SBS39",-0.184530814955827
"TOV3392D","baseline","genome_full","SBS40",-0.00689732414377808
"TOV3392D","baseline","genome_full","SBS41",
"TOV3392D","baseline","genome_full","SBS42",
"TOV3392D","baseline","genome_full","SBS44",-0.0114953444480854
"TOV3392D","baseline","genome_full","SBS84",-0.00969256019532101
"TOV3392D","baseline","genome_full","SBS85",0.0834869473396572
"TOV3392D","baseline","genome_full","SBS86",
"TOV3392D","baseline","genome_full","SBS87",0.0186960875698283
"TOV3392D","baseline","genome_full","SBS88",-0.0327205997046304
"TOV3392D","baseline","genome_full","SBS89",-0.038097852631047
"TOV3392D","baseline","genome_full","SBS90",
"TOV3392D","baseline","genome_full","SBS91",-0.0068973241437781
"TOV3392D","baseline","genome_full","SBS92",-0.0210602688126871
"TOV3392D","baseline","genome_full","SBS93",
"TOV3392D","baseline","genome_full","SBS94",
"TOV112D","baseline","genome_full","SBS1",
"TOV112D","baseline","genome_full","SBS2",
"TOV112D","baseline","genome_full","SBS3",
"TOV112D","baseline","genome_full","SBS4",
"TOV112D","baseline","genome_full","SBS5",
"TOV112D","baseline","genome_full","SBS6",
"TOV112D","baseline","genome_full","SBS7a",
"TOV112D","baseline","genome_full","SBS7b",
"TOV112D","baseline","genome_full","SBS7c",
"TOV112D","baseline","genome_full","SBS7d",
"TOV112D","baseline","genome_full","SBS8",
"TOV112D","baseline","genome_full","SBS9",
"TOV112D","baseline","genome_full","SBS10a",
"TOV112D","baseline","genome_full","SBS10b",
"TOV112D","baseline","genome_full","SBS10c",
"TOV112D","baseline","genome_full","SBS10d",
"TOV112D","baseline","genome_full","SBS11",
"TOV112D","baseline","genome_full","SBS12",
"TOV112D","baseline","genome_full","SBS13",
"TOV112D","baseline","genome_full","SBS14",
"TOV112D","baseline","genome_full","SBS15",
"TOV112D","baseline","genome_full","SBS16",
"TOV112D","baseline","genome_full","SBS17a",
"TOV112D","baseline","genome_full","SBS17b",
"TOV112D","baseline","genome_full","SBS18",
"TOV112D","baseline","genome_full","SBS19",
"TOV112D","baseline","genome_full","SBS20",
"TOV112D","baseline","genome_full","SBS21",
"TOV112D","baseline","genome_full","SBS22",
"TOV112D","baseline","genome_full","SBS23",
"TOV112D","baseline","genome_full","SBS24",
"TOV112D","baseline","genome_full","SBS25",
"TOV112D","baseline","genome_full","SBS26",
"TOV112D","baseline","genome_full","SBS28",
"TOV112D","baseline","genome_full","SBS29",
"TOV112D","baseline","genome_full","SBS30",
"TOV112D","baseline","genome_full","SBS31",
"TOV112D","baseline","genome_full","SBS32",
"TOV112D","baseline","genome_full","SBS33",
"TOV112D","baseline","genome_full","SBS34",
"TOV112D","baseline","genome_full","SBS35",
"TOV112D","baseline","genome_full","SBS36",
"TOV112D","baseline","genome_full","SBS37",
"TOV112D","baseline","genome_full","SBS38",
"TOV112D","baseline","genome_full","SBS39",
"TOV112D","baseline","genome_full","SBS40",
"TOV112D","baseline","genome_full","SBS41",
"TOV112D","baseline","genome_full","SBS42",
"TOV112D","baseline","genome_full","SBS44",
"TOV112D","baseline","genome_full","SBS84",
"TOV112D","baseline","genome_full","SBS85",
"TOV112D","baseline","genome_full","SBS86",
"TOV112D","baseline","genome_full","SBS87",
"TOV112D","baseline","genome_full","SBS88",
"TOV112D","baseline","genome_full","SBS89",
"TOV112D","baseline","genome_full","SBS90",
"TOV112D","baseline","genome_full","SBS91",
"TOV112D","baseline","genome_full","SBS92",
"TOV112D","baseline","genome_full","SBS93",
"TOV112D","baseline","genome_full","SBS94",
"TOV2414","baseline","genome_full","SBS1",-0.0621696457174992
"TOV2414","baseline","genome_full","SBS2",0.00787129841286869
"TOV2414","baseline","genome_full","SBS3",1
"TOV2414","baseline","genome_full","SBS4",-0.125960845017067
"TOV2414","baseline","genome_full","SBS5",-0.0765414942291045
"TOV2414","baseline","genome_full","SBS6",0.0273396639165811
"TOV2414","baseline","genome_full","SBS7a",-0.0365329127876046
"TOV2414","baseline","genome_full","SBS7b",-0.0992238816570168
"TOV2414","baseline","genome_full","SBS7c",
"TOV2414","baseline","genome_full","SBS7d",
"TOV2414","baseline","genome_full","SBS8",-0.0145811426070375
"TOV2414","baseline","genome_full","SBS9",
"TOV2414","baseline","genome_full","SBS10a",-0.0289642390945194
"TOV2414","baseline","genome_full","SBS10b",-0.0735692329246732
"TOV2414","baseline","genome_full","SBS10c",
"TOV2414","baseline","genome_full","SBS10d",-0.0203564224398182
"TOV2414","baseline","genome_full","SBS11",-0.0262402932349575
"TOV2414","baseline","genome_full","SBS12",0.00331786470159755
"TOV2414","baseline","genome_full","SBS13",
"TOV2414","baseline","genome_full","SBS14",-0.0434121095764134
"TOV2414","baseline","genome_full","SBS15",-0.0833821249890424
"TOV2414","baseline","genome_full","SBS16",-0.0348538311036647
"TOV2414","baseline","genome_full","SBS17a",-0.0388965725726916
"TOV2414","baseline","genome_full","SBS17b",
"TOV2414","baseline","genome_full","SBS18",0.0098435571417075
"TOV2414","baseline","genome_full","SBS19",-0.0151592522116384
"TOV2414","baseline","genome_full","SBS20",-0.0622727825992827
"TOV2414","baseline","genome_full","SBS21",
"TOV2414","baseline","genome_full","SBS22",
"TOV2414","baseline","genome_full","SBS23",-0.0474319399805716
"TOV2414","baseline","genome_full","SBS24",-0.0747180241586517
"TOV2414","baseline","genome_full","SBS25",-0.0348738709377028
"TOV2414","baseline","genome_full","SBS26",0.00454087002748407
"TOV2414","baseline","genome_full","SBS28",
"TOV2414","baseline","genome_full","SBS29",0.111305695747718
"TOV2414","baseline","genome_full","SBS30",0.192680145913997
"TOV2414","baseline","genome_full","SBS31",-0.0503334037222063
"TOV2414","baseline","genome_full","SBS32",-0.0590451186983844
"TOV2414","baseline","genome_full","SBS33",0.100333741660341
"TOV2414","baseline","genome_full","SBS34",
"TOV2414","baseline","genome_full","SBS35",
"TOV2414","baseline","genome_full","SBS36",-0.0145811426070375
"TOV2414","baseline","genome_full","SBS37",0.0995738560506746
"TOV2414","baseline","genome_full","SBS38",0.0895121094468463
"TOV2414","baseline","genome_full","SBS39",-0.12129436671153
"TOV2414","baseline","genome_full","SBS40",-0.0081610935003267
"TOV2414","baseline","genome_full","SBS41",
"TOV2414","baseline","genome_full","SBS42",-0.0283669367437531
"TOV2414","baseline","genome_full","SBS44",0.0331409388508169
"TOV2414","baseline","genome_full","SBS84",0.180199227569826
"TOV2414","baseline","genome_full","SBS85",-0.0345837538725645
"TOV2414","baseline","genome_full","SBS86",0.0282172588023607
"TOV2414","baseline","genome_full","SBS87",0.0560832340744282
"TOV2414","baseline","genome_full","SBS88",-0.0145811426070375
"TOV2414","baseline","genome_full","SBS89",-0.0626833108729161
"TOV2414","baseline","genome_full","SBS90",-0.0288325651809039
"TOV2414","baseline","genome_full","SBS91",0.0420482927097692
"TOV2414","baseline","genome_full","SBS92",
"TOV2414","baseline","genome_full","SBS93",-0.0145811426070375
"TOV2414","baseline","genome_full","SBS94",-0.0145811426070375
"OV1369-R2","rare_read_supported","genome_full","SBS1",0.111535966909268
"OV1369-R2","rare_read_supported","genome_full","SBS2",-0.0721784702974433
"OV1369-R2","rare_read_supported","genome_full","SBS3",1
"OV1369-R2","rare_read_supported","genome_full","SBS4",-0.0894799918262044
"OV1369-R2","rare_read_supported","genome_full","SBS5",
"OV1369-R2","rare_read_supported","genome_full","SBS6",0.035722027737587
"OV1369-R2","rare_read_supported","genome_full","SBS7a",0.120916567384179
"OV1369-R2","rare_read_supported","genome_full","SBS7b",0.110807037909471
"OV1369-R2","rare_read_supported","genome_full","SBS7c",-0.0676895947663955
"OV1369-R2","rare_read_supported","genome_full","SBS7d",
"OV1369-R2","rare_read_supported","genome_full","SBS8",-0.555332798154283
"OV1369-R2","rare_read_supported","genome_full","SBS9",
"OV1369-R2","rare_read_supported","genome_full","SBS10a",-0.0721520963889241
"OV1369-R2","rare_read_supported","genome_full","SBS10b",0.0388543642388015
"OV1369-R2","rare_read_supported","genome_full","SBS10c",
"OV1369-R2","rare_read_supported","genome_full","SBS10d",
"OV1369-R2","rare_read_supported","genome_full","SBS11",0.148149842224565
"OV1369-R2","rare_read_supported","genome_full","SBS12",-0.262602366600492
"OV1369-R2","rare_read_supported","genome_full","SBS13",0.0923679207824341
"OV1369-R2","rare_read_supported","genome_full","SBS14",-0.0501772629723871
"OV1369-R2","rare_read_supported","genome_full","SBS15",-0.0819677319166254
"OV1369-R2","rare_read_supported","genome_full","SBS16",-0.0974887569267748
"OV1369-R2","rare_read_supported","genome_full","SBS17a",0.00715966113875279
"OV1369-R2","rare_read_supported","genome_full","SBS17b",-0.145475379815058
"OV1369-R2","rare_read_supported","genome_full","SBS18",-0.0069523832023012
"OV1369-R2","rare_read_supported","genome_full","SBS19",-0.138675632660985
"OV1369-R2","rare_read_supported","genome_full","SBS20",
"OV1369-R2","rare_read_supported","genome_full","SBS21",-0.202544883972471
"OV1369-R2","rare_read_supported","genome_full","SBS22",0.080089308387109
"OV1369-R2","rare_read_supported","genome_full","SBS23",-0.0629365168404645
"OV1369-R2","rare_read_supported","genome_full","SBS24",0.0853248510610327
"OV1369-R2","rare_read_supported","genome_full","SBS25",-0.0437806586557762
"OV1369-R2","rare_read_supported","genome_full","SBS26",-0.0676895947663955
"OV1369-R2","rare_read_supported","genome_full","SBS28",-0.0455137046963471
"OV1369-R2","rare_read_supported","genome_full","SBS29",-0.0296638434671725
"OV1369-R2","rare_read_supported","genome_full","SBS30",-0.414919231256757
"OV1369-R2","rare_read_supported","genome_full","SBS31",-0.131871850143523
"OV1369-R2","rare_read_supported","genome_full","SBS32",0.0541872877042445
"OV1369-R2","rare_read_supported","genome_full","SBS33",-0.187508555772095
"OV1369-R2","rare_read_supported","genome_full","SBS34",
"OV1369-R2","rare_read_supported","genome_full","SBS35",-0.0368399921033367
"OV1369-R2","rare_read_supported","genome_full","SBS36",0.0469332668936685
"OV1369-R2","rare_read_supported","genome_full","SBS37",-0.161666103798847
"OV1369-R2","rare_read_supported","genome_full","SBS38",
"OV1369-R2","rare_read_supported","genome_full","SBS39",-0.725670303646475
"OV1369-R2","rare_read_supported","genome_full","SBS40",-0.0676895947663954
"OV1369-R2","rare_read_supported","genome_full","SBS41",
"OV1369-R2","rare_read_supported","genome_full","SBS42",-0.0672823529381386
"OV1369-R2","rare_read_supported","genome_full","SBS44",0.0879429932010051
"OV1369-R2","rare_read_supported","genome_full","SBS84",0.00532137067053779
"OV1369-R2","rare_read_supported","genome_full","SBS85",
"OV1369-R2","rare_read_supported","genome_full","SBS86",0.129980482084008
"OV1369-R2","rare_read_supported","genome_full","SBS87",0.243412776888329
"OV1369-R2","rare_read_supported","genome_full","SBS88",
"OV1369-R2","rare_read_supported","genome_full","SBS89",-0.172001012128191
"OV1369-R2","rare_read_supported","genome_full","SBS90",
"OV1369-R2","rare_read_supported","genome_full","SBS91",-0.126630657908582
"OV1369-R2","rare_read_supported","genome_full","SBS92",-0.116622246952952
"OV1369-R2","rare_read_supported","genome_full","SBS93",-0.153253545683203
"OV1369-R2","rare_read_supported","genome_full","SBS94",
"OV2085","rare_read_supported","genome_full","SBS1",0.0595416466662641
"OV2085","rare_read_supported","genome_full","SBS2",-0.0457827492771642
"OV2085","rare_read_supported","genome_full","SBS3",1
"OV2085","rare_read_supported","genome_full","SBS4",0.0418969324576423
"OV2085","rare_read_supported","genome_full","SBS5",-0.0591729618778381
"OV2085","rare_read_supported","genome_full","SBS6",-0.027006574287552
"OV2085","rare_read_supported","genome_full","SBS7a",0.063376311370847
"OV2085","rare_read_supported","genome_full","SBS7b",-0.0814141348627174
"OV2085","rare_read_supported","genome_full","SBS7c",-0.0269013943784852
"OV2085","rare_read_supported","genome_full","SBS7d",
"OV2085","rare_read_supported","genome_full","SBS8",-0.00961688688662572
"OV2085","rare_read_supported","genome_full","SBS9",-0.0362828476688282
"OV2085","rare_read_supported","genome_full","SBS10a",
"OV2085","rare_read_supported","genome_full","SBS10b",-0.0427212654866743
"OV2085","rare_read_supported","genome_full","SBS10c",
"OV2085","rare_read_supported","genome_full","SBS10d",
"OV2085","rare_read_supported","genome_full","SBS11",-0.0136149914057817
"OV2085","rare_read_supported","genome_full","SBS12",0.0299019837370766
"OV2085","rare_read_supported","genome_full","SBS13",-0.00961688688662571
"OV2085","rare_read_supported","genome_full","SBS14",
"OV2085","rare_read_supported","genome_full","SBS15",-0.0938935929080401
"OV2085","rare_read_supported","genome_full","SBS16",0.0687477196388618
"OV2085","rare_read_supported","genome_full","SBS17a",-0.0382913500773802
"OV2085","rare_read_supported","genome_full","SBS17b",-0.0366355847444419
"OV2085","rare_read_supported","genome_full","SBS18",-0.0210110157993888
"OV2085","rare_read_supported","genome_full","SBS19",0.132168704076246
"OV2085","rare_read_supported","genome_full","SBS20",-0.0554185301246807
"OV2085","rare_read_supported","genome_full","SBS21",
"OV2085","rare_read_supported","genome_full","SBS22",-0.043344389277468
"OV2085","rare_read_supported","genome_full","SBS23",0.0372269738521357
"OV2085","rare_read_supported","genome_full","SBS24",0.0461746105167361
"OV2085","rare_read_supported","genome_full","SBS25",
"OV2085","rare_read_supported","genome_full","SBS26",-0.035322238138534
"OV2085","rare_read_supported","genome_full","SBS28",-0.0325319458236983
"OV2085","rare_read_supported","genome_full","SBS29",-0.0528952326138003
"OV2085","rare_read_supported","genome_full","SBS30",0.0040545976975005
"OV2085","rare_read_supported","genome_full","SBS31",-0.0656146148644766
"OV2085","rare_read_supported","genome_full","SBS32",-0.0280534568942323
"OV2085","rare_read_supported","genome_full","SBS33",0.0477871056275756
"OV2085","rare_read_supported","genome_full","SBS34",
"OV2085","rare_read_supported","genome_full","SBS35",-0.0259499266282353
"OV2085","rare_read_supported","genome_full","SBS36",
"OV2085","rare_read_supported","genome_full","SBS37",0.0220312193880675
"OV2085","rare_read_supported","genome_full","SBS38",-0.0346709337881158
"OV2085","rare_read_supported","genome_full","SBS39",-0.156475900936464
"OV2085","rare_read_supported","genome_full","SBS40",0.048002968737554
"OV2085","rare_read_supported","genome_full","SBS41",-0.0216446546045851
"OV2085","rare_read_supported","genome_full","SBS42",0.0310968087170607
"OV2085","rare_read_supported","genome_full","SBS44",-0.0322226711890006
"OV2085","rare_read_supported","genome_full","SBS84",-0.0199351257893683
"OV2085","rare_read_supported","genome_full","SBS85",-0.00961688688662572
"OV2085","rare_read_supported","genome_full","SBS86",0.0753146162026217
"OV2085","rare_read_supported","genome_full","SBS87",0.214635634616976
"OV2085","rare_read_supported","genome_full","SBS88",-0.0396268155246417
"OV2085","rare_read_supported","genome_full","SBS89",-0.0583456064242605
"OV2085","rare_read_supported","genome_full","SBS90",
"OV2085","rare_read_supported","genome_full","SBS91",0.0929844438156928
"OV2085","rare_read_supported","genome_full","SBS92",-0.0266868997092644
"OV2085","rare_read_supported","genome_full","SBS93",-0.00961688688662577
"OV2085","rare_read_supported","genome_full","SBS94",-0.0319550389206937
"OV2295","rare_read_supported","genome_full","SBS1",0.14587719851693
"OV2295","rare_read_supported","genome_full","SBS2",0.0317828108245206
"OV2295","rare_read_supported","genome_full","SBS3",1
"OV2295","rare_read_supported","genome_full","SBS4",-0.0501220008543966
"OV2295","rare_read_supported","genome_full","SBS5",-0.0652474937925287
"OV2295","rare_read_supported","genome_full","SBS6",0.0974679218623235
"OV2295","rare_read_supported","genome_full","SBS7a",-0.0362672283337299
"OV2295","rare_read_supported","genome_full","SBS7b",0.00351284996459755
"OV2295","rare_read_supported","genome_full","SBS7c",
"OV2295","rare_read_supported","genome_full","SBS7d",-0.0808289392500355
"OV2295","rare_read_supported","genome_full","SBS8",-0.0765232767708042
"OV2295","rare_read_supported","genome_full","SBS9",-0.0349141718028738
"OV2295","rare_read_supported","genome_full","SBS10a",-0.0362672283337298
"OV2295","rare_read_supported","genome_full","SBS10b",-0.0398805319154524
"OV2295","rare_read_supported","genome_full","SBS10c",
"OV2295","rare_read_supported","genome_full","SBS10d",0.0128273234498265
"OV2295","rare_read_supported","genome_full","SBS11",0.0116842725953135
"OV2295","rare_read_supported","genome_full","SBS12",0.00773740466156491
"OV2295","rare_read_supported","genome_full","SBS13",-0.0362672283337298
"OV2295","rare_read_supported","genome_full","SBS14",
"OV2295","rare_read_supported","genome_full","SBS15",-0.0804980007007339
"OV2295","rare_read_supported","genome_full","SBS16",
"OV2295","rare_read_supported","genome_full","SBS17a",-0.102871774398581
"OV2295","rare_read_supported","genome_full","SBS17b",-0.00745853901291891
"OV2295","rare_read_supported","genome_full","SBS18",-0.00511615362997477
"OV2295","rare_read_supported","genome_full","SBS19",-0.200715868797678
"OV2295","rare_read_supported","genome_full","SBS20",
"OV2295","rare_read_supported","genome_full","SBS21",0.0208883573465162
"OV2295","rare_read_supported","genome_full","SBS22",-0.0705972673876568
"OV2295","rare_read_supported","genome_full","SBS23",0.0960978985177175
"OV2295","rare_read_supported","genome_full","SBS24",-0.0656995195320072
"OV2295","rare_read_supported","genome_full","SBS25",-0.0784257895768377
"OV2295","rare_read_supported","genome_full","SBS26",-0.0227091314181731
"OV2295","rare_read_supported","genome_full","SBS28",
"OV2295","rare_read_supported","genome_full","SBS29",0.0508956770452058
"OV2295","rare_read_supported","genome_full","SBS30",0.0219469845588176
"OV2295","rare_read_supported","genome_full","SBS31",-0.120453604016005
"OV2295","rare_read_supported","genome_full","SBS32",-0.0824486928353529
"OV2295","rare_read_supported","genome_full","SBS33",-0.0323625303486548
"OV2295","rare_read_supported","genome_full","SBS34",
"OV2295","rare_read_supported","genome_full","SBS35",
"OV2295","rare_read_supported","genome_full","SBS36",-0.00618740812132818
"OV2295","rare_read_supported","genome_full","SBS37",-0.184889745629975
"OV2295","rare_read_supported","genome_full","SBS38",0.03188147794408
"OV2295","rare_read_supported","genome_full","SBS39",-0.404184287722335
"OV2295","rare_read_supported","genome_full","SBS40",-0.0828781706538781
"OV2295","rare_read_supported","genome_full","SBS41",
"OV2295","rare_read_supported","genome_full","SBS42",0.0364666946469789
"OV2295","rare_read_supported","genome_full","SBS44",-0.0422719101749352
"OV2295","rare_read_supported","genome_full","SBS84",0.0381791202559591
"OV2295","rare_read_supported","genome_full","SBS85",0.139516465306098
"OV2295","rare_read_supported","genome_full","SBS86",0.13290361245652
"OV2295","rare_read_supported","genome_full","SBS87",-0.110650423760469
"OV2295","rare_read_supported","genome_full","SBS88",-0.0329827584056505
"OV2295","rare_read_supported","genome_full","SBS89",-0.313007797807318
"OV2295","rare_read_supported","genome_full","SBS90",
"OV2295","rare_read_supported","genome_full","SBS91",
"OV2295","rare_read_supported","genome_full","SBS92",
"OV2295","rare_read_supported","genome_full","SBS93",
"OV2295","rare_read_supported","genome_full","SBS94",-0.0611536251794289
"OV2295-R2","rare_read_supported","genome_full","SBS1",-0.0361696487879955
"OV2295-R2","rare_read_supported","genome_full","SBS2",-0.0711718822184259
"OV2295-R2","rare_read_supported","genome_full","SBS3",1
"OV2295-R2","rare_read_supported","genome_full","SBS4",-0.0233531766921056
"OV2295-R2","rare_read_supported","genome_full","SBS5",-0.0226749028213677
"OV2295-R2","rare_read_supported","genome_full","SBS6",-0.0535884762307947
"OV2295-R2","rare_read_supported","genome_full","SBS7a",0.0349144335866862
"OV2295-R2","rare_read_supported","genome_full","SBS7b",0.0309917040347606
"OV2295-R2","rare_read_supported","genome_full","SBS7c",
"OV2295-R2","rare_read_supported","genome_full","SBS7d",-0.0245384056357567
"OV2295-R2","rare_read_supported","genome_full","SBS8",
"OV2295-R2","rare_read_supported","genome_full","SBS9",0.10727651965071
"OV2295-R2","rare_read_supported","genome_full","SBS10a",-0.0286786554271871
"OV2295-R2","rare_read_supported","genome_full","SBS10b",-0.0116340735420586
"OV2295-R2","rare_read_supported","genome_full","SBS10c",
"OV2295-R2","rare_read_supported","genome_full","SBS10d",-0.0116340735420587
"OV2295-R2","rare_read_supported","genome_full","SBS11",-0.055863450745487
"OV2295-R2","rare_read_supported","genome_full","SBS12",-0.0445040250165555
"OV2295-R2","rare_read_supported","genome_full","SBS13",0.160603711251569
"OV2295-R2","rare_read_supported","genome_full","SBS14",
"OV2295-R2","rare_read_supported","genome_full","SBS15",-0.011985701708394
"OV2295-R2","rare_read_supported","genome_full","SBS16",
"OV2295-R2","rare_read_supported","genome_full","SBS17a",-0.067158641844318
"OV2295-R2","rare_read_supported","genome_full","SBS17b",
"OV2295-R2","rare_read_supported","genome_full","SBS18",0.152733442290286
"OV2295-R2","rare_read_supported","genome_full","SBS19",-0.00663826533793394
"OV2295-R2","rare_read_supported","genome_full","SBS20",
"OV2295-R2","rare_read_supported","genome_full","SBS21",-0.0116340735420587
"OV2295-R2","rare_read_supported","genome_full","SBS22",-0.0116340735420586
"OV2295-R2","rare_read_supported","genome_full","SBS23",0.144027274554255
"OV2295-R2","rare_read_supported","genome_full","SBS24",-0.0412824589408305
"OV2295-R2","rare_read_supported","genome_full","SBS25",
"OV2295-R2","rare_read_supported","genome_full","SBS26",0.0795986218785043
"OV2295-R2","rare_read_supported","genome_full","SBS28",
"OV2295-R2","rare_read_supported","genome_full","SBS29",-0.0463666680813943
"OV2295-R2","rare_read_supported","genome_full","SBS30",-0.00954287808400779
"OV2295-R2","rare_read_supported","genome_full","SBS31",-0.0591576559626596
"OV2295-R2","rare_read_supported","genome_full","SBS32",0.055514452232912
"OV2295-R2","rare_read_supported","genome_full","SBS33",-0.0223107254066513
"OV2295-R2","rare_read_supported","genome_full","SBS34",0.245275654727111
"OV2295-R2","rare_read_supported","genome_full","SBS35",-0.0116340735420587
"OV2295-R2","rare_read_supported","genome_full","SBS36",0.0779102900984916
"OV2295-R2","rare_read_supported","genome_full","SBS37",-0.070530524238883
"OV2295-R2","rare_read_supported","genome_full","SBS38",-0.06232785799279
"OV2295-R2","rare_read_supported","genome_full","SBS39",-0.25093464578935
"OV2295-R2","rare_read_supported","genome_full","SBS40",-0.0701412722994948
"OV2295-R2","rare_read_supported","genome_full","SBS41",-0.0395462735260231
"OV2295-R2","rare_read_supported","genome_full","SBS42",0.151324525937367
"OV2295-R2","rare_read_supported","genome_full","SBS44",-0.0255237405328502
"OV2295-R2","rare_read_supported","genome_full","SBS84",-0.0508851703234929
"OV2295-R2","rare_read_supported","genome_full","SBS85",-0.020783773430449
"OV2295-R2","rare_read_supported","genome_full","SBS86",0.0161165634353131
"OV2295-R2","rare_read_supported","genome_full","SBS87",0.0530221328222288
"OV2295-R2","rare_read_supported","genome_full","SBS88",
"OV2295-R2","rare_read_supported","genome_full","SBS89",-0.20143269881341
"OV2295-R2","rare_read_supported","genome_full","SBS90",
"OV2295-R2","rare_read_supported","genome_full","SBS91",
"OV2295-R2","rare_read_supported","genome_full","SBS92",
"OV2295-R2","rare_read_supported","genome_full","SBS93",-0.0203058190743819
"OV2295-R2","rare_read_supported","genome_full","SBS94",0.0261775093280821
"OV3133-R","rare_read_supported","genome_full","SBS1",-0.08448077417413
"OV3133-R","rare_read_supported","genome_full","SBS2",-0.110491765920981
"OV3133-R","rare_read_supported","genome_full","SBS3",1
"OV3133-R","rare_read_supported","genome_full","SBS4",-0.0880570410229907
"OV3133-R","rare_read_supported","genome_full","SBS5",-0.21126951379796
"OV3133-R","rare_read_supported","genome_full","SBS6",0.107104938294436
"OV3133-R","rare_read_supported","genome_full","SBS7a",0.0958226843642573
"OV3133-R","rare_read_supported","genome_full","SBS7b",0.0216259904975302
"OV3133-R","rare_read_supported","genome_full","SBS7c",-0.053114789034266
"OV3133-R","rare_read_supported","genome_full","SBS7d",0.0373680387734461
"OV3133-R","rare_read_supported","genome_full","SBS8",-0.165777835234469
"OV3133-R","rare_read_supported","genome_full","SBS9",
"OV3133-R","rare_read_supported","genome_full","SBS10a",-0.0631114653732652
"OV3133-R","rare_read_supported","genome_full","SBS10b",
"OV3133-R","rare_read_supported","genome_full","SBS10c",-0.0019405422153065
"OV3133-R","rare_read_supported","genome_full","SBS10d",-0.0317079767592626
"OV3133-R","rare_read_supported","genome_full","SBS11",-0.0488298850312745
"OV3133-R","rare_read_supported","genome_full","SBS12",-0.0755743405653568
"OV3133-R","rare_read_supported","genome_full","SBS13",-0.101213503352069
"OV3133-R","rare_read_supported","genome_full","SBS14",0.0838512922008192
"OV3133-R","rare_read_supported","genome_full","SBS15",-0.0297263941959355
"OV3133-R","rare_read_supported","genome_full","SBS16",-0.0858698549708408
"OV3133-R","rare_read_supported","genome_full","SBS17a",-0.123540755518063
"OV3133-R","rare_read_supported","genome_full","SBS17b",
"OV3133-R","rare_read_supported","genome_full","SBS18",-0.0421900625855347
"OV3133-R","rare_read_supported","genome_full","SBS19",0.0149691306481089
"OV3133-R","rare_read_supported","genome_full","SBS20",-0.120108662919176
"OV3133-R","rare_read_supported","genome_full","SBS21",0.0254275509867399
"OV3133-R","rare_read_supported","genome_full","SBS22",-0.0547414003041609
"OV3133-R","rare_read_supported","genome_full","SBS23",0.0594970234846279
"OV3133-R","rare_read_supported","genome_full","SBS24",0.167817871099738
"OV3133-R","rare_read_supported","genome_full","SBS25",-0.0690085472036006
"OV3133-R","rare_read_supported","genome_full","SBS26",-0.0760746184082142
"OV3133-R","rare_read_supported","genome_full","SBS28",-0.0727458756354802
"OV3133-R","rare_read_supported","genome_full","SBS29",-0.135342788375236
"OV3133-R","rare_read_supported","genome_full","SBS30",-0.0239528974313854
"OV3133-R","rare_read_supported","genome_full","SBS31",0.104954278919011
"OV3133-R","rare_read_supported","genome_full","SBS32",-0.0718193951163069
"OV3133-R","rare_read_supported","genome_full","SBS33",0.0552885989095961
"OV3133-R","rare_read_supported","genome_full","SBS34",-0.088732024733606
"OV3133-R","rare_read_supported","genome_full","SBS35",-0.175069274533684
"OV3133-R","rare_read_supported","genome_full","SBS36",0.015726519535263
"OV3133-R","rare_read_supported","genome_full","SBS37",
"OV3133-R","rare_read_supported","genome_full","SBS38",0.0550598052623849
"OV3133-R","rare_read_supported","genome_full","SBS39",-0.424269315692786
"OV3133-R","rare_read_supported","genome_full","SBS40",-0.151000201240406
"OV3133-R","rare_read_supported","genome_full","SBS41",-0.0362972957312657
"OV3133-R","rare_read_supported","genome_full","SBS42",-0.0494782554627404
"OV3133-R","rare_read_supported","genome_full","SBS44",0.00789065710651194
"OV3133-R","rare_read_supported","genome_full","SBS84",-0.0289533751828631
"OV3133-R","rare_read_supported","genome_full","SBS85",
"OV3133-R","rare_read_supported","genome_full","SBS86",-0.0306438507771193
"OV3133-R","rare_read_supported","genome_full","SBS87",0.124633332118251
"OV3133-R","rare_read_supported","genome_full","SBS88",-0.118309616434194
"OV3133-R","rare_read_supported","genome_full","SBS89",-0.119936533933262
"OV3133-R","rare_read_supported","genome_full","SBS90",0.112839821746409
"OV3133-R","rare_read_supported","genome_full","SBS91",0.0549588260855415
"OV3133-R","rare_read_supported","genome_full","SBS92",-0.122862244403522
"OV3133-R","rare_read_supported","genome_full","SBS93",-0.115478260334876
"OV3133-R","rare_read_supported","genome_full","SBS94",-0.0769973759969226
"OV3133-R2","rare_read_supported","genome_full","SBS1",-0.0244485499590007
"OV3133-R2","rare_read_supported","genome_full","SBS2",0.131560095000238
"OV3133-R2","rare_read_supported","genome_full","SBS3",1
"OV3133-R2","rare_read_supported","genome_full","SBS4",-0.0143501887659005
"OV3133-R2","rare_read_supported","genome_full","SBS5",-0.18896116305556
"OV3133-R2","rare_read_supported","genome_full","SBS6",0.104435724890475
"OV3133-R2","rare_read_supported","genome_full","SBS7a",0.045919582707871
"OV3133-R2","rare_read_supported","genome_full","SBS7b",0.0298002002913803
"OV3133-R2","rare_read_supported","genome_full","SBS7c",0.00155374973694701
"OV3133-R2","rare_read_supported","genome_full","SBS7d",-0.0643788200743632
"OV3133-R2","rare_read_supported","genome_full","SBS8",-0.267562620558911
"OV3133-R2","rare_read_supported","genome_full","SBS9",
"OV3133-R2","rare_read_supported","genome_full","SBS10a",-0.0125618538690267
"OV3133-R2","rare_read_supported","genome_full","SBS10b",
"OV3133-R2","rare_read_supported","genome_full","SBS10c",-0.0182521185494481
"OV3133-R2","rare_read_supported","genome_full","SBS10d",0.0261359324375237
"OV3133-R2","rare_read_supported","genome_full","SBS11",-0.0340291037415145
"OV3133-R2","rare_read_supported","genome_full","SBS12",-0.141840253260372
"OV3133-R2","rare_read_supported","genome_full","SBS13",-0.134008335814478
"OV3133-R2","rare_read_supported","genome_full","SBS14",0.0125976380281261
"OV3133-R2","rare_read_supported","genome_full","SBS15",-0.0962111745969446
"OV3133-R2","rare_read_supported","genome_full","SBS16",-0.0295047927658734
"OV3133-R2","rare_read_supported","genome_full","SBS17a",0.0469240844888068
"OV3133-R2","rare_read_supported","genome_full","SBS17b",-0.0984937993928315
"OV3133-R2","rare_read_supported","genome_full","SBS18",0.121375553047689
"OV3133-R2","rare_read_supported","genome_full","SBS19",0.000138597115763768
"OV3133-R2","rare_read_supported","genome_full","SBS20",-0.0836030072506665
"OV3133-R2","rare_read_supported","genome_full","SBS21",-0.0300523754046305
"OV3133-R2","rare_read_supported","genome_full","SBS22",-0.0480739637088526
"OV3133-R2","rare_read_supported","genome_full","SBS23",0.0472497745177583
"OV3133-R2","rare_read_supported","genome_full","SBS24",-0.0432229012860237
"OV3133-R2","rare_read_supported","genome_full","SBS25",-0.163803705237288
"OV3133-R2","rare_read_supported","genome_full","SBS26",-0.198538148207229
"OV3133-R2","rare_read_supported","genome_full","SBS28",0.0147006493349765
"OV3133-R2","rare_read_supported","genome_full","SBS29",-0.00643828431721036
"OV3133-R2","rare_read_supported","genome_full","SBS30",-0.116497449053624
"OV3133-R2","rare_read_supported","genome_full","SBS31",0.0553908439764244
"OV3133-R2","rare_read_supported","genome_full","SBS32",0.101144064855993
"OV3133-R2","rare_read_supported","genome_full","SBS33",-0.0904584281864985
"OV3133-R2","rare_read_supported","genome_full","SBS34",0.0120620888968057
"OV3133-R2","rare_read_supported","genome_full","SBS35",-0.511279936757486
"OV3133-R2","rare_read_supported","genome_full","SBS36",-0.0164903119394614
"OV3133-R2","rare_read_supported","genome_full","SBS37",
"OV3133-R2","rare_read_supported","genome_full","SBS38",-0.128215160141843
"OV3133-R2","rare_read_supported","genome_full","SBS39",-0.554948098133851
"OV3133-R2","rare_read_supported","genome_full","SBS40",-0.273697276305085
"OV3133-R2","rare_read_supported","genome_full","SBS41",
"OV3133-R2","rare_read_supported","genome_full","SBS42",-0.187738808004773
"OV3133-R2","rare_read_supported","genome_full","SBS44",0.110805097654663
"OV3133-R2","rare_read_supported","genome_full","SBS84",-0.0442735410647064
"OV3133-R2","rare_read_supported","genome_full","SBS85",-0.0914878087655187
"OV3133-R2","rare_read_supported","genome_full","SBS86",-0.0353478412814598
"OV3133-R2","rare_read_supported","genome_full","SBS87",-0.105136697331772
"OV3133-R2","rare_read_supported","genome_full","SBS88",-0.0243434710754514
"OV3133-R2","rare_read_supported","genome_full","SBS89",-0.207046175664776
"OV3133-R2","rare_read_supported","genome_full","SBS90",
"OV3133-R2","rare_read_supported","genome_full","SBS91",0.109968081012639
"OV3133-R2","rare_read_supported","genome_full","SBS92",-0.0915969251216605
"OV3133-R2","rare_read_supported","genome_full","SBS93",-0.0695314031135482
"OV3133-R2","rare_read_supported","genome_full","SBS94",0.00101844910479342
"OV3291","rare_read_supported","genome_full","SBS1",0.0234617009110417
"OV3291","rare_read_supported","genome_full","SBS2",0.0438399105554472
"OV3291","rare_read_supported","genome_full","SBS3",1
"OV3291","rare_read_supported","genome_full","SBS4",-0.104919296266874
"OV3291","rare_read_supported","genome_full","SBS5",
"OV3291","rare_read_supported","genome_full","SBS6",0.0490567201670895
"OV3291","rare_read_supported","genome_full","SBS7a",-0.0419280900562871
"OV3291","rare_read_supported","genome_full","SBS7b",-0.131668010352951
"OV3291","rare_read_supported","genome_full","SBS7c",-0.0344667322047205
"OV3291","rare_read_supported","genome_full","SBS7d",-0.00207183918175866
"OV3291","rare_read_supported","genome_full","SBS8",-0.164168956184423
"OV3291","rare_read_supported","genome_full","SBS9",
"OV3291","rare_read_supported","genome_full","SBS10a",-0.0370453877032061
"OV3291","rare_read_supported","genome_full","SBS10b",0.197070164495037
"OV3291","rare_read_supported","genome_full","SBS10c",
"OV3291","rare_read_supported","genome_full","SBS10d",-0.0218853536169797
"OV3291","rare_read_supported","genome_full","SBS11",-0.0275483739648293
"OV3291","rare_read_supported","genome_full","SBS12",-0.0348565239938611
"OV3291","rare_read_supported","genome_full","SBS13",-0.0217358658843078
"OV3291","rare_read_supported","genome_full","SBS14",0.188895282294416
"OV3291","rare_read_supported","genome_full","SBS15",-0.0562249080092004
"OV3291","rare_read_supported","genome_full","SBS16",
"OV3291","rare_read_supported","genome_full","SBS17a",-0.11683658719412
"OV3291","rare_read_supported","genome_full","SBS17b",-0.131430230570513
"OV3291","rare_read_supported","genome_full","SBS18",-0.00190992636739548
"OV3291","rare_read_supported","genome_full","SBS19",0.0117771015759639
"OV3291","rare_read_supported","genome_full","SBS20",0.0509074258835142
"OV3291","rare_read_supported","genome_full","SBS21",-0.00457936907011787
"OV3291","rare_read_supported","genome_full","SBS22",
"OV3291","rare_read_supported","genome_full","SBS23",0.0736462556460265
"OV3291","rare_read_supported","genome_full","SBS24",0.00866141242378958
"OV3291","rare_read_supported","genome_full","SBS25",-0.0250799234306648
"OV3291","rare_read_supported","genome_full","SBS26",0.0295343595160219
"OV3291","rare_read_supported","genome_full","SBS28",-0.0594235303405202
"OV3291","rare_read_supported","genome_full","SBS29",-0.0712616002305692
"OV3291","rare_read_supported","genome_full","SBS30",-0.0539828290627513
"OV3291","rare_read_supported","genome_full","SBS31",-0.0393130968675058
"OV3291","rare_read_supported","genome_full","SBS32",-0.0541253947001396
"OV3291","rare_read_supported","genome_full","SBS33",-0.0801841194258084
"OV3291","rare_read_supported","genome_full","SBS34",
"OV3291","rare_read_supported","genome_full","SBS35",0.0457270162195035
"OV3291","rare_read_supported","genome_full","SBS36",
"OV3291","rare_read_supported","genome_full","SBS37",-0.219014294930581
"OV3291","rare_read_supported","genome_full","SBS38",-0.104052094682171
"OV3291","rare_read_supported","genome_full","SBS39",-0.278746687823024
"OV3291","rare_read_supported","genome_full","SBS40",
"OV3291","rare_read_supported","genome_full","SBS41",-0.0626337747649794
"OV3291","rare_read_supported","genome_full","SBS42",-0.0660673555677363
"OV3291","rare_read_supported","genome_full","SBS44",-0.135235390040195
"OV3291","rare_read_supported","genome_full","SBS84",-0.0316634709558687
"OV3291","rare_read_supported","genome_full","SBS85",-0.0658182234079314
"OV3291","rare_read_supported","genome_full","SBS86",-0.0462291180302642
"OV3291","rare_read_supported","genome_full","SBS87",0.062057024655387
"OV3291","rare_read_supported","genome_full","SBS88",0.110652283964112
"OV3291","rare_read_supported","genome_full","SBS89",-0.364693922926033
"OV3291","rare_read_supported","genome_full","SBS90",
"OV3291","rare_read_supported","genome_full","SBS91",0.0770074178167678
"OV3291","rare_read_supported","genome_full","SBS92",
"OV3291","rare_read_supported","genome_full","SBS93",
"OV3291","rare_read_supported","genome_full","SBS94",-0.098618065951559
"TOV1369","rare_read_supported","genome_full","SBS1",0.0735912525647174
"TOV1369","rare_read_supported","genome_full","SBS2",0.116352386907498
"TOV1369","rare_read_supported","genome_full","SBS3",1
"TOV1369","rare_read_supported","genome_full","SBS4",-0.0647348549649487
"TOV1369","rare_read_supported","genome_full","SBS5",-0.0908523147545951
"TOV1369","rare_read_supported","genome_full","SBS6",0.0652806705623836
"TOV1369","rare_read_supported","genome_full","SBS7a",-0.00391529710791599
"TOV1369","rare_read_supported","genome_full","SBS7b",-0.0132786443345029
"TOV1369","rare_read_supported","genome_full","SBS7c",
"TOV1369","rare_read_supported","genome_full","SBS7d",-0.0204528972570369
"TOV1369","rare_read_supported","genome_full","SBS8",-0.637298931281982
"TOV1369","rare_read_supported","genome_full","SBS9",-0.0877752015992891
"TOV1369","rare_read_supported","genome_full","SBS10a",0.0737080484705114
"TOV1369","rare_read_supported","genome_full","SBS10b",-0.0736878935924673
"TOV1369","rare_read_supported","genome_full","SBS10c",
"TOV1369","rare_read_supported","genome_full","SBS10d",0.093149596524755
"TOV1369","rare_read_supported","genome_full","SBS11",-0.147037552354856
"TOV1369","rare_read_supported","genome_full","SBS12",-0.41470782043614
"TOV1369","rare_read_supported","genome_full","SBS13",0.0113437956679763
"TOV1369","rare_read_supported","genome_full","SBS14",
"TOV1369","rare_read_supported","genome_full","SBS15",-0.122989377802659
"TOV1369","rare_read_supported","genome_full","SBS16",-0.0835201145356744
"TOV1369","rare_read_supported","genome_full","SBS17a",
"TOV1369","rare_read_supported","genome_full","SBS17b",-0.0304671818269608
"TOV1369","rare_read_supported","genome_full","SBS18",
"TOV1369","rare_read_supported","genome_full","SBS19",-0.0449482901466439
"TOV1369","rare_read_supported","genome_full","SBS20",
"TOV1369","rare_read_supported","genome_full","SBS21",-0.128061915225607
"TOV1369","rare_read_supported","genome_full","SBS22",-0.0196716212730045
"TOV1369","rare_read_supported","genome_full","SBS23",
"TOV1369","rare_read_supported","genome_full","SBS24",0.119017307163373
"TOV1369","rare_read_supported","genome_full","SBS25",-0.0313845462672084
"TOV1369","rare_read_supported","genome_full","SBS26",
"TOV1369","rare_read_supported","genome_full","SBS28",
"TOV1369","rare_read_supported","genome_full","SBS29",0.0290956978918057
"TOV1369","rare_read_supported","genome_full","SBS30",-0.499440252432699
"TOV1369","rare_read_supported","genome_full","SBS31",0.060232383793126
"TOV1369","rare_read_supported","genome_full","SBS32",0.256896510021214
"TOV1369","rare_read_supported","genome_full","SBS33",-0.239549908306671
"TOV1369","rare_read_supported","genome_full","SBS34",
"TOV1369","rare_read_supported","genome_full","SBS35",-0.0249275830297379
"TOV1369","rare_read_supported","genome_full","SBS36",
"TOV1369","rare_read_supported","genome_full","SBS37",-0.261632398819166
"TOV1369","rare_read_supported","genome_full","SBS38",
"TOV1369","rare_read_supported","genome_full","SBS39",-0.754862367728764
"TOV1369","rare_read_supported","genome_full","SBS40",
"TOV1369","rare_read_supported","genome_full","SBS41",
"TOV1369","rare_read_supported","genome_full","SBS42",-0.166806810823386
"TOV1369","rare_read_supported","genome_full","SBS44",-0.0777063321108144
"TOV1369","rare_read_supported","genome_full","SBS84",0.0149272687031273
"TOV1369","rare_read_supported","genome_full","SBS85",
"TOV1369","rare_read_supported","genome_full","SBS86",0.133766467059394
"TOV1369","rare_read_supported","genome_full","SBS87",0.0904005125813768
"TOV1369","rare_read_supported","genome_full","SBS88",
"TOV1369","rare_read_supported","genome_full","SBS89",-0.25580319448628
"TOV1369","rare_read_supported","genome_full","SBS90",
"TOV1369","rare_read_supported","genome_full","SBS91",-0.0251476491661074
"TOV1369","rare_read_supported","genome_full","SBS92",0.00589715339002102
"TOV1369","rare_read_supported","genome_full","SBS93",-0.213078013563154
"TOV1369","rare_read_supported","genome_full","SBS94",
"TOV2295-R","rare_read_supported","genome_full","SBS1",0.012825891734119
"TOV2295-R","rare_read_supported","genome_full","SBS2",-0.0603147471497637
"TOV2295-R","rare_read_supported","genome_full","SBS3",1
"TOV2295-R","rare_read_supported","genome_full","SBS4",0.0391019985134718
"TOV2295-R","rare_read_supported","genome_full","SBS5",-0.0178708765536739
"TOV2295-R","rare_read_supported","genome_full","SBS6",0.0345063979435577
"TOV2295-R","rare_read_supported","genome_full","SBS7a",0.022300994160957
"TOV2295-R","rare_read_supported","genome_full","SBS7b",0.0562666061024826
"TOV2295-R","rare_read_supported","genome_full","SBS7c",
"TOV2295-R","rare_read_supported","genome_full","SBS7d",-0.0612485260980949
"TOV2295-R","rare_read_supported","genome_full","SBS8",0.172067745430303
"TOV2295-R","rare_read_supported","genome_full","SBS9",-0.0674620755215488
"TOV2295-R","rare_read_supported","genome_full","SBS10a",
"TOV2295-R","rare_read_supported","genome_full","SBS10b",-0.0761296500012093
"TOV2295-R","rare_read_supported","genome_full","SBS10c",
"TOV2295-R","rare_read_supported","genome_full","SBS10d",
"TOV2295-R","rare_read_supported","genome_full","SBS11",0.00839308734386287
"TOV2295-R","rare_read_supported","genome_full","SBS12",-0.0609154633882921
"TOV2295-R","rare_read_supported","genome_full","SBS13",0.0944862728018608
"TOV2295-R","rare_read_supported","genome_full","SBS14",
"TOV2295-R","rare_read_supported","genome_full","SBS15",-0.00894213501069933
"TOV2295-R","rare_read_supported","genome_full","SBS16",-0.071215597314109
"TOV2295-R","rare_read_supported","genome_full","SBS17a",
"TOV2295-R","rare_read_supported","genome_full","SBS17b",
"TOV2295-R","rare_read_supported","genome_full","SBS18",-0.0864337314422939
"TOV2295-R","rare_read_supported","genome_full","SBS19",-0.0109667238351396
"TOV2295-R","rare_read_supported","genome_full","SBS20",
"TOV2295-R","rare_read_supported","genome_full","SBS21",-0.0886536431733087
"TOV2295-R","rare_read_supported","genome_full","SBS22",-0.0845988934175127
"TOV2295-R","rare_read_supported","genome_full","SBS23",0.0591281985922616
"TOV2295-R","rare_read_supported","genome_full","SBS24",-0.103898467054233
"TOV2295-R","rare_read_supported","genome_full","SBS25",
"TOV2295-R","rare_read_supported","genome_full","SBS26",-0.0714473546855703
"TOV2295-R","rare_read_supported","genome_full","SBS28",
"TOV2295-R","rare_read_supported","genome_full","SBS29",0.0258727545808953
"TOV2295-R","rare_read_supported","genome_full","SBS30",-0.0303922831332492
"TOV2295-R","rare_read_supported","genome_full","SBS31",-0.3353433123579
"TOV2295-R","rare_read_supported","genome_full","SBS32",-0.0543476054928797
"TOV2295-R","rare_read_supported","genome_full","SBS33",0.00633273184212076
"TOV2295-R","rare_read_supported","genome_full","SBS34",
"TOV2295-R","rare_read_supported","genome_full","SBS35",
"TOV2295-R","rare_read_supported","genome_full","SBS36",
"TOV2295-R","rare_read_supported","genome_full","SBS37",-0.0219163449534675
"TOV2295-R","rare_read_supported","genome_full","SBS38",-0.0611704510785414
"TOV2295-R","rare_read_supported","genome_full","SBS39",-0.26082621751101
"TOV2295-R","rare_read_supported","genome_full","SBS40",
"TOV2295-R","rare_read_supported","genome_full","SBS41",
"TOV2295-R","rare_read_supported","genome_full","SBS42",0.0482137548241901
"TOV2295-R","rare_read_supported","genome_full","SBS44",-0.0351825783275061
"TOV2295-R","rare_read_supported","genome_full","SBS84",-0.0754090299010186
"TOV2295-R","rare_read_supported","genome_full","SBS85",-0.0604374032631148
"TOV2295-R","rare_read_supported","genome_full","SBS86",-0.0696123347784166
"TOV2295-R","rare_read_supported","genome_full","SBS87",0.0835471539282229
"TOV2295-R","rare_read_supported","genome_full","SBS88",-0.0483675749575832
"TOV2295-R","rare_read_supported","genome_full","SBS89",-0.241581094952842
"TOV2295-R","rare_read_supported","genome_full","SBS90",
"TOV2295-R","rare_read_supported","genome_full","SBS91",
"TOV2295-R","rare_read_supported","genome_full","SBS92",
"TOV2295-R","rare_read_supported","genome_full","SBS93",
"TOV2295-R","rare_read_supported","genome_full","SBS94",-0.0951484916426623
"TOV2835EP","rare_read_supported","genome_full","SBS1",-0.0111596413969397
"TOV2835EP","rare_read_supported","genome_full","SBS2",-0.046221671967919
"TOV2835EP","rare_read_supported","genome_full","SBS3",1
"TOV2835EP","rare_read_supported","genome_full","SBS4",-0.0111596413969397
"TOV2835EP","rare_read_supported","genome_full","SBS5",-0.0581220999769332
"TOV2835EP","rare_read_supported","genome_full","SBS6",0.00106398892128945
"TOV2835EP","rare_read_supported","genome_full","SBS7a",-0.0570170339936304
"TOV2835EP","rare_read_supported","genome_full","SBS7b",0.122417999399903
"TOV2835EP","rare_read_supported","genome_full","SBS7c",-0.0509145926709636
"TOV2835EP","rare_read_supported","genome_full","SBS7d",-0.0250360865713867
"TOV2835EP","rare_read_supported","genome_full","SBS8",-0.0833086570085977
"TOV2835EP","rare_read_supported","genome_full","SBS9",-0.0264799390293474
"TOV2835EP","rare_read_supported","genome_full","SBS10a",-0.0264878980534254
"TOV2835EP","rare_read_supported","genome_full","SBS10b",0.019275757486936
"TOV2835EP","rare_read_supported","genome_full","SBS10c",-0.0111596413969396
"TOV2835EP","rare_read_supported","genome_full","SBS10d",-0.0409489016401078
"TOV2835EP","rare_read_supported","genome_full","SBS11",-0.0136206848533723
"TOV2835EP","rare_read_supported","genome_full","SBS12",
"TOV2835EP","rare_read_supported","genome_full","SBS13",-0.0111596413969397
"TOV2835EP","rare_read_supported","genome_full","SBS14",-0.0654925072657473
"TOV2835EP","rare_read_supported","genome_full","SBS15",0.127570541785373
"TOV2835EP","rare_read_supported","genome_full","SBS16",-0.0157406686069636
"TOV2835EP","rare_read_supported","genome_full","SBS17a",
"TOV2835EP","rare_read_supported","genome_full","SBS17b",-0.012118455201668
"TOV2835EP","rare_read_supported","genome_full","SBS18",-0.0755413692658483
"TOV2835EP","rare_read_supported","genome_full","SBS19",-0.0589493178566285
"TOV2835EP","rare_read_supported","genome_full","SBS20",-0.0111596413969397
"TOV2835EP","rare_read_supported","genome_full","SBS21",-0.0402856727995384
"TOV2835EP","rare_read_supported","genome_full","SBS22",-0.129503953919465
"TOV2835EP","rare_read_supported","genome_full","SBS23",-0.0945709025815518
"TOV2835EP","rare_read_supported","genome_full","SBS24",0.175057503883166
"TOV2835EP","rare_read_supported","genome_full","SBS25",-0.0111596413969397
"TOV2835EP","rare_read_supported","genome_full","SBS26",-0.0852204810531421
"TOV2835EP","rare_read_supported","genome_full","SBS28",
"TOV2835EP","rare_read_supported","genome_full","SBS29",-0.0134087058221602
"TOV2835EP","rare_read_supported","genome_full","SBS30",-0.0323865240896947
"TOV2835EP","rare_read_supported","genome_full","SBS31",0.0318705314385173
"TOV2835EP","rare_read_supported","genome_full","SBS32",0.0472122127959086
"TOV2835EP","rare_read_supported","genome_full","SBS33",-0.0855391104324316
"TOV2835EP","rare_read_supported","genome_full","SBS34",-0.0111596413969397
"TOV2835EP","rare_read_supported","genome_full","SBS35",-0.0767054512296415
"TOV2835EP","rare_read_supported","genome_full","SBS36",-0.0111596413969397
"TOV2835EP","rare_read_supported","genome_full","SBS37",-0.0266317908525019
"TOV2835EP","rare_read_supported","genome_full","SBS38",
"TOV2835EP","rare_read_supported","genome_full","SBS39",-0.060360504989849
"TOV2835EP","rare_read_supported","genome_full","SBS40",-0.0157372066101588
"TOV2835EP","rare_read_supported","genome_full","SBS41",
"TOV2835EP","rare_read_supported","genome_full","SBS42",-0.0222019763466512
"TOV2835EP","rare_read_supported","genome_full","SBS44",-0.0304718918785186
"TOV2835EP","rare_read_supported","genome_full","SBS84",0.169677269779603
"TOV2835EP","rare_read_supported","genome_full","SBS85",
"TOV2835EP","rare_read_supported","genome_full","SBS86",0.0466283833671454
"TOV2835EP","rare_read_supported","genome_full","SBS87",-0.162658862101792
"TOV2835EP","rare_read_supported","genome_full","SBS88",-0.0152374017392313
"TOV2835EP","rare_read_supported","genome_full","SBS89",-0.0531259197411749
"TOV2835EP","rare_read_supported","genome_full","SBS90",-0.015796629473999
"TOV2835EP","rare_read_supported","genome_full","SBS91",-0.0433202446293939
"TOV2835EP","rare_read_supported","genome_full","SBS92",
"TOV2835EP","rare_read_supported","genome_full","SBS93",
"TOV2835EP","rare_read_supported","genome_full","SBS94",
"TOV2881EP","rare_read_supported","genome_full","SBS1",0.0882878394123144
"TOV2881EP","rare_read_supported","genome_full","SBS2",0.100309302718305
"TOV2881EP","rare_read_supported","genome_full","SBS3",1
"TOV2881EP","rare_read_supported","genome_full","SBS4",-0.0540685979285863
"TOV2881EP","rare_read_supported","genome_full","SBS5",-0.0432500606103411
"TOV2881EP","rare_read_supported","genome_full","SBS6",-0.0926164996021364
"TOV2881EP","rare_read_supported","genome_full","SBS7a",-0.0471394811495366
"TOV2881EP","rare_read_supported","genome_full","SBS7b",-0.0624157344751025
"TOV2881EP","rare_read_supported","genome_full","SBS7c",
"TOV2881EP","rare_read_supported","genome_full","SBS7d",-0.0393721893689306
"TOV2881EP","rare_read_supported","genome_full","SBS8",-0.104946708870288
"TOV2881EP","rare_read_supported","genome_full","SBS9",-0.0478813500516233
"TOV2881EP","rare_read_supported","genome_full","SBS10a",-0.0335645467790935
"TOV2881EP","rare_read_supported","genome_full","SBS10b",
"TOV2881EP","rare_read_supported","genome_full","SBS10c",-0.0237310147117971
"TOV2881EP","rare_read_supported","genome_full","SBS10d",-0.0212709011235363
"TOV2881EP","rare_read_supported","genome_full","SBS11",-0.00674534311023745
"TOV2881EP","rare_read_supported","genome_full","SBS12",-0.218854941799405
"TOV2881EP","rare_read_supported","genome_full","SBS13",0.0414363343485877
"TOV2881EP","rare_read_supported","genome_full","SBS14",-0.00665730387043105
"TOV2881EP","rare_read_supported","genome_full","SBS15",-0.0118554073496832
"TOV2881EP","rare_read_supported","genome_full","SBS16",-0.0237310147117975
"TOV2881EP","rare_read_supported","genome_full","SBS17a",-0.0408257532142222
"TOV2881EP","rare_read_supported","genome_full","SBS17b",-0.0491083608060299
"TOV2881EP","rare_read_supported","genome_full","SBS18",0.0212230400097059
"TOV2881EP","rare_read_supported","genome_full","SBS19",0.0197597337231071
"TOV2881EP","rare_read_supported","genome_full","SBS20",-0.0170212713238917
"TOV2881EP","rare_read_supported","genome_full","SBS21",0.0191635970533153
"TOV2881EP","rare_read_supported","genome_full","SBS22",-0.0411643953689687
"TOV2881EP","rare_read_supported","genome_full","SBS23",-0.0393693280701289
"TOV2881EP","rare_read_supported","genome_full","SBS24",-0.0902617345873454
"TOV2881EP","rare_read_supported","genome_full","SBS25",-0.0237310147117974
"TOV2881EP","rare_read_supported","genome_full","SBS26",-0.0595266023581591
"TOV2881EP","rare_read_supported","genome_full","SBS28",-0.0573397865265256
"TOV2881EP","rare_read_supported","genome_full","SBS29",-0.112995154978527
"TOV2881EP","rare_read_supported","genome_full","SBS30",-0.107218903831257
"TOV2881EP","rare_read_supported","genome_full","SBS31",-0.00061630373041423
"TOV2881EP","rare_read_supported","genome_full","SBS32",0.0999699961088915
"TOV2881EP","rare_read_supported","genome_full","SBS33",0.0195893315897176
"TOV2881EP","rare_read_supported","genome_full","SBS34",0.0618076256103424
"TOV2881EP","rare_read_supported","genome_full","SBS35",-0.0536302666553438
"TOV2881EP","rare_read_supported","genome_full","SBS36",0.169770358803338
"TOV2881EP","rare_read_supported","genome_full","SBS37",-0.0385945184669981
"TOV2881EP","rare_read_supported","genome_full","SBS38",-0.033624744177002
"TOV2881EP","rare_read_supported","genome_full","SBS39",-0.185525827235109
"TOV2881EP","rare_read_supported","genome_full","SBS40",
"TOV2881EP","rare_read_supported","genome_full","SBS41",-0.0382603138177706
"TOV2881EP","rare_read_supported","genome_full","SBS42",0.0392954569704415
"TOV2881EP","rare_read_supported","genome_full","SBS44",0.00744255718751646
"TOV2881EP","rare_read_supported","genome_full","SBS84",
"TOV2881EP","rare_read_supported","genome_full","SBS85",-0.040828028767347
"TOV2881EP","rare_read_supported","genome_full","SBS86",-0.10662787530998
"TOV2881EP","rare_read_supported","genome_full","SBS87",0.0407289438061517
"TOV2881EP","rare_read_supported","genome_full","SBS88",0.224293538220794
"TOV2881EP","rare_read_supported","genome_full","SBS89",-0.0713058937756601
"TOV2881EP","rare_read_supported","genome_full","SBS90",-0.0237310147117972
"TOV2881EP","rare_read_supported","genome_full","SBS91",-0.0204390105791192
"TOV2881EP","rare_read_supported","genome_full","SBS92",-0.0237310147117972
"TOV2881EP","rare_read_supported","genome_full","SBS93",0.00795793171246942
"TOV2881EP","rare_read_supported","genome_full","SBS94",-0.120785437038525
"TOV2929D","rare_read_supported","genome_full","SBS1",-0.0219082648717438
"TOV2929D","rare_read_supported","genome_full","SBS2",0.084923354487329
"TOV2929D","rare_read_supported","genome_full","SBS3",1
"TOV2929D","rare_read_supported","genome_full","SBS4",-0.0364799321753758
"TOV2929D","rare_read_supported","genome_full","SBS5",-0.224942152853545
"TOV2929D","rare_read_supported","genome_full","SBS6",0.144629310623023
"TOV2929D","rare_read_supported","genome_full","SBS7a",0.0792285904880422
"TOV2929D","rare_read_supported","genome_full","SBS7b",0.173388101932339
"TOV2929D","rare_read_supported","genome_full","SBS7c",-0.0527473993184617
"TOV2929D","rare_read_supported","genome_full","SBS7d",-0.0481455673189569
"TOV2929D","rare_read_supported","genome_full","SBS8",-0.154154118381685
"TOV2929D","rare_read_supported","genome_full","SBS9",
"TOV2929D","rare_read_supported","genome_full","SBS10a",-0.085901055940805
"TOV2929D","rare_read_supported","genome_full","SBS10b",-0.075043375861253
"TOV2929D","rare_read_supported","genome_full","SBS10c",
"TOV2929D","rare_read_supported","genome_full","SBS10d",-0.0432709960992842
"TOV2929D","rare_read_supported","genome_full","SBS11",0.0301850312794279
"TOV2929D","rare_read_supported","genome_full","SBS12",-0.111790454673468
"TOV2929D","rare_read_supported","genome_full","SBS13",0.0119044624745122
"TOV2929D","rare_read_supported","genome_full","SBS14",-0.0605384574192464
"TOV2929D","rare_read_supported","genome_full","SBS15",-0.057870700976473
"TOV2929D","rare_read_supported","genome_full","SBS16",0.204874639117629
"TOV2929D","rare_read_supported","genome_full","SBS17a",-0.127247964153503
"TOV2929D","rare_read_supported","genome_full","SBS17b",
"TOV2929D","rare_read_supported","genome_full","SBS18",-0.0761245075509034
"TOV2929D","rare_read_supported","genome_full","SBS19",-0.149698087564057
"TOV2929D","rare_read_supported","genome_full","SBS20",-0.0527239884857279
"TOV2929D","rare_read_supported","genome_full","SBS21",
"TOV2929D","rare_read_supported","genome_full","SBS22",-0.0219082648717437
"TOV2929D","rare_read_supported","genome_full","SBS23",0.0182007210960889
"TOV2929D","rare_read_supported","genome_full","SBS24",0.0211477372192879
"TOV2929D","rare_read_supported","genome_full","SBS25",-0.0918666150858776
"TOV2929D","rare_read_supported","genome_full","SBS26",0.00701695447918845
"TOV2929D","rare_read_supported","genome_full","SBS28",
"TOV2929D","rare_read_supported","genome_full","SBS29",0.0891808217310585
"TOV2929D","rare_read_supported","genome_full","SBS30",-0.0247407473558994
"TOV2929D","rare_read_supported","genome_full","SBS31",-0.0709143924372223
"TOV2929D","rare_read_supported","genome_full","SBS32",0.0491166195711156
"TOV2929D","rare_read_supported","genome_full","SBS33",0.230926229553514
"TOV2929D","rare_read_supported","genome_full","SBS34",
"TOV2929D","rare_read_supported","genome_full","SBS35",-0.0227175619797684
"TOV2929D","rare_read_supported","genome_full","SBS36",-0.0420054616271822
"TOV2929D","rare_read_supported","genome_full","SBS37",-0.0736261466972624
"TOV2929D","rare_read_supported","genome_full","SBS38",-0.0346839517266296
"TOV2929D","rare_read_supported","genome_full","SBS39",-0.193699632764264
"TOV2929D","rare_read_supported","genome_full","SBS40",0.136372385319039
"TOV2929D","rare_read_supported","genome_full","SBS41",
"TOV2929D","rare_read_supported","genome_full","SBS42",0.0208231735132561
"TOV2929D","rare_read_supported","genome_full","SBS44",0.0023820113688095
"TOV2929D","rare_read_supported","genome_full","SBS84",-0.0283045299832073
"TOV2929D","rare_read_supported","genome_full","SBS85",-0.0675179669628635
"TOV2929D","rare_read_supported","genome_full","SBS86",-0.0159539127208322
"TOV2929D","rare_read_supported","genome_full","SBS87",0.02115615533055
"TOV2929D","rare_read_supported","genome_full","SBS88",0.0288687790336681
"TOV2929D","rare_read_supported","genome_full","SBS89",-0.158271417687358
"TOV2929D","rare_read_supported","genome_full","SBS90",
"TOV2929D","rare_read_supported","genome_full","SBS91",
"TOV2929D","rare_read_supported","genome_full","SBS92",
"TOV2929D","rare_read_supported","genome_full","SBS93",
"TOV2929D","rare_read_supported","genome_full","SBS94",
"TOV3121D","rare_read_supported","genome_full","SBS1",-0.0757432394949866
"TOV3121D","rare_read_supported","genome_full","SBS2",-0.0217598175789955
"TOV3121D","rare_read_supported","genome_full","SBS3",1
"TOV3121D","rare_read_supported","genome_full","SBS4",-0.0159343012505301
"TOV3121D","rare_read_supported","genome_full","SBS5",-0.0334455055034565
"TOV3121D","rare_read_supported","genome_full","SBS6",0.101334671073214
"TOV3121D","rare_read_supported","genome_full","SBS7a",-0.0297842741834063
"TOV3121D","rare_read_supported","genome_full","SBS7b",-0.0820853450034327
"TOV3121D","rare_read_supported","genome_full","SBS7c",0.00700183316038636
"TOV3121D","rare_read_supported","genome_full","SBS7d",-0.0227119274238856
"TOV3121D","rare_read_supported","genome_full","SBS8",-0.097024708835246
"TOV3121D","rare_read_supported","genome_full","SBS9",
"TOV3121D","rare_read_supported","genome_full","SBS10a",-0.0158197477832882
"TOV3121D","rare_read_supported","genome_full","SBS10b",-0.0155610957316432
"TOV3121D","rare_read_supported","genome_full","SBS10c",
"TOV3121D","rare_read_supported","genome_full","SBS10d",-0.0113427644283992
"TOV3121D","rare_read_supported","genome_full","SBS11",0.00457283724512009
"TOV3121D","rare_read_supported","genome_full","SBS12",-0.0637027472759965
"TOV3121D","rare_read_supported","genome_full","SBS13",0.0263160497301235
"TOV3121D","rare_read_supported","genome_full","SBS14",0.0345506394836345
"TOV3121D","rare_read_supported","genome_full","SBS15",-0.0256743987628032
"TOV3121D","rare_read_supported","genome_full","SBS16",0.00237579606714576
"TOV3121D","rare_read_supported","genome_full","SBS17a",0.126068645839465
"TOV3121D","rare_read_supported","genome_full","SBS17b",
"TOV3121D","rare_read_supported","genome_full","SBS18",0.102649412478095
"TOV3121D","rare_read_supported","genome_full","SBS19",-0.0568107870142524
"TOV3121D","rare_read_supported","genome_full","SBS20",-0.0631690575533977
"TOV3121D","rare_read_supported","genome_full","SBS21",-0.0588656133857523
"TOV3121D","rare_read_supported","genome_full","SBS22",
"TOV3121D","rare_read_supported","genome_full","SBS23",-0.0139049131975063
"TOV3121D","rare_read_supported","genome_full","SBS24",-0.006431539785961
"TOV3121D","rare_read_supported","genome_full","SBS25",-0.0226171734860931
"TOV3121D","rare_read_supported","genome_full","SBS26",-0.00414382401231248
"TOV3121D","rare_read_supported","genome_full","SBS28",
"TOV3121D","rare_read_supported","genome_full","SBS29",-0.0647083634377925
"TOV3121D","rare_read_supported","genome_full","SBS30",-0.0843475721190772
"TOV3121D","rare_read_supported","genome_full","SBS31",0.016052341268116
"TOV3121D","rare_read_supported","genome_full","SBS32",0.012372978555438
"TOV3121D","rare_read_supported","genome_full","SBS33",-0.0324736288040983
"TOV3121D","rare_read_supported","genome_full","SBS34",-0.0322410814880928
"TOV3121D","rare_read_supported","genome_full","SBS35",-0.0335822015829231
"TOV3121D","rare_read_supported","genome_full","SBS36",-0.0195734844589424
"TOV3121D","rare_read_supported","genome_full","SBS37",0.00370400370369082
"TOV3121D","rare_read_supported","genome_full","SBS38",-0.0298964899268381
"TOV3121D","rare_read_supported","genome_full","SBS39",-0.13421908683258
"TOV3121D","rare_read_supported","genome_full","SBS40",0.0457143921157981
"TOV3121D","rare_read_supported","genome_full","SBS41",-0.011342764428399
"TOV3121D","rare_read_supported","genome_full","SBS42",0.189867910251432
"TOV3121D","rare_read_supported","genome_full","SBS44",-0.0113427644283991
"TOV3121D","rare_read_supported","genome_full","SBS84",-0.0190355095044495
"TOV3121D","rare_read_supported","genome_full","SBS85",-0.0561637820525943
"TOV3121D","rare_read_supported","genome_full","SBS86",-0.0215470604959959
"TOV3121D","rare_read_supported","genome_full","SBS87",0.105171138129849
"TOV3121D","rare_read_supported","genome_full","SBS88",-0.034417041104379
"TOV3121D","rare_read_supported","genome_full","SBS89",-0.0268013050530228
"TOV3121D","rare_read_supported","genome_full","SBS90",
"TOV3121D","rare_read_supported","genome_full","SBS91",-0.0538381895270859
"TOV3121D","rare_read_supported","genome_full","SBS92",-0.0562861453806491
"TOV3121D","rare_read_supported","genome_full","SBS93",
"TOV3121D","rare_read_supported","genome_full","SBS94",0.0174626908305767
"TOV3121EP","rare_read_supported","genome_full","SBS1",0.0401224521722347
"TOV3121EP","rare_read_supported","genome_full","SBS2",0.0422723372734791
"TOV3121EP","rare_read_supported","genome_full","SBS3",1
"TOV3121EP","rare_read_supported","genome_full","SBS4",
"TOV3121EP","rare_read_supported","genome_full","SBS5",-0.0205528286733267
"TOV3121EP","rare_read_supported","genome_full","SBS6",0.0849128005746491
"TOV3121EP","rare_read_supported","genome_full","SBS7a",-0.0344495295504567
"TOV3121EP","rare_read_supported","genome_full","SBS7b",-0.0297669459980658
"TOV3121EP","rare_read_supported","genome_full","SBS7c",0.0137226949519812
"TOV3121EP","rare_read_supported","genome_full","SBS7d",-0.0109181651938468
"TOV3121EP","rare_read_supported","genome_full","SBS8",-0.146240703410122
"TOV3121EP","rare_read_supported","genome_full","SBS9",
"TOV3121EP","rare_read_supported","genome_full","SBS10a",-0.033052488828496
"TOV3121EP","rare_read_supported","genome_full","SBS10b",-0.0269519928883811
"TOV3121EP","rare_read_supported","genome_full","SBS10c",-0.0203618627295619
"TOV3121EP","rare_read_supported","genome_full","SBS10d",-0.0188512934405509
"TOV3121EP","rare_read_supported","genome_full","SBS11",-0.0404881732376303
"TOV3121EP","rare_read_supported","genome_full","SBS12",0.00390470802979538
"TOV3121EP","rare_read_supported","genome_full","SBS13",-0.0151186761192355
"TOV3121EP","rare_read_supported","genome_full","SBS14",-0.0267818924191799
"TOV3121EP","rare_read_supported","genome_full","SBS15",0.069258660604389
"TOV3121EP","rare_read_supported","genome_full","SBS16",-0.0810644269926006
"TOV3121EP","rare_read_supported","genome_full","SBS17a",-0.0396988993953407
"TOV3121EP","rare_read_supported","genome_full","SBS17b",
"TOV3121EP","rare_read_supported","genome_full","SBS18",-0.0339387454239071
"TOV3121EP","rare_read_supported","genome_full","SBS19",0.0335553884933356
"TOV3121EP","rare_read_supported","genome_full","SBS20",-0.021148508569915
"TOV3121EP","rare_read_supported","genome_full","SBS21",-0.0788790190449362
"TOV3121EP","rare_read_supported","genome_full","SBS22",
"TOV3121EP","rare_read_supported","genome_full","SBS23",-0.123788644353171
"TOV3121EP","rare_read_supported","genome_full","SBS24",0.0881281307332195
"TOV3121EP","rare_read_supported","genome_full","SBS25",-0.0231845799702159
"TOV3121EP","rare_read_supported","genome_full","SBS26",0.0514134366976615
"TOV3121EP","rare_read_supported","genome_full","SBS28",
"TOV3121EP","rare_read_supported","genome_full","SBS29",-0.0313803997667759
"TOV3121EP","rare_read_supported","genome_full","SBS30",-0.057208529032703
"TOV3121EP","rare_read_supported","genome_full","SBS31",-0.0451077009719772
"TOV3121EP","rare_read_supported","genome_full","SBS32",0.048517179318449
"TOV3121EP","rare_read_supported","genome_full","SBS33",0.0146346738126665
"TOV3121EP","rare_read_supported","genome_full","SBS34",-0.0750609339395473
"TOV3121EP","rare_read_supported","genome_full","SBS35",0.179158770606501
"TOV3121EP","rare_read_supported","genome_full","SBS36",-0.0109181651938466
"TOV3121EP","rare_read_supported","genome_full","SBS37",-0.073305120415376
"TOV3121EP","rare_read_supported","genome_full","SBS38",-0.0716355272373876
"TOV3121EP","rare_read_supported","genome_full","SBS39",-0.150141051965338
"TOV3121EP","rare_read_supported","genome_full","SBS40",-0.0152108832720184
"TOV3121EP","rare_read_supported","genome_full","SBS41",-0.0109181651938465
"TOV3121EP","rare_read_supported","genome_full","SBS42",0.0175463225502539
"TOV3121EP","rare_read_supported","genome_full","SBS44",
"TOV3121EP","rare_read_supported","genome_full","SBS84",0.1104085322403
"TOV3121EP","rare_read_supported","genome_full","SBS85",-0.0337660856962492
"TOV3121EP","rare_read_supported","genome_full","SBS86",0.00934840454463402
"TOV3121EP","rare_read_supported","genome_full","SBS87",-0.0327917769314362
"TOV3121EP","rare_read_supported","genome_full","SBS88",
"TOV3121EP","rare_read_supported","genome_full","SBS89",
"TOV3121EP","rare_read_supported","genome_full","SBS90",-0.0262297353474124
"TOV3121EP","rare_read_supported","genome_full","SBS91",-0.0189237660920504
"TOV3121EP","rare_read_supported","genome_full","SBS92",-0.0732619341994412
"TOV3121EP","rare_read_supported","genome_full","SBS93",-0.0234605295086636
"TOV3121EP","rare_read_supported","genome_full","SBS94",
"TOV3133D","rare_read_supported","genome_full","SBS1",-0.00722402480465206
"TOV3133D","rare_read_supported","genome_full","SBS2",-0.108293720877216
"TOV3133D","rare_read_supported","genome_full","SBS3",1
"TOV3133D","rare_read_supported","genome_full","SBS4",-0.0716917481872106
"TOV3133D","rare_read_supported","genome_full","SBS5",-0.0730644928812778
"TOV3133D","rare_read_supported","genome_full","SBS6",0.136868640930552
"TOV3133D","rare_read_supported","genome_full","SBS7a",0.0498598378351185
"TOV3133D","rare_read_supported","genome_full","SBS7b",0.0181713591728166
"TOV3133D","rare_read_supported","genome_full","SBS7c",-0.143604872646082
"TOV3133D","rare_read_supported","genome_full","SBS7d",0.0231230685943109
"TOV3133D","rare_read_supported","genome_full","SBS8",-0.0608270689249609
"TOV3133D","rare_read_supported","genome_full","SBS9",
"TOV3133D","rare_read_supported","genome_full","SBS10a",0.0993630451307208
"TOV3133D","rare_read_supported","genome_full","SBS10b",
"TOV3133D","rare_read_supported","genome_full","SBS10c",-0.0407408497991176
"TOV3133D","rare_read_supported","genome_full","SBS10d",-0.100454398932805
"TOV3133D","rare_read_supported","genome_full","SBS11",-0.0755879252074617
"TOV3133D","rare_read_supported","genome_full","SBS12",-0.149718096259022
"TOV3133D","rare_read_supported","genome_full","SBS13",-0.0405277515317914
"TOV3133D","rare_read_supported","genome_full","SBS14",0.11462104524891
"TOV3133D","rare_read_supported","genome_full","SBS15",-0.127668715942595
"TOV3133D","rare_read_supported","genome_full","SBS16",-0.0411114254482353
"TOV3133D","rare_read_supported","genome_full","SBS17a",-0.0190839354007361
"TOV3133D","rare_read_supported","genome_full","SBS17b",
"TOV3133D","rare_read_supported","genome_full","SBS18",-0.105305744522409
"TOV3133D","rare_read_supported","genome_full","SBS19",
"TOV3133D","rare_read_supported","genome_full","SBS20",0.000151363427283251
"TOV3133D","rare_read_supported","genome_full","SBS21",-0.146800987231374
"TOV3133D","rare_read_supported","genome_full","SBS22",0.0340611278593324
"TOV3133D","rare_read_supported","genome_full","SBS23",-0.0191151432883241
"TOV3133D","rare_read_supported","genome_full","SBS24",0.0706804990027355
"TOV3133D","rare_read_supported","genome_full","SBS25",-0.0407408497991171
"TOV3133D","rare_read_supported","genome_full","SBS26",-0.121704247216933
"TOV3133D","rare_read_supported","genome_full","SBS28",0.0747614600561555
"TOV3133D","rare_read_supported","genome_full","SBS29",-0.0662482498735114
"TOV3133D","rare_read_supported","genome_full","SBS30",-0.125017574961794
"TOV3133D","rare_read_supported","genome_full","SBS31",-0.109927097458104
"TOV3133D","rare_read_supported","genome_full","SBS32",0.0236409787767945
"TOV3133D","rare_read_supported","genome_full","SBS33",
"TOV3133D","rare_read_supported","genome_full","SBS34",0.0687656741972454
"TOV3133D","rare_read_supported","genome_full","SBS35",-0.218344551597808
"TOV3133D","rare_read_supported","genome_full","SBS36",-0.00557522182359413
"TOV3133D","rare_read_supported","genome_full","SBS37",
"TOV3133D","rare_read_supported","genome_full","SBS38",
"TOV3133D","rare_read_supported","genome_full","SBS39",-0.574517516367089
"TOV3133D","rare_read_supported","genome_full","SBS40",0.172067548485655
"TOV3133D","rare_read_supported","genome_full","SBS41",0.120337149561835
"TOV3133D","rare_read_supported","genome_full","SBS42",-0.0769697819879616
"TOV3133D","rare_read_supported","genome_full","SBS44",-0.0733551076110619
"TOV3133D","rare_read_supported","genome_full","SBS84",-0.0407408497991172
"TOV3133D","rare_read_supported","genome_full","SBS85",
"TOV3133D","rare_read_supported","genome_full","SBS86",0.0128894104066686
"TOV3133D","rare_read_supported","genome_full","SBS87",0.200849610113902
"TOV3133D","rare_read_supported","genome_full","SBS88",-0.118855289137759
"TOV3133D","rare_read_supported","genome_full","SBS89",-0.0461858768100771
"TOV3133D","rare_read_supported","genome_full","SBS90",-0.0570573297863195
"TOV3133D","rare_read_supported","genome_full","SBS91",-0.046843160178563
"TOV3133D","rare_read_supported","genome_full","SBS92",-0.0407408497991173
"TOV3133D","rare_read_supported","genome_full","SBS93",
"TOV3133D","rare_read_supported","genome_full","SBS94",-0.0605129283864023
"TOV3133G","rare_read_supported","genome_full","SBS1",-0.0179790658226711
"TOV3133G","rare_read_supported","genome_full","SBS2",-0.0134219940232739
"TOV3133G","rare_read_supported","genome_full","SBS3",1
"TOV3133G","rare_read_supported","genome_full","SBS4",-0.0383460387145394
"TOV3133G","rare_read_supported","genome_full","SBS5",-0.250936059668644
"TOV3133G","rare_read_supported","genome_full","SBS6",0.169070234289385
"TOV3133G","rare_read_supported","genome_full","SBS7a",0.0634046004518696
"TOV3133G","rare_read_supported","genome_full","SBS7b",0.0697033122072626
"TOV3133G","rare_read_supported","genome_full","SBS7c",-0.0526808958234355
"TOV3133G","rare_read_supported","genome_full","SBS7d",0.0896341839836925
"TOV3133G","rare_read_supported","genome_full","SBS8",-0.161587160065881
"TOV3133G","rare_read_supported","genome_full","SBS9",
"TOV3133G","rare_read_supported","genome_full","SBS10a",-0.0146679984440634
"TOV3133G","rare_read_supported","genome_full","SBS10b",
"TOV3133G","rare_read_supported","genome_full","SBS10c",0.0558249461332178
"TOV3133G","rare_read_supported","genome_full","SBS10d",-0.143670395075025
"TOV3133G","rare_read_supported","genome_full","SBS11",-0.0124329168186116
"TOV3133G","rare_read_supported","genome_full","SBS12",-0.0838179251604779
"TOV3133G","rare_read_supported","genome_full","SBS13",0.028203880874229
"TOV3133G","rare_read_supported","genome_full","SBS14",-0.0324937805519455
"TOV3133G","rare_read_supported","genome_full","SBS15",-0.00997809993762497
"TOV3133G","rare_read_supported","genome_full","SBS16",0.138381144980149
"TOV3133G","rare_read_supported","genome_full","SBS17a",-0.0131230176544595
"TOV3133G","rare_read_supported","genome_full","SBS17b",
"TOV3133G","rare_read_supported","genome_full","SBS18",
"TOV3133G","rare_read_supported","genome_full","SBS19",-0.0588363014335736
"TOV3133G","rare_read_supported","genome_full","SBS20",-0.0758898285027705
"TOV3133G","rare_read_supported","genome_full","SBS21",-0.023194410422593
"TOV3133G","rare_read_supported","genome_full","SBS22",-0.0329136280385617
"TOV3133G","rare_read_supported","genome_full","SBS23",0.0906551214694392
"TOV3133G","rare_read_supported","genome_full","SBS24",0.0583574248381445
"TOV3133G","rare_read_supported","genome_full","SBS25",-0.0327854755953541
"TOV3133G","rare_read_supported","genome_full","SBS26",-0.186944399324793
"TOV3133G","rare_read_supported","genome_full","SBS28",
"TOV3133G","rare_read_supported","genome_full","SBS29",
"TOV3133G","rare_read_supported","genome_full","SBS30",-0.188503228413397
"TOV3133G","rare_read_supported","genome_full","SBS31",-0.0172183169488283
"TOV3133G","rare_read_supported","genome_full","SBS32",0.034254465430249
"TOV3133G","rare_read_supported","genome_full","SBS33",-0.143134779929409
"TOV3133G","rare_read_supported","genome_full","SBS34",0.023865658215273
"TOV3133G","rare_read_supported","genome_full","SBS35",-0.0784410968496403
"TOV3133G","rare_read_supported","genome_full","SBS36",-0.000709176998011327
"TOV3133G","rare_read_supported","genome_full","SBS37",
"TOV3133G","rare_read_supported","genome_full","SBS38",-0.131510031176012
"TOV3133G","rare_read_supported","genome_full","SBS39",-0.464741840445641
"TOV3133G","rare_read_supported","genome_full","SBS40",-0.0669659224406708
"TOV3133G","rare_read_supported","genome_full","SBS41",-0.13950844282826
"TOV3133G","rare_read_supported","genome_full","SBS42",-0.0556448295435283
"TOV3133G","rare_read_supported","genome_full","SBS44",0.0846109511177342
"TOV3133G","rare_read_supported","genome_full","SBS84",-0.00443989591754971
"TOV3133G","rare_read_supported","genome_full","SBS85",-0.081540564892491
"TOV3133G","rare_read_supported","genome_full","SBS86",-0.0672607595119547
"TOV3133G","rare_read_supported","genome_full","SBS87",-0.043397168047293
"TOV3133G","rare_read_supported","genome_full","SBS88",-0.052851838747575
"TOV3133G","rare_read_supported","genome_full","SBS89",-0.118100830533552
"TOV3133G","rare_read_supported","genome_full","SBS90",0.00748529411227403
"TOV3133G","rare_read_supported","genome_full","SBS91",-0.0384472142082328
"TOV3133G","rare_read_supported","genome_full","SBS92",-0.0618437672309605
"TOV3133G","rare_read_supported","genome_full","SBS93",0.0542227392330482
"TOV3133G","rare_read_supported","genome_full","SBS94",-0.186558812084652
"OV3331","rare_read_supported","genome_full","SBS1",0.0218373634132955
"OV3331","rare_read_supported","genome_full","SBS2",-0.0583017051008771
"OV3331","rare_read_supported","genome_full","SBS3",1
"OV3331","rare_read_supported","genome_full","SBS4",-0.038991193102725
"OV3331","rare_read_supported","genome_full","SBS5",-0.0521067405145018
"OV3331","rare_read_supported","genome_full","SBS6",-0.0269935444740917
"OV3331","rare_read_supported","genome_full","SBS7a",-0.0476676035423589
"OV3331","rare_read_supported","genome_full","SBS7b",0.0888379093641942
"OV3331","rare_read_supported","genome_full","SBS7c",-0.0417542664798604
"OV3331","rare_read_supported","genome_full","SBS7d",-0.121904340147144
"OV3331","rare_read_supported","genome_full","SBS8",-0.0476104644237608
"OV3331","rare_read_supported","genome_full","SBS9",
"OV3331","rare_read_supported","genome_full","SBS10a",0.102133019291417
"OV3331","rare_read_supported","genome_full","SBS10b",-0.0873093824873563
"OV3331","rare_read_supported","genome_full","SBS10c",
"OV3331","rare_read_supported","genome_full","SBS10d",-0.0483926225814982
"OV3331","rare_read_supported","genome_full","SBS11",-0.0548670069359201
"OV3331","rare_read_supported","genome_full","SBS12",0.0575826952388897
"OV3331","rare_read_supported","genome_full","SBS13",0.0655836566234436
"OV3331","rare_read_supported","genome_full","SBS14",
"OV3331","rare_read_supported","genome_full","SBS15",-0.163825258184718
"OV3331","rare_read_supported","genome_full","SBS16",-0.0378114405065319
"OV3331","rare_read_supported","genome_full","SBS17a",-0.0632465268532007
"OV3331","rare_read_supported","genome_full","SBS17b",
"OV3331","rare_read_supported","genome_full","SBS18",0.152924141440782
"OV3331","rare_read_supported","genome_full","SBS19",0.144767015516303
"OV3331","rare_read_supported","genome_full","SBS20",
"OV3331","rare_read_supported","genome_full","SBS21",
"OV3331","rare_read_supported","genome_full","SBS22",
"OV3331","rare_read_supported","genome_full","SBS23",
"OV3331","rare_read_supported","genome_full","SBS24",-0.110715546084694
"OV3331","rare_read_supported","genome_full","SBS25",-0.0673111888427169
"OV3331","rare_read_supported","genome_full","SBS26",-0.0600213167032962
"OV3331","rare_read_supported","genome_full","SBS28",
"OV3331","rare_read_supported","genome_full","SBS29",0.0152872654563956
"OV3331","rare_read_supported","genome_full","SBS30",-0.0690159633476272
"OV3331","rare_read_supported","genome_full","SBS31",-0.178176884932785
"OV3331","rare_read_supported","genome_full","SBS32",-0.0253477831367256
"OV3331","rare_read_supported","genome_full","SBS33",0.00992674490560983
"OV3331","rare_read_supported","genome_full","SBS34",-0.0278119336865814
"OV3331","rare_read_supported","genome_full","SBS35",-0.0444865000616344
"OV3331","rare_read_supported","genome_full","SBS36",-0.0278119336865812
"OV3331","rare_read_supported","genome_full","SBS37",-0.0639654509748926
"OV3331","rare_read_supported","genome_full","SBS38",0.0645026325104923
"OV3331","rare_read_supported","genome_full","SBS39",-0.294569889384722
"OV3331","rare_read_supported","genome_full","SBS40",
"OV3331","rare_read_supported","genome_full","SBS41",-0.0278119336865814
"OV3331","rare_read_supported","genome_full","SBS42",
"OV3331","rare_read_supported","genome_full","SBS44",-0.0155405111698564
"OV3331","rare_read_supported","genome_full","SBS84",
"OV3331","rare_read_supported","genome_full","SBS85",-0.0278119336865812
"OV3331","rare_read_supported","genome_full","SBS86",-0.0278119336865813
"OV3331","rare_read_supported","genome_full","SBS87",0.116161537345176
"OV3331","rare_read_supported","genome_full","SBS88",-0.0278119336865814
"OV3331","rare_read_supported","genome_full","SBS89",-0.109332061844085
"OV3331","rare_read_supported","genome_full","SBS90",
"OV3331","rare_read_supported","genome_full","SBS91",
"OV3331","rare_read_supported","genome_full","SBS92",0.0159106532721672
"OV3331","rare_read_supported","genome_full","SBS93",-0.0278119336865811
"OV3331","rare_read_supported","genome_full","SBS94",0.0820229476018995
"OV90","rare_read_supported","genome_full","SBS1",0.00822635818002066
"OV90","rare_read_supported","genome_full","SBS2",-0.0672149504582216
"OV90","rare_read_supported","genome_full","SBS3",1
"OV90","rare_read_supported","genome_full","SBS4",-0.00704227139446795
"OV90","rare_read_supported","genome_full","SBS5",-0.0349754041219196
"OV90","rare_read_supported","genome_full","SBS6",
"OV90","rare_read_supported","genome_full","SBS7a",0.044257800881186
"OV90","rare_read_supported","genome_full","SBS7b",-0.0141864680717572
"OV90","rare_read_supported","genome_full","SBS7c",
"OV90","rare_read_supported","genome_full","SBS7d",0.206267818886058
"OV90","rare_read_supported","genome_full","SBS8",-0.0218458015400883
"OV90","rare_read_supported","genome_full","SBS9",-0.0624018881478436
"OV90","rare_read_supported","genome_full","SBS10a",
"OV90","rare_read_supported","genome_full","SBS10b",0.0328775955260395
"OV90","rare_read_supported","genome_full","SBS10c",0.15359433591016
"OV90","rare_read_supported","genome_full","SBS10d",-0.0120280039458278
"OV90","rare_read_supported","genome_full","SBS11",-0.0171687298903144
"OV90","rare_read_supported","genome_full","SBS12",0.136815031084486
"OV90","rare_read_supported","genome_full","SBS13",-0.00704227139446786
"OV90","rare_read_supported","genome_full","SBS14",
"OV90","rare_read_supported","genome_full","SBS15",0.0586893852959497
"OV90","rare_read_supported","genome_full","SBS16",
"OV90","rare_read_supported","genome_full","SBS17a",-0.00704227139446797
"OV90","rare_read_supported","genome_full","SBS17b",0.053406364285021
"OV90","rare_read_supported","genome_full","SBS18",
"OV90","rare_read_supported","genome_full","SBS19",0.0566635564665162
"OV90","rare_read_supported","genome_full","SBS20",-0.00704227139446792
"OV90","rare_read_supported","genome_full","SBS21",-0.00704227139446798
"OV90","rare_read_supported","genome_full","SBS22",-0.0122209000878427
"OV90","rare_read_supported","genome_full","SBS23",-0.019873523266303
"OV90","rare_read_supported","genome_full","SBS24",0.018057561788657
"OV90","rare_read_supported","genome_full","SBS25",
"OV90","rare_read_supported","genome_full","SBS26",-0.122555885644996
"OV90","rare_read_supported","genome_full","SBS28",-0.0122063945080208
"OV90","rare_read_supported","genome_full","SBS29",-0.0749289957506326
"OV90","rare_read_supported","genome_full","SBS30",0.039644350658031
"OV90","rare_read_supported","genome_full","SBS31",-0.0609382693899117
"OV90","rare_read_supported","genome_full","SBS32",-0.0995977346965229
"OV90","rare_read_supported","genome_full","SBS33",-0.0770536271009068
"OV90","rare_read_supported","genome_full","SBS34",-0.0215184252412167
"OV90","rare_read_supported","genome_full","SBS35",-0.0466234588374353
"OV90","rare_read_supported","genome_full","SBS36",
"OV90","rare_read_supported","genome_full","SBS37",-0.0224168842930523
"OV90","rare_read_supported","genome_full","SBS38",-0.00994365325787114
"OV90","rare_read_supported","genome_full","SBS39",0.0289334421250603
"OV90","rare_read_supported","genome_full","SBS40",-0.0136088011396455
"OV90","rare_read_supported","genome_full","SBS41",-0.00704227139446795
"OV90","rare_read_supported","genome_full","SBS42",
"OV90","rare_read_supported","genome_full","SBS44",-0.00975387299883426
"OV90","rare_read_supported","genome_full","SBS84",-0.0450333569488139
"OV90","rare_read_supported","genome_full","SBS85",-0.048121803374091
"OV90","rare_read_supported","genome_full","SBS86",-0.114069579568442
"OV90","rare_read_supported","genome_full","SBS87",
"OV90","rare_read_supported","genome_full","SBS88",-0.02306964424754
"OV90","rare_read_supported","genome_full","SBS89",0.027110083594278
"OV90","rare_read_supported","genome_full","SBS90",
"OV90","rare_read_supported","genome_full","SBS91",0.109426169024738
"OV90","rare_read_supported","genome_full","SBS92",
"OV90","rare_read_supported","genome_full","SBS93",-0.013227596959291
"OV90","rare_read_supported","genome_full","SBS94",-0.0194870005192677
"TOV81D","rare_read_supported","genome_full","SBS1",
"TOV81D","rare_read_supported","genome_full","SBS2",
"TOV81D","rare_read_supported","genome_full","SBS3",1
"TOV81D","rare_read_supported","genome_full","SBS4",0.0313425626903798
"TOV81D","rare_read_supported","genome_full","SBS5",0.0167484473508678
"TOV81D","rare_read_supported","genome_full","SBS6",
"TOV81D","rare_read_supported","genome_full","SBS7a",-0.170769840893172
"TOV81D","rare_read_supported","genome_full","SBS7b",-0.116408537373063
"TOV81D","rare_read_supported","genome_full","SBS7c",-0.0325222791440849
"TOV81D","rare_read_supported","genome_full","SBS7d",-0.0674674799327487
"TOV81D","rare_read_supported","genome_full","SBS8",
"TOV81D","rare_read_supported","genome_full","SBS9",-0.0434343631411494
"TOV81D","rare_read_supported","genome_full","SBS10a",0.0035939537197497
"TOV81D","rare_read_supported","genome_full","SBS10b",0.229099816092704
"TOV81D","rare_read_supported","genome_full","SBS10c",
"TOV81D","rare_read_supported","genome_full","SBS10d",-0.0231286510450062
"TOV81D","rare_read_supported","genome_full","SBS11",-0.105787203044594
"TOV81D","rare_read_supported","genome_full","SBS12",0.0134469177622355
"TOV81D","rare_read_supported","genome_full","SBS13",-0.0690376532350924
"TOV81D","rare_read_supported","genome_full","SBS14",0.000947864402233358
"TOV81D","rare_read_supported","genome_full","SBS15",-0.0805873850883052
"TOV81D","rare_read_supported","genome_full","SBS16",-0.0177382294391177
"TOV81D","rare_read_supported","genome_full","SBS17a",-0.217188013816923
"TOV81D","rare_read_supported","genome_full","SBS17b",-0.0392280449527503
"TOV81D","rare_read_supported","genome_full","SBS18",-0.0736312824527679
"TOV81D","rare_read_supported","genome_full","SBS19",0.0785515016325868
"TOV81D","rare_read_supported","genome_full","SBS20",-0.114028422867771
"TOV81D","rare_read_supported","genome_full","SBS21",-0.0212415551748898
"TOV81D","rare_read_supported","genome_full","SBS22",
"TOV81D","rare_read_supported","genome_full","SBS23",0.0277023855072564
"TOV81D","rare_read_supported","genome_full","SBS24",-0.113347537389085
"TOV81D","rare_read_supported","genome_full","SBS25",
"TOV81D","rare_read_supported","genome_full","SBS26",-0.0386647111885114
"TOV81D","rare_read_supported","genome_full","SBS28",-0.130950639102039
"TOV81D","rare_read_supported","genome_full","SBS29",-0.18444966871466
"TOV81D","rare_read_supported","genome_full","SBS30",-0.065878675023897
"TOV81D","rare_read_supported","genome_full","SBS31",-0.091574307379232
"TOV81D","rare_read_supported","genome_full","SBS32",-0.0444750771168089
"TOV81D","rare_read_supported","genome_full","SBS33",-0.119245173453992
"TOV81D","rare_read_supported","genome_full","SBS34",
"TOV81D","rare_read_supported","genome_full","SBS35",
"TOV81D","rare_read_supported","genome_full","SBS36",0.117867976916128
"TOV81D","rare_read_supported","genome_full","SBS37",
"TOV81D","rare_read_supported","genome_full","SBS38",
"TOV81D","rare_read_supported","genome_full","SBS39",-0.565716568488338
"TOV81D","rare_read_supported","genome_full","SBS40",-0.0721404996483351
"TOV81D","rare_read_supported","genome_full","SBS41",-0.0569243663781396
"TOV81D","rare_read_supported","genome_full","SBS42",-0.0197423770198481
"TOV81D","rare_read_supported","genome_full","SBS44",-0.0740449195201686
"TOV81D","rare_read_supported","genome_full","SBS84",-0.0329322076814575
"TOV81D","rare_read_supported","genome_full","SBS85",0.016329451237094
"TOV81D","rare_read_supported","genome_full","SBS86",
"TOV81D","rare_read_supported","genome_full","SBS87",
"TOV81D","rare_read_supported","genome_full","SBS88",-0.3291366534969
"TOV81D","rare_read_supported","genome_full","SBS89",-0.36671586157441
"TOV81D","rare_read_supported","genome_full","SBS90",
"TOV81D","rare_read_supported","genome_full","SBS91",0.0579125165473192
"TOV81D","rare_read_supported","genome_full","SBS92",
"TOV81D","rare_read_supported","genome_full","SBS93",-0.00557141549569019
"TOV81D","rare_read_supported","genome_full","SBS94",0.0456573229744039
"TOV21G","rare_read_supported","genome_full","SBS1",
"TOV21G","rare_read_supported","genome_full","SBS2",
"TOV21G","rare_read_supported","genome_full","SBS3",
"TOV21G","rare_read_supported","genome_full","SBS4",
"TOV21G","rare_read_supported","genome_full","SBS5",
"TOV21G","rare_read_supported","genome_full","SBS6",
"TOV21G","rare_read_supported","genome_full","SBS7a",
"TOV21G","rare_read_supported","genome_full","SBS7b",
"TOV21G","rare_read_supported","genome_full","SBS7c",
"TOV21G","rare_read_supported","genome_full","SBS7d",
"TOV21G","rare_read_supported","genome_full","SBS8",
"TOV21G","rare_read_supported","genome_full","SBS9",
"TOV21G","rare_read_supported","genome_full","SBS10a",
"TOV21G","rare_read_supported","genome_full","SBS10b",
"TOV21G","rare_read_supported","genome_full","SBS10c",
"TOV21G","rare_read_supported","genome_full","SBS10d",
"TOV21G","rare_read_supported","genome_full","SBS11",
"TOV21G","rare_read_supported","genome_full","SBS12",
"TOV21G","rare_read_supported","genome_full","SBS13",
"TOV21G","rare_read_supported","genome_full","SBS14",
"TOV21G","rare_read_supported","genome_full","SBS15",
"TOV21G","rare_read_supported","genome_full","SBS16",
"TOV21G","rare_read_supported","genome_full","SBS17a",
"TOV21G","rare_read_supported","genome_full","SBS17b",
"TOV21G","rare_read_supported","genome_full","SBS18",
"TOV21G","rare_read_supported","genome_full","SBS19",
"TOV21G","rare_read_supported","genome_full","SBS20",
"TOV21G","rare_read_supported","genome_full","SBS21",
"TOV21G","rare_read_supported","genome_full","SBS22",
"TOV21G","rare_read_supported","genome_full","SBS23",
"TOV21G","rare_read_supported","genome_full","SBS24",
"TOV21G","rare_read_supported","genome_full","SBS25",
"TOV21G","rare_read_supported","genome_full","SBS26",
"TOV21G","rare_read_supported","genome_full","SBS28",
"TOV21G","rare_read_supported","genome_full","SBS29",
"TOV21G","rare_read_supported","genome_full","SBS30",
"TOV21G","rare_read_supported","genome_full","SBS31",
"TOV21G","rare_read_supported","genome_full","SBS32",
"TOV21G","rare_read_supported","genome_full","SBS33",
"TOV21G","rare_read_supported","genome_full","SBS34",
"TOV21G","rare_read_supported","genome_full","SBS35",
"TOV21G","rare_read_supported","genome_full","SBS36",
"TOV21G","rare_read_supported","genome_full","SBS37",
"TOV21G","rare_read_supported","genome_full","SBS38",
"TOV21G","rare_read_supported","genome_full","SBS39",
"TOV21G","rare_read_supported","genome_full","SBS40",
"TOV21G","rare_read_supported","genome_full","SBS41",
"TOV21G","rare_read_supported","genome_full","SBS42",
"TOV21G","rare_read_supported","genome_full","SBS44",
"TOV21G","rare_read_supported","genome_full","SBS84",
"TOV21G","rare_read_supported","genome_full","SBS85",
"TOV21G","rare_read_supported","genome_full","SBS86",
"TOV21G","rare_read_supported","genome_full","SBS87",
"TOV21G","rare_read_supported","genome_full","SBS88",
"TOV21G","rare_read_supported","genome_full","SBS89",
"TOV21G","rare_read_supported","genome_full","SBS90",
"TOV21G","rare_read_supported","genome_full","SBS91",
"TOV21G","rare_read_supported","genome_full","SBS92",
"TOV21G","rare_read_supported","genome_full","SBS93",
"TOV21G","rare_read_supported","genome_full","SBS94",
"TOV3392D","rare_read_supported","genome_full","SBS1",0.0640212783571639
"TOV3392D","rare_read_supported","genome_full","SBS2",-0.0582006199314924
"TOV3392D","rare_read_supported","genome_full","SBS3",1
"TOV3392D","rare_read_supported","genome_full","SBS4",-0.0516802619954514
"TOV3392D","rare_read_supported","genome_full","SBS5",
"TOV3392D","rare_read_supported","genome_full","SBS6",0.0649215150350736
"TOV3392D","rare_read_supported","genome_full","SBS7a",-0.0416904095458688
"TOV3392D","rare_read_supported","genome_full","SBS7b",0.0548575553102664
"TOV3392D","rare_read_supported","genome_full","SBS7c",
"TOV3392D","rare_read_supported","genome_full","SBS7d",-0.146125451073934
"TOV3392D","rare_read_supported","genome_full","SBS8",-0.101478056777914
"TOV3392D","rare_read_supported","genome_full","SBS9",
"TOV3392D","rare_read_supported","genome_full","SBS10a",0.122258832205991
"TOV3392D","rare_read_supported","genome_full","SBS10b",0.0331277543431976
"TOV3392D","rare_read_supported","genome_full","SBS10c",
"TOV3392D","rare_read_supported","genome_full","SBS10d",-0.0854646798724926
"TOV3392D","rare_read_supported","genome_full","SBS11",-0.0187552730562176
"TOV3392D","rare_read_supported","genome_full","SBS12",0.0128578995214714
"TOV3392D","rare_read_supported","genome_full","SBS13",0.0789945065212907
"TOV3392D","rare_read_supported","genome_full","SBS14",-0.0603388563177003
"TOV3392D","rare_read_supported","genome_full","SBS15",0.0334588627901675
"TOV3392D","rare_read_supported","genome_full","SBS16",0.0294418877945028
"TOV3392D","rare_read_supported","genome_full","SBS17a",0.0285070005337859
"TOV3392D","rare_read_supported","genome_full","SBS17b",0.0268016846357538
"TOV3392D","rare_read_supported","genome_full","SBS18",-0.0704213136041173
"TOV3392D","rare_read_supported","genome_full","SBS19",-0.117008216973423
"TOV3392D","rare_read_supported","genome_full","SBS20",0.0153270958301723
"TOV3392D","rare_read_supported","genome_full","SBS21",-0.0233442348724348
"TOV3392D","rare_read_supported","genome_full","SBS22",-0.0233442348724347
"TOV3392D","rare_read_supported","genome_full","SBS23",0.00625608114912983
"TOV3392D","rare_read_supported","genome_full","SBS24",-0.047757493114159
"TOV3392D","rare_read_supported","genome_full","SBS25",-0.0114173657236645
"TOV3392D","rare_read_supported","genome_full","SBS26",-0.0200857813828702
"TOV3392D","rare_read_supported","genome_full","SBS28",-0.155212473618976
"TOV3392D","rare_read_supported","genome_full","SBS29",-0.0197207197980862
"TOV3392D","rare_read_supported","genome_full","SBS30",-0.0542876560882175
"TOV3392D","rare_read_supported","genome_full","SBS31",
"TOV3392D","rare_read_supported","genome_full","SBS32",-0.0559794875853042
"TOV3392D","rare_read_supported","genome_full","SBS33",-0.179684841895685
"TOV3392D","rare_read_supported","genome_full","SBS34",
"TOV3392D","rare_read_supported","genome_full","SBS35",
"TOV3392D","rare_read_supported","genome_full","SBS36",-0.0464486975489497
"TOV3392D","rare_read_supported","genome_full","SBS37",-0.0483450158283526
"TOV3392D","rare_read_supported","genome_full","SBS38",
"TOV3392D","rare_read_supported","genome_full","SBS39",-0.383784582567434
"TOV3392D","rare_read_supported","genome_full","SBS40",-0.0716697638853003
"TOV3392D","rare_read_supported","genome_full","SBS41",
"TOV3392D","rare_read_supported","genome_full","SBS42",-0.157429883610741
"TOV3392D","rare_read_supported","genome_full","SBS44",-0.085777543934231
"TOV3392D","rare_read_supported","genome_full","SBS84",0.0528180230045528
"TOV3392D","rare_read_supported","genome_full","SBS85",-0.0294104960494757
"TOV3392D","rare_read_supported","genome_full","SBS86",-0.0233442348724348
"TOV3392D","rare_read_supported","genome_full","SBS87",-0.0728663416755814
"TOV3392D","rare_read_supported","genome_full","SBS88",-0.0299184133083665
"TOV3392D","rare_read_supported","genome_full","SBS89",-0.0800508715632146
"TOV3392D","rare_read_supported","genome_full","SBS90",
"TOV3392D","rare_read_supported","genome_full","SBS91",-0.0405696195792349
"TOV3392D","rare_read_supported","genome_full","SBS92",-0.0437605037303009
"TOV3392D","rare_read_supported","genome_full","SBS93",
"TOV3392D","rare_read_supported","genome_full","SBS94",
"TOV112D","rare_read_supported","genome_full","SBS1",
"TOV112D","rare_read_supported","genome_full","SBS2",
"TOV112D","rare_read_supported","genome_full","SBS3",
"TOV112D","rare_read_supported","genome_full","SBS4",
"TOV112D","rare_read_supported","genome_full","SBS5",
"TOV112D","rare_read_supported","genome_full","SBS6",
"TOV112D","rare_read_supported","genome_full","SBS7a",
"TOV112D","rare_read_supported","genome_full","SBS7b",
"TOV112D","rare_read_supported","genome_full","SBS7c",
"TOV112D","rare_read_supported","genome_full","SBS7d",
"TOV112D","rare_read_supported","genome_full","SBS8",
"TOV112D","rare_read_supported","genome_full","SBS9",
"TOV112D","rare_read_supported","genome_full","SBS10a",
"TOV112D","rare_read_supported","genome_full","SBS10b",
"TOV112D","rare_read_supported","genome_full","SBS10c",
"TOV112D","rare_read_supported","genome_full","SBS10d",
"TOV112D","rare_read_supported","genome_full","SBS11",
"TOV112D","rare_read_supported","genome_full","SBS12",
"TOV112D","rare_read_supported","genome_full","SBS13",
"TOV112D","rare_read_supported","genome_full","SBS14",
"TOV112D","rare_read_supported","genome_full","SBS15",
"TOV112D","rare_read_supported","genome_full","SBS16",
"TOV112D","rare_read_supported","genome_full","SBS17a",
"TOV112D","rare_read_supported","genome_full","SBS17b",
"TOV112D","rare_read_supported","genome_full","SBS18",
"TOV112D","rare_read_supported","genome_full","SBS19",
"TOV112D","rare_read_supported","genome_full","SBS20",
"TOV112D","rare_read_supported","genome_full","SBS21",
"TOV112D","rare_read_supported","genome_full","SBS22",
"TOV112D","rare_read_supported","genome_full","SBS23",
"TOV112D","rare_read_supported","genome_full","SBS24",
"TOV112D","rare_read_supported","genome_full","SBS25",
"TOV112D","rare_read_supported","genome_full","SBS26",
"TOV112D","rare_read_supported","genome_full","SBS28",
"TOV112D","rare_read_supported","genome_full","SBS29",
"TOV112D","rare_read_supported","genome_full","SBS30",
"TOV112D","rare_read_supported","genome_full","SBS31",
"TOV112D","rare_read_supported","genome_full","SBS32",
"TOV112D","rare_read_supported","genome_full","SBS33",
"TOV112D","rare_read_supported","genome_full","SBS34",
"TOV112D","rare_read_supported","genome_full","SBS35",
"TOV112D","rare_read_supported","genome_full","SBS36",
"TOV112D","rare_read_supported","genome_full","SBS37",
"TOV112D","rare_read_supported","genome_full","SBS38",
"TOV112D","rare_read_supported","genome_full","SBS39",
"TOV112D","rare_read_supported","genome_full","SBS40",
"TOV112D","rare_read_supported","genome_full","SBS41",
"TOV112D","rare_read_supported","genome_full","SBS42",
"TOV112D","rare_read_supported","genome_full","SBS44",
"TOV112D","rare_read_supported","genome_full","SBS84",
"TOV112D","rare_read_supported","genome_full","SBS85",
"TOV112D","rare_read_supported","genome_full","SBS86",
"TOV112D","rare_read_supported","genome_full","SBS87",
"TOV112D","rare_read_supported","genome_full","SBS88",
"TOV112D","rare_read_supported","genome_full","SBS89",
"TOV112D","rare_read_supported","genome_full","SBS90",
"TOV112D","rare_read_supported","genome_full","SBS91",
"TOV112D","rare_read_supported","genome_full","SBS92",
"TOV112D","rare_read_supported","genome_full","SBS93",
"TOV112D","rare_read_supported","genome_full","SBS94",
"TOV2414","rare_read_supported","genome_full","SBS1",0.0782731799881552
"TOV2414","rare_read_supported","genome_full","SBS2",-0.0999427331809503
"TOV2414","rare_read_supported","genome_full","SBS3",1
"TOV2414","rare_read_supported","genome_full","SBS4",0.112157697443514
"TOV2414","rare_read_supported","genome_full","SBS5",-0.102812597713688
"TOV2414","rare_read_supported","genome_full","SBS6",-0.032485705594528
"TOV2414","rare_read_supported","genome_full","SBS7a",0.244567556078004
"TOV2414","rare_read_supported","genome_full","SBS7b",-0.00388206097595496
"TOV2414","rare_read_supported","genome_full","SBS7c",
"TOV2414","rare_read_supported","genome_full","SBS7d",
"TOV2414","rare_read_supported","genome_full","SBS8",
"TOV2414","rare_read_supported","genome_full","SBS9",-0.0429985717562992
"TOV2414","rare_read_supported","genome_full","SBS10a",-0.0173311117392479
"TOV2414","rare_read_supported","genome_full","SBS10b",-0.0260690643503809
"TOV2414","rare_read_supported","genome_full","SBS10c",
"TOV2414","rare_read_supported","genome_full","SBS10d",
"TOV2414","rare_read_supported","genome_full","SBS11",0.0196808266243364
"TOV2414","rare_read_supported","genome_full","SBS12",0.0306330660882027
"TOV2414","rare_read_supported","genome_full","SBS13",
"TOV2414","rare_read_supported","genome_full","SBS14",-0.0275724794500034
"TOV2414","rare_read_supported","genome_full","SBS15",-0.00338040310120358
"TOV2414","rare_read_supported","genome_full","SBS16",-0.0485310082968197
"TOV2414","rare_read_supported","genome_full","SBS17a",-0.0252537103438124
"TOV2414","rare_read_supported","genome_full","SBS17b",-0.042052032994905
"TOV2414","rare_read_supported","genome_full","SBS18",0.0428173932646965
"TOV2414","rare_read_supported","genome_full","SBS19",0.0435129035728847
"TOV2414","rare_read_supported","genome_full","SBS20",-0.0306825392625844
"TOV2414","rare_read_supported","genome_full","SBS21",-0.0215069878039688
"TOV2414","rare_read_supported","genome_full","SBS22",-0.0412751207639489
"TOV2414","rare_read_supported","genome_full","SBS23",-0.0686104975915266
"TOV2414","rare_read_supported","genome_full","SBS24",0.0297352858815104
"TOV2414","rare_read_supported","genome_full","SBS25",-0.0450374762761583
"TOV2414","rare_read_supported","genome_full","SBS26",0.0738401342991621
"TOV2414","rare_read_supported","genome_full","SBS28",-0.000812861887204483
"TOV2414","rare_read_supported","genome_full","SBS29",-0.0509334664423985
"TOV2414","rare_read_supported","genome_full","SBS30",-0.00859935814153172
"TOV2414","rare_read_supported","genome_full","SBS31",-0.0477901899978143
"TOV2414","rare_read_supported","genome_full","SBS32",-0.067048963780396
"TOV2414","rare_read_supported","genome_full","SBS33",-0.0125822585998873
"TOV2414","rare_read_supported","genome_full","SBS34",-0.0429851067263355
"TOV2414","rare_read_supported","genome_full","SBS35",
"TOV2414","rare_read_supported","genome_full","SBS36",-0.0242113271194955
"TOV2414","rare_read_supported","genome_full","SBS37",-0.119906722099488
"TOV2414","rare_read_supported","genome_full","SBS38",-0.075804801552632
"TOV2414","rare_read_supported","genome_full","SBS39",-0.161840765797996
"TOV2414","rare_read_supported","genome_full","SBS40",0.0875840160092188
"TOV2414","rare_read_supported","genome_full","SBS41",-0.0247566822858858
"TOV2414","rare_read_supported","genome_full","SBS42",-0.0814841593538549
"TOV2414","rare_read_supported","genome_full","SBS44",-0.0233726178927725
"TOV2414","rare_read_supported","genome_full","SBS84",0.183015231488853
"TOV2414","rare_read_supported","genome_full","SBS85",-0.0551010120341974
"TOV2414","rare_read_supported","genome_full","SBS86",0.0184406744900126
"TOV2414","rare_read_supported","genome_full","SBS87",-0.057095843914808
"TOV2414","rare_read_supported","genome_full","SBS88",-0.0193722701407028
"TOV2414","rare_read_supported","genome_full","SBS89",0.0380634119313835
"TOV2414","rare_read_supported","genome_full","SBS90",-0.0607811503715648
"TOV2414","rare_read_supported","genome_full","SBS91",-0.101145944370762
"TOV2414","rare_read_supported","genome_full","SBS92",-0.0125822585998872
"TOV2414","rare_read_supported","genome_full","SBS93",-0.0325120621184689
"TOV2414","rare_read_supported","genome_full","SBS94",-0.020940968954481
"OV1369-R2","baseline","genome_restricted","SBS1",0.0298425281372637
"OV1369-R2","baseline","genome_restricted","SBS5",-0.196782522107116
"OV1369-R2","baseline","genome_restricted","SBS40",-0.600466686115899
"OV1369-R2","baseline","genome_restricted","SBS6",-0.144920336261861
"OV1369-R2","baseline","genome_restricted","SBS14",-0.017653405686443
"OV1369-R2","baseline","genome_restricted","SBS15",0.141575383719351
"OV1369-R2","baseline","genome_restricted","SBS20",
"OV1369-R2","baseline","genome_restricted","SBS21",
"OV1369-R2","baseline","genome_restricted","SBS26",
"OV1369-R2","baseline","genome_restricted","SBS44",
"OV1369-R2","baseline","genome_restricted","SBS10a",0.049884210694987
"OV1369-R2","baseline","genome_restricted","SBS10b",0.0275445063265346
"OV1369-R2","baseline","genome_restricted","SBS10c",
"OV1369-R2","baseline","genome_restricted","SBS10d",
"OV1369-R2","baseline","genome_restricted","SBS28",
"OV1369-R2","baseline","genome_restricted","SBS2",0.159465215131495
"OV1369-R2","baseline","genome_restricted","SBS13",-0.0132626662314501
"OV1369-R2","baseline","genome_restricted","SBS3",1
"OV1369-R2","baseline","genome_restricted","SBS8",-0.400007923596646
"OV1369-R2","baseline","genome_restricted","SBS17a",
"OV1369-R2","baseline","genome_restricted","SBS17b",
"OV1369-R2","baseline","genome_restricted","SBS18",0.338687095673414
"OV2085","baseline","genome_restricted","SBS1",-0.170416574377737
"OV2085","baseline","genome_restricted","SBS5",-0.470703208722336
"OV2085","baseline","genome_restricted","SBS40",-0.556204535229641
"OV2085","baseline","genome_restricted","SBS6",0.181961661620772
"OV2085","baseline","genome_restricted","SBS14",0.0681830483520284
"OV2085","baseline","genome_restricted","SBS15",-0.131419192113031
"OV2085","baseline","genome_restricted","SBS20",0.0047173033837652
"OV2085","baseline","genome_restricted","SBS21",
"OV2085","baseline","genome_restricted","SBS26",
"OV2085","baseline","genome_restricted","SBS44",
"OV2085","baseline","genome_restricted","SBS10a",
"OV2085","baseline","genome_restricted","SBS10b",0.203423564825472
"OV2085","baseline","genome_restricted","SBS10c",
"OV2085","baseline","genome_restricted","SBS10d",
"OV2085","baseline","genome_restricted","SBS28",0.0871601801263023
"OV2085","baseline","genome_restricted","SBS2",0.229559934619121
"OV2085","baseline","genome_restricted","SBS13",
"OV2085","baseline","genome_restricted","SBS3",1
"OV2085","baseline","genome_restricted","SBS8",0.0136552902640613
"OV2085","baseline","genome_restricted","SBS17a",-0.0676817408436549
"OV2085","baseline","genome_restricted","SBS17b",
"OV2085","baseline","genome_restricted","SBS18",0.112980158058778
"OV2295","baseline","genome_restricted","SBS1",-0.204731753801461
"OV2295","baseline","genome_restricted","SBS5",-0.241695289093974
"OV2295","baseline","genome_restricted","SBS40",-0.657270226509077
"OV2295","baseline","genome_restricted","SBS6",0.0123403322703949
"OV2295","baseline","genome_restricted","SBS14",
"OV2295","baseline","genome_restricted","SBS15",-0.0287373455739387
"OV2295","baseline","genome_restricted","SBS20",
"OV2295","baseline","genome_restricted","SBS21",-0.0916196296041724
"OV2295","baseline","genome_restricted","SBS26",0.117495012974667
"OV2295","baseline","genome_restricted","SBS44",0.013484139621836
"OV2295","baseline","genome_restricted","SBS10a",0.0662082841390355
"OV2295","baseline","genome_restricted","SBS10b",0.0401416643916075
"OV2295","baseline","genome_restricted","SBS10c",
"OV2295","baseline","genome_restricted","SBS10d",-0.0551565838138765
"OV2295","baseline","genome_restricted","SBS28",
"OV2295","baseline","genome_restricted","SBS2",0.50252941564197
"OV2295","baseline","genome_restricted","SBS13",
"OV2295","baseline","genome_restricted","SBS3",1
"OV2295","baseline","genome_restricted","SBS8",
"OV2295","baseline","genome_restricted","SBS17a",
"OV2295","baseline","genome_restricted","SBS17b",-0.0283821062995749
"OV2295","baseline","genome_restricted","SBS18",0.110300307337385
"OV2295-R2","baseline","genome_restricted","SBS1",0.0368966558753069
"OV2295-R2","baseline","genome_restricted","SBS5",-0.155923635132451
"OV2295-R2","baseline","genome_restricted","SBS40",-0.574990432539223
"OV2295-R2","baseline","genome_restricted","SBS6",-0.0797269218488395
"OV2295-R2","baseline","genome_restricted","SBS14",-0.0499254069610546
"OV2295-R2","baseline","genome_restricted","SBS15",-0.0317223528182542
"OV2295-R2","baseline","genome_restricted","SBS20",-0.0166226359297299
"OV2295-R2","baseline","genome_restricted","SBS21",-0.0178123242500629
"OV2295-R2","baseline","genome_restricted","SBS26",
"OV2295-R2","baseline","genome_restricted","SBS44",
"OV2295-R2","baseline","genome_restricted","SBS10a",
"OV2295-R2","baseline","genome_restricted","SBS10b",-0.0221228078274124
"OV2295-R2","baseline","genome_restricted","SBS10c",
"OV2295-R2","baseline","genome_restricted","SBS10d",
"OV2295-R2","baseline","genome_restricted","SBS28",
"OV2295-R2","baseline","genome_restricted","SBS2",0.141571126565549
"OV2295-R2","baseline","genome_restricted","SBS13",
"OV2295-R2","baseline","genome_restricted","SBS3",1
"OV2295-R2","baseline","genome_restricted","SBS8",-0.534911936566989
"OV2295-R2","baseline","genome_restricted","SBS17a",0.0406923451014475
"OV2295-R2","baseline","genome_restricted","SBS17b",
"OV2295-R2","baseline","genome_restricted","SBS18",0.528309629608795
"OV3133-R","baseline","genome_restricted","SBS1",-0.0981484744555606
"OV3133-R","baseline","genome_restricted","SBS5",-0.348295964763896
"OV3133-R","baseline","genome_restricted","SBS40",-0.480317010470429
"OV3133-R","baseline","genome_restricted","SBS6",0.0912008152990012
"OV3133-R","baseline","genome_restricted","SBS14",-0.130062093829219
"OV3133-R","baseline","genome_restricted","SBS15",0.137755739904741
"OV3133-R","baseline","genome_restricted","SBS20",-0.160093254657543
"OV3133-R","baseline","genome_restricted","SBS21",-0.0244044148409746
"OV3133-R","baseline","genome_restricted","SBS26",-0.0150980682781893
"OV3133-R","baseline","genome_restricted","SBS44",
"OV3133-R","baseline","genome_restricted","SBS10a",
"OV3133-R","baseline","genome_restricted","SBS10b",0.242779380716512
"OV3133-R","baseline","genome_restricted","SBS10c",
"OV3133-R","baseline","genome_restricted","SBS10d",
"OV3133-R","baseline","genome_restricted","SBS28",
"OV3133-R","baseline","genome_restricted","SBS2",0.353651622776907
"OV3133-R","baseline","genome_restricted","SBS13",-0.301085361684558
"OV3133-R","baseline","genome_restricted","SBS3",1
"OV3133-R","baseline","genome_restricted","SBS8",-0.342845684467937
"OV3133-R","baseline","genome_restricted","SBS17a",-0.0979212662695983
"OV3133-R","baseline","genome_restricted","SBS17b",
"OV3133-R","baseline","genome_restricted","SBS18",0.214518566854145
"OV3133-R2","baseline","genome_restricted","SBS1",-0.0195978661285777
"OV3133-R2","baseline","genome_restricted","SBS5",-0.495135861467351
"OV3133-R2","baseline","genome_restricted","SBS40",-0.38581650814873
"OV3133-R2","baseline","genome_restricted","SBS6",0.0753003846360389
"OV3133-R2","baseline","genome_restricted","SBS14",-0.0498274191492792
"OV3133-R2","baseline","genome_restricted","SBS15",
"OV3133-R2","baseline","genome_restricted","SBS20",-0.20097367769702
"OV3133-R2","baseline","genome_restricted","SBS21",-0.0893110708093449
"OV3133-R2","baseline","genome_restricted","SBS26",0.118618684185241
"OV3133-R2","baseline","genome_restricted","SBS44",0.116643574475047
"OV3133-R2","baseline","genome_restricted","SBS10a",0.0259251744064053
"OV3133-R2","baseline","genome_restricted","SBS10b",0.158115987954251
"OV3133-R2","baseline","genome_restricted","SBS10c",-0.011508834598046
"OV3133-R2","baseline","genome_restricted","SBS10d",0.0353184416826643
"OV3133-R2","baseline","genome_restricted","SBS28",
"OV3133-R2","baseline","genome_restricted","SBS2",0.111163722806917
"OV3133-R2","baseline","genome_restricted","SBS13",-0.246218700107617
"OV3133-R2","baseline","genome_restricted","SBS3",1
"OV3133-R2","baseline","genome_restricted","SBS8",-0.233195332568781
"OV3133-R2","baseline","genome_restricted","SBS17a",-0.0436395645922148
"OV3133-R2","baseline","genome_restricted","SBS17b",
"OV3133-R2","baseline","genome_restricted","SBS18",0.0390003126901472
"OV3291","baseline","genome_restricted","SBS1",-0.0560562788501814
"OV3291","baseline","genome_restricted","SBS5",-0.267287674098866
"OV3291","baseline","genome_restricted","SBS40",-0.640481509595527
"OV3291","baseline","genome_restricted","SBS6",0.00473075723736642
"OV3291","baseline","genome_restricted","SBS14",0.0784388375913101
"OV3291","baseline","genome_restricted","SBS15",-0.0100233043205446
"OV3291","baseline","genome_restricted","SBS20",-0.090847595861968
"OV3291","baseline","genome_restricted","SBS21",
"OV3291","baseline","genome_restricted","SBS26",0.137669834656135
"OV3291","baseline","genome_restricted","SBS44",0.0422969224534213
"OV3291","baseline","genome_restricted","SBS10a",
"OV3291","baseline","genome_restricted","SBS10b",-0.0274406550573174
"OV3291","baseline","genome_restricted","SBS10c",
"OV3291","baseline","genome_restricted","SBS10d",0.132564685488048
"OV3291","baseline","genome_restricted","SBS28",
"OV3291","baseline","genome_restricted","SBS2",0.321098192743976
"OV3291","baseline","genome_restricted","SBS13",-0.0449064162472065
"OV3291","baseline","genome_restricted","SBS3",1
"OV3291","baseline","genome_restricted","SBS8",-0.372990818336287
"OV3291","baseline","genome_restricted","SBS17a",0.0787549405670039
"OV3291","baseline","genome_restricted","SBS17b",
"OV3291","baseline","genome_restricted","SBS18",0.25660541735509
"TOV1369","baseline","genome_restricted","SBS1",0.10235998781223
"TOV1369","baseline","genome_restricted","SBS5",-0.0813656276517031
"TOV1369","baseline","genome_restricted","SBS40",-0.623108042459712
"TOV1369","baseline","genome_restricted","SBS6",-0.142477878392582
"TOV1369","baseline","genome_restricted","SBS14",
"TOV1369","baseline","genome_restricted","SBS15",0.0761279932812522
"TOV1369","baseline","genome_restricted","SBS20",
"TOV1369","baseline","genome_restricted","SBS21",-0.139580532833144
"TOV1369","baseline","genome_restricted","SBS26",
"TOV1369","baseline","genome_restricted","SBS44",
"TOV1369","baseline","genome_restricted","SBS10a",
"TOV1369","baseline","genome_restricted","SBS10b",0.0827771664555418
"TOV1369","baseline","genome_restricted","SBS10c",
"TOV1369","baseline","genome_restricted","SBS10d",0.123590953907531
"TOV1369","baseline","genome_restricted","SBS28",
"TOV1369","baseline","genome_restricted","SBS2",0.269709096745188
"TOV1369","baseline","genome_restricted","SBS13",
"TOV1369","baseline","genome_restricted","SBS3",1
"TOV1369","baseline","genome_restricted","SBS8",-0.470859831006001
"TOV1369","baseline","genome_restricted","SBS17a",
"TOV1369","baseline","genome_restricted","SBS17b",
"TOV1369","baseline","genome_restricted","SBS18",0.220536298177207
"TOV2295-R","baseline","genome_restricted","SBS1",-0.0369421491544789
"TOV2295-R","baseline","genome_restricted","SBS5",-0.747231450647464
"TOV2295-R","baseline","genome_restricted","SBS40",-0.209751820856747
"TOV2295-R","baseline","genome_restricted","SBS6",0.0573855097648149
"TOV2295-R","baseline","genome_restricted","SBS14",
"TOV2295-R","baseline","genome_restricted","SBS15",0.0185425024031857
"TOV2295-R","baseline","genome_restricted","SBS20",0.10739754573777
"TOV2295-R","baseline","genome_restricted","SBS21",0.140213819086954
"TOV2295-R","baseline","genome_restricted","SBS26",-0.0089412981467763
"TOV2295-R","baseline","genome_restricted","SBS44",
"TOV2295-R","baseline","genome_restricted","SBS10a",
"TOV2295-R","baseline","genome_restricted","SBS10b",0.08967093706532
"TOV2295-R","baseline","genome_restricted","SBS10c",
"TOV2295-R","baseline","genome_restricted","SBS10d",
"TOV2295-R","baseline","genome_restricted","SBS28",
"TOV2295-R","baseline","genome_restricted","SBS2",0.0907906025061107
"TOV2295-R","baseline","genome_restricted","SBS13",
"TOV2295-R","baseline","genome_restricted","SBS3",1
"TOV2295-R","baseline","genome_restricted","SBS8",
"TOV2295-R","baseline","genome_restricted","SBS17a",
"TOV2295-R","baseline","genome_restricted","SBS17b",-0.0422891214261225
"TOV2295-R","baseline","genome_restricted","SBS18",-0.2921820967252
"TOV2835EP","baseline","genome_restricted","SBS1",0.101686193510731
"TOV2835EP","baseline","genome_restricted","SBS5",-0.356615165466266
"TOV2835EP","baseline","genome_restricted","SBS40",-0.55399274418123
"TOV2835EP","baseline","genome_restricted","SBS6",-0.0469484590902643
"TOV2835EP","baseline","genome_restricted","SBS14",-0.0734641263567306
"TOV2835EP","baseline","genome_restricted","SBS15",-0.0534240517197099
"TOV2835EP","baseline","genome_restricted","SBS20",0.0145377659271078
"TOV2835EP","baseline","genome_restricted","SBS21",0.052773943100152
"TOV2835EP","baseline","genome_restricted","SBS26",
"TOV2835EP","baseline","genome_restricted","SBS44",
"TOV2835EP","baseline","genome_restricted","SBS10a",0.088545830021493
"TOV2835EP","baseline","genome_restricted","SBS10b",0.130512133030988
"TOV2835EP","baseline","genome_restricted","SBS10c",-0.025465289557678
"TOV2835EP","baseline","genome_restricted","SBS10d",-0.00605386977049959
"TOV2835EP","baseline","genome_restricted","SBS28",
"TOV2835EP","baseline","genome_restricted","SBS2",0.369120657791987
"TOV2835EP","baseline","genome_restricted","SBS13",
"TOV2835EP","baseline","genome_restricted","SBS3",1
"TOV2835EP","baseline","genome_restricted","SBS8",-0.525306260538159
"TOV2835EP","baseline","genome_restricted","SBS17a",-0.101141000907172
"TOV2835EP","baseline","genome_restricted","SBS17b",
"TOV2835EP","baseline","genome_restricted","SBS18",0.26385637236543
"TOV2881EP","baseline","genome_restricted","SBS1",0.0436633410248615
"TOV2881EP","baseline","genome_restricted","SBS5",-0.44748153020943
"TOV2881EP","baseline","genome_restricted","SBS40",-0.181168593065623
"TOV2881EP","baseline","genome_restricted","SBS6",0.144567177814237
"TOV2881EP","baseline","genome_restricted","SBS14",-0.0187733125909665
"TOV2881EP","baseline","genome_restricted","SBS15",-0.235890384779148
"TOV2881EP","baseline","genome_restricted","SBS20",-0.142431948904115
"TOV2881EP","baseline","genome_restricted","SBS21",0.0625844994533924
"TOV2881EP","baseline","genome_restricted","SBS26",-0.013680976851646
"TOV2881EP","baseline","genome_restricted","SBS44",
"TOV2881EP","baseline","genome_restricted","SBS10a",
"TOV2881EP","baseline","genome_restricted","SBS10b",
"TOV2881EP","baseline","genome_restricted","SBS10c",-0.0655889545398093
"TOV2881EP","baseline","genome_restricted","SBS10d",-0.00135804774756012
"TOV2881EP","baseline","genome_restricted","SBS28",
"TOV2881EP","baseline","genome_restricted","SBS2",-0.0499201321132529
"TOV2881EP","baseline","genome_restricted","SBS13",-0.227739368563496
"TOV2881EP","baseline","genome_restricted","SBS3",1
"TOV2881EP","baseline","genome_restricted","SBS8",-0.681188502486219
"TOV2881EP","baseline","genome_restricted","SBS17a",-0.0762078619341431
"TOV2881EP","baseline","genome_restricted","SBS17b",-0.0109062275178302
"TOV2881EP","baseline","genome_restricted","SBS18",0.257337557379907
"TOV2929D","baseline","genome_restricted","SBS1",-0.116889337550521
"TOV2929D","baseline","genome_restricted","SBS5",-0.472943866706733
"TOV2929D","baseline","genome_restricted","SBS40",-0.316449089606286
"TOV2929D","baseline","genome_restricted","SBS6",0.186554766573822
"TOV2929D","baseline","genome_restricted","SBS14",-0.0688340562455874
"TOV2929D","baseline","genome_restricted","SBS15",-0.239217573007418
"TOV2929D","baseline","genome_restricted","SBS20",-0.09153655791505
"TOV2929D","baseline","genome_restricted","SBS21",
"TOV2929D","baseline","genome_restricted","SBS26",-0.0946708694413858
"TOV2929D","baseline","genome_restricted","SBS44",-0.0298444666329205
"TOV2929D","baseline","genome_restricted","SBS10a",
"TOV2929D","baseline","genome_restricted","SBS10b",-0.0580783294569602
"TOV2929D","baseline","genome_restricted","SBS10c",
"TOV2929D","baseline","genome_restricted","SBS10d",
"TOV2929D","baseline","genome_restricted","SBS28",
"TOV2929D","baseline","genome_restricted","SBS2",0.011978971803297
"TOV2929D","baseline","genome_restricted","SBS13",-0.105748306233606
"TOV2929D","baseline","genome_restricted","SBS3",1
"TOV2929D","baseline","genome_restricted","SBS8",-0.771913120518638
"TOV2929D","baseline","genome_restricted","SBS17a",
"TOV2929D","baseline","genome_restricted","SBS17b",
"TOV2929D","baseline","genome_restricted","SBS18",0.528798370910013
"TOV3121D","baseline","genome_restricted","SBS1",-0.0186254078978995
"TOV3121D","baseline","genome_restricted","SBS5",-0.376201667611091
"TOV3121D","baseline","genome_restricted","SBS40",-0.54442025468435
"TOV3121D","baseline","genome_restricted","SBS6",0.0484925175451688
"TOV3121D","baseline","genome_restricted","SBS14",-0.0149349612555375
"TOV3121D","baseline","genome_restricted","SBS15",-0.107868202750279
"TOV3121D","baseline","genome_restricted","SBS20",0.0594926064747559
"TOV3121D","baseline","genome_restricted","SBS21",0.0111739632227879
"TOV3121D","baseline","genome_restricted","SBS26",0.0796711225572661
"TOV3121D","baseline","genome_restricted","SBS44",
"TOV3121D","baseline","genome_restricted","SBS10a",0.0320208511276051
"TOV3121D","baseline","genome_restricted","SBS10b",0.195705076556313
"TOV3121D","baseline","genome_restricted","SBS10c",0.0616176647497933
"TOV3121D","baseline","genome_restricted","SBS10d",-0.131326573083878
"TOV3121D","baseline","genome_restricted","SBS28",
"TOV3121D","baseline","genome_restricted","SBS2",0.211930051361784
"TOV3121D","baseline","genome_restricted","SBS13",-0.0918039065188428
"TOV3121D","baseline","genome_restricted","SBS3",1
"TOV3121D","baseline","genome_restricted","SBS8",-0.3283417639489
"TOV3121D","baseline","genome_restricted","SBS17a",0.0591744580812269
"TOV3121D","baseline","genome_restricted","SBS17b",
"TOV3121D","baseline","genome_restricted","SBS18",0.251328279477154
"TOV3121EP","baseline","genome_restricted","SBS1",0.0446670960109969
"TOV3121EP","baseline","genome_restricted","SBS5",-0.231911873902778
"TOV3121EP","baseline","genome_restricted","SBS40",-0.453285415376386
"TOV3121EP","baseline","genome_restricted","SBS6",-0.0141918808153413
"TOV3121EP","baseline","genome_restricted","SBS14",0.0160381219334716
"TOV3121EP","baseline","genome_restricted","SBS15",-0.0769266887661414
"TOV3121EP","baseline","genome_restricted","SBS20",0.0302825179220735
"TOV3121EP","baseline","genome_restricted","SBS21",-0.187604032449135
"TOV3121EP","baseline","genome_restricted","SBS26",0.0581771986731217
"TOV3121EP","baseline","genome_restricted","SBS44",
"TOV3121EP","baseline","genome_restricted","SBS10a",-0.0957390594266786
"TOV3121EP","baseline","genome_restricted","SBS10b",-0.0530736477145801
"TOV3121EP","baseline","genome_restricted","SBS10c",
"TOV3121EP","baseline","genome_restricted","SBS10d",-0.0987113200413947
"TOV3121EP","baseline","genome_restricted","SBS28",
"TOV3121EP","baseline","genome_restricted","SBS2",0.197671281526682
"TOV3121EP","baseline","genome_restricted","SBS13",-0.116015850574741
"TOV3121EP","baseline","genome_restricted","SBS3",1
"TOV3121EP","baseline","genome_restricted","SBS8",-0.574485649355672
"TOV3121EP","baseline","genome_restricted","SBS17a",-0.100021129598705
"TOV3121EP","baseline","genome_restricted","SBS17b",
"TOV3121EP","baseline","genome_restricted","SBS18",0.277601348498086
"TOV3133D","baseline","genome_restricted","SBS1",0.0210611709669466
"TOV3133D","baseline","genome_restricted","SBS5",-0.629349955144528
"TOV3133D","baseline","genome_restricted","SBS40",-0.126041991617842
"TOV3133D","baseline","genome_restricted","SBS6",0.120590014336083
"TOV3133D","baseline","genome_restricted","SBS14",0.093576376202594
"TOV3133D","baseline","genome_restricted","SBS15",-0.122121997709006
"TOV3133D","baseline","genome_restricted","SBS20",-0.267005408164446
"TOV3133D","baseline","genome_restricted","SBS21",0.0719266673075217
"TOV3133D","baseline","genome_restricted","SBS26",-0.0508769656910641
"TOV3133D","baseline","genome_restricted","SBS44",
"TOV3133D","baseline","genome_restricted","SBS10a",
"TOV3133D","baseline","genome_restricted","SBS10b",0.0505894017831951
"TOV3133D","baseline","genome_restricted","SBS10c",
"TOV3133D","baseline","genome_restricted","SBS10d",
"TOV3133D","baseline","genome_restricted","SBS28",
"TOV3133D","baseline","genome_restricted","SBS2",0.0874200766282105
"TOV3133D","baseline","genome_restricted","SBS13",-0.398574122387552
"TOV3133D","baseline","genome_restricted","SBS3",1
"TOV3133D","baseline","genome_restricted","SBS8",-0.622457341829206
"TOV3133D","baseline","genome_restricted","SBS17a",-0.114244788945614
"TOV3133D","baseline","genome_restricted","SBS17b",
"TOV3133D","baseline","genome_restricted","SBS18",0.101411901351458
"TOV3133G","baseline","genome_restricted","SBS1",0.112026995593148
"TOV3133G","baseline","genome_restricted","SBS5",-0.572172525091891
"TOV3133G","baseline","genome_restricted","SBS40",-0.286659509231817
"TOV3133G","baseline","genome_restricted","SBS6",-0.0886100088087306
"TOV3133G","baseline","genome_restricted","SBS14",0.0392488469758184
"TOV3133G","baseline","genome_restricted","SBS15",-0.0396141085351191
"TOV3133G","baseline","genome_restricted","SBS20",-0.16464206296861
"TOV3133G","baseline","genome_restricted","SBS21",0.058361751190498
"TOV3133G","baseline","genome_restricted","SBS26",-0.0691487635481764
"TOV3133G","baseline","genome_restricted","SBS44",
"TOV3133G","baseline","genome_restricted","SBS10a",
"TOV3133G","baseline","genome_restricted","SBS10b",0.0506030162658007
"TOV3133G","baseline","genome_restricted","SBS10c",
"TOV3133G","baseline","genome_restricted","SBS10d",-0.0157758533509867
"TOV3133G","baseline","genome_restricted","SBS28",
"TOV3133G","baseline","genome_restricted","SBS2",0.207980810115158
"TOV3133G","baseline","genome_restricted","SBS13",-0.332353429558462
"TOV3133G","baseline","genome_restricted","SBS3",1
"TOV3133G","baseline","genome_restricted","SBS8",-0.562921898794099
"TOV3133G","baseline","genome_restricted","SBS17a",-0.175311784922724
"TOV3133G","baseline","genome_restricted","SBS17b",
"TOV3133G","baseline","genome_restricted","SBS18",0.277639520438952
"OV3331","baseline","genome_restricted","SBS1",0.123301552692091
"OV3331","baseline","genome_restricted","SBS5",-0.710336486987372
"OV3331","baseline","genome_restricted","SBS40",-0.0763886130582304
"OV3331","baseline","genome_restricted","SBS6",0.0328798985578233
"OV3331","baseline","genome_restricted","SBS14",
"OV3331","baseline","genome_restricted","SBS15",-0.116125167423538
"OV3331","baseline","genome_restricted","SBS20",
"OV3331","baseline","genome_restricted","SBS21",-0.00294997131554065
"OV3331","baseline","genome_restricted","SBS26",0.172409348028796
"OV3331","baseline","genome_restricted","SBS44",
"OV3331","baseline","genome_restricted","SBS10a",
"OV3331","baseline","genome_restricted","SBS10b",0.13204655705723
"OV3331","baseline","genome_restricted","SBS10c",
"OV3331","baseline","genome_restricted","SBS10d",-0.0422327518729061
"OV3331","baseline","genome_restricted","SBS28",
"OV3331","baseline","genome_restricted","SBS2",0.207084497647322
"OV3331","baseline","genome_restricted","SBS13",-0.229801688598138
"OV3331","baseline","genome_restricted","SBS3",1
"OV3331","baseline","genome_restricted","SBS8",-0.446644760652686
"OV3331","baseline","genome_restricted","SBS17a",-0.120230307609189
"OV3331","baseline","genome_restricted","SBS17b",
"OV3331","baseline","genome_restricted","SBS18",0.0676987017830897
"OV90","baseline","genome_restricted","SBS1",-0.0031154547797469
"OV90","baseline","genome_restricted","SBS5",-0.277727714808016
"OV90","baseline","genome_restricted","SBS40",-0.52022314603795
"OV90","baseline","genome_restricted","SBS6",0.000180845834265079
"OV90","baseline","genome_restricted","SBS14",
"OV90","baseline","genome_restricted","SBS15",-0.0288057456358558
"OV90","baseline","genome_restricted","SBS20",0.00796276303777342
"OV90","baseline","genome_restricted","SBS21",0.0326752592420295
"OV90","baseline","genome_restricted","SBS26",0.105662647358669
"OV90","baseline","genome_restricted","SBS44",0.00300091070237785
"OV90","baseline","genome_restricted","SBS10a",
"OV90","baseline","genome_restricted","SBS10b",0.122744328985516
"OV90","baseline","genome_restricted","SBS10c",
"OV90","baseline","genome_restricted","SBS10d",0.0977249107672618
"OV90","baseline","genome_restricted","SBS28",
"OV90","baseline","genome_restricted","SBS2",0.178711514929875
"OV90","baseline","genome_restricted","SBS13",-0.0141924575452392
"OV90","baseline","genome_restricted","SBS3",1
"OV90","baseline","genome_restricted","SBS8",-0.31893241314051
"OV90","baseline","genome_restricted","SBS17a",-0.145579782266619
"OV90","baseline","genome_restricted","SBS17b",
"OV90","baseline","genome_restricted","SBS18",0.158814946715831
"TOV81D","baseline","genome_restricted","SBS1",-0.0450022775154457
"TOV81D","baseline","genome_restricted","SBS5",-0.690090575644549
"TOV81D","baseline","genome_restricted","SBS40",-0.195268707072933
"TOV81D","baseline","genome_restricted","SBS6",0.0958312189611172
"TOV81D","baseline","genome_restricted","SBS14",0.0217662543186716
"TOV81D","baseline","genome_restricted","SBS15",-0.0533930124053492
"TOV81D","baseline","genome_restricted","SBS20",-0.256549710288379
"TOV81D","baseline","genome_restricted","SBS21",-0.0787070766694298
"TOV81D","baseline","genome_restricted","SBS26",0.0788168707235557
"TOV81D","baseline","genome_restricted","SBS44",0.0175378246161226
"TOV81D","baseline","genome_restricted","SBS10a",
"TOV81D","baseline","genome_restricted","SBS10b",0.126340002646749
"TOV81D","baseline","genome_restricted","SBS10c",
"TOV81D","baseline","genome_restricted","SBS10d",
"TOV81D","baseline","genome_restricted","SBS28",-0.205015364516803
"TOV81D","baseline","genome_restricted","SBS2",0.0653880284243575
"TOV81D","baseline","genome_restricted","SBS13",-0.254159335929242
"TOV81D","baseline","genome_restricted","SBS3",1
"TOV81D","baseline","genome_restricted","SBS8",-0.59280998945219
"TOV81D","baseline","genome_restricted","SBS17a",
"TOV81D","baseline","genome_restricted","SBS17b",
"TOV81D","baseline","genome_restricted","SBS18",0.228339882401179
"TOV21G","baseline","genome_restricted","SBS1",-0.0302825903314526
"TOV21G","baseline","genome_restricted","SBS5",-0.759790935025922
"TOV21G","baseline","genome_restricted","SBS40",-0.0436704515733718
"TOV21G","baseline","genome_restricted","SBS6",0.323777176700798
"TOV21G","baseline","genome_restricted","SBS14",0.157301964113608
"TOV21G","baseline","genome_restricted","SBS15",-0.335569580788646
"TOV21G","baseline","genome_restricted","SBS20",-0.248166780104557
"TOV21G","baseline","genome_restricted","SBS21",
"TOV21G","baseline","genome_restricted","SBS26",0.462620495805668
"TOV21G","baseline","genome_restricted","SBS44",0.185568497456255
"TOV21G","baseline","genome_restricted","SBS10a",
"TOV21G","baseline","genome_restricted","SBS10b",
"TOV21G","baseline","genome_restricted","SBS10c",
"TOV21G","baseline","genome_restricted","SBS10d",
"TOV21G","baseline","genome_restricted","SBS28",
"TOV21G","baseline","genome_restricted","SBS2",
"TOV21G","baseline","genome_restricted","SBS13",
"TOV21G","baseline","genome_restricted","SBS3",1
"TOV21G","baseline","genome_restricted","SBS8",
"TOV21G","baseline","genome_restricted","SBS17a",-0.0217176361898091
"TOV21G","baseline","genome_restricted","SBS17b",
"TOV21G","baseline","genome_restricted","SBS18",
"TOV3392D","baseline","genome_restricted","SBS1",-0.0956496180112628
"TOV3392D","baseline","genome_restricted","SBS5",-0.441365176183234
"TOV3392D","baseline","genome_restricted","SBS40",-0.490018345572586
"TOV3392D","baseline","genome_restricted","SBS6",0.146382141410764
"TOV3392D","baseline","genome_restricted","SBS14",0.0328667074663434
"TOV3392D","baseline","genome_restricted","SBS15",-0.108273217217336
"TOV3392D","baseline","genome_restricted","SBS20",-0.0943385140352845
"TOV3392D","baseline","genome_restricted","SBS21",0.00161161077863861
"TOV3392D","baseline","genome_restricted","SBS26",0.196360906052026
"TOV3392D","baseline","genome_restricted","SBS44",
"TOV3392D","baseline","genome_restricted","SBS10a",
"TOV3392D","baseline","genome_restricted","SBS10b",0.136034153801158
"TOV3392D","baseline","genome_restricted","SBS10c",
"TOV3392D","baseline","genome_restricted","SBS10d",
"TOV3392D","baseline","genome_restricted","SBS28",0.0538017262606456
"TOV3392D","baseline","genome_restricted","SBS2",0.358450357859048
"TOV3392D","baseline","genome_restricted","SBS13",-0.155393433246646
"TOV3392D","baseline","genome_restricted","SBS3",1
"TOV3392D","baseline","genome_restricted","SBS8",-0.283695914228509
"TOV3392D","baseline","genome_restricted","SBS17a",-0.104250951489835
"TOV3392D","baseline","genome_restricted","SBS17b",
"TOV3392D","baseline","genome_restricted","SBS18",0.0408144892948214
"TOV112D","baseline","genome_restricted","SBS1",0.0815605061271085
"TOV112D","baseline","genome_restricted","SBS5",-0.333666389309401
"TOV112D","baseline","genome_restricted","SBS40",-0.28696045064002
"TOV112D","baseline","genome_restricted","SBS6",0.00593914634270781
"TOV112D","baseline","genome_restricted","SBS14",-0.104394898975585
"TOV112D","baseline","genome_restricted","SBS15",-0.100543657652156
"TOV112D","baseline","genome_restricted","SBS20",-0.0206013610760535
"TOV112D","baseline","genome_restricted","SBS21",0.0287088294339409
"TOV112D","baseline","genome_restricted","SBS26",-0.0387544456399802
"TOV112D","baseline","genome_restricted","SBS44",
"TOV112D","baseline","genome_restricted","SBS10a",
"TOV112D","baseline","genome_restricted","SBS10b",0.169038091976455
"TOV112D","baseline","genome_restricted","SBS10c",
"TOV112D","baseline","genome_restricted","SBS10d",
"TOV112D","baseline","genome_restricted","SBS28",
"TOV112D","baseline","genome_restricted","SBS2",0.123744981196428
"TOV112D","baseline","genome_restricted","SBS13",
"TOV112D","baseline","genome_restricted","SBS3",1
"TOV112D","baseline","genome_restricted","SBS8",-0.144481498227941
"TOV112D","baseline","genome_restricted","SBS17a",-0.194070753201305
"TOV112D","baseline","genome_restricted","SBS17b",0.135038374215934
"TOV112D","baseline","genome_restricted","SBS18",0.0805967858511569
"TOV2414","baseline","genome_restricted","SBS1",-0.0528018861875469
"TOV2414","baseline","genome_restricted","SBS5",-0.377151782666978
"TOV2414","baseline","genome_restricted","SBS40",-0.552660962272106
"TOV2414","baseline","genome_restricted","SBS6",0.100633827686804
"TOV2414","baseline","genome_restricted","SBS14",0.043993064424117
"TOV2414","baseline","genome_restricted","SBS15",-0.0339022029210201
"TOV2414","baseline","genome_restricted","SBS20",-0.0210504182736521
"TOV2414","baseline","genome_restricted","SBS21",
"TOV2414","baseline","genome_restricted","SBS26",0.11089599539664
"TOV2414","baseline","genome_restricted","SBS44",-0.00320559272145619
"TOV2414","baseline","genome_restricted","SBS10a",
"TOV2414","baseline","genome_restricted","SBS10b",0.0538425594636647
"TOV2414","baseline","genome_restricted","SBS10c",
"TOV2414","baseline","genome_restricted","SBS10d",0.015574871048397
"TOV2414","baseline","genome_restricted","SBS28",
"TOV2414","baseline","genome_restricted","SBS2",0.331571884046363
"TOV2414","baseline","genome_restricted","SBS13",
"TOV2414","baseline","genome_restricted","SBS3",1
"TOV2414","baseline","genome_restricted","SBS8",-0.118617059419206
"TOV2414","baseline","genome_restricted","SBS17a",-0.0438819824641928
"TOV2414","baseline","genome_restricted","SBS17b",
"TOV2414","baseline","genome_restricted","SBS18",0.129390397676872
"OV1369-R2","rare_read_supported","genome_restricted","SBS1",0.026228095462876
"OV1369-R2","rare_read_supported","genome_restricted","SBS5",-0.233299090257862
"OV1369-R2","rare_read_supported","genome_restricted","SBS40",-0.561918868531956
"OV1369-R2","rare_read_supported","genome_restricted","SBS6",-0.0852034198422642
"OV1369-R2","rare_read_supported","genome_restricted","SBS14",-0.0468281581708243
"OV1369-R2","rare_read_supported","genome_restricted","SBS15",0.0244856876757609
"OV1369-R2","rare_read_supported","genome_restricted","SBS20",
"OV1369-R2","rare_read_supported","genome_restricted","SBS21",-0.0218994924074262
"OV1369-R2","rare_read_supported","genome_restricted","SBS26",
"OV1369-R2","rare_read_supported","genome_restricted","SBS44",0.0831055923616648
"OV1369-R2","rare_read_supported","genome_restricted","SBS10a",0.195883738803392
"OV1369-R2","rare_read_supported","genome_restricted","SBS10b",0.139497950367796
"OV1369-R2","rare_read_supported","genome_restricted","SBS10c",
"OV1369-R2","rare_read_supported","genome_restricted","SBS10d",
"OV1369-R2","rare_read_supported","genome_restricted","SBS28",
"OV1369-R2","rare_read_supported","genome_restricted","SBS2",0.179613423676857
"OV1369-R2","rare_read_supported","genome_restricted","SBS13",-0.101611763420776
"OV1369-R2","rare_read_supported","genome_restricted","SBS3",1
"OV1369-R2","rare_read_supported","genome_restricted","SBS8",-0.314863882046574
"OV1369-R2","rare_read_supported","genome_restricted","SBS17a",
"OV1369-R2","rare_read_supported","genome_restricted","SBS17b",-0.0273846624700914
"OV1369-R2","rare_read_supported","genome_restricted","SBS18",0.0489758201232192
"OV2085","rare_read_supported","genome_restricted","SBS1",-0.0986462770034639
"OV2085","rare_read_supported","genome_restricted","SBS5",-0.236344898831077
"OV2085","rare_read_supported","genome_restricted","SBS40",-0.654595770644019
"OV2085","rare_read_supported","genome_restricted","SBS6",0.0639189648093349
"OV2085","rare_read_supported","genome_restricted","SBS14",
"OV2085","rare_read_supported","genome_restricted","SBS15",0.0129694355304239
"OV2085","rare_read_supported","genome_restricted","SBS20",-0.138002161324654
"OV2085","rare_read_supported","genome_restricted","SBS21",
"OV2085","rare_read_supported","genome_restricted","SBS26",-0.071939992129205
"OV2085","rare_read_supported","genome_restricted","SBS44",-0.0237576537402481
"OV2085","rare_read_supported","genome_restricted","SBS10a",
"OV2085","rare_read_supported","genome_restricted","SBS10b",0.101582849620989
"OV2085","rare_read_supported","genome_restricted","SBS10c",
"OV2085","rare_read_supported","genome_restricted","SBS10d",
"OV2085","rare_read_supported","genome_restricted","SBS28",0.272970426016742
"OV2085","rare_read_supported","genome_restricted","SBS2",0.385359072805793
"OV2085","rare_read_supported","genome_restricted","SBS13",0.000909910051184101
"OV2085","rare_read_supported","genome_restricted","SBS3",1
"OV2085","rare_read_supported","genome_restricted","SBS8",
"OV2085","rare_read_supported","genome_restricted","SBS17a",-0.00620467345877439
"OV2085","rare_read_supported","genome_restricted","SBS17b",-0.095098359476034
"OV2085","rare_read_supported","genome_restricted","SBS18",0.21583649373299
"OV2295","rare_read_supported","genome_restricted","SBS1",-0.0744698161946094
"OV2295","rare_read_supported","genome_restricted","SBS5",-0.453272426822874
"OV2295","rare_read_supported","genome_restricted","SBS40",-0.616571931311585
"OV2295","rare_read_supported","genome_restricted","SBS6",-0.00569379742489061
"OV2295","rare_read_supported","genome_restricted","SBS14",
"OV2295","rare_read_supported","genome_restricted","SBS15",0.0638945768546291
"OV2295","rare_read_supported","genome_restricted","SBS20",
"OV2295","rare_read_supported","genome_restricted","SBS21",0.0712880611223981
"OV2295","rare_read_supported","genome_restricted","SBS26",-0.113349014836791
"OV2295","rare_read_supported","genome_restricted","SBS44",-0.0526025994733689
"OV2295","rare_read_supported","genome_restricted","SBS10a",-0.0103599062612829
"OV2295","rare_read_supported","genome_restricted","SBS10b",0.168247310023111
"OV2295","rare_read_supported","genome_restricted","SBS10c",
"OV2295","rare_read_supported","genome_restricted","SBS10d",0.0475534823380374
"OV2295","rare_read_supported","genome_restricted","SBS28",
"OV2295","rare_read_supported","genome_restricted","SBS2",0.321635037490411
"OV2295","rare_read_supported","genome_restricted","SBS13",0.00545510213509478
"OV2295","rare_read_supported","genome_restricted","SBS3",1
"OV2295","rare_read_supported","genome_restricted","SBS8",-0.105229430518183
"OV2295","rare_read_supported","genome_restricted","SBS17a",-0.126990449381261
"OV2295","rare_read_supported","genome_restricted","SBS17b",-0.0641145229230038
"OV2295","rare_read_supported","genome_restricted","SBS18",-0.122294370218216
"OV2295-R2","rare_read_supported","genome_restricted","SBS1",0.187135997202929
"OV2295-R2","rare_read_supported","genome_restricted","SBS5",-0.277218123373001
"OV2295-R2","rare_read_supported","genome_restricted","SBS40",-0.695979233825249
"OV2295-R2","rare_read_supported","genome_restricted","SBS6",-0.155841753887606
"OV2295-R2","rare_read_supported","genome_restricted","SBS14",
"OV2295-R2","rare_read_supported","genome_restricted","SBS15",0.03609668431499
"OV2295-R2","rare_read_supported","genome_restricted","SBS20",
"OV2295-R2","rare_read_supported","genome_restricted","SBS21",0.0890441825078039
"OV2295-R2","rare_read_supported","genome_restricted","SBS26",0.0789360747150609
"OV2295-R2","rare_read_supported","genome_restricted","SBS44",
"OV2295-R2","rare_read_supported","genome_restricted","SBS10a",0.0686862976138363
"OV2295-R2","rare_read_supported","genome_restricted","SBS10b",-0.0715476097896846
"OV2295-R2","rare_read_supported","genome_restricted","SBS10c",
"OV2295-R2","rare_read_supported","genome_restricted","SBS10d",
"OV2295-R2","rare_read_supported","genome_restricted","SBS28",
"OV2295-R2","rare_read_supported","genome_restricted","SBS2",0.472670338997161
"OV2295-R2","rare_read_supported","genome_restricted","SBS13",0.00611668393585567
"OV2295-R2","rare_read_supported","genome_restricted","SBS3",1
"OV2295-R2","rare_read_supported","genome_restricted","SBS8",
"OV2295-R2","rare_read_supported","genome_restricted","SBS17a",0.027766908830923
"OV2295-R2","rare_read_supported","genome_restricted","SBS17b",
"OV2295-R2","rare_read_supported","genome_restricted","SBS18",0.14680021638814
"OV3133-R","rare_read_supported","genome_restricted","SBS1",-0.144425737724546
"OV3133-R","rare_read_supported","genome_restricted","SBS5",-0.577637847718866
"OV3133-R","rare_read_supported","genome_restricted","SBS40",-0.372854719848326
"OV3133-R","rare_read_supported","genome_restricted","SBS6",0.203986854414472
"OV3133-R","rare_read_supported","genome_restricted","SBS14",0.112685661247944
"OV3133-R","rare_read_supported","genome_restricted","SBS15",0.106290049182889
"OV3133-R","rare_read_supported","genome_restricted","SBS20",-0.168089234204352
"OV3133-R","rare_read_supported","genome_restricted","SBS21",-0.0535740991888075
"OV3133-R","rare_read_supported","genome_restricted","SBS26",0.0574438407508895
"OV3133-R","rare_read_supported","genome_restricted","SBS44",-0.00371333197686
"OV3133-R","rare_read_supported","genome_restricted","SBS10a",0.0435200551240144
"OV3133-R","rare_read_supported","genome_restricted","SBS10b",
"OV3133-R","rare_read_supported","genome_restricted","SBS10c",0.0281544669350377
"OV3133-R","rare_read_supported","genome_restricted","SBS10d",-0.149573950719625
"OV3133-R","rare_read_supported","genome_restricted","SBS28",0.112831485844856
"OV3133-R","rare_read_supported","genome_restricted","SBS2",0.353294665190525
"OV3133-R","rare_read_supported","genome_restricted","SBS13",-0.143643170128544
"OV3133-R","rare_read_supported","genome_restricted","SBS3",1
"OV3133-R","rare_read_supported","genome_restricted","SBS8",-0.235394542668819
"OV3133-R","rare_read_supported","genome_restricted","SBS17a",-0.0749216258724942
"OV3133-R","rare_read_supported","genome_restricted","SBS17b",
"OV3133-R","rare_read_supported","genome_restricted","SBS18",0.0874648418302315
"OV3133-R2","rare_read_supported","genome_restricted","SBS1",-0.0465806001804739
"OV3133-R2","rare_read_supported","genome_restricted","SBS5",-0.433701532976715
"OV3133-R2","rare_read_supported","genome_restricted","SBS40",-0.393011753969041
"OV3133-R2","rare_read_supported","genome_restricted","SBS6",0.228827662784295
"OV3133-R2","rare_read_supported","genome_restricted","SBS14",0.0583402703743721
"OV3133-R2","rare_read_supported","genome_restricted","SBS15",0.0193449139986571
"OV3133-R2","rare_read_supported","genome_restricted","SBS20",-0.159101749629286
"OV3133-R2","rare_read_supported","genome_restricted","SBS21",-0.142084786878763
"OV3133-R2","rare_read_supported","genome_restricted","SBS26",0.106324059732068
"OV3133-R2","rare_read_supported","genome_restricted","SBS44",-0.0024261082020533
"OV3133-R2","rare_read_supported","genome_restricted","SBS10a",0.067296137958418
"OV3133-R2","rare_read_supported","genome_restricted","SBS10b",
"OV3133-R2","rare_read_supported","genome_restricted","SBS10c",0.0593526881001005
"OV3133-R2","rare_read_supported","genome_restricted","SBS10d",-0.0333981186605267
"OV3133-R2","rare_read_supported","genome_restricted","SBS28",
"OV3133-R2","rare_read_supported","genome_restricted","SBS2",0.229118927541015
"OV3133-R2","rare_read_supported","genome_restricted","SBS13",-0.00762984212354196
"OV3133-R2","rare_read_supported","genome_restricted","SBS3",1
"OV3133-R2","rare_read_supported","genome_restricted","SBS8",-0.362066571597719
"OV3133-R2","rare_read_supported","genome_restricted","SBS17a",-0.0328515790652446
"OV3133-R2","rare_read_supported","genome_restricted","SBS17b",0.106339443646135
"OV3133-R2","rare_read_supported","genome_restricted","SBS18",0.176922887072638
"OV3291","rare_read_supported","genome_restricted","SBS1",0.0209783171952769
"OV3291","rare_read_supported","genome_restricted","SBS5",-0.232759320741451
"OV3291","rare_read_supported","genome_restricted","SBS40",-0.769654251520614
"OV3291","rare_read_supported","genome_restricted","SBS6",0.033429617326086
"OV3291","rare_read_supported","genome_restricted","SBS14",
"OV3291","rare_read_supported","genome_restricted","SBS15",-0.0246387672131509
"OV3291","rare_read_supported","genome_restricted","SBS20",-0.0140113326367938
"OV3291","rare_read_supported","genome_restricted","SBS21",-0.086204455024515
"OV3291","rare_read_supported","genome_restricted","SBS26",0.0817420779523363
"OV3291","rare_read_supported","genome_restricted","SBS44",-0.0731791060767095
"OV3291","rare_read_supported","genome_restricted","SBS10a",0.0616945624521251
"OV3291","rare_read_supported","genome_restricted","SBS10b",0.0880778645871523
"OV3291","rare_read_supported","genome_restricted","SBS10c",0.0992992924055126
"OV3291","rare_read_supported","genome_restricted","SBS10d",0.0266225860847282
"OV3291","rare_read_supported","genome_restricted","SBS28",
"OV3291","rare_read_supported","genome_restricted","SBS2",0.259697935676102
"OV3291","rare_read_supported","genome_restricted","SBS13",-0.0573840682451033
"OV3291","rare_read_supported","genome_restricted","SBS3",1
"OV3291","rare_read_supported","genome_restricted","SBS8",0.0266112354729959
"OV3291","rare_read_supported","genome_restricted","SBS17a",-0.0936668683325355
"OV3291","rare_read_supported","genome_restricted","SBS17b",-0.0109127064476148
"OV3291","rare_read_supported","genome_restricted","SBS18",0.0205864789679658
"TOV1369","rare_read_supported","genome_restricted","SBS1",0.0416873535371751
"TOV1369","rare_read_supported","genome_restricted","SBS5",-0.559117267340365
"TOV1369","rare_read_supported","genome_restricted","SBS40",-0.416966977374183
"TOV1369","rare_read_supported","genome_restricted","SBS6",-0.0342529467720641
"TOV1369","rare_read_supported","genome_restricted","SBS14",
"TOV1369","rare_read_supported","genome_restricted","SBS15",-0.157447670492455
"TOV1369","rare_read_supported","genome_restricted","SBS20",
"TOV1369","rare_read_supported","genome_restricted","SBS21",0.0248823766817858
"TOV1369","rare_read_supported","genome_restricted","SBS26",
"TOV1369","rare_read_supported","genome_restricted","SBS44",-0.0432517849779616
"TOV1369","rare_read_supported","genome_restricted","SBS10a",-0.0987500974589576
"TOV1369","rare_read_supported","genome_restricted","SBS10b",0.0850565467794945
"TOV1369","rare_read_supported","genome_restricted","SBS10c",
"TOV1369","rare_read_supported","genome_restricted","SBS10d",0.030095052471066
"TOV1369","rare_read_supported","genome_restricted","SBS28",
"TOV1369","rare_read_supported","genome_restricted","SBS2",0.167656833611644
"TOV1369","rare_read_supported","genome_restricted","SBS13",-0.321554615026759
"TOV1369","rare_read_supported","genome_restricted","SBS3",1
"TOV1369","rare_read_supported","genome_restricted","SBS8",-0.434172822838855
"TOV1369","rare_read_supported","genome_restricted","SBS17a",
"TOV1369","rare_read_supported","genome_restricted","SBS17b",
"TOV1369","rare_read_supported","genome_restricted","SBS18",-0.0488512133988821
"TOV2295-R","rare_read_supported","genome_restricted","SBS1",0.100022545367053
"TOV2295-R","rare_read_supported","genome_restricted","SBS5",-0.697614637183013
"TOV2295-R","rare_read_supported","genome_restricted","SBS40",-0.179069173444299
"TOV2295-R","rare_read_supported","genome_restricted","SBS6",0.0348125663004415
"TOV2295-R","rare_read_supported","genome_restricted","SBS14",
"TOV2295-R","rare_read_supported","genome_restricted","SBS15",0.0532978516045528
"TOV2295-R","rare_read_supported","genome_restricted","SBS20",
"TOV2295-R","rare_read_supported","genome_restricted","SBS21",0.0131044679553937
"TOV2295-R","rare_read_supported","genome_restricted","SBS26",
"TOV2295-R","rare_read_supported","genome_restricted","SBS44",-0.0608406617372979
"TOV2295-R","rare_read_supported","genome_restricted","SBS10a",
"TOV2295-R","rare_read_supported","genome_restricted","SBS10b",0.124532114984352
"TOV2295-R","rare_read_supported","genome_restricted","SBS10c",
"TOV2295-R","rare_read_supported","genome_restricted","SBS10d",
"TOV2295-R","rare_read_supported","genome_restricted","SBS28",
"TOV2295-R","rare_read_supported","genome_restricted","SBS2",0.13768525595578
"TOV2295-R","rare_read_supported","genome_restricted","SBS13",-0.0310846431539156
"TOV2295-R","rare_read_supported","genome_restricted","SBS3",1
"TOV2295-R","rare_read_supported","genome_restricted","SBS8",0.0382795867188303
"TOV2295-R","rare_read_supported","genome_restricted","SBS17a",
"TOV2295-R","rare_read_supported","genome_restricted","SBS17b",
"TOV2295-R","rare_read_supported","genome_restricted","SBS18",-0.319104148798289
"TOV2835EP","rare_read_supported","genome_restricted","SBS1",0.0312513875490062
"TOV2835EP","rare_read_supported","genome_restricted","SBS5",-0.604876309870798
"TOV2835EP","rare_read_supported","genome_restricted","SBS40",-0.304469120363865
"TOV2835EP","rare_read_supported","genome_restricted","SBS6",0.0941805718094252
"TOV2835EP","rare_read_supported","genome_restricted","SBS14",-0.0469944805210094
"TOV2835EP","rare_read_supported","genome_restricted","SBS15",-0.0952161372579394
"TOV2835EP","rare_read_supported","genome_restricted","SBS20",-0.126182312017525
"TOV2835EP","rare_read_supported","genome_restricted","SBS21",-0.113961974529606
"TOV2835EP","rare_read_supported","genome_restricted","SBS26",0.045929682265885
"TOV2835EP","rare_read_supported","genome_restricted","SBS44",-0.0237287905796492
"TOV2835EP","rare_read_supported","genome_restricted","SBS10a",0.166752068501962
"TOV2835EP","rare_read_supported","genome_restricted","SBS10b",0.14075769876086
"TOV2835EP","rare_read_supported","genome_restricted","SBS10c",0.0128569536360473
"TOV2835EP","rare_read_supported","genome_restricted","SBS10d",-0.108320622051021
"TOV2835EP","rare_read_supported","genome_restricted","SBS28",
"TOV2835EP","rare_read_supported","genome_restricted","SBS2",0.236036435387011
"TOV2835EP","rare_read_supported","genome_restricted","SBS13",-0.0796229745745528
"TOV2835EP","rare_read_supported","genome_restricted","SBS3",1
"TOV2835EP","rare_read_supported","genome_restricted","SBS8",-0.45126946244916
"TOV2835EP","rare_read_supported","genome_restricted","SBS17a",
"TOV2835EP","rare_read_supported","genome_restricted","SBS17b",0.0677732737916286
"TOV2835EP","rare_read_supported","genome_restricted","SBS18",-0.021899921873941
"TOV2881EP","rare_read_supported","genome_restricted","SBS1",0.0340030114595289
"TOV2881EP","rare_read_supported","genome_restricted","SBS5",-0.197742895164319
"TOV2881EP","rare_read_supported","genome_restricted","SBS40",-0.595671433655654
"TOV2881EP","rare_read_supported","genome_restricted","SBS6",-0.117576188652843
"TOV2881EP","rare_read_supported","genome_restricted","SBS14",0.0374394545821623
"TOV2881EP","rare_read_supported","genome_restricted","SBS15",-0.00765197019300053
"TOV2881EP","rare_read_supported","genome_restricted","SBS20",-0.0327479251362044
"TOV2881EP","rare_read_supported","genome_restricted","SBS21",-0.266999681813828
"TOV2881EP","rare_read_supported","genome_restricted","SBS26",-0.0203948760513557
"TOV2881EP","rare_read_supported","genome_restricted","SBS44",0.0315086783227666
"TOV2881EP","rare_read_supported","genome_restricted","SBS10a",
"TOV2881EP","rare_read_supported","genome_restricted","SBS10b",
"TOV2881EP","rare_read_supported","genome_restricted","SBS10c",0.0772235521054492
"TOV2881EP","rare_read_supported","genome_restricted","SBS10d",0.267052441959195
"TOV2881EP","rare_read_supported","genome_restricted","SBS28",-0.00116480720110771
"TOV2881EP","rare_read_supported","genome_restricted","SBS2",0.308627833122809
"TOV2881EP","rare_read_supported","genome_restricted","SBS13",-0.220325915693719
"TOV2881EP","rare_read_supported","genome_restricted","SBS3",1
"TOV2881EP","rare_read_supported","genome_restricted","SBS8",-0.406370319675385
"TOV2881EP","rare_read_supported","genome_restricted","SBS17a",0.00753788707929983
"TOV2881EP","rare_read_supported","genome_restricted","SBS17b",-0.103252991747658
"TOV2881EP","rare_read_supported","genome_restricted","SBS18",-0.0248760103360606
"TOV2929D","rare_read_supported","genome_restricted","SBS1",0.103424522398707
"TOV2929D","rare_read_supported","genome_restricted","SBS5",-0.530865399268854
"TOV2929D","rare_read_supported","genome_restricted","SBS40",-0.455541728596144
"TOV2929D","rare_read_supported","genome_restricted","SBS6",0.0410178913034988
"TOV2929D","rare_read_supported","genome_restricted","SBS14",-0.0293814289822749
"TOV2929D","rare_read_supported","genome_restricted","SBS15",0.129225302441118
"TOV2929D","rare_read_supported","genome_restricted","SBS20",-0.000375017057143131
"TOV2929D","rare_read_supported","genome_restricted","SBS21",
"TOV2929D","rare_read_supported","genome_restricted","SBS26",0.124907488745733
"TOV2929D","rare_read_supported","genome_restricted","SBS44",-0.0272060290793515
"TOV2929D","rare_read_supported","genome_restricted","SBS10a",-0.0056930954772632
"TOV2929D","rare_read_supported","genome_restricted","SBS10b",0.0297681546760696
"TOV2929D","rare_read_supported","genome_restricted","SBS10c",-0.0181592558402064
"TOV2929D","rare_read_supported","genome_restricted","SBS10d",0.0915748498774507
"TOV2929D","rare_read_supported","genome_restricted","SBS28",
"TOV2929D","rare_read_supported","genome_restricted","SBS2",0.251611786120153
"TOV2929D","rare_read_supported","genome_restricted","SBS13",-0.205997400607829
"TOV2929D","rare_read_supported","genome_restricted","SBS3",1
"TOV2929D","rare_read_supported","genome_restricted","SBS8",-0.401466431298291
"TOV2929D","rare_read_supported","genome_restricted","SBS17a",-0.155697473203914
"TOV2929D","rare_read_supported","genome_restricted","SBS17b",
"TOV2929D","rare_read_supported","genome_restricted","SBS18",-0.073202124817061
"TOV3121D","rare_read_supported","genome_restricted","SBS1",0.0392072982492075
"TOV3121D","rare_read_supported","genome_restricted","SBS5",-0.519600497289539
"TOV3121D","rare_read_supported","genome_restricted","SBS40",-0.320199604616359
"TOV3121D","rare_read_supported","genome_restricted","SBS6",0.161363589295612
"TOV3121D","rare_read_supported","genome_restricted","SBS14",0.11044011970926
"TOV3121D","rare_read_supported","genome_restricted","SBS15",-0.191212198499683
"TOV3121D","rare_read_supported","genome_restricted","SBS20",-0.238500204628844
"TOV3121D","rare_read_supported","genome_restricted","SBS21",-0.0221135800954749
"TOV3121D","rare_read_supported","genome_restricted","SBS26",0.0862082549118214
"TOV3121D","rare_read_supported","genome_restricted","SBS44",0.0644253994087797
"TOV3121D","rare_read_supported","genome_restricted","SBS10a",0.0379517860134809
"TOV3121D","rare_read_supported","genome_restricted","SBS10b",0.0335006483576854
"TOV3121D","rare_read_supported","genome_restricted","SBS10c",0.107086370143486
"TOV3121D","rare_read_supported","genome_restricted","SBS10d",0.0918981981143984
"TOV3121D","rare_read_supported","genome_restricted","SBS28",
"TOV3121D","rare_read_supported","genome_restricted","SBS2",0.293546117143626
"TOV3121D","rare_read_supported","genome_restricted","SBS13",-0.257323089120766
"TOV3121D","rare_read_supported","genome_restricted","SBS3",1
"TOV3121D","rare_read_supported","genome_restricted","SBS8",-0.326648749981939
"TOV3121D","rare_read_supported","genome_restricted","SBS17a",-0.116038347433925
"TOV3121D","rare_read_supported","genome_restricted","SBS17b",
"TOV3121D","rare_read_supported","genome_restricted","SBS18",-0.0751481642233392
"TOV3121EP","rare_read_supported","genome_restricted","SBS1",-0.0460288971739033
"TOV3121EP","rare_read_supported","genome_restricted","SBS5",-0.420650508948539
"TOV3121EP","rare_read_supported","genome_restricted","SBS40",-0.372056476668452
"TOV3121EP","rare_read_supported","genome_restricted","SBS6",0.0588354011082878
"TOV3121EP","rare_read_supported","genome_restricted","SBS14",0.136910870956679
"TOV3121EP","rare_read_supported","genome_restricted","SBS15",0.0159849212539089
"TOV3121EP","rare_read_supported","genome_restricted","SBS20",-0.100300803612089
"TOV3121EP","rare_read_supported","genome_restricted","SBS21",-0.0918233898819861
"TOV3121EP","rare_read_supported","genome_restricted","SBS26",-0.151908270374822
"TOV3121EP","rare_read_supported","genome_restricted","SBS44",0.0737307731083783
"TOV3121EP","rare_read_supported","genome_restricted","SBS10a",0.0198914777462565
"TOV3121EP","rare_read_supported","genome_restricted","SBS10b",-0.104723061429908
"TOV3121EP","rare_read_supported","genome_restricted","SBS10c",-0.0337781735438259
"TOV3121EP","rare_read_supported","genome_restricted","SBS10d",
"TOV3121EP","rare_read_supported","genome_restricted","SBS28",
"TOV3121EP","rare_read_supported","genome_restricted","SBS2",0.206682001714122
"TOV3121EP","rare_read_supported","genome_restricted","SBS13",-0.28173713635301
"TOV3121EP","rare_read_supported","genome_restricted","SBS3",1
"TOV3121EP","rare_read_supported","genome_restricted","SBS8",-0.404488011850986
"TOV3121EP","rare_read_supported","genome_restricted","SBS17a",0.1051042017316
"TOV3121EP","rare_read_supported","genome_restricted","SBS17b",
"TOV3121EP","rare_read_supported","genome_restricted","SBS18",0.0450130255241578
"TOV3133D","rare_read_supported","genome_restricted","SBS1",0.025764342753634
"TOV3133D","rare_read_supported","genome_restricted","SBS5",-0.402869562768337
"TOV3133D","rare_read_supported","genome_restricted","SBS40",-0.530818914411636
"TOV3133D","rare_read_supported","genome_restricted","SBS6",0.0741375190422259
"TOV3133D","rare_read_supported","genome_restricted","SBS14",0.0305258662099137
"TOV3133D","rare_read_supported","genome_restricted","SBS15",-0.0103511194351325
"TOV3133D","rare_read_supported","genome_restricted","SBS20",-0.181248422800634
"TOV3133D","rare_read_supported","genome_restricted","SBS21",-0.148518148920616
"TOV3133D","rare_read_supported","genome_restricted","SBS26",-0.002730515567256
"TOV3133D","rare_read_supported","genome_restricted","SBS44",
"TOV3133D","rare_read_supported","genome_restricted","SBS10a",0.0910255021129383
"TOV3133D","rare_read_supported","genome_restricted","SBS10b",
"TOV3133D","rare_read_supported","genome_restricted","SBS10c",0.0396539184520416
"TOV3133D","rare_read_supported","genome_restricted","SBS10d",-0.0233469279166327
"TOV3133D","rare_read_supported","genome_restricted","SBS28",
"TOV3133D","rare_read_supported","genome_restricted","SBS2",0.160333935679873
"TOV3133D","rare_read_supported","genome_restricted","SBS13",-0.14011507552527
"TOV3133D","rare_read_supported","genome_restricted","SBS3",1
"TOV3133D","rare_read_supported","genome_restricted","SBS8",-0.189059606494748
"TOV3133D","rare_read_supported","genome_restricted","SBS17a",-0.0894721564423848
"TOV3133D","rare_read_supported","genome_restricted","SBS17b",
"TOV3133D","rare_read_supported","genome_restricted","SBS18",0.024353099243484
"TOV3133G","rare_read_supported","genome_restricted","SBS1",-0.131888150324594
"TOV3133G","rare_read_supported","genome_restricted","SBS5",-0.572069005806759
"TOV3133G","rare_read_supported","genome_restricted","SBS40",-0.39865319176711
"TOV3133G","rare_read_supported","genome_restricted","SBS6",0.25628556858335
"TOV3133G","rare_read_supported","genome_restricted","SBS14",-0.0721374363031136
"TOV3133G","rare_read_supported","genome_restricted","SBS15",0.0530753393269166
"TOV3133G","rare_read_supported","genome_restricted","SBS20",-0.0953930265050466
"TOV3133G","rare_read_supported","genome_restricted","SBS21",0.07242869357613
"TOV3133G","rare_read_supported","genome_restricted","SBS26",0.0704828577790186
"TOV3133G","rare_read_supported","genome_restricted","SBS44",-0.0387624792091038
"TOV3133G","rare_read_supported","genome_restricted","SBS10a",0.0975281635017745
"TOV3133G","rare_read_supported","genome_restricted","SBS10b",
"TOV3133G","rare_read_supported","genome_restricted","SBS10c",0.203151143565326
"TOV3133G","rare_read_supported","genome_restricted","SBS10d",-0.108653401383782
"TOV3133G","rare_read_supported","genome_restricted","SBS28",
"TOV3133G","rare_read_supported","genome_restricted","SBS2",0.269267712136018
"TOV3133G","rare_read_supported","genome_restricted","SBS13",-0.210939436900114
"TOV3133G","rare_read_supported","genome_restricted","SBS3",1
"TOV3133G","rare_read_supported","genome_restricted","SBS8",-0.214530873627569
"TOV3133G","rare_read_supported","genome_restricted","SBS17a",-0.0541527643639122
"TOV3133G","rare_read_supported","genome_restricted","SBS17b",
"TOV3133G","rare_read_supported","genome_restricted","SBS18",0.106667051951094
"OV3331","rare_read_supported","genome_restricted","SBS1",0.143175645788839
"OV3331","rare_read_supported","genome_restricted","SBS5",-0.768072584841999
"OV3331","rare_read_supported","genome_restricted","SBS40",-0.178179197141701
"OV3331","rare_read_supported","genome_restricted","SBS6",0.0582979197983819
"OV3331","rare_read_supported","genome_restricted","SBS14",
"OV3331","rare_read_supported","genome_restricted","SBS15",-0.16548520766708
"OV3331","rare_read_supported","genome_restricted","SBS20",
"OV3331","rare_read_supported","genome_restricted","SBS21",-0.0105989520641879
"OV3331","rare_read_supported","genome_restricted","SBS26",0.0925447039860327
"OV3331","rare_read_supported","genome_restricted","SBS44",-0.0449874001276512
"OV3331","rare_read_supported","genome_restricted","SBS10a",0.0397038389249827
"OV3331","rare_read_supported","genome_restricted","SBS10b",-0.024054798256667
"OV3331","rare_read_supported","genome_restricted","SBS10c",
"OV3331","rare_read_supported","genome_restricted","SBS10d",0.00319209282460927
"OV3331","rare_read_supported","genome_restricted","SBS28",
"OV3331","rare_read_supported","genome_restricted","SBS2",0.173070526445393
"OV3331","rare_read_supported","genome_restricted","SBS13",-0.144853949667935
"OV3331","rare_read_supported","genome_restricted","SBS3",1
"OV3331","rare_read_supported","genome_restricted","SBS8",-0.313523310280506
"OV3331","rare_read_supported","genome_restricted","SBS17a",-0.104974771707964
"OV3331","rare_read_supported","genome_restricted","SBS17b",
"OV3331","rare_read_supported","genome_restricted","SBS18",0.0232646017452791
"OV90","rare_read_supported","genome_restricted","SBS1",0.055792888922748
"OV90","rare_read_supported","genome_restricted","SBS5",-0.304655967103006
"OV90","rare_read_supported","genome_restricted","SBS40",-0.642889198399238
"OV90","rare_read_supported","genome_restricted","SBS6",-0.00334215274354911
"OV90","rare_read_supported","genome_restricted","SBS14",-0.0348978338440049
"OV90","rare_read_supported","genome_restricted","SBS15",-0.0583505403035126
"OV90","rare_read_supported","genome_restricted","SBS20",0.0319945935318339
"OV90","rare_read_supported","genome_restricted","SBS21",0.0897359671373738
"OV90","rare_read_supported","genome_restricted","SBS26",0.00473866325071201
"OV90","rare_read_supported","genome_restricted","SBS44",-0.0700957973273054
"OV90","rare_read_supported","genome_restricted","SBS10a",
"OV90","rare_read_supported","genome_restricted","SBS10b",0.0449736526814073
"OV90","rare_read_supported","genome_restricted","SBS10c",0.184586621222199
"OV90","rare_read_supported","genome_restricted","SBS10d",0.0952024993877016
"OV90","rare_read_supported","genome_restricted","SBS28",
"OV90","rare_read_supported","genome_restricted","SBS2",0.407162442451315
"OV90","rare_read_supported","genome_restricted","SBS13",-0.0013021320883998
"OV90","rare_read_supported","genome_restricted","SBS3",1
"OV90","rare_read_supported","genome_restricted","SBS8",-0.169788535056707
"OV90","rare_read_supported","genome_restricted","SBS17a",
"OV90","rare_read_supported","genome_restricted","SBS17b",0.0428702659254469
"OV90","rare_read_supported","genome_restricted","SBS18",0.0564505694527843
"TOV81D","rare_read_supported","genome_restricted","SBS1",
"TOV81D","rare_read_supported","genome_restricted","SBS5",-0.624987116166707
"TOV81D","rare_read_supported","genome_restricted","SBS40",-0.387130447470166
"TOV81D","rare_read_supported","genome_restricted","SBS6",0.162200668752145
"TOV81D","rare_read_supported","genome_restricted","SBS14",0.0213855237164638
"TOV81D","rare_read_supported","genome_restricted","SBS15",0.172170582337119
"TOV81D","rare_read_supported","genome_restricted","SBS20",-0.165729330637204
"TOV81D","rare_read_supported","genome_restricted","SBS21",0.0619577654351064
"TOV81D","rare_read_supported","genome_restricted","SBS26",
"TOV81D","rare_read_supported","genome_restricted","SBS44",0.132891228697621
"TOV81D","rare_read_supported","genome_restricted","SBS10a",0.10524451562727
"TOV81D","rare_read_supported","genome_restricted","SBS10b",0.264029874414809
"TOV81D","rare_read_supported","genome_restricted","SBS10c",
"TOV81D","rare_read_supported","genome_restricted","SBS10d",-0.10864004367661
"TOV81D","rare_read_supported","genome_restricted","SBS28",-0.067291727201694
"TOV81D","rare_read_supported","genome_restricted","SBS2",0.0762839704524507
"TOV81D","rare_read_supported","genome_restricted","SBS13",-0.045590579247859
"TOV81D","rare_read_supported","genome_restricted","SBS3",1
"TOV81D","rare_read_supported","genome_restricted","SBS8",
"TOV81D","rare_read_supported","genome_restricted","SBS17a",-0.148586089867395
"TOV81D","rare_read_supported","genome_restricted","SBS17b",-0.021968781810764
"TOV81D","rare_read_supported","genome_restricted","SBS18",-0.117875849786094
"TOV21G","rare_read_supported","genome_restricted","SBS1",
"TOV21G","rare_read_supported","genome_restricted","SBS5",-0.351439073923242
"TOV21G","rare_read_supported","genome_restricted","SBS40",-0.0271441594160738
"TOV21G","rare_read_supported","genome_restricted","SBS6",-0.0212440425658671
"TOV21G","rare_read_supported","genome_restricted","SBS14",-0.0125148596116401
"TOV21G","rare_read_supported","genome_restricted","SBS15",0.017996855383957
"TOV21G","rare_read_supported","genome_restricted","SBS20",-0.058124470999972
"TOV21G","rare_read_supported","genome_restricted","SBS21",
"TOV21G","rare_read_supported","genome_restricted","SBS26",-0.01251485961164
"TOV21G","rare_read_supported","genome_restricted","SBS44",0.0522020471084001
"TOV21G","rare_read_supported","genome_restricted","SBS10a",
"TOV21G","rare_read_supported","genome_restricted","SBS10b",0.447443773110345
"TOV21G","rare_read_supported","genome_restricted","SBS10c",
"TOV21G","rare_read_supported","genome_restricted","SBS10d",
"TOV21G","rare_read_supported","genome_restricted","SBS28",
"TOV21G","rare_read_supported","genome_restricted","SBS2",0.366326727635758
"TOV21G","rare_read_supported","genome_restricted","SBS13",
"TOV21G","rare_read_supported","genome_restricted","SBS3",1
"TOV21G","rare_read_supported","genome_restricted","SBS8",
"TOV21G","rare_read_supported","genome_restricted","SBS17a",-0.0334906587119949
"TOV21G","rare_read_supported","genome_restricted","SBS17b",
"TOV21G","rare_read_supported","genome_restricted","SBS18",0.65534856106116
"TOV3392D","rare_read_supported","genome_restricted","SBS1",-0.0351565227367548
"TOV3392D","rare_read_supported","genome_restricted","SBS5",-0.212341605464223
"TOV3392D","rare_read_supported","genome_restricted","SBS40",-0.641478500610125
"TOV3392D","rare_read_supported","genome_restricted","SBS6",-0.0970518981639929
"TOV3392D","rare_read_supported","genome_restricted","SBS14",0.114977520934062
"TOV3392D","rare_read_supported","genome_restricted","SBS15",0.125681643578236
"TOV3392D","rare_read_supported","genome_restricted","SBS20",-0.0878921983159158
"TOV3392D","rare_read_supported","genome_restricted","SBS21",0.0328567304808217
"TOV3392D","rare_read_supported","genome_restricted","SBS26",
"TOV3392D","rare_read_supported","genome_restricted","SBS44",0.0852230868232458
"TOV3392D","rare_read_supported","genome_restricted","SBS10a",0.0211934681624129
"TOV3392D","rare_read_supported","genome_restricted","SBS10b",-0.0037809467852872
"TOV3392D","rare_read_supported","genome_restricted","SBS10c",
"TOV3392D","rare_read_supported","genome_restricted","SBS10d",0.0228922664063932
"TOV3392D","rare_read_supported","genome_restricted","SBS28",0.228721450669557
"TOV3392D","rare_read_supported","genome_restricted","SBS2",0.396733671233757
"TOV3392D","rare_read_supported","genome_restricted","SBS13",0.0261472200634716
"TOV3392D","rare_read_supported","genome_restricted","SBS3",1
"TOV3392D","rare_read_supported","genome_restricted","SBS8",0.0221146289418357
"TOV3392D","rare_read_supported","genome_restricted","SBS17a",0.0617499916342079
"TOV3392D","rare_read_supported","genome_restricted","SBS17b",0.0492805959822738
"TOV3392D","rare_read_supported","genome_restricted","SBS18",0.00461154140409752
"TOV112D","rare_read_supported","genome_restricted","SBS1",-0.00608937484962252
"TOV112D","rare_read_supported","genome_restricted","SBS5",-0.144378131108009
"TOV112D","rare_read_supported","genome_restricted","SBS40",-0.0194912399157733
"TOV112D","rare_read_supported","genome_restricted","SBS6",-0.0170875829835247
"TOV112D","rare_read_supported","genome_restricted","SBS14",0.0909053535946645
"TOV112D","rare_read_supported","genome_restricted","SBS15",0.216104136773342
"TOV112D","rare_read_supported","genome_restricted","SBS20",-0.0121124753747231
"TOV112D","rare_read_supported","genome_restricted","SBS21",
"TOV112D","rare_read_supported","genome_restricted","SBS26",-0.0377311186148866
"TOV112D","rare_read_supported","genome_restricted","SBS44",-0.0147216391324362
"TOV112D","rare_read_supported","genome_restricted","SBS10a",-0.0404362537762347
"TOV112D","rare_read_supported","genome_restricted","SBS10b",0.000953397219510446
"TOV112D","rare_read_supported","genome_restricted","SBS10c",-0.00608937484962262
"TOV112D","rare_read_supported","genome_restricted","SBS10d",-0.0148302541354181
"TOV112D","rare_read_supported","genome_restricted","SBS28",
"TOV112D","rare_read_supported","genome_restricted","SBS2",0.145133483335527
"TOV112D","rare_read_supported","genome_restricted","SBS13",-0.0149072730620413
"TOV112D","rare_read_supported","genome_restricted","SBS3",1
"TOV112D","rare_read_supported","genome_restricted","SBS8",0.0460709008172534
"TOV112D","rare_read_supported","genome_restricted","SBS17a",0.0331452374534216
"TOV112D","rare_read_supported","genome_restricted","SBS17b",0.0336734158780073
"TOV112D","rare_read_supported","genome_restricted","SBS18",-0.065007058947528
"TOV2414","rare_read_supported","genome_restricted","SBS1",-0.0933093353964858
"TOV2414","rare_read_supported","genome_restricted","SBS5",-0.368487993218334
"TOV2414","rare_read_supported","genome_restricted","SBS40",-0.527323815053025
"TOV2414","rare_read_supported","genome_restricted","SBS6",0.141579426718143
"TOV2414","rare_read_supported","genome_restricted","SBS14",0.0974732632488628
"TOV2414","rare_read_supported","genome_restricted","SBS15",-0.00791044872616274
"TOV2414","rare_read_supported","genome_restricted","SBS20",-0.0741426473307151
"TOV2414","rare_read_supported","genome_restricted","SBS21",-0.0107245795255219
"TOV2414","rare_read_supported","genome_restricted","SBS26",0.00718034247720842
"TOV2414","rare_read_supported","genome_restricted","SBS44",-0.0151315164177197
"TOV2414","rare_read_supported","genome_restricted","SBS10a",0.0823907276395056
"TOV2414","rare_read_supported","genome_restricted","SBS10b",0.0436272784291793
"TOV2414","rare_read_supported","genome_restricted","SBS10c",
"TOV2414","rare_read_supported","genome_restricted","SBS10d",-0.0445443790749771
"TOV2414","rare_read_supported","genome_restricted","SBS28",0.0959236081969853
"TOV2414","rare_read_supported","genome_restricted","SBS2",0.290992482793393
"TOV2414","rare_read_supported","genome_restricted","SBS13",
"TOV2414","rare_read_supported","genome_restricted","SBS3",1
"TOV2414","rare_read_supported","genome_restricted","SBS8",
"TOV2414","rare_read_supported","genome_restricted","SBS17a",-0.004255760563046
"TOV2414","rare_read_supported","genome_restricted","SBS17b",0.136553564881432
"TOV2414","rare_read_supported","genome_restricted","SBS18",0.0923267059752155
"OV1369-R2","baseline","target_full","SBS1",0.0454721857066863
"OV1369-R2","baseline","target_full","SBS2",0.0436251182754674
"OV1369-R2","baseline","target_full","SBS3",1
"OV1369-R2","baseline","target_full","SBS4",-0.00888712539296063
"OV1369-R2","baseline","target_full","SBS5",-0.0857669453285506
"OV1369-R2","baseline","target_full","SBS6",-0.0808162348289187
"OV1369-R2","baseline","target_full","SBS7a",-0.0538570337345993
"OV1369-R2","baseline","target_full","SBS7b",-0.102817806784647
"OV1369-R2","baseline","target_full","SBS7c",
"OV1369-R2","baseline","target_full","SBS7d",
"OV1369-R2","baseline","target_full","SBS8",-0.623572718382304
"OV1369-R2","baseline","target_full","SBS9",
"OV1369-R2","baseline","target_full","SBS10a",0.0141524190031515
"OV1369-R2","baseline","target_full","SBS10b",-0.0538570337345994
"OV1369-R2","baseline","target_full","SBS10c",
"OV1369-R2","baseline","target_full","SBS10d",
"OV1369-R2","baseline","target_full","SBS11",
"OV1369-R2","baseline","target_full","SBS12",-0.249340039805403
"OV1369-R2","baseline","target_full","SBS13",-0.115237160577839
"OV1369-R2","baseline","target_full","SBS14",
"OV1369-R2","baseline","target_full","SBS15",0.020104341410149
"OV1369-R2","baseline","target_full","SBS16",-0.083499753890395
"OV1369-R2","baseline","target_full","SBS17a",-0.0762118248202121
"OV1369-R2","baseline","target_full","SBS17b",-0.0442962916202074
"OV1369-R2","baseline","target_full","SBS18",-0.0538570337345994
"OV1369-R2","baseline","target_full","SBS19",-0.108759138763127
"OV1369-R2","baseline","target_full","SBS20",
"OV1369-R2","baseline","target_full","SBS21",
"OV1369-R2","baseline","target_full","SBS22",
"OV1369-R2","baseline","target_full","SBS23",-0.000859392516694737
"OV1369-R2","baseline","target_full","SBS24",0.0339097456660361
"OV1369-R2","baseline","target_full","SBS25",0.0318016672844834
"OV1369-R2","baseline","target_full","SBS26",
"OV1369-R2","baseline","target_full","SBS28",-0.0494618703424054
"OV1369-R2","baseline","target_full","SBS29",0.387564697318282
"OV1369-R2","baseline","target_full","SBS30",-0.336945332769032
"OV1369-R2","baseline","target_full","SBS31",
"OV1369-R2","baseline","target_full","SBS32",0.0901148381542768
"OV1369-R2","baseline","target_full","SBS33",-0.117715974065911
"OV1369-R2","baseline","target_full","SBS34",
"OV1369-R2","baseline","target_full","SBS35",-0.0538570337345993
"OV1369-R2","baseline","target_full","SBS36",-0.0733256694598646
"OV1369-R2","baseline","target_full","SBS37",-0.161871175807449
"OV1369-R2","baseline","target_full","SBS38",
"OV1369-R2","baseline","target_full","SBS39",-0.658637143232548
"OV1369-R2","baseline","target_full","SBS40",-0.1834333257073
"OV1369-R2","baseline","target_full","SBS41",0.0707546751994841
"OV1369-R2","baseline","target_full","SBS42",
"OV1369-R2","baseline","target_full","SBS44",0.0996934004191365
"OV1369-R2","baseline","target_full","SBS84",
"OV1369-R2","baseline","target_full","SBS85",-0.0366342447177693
"OV1369-R2","baseline","target_full","SBS86",0.00570742043638343
"OV1369-R2","baseline","target_full","SBS87",0.284359549622558
"OV1369-R2","baseline","target_full","SBS88",
"OV1369-R2","baseline","target_full","SBS89",-0.211415119894344
"OV1369-R2","baseline","target_full","SBS90",
"OV1369-R2","baseline","target_full","SBS91",
"OV1369-R2","baseline","target_full","SBS92",
"OV1369-R2","baseline","target_full","SBS93",0.142950998407473
"OV1369-R2","baseline","target_full","SBS94",
"OV2085","baseline","target_full","SBS1",-0.021292306938201
"OV2085","baseline","target_full","SBS2",0.0734005612851238
"OV2085","baseline","target_full","SBS3",1
"OV2085","baseline","target_full","SBS4",-0.152233157567675
"OV2085","baseline","target_full","SBS5",-0.237766731616134
"OV2085","baseline","target_full","SBS6",0.148869344772019
"OV2085","baseline","target_full","SBS7a",-0.0114515750568221
"OV2085","baseline","target_full","SBS7b",0.0490583405724255
"OV2085","baseline","target_full","SBS7c",0.030307718982657
"OV2085","baseline","target_full","SBS7d",
"OV2085","baseline","target_full","SBS8",-0.037611828937304
"OV2085","baseline","target_full","SBS9",0.124028479198491
"OV2085","baseline","target_full","SBS10a",-0.0420513517836997
"OV2085","baseline","target_full","SBS10b",0.0554139514471452
"OV2085","baseline","target_full","SBS10c",
"OV2085","baseline","target_full","SBS10d",
"OV2085","baseline","target_full","SBS11",-0.017301768061063
"OV2085","baseline","target_full","SBS12",-0.0803258086414141
"OV2085","baseline","target_full","SBS13",0.064008553825244
"OV2085","baseline","target_full","SBS14",0.0399151426917153
"OV2085","baseline","target_full","SBS15",0.0181469327481129
"OV2085","baseline","target_full","SBS16",0.07403334433415
"OV2085","baseline","target_full","SBS17a",-0.0596125339643833
"OV2085","baseline","target_full","SBS17b",
"OV2085","baseline","target_full","SBS18",0.104742202126895
"OV2085","baseline","target_full","SBS19",-0.0434586591420798
"OV2085","baseline","target_full","SBS20",
"OV2085","baseline","target_full","SBS21",
"OV2085","baseline","target_full","SBS22",-0.0708988486191034
"OV2085","baseline","target_full","SBS23",0.0268535070758806
"OV2085","baseline","target_full","SBS24",0.0966898561710331
"OV2085","baseline","target_full","SBS25",-0.0609129012703915
"OV2085","baseline","target_full","SBS26",-0.0540130966324877
"OV2085","baseline","target_full","SBS28",-0.0977065395158128
"OV2085","baseline","target_full","SBS29",-0.0716132986925117
"OV2085","baseline","target_full","SBS30",0.0860768244837458
"OV2085","baseline","target_full","SBS31",-0.216983137582673
"OV2085","baseline","target_full","SBS32",-0.0327304192515089
"OV2085","baseline","target_full","SBS33",0.0167850021226454
"OV2085","baseline","target_full","SBS34",
"OV2085","baseline","target_full","SBS35",-0.0560984369645329
"OV2085","baseline","target_full","SBS36",-0.0420513517836997
"OV2085","baseline","target_full","SBS37",0.0350373647956383
"OV2085","baseline","target_full","SBS38",-0.0201658169199121
"OV2085","baseline","target_full","SBS39",-0.343482777808558
"OV2085","baseline","target_full","SBS40",-0.1457246846021
"OV2085","baseline","target_full","SBS41",-0.0111668690761341
"OV2085","baseline","target_full","SBS42",-0.0420513517836993
"OV2085","baseline","target_full","SBS44",-0.0153482172621501
"OV2085","baseline","target_full","SBS84",-0.0958893669462842
"OV2085","baseline","target_full","SBS85",-0.0450161967782777
"OV2085","baseline","target_full","SBS86",-0.0644254947728974
"OV2085","baseline","target_full","SBS87",0.13647915263225
"OV2085","baseline","target_full","SBS88",0.0538113322972903
"OV2085","baseline","target_full","SBS89",-0.130831523509924
"OV2085","baseline","target_full","SBS90",
"OV2085","baseline","target_full","SBS91",
"OV2085","baseline","target_full","SBS92",-0.0368135893869663
"OV2085","baseline","target_full","SBS93",-0.0579017842751102
"OV2085","baseline","target_full","SBS94",
"OV2295","baseline","target_full","SBS1",-0.136620919511017
"OV2295","baseline","target_full","SBS2",0.0181025786502136
"OV2295","baseline","target_full","SBS3",1
"OV2295","baseline","target_full","SBS4",0.0378386442776363
"OV2295","baseline","target_full","SBS5",
"OV2295","baseline","target_full","SBS6",-0.0322247540190461
"OV2295","baseline","target_full","SBS7a",0.333171666687115
"OV2295","baseline","target_full","SBS7b",-0.0829083600080316
"OV2295","baseline","target_full","SBS7c",
"OV2295","baseline","target_full","SBS7d",0.0906812493145404
"OV2295","baseline","target_full","SBS8",0.0421806279763002
"OV2295","baseline","target_full","SBS9",0.0602209780800992
"OV2295","baseline","target_full","SBS10a",-0.0268917731664393
"OV2295","baseline","target_full","SBS10b",-0.0465323072980427
"OV2295","baseline","target_full","SBS10c",
"OV2295","baseline","target_full","SBS10d",0.0493127775969563
"OV2295","baseline","target_full","SBS11",-0.0251511301391989
"OV2295","baseline","target_full","SBS12",-0.154571730756562
"OV2295","baseline","target_full","SBS13",
"OV2295","baseline","target_full","SBS14",
"OV2295","baseline","target_full","SBS15",
"OV2295","baseline","target_full","SBS16",
"OV2295","baseline","target_full","SBS17a",
"OV2295","baseline","target_full","SBS17b",-0.0322247540190459
"OV2295","baseline","target_full","SBS18",-0.0749429845222613
"OV2295","baseline","target_full","SBS19",-0.121064512302277
"OV2295","baseline","target_full","SBS20",
"OV2295","baseline","target_full","SBS21",0.0811234782780569
"OV2295","baseline","target_full","SBS22",-0.0456496262172096
"OV2295","baseline","target_full","SBS23",
"OV2295","baseline","target_full","SBS24",-0.036104264646316
"OV2295","baseline","target_full","SBS25",-0.00335751293457163
"OV2295","baseline","target_full","SBS26",-0.040365641865688
"OV2295","baseline","target_full","SBS28",
"OV2295","baseline","target_full","SBS29",-0.017593266271505
"OV2295","baseline","target_full","SBS30",-0.0214614822810941
"OV2295","baseline","target_full","SBS31",-0.149222966796808
"OV2295","baseline","target_full","SBS32",-0.0971241648804761
"OV2295","baseline","target_full","SBS33",0.0601268027809889
"OV2295","baseline","target_full","SBS34",
"OV2295","baseline","target_full","SBS35",
"OV2295","baseline","target_full","SBS36",0.00438756784431521
"OV2295","baseline","target_full","SBS37",0.125798764296637
"OV2295","baseline","target_full","SBS38",-0.0322247540190463
"OV2295","baseline","target_full","SBS39",-0.217966682342632
"OV2295","baseline","target_full","SBS40",-0.172807459266643
"OV2295","baseline","target_full","SBS41",
"OV2295","baseline","target_full","SBS42",
"OV2295","baseline","target_full","SBS44",
"OV2295","baseline","target_full","SBS84",-0.0437278600317421
"OV2295","baseline","target_full","SBS85",-0.0701862327174836
"OV2295","baseline","target_full","SBS86",0.00530391838958211
"OV2295","baseline","target_full","SBS87",0.146104782331907
"OV2295","baseline","target_full","SBS88",0.00406392997029683
"OV2295","baseline","target_full","SBS89",-0.252113387097768
"OV2295","baseline","target_full","SBS90",-0.0322247540190463
"OV2295","baseline","target_full","SBS91",
"OV2295","baseline","target_full","SBS92",
"OV2295","baseline","target_full","SBS93",-0.0559230703221346
"OV2295","baseline","target_full","SBS94",
"OV2295-R2","baseline","target_full","SBS1",-0.0641186857461406
"OV2295-R2","baseline","target_full","SBS2",0.207449256893966
"OV2295-R2","baseline","target_full","SBS3",1
"OV2295-R2","baseline","target_full","SBS4",-0.0491996417961455
"OV2295-R2","baseline","target_full","SBS5",
"OV2295-R2","baseline","target_full","SBS6",-0.0137052109335598
"OV2295-R2","baseline","target_full","SBS7a",0.0624844628007116
"OV2295-R2","baseline","target_full","SBS7b",0.0109039593351828
"OV2295-R2","baseline","target_full","SBS7c",
"OV2295-R2","baseline","target_full","SBS7d",0.0518268021777755
"OV2295-R2","baseline","target_full","SBS8",-0.106555431041499
"OV2295-R2","baseline","target_full","SBS9",
"OV2295-R2","baseline","target_full","SBS10a",
"OV2295-R2","baseline","target_full","SBS10b",
"OV2295-R2","baseline","target_full","SBS10c",
"OV2295-R2","baseline","target_full","SBS10d",
"OV2295-R2","baseline","target_full","SBS11",0.102440619500056
"OV2295-R2","baseline","target_full","SBS12",-0.0965718159289687
"OV2295-R2","baseline","target_full","SBS13",
"OV2295-R2","baseline","target_full","SBS14",-0.0189683259314897
"OV2295-R2","baseline","target_full","SBS15",0.0762907304587362
"OV2295-R2","baseline","target_full","SBS16",-0.0301695627626808
"OV2295-R2","baseline","target_full","SBS17a",0.364215077505117
"OV2295-R2","baseline","target_full","SBS17b",
"OV2295-R2","baseline","target_full","SBS18",0.100057390118015
"OV2295-R2","baseline","target_full","SBS19",-0.0327757217371333
"OV2295-R2","baseline","target_full","SBS20",
"OV2295-R2","baseline","target_full","SBS21",
"OV2295-R2","baseline","target_full","SBS22",0.473035971666032
"OV2295-R2","baseline","target_full","SBS23",
"OV2295-R2","baseline","target_full","SBS24",0.0821438945363285
"OV2295-R2","baseline","target_full","SBS25",
"OV2295-R2","baseline","target_full","SBS26",0.203299589579162
"OV2295-R2","baseline","target_full","SBS28",-0.0137052109335597
"OV2295-R2","baseline","target_full","SBS29",-0.0318229236977511
"OV2295-R2","baseline","target_full","SBS30",-0.0407141526904635
"OV2295-R2","baseline","target_full","SBS31",0.0034449032234131
"OV2295-R2","baseline","target_full","SBS32",-0.0513361025043837
"OV2295-R2","baseline","target_full","SBS33",-0.0137052109335597
"OV2295-R2","baseline","target_full","SBS34",-0.0137052109335598
"OV2295-R2","baseline","target_full","SBS35",
"OV2295-R2","baseline","target_full","SBS36",0.504903190713763
"OV2295-R2","baseline","target_full","SBS37",-0.0194835504138887
"OV2295-R2","baseline","target_full","SBS38",-0.0391452811353255
"OV2295-R2","baseline","target_full","SBS39",-0.062040858767591
"OV2295-R2","baseline","target_full","SBS40",-0.187438565596332
"OV2295-R2","baseline","target_full","SBS41",-0.0137052109335597
"OV2295-R2","baseline","target_full","SBS42",
"OV2295-R2","baseline","target_full","SBS44",
"OV2295-R2","baseline","target_full","SBS84",-0.033538605364587
"OV2295-R2","baseline","target_full","SBS85",0.125912353915635
"OV2295-R2","baseline","target_full","SBS86",-0.0316708769340686
"OV2295-R2","baseline","target_full","SBS87",0.0620121561465788
"OV2295-R2","baseline","target_full","SBS88",0.209798251939501
"OV2295-R2","baseline","target_full","SBS89",-0.105059817819481
"OV2295-R2","baseline","target_full","SBS90",
"OV2295-R2","baseline","target_full","SBS91",-0.0365212519729299
"OV2295-R2","baseline","target_full","SBS92",
"OV2295-R2","baseline","target_full","SBS93",-0.0233035053180682
"OV2295-R2","baseline","target_full","SBS94",-0.0224861803379455
"OV3133-R","baseline","target_full","SBS1",-0.0720955332657658
"OV3133-R","baseline","target_full","SBS2",0.0406146239322582
"OV3133-R","baseline","target_full","SBS3",1
"OV3133-R","baseline","target_full","SBS4",-0.0293322036231308
"OV3133-R","baseline","target_full","SBS5",0.0706120097468347
"OV3133-R","baseline","target_full","SBS6",0.0564765167257372
"OV3133-R","baseline","target_full","SBS7a",0.0972628349692884
"OV3133-R","baseline","target_full","SBS7b",-0.0895581914846442
"OV3133-R","baseline","target_full","SBS7c",0.120446959154866
"OV3133-R","baseline","target_full","SBS7d",-0.0782748872163594
"OV3133-R","baseline","target_full","SBS8",0.105932655930629
"OV3133-R","baseline","target_full","SBS9",
"OV3133-R","baseline","target_full","SBS10a",-0.0219924275424544
"OV3133-R","baseline","target_full","SBS10b",0.0553565894910942
"OV3133-R","baseline","target_full","SBS10c",-0.0155717312773871
"OV3133-R","baseline","target_full","SBS10d",0.0913150985640856
"OV3133-R","baseline","target_full","SBS11",-0.0535177207655528
"OV3133-R","baseline","target_full","SBS12",-0.0281324550790541
"OV3133-R","baseline","target_full","SBS13",0.101770742457187
"OV3133-R","baseline","target_full","SBS14",-0.000700237216831236
"OV3133-R","baseline","target_full","SBS15",-0.0638965806624813
"OV3133-R","baseline","target_full","SBS16",-0.0586673105194697
"OV3133-R","baseline","target_full","SBS17a",-0.0029444585547066
"OV3133-R","baseline","target_full","SBS17b",
"OV3133-R","baseline","target_full","SBS18",-0.0522878833501952
"OV3133-R","baseline","target_full","SBS19",-0.015571731277387
"OV3133-R","baseline","target_full","SBS20",-0.0155717312773871
"OV3133-R","baseline","target_full","SBS21",-0.0539749235176684
"OV3133-R","baseline","target_full","SBS22",-0.0812502191221522
"OV3133-R","baseline","target_full","SBS23",-0.034733877359215
"OV3133-R","baseline","target_full","SBS24",-0.0318936699854493
"OV3133-R","baseline","target_full","SBS25",-0.00444577732207725
"OV3133-R","baseline","target_full","SBS26",-0.0652702545673597
"OV3133-R","baseline","target_full","SBS28",
"OV3133-R","baseline","target_full","SBS29",0.0171306283896685
"OV3133-R","baseline","target_full","SBS30",0.0557091971831777
"OV3133-R","baseline","target_full","SBS31",-0.0164267919264747
"OV3133-R","baseline","target_full","SBS32",-0.0307254100358514
"OV3133-R","baseline","target_full","SBS33",-0.0306615576845964
"OV3133-R","baseline","target_full","SBS34",-0.026928314739123
"OV3133-R","baseline","target_full","SBS35",-0.0679166344241025
"OV3133-R","baseline","target_full","SBS36",
"OV3133-R","baseline","target_full","SBS37",-0.042572586795912
"OV3133-R","baseline","target_full","SBS38",0.00601148336847918
"OV3133-R","baseline","target_full","SBS39",-0.130022924632828
"OV3133-R","baseline","target_full","SBS40",-0.132178975534679
"OV3133-R","baseline","target_full","SBS41",0.0593442749348165
"OV3133-R","baseline","target_full","SBS42",-0.0220681549172199
"OV3133-R","baseline","target_full","SBS44",-0.0547163010174893
"OV3133-R","baseline","target_full","SBS84",0.0819652917656663
"OV3133-R","baseline","target_full","SBS85",
"OV3133-R","baseline","target_full","SBS86",-0.055687037243757
"OV3133-R","baseline","target_full","SBS87",0.168893528656125
"OV3133-R","baseline","target_full","SBS88",0.0390808452283154
"OV3133-R","baseline","target_full","SBS89",-0.06992180559939
"OV3133-R","baseline","target_full","SBS90",-0.0308309844496619
"OV3133-R","baseline","target_full","SBS91",-0.0473228011239856
"OV3133-R","baseline","target_full","SBS92",-0.0155717312773872
"OV3133-R","baseline","target_full","SBS93",-0.0463117167772712
"OV3133-R","baseline","target_full","SBS94",
"OV3133-R2","baseline","target_full","SBS1",-0.0604222485021126
"OV3133-R2","baseline","target_full","SBS2",-0.0381284847809101
"OV3133-R2","baseline","target_full","SBS3",1
"OV3133-R2","baseline","target_full","SBS4",-0.0704128257491524
"OV3133-R2","baseline","target_full","SBS5",-0.213720584825581
"OV3133-R2","baseline","target_full","SBS6",-0.0321395220766947
"OV3133-R2","baseline","target_full","SBS7a",0.219510307588365
"OV3133-R2","baseline","target_full","SBS7b",-0.013103374335229
"OV3133-R2","baseline","target_full","SBS7c",-0.0852852402033209
"OV3133-R2","baseline","target_full","SBS7d",0.00293478104773766
"OV3133-R2","baseline","target_full","SBS8",-0.0506167322949714
"OV3133-R2","baseline","target_full","SBS9",
"OV3133-R2","baseline","target_full","SBS10a",0.0824762663133217
"OV3133-R2","baseline","target_full","SBS10b",0.0241729720944833
"OV3133-R2","baseline","target_full","SBS10c",0.0573706251424883
"OV3133-R2","baseline","target_full","SBS10d",0.140555499536755
"OV3133-R2","baseline","target_full","SBS11",
"OV3133-R2","baseline","target_full","SBS12",-0.0758590322403478
"OV3133-R2","baseline","target_full","SBS13",-0.03242879470898
"OV3133-R2","baseline","target_full","SBS14",-0.0442630718229793
"OV3133-R2","baseline","target_full","SBS15",0.0534422539881251
"OV3133-R2","baseline","target_full","SBS16",0.147416858558003
"OV3133-R2","baseline","target_full","SBS17a",0.0216981144011921
"OV3133-R2","baseline","target_full","SBS17b",
"OV3133-R2","baseline","target_full","SBS18",-0.109731645363066
"OV3133-R2","baseline","target_full","SBS19",0.095200442623326
"OV3133-R2","baseline","target_full","SBS20",-0.0946790719578531
"OV3133-R2","baseline","target_full","SBS21",-0.0455286322540381
"OV3133-R2","baseline","target_full","SBS22",-0.084368733818882
"OV3133-R2","baseline","target_full","SBS23",-0.0535958207357531
"OV3133-R2","baseline","target_full","SBS24",0.0761513862451491
"OV3133-R2","baseline","target_full","SBS25",-0.0734488210976901
"OV3133-R2","baseline","target_full","SBS26",0.0524956912797972
"OV3133-R2","baseline","target_full","SBS28",
"OV3133-R2","baseline","target_full","SBS29",0.136700200166056
"OV3133-R2","baseline","target_full","SBS30",0.0842936949338549
"OV3133-R2","baseline","target_full","SBS31",0.0183196332576034
"OV3133-R2","baseline","target_full","SBS32",0.0187727902547992
"OV3133-R2","baseline","target_full","SBS33",0.15522948877721
"OV3133-R2","baseline","target_full","SBS34",
"OV3133-R2","baseline","target_full","SBS35",-0.180006336742566
"OV3133-R2","baseline","target_full","SBS36",-0.0441944592040244
"OV3133-R2","baseline","target_full","SBS37",0.0580774288945559
"OV3133-R2","baseline","target_full","SBS38",-0.111656296156621
"OV3133-R2","baseline","target_full","SBS39",-0.152879562325588
"OV3133-R2","baseline","target_full","SBS40",-0.283346098017461
"OV3133-R2","baseline","target_full","SBS41",
"OV3133-R2","baseline","target_full","SBS42",0.0959588073810027
"OV3133-R2","baseline","target_full","SBS44",0.108355829305095
"OV3133-R2","baseline","target_full","SBS84",-0.153864685814167
"OV3133-R2","baseline","target_full","SBS85",
"OV3133-R2","baseline","target_full","SBS86",-0.0400740104618801
"OV3133-R2","baseline","target_full","SBS87",0.19727074882132
"OV3133-R2","baseline","target_full","SBS88",0.024938671393662
"OV3133-R2","baseline","target_full","SBS89",-0.0975069735217695
"OV3133-R2","baseline","target_full","SBS90",
"OV3133-R2","baseline","target_full","SBS91",-0.00515842453835664
"OV3133-R2","baseline","target_full","SBS92",
"OV3133-R2","baseline","target_full","SBS93",0.00808923552345851
"OV3133-R2","baseline","target_full","SBS94",0.0091604417446405
"OV3291","baseline","target_full","SBS1",-0.00224854831029469
"OV3291","baseline","target_full","SBS2",-0.0387479421289154
"OV3291","baseline","target_full","SBS3",1
"OV3291","baseline","target_full","SBS4",-0.0816996562649325
"OV3291","baseline","target_full","SBS5",-0.0401868499610115
"OV3291","baseline","target_full","SBS6",-0.0606613290483215
"OV3291","baseline","target_full","SBS7a",-0.104162450023503
"OV3291","baseline","target_full","SBS7b",0.138039175881465
"OV3291","baseline","target_full","SBS7c",0.00287609800955099
"OV3291","baseline","target_full","SBS7d",-0.0333657926608045
"OV3291","baseline","target_full","SBS8",-0.0902716499594275
"OV3291","baseline","target_full","SBS9",
"OV3291","baseline","target_full","SBS10a",-0.0270473429756191
"OV3291","baseline","target_full","SBS10b",-0.0110580577563265
"OV3291","baseline","target_full","SBS10c",0.0175166222355107
"OV3291","baseline","target_full","SBS10d",0.0522728308924312
"OV3291","baseline","target_full","SBS11",0.153069288191307
"OV3291","baseline","target_full","SBS12",-0.0424862079116727
"OV3291","baseline","target_full","SBS13",0.192342432954207
"OV3291","baseline","target_full","SBS14",-0.0375915679642779
"OV3291","baseline","target_full","SBS15",-0.0219550764724771
"OV3291","baseline","target_full","SBS16",-0.04229263386489
"OV3291","baseline","target_full","SBS17a",
"OV3291","baseline","target_full","SBS17b",-0.0433318643650783
"OV3291","baseline","target_full","SBS18",-0.0496368988297653
"OV3291","baseline","target_full","SBS19",-0.0728625646097697
"OV3291","baseline","target_full","SBS20",-0.0276414984230022
"OV3291","baseline","target_full","SBS21",
"OV3291","baseline","target_full","SBS22",-0.0192565178407305
"OV3291","baseline","target_full","SBS23",0.0350891644279692
"OV3291","baseline","target_full","SBS24",0.0890381736137339
"OV3291","baseline","target_full","SBS25",-0.0231208407017845
"OV3291","baseline","target_full","SBS26",-0.0896580007769111
"OV3291","baseline","target_full","SBS28",
"OV3291","baseline","target_full","SBS29",-0.0909138766598559
"OV3291","baseline","target_full","SBS30",0.00599950731111594
"OV3291","baseline","target_full","SBS31",-0.0267591073950689
"OV3291","baseline","target_full","SBS32",-0.0902287485253305
"OV3291","baseline","target_full","SBS33",-0.0192565178407304
"OV3291","baseline","target_full","SBS34",
"OV3291","baseline","target_full","SBS35",
"OV3291","baseline","target_full","SBS36",0.0358491950097009
"OV3291","baseline","target_full","SBS37",-0.00571613989366922
"OV3291","baseline","target_full","SBS38",
"OV3291","baseline","target_full","SBS39",-0.0930547137130213
"OV3291","baseline","target_full","SBS40",-0.139679623550207
"OV3291","baseline","target_full","SBS41",0.075672725039554
"OV3291","baseline","target_full","SBS42",0.0725613390504272
"OV3291","baseline","target_full","SBS44",0.126278040851679
"OV3291","baseline","target_full","SBS84",-0.0334413317130203
"OV3291","baseline","target_full","SBS85",0.0342801809274454
"OV3291","baseline","target_full","SBS86",-0.0579752550206
"OV3291","baseline","target_full","SBS87",0.0867991309623464
"OV3291","baseline","target_full","SBS88",-0.0431627012956658
"OV3291","baseline","target_full","SBS89",-0.13748937353491
"OV3291","baseline","target_full","SBS90",
"OV3291","baseline","target_full","SBS91",0.128941203738354
"OV3291","baseline","target_full","SBS92",-0.0329042982989585
"OV3291","baseline","target_full","SBS93",-0.0381061300333774
"OV3291","baseline","target_full","SBS94",0.108107913454372
"TOV1369","baseline","target_full","SBS1",0.0449903674219373
"TOV1369","baseline","target_full","SBS2",0.0296762244518878
"TOV1369","baseline","target_full","SBS3",1
"TOV1369","baseline","target_full","SBS4",0.00198955328429431
"TOV1369","baseline","target_full","SBS5",0.0106680598935734
"TOV1369","baseline","target_full","SBS6",-0.117659980131744
"TOV1369","baseline","target_full","SBS7a",
"TOV1369","baseline","target_full","SBS7b",-0.0591118386675428
"TOV1369","baseline","target_full","SBS7c",
"TOV1369","baseline","target_full","SBS7d",
"TOV1369","baseline","target_full","SBS8",-0.476694976131629
"TOV1369","baseline","target_full","SBS9",-0.0417715006653368
"TOV1369","baseline","target_full","SBS10a",
"TOV1369","baseline","target_full","SBS10b",
"TOV1369","baseline","target_full","SBS10c",
"TOV1369","baseline","target_full","SBS10d",
"TOV1369","baseline","target_full","SBS11",
"TOV1369","baseline","target_full","SBS12",-0.227697009917872
"TOV1369","baseline","target_full","SBS13",0.0876446053418574
"TOV1369","baseline","target_full","SBS14",
"TOV1369","baseline","target_full","SBS15",0.0237621444474693
"TOV1369","baseline","target_full","SBS16",0.0218557628468848
"TOV1369","baseline","target_full","SBS17a",
"TOV1369","baseline","target_full","SBS17b",
"TOV1369","baseline","target_full","SBS18",
"TOV1369","baseline","target_full","SBS19",-0.00957094268238982
"TOV1369","baseline","target_full","SBS20",
"TOV1369","baseline","target_full","SBS21",
"TOV1369","baseline","target_full","SBS22",
"TOV1369","baseline","target_full","SBS23",
"TOV1369","baseline","target_full","SBS24",0.0687549924606115
"TOV1369","baseline","target_full","SBS25",
"TOV1369","baseline","target_full","SBS26",
"TOV1369","baseline","target_full","SBS28",-0.0417715006653374
"TOV1369","baseline","target_full","SBS29",0.133406009953387
"TOV1369","baseline","target_full","SBS30",-0.244503139165444
"TOV1369","baseline","target_full","SBS31",
"TOV1369","baseline","target_full","SBS32",0.0213142652775903
"TOV1369","baseline","target_full","SBS33",-0.147840883135624
"TOV1369","baseline","target_full","SBS34",
"TOV1369","baseline","target_full","SBS35",
"TOV1369","baseline","target_full","SBS36",
"TOV1369","baseline","target_full","SBS37",-0.13756160701158
"TOV1369","baseline","target_full","SBS38",
"TOV1369","baseline","target_full","SBS39",-0.523187911209731
"TOV1369","baseline","target_full","SBS40",-0.0763644339254221
"TOV1369","baseline","target_full","SBS41",0.274538523211546
"TOV1369","baseline","target_full","SBS42",
"TOV1369","baseline","target_full","SBS44",-0.123338451790129
"TOV1369","baseline","target_full","SBS84",-0.0304579535720261
"TOV1369","baseline","target_full","SBS85",0.0229117280047938
"TOV1369","baseline","target_full","SBS86",-0.0264749603569226
"TOV1369","baseline","target_full","SBS87",0.310323205619433
"TOV1369","baseline","target_full","SBS88",0.0455296158805683
"TOV1369","baseline","target_full","SBS89",-0.127637403258432
"TOV1369","baseline","target_full","SBS90",
"TOV1369","baseline","target_full","SBS91",-0.0528403078050943
"TOV1369","baseline","target_full","SBS92",-0.0875355395424819
"TOV1369","baseline","target_full","SBS93",-0.0309698997088571
"TOV1369","baseline","target_full","SBS94",0.0587117029896985
"TOV2295-R","baseline","target_full","SBS1",0.294078851482418
"TOV2295-R","baseline","target_full","SBS2",-0.0206473096238604
"TOV2295-R","baseline","target_full","SBS3",1
"TOV2295-R","baseline","target_full","SBS4",-0.00888232461110545
"TOV2295-R","baseline","target_full","SBS5",-0.0714294063804446
"TOV2295-R","baseline","target_full","SBS6",-0.0933298269505185
"TOV2295-R","baseline","target_full","SBS7a",0.0758658952327889
"TOV2295-R","baseline","target_full","SBS7b",-0.0281898834786494
"TOV2295-R","baseline","target_full","SBS7c",
"TOV2295-R","baseline","target_full","SBS7d",0.043123052610113
"TOV2295-R","baseline","target_full","SBS8",
"TOV2295-R","baseline","target_full","SBS9",0.0168111745066672
"TOV2295-R","baseline","target_full","SBS10a",
"TOV2295-R","baseline","target_full","SBS10b",
"TOV2295-R","baseline","target_full","SBS10c",
"TOV2295-R","baseline","target_full","SBS10d",
"TOV2295-R","baseline","target_full","SBS11",-0.00474352972076246
"TOV2295-R","baseline","target_full","SBS12",-0.141907862811618
"TOV2295-R","baseline","target_full","SBS13",
"TOV2295-R","baseline","target_full","SBS14",
"TOV2295-R","baseline","target_full","SBS15",-0.100215400160172
"TOV2295-R","baseline","target_full","SBS16",-0.0208743451150312
"TOV2295-R","baseline","target_full","SBS17a",
"TOV2295-R","baseline","target_full","SBS17b",-0.00632026213140111
"TOV2295-R","baseline","target_full","SBS18",-0.115338460867011
"TOV2295-R","baseline","target_full","SBS19",-0.0925907039920512
"TOV2295-R","baseline","target_full","SBS20",
"TOV2295-R","baseline","target_full","SBS21",0.0282056858564646
"TOV2295-R","baseline","target_full","SBS22",-0.10400226650498
"TOV2295-R","baseline","target_full","SBS23",0.0548495952598745
"TOV2295-R","baseline","target_full","SBS24",-0.16995357273889
"TOV2295-R","baseline","target_full","SBS25",-0.0115512986039873
"TOV2295-R","baseline","target_full","SBS26",-0.182780167839832
"TOV2295-R","baseline","target_full","SBS28",0.0389857942357264
"TOV2295-R","baseline","target_full","SBS29",0.100614482597366
"TOV2295-R","baseline","target_full","SBS30",-0.0862941978012818
"TOV2295-R","baseline","target_full","SBS31",-0.278657487564728
"TOV2295-R","baseline","target_full","SBS32",0.0238875853790004
"TOV2295-R","baseline","target_full","SBS33",0.114321025398122
"TOV2295-R","baseline","target_full","SBS34",
"TOV2295-R","baseline","target_full","SBS35",
"TOV2295-R","baseline","target_full","SBS36",0.100081759937984
"TOV2295-R","baseline","target_full","SBS37",0.169073998743507
"TOV2295-R","baseline","target_full","SBS38",-0.0524650849941884
"TOV2295-R","baseline","target_full","SBS39",-0.461443653015812
"TOV2295-R","baseline","target_full","SBS40",-0.2379277911274
"TOV2295-R","baseline","target_full","SBS41",
"TOV2295-R","baseline","target_full","SBS42",0.051933853778511
"TOV2295-R","baseline","target_full","SBS44",
"TOV2295-R","baseline","target_full","SBS84",-0.0532261245123948
"TOV2295-R","baseline","target_full","SBS85",0.0178415034647503
"TOV2295-R","baseline","target_full","SBS86",-0.22723830865173
"TOV2295-R","baseline","target_full","SBS87",-0.0881735338767248
"TOV2295-R","baseline","target_full","SBS88",-0.0719908540307594
"TOV2295-R","baseline","target_full","SBS89",-0.36633358295618
"TOV2295-R","baseline","target_full","SBS90",
"TOV2295-R","baseline","target_full","SBS91",
"TOV2295-R","baseline","target_full","SBS92",
"TOV2295-R","baseline","target_full","SBS93",
"TOV2295-R","baseline","target_full","SBS94",0.0383060443506945
"TOV2835EP","baseline","target_full","SBS1",-0.0450361425771991
"TOV2835EP","baseline","target_full","SBS2",-0.0151286879729681
"TOV2835EP","baseline","target_full","SBS3",1
"TOV2835EP","baseline","target_full","SBS4",-0.0789162569374797
"TOV2835EP","baseline","target_full","SBS5",-0.0438434849624104
"TOV2835EP","baseline","target_full","SBS6",0.104142771641535
"TOV2835EP","baseline","target_full","SBS7a",0.0790225842109246
"TOV2835EP","baseline","target_full","SBS7b",-0.036659520626549
"TOV2835EP","baseline","target_full","SBS7c",
"TOV2835EP","baseline","target_full","SBS7d",
"TOV2835EP","baseline","target_full","SBS8",-0.0514669735377374
"TOV2835EP","baseline","target_full","SBS9",
"TOV2835EP","baseline","target_full","SBS10a",-0.0414862479051371
"TOV2835EP","baseline","target_full","SBS10b",-0.0225412048624484
"TOV2835EP","baseline","target_full","SBS10c",-0.0110873795853562
"TOV2835EP","baseline","target_full","SBS10d",0.13472320305988
"TOV2835EP","baseline","target_full","SBS11",-0.0149805735127942
"TOV2835EP","baseline","target_full","SBS12",-0.0111404185667201
"TOV2835EP","baseline","target_full","SBS13",
"TOV2835EP","baseline","target_full","SBS14",0.121751477896881
"TOV2835EP","baseline","target_full","SBS15",-0.0322210875426982
"TOV2835EP","baseline","target_full","SBS16",-0.0588814173846929
"TOV2835EP","baseline","target_full","SBS17a",-0.0187394325984601
"TOV2835EP","baseline","target_full","SBS17b",-0.00711272550088991
"TOV2835EP","baseline","target_full","SBS18",-0.027636707257933
"TOV2835EP","baseline","target_full","SBS19",-0.0520957433192979
"TOV2835EP","baseline","target_full","SBS20",-0.0101615464367259
"TOV2835EP","baseline","target_full","SBS21",-0.0140820071244996
"TOV2835EP","baseline","target_full","SBS22",-0.0396059001531737
"TOV2835EP","baseline","target_full","SBS23",-0.0224510171431229
"TOV2835EP","baseline","target_full","SBS24",0.0903582810651822
"TOV2835EP","baseline","target_full","SBS25",-0.00856871028800789
"TOV2835EP","baseline","target_full","SBS26",0.0271926143400528
"TOV2835EP","baseline","target_full","SBS28",
"TOV2835EP","baseline","target_full","SBS29",-0.0472384095986165
"TOV2835EP","baseline","target_full","SBS30",-0.0238749271410963
"TOV2835EP","baseline","target_full","SBS31",0.132161814049064
"TOV2835EP","baseline","target_full","SBS32",-0.0718333722560112
"TOV2835EP","baseline","target_full","SBS33",-0.0180419378376876
"TOV2835EP","baseline","target_full","SBS34",
"TOV2835EP","baseline","target_full","SBS35",-0.0070991000523087
"TOV2835EP","baseline","target_full","SBS36",-0.011092942420391
"TOV2835EP","baseline","target_full","SBS37",-0.0309725489480738
"TOV2835EP","baseline","target_full","SBS38",
"TOV2835EP","baseline","target_full","SBS39",-0.0440345037925543
"TOV2835EP","baseline","target_full","SBS40",-0.0399273518158445
"TOV2835EP","baseline","target_full","SBS41",-0.00502512562814083
"TOV2835EP","baseline","target_full","SBS42",-0.0142713893252966
"TOV2835EP","baseline","target_full","SBS44",-0.0218922010525074
"TOV2835EP","baseline","target_full","SBS84",-0.00704499387145684
"TOV2835EP","baseline","target_full","SBS85",
"TOV2835EP","baseline","target_full","SBS86",-0.0494161600232676
"TOV2835EP","baseline","target_full","SBS87",-0.0424554978238323
"TOV2835EP","baseline","target_full","SBS88",-0.0229539776843305
"TOV2835EP","baseline","target_full","SBS89",0.0146493900352026
"TOV2835EP","baseline","target_full","SBS90",
"TOV2835EP","baseline","target_full","SBS91",-0.0282901865713192
"TOV2835EP","baseline","target_full","SBS92",
"TOV2835EP","baseline","target_full","SBS93",
"TOV2835EP","baseline","target_full","SBS94",
"TOV2881EP","baseline","target_full","SBS1",0.102676212732317
"TOV2881EP","baseline","target_full","SBS2",-0.0112529890575815
"TOV2881EP","baseline","target_full","SBS3",1
"TOV2881EP","baseline","target_full","SBS4",-0.0212853974581379
"TOV2881EP","baseline","target_full","SBS5",-0.00921154442856156
"TOV2881EP","baseline","target_full","SBS6",-0.0172292467232808
"TOV2881EP","baseline","target_full","SBS7a",-0.00502512562814071
"TOV2881EP","baseline","target_full","SBS7b",-0.0111146445192386
"TOV2881EP","baseline","target_full","SBS7c",
"TOV2881EP","baseline","target_full","SBS7d",
"TOV2881EP","baseline","target_full","SBS8",-0.0547696702680829
"TOV2881EP","baseline","target_full","SBS9",-0.0255209251403304
"TOV2881EP","baseline","target_full","SBS10a",-0.00851955971153824
"TOV2881EP","baseline","target_full","SBS10b",
"TOV2881EP","baseline","target_full","SBS10c",-0.00502512562814069
"TOV2881EP","baseline","target_full","SBS10d",-0.0367765716014388
"TOV2881EP","baseline","target_full","SBS11",0.443206173811684
"TOV2881EP","baseline","target_full","SBS12",0.0814329493893702
"TOV2881EP","baseline","target_full","SBS13",-0.0348463223629141
"TOV2881EP","baseline","target_full","SBS14",-0.0130470113718474
"TOV2881EP","baseline","target_full","SBS15",-0.0709966613265077
"TOV2881EP","baseline","target_full","SBS16",0.176416109446782
"TOV2881EP","baseline","target_full","SBS17a",
"TOV2881EP","baseline","target_full","SBS17b",-0.0169458402448037
"TOV2881EP","baseline","target_full","SBS18",-0.0197598055465707
"TOV2881EP","baseline","target_full","SBS19",-0.0202121878143027
"TOV2881EP","baseline","target_full","SBS20",-0.00864755534507716
"TOV2881EP","baseline","target_full","SBS21",
"TOV2881EP","baseline","target_full","SBS22",-0.00709862681482713
"TOV2881EP","baseline","target_full","SBS23",-0.0784007461540586
"TOV2881EP","baseline","target_full","SBS24",-0.0557082358874886
"TOV2881EP","baseline","target_full","SBS25",-0.00502512562814073
"TOV2881EP","baseline","target_full","SBS26",-0.0314384124493587
"TOV2881EP","baseline","target_full","SBS28",-0.00502512562814075
"TOV2881EP","baseline","target_full","SBS29",0.057526125396134
"TOV2881EP","baseline","target_full","SBS30",-0.0402249248005475
"TOV2881EP","baseline","target_full","SBS31",-0.034242511262619
"TOV2881EP","baseline","target_full","SBS32",-0.018464680406577
"TOV2881EP","baseline","target_full","SBS33",
"TOV2881EP","baseline","target_full","SBS34",-0.0152183348027907
"TOV2881EP","baseline","target_full","SBS35",-0.0111742929302746
"TOV2881EP","baseline","target_full","SBS36",-0.00973733078005225
"TOV2881EP","baseline","target_full","SBS37",-0.00971681205766273
"TOV2881EP","baseline","target_full","SBS38",-0.0225668604790272
"TOV2881EP","baseline","target_full","SBS39",-0.0380564552183124
"TOV2881EP","baseline","target_full","SBS40",-0.0367998032702357
"TOV2881EP","baseline","target_full","SBS41",0.365543300390472
"TOV2881EP","baseline","target_full","SBS42",-0.0119901779204794
"TOV2881EP","baseline","target_full","SBS44",-0.0129548385414184
"TOV2881EP","baseline","target_full","SBS84",-0.00690727165815162
"TOV2881EP","baseline","target_full","SBS85",-0.0367669834248564
"TOV2881EP","baseline","target_full","SBS86",-0.056989503521475
"TOV2881EP","baseline","target_full","SBS87",-0.0249951866276509
"TOV2881EP","baseline","target_full","SBS88",-0.0375586621531577
"TOV2881EP","baseline","target_full","SBS89",-0.0686429100136909
"TOV2881EP","baseline","target_full","SBS90",
"TOV2881EP","baseline","target_full","SBS91",-0.0245218956962819
"TOV2881EP","baseline","target_full","SBS92",-0.0201376797361943
"TOV2881EP","baseline","target_full","SBS93",-0.0684825946867611
"TOV2881EP","baseline","target_full","SBS94",-0.00671429508652382
"TOV2929D","baseline","target_full","SBS1",-0.0350515240170838
"TOV2929D","baseline","target_full","SBS2",-0.0113313177965742
"TOV2929D","baseline","target_full","SBS3",1
"TOV2929D","baseline","target_full","SBS4",-0.0314858184500304
"TOV2929D","baseline","target_full","SBS5",-0.0274101832623295
"TOV2929D","baseline","target_full","SBS6",-0.0371923543484376
"TOV2929D","baseline","target_full","SBS7a",-0.0152671722024615
"TOV2929D","baseline","target_full","SBS7b",-0.0050251256281407
"TOV2929D","baseline","target_full","SBS7c",-0.0131271986990753
"TOV2929D","baseline","target_full","SBS7d",
"TOV2929D","baseline","target_full","SBS8",-0.0527127445873699
"TOV2929D","baseline","target_full","SBS9",
"TOV2929D","baseline","target_full","SBS10a",-0.00860789741249828
"TOV2929D","baseline","target_full","SBS10b",-0.016189043538867
"TOV2929D","baseline","target_full","SBS10c",
"TOV2929D","baseline","target_full","SBS10d",-0.0112330505399751
"TOV2929D","baseline","target_full","SBS11",-0.00995789056439939
"TOV2929D","baseline","target_full","SBS12",0.0130327497105514
"TOV2929D","baseline","target_full","SBS13",-0.00502512562814068
"TOV2929D","baseline","target_full","SBS14",-0.00502512562814068
"TOV2929D","baseline","target_full","SBS15",-0.0468388876598469
"TOV2929D","baseline","target_full","SBS16",-0.0559057786124009
"TOV2929D","baseline","target_full","SBS17a",
"TOV2929D","baseline","target_full","SBS17b",
"TOV2929D","baseline","target_full","SBS18",0.0822765940302085
"TOV2929D","baseline","target_full","SBS19",-0.0070454785383827
"TOV2929D","baseline","target_full","SBS20",-0.00712336288804927
"TOV2929D","baseline","target_full","SBS21",-0.00691737227626177
"TOV2929D","baseline","target_full","SBS22",-0.0111662661961526
"TOV2929D","baseline","target_full","SBS23",-0.0177046726650722
"TOV2929D","baseline","target_full","SBS24",-0.05826991179868
"TOV2929D","baseline","target_full","SBS25",0.0942710941948917
"TOV2929D","baseline","target_full","SBS26",-0.0107278287345741
"TOV2929D","baseline","target_full","SBS28",
"TOV2929D","baseline","target_full","SBS29",0.0201447670489555
"TOV2929D","baseline","target_full","SBS30",0.175556114236338
"TOV2929D","baseline","target_full","SBS31",-0.00502512562814068
"TOV2929D","baseline","target_full","SBS32",-0.0416868784666836
"TOV2929D","baseline","target_full","SBS33",-0.00969493322108085
"TOV2929D","baseline","target_full","SBS34",-0.0050251256281407
"TOV2929D","baseline","target_full","SBS35",
"TOV2929D","baseline","target_full","SBS36",-0.00502512562814069
"TOV2929D","baseline","target_full","SBS37",-0.0127086540781668
"TOV2929D","baseline","target_full","SBS38",-0.0169357219236287
"TOV2929D","baseline","target_full","SBS39",-0.0355730471472023
"TOV2929D","baseline","target_full","SBS40",-0.0979160695508976
"TOV2929D","baseline","target_full","SBS41",-0.0050251256281407
"TOV2929D","baseline","target_full","SBS42",-0.0188450867258972
"TOV2929D","baseline","target_full","SBS44",0.203618912075361
"TOV2929D","baseline","target_full","SBS84",-0.0576704287991096
"TOV2929D","baseline","target_full","SBS85",-0.0201794151596026
"TOV2929D","baseline","target_full","SBS86",-0.020972280634829
"TOV2929D","baseline","target_full","SBS87",-0.0228969818807363
"TOV2929D","baseline","target_full","SBS88",-0.0233943018713555
"TOV2929D","baseline","target_full","SBS89",-0.135828289211012
"TOV2929D","baseline","target_full","SBS90",-0.0050251256281407
"TOV2929D","baseline","target_full","SBS91",
"TOV2929D","baseline","target_full","SBS92",-0.023676652640887
"TOV2929D","baseline","target_full","SBS93",-0.0415829211724736
"TOV2929D","baseline","target_full","SBS94",
"TOV3121D","baseline","target_full","SBS1",0.0219318098894844
"TOV3121D","baseline","target_full","SBS2",-0.00407117816895339
"TOV3121D","baseline","target_full","SBS3",1
"TOV3121D","baseline","target_full","SBS4",-0.0374430525311346
"TOV3121D","baseline","target_full","SBS5",-0.075680871395386
"TOV3121D","baseline","target_full","SBS6",0.0257078577190851
"TOV3121D","baseline","target_full","SBS7a",-0.0434503692016895
"TOV3121D","baseline","target_full","SBS7b",0.00896345071354182
"TOV3121D","baseline","target_full","SBS7c",-0.046359226017241
"TOV3121D","baseline","target_full","SBS7d",0.0741111232627471
"TOV3121D","baseline","target_full","SBS8",-0.207241001451776
"TOV3121D","baseline","target_full","SBS9",
"TOV3121D","baseline","target_full","SBS10a",0.0111511664415093
"TOV3121D","baseline","target_full","SBS10b",0.212215237755319
"TOV3121D","baseline","target_full","SBS10c",
"TOV3121D","baseline","target_full","SBS10d",-0.0477569563289419
"TOV3121D","baseline","target_full","SBS11",-0.0273812330863593
"TOV3121D","baseline","target_full","SBS12",0.0697557372288975
"TOV3121D","baseline","target_full","SBS13",0.0734234526014419
"TOV3121D","baseline","target_full","SBS14",-0.0271815141311807
"TOV3121D","baseline","target_full","SBS15",-0.0809400969230376
"TOV3121D","baseline","target_full","SBS16",-0.0271956763595787
"TOV3121D","baseline","target_full","SBS17a",-0.0292557465842106
"TOV3121D","baseline","target_full","SBS17b",
"TOV3121D","baseline","target_full","SBS18",0.0268639246197836
"TOV3121D","baseline","target_full","SBS19",0.0338434466580631
"TOV3121D","baseline","target_full","SBS20",0.131069780552725
"TOV3121D","baseline","target_full","SBS21",0.00117842514562901
"TOV3121D","baseline","target_full","SBS22",
"TOV3121D","baseline","target_full","SBS23",0.0040282911568527
"TOV3121D","baseline","target_full","SBS24",0.0882404524220319
"TOV3121D","baseline","target_full","SBS25",
"TOV3121D","baseline","target_full","SBS26",0.0149918371039607
"TOV3121D","baseline","target_full","SBS28",
"TOV3121D","baseline","target_full","SBS29",0.137232913183121
"TOV3121D","baseline","target_full","SBS30",0.0325417943844969
"TOV3121D","baseline","target_full","SBS31",-0.111134268504917
"TOV3121D","baseline","target_full","SBS32",-0.0221302333122007
"TOV3121D","baseline","target_full","SBS33",-0.0505866518253794
"TOV3121D","baseline","target_full","SBS34",-0.038308044176026
"TOV3121D","baseline","target_full","SBS35",-0.0244108031770789
"TOV3121D","baseline","target_full","SBS36",-0.0329088607971072
"TOV3121D","baseline","target_full","SBS37",0.00521219618612085
"TOV3121D","baseline","target_full","SBS38",0.131034160498332
"TOV3121D","baseline","target_full","SBS39",-0.138247186791162
"TOV3121D","baseline","target_full","SBS40",-0.0858591575722855
"TOV3121D","baseline","target_full","SBS41",0.0634794761232791
"TOV3121D","baseline","target_full","SBS42",-0.0641926124396547
"TOV3121D","baseline","target_full","SBS44",-0.038758291908882
"TOV3121D","baseline","target_full","SBS84",-0.0384705665828552
"TOV3121D","baseline","target_full","SBS85",0.121078478068866
"TOV3121D","baseline","target_full","SBS86",-0.133531699368738
"TOV3121D","baseline","target_full","SBS87",0.0966850755390956
"TOV3121D","baseline","target_full","SBS88",0.00356483706949561
"TOV3121D","baseline","target_full","SBS89",-0.0266937153461943
"TOV3121D","baseline","target_full","SBS90",-0.0193152706896714
"TOV3121D","baseline","target_full","SBS91",0.0341045520042115
"TOV3121D","baseline","target_full","SBS92",-0.0760186862084548
"TOV3121D","baseline","target_full","SBS93",-0.0336015809452832
"TOV3121D","baseline","target_full","SBS94",-0.00307965515209634
"TOV3121EP","baseline","target_full","SBS1",0.025535124185553
"TOV3121EP","baseline","target_full","SBS2",-0.068343851257061
"TOV3121EP","baseline","target_full","SBS3",1
"TOV3121EP","baseline","target_full","SBS4",-0.0311314581307335
"TOV3121EP","baseline","target_full","SBS5",-0.0296526462206062
"TOV3121EP","baseline","target_full","SBS6",-0.0263769826500266
"TOV3121EP","baseline","target_full","SBS7a",-0.0204830147736577
"TOV3121EP","baseline","target_full","SBS7b",-0.0172816129985998
"TOV3121EP","baseline","target_full","SBS7c",0.128842649080168
"TOV3121EP","baseline","target_full","SBS7d",-0.0426581729365784
"TOV3121EP","baseline","target_full","SBS8",-0.0701027646262838
"TOV3121EP","baseline","target_full","SBS9",
"TOV3121EP","baseline","target_full","SBS10a",0.0578389915959104
"TOV3121EP","baseline","target_full","SBS10b",0.0386646820277933
"TOV3121EP","baseline","target_full","SBS10c",
"TOV3121EP","baseline","target_full","SBS10d",0.182294912673634
"TOV3121EP","baseline","target_full","SBS11",
"TOV3121EP","baseline","target_full","SBS12",-0.0852605755169017
"TOV3121EP","baseline","target_full","SBS13",0.0658334423299963
"TOV3121EP","baseline","target_full","SBS14",-0.0345576154090823
"TOV3121EP","baseline","target_full","SBS15",-0.0348622115323749
"TOV3121EP","baseline","target_full","SBS16",-0.017490552981493
"TOV3121EP","baseline","target_full","SBS17a",0.00682646586012015
"TOV3121EP","baseline","target_full","SBS17b",
"TOV3121EP","baseline","target_full","SBS18",-0.000550155006459054
"TOV3121EP","baseline","target_full","SBS19",0.079905511092705
"TOV3121EP","baseline","target_full","SBS20",
"TOV3121EP","baseline","target_full","SBS21",-0.0873998684859213
"TOV3121EP","baseline","target_full","SBS22",
"TOV3121EP","baseline","target_full","SBS23",-0.0571096977045384
"TOV3121EP","baseline","target_full","SBS24",0.0749219713224658
"TOV3121EP","baseline","target_full","SBS25",-0.0516802978890697
"TOV3121EP","baseline","target_full","SBS26",-0.0725397580521976
"TOV3121EP","baseline","target_full","SBS28",
"TOV3121EP","baseline","target_full","SBS29",-0.0837902331034287
"TOV3121EP","baseline","target_full","SBS30",-0.0543323594855244
"TOV3121EP","baseline","target_full","SBS31",-0.081657224082626
"TOV3121EP","baseline","target_full","SBS32",0.0970873261629657
"TOV3121EP","baseline","target_full","SBS33",0.00867943602947868
"TOV3121EP","baseline","target_full","SBS34",-0.0347462206847921
"TOV3121EP","baseline","target_full","SBS35",-0.0249579642459808
"TOV3121EP","baseline","target_full","SBS36",-0.04007172940399
"TOV3121EP","baseline","target_full","SBS37",-0.0279015204107186
"TOV3121EP","baseline","target_full","SBS38",-0.0323495396442297
"TOV3121EP","baseline","target_full","SBS39",-0.159983424466313
"TOV3121EP","baseline","target_full","SBS40",-0.135900445829682
"TOV3121EP","baseline","target_full","SBS41",-0.0121980899579354
"TOV3121EP","baseline","target_full","SBS42",-0.0276971658377811
"TOV3121EP","baseline","target_full","SBS44",
"TOV3121EP","baseline","target_full","SBS84",0.0101049789445396
"TOV3121EP","baseline","target_full","SBS85",-0.0316699754777911
"TOV3121EP","baseline","target_full","SBS86",0.0194095775352295
"TOV3121EP","baseline","target_full","SBS87",0.0627872309411489
"TOV3121EP","baseline","target_full","SBS88",-0.0172092253791533
"TOV3121EP","baseline","target_full","SBS89",-0.0172806101117802
"TOV3121EP","baseline","target_full","SBS90",-0.0121980899579355
"TOV3121EP","baseline","target_full","SBS91",0.0902616691123181
"TOV3121EP","baseline","target_full","SBS92",0.145531488152206
"TOV3121EP","baseline","target_full","SBS93",-0.0547917957403578
"TOV3121EP","baseline","target_full","SBS94",-0.017110535813624
"TOV3133D","baseline","target_full","SBS1",-0.043005513306922
"TOV3133D","baseline","target_full","SBS2",-0.0331498330043232
"TOV3133D","baseline","target_full","SBS3",1
"TOV3133D","baseline","target_full","SBS4",-0.172956072730024
"TOV3133D","baseline","target_full","SBS5",-0.0498261060724346
"TOV3133D","baseline","target_full","SBS6",-0.0123834382765214
"TOV3133D","baseline","target_full","SBS7a",0.130451015938934
"TOV3133D","baseline","target_full","SBS7b",-0.103440398817416
"TOV3133D","baseline","target_full","SBS7c",0.0282390166091489
"TOV3133D","baseline","target_full","SBS7d",-0.0840108486580222
"TOV3133D","baseline","target_full","SBS8",-0.106309085322745
"TOV3133D","baseline","target_full","SBS9",
"TOV3133D","baseline","target_full","SBS10a",-0.0331498330043234
"TOV3133D","baseline","target_full","SBS10b",-0.0331498330043234
"TOV3133D","baseline","target_full","SBS10c",
"TOV3133D","baseline","target_full","SBS10d",0.127993625337734
"TOV3133D","baseline","target_full","SBS11",0.0883883031044572
"TOV3133D","baseline","target_full","SBS12",-0.0517321426356767
"TOV3133D","baseline","target_full","SBS13",-0.0275416128602333
"TOV3133D","baseline","target_full","SBS14",0.099877413740601
"TOV3133D","baseline","target_full","SBS15",-0.089269654134431
"TOV3133D","baseline","target_full","SBS16",-0.00166666416937524
"TOV3133D","baseline","target_full","SBS17a",-0.061322603627427
"TOV3133D","baseline","target_full","SBS17b",
"TOV3133D","baseline","target_full","SBS18",-0.0894804688810243
"TOV3133D","baseline","target_full","SBS19",0.115028516203434
"TOV3133D","baseline","target_full","SBS20",-0.0858439240828568
"TOV3133D","baseline","target_full","SBS21",-0.0569415984780993
"TOV3133D","baseline","target_full","SBS22",-0.0331498330043233
"TOV3133D","baseline","target_full","SBS23",-0.0165152572384299
"TOV3133D","baseline","target_full","SBS24",-0.0116812755970177
"TOV3133D","baseline","target_full","SBS25",-0.0196902969739841
"TOV3133D","baseline","target_full","SBS26",-0.094016378796946
"TOV3133D","baseline","target_full","SBS28",
"TOV3133D","baseline","target_full","SBS29",0.159518431209599
"TOV3133D","baseline","target_full","SBS30",-0.0107513520635314
"TOV3133D","baseline","target_full","SBS31",-0.148659508137159
"TOV3133D","baseline","target_full","SBS32",-0.017163822268472
"TOV3133D","baseline","target_full","SBS33",-0.0331498330043237
"TOV3133D","baseline","target_full","SBS34",
"TOV3133D","baseline","target_full","SBS35",-0.157945871320875
"TOV3133D","baseline","target_full","SBS36",-0.0181088226608941
"TOV3133D","baseline","target_full","SBS37",
"TOV3133D","baseline","target_full","SBS38",-0.0331498330043231
"TOV3133D","baseline","target_full","SBS39",-0.217187930518982
"TOV3133D","baseline","target_full","SBS40",-0.221158333858018
"TOV3133D","baseline","target_full","SBS41",
"TOV3133D","baseline","target_full","SBS42",0.0307592737836413
"TOV3133D","baseline","target_full","SBS44",0.00845226782284755
"TOV3133D","baseline","target_full","SBS84",0.117596339182746
"TOV3133D","baseline","target_full","SBS85",
"TOV3133D","baseline","target_full","SBS86",
"TOV3133D","baseline","target_full","SBS87",0.116970552628006
"TOV3133D","baseline","target_full","SBS88",0.0677441262794088
"TOV3133D","baseline","target_full","SBS89",-0.128282252168466
"TOV3133D","baseline","target_full","SBS90",
"TOV3133D","baseline","target_full","SBS91",-0.0574640491242662
"TOV3133D","baseline","target_full","SBS92",
"TOV3133D","baseline","target_full","SBS93",
"TOV3133D","baseline","target_full","SBS94",-0.00452134670362007
"TOV3133G","baseline","target_full","SBS1",0.0385016933652114
"TOV3133G","baseline","target_full","SBS2",0.0641272385041609
"TOV3133G","baseline","target_full","SBS3",1
"TOV3133G","baseline","target_full","SBS4",-0.018913784142806
"TOV3133G","baseline","target_full","SBS5",-0.134925194798428
"TOV3133G","baseline","target_full","SBS6",-0.0112628702911073
"TOV3133G","baseline","target_full","SBS7a",0.218558563314884
"TOV3133G","baseline","target_full","SBS7b",-0.00311317016847113
"TOV3133G","baseline","target_full","SBS7c",-0.0163990646659682
"TOV3133G","baseline","target_full","SBS7d",-0.0607288754423428
"TOV3133G","baseline","target_full","SBS8",-0.107233247935589
"TOV3133G","baseline","target_full","SBS9",-0.0163990646659682
"TOV3133G","baseline","target_full","SBS10a",0.0175713058013191
"TOV3133G","baseline","target_full","SBS10b",-0.0520483532434879
"TOV3133G","baseline","target_full","SBS10c",
"TOV3133G","baseline","target_full","SBS10d",0.104698898790767
"TOV3133G","baseline","target_full","SBS11",0.147273842854422
"TOV3133G","baseline","target_full","SBS12",0.114457075656251
"TOV3133G","baseline","target_full","SBS13",-0.0352789593024829
"TOV3133G","baseline","target_full","SBS14",-0.031398204924671
"TOV3133G","baseline","target_full","SBS15",-0.034502634606599
"TOV3133G","baseline","target_full","SBS16",0.00324069168221119
"TOV3133G","baseline","target_full","SBS17a",-0.0436459193808672
"TOV3133G","baseline","target_full","SBS17b",
"TOV3133G","baseline","target_full","SBS18",-0.0280550566942111
"TOV3133G","baseline","target_full","SBS19",
"TOV3133G","baseline","target_full","SBS20",-0.0326917464289171
"TOV3133G","baseline","target_full","SBS21",-0.0163990646659682
"TOV3133G","baseline","target_full","SBS22",-0.0517308979959334
"TOV3133G","baseline","target_full","SBS23",
"TOV3133G","baseline","target_full","SBS24",0.00534287295371976
"TOV3133G","baseline","target_full","SBS25",0.0708064404455501
"TOV3133G","baseline","target_full","SBS26",0.0675859829574501
"TOV3133G","baseline","target_full","SBS28",
"TOV3133G","baseline","target_full","SBS29",0.014621432158187
"TOV3133G","baseline","target_full","SBS30",-0.0711822488700779
"TOV3133G","baseline","target_full","SBS31",-0.0810422851150539
"TOV3133G","baseline","target_full","SBS32",0.0427087138560296
"TOV3133G","baseline","target_full","SBS33",-0.00711837224293414
"TOV3133G","baseline","target_full","SBS34",-0.013203272419698
"TOV3133G","baseline","target_full","SBS35",0.109965523503814
"TOV3133G","baseline","target_full","SBS36",
"TOV3133G","baseline","target_full","SBS37",0.0855121373491085
"TOV3133G","baseline","target_full","SBS38",-0.0492410523925441
"TOV3133G","baseline","target_full","SBS39",-0.117347766981208
"TOV3133G","baseline","target_full","SBS40",-0.11607642607644
"TOV3133G","baseline","target_full","SBS41",-0.0163990646659682
"TOV3133G","baseline","target_full","SBS42",-0.0227936160760491
"TOV3133G","baseline","target_full","SBS44",-0.0379905948919791
"TOV3133G","baseline","target_full","SBS84",-0.00372667423944488
"TOV3133G","baseline","target_full","SBS85",-0.0566025901564687
"TOV3133G","baseline","target_full","SBS86",0.008575784150384
"TOV3133G","baseline","target_full","SBS87",0.0439193930897726
"TOV3133G","baseline","target_full","SBS88",-0.00894843779254987
"TOV3133G","baseline","target_full","SBS89",-0.0896265329300361
"TOV3133G","baseline","target_full","SBS90",-0.0231426032166043
"TOV3133G","baseline","target_full","SBS91",0.209616718566062
"TOV3133G","baseline","target_full","SBS92",-0.0480438958233889
"TOV3133G","baseline","target_full","SBS93",-0.034337443731996
"TOV3133G","baseline","target_full","SBS94",0.0551307307626733
"OV3331","baseline","target_full","SBS1",0.112567993547941
"OV3331","baseline","target_full","SBS2",0.0564629284151358
"OV3331","baseline","target_full","SBS3",1
"OV3331","baseline","target_full","SBS4",
"OV3331","baseline","target_full","SBS5",-0.0826434296259492
"OV3331","baseline","target_full","SBS6",0.0518880964524558
"OV3331","baseline","target_full","SBS7a",0.197036446710516
"OV3331","baseline","target_full","SBS7b",0.0498329689366662
"OV3331","baseline","target_full","SBS7c",
"OV3331","baseline","target_full","SBS7d",-0.030034926700673
"OV3331","baseline","target_full","SBS8",-0.0294608338154439
"OV3331","baseline","target_full","SBS9",-0.0501819679333831
"OV3331","baseline","target_full","SBS10a",0.0681417748450916
"OV3331","baseline","target_full","SBS10b",-0.0580394299714095
"OV3331","baseline","target_full","SBS10c",
"OV3331","baseline","target_full","SBS10d",-0.0230666935310991
"OV3331","baseline","target_full","SBS11",-0.032657374534302
"OV3331","baseline","target_full","SBS12",-0.0149278358521153
"OV3331","baseline","target_full","SBS13",-0.0870374363403032
"OV3331","baseline","target_full","SBS14",
"OV3331","baseline","target_full","SBS15",-0.117124336789445
"OV3331","baseline","target_full","SBS16",-0.028283927008646
"OV3331","baseline","target_full","SBS17a",-0.0930279579504449
"OV3331","baseline","target_full","SBS17b",
"OV3331","baseline","target_full","SBS18",-0.0450445817591395
"OV3331","baseline","target_full","SBS19",-0.137687858058319
"OV3331","baseline","target_full","SBS20",
"OV3331","baseline","target_full","SBS21",-0.0512630380626841
"OV3331","baseline","target_full","SBS22",
"OV3331","baseline","target_full","SBS23",0.00623136604988484
"OV3331","baseline","target_full","SBS24",0.0742991793402829
"OV3331","baseline","target_full","SBS25",-0.0230666935310991
"OV3331","baseline","target_full","SBS26",-0.0251850425243622
"OV3331","baseline","target_full","SBS28",
"OV3331","baseline","target_full","SBS29",-0.171874181615732
"OV3331","baseline","target_full","SBS30",-0.0687866783025336
"OV3331","baseline","target_full","SBS31",-0.12862864030935
"OV3331","baseline","target_full","SBS32",-0.0962686733138075
"OV3331","baseline","target_full","SBS33",-0.00115811941938734
"OV3331","baseline","target_full","SBS34",0.110273105590473
"OV3331","baseline","target_full","SBS35",
"OV3331","baseline","target_full","SBS36",
"OV3331","baseline","target_full","SBS37",0.116640077247585
"OV3331","baseline","target_full","SBS38",
"OV3331","baseline","target_full","SBS39",-0.240764196918555
"OV3331","baseline","target_full","SBS40",-0.0177936291785758
"OV3331","baseline","target_full","SBS41",-0.0553951945054032
"OV3331","baseline","target_full","SBS42",0.090010283577026
"OV3331","baseline","target_full","SBS44",
"OV3331","baseline","target_full","SBS84",-0.0519282740859631
"OV3331","baseline","target_full","SBS85",-0.0600109713016492
"OV3331","baseline","target_full","SBS86",
"OV3331","baseline","target_full","SBS87",-0.023828240121462
"OV3331","baseline","target_full","SBS88",-0.0843478634819973
"OV3331","baseline","target_full","SBS89",-0.0347858941247807
"OV3331","baseline","target_full","SBS90",-0.0400781626375493
"OV3331","baseline","target_full","SBS91",
"OV3331","baseline","target_full","SBS92",0.0105488411165096
"OV3331","baseline","target_full","SBS93",-0.0362651546271275
"OV3331","baseline","target_full","SBS94",-0.0375438596163372
"OV90","baseline","target_full","SBS1",0.121352332918331
"OV90","baseline","target_full","SBS2",0.107380945715392
"OV90","baseline","target_full","SBS3",1
"OV90","baseline","target_full","SBS4",-0.019851326574176
"OV90","baseline","target_full","SBS5",-0.109813711258658
"OV90","baseline","target_full","SBS6",-0.0049924874303154
"OV90","baseline","target_full","SBS7a",
"OV90","baseline","target_full","SBS7b",-0.0461448026152953
"OV90","baseline","target_full","SBS7c",
"OV90","baseline","target_full","SBS7d",-0.0483143118883256
"OV90","baseline","target_full","SBS8",-0.0482738590432378
"OV90","baseline","target_full","SBS9",-0.0709582080710787
"OV90","baseline","target_full","SBS10a",
"OV90","baseline","target_full","SBS10b",-0.0777090468557683
"OV90","baseline","target_full","SBS10c",
"OV90","baseline","target_full","SBS10d",-0.020626529155893
"OV90","baseline","target_full","SBS11",
"OV90","baseline","target_full","SBS12",0.0169618302373259
"OV90","baseline","target_full","SBS13",-0.0151134270730973
"OV90","baseline","target_full","SBS14",
"OV90","baseline","target_full","SBS15",-0.0874986078647646
"OV90","baseline","target_full","SBS16",0.237601381276521
"OV90","baseline","target_full","SBS17a",-0.0300786446269443
"OV90","baseline","target_full","SBS17b",-0.0151134270730973
"OV90","baseline","target_full","SBS18",
"OV90","baseline","target_full","SBS19",-0.0261847904961716
"OV90","baseline","target_full","SBS20",
"OV90","baseline","target_full","SBS21",-0.0151134270730975
"OV90","baseline","target_full","SBS22",
"OV90","baseline","target_full","SBS23",
"OV90","baseline","target_full","SBS24",0.15304750935938
"OV90","baseline","target_full","SBS25",-0.0413441241889465
"OV90","baseline","target_full","SBS26",-0.011436621440108
"OV90","baseline","target_full","SBS28",
"OV90","baseline","target_full","SBS29",-0.121504852617426
"OV90","baseline","target_full","SBS30",0.0244567048939028
"OV90","baseline","target_full","SBS31",-0.0838565350012415
"OV90","baseline","target_full","SBS32",-0.00064001633175691
"OV90","baseline","target_full","SBS33",-0.0584921383193843
"OV90","baseline","target_full","SBS34",-0.021272607683524
"OV90","baseline","target_full","SBS35",-0.020435402000221
"OV90","baseline","target_full","SBS36",
"OV90","baseline","target_full","SBS37",0.144344010245697
"OV90","baseline","target_full","SBS38",-0.0151134270730973
"OV90","baseline","target_full","SBS39",-0.143715462199066
"OV90","baseline","target_full","SBS40",-0.0920436282606309
"OV90","baseline","target_full","SBS41",-0.0214261856226724
"OV90","baseline","target_full","SBS42",
"OV90","baseline","target_full","SBS44",-0.0106693156178633
"OV90","baseline","target_full","SBS84",-0.0405538063908419
"OV90","baseline","target_full","SBS85",-0.0561681223837754
"OV90","baseline","target_full","SBS86",-0.0888602580062218
"OV90","baseline","target_full","SBS87",-0.053287960772449
"OV90","baseline","target_full","SBS88",0.145657441410128
"OV90","baseline","target_full","SBS89",-0.0664402999898605
"OV90","baseline","target_full","SBS90",
"OV90","baseline","target_full","SBS91",-0.0151134270730973
"OV90","baseline","target_full","SBS92",-0.019194717156707
"OV90","baseline","target_full","SBS93",-0.0203438241028116
"OV90","baseline","target_full","SBS94",0.0656336805387618
"TOV81D","baseline","target_full","SBS1",0.0752668494842452
"TOV81D","baseline","target_full","SBS2",0.017873144632067
"TOV81D","baseline","target_full","SBS3",1
"TOV81D","baseline","target_full","SBS4",-0.0638428742605029
"TOV81D","baseline","target_full","SBS5",-0.145788367661541
"TOV81D","baseline","target_full","SBS6",0.0300845960932876
"TOV81D","baseline","target_full","SBS7a",0.0165709558753668
"TOV81D","baseline","target_full","SBS7b",-0.0220766727274697
"TOV81D","baseline","target_full","SBS7c",
"TOV81D","baseline","target_full","SBS7d",-0.0296158052356163
"TOV81D","baseline","target_full","SBS8",-0.0956224327432293
"TOV81D","baseline","target_full","SBS9",-0.0220766727274697
"TOV81D","baseline","target_full","SBS10a",0.061776629385709
"TOV81D","baseline","target_full","SBS10b",0.0402001906647541
"TOV81D","baseline","target_full","SBS10c",
"TOV81D","baseline","target_full","SBS10d",
"TOV81D","baseline","target_full","SBS11",
"TOV81D","baseline","target_full","SBS12",0.121426983282591
"TOV81D","baseline","target_full","SBS13",
"TOV81D","baseline","target_full","SBS14",0.00119918891733775
"TOV81D","baseline","target_full","SBS15",-0.0310135514270524
"TOV81D","baseline","target_full","SBS16",-0.0093769010010606
"TOV81D","baseline","target_full","SBS17a",
"TOV81D","baseline","target_full","SBS17b",
"TOV81D","baseline","target_full","SBS18",0.119170166449779
"TOV81D","baseline","target_full","SBS19",-0.0180196167516523
"TOV81D","baseline","target_full","SBS20",-0.0458709726685238
"TOV81D","baseline","target_full","SBS21",-0.0409549556885928
"TOV81D","baseline","target_full","SBS22",-0.0220766727274697
"TOV81D","baseline","target_full","SBS23",
"TOV81D","baseline","target_full","SBS24",-0.0149670121941918
"TOV81D","baseline","target_full","SBS25",-0.0498844714997733
"TOV81D","baseline","target_full","SBS26",0.0885652813681537
"TOV81D","baseline","target_full","SBS28",-0.0220766727274697
"TOV81D","baseline","target_full","SBS29",0.0317122869362832
"TOV81D","baseline","target_full","SBS30",-0.00880203809961353
"TOV81D","baseline","target_full","SBS31",
"TOV81D","baseline","target_full","SBS32",0.0287887777372129
"TOV81D","baseline","target_full","SBS33",-0.0674072297593714
"TOV81D","baseline","target_full","SBS34",
"TOV81D","baseline","target_full","SBS35",
"TOV81D","baseline","target_full","SBS36",
"TOV81D","baseline","target_full","SBS37",-0.0457184504440511
"TOV81D","baseline","target_full","SBS38",
"TOV81D","baseline","target_full","SBS39",0.0205539181838251
"TOV81D","baseline","target_full","SBS40",-0.098336588067043
"TOV81D","baseline","target_full","SBS41",-0.0346610259929559
"TOV81D","baseline","target_full","SBS42",-0.0687011080031138
"TOV81D","baseline","target_full","SBS44",-0.00419016887383738
"TOV81D","baseline","target_full","SBS84",0.00590622727923844
"TOV81D","baseline","target_full","SBS85",0.00704039819183672
"TOV81D","baseline","target_full","SBS86",-0.10887485993913
"TOV81D","baseline","target_full","SBS87",0.0390602068488812
"TOV81D","baseline","target_full","SBS88",0.0227420438199751
"TOV81D","baseline","target_full","SBS89",-0.260310361320514
"TOV81D","baseline","target_full","SBS90",
"TOV81D","baseline","target_full","SBS91",-0.0497134857268275
"TOV81D","baseline","target_full","SBS92",-0.0287148837520241
"TOV81D","baseline","target_full","SBS93",-0.0678833770917642
"TOV81D","baseline","target_full","SBS94",
"TOV21G","baseline","target_full","SBS1",
"TOV21G","baseline","target_full","SBS2",
"TOV21G","baseline","target_full","SBS3",
"TOV21G","baseline","target_full","SBS4",
"TOV21G","baseline","target_full","SBS5",
"TOV21G","baseline","target_full","SBS6",
"TOV21G","baseline","target_full","SBS7a",
"TOV21G","baseline","target_full","SBS7b",
"TOV21G","baseline","target_full","SBS7c",
"TOV21G","baseline","target_full","SBS7d",
"TOV21G","baseline","target_full","SBS8",
"TOV21G","baseline","target_full","SBS9",
"TOV21G","baseline","target_full","SBS10a",
"TOV21G","baseline","target_full","SBS10b",
"TOV21G","baseline","target_full","SBS10c",
"TOV21G","baseline","target_full","SBS10d",
"TOV21G","baseline","target_full","SBS11",
"TOV21G","baseline","target_full","SBS12",
"TOV21G","baseline","target_full","SBS13",
"TOV21G","baseline","target_full","SBS14",
"TOV21G","baseline","target_full","SBS15",
"TOV21G","baseline","target_full","SBS16",
"TOV21G","baseline","target_full","SBS17a",
"TOV21G","baseline","target_full","SBS17b",
"TOV21G","baseline","target_full","SBS18",
"TOV21G","baseline","target_full","SBS19",
"TOV21G","baseline","target_full","SBS20",
"TOV21G","baseline","target_full","SBS21",
"TOV21G","baseline","target_full","SBS22",
"TOV21G","baseline","target_full","SBS23",
"TOV21G","baseline","target_full","SBS24",
"TOV21G","baseline","target_full","SBS25",
"TOV21G","baseline","target_full","SBS26",
"TOV21G","baseline","target_full","SBS28",
"TOV21G","baseline","target_full","SBS29",
"TOV21G","baseline","target_full","SBS30",
"TOV21G","baseline","target_full","SBS31",
"TOV21G","baseline","target_full","SBS32",
"TOV21G","baseline","target_full","SBS33",
"TOV21G","baseline","target_full","SBS34",
"TOV21G","baseline","target_full","SBS35",
"TOV21G","baseline","target_full","SBS36",
"TOV21G","baseline","target_full","SBS37",
"TOV21G","baseline","target_full","SBS38",
"TOV21G","baseline","target_full","SBS39",
"TOV21G","baseline","target_full","SBS40",
"TOV21G","baseline","target_full","SBS41",
"TOV21G","baseline","target_full","SBS42",
"TOV21G","baseline","target_full","SBS44",
"TOV21G","baseline","target_full","SBS84",
"TOV21G","baseline","target_full","SBS85",
"TOV21G","baseline","target_full","SBS86",
"TOV21G","baseline","target_full","SBS87",
"TOV21G","baseline","target_full","SBS88",
"TOV21G","baseline","target_full","SBS89",
"TOV21G","baseline","target_full","SBS90",
"TOV21G","baseline","target_full","SBS91",
"TOV21G","baseline","target_full","SBS92",
"TOV21G","baseline","target_full","SBS93",
"TOV21G","baseline","target_full","SBS94",
"TOV3392D","baseline","target_full","SBS1",-0.0153019772031191
"TOV3392D","baseline","target_full","SBS2",0.108388368768064
"TOV3392D","baseline","target_full","SBS3",1
"TOV3392D","baseline","target_full","SBS4",-0.00977996861861752
"TOV3392D","baseline","target_full","SBS5",-0.043504011905511
"TOV3392D","baseline","target_full","SBS6",-0.0146547708682861
"TOV3392D","baseline","target_full","SBS7a",-0.00697745465224682
"TOV3392D","baseline","target_full","SBS7b",0.0664569415320238
"TOV3392D","baseline","target_full","SBS7c",
"TOV3392D","baseline","target_full","SBS7d",0.124708124823722
"TOV3392D","baseline","target_full","SBS8",-0.0467172088929922
"TOV3392D","baseline","target_full","SBS9",
"TOV3392D","baseline","target_full","SBS10a",-0.0246187723766584
"TOV3392D","baseline","target_full","SBS10b",-0.0269000181759737
"TOV3392D","baseline","target_full","SBS10c",
"TOV3392D","baseline","target_full","SBS10d",
"TOV3392D","baseline","target_full","SBS11",-0.00697745465224684
"TOV3392D","baseline","target_full","SBS12",0.0146248152551327
"TOV3392D","baseline","target_full","SBS13",0.0868715840225946
"TOV3392D","baseline","target_full","SBS14",0.0932957367304118
"TOV3392D","baseline","target_full","SBS15",-0.03121453449096
"TOV3392D","baseline","target_full","SBS16",0.0795753158669575
"TOV3392D","baseline","target_full","SBS17a",-0.0172571421984125
"TOV3392D","baseline","target_full","SBS17b",
"TOV3392D","baseline","target_full","SBS18",-0.0890265811242207
"TOV3392D","baseline","target_full","SBS19",0.123014197367014
"TOV3392D","baseline","target_full","SBS20",-0.0139147721167034
"TOV3392D","baseline","target_full","SBS21",
"TOV3392D","baseline","target_full","SBS22",-0.011892364655824
"TOV3392D","baseline","target_full","SBS23",-0.00989145041679358
"TOV3392D","baseline","target_full","SBS24",0.0876108388995957
"TOV3392D","baseline","target_full","SBS25",0.124666447459609
"TOV3392D","baseline","target_full","SBS26",-0.0502434274282825
"TOV3392D","baseline","target_full","SBS28",0.0690484734139933
"TOV3392D","baseline","target_full","SBS29",-0.00677239545406077
"TOV3392D","baseline","target_full","SBS30",-0.00644260707544363
"TOV3392D","baseline","target_full","SBS31",-0.0128485023648871
"TOV3392D","baseline","target_full","SBS32",0.0613391015999737
"TOV3392D","baseline","target_full","SBS33",0.0400489541470358
"TOV3392D","baseline","target_full","SBS34",
"TOV3392D","baseline","target_full","SBS35",
"TOV3392D","baseline","target_full","SBS36",
"TOV3392D","baseline","target_full","SBS37",0.00368050850097715
"TOV3392D","baseline","target_full","SBS38",0.54747699230934
"TOV3392D","baseline","target_full","SBS39",-0.0969417902498415
"TOV3392D","baseline","target_full","SBS40",-0.0361896489893529
"TOV3392D","baseline","target_full","SBS41",-0.00697745465224683
"TOV3392D","baseline","target_full","SBS42",-0.00953041914786252
"TOV3392D","baseline","target_full","SBS44",-0.046089723902708
"TOV3392D","baseline","target_full","SBS84",-0.0183472392328808
"TOV3392D","baseline","target_full","SBS85",0.0121589104568577
"TOV3392D","baseline","target_full","SBS86",
"TOV3392D","baseline","target_full","SBS87",0.0108796761157672
"TOV3392D","baseline","target_full","SBS88",-0.0435594416452037
"TOV3392D","baseline","target_full","SBS89",-0.077214963792964
"TOV3392D","baseline","target_full","SBS90",
"TOV3392D","baseline","target_full","SBS91",-0.00697745465224682
"TOV3392D","baseline","target_full","SBS92",-0.0247155915980463
"TOV3392D","baseline","target_full","SBS93",-0.00989135778471465
"TOV3392D","baseline","target_full","SBS94",
"TOV112D","baseline","target_full","SBS1",
"TOV112D","baseline","target_full","SBS2",
"TOV112D","baseline","target_full","SBS3",
"TOV112D","baseline","target_full","SBS4",
"TOV112D","baseline","target_full","SBS5",
"TOV112D","baseline","target_full","SBS6",
"TOV112D","baseline","target_full","SBS7a",
"TOV112D","baseline","target_full","SBS7b",
"TOV112D","baseline","target_full","SBS7c",
"TOV112D","baseline","target_full","SBS7d",
"TOV112D","baseline","target_full","SBS8",
"TOV112D","baseline","target_full","SBS9",
"TOV112D","baseline","target_full","SBS10a",
"TOV112D","baseline","target_full","SBS10b",
"TOV112D","baseline","target_full","SBS10c",
"TOV112D","baseline","target_full","SBS10d",
"TOV112D","baseline","target_full","SBS11",
"TOV112D","baseline","target_full","SBS12",
"TOV112D","baseline","target_full","SBS13",
"TOV112D","baseline","target_full","SBS14",
"TOV112D","baseline","target_full","SBS15",
"TOV112D","baseline","target_full","SBS16",
"TOV112D","baseline","target_full","SBS17a",
"TOV112D","baseline","target_full","SBS17b",
"TOV112D","baseline","target_full","SBS18",
"TOV112D","baseline","target_full","SBS19",
"TOV112D","baseline","target_full","SBS20",
"TOV112D","baseline","target_full","SBS21",
"TOV112D","baseline","target_full","SBS22",
"TOV112D","baseline","target_full","SBS23",
"TOV112D","baseline","target_full","SBS24",
"TOV112D","baseline","target_full","SBS25",
"TOV112D","baseline","target_full","SBS26",
"TOV112D","baseline","target_full","SBS28",
"TOV112D","baseline","target_full","SBS29",
"TOV112D","baseline","target_full","SBS30",
"TOV112D","baseline","target_full","SBS31",
"TOV112D","baseline","target_full","SBS32",
"TOV112D","baseline","target_full","SBS33",
"TOV112D","baseline","target_full","SBS34",
"TOV112D","baseline","target_full","SBS35",
"TOV112D","baseline","target_full","SBS36",
"TOV112D","baseline","target_full","SBS37",
"TOV112D","baseline","target_full","SBS38",
"TOV112D","baseline","target_full","SBS39",
"TOV112D","baseline","target_full","SBS40",
"TOV112D","baseline","target_full","SBS41",
"TOV112D","baseline","target_full","SBS42",
"TOV112D","baseline","target_full","SBS44",
"TOV112D","baseline","target_full","SBS84",
"TOV112D","baseline","target_full","SBS85",
"TOV112D","baseline","target_full","SBS86",
"TOV112D","baseline","target_full","SBS87",
"TOV112D","baseline","target_full","SBS88",
"TOV112D","baseline","target_full","SBS89",
"TOV112D","baseline","target_full","SBS90",
"TOV112D","baseline","target_full","SBS91",
"TOV112D","baseline","target_full","SBS92",
"TOV112D","baseline","target_full","SBS93",
"TOV112D","baseline","target_full","SBS94",
"TOV2414","baseline","target_full","SBS1",-0.106240443769877
"TOV2414","baseline","target_full","SBS2",0.0390327722060494
"TOV2414","baseline","target_full","SBS3",1
"TOV2414","baseline","target_full","SBS4",-0.0426136687501477
"TOV2414","baseline","target_full","SBS5",0.0271693439919318
"TOV2414","baseline","target_full","SBS6",-0.0286116498220894
"TOV2414","baseline","target_full","SBS7a",0.0679453438600495
"TOV2414","baseline","target_full","SBS7b",-0.0250967579734548
"TOV2414","baseline","target_full","SBS7c",
"TOV2414","baseline","target_full","SBS7d",
"TOV2414","baseline","target_full","SBS8",-0.0141751229293566
"TOV2414","baseline","target_full","SBS9",-0.0113961047809014
"TOV2414","baseline","target_full","SBS10a",-0.00996143238655739
"TOV2414","baseline","target_full","SBS10b",-0.0334409079036886
"TOV2414","baseline","target_full","SBS10c",
"TOV2414","baseline","target_full","SBS10d",-0.00705685606435765
"TOV2414","baseline","target_full","SBS11",-0.0361492565959914
"TOV2414","baseline","target_full","SBS12",-0.0491064107326394
"TOV2414","baseline","target_full","SBS13",
"TOV2414","baseline","target_full","SBS14",0.0241026362985056
"TOV2414","baseline","target_full","SBS15",-0.0198586993822417
"TOV2414","baseline","target_full","SBS16",-0.0051048014643513
"TOV2414","baseline","target_full","SBS17a",-0.00992649508128783
"TOV2414","baseline","target_full","SBS17b",
"TOV2414","baseline","target_full","SBS18",-0.0056982233275563
"TOV2414","baseline","target_full","SBS19",-0.0286897036984135
"TOV2414","baseline","target_full","SBS20",-0.0234354398306093
"TOV2414","baseline","target_full","SBS21",
"TOV2414","baseline","target_full","SBS22",
"TOV2414","baseline","target_full","SBS23",-0.0210965712931729
"TOV2414","baseline","target_full","SBS24",-0.0302964422430286
"TOV2414","baseline","target_full","SBS25",-0.0140379702930393
"TOV2414","baseline","target_full","SBS26",0.082916437623191
"TOV2414","baseline","target_full","SBS28",
"TOV2414","baseline","target_full","SBS29",-0.0154662111705649
"TOV2414","baseline","target_full","SBS30",-0.0436092221178869
"TOV2414","baseline","target_full","SBS31",-0.0348947217188213
"TOV2414","baseline","target_full","SBS32",-0.0374422752842474
"TOV2414","baseline","target_full","SBS33",-0.0158366659168454
"TOV2414","baseline","target_full","SBS34",-0.0100000697752346
"TOV2414","baseline","target_full","SBS35",
"TOV2414","baseline","target_full","SBS36",-0.0190964754704103
"TOV2414","baseline","target_full","SBS37",-0.0401624479703397
"TOV2414","baseline","target_full","SBS38",-0.0235296400705938
"TOV2414","baseline","target_full","SBS39",-0.0415444542925148
"TOV2414","baseline","target_full","SBS40",-0.0902709411603866
"TOV2414","baseline","target_full","SBS41",
"TOV2414","baseline","target_full","SBS42",0.186410515594641
"TOV2414","baseline","target_full","SBS44",0.057219220237979
"TOV2414","baseline","target_full","SBS84",-0.0584567220958229
"TOV2414","baseline","target_full","SBS85",0.0583042362963835
"TOV2414","baseline","target_full","SBS86",0.0874912430855024
"TOV2414","baseline","target_full","SBS87",0.142155935840877
"TOV2414","baseline","target_full","SBS88",-0.0236097893877759
"TOV2414","baseline","target_full","SBS89",-0.0591152683977472
"TOV2414","baseline","target_full","SBS90",-0.0140636105356425
"TOV2414","baseline","target_full","SBS91",0.15910754973958
"TOV2414","baseline","target_full","SBS92",-0.0118706000926434
"TOV2414","baseline","target_full","SBS93",-0.0106803904356349
"TOV2414","baseline","target_full","SBS94",0.497679176596418
"OV1369-R2","rare_read_supported","target_full","SBS1",-0.0160099007230811
"OV1369-R2","rare_read_supported","target_full","SBS2",0.0817985295742353
"OV1369-R2","rare_read_supported","target_full","SBS3",1
"OV1369-R2","rare_read_supported","target_full","SBS4",-0.00261642643147167
"OV1369-R2","rare_read_supported","target_full","SBS5",-0.0415231587871927
"OV1369-R2","rare_read_supported","target_full","SBS6",0.0580042316230577
"OV1369-R2","rare_read_supported","target_full","SBS7a",0.0625448003639446
"OV1369-R2","rare_read_supported","target_full","SBS7b",
"OV1369-R2","rare_read_supported","target_full","SBS7c",0.0615164398819644
"OV1369-R2","rare_read_supported","target_full","SBS7d",0.164464113544792
"OV1369-R2","rare_read_supported","target_full","SBS8",-0.38448039220685
"OV1369-R2","rare_read_supported","target_full","SBS9",
"OV1369-R2","rare_read_supported","target_full","SBS10a",0.0530724987647053
"OV1369-R2","rare_read_supported","target_full","SBS10b",0.217413623283129
"OV1369-R2","rare_read_supported","target_full","SBS10c",
"OV1369-R2","rare_read_supported","target_full","SBS10d",-0.0602062064465005
"OV1369-R2","rare_read_supported","target_full","SBS11",
"OV1369-R2","rare_read_supported","target_full","SBS12",-0.146146321004797
"OV1369-R2","rare_read_supported","target_full","SBS13",-0.015457037937644
"OV1369-R2","rare_read_supported","target_full","SBS14",-0.0346448178261625
"OV1369-R2","rare_read_supported","target_full","SBS15",0.0255636102243451
"OV1369-R2","rare_read_supported","target_full","SBS16",0.0787123139809744
"OV1369-R2","rare_read_supported","target_full","SBS17a",
"OV1369-R2","rare_read_supported","target_full","SBS17b",-0.0224514229524582
"OV1369-R2","rare_read_supported","target_full","SBS18",-0.0346448178261627
"OV1369-R2","rare_read_supported","target_full","SBS19",-0.0934465751921772
"OV1369-R2","rare_read_supported","target_full","SBS20",
"OV1369-R2","rare_read_supported","target_full","SBS21",-0.0677200804851034
"OV1369-R2","rare_read_supported","target_full","SBS22",0.100312810366641
"OV1369-R2","rare_read_supported","target_full","SBS23",0.000286890623917755
"OV1369-R2","rare_read_supported","target_full","SBS24",-0.048773819385943
"OV1369-R2","rare_read_supported","target_full","SBS25",0.207842080305216
"OV1369-R2","rare_read_supported","target_full","SBS26",
"OV1369-R2","rare_read_supported","target_full","SBS28",-0.0534258197783823
"OV1369-R2","rare_read_supported","target_full","SBS29",0.0769122070971821
"OV1369-R2","rare_read_supported","target_full","SBS30",-0.331295885969596
"OV1369-R2","rare_read_supported","target_full","SBS31",
"OV1369-R2","rare_read_supported","target_full","SBS32",0.175131775402247
"OV1369-R2","rare_read_supported","target_full","SBS33",-0.023271224639209
"OV1369-R2","rare_read_supported","target_full","SBS34",
"OV1369-R2","rare_read_supported","target_full","SBS35",0.13101901245211
"OV1369-R2","rare_read_supported","target_full","SBS36",0.361695622280453
"OV1369-R2","rare_read_supported","target_full","SBS37",-0.13561658238876
"OV1369-R2","rare_read_supported","target_full","SBS38",
"OV1369-R2","rare_read_supported","target_full","SBS39",-0.272006263777986
"OV1369-R2","rare_read_supported","target_full","SBS40",-0.159761233084637
"OV1369-R2","rare_read_supported","target_full","SBS41",-0.0576712706934295
"OV1369-R2","rare_read_supported","target_full","SBS42",-0.0990190451329956
"OV1369-R2","rare_read_supported","target_full","SBS44",-0.0777748732624913
"OV1369-R2","rare_read_supported","target_full","SBS84",-0.0243067012584263
"OV1369-R2","rare_read_supported","target_full","SBS85",0.120801885519789
"OV1369-R2","rare_read_supported","target_full","SBS86",0.0362563482557882
"OV1369-R2","rare_read_supported","target_full","SBS87",0.0700384325299935
"OV1369-R2","rare_read_supported","target_full","SBS88",
"OV1369-R2","rare_read_supported","target_full","SBS89",-0.148060557772118
"OV1369-R2","rare_read_supported","target_full","SBS90",
"OV1369-R2","rare_read_supported","target_full","SBS91",-0.0855589715026092
"OV1369-R2","rare_read_supported","target_full","SBS92",
"OV1369-R2","rare_read_supported","target_full","SBS93",0.0320118632975771
"OV1369-R2","rare_read_supported","target_full","SBS94",
"OV2085","rare_read_supported","target_full","SBS1",-0.0149561086296724
"OV2085","rare_read_supported","target_full","SBS2",-0.0279997711716864
"OV2085","rare_read_supported","target_full","SBS3",1
"OV2085","rare_read_supported","target_full","SBS4",0.063799295429373
"OV2085","rare_read_supported","target_full","SBS5",-0.0338590851685234
"OV2085","rare_read_supported","target_full","SBS6",-0.00863176678171519
"OV2085","rare_read_supported","target_full","SBS7a",-0.066718660745263
"OV2085","rare_read_supported","target_full","SBS7b",-0.0230528851509948
"OV2085","rare_read_supported","target_full","SBS7c",-0.0162852499730255
"OV2085","rare_read_supported","target_full","SBS7d",
"OV2085","rare_read_supported","target_full","SBS8",-0.0147542768262433
"OV2085","rare_read_supported","target_full","SBS9",-0.0199674314294631
"OV2085","rare_read_supported","target_full","SBS10a",
"OV2085","rare_read_supported","target_full","SBS10b",0.0101035351528497
"OV2085","rare_read_supported","target_full","SBS10c",
"OV2085","rare_read_supported","target_full","SBS10d",
"OV2085","rare_read_supported","target_full","SBS11",-0.00863176678171515
"OV2085","rare_read_supported","target_full","SBS12",-0.0617650057369361
"OV2085","rare_read_supported","target_full","SBS13",-0.0149827952046502
"OV2085","rare_read_supported","target_full","SBS14",
"OV2085","rare_read_supported","target_full","SBS15",0.0970784689133805
"OV2085","rare_read_supported","target_full","SBS16",-0.0539511269244732
"OV2085","rare_read_supported","target_full","SBS17a",-0.0246792925816908
"OV2085","rare_read_supported","target_full","SBS17b",-0.0273670980407215
"OV2085","rare_read_supported","target_full","SBS18",-0.0408621174324948
"OV2085","rare_read_supported","target_full","SBS19",0.046313995687046
"OV2085","rare_read_supported","target_full","SBS20",-0.0241502847035454
"OV2085","rare_read_supported","target_full","SBS21",
"OV2085","rare_read_supported","target_full","SBS22",-0.0169539770136282
"OV2085","rare_read_supported","target_full","SBS23",-0.0297312743519633
"OV2085","rare_read_supported","target_full","SBS24",0.0597083346316396
"OV2085","rare_read_supported","target_full","SBS25",
"OV2085","rare_read_supported","target_full","SBS26",-0.0519402701991536
"OV2085","rare_read_supported","target_full","SBS28",-0.0272636763802315
"OV2085","rare_read_supported","target_full","SBS29",-0.0362061683684223
"OV2085","rare_read_supported","target_full","SBS30",0.091530907402809
"OV2085","rare_read_supported","target_full","SBS31",0.0284725875487681
"OV2085","rare_read_supported","target_full","SBS32",-0.0289780364747952
"OV2085","rare_read_supported","target_full","SBS33",-0.0385646274645944
"OV2085","rare_read_supported","target_full","SBS34",-0.0122370575811127
"OV2085","rare_read_supported","target_full","SBS35",-0.0277033126036164
"OV2085","rare_read_supported","target_full","SBS36",-0.0150124456885978
"OV2085","rare_read_supported","target_full","SBS37",0.0197894826925223
"OV2085","rare_read_supported","target_full","SBS38",-0.0328449859461121
"OV2085","rare_read_supported","target_full","SBS39",-0.0527203897488705
"OV2085","rare_read_supported","target_full","SBS40",-0.0734950369506187
"OV2085","rare_read_supported","target_full","SBS41",-0.0224989727283172
"OV2085","rare_read_supported","target_full","SBS42",-0.0326348700833647
"OV2085","rare_read_supported","target_full","SBS44",-0.0264179584411723
"OV2085","rare_read_supported","target_full","SBS84",-0.0267762859499725
"OV2085","rare_read_supported","target_full","SBS85",-0.0170025730968716
"OV2085","rare_read_supported","target_full","SBS86",0.0299739788009277
"OV2085","rare_read_supported","target_full","SBS87",0.106961255383579
"OV2085","rare_read_supported","target_full","SBS88",0.150954507884551
"OV2085","rare_read_supported","target_full","SBS89",-0.12607015153573
"OV2085","rare_read_supported","target_full","SBS90",-0.00863176678171516
"OV2085","rare_read_supported","target_full","SBS91",-0.0122379487377505
"OV2085","rare_read_supported","target_full","SBS92",-0.0402921553196351
"OV2085","rare_read_supported","target_full","SBS93",-0.0303041380643054
"OV2085","rare_read_supported","target_full","SBS94",-0.0235347098733287
"OV2295","rare_read_supported","target_full","SBS1",-0.0361995113603098
"OV2295","rare_read_supported","target_full","SBS2",0.0268314240999629
"OV2295","rare_read_supported","target_full","SBS3",1
"OV2295","rare_read_supported","target_full","SBS4",0.107573426337177
"OV2295","rare_read_supported","target_full","SBS5",-0.047892752493604
"OV2295","rare_read_supported","target_full","SBS6",0.223335337247425
"OV2295","rare_read_supported","target_full","SBS7a",-0.0220951820395933
"OV2295","rare_read_supported","target_full","SBS7b",0.00418114296073153
"OV2295","rare_read_supported","target_full","SBS7c",
"OV2295","rare_read_supported","target_full","SBS7d",-0.0372139655669684
"OV2295","rare_read_supported","target_full","SBS8",-0.0226888075937166
"OV2295","rare_read_supported","target_full","SBS9",0.0353552074154884
"OV2295","rare_read_supported","target_full","SBS10a",0.0139597751369881
"OV2295","rare_read_supported","target_full","SBS10b",0.0262364234971585
"OV2295","rare_read_supported","target_full","SBS10c",
"OV2295","rare_read_supported","target_full","SBS10d",-0.0441303862983252
"OV2295","rare_read_supported","target_full","SBS11",0.0351586423705485
"OV2295","rare_read_supported","target_full","SBS12",-0.025063774564425
"OV2295","rare_read_supported","target_full","SBS13",-0.0427470967388093
"OV2295","rare_read_supported","target_full","SBS14",
"OV2295","rare_read_supported","target_full","SBS15",-0.0109298364082772
"OV2295","rare_read_supported","target_full","SBS16",0.0146279441203341
"OV2295","rare_read_supported","target_full","SBS17a",-0.0494444291940975
"OV2295","rare_read_supported","target_full","SBS17b",-0.0439396290548259
"OV2295","rare_read_supported","target_full","SBS18",-0.0393080708121318
"OV2295","rare_read_supported","target_full","SBS19",-0.0604010522252435
"OV2295","rare_read_supported","target_full","SBS20",
"OV2295","rare_read_supported","target_full","SBS21",-0.0439807212420387
"OV2295","rare_read_supported","target_full","SBS22",-0.0670408418675103
"OV2295","rare_read_supported","target_full","SBS23",-0.0220951820395936
"OV2295","rare_read_supported","target_full","SBS24",-0.00136868635399852
"OV2295","rare_read_supported","target_full","SBS25",
"OV2295","rare_read_supported","target_full","SBS26",-0.0252286393654857
"OV2295","rare_read_supported","target_full","SBS28",-0.0310409531617345
"OV2295","rare_read_supported","target_full","SBS29",-0.0294832362938753
"OV2295","rare_read_supported","target_full","SBS30",0.108143793037421
"OV2295","rare_read_supported","target_full","SBS31",-0.11948137875835
"OV2295","rare_read_supported","target_full","SBS32",-0.0734002569558319
"OV2295","rare_read_supported","target_full","SBS33",0.0461108736113466
"OV2295","rare_read_supported","target_full","SBS34",
"OV2295","rare_read_supported","target_full","SBS35",
"OV2295","rare_read_supported","target_full","SBS36",-0.0500504572829296
"OV2295","rare_read_supported","target_full","SBS37",-0.0526444997755944
"OV2295","rare_read_supported","target_full","SBS38",-0.0378048444680542
"OV2295","rare_read_supported","target_full","SBS39",-0.211154548042301
"OV2295","rare_read_supported","target_full","SBS40",-0.134659676187678
"OV2295","rare_read_supported","target_full","SBS41",
"OV2295","rare_read_supported","target_full","SBS42",-0.0220951820395933
"OV2295","rare_read_supported","target_full","SBS44",-0.0363043272477577
"OV2295","rare_read_supported","target_full","SBS84",0.0328665037840222
"OV2295","rare_read_supported","target_full","SBS85",0.104034248083787
"OV2295","rare_read_supported","target_full","SBS86",0.0961168798701678
"OV2295","rare_read_supported","target_full","SBS87",-0.0780038569687454
"OV2295","rare_read_supported","target_full","SBS88",0.0196763041957544
"OV2295","rare_read_supported","target_full","SBS89",-0.139388528988707
"OV2295","rare_read_supported","target_full","SBS90",
"OV2295","rare_read_supported","target_full","SBS91",
"OV2295","rare_read_supported","target_full","SBS92",
"OV2295","rare_read_supported","target_full","SBS93",
"OV2295","rare_read_supported","target_full","SBS94",-0.0282951323542791
"OV2295-R2","rare_read_supported","target_full","SBS1",-0.0367366771127443
"OV2295-R2","rare_read_supported","target_full","SBS2",0.0708362426066068
"OV2295-R2","rare_read_supported","target_full","SBS3",1
"OV2295-R2","rare_read_supported","target_full","SBS4",-0.00648239538408744
"OV2295-R2","rare_read_supported","target_full","SBS5",-0.0169674965965426
"OV2295-R2","rare_read_supported","target_full","SBS6",-0.00887400611120297
"OV2295-R2","rare_read_supported","target_full","SBS7a",-0.0461997841822795
"OV2295-R2","rare_read_supported","target_full","SBS7b",0.0461367571459121
"OV2295-R2","rare_read_supported","target_full","SBS7c",
"OV2295-R2","rare_read_supported","target_full","SBS7d",-0.0167912944381204
"OV2295-R2","rare_read_supported","target_full","SBS8",-0.00887400611120297
"OV2295-R2","rare_read_supported","target_full","SBS9",-0.0436483045052365
"OV2295-R2","rare_read_supported","target_full","SBS10a",-0.0300813613006697
"OV2295-R2","rare_read_supported","target_full","SBS10b",
"OV2295-R2","rare_read_supported","target_full","SBS10c",
"OV2295-R2","rare_read_supported","target_full","SBS10d",-0.0154407903072035
"OV2295-R2","rare_read_supported","target_full","SBS11",0.00106310073325257
"OV2295-R2","rare_read_supported","target_full","SBS12",-0.105311787059737
"OV2295-R2","rare_read_supported","target_full","SBS13",-0.00970064117759691
"OV2295-R2","rare_read_supported","target_full","SBS14",
"OV2295-R2","rare_read_supported","target_full","SBS15",0.0859667572927862
"OV2295-R2","rare_read_supported","target_full","SBS16",-0.0179479680560919
"OV2295-R2","rare_read_supported","target_full","SBS17a",0.129376680867363
"OV2295-R2","rare_read_supported","target_full","SBS17b",
"OV2295-R2","rare_read_supported","target_full","SBS18",-0.0322424994016929
"OV2295-R2","rare_read_supported","target_full","SBS19",-0.0727559430142757
"OV2295-R2","rare_read_supported","target_full","SBS20",
"OV2295-R2","rare_read_supported","target_full","SBS21",
"OV2295-R2","rare_read_supported","target_full","SBS22",-0.0125291305581754
"OV2295-R2","rare_read_supported","target_full","SBS23",-0.0229017853837185
"OV2295-R2","rare_read_supported","target_full","SBS24",-0.0152335839078062
"OV2295-R2","rare_read_supported","target_full","SBS25",
"OV2295-R2","rare_read_supported","target_full","SBS26",-0.0190845465081544
"OV2295-R2","rare_read_supported","target_full","SBS28",
"OV2295-R2","rare_read_supported","target_full","SBS29",-0.0124125535768274
"OV2295-R2","rare_read_supported","target_full","SBS30",-0.046795535773519
"OV2295-R2","rare_read_supported","target_full","SBS31",-0.00497276995931487
"OV2295-R2","rare_read_supported","target_full","SBS32",0.00716805260769033
"OV2295-R2","rare_read_supported","target_full","SBS33",-0.041997859862937
"OV2295-R2","rare_read_supported","target_full","SBS34",-0.0279884412881592
"OV2295-R2","rare_read_supported","target_full","SBS35",
"OV2295-R2","rare_read_supported","target_full","SBS36",-0.0296636736916093
"OV2295-R2","rare_read_supported","target_full","SBS37",-0.00749070231829374
"OV2295-R2","rare_read_supported","target_full","SBS38",-0.0410160271679481
"OV2295-R2","rare_read_supported","target_full","SBS39",-0.0603195066393546
"OV2295-R2","rare_read_supported","target_full","SBS40",-0.00850090711640408
"OV2295-R2","rare_read_supported","target_full","SBS41",-0.0201760741894502
"OV2295-R2","rare_read_supported","target_full","SBS42",
"OV2295-R2","rare_read_supported","target_full","SBS44",-0.0148385627815726
"OV2295-R2","rare_read_supported","target_full","SBS84",-0.0110142425279383
"OV2295-R2","rare_read_supported","target_full","SBS85",0.129177198162382
"OV2295-R2","rare_read_supported","target_full","SBS86",0.0167732861823739
"OV2295-R2","rare_read_supported","target_full","SBS87",-0.0226966551583459
"OV2295-R2","rare_read_supported","target_full","SBS88",-0.0231893640742756
"OV2295-R2","rare_read_supported","target_full","SBS89",-0.0891564049633428
"OV2295-R2","rare_read_supported","target_full","SBS90",
"OV2295-R2","rare_read_supported","target_full","SBS91",
"OV2295-R2","rare_read_supported","target_full","SBS92",-0.00887400611120298
"OV2295-R2","rare_read_supported","target_full","SBS93",-0.0223075857833463
"OV2295-R2","rare_read_supported","target_full","SBS94",-0.0209071265240872
"OV3133-R","rare_read_supported","target_full","SBS1",-0.0457570247319985
"OV3133-R","rare_read_supported","target_full","SBS2",-0.0879269891847605
"OV3133-R","rare_read_supported","target_full","SBS3",1
"OV3133-R","rare_read_supported","target_full","SBS4",-0.0742765888776672
"OV3133-R","rare_read_supported","target_full","SBS5",0.00997353068529741
"OV3133-R","rare_read_supported","target_full","SBS6",0.00717543309538711
"OV3133-R","rare_read_supported","target_full","SBS7a",0.100729705124236
"OV3133-R","rare_read_supported","target_full","SBS7b",-0.0169105216929628
"OV3133-R","rare_read_supported","target_full","SBS7c",-0.0859103865812203
"OV3133-R","rare_read_supported","target_full","SBS7d",0.0236540787301655
"OV3133-R","rare_read_supported","target_full","SBS8",-0.111386812757945
"OV3133-R","rare_read_supported","target_full","SBS9",
"OV3133-R","rare_read_supported","target_full","SBS10a",0.0231544321720234
"OV3133-R","rare_read_supported","target_full","SBS10b",
"OV3133-R","rare_read_supported","target_full","SBS10c",-0.078564782275836
"OV3133-R","rare_read_supported","target_full","SBS10d",0.0442052294626988
"OV3133-R","rare_read_supported","target_full","SBS11",0.103878438876059
"OV3133-R","rare_read_supported","target_full","SBS12",-0.0762777441307939
"OV3133-R","rare_read_supported","target_full","SBS13",-0.0578376843179341
"OV3133-R","rare_read_supported","target_full","SBS14",0.0561916580784617
"OV3133-R","rare_read_supported","target_full","SBS15",0.0461112533926908
"OV3133-R","rare_read_supported","target_full","SBS16",0.0142064008700068
"OV3133-R","rare_read_supported","target_full","SBS17a",-0.00259251277008836
"OV3133-R","rare_read_supported","target_full","SBS17b",
"OV3133-R","rare_read_supported","target_full","SBS18",-0.0294940858631328
"OV3133-R","rare_read_supported","target_full","SBS19",0.107131142017107
"OV3133-R","rare_read_supported","target_full","SBS20",-0.147363317208161
"OV3133-R","rare_read_supported","target_full","SBS21",-0.0176916707736697
"OV3133-R","rare_read_supported","target_full","SBS22",-0.0662400590106805
"OV3133-R","rare_read_supported","target_full","SBS23",0.045628433079189
"OV3133-R","rare_read_supported","target_full","SBS24",-0.0701121547020949
"OV3133-R","rare_read_supported","target_full","SBS25",-0.0652242715743488
"OV3133-R","rare_read_supported","target_full","SBS26",-0.0322571310345102
"OV3133-R","rare_read_supported","target_full","SBS28",-0.0573345220452826
"OV3133-R","rare_read_supported","target_full","SBS29",0.044108119169216
"OV3133-R","rare_read_supported","target_full","SBS30",-0.106301691022281
"OV3133-R","rare_read_supported","target_full","SBS31",0.0399677281135362
"OV3133-R","rare_read_supported","target_full","SBS32",-0.130604779206212
"OV3133-R","rare_read_supported","target_full","SBS33",0.0650589132397809
"OV3133-R","rare_read_supported","target_full","SBS34",0.0762099918942606
"OV3133-R","rare_read_supported","target_full","SBS35",-0.0716718890978138
"OV3133-R","rare_read_supported","target_full","SBS36",0.0331655619713158
"OV3133-R","rare_read_supported","target_full","SBS37",-0.0360938511695224
"OV3133-R","rare_read_supported","target_full","SBS38",0.0375193936649312
"OV3133-R","rare_read_supported","target_full","SBS39",-0.243617161695129
"OV3133-R","rare_read_supported","target_full","SBS40",-0.277145829450546
"OV3133-R","rare_read_supported","target_full","SBS41",0.0142032129011652
"OV3133-R","rare_read_supported","target_full","SBS42",-0.0267494005246953
"OV3133-R","rare_read_supported","target_full","SBS44",0.104071595790262
"OV3133-R","rare_read_supported","target_full","SBS84",-0.0583353073351414
"OV3133-R","rare_read_supported","target_full","SBS85",-0.0808062591828833
"OV3133-R","rare_read_supported","target_full","SBS86",0.0052310905741627
"OV3133-R","rare_read_supported","target_full","SBS87",0.00383195136624677
"OV3133-R","rare_read_supported","target_full","SBS88",0.0209667490576679
"OV3133-R","rare_read_supported","target_full","SBS89",-0.0824991474521722
"OV3133-R","rare_read_supported","target_full","SBS90",0.0304830636319925
"OV3133-R","rare_read_supported","target_full","SBS91",0.0664877927334359
"OV3133-R","rare_read_supported","target_full","SBS92",-0.137244652041991
"OV3133-R","rare_read_supported","target_full","SBS93",-0.0803325883026871
"OV3133-R","rare_read_supported","target_full","SBS94",-0.0649036922073082
"OV3133-R2","rare_read_supported","target_full","SBS1",0.081183059559762
"OV3133-R2","rare_read_supported","target_full","SBS2",0.206640171670506
"OV3133-R2","rare_read_supported","target_full","SBS3",1
"OV3133-R2","rare_read_supported","target_full","SBS4",
"OV3133-R2","rare_read_supported","target_full","SBS5",-0.061700406801739
"OV3133-R2","rare_read_supported","target_full","SBS6",0.102059951106609
"OV3133-R2","rare_read_supported","target_full","SBS7a",-0.0254420704193275
"OV3133-R2","rare_read_supported","target_full","SBS7b",-0.0770988173331796
"OV3133-R2","rare_read_supported","target_full","SBS7c",0.0780867103754984
"OV3133-R2","rare_read_supported","target_full","SBS7d",-0.0566595788910838
"OV3133-R2","rare_read_supported","target_full","SBS8",-0.16649697179949
"OV3133-R2","rare_read_supported","target_full","SBS9",
"OV3133-R2","rare_read_supported","target_full","SBS10a",0.00558694667764444
"OV3133-R2","rare_read_supported","target_full","SBS10b",
"OV3133-R2","rare_read_supported","target_full","SBS10c",
"OV3133-R2","rare_read_supported","target_full","SBS10d",0.119711587423937
"OV3133-R2","rare_read_supported","target_full","SBS11",-0.0635572975038472
"OV3133-R2","rare_read_supported","target_full","SBS12",-0.125957438512746
"OV3133-R2","rare_read_supported","target_full","SBS13",-0.00809515485125439
"OV3133-R2","rare_read_supported","target_full","SBS14",-0.0806142449366077
"OV3133-R2","rare_read_supported","target_full","SBS15",-0.0220153105034831
"OV3133-R2","rare_read_supported","target_full","SBS16",0.0612745413157341
"OV3133-R2","rare_read_supported","target_full","SBS17a",0.0780703251947132
"OV3133-R2","rare_read_supported","target_full","SBS17b",-0.0801159098038257
"OV3133-R2","rare_read_supported","target_full","SBS18",0.162851621474332
"OV3133-R2","rare_read_supported","target_full","SBS19",-0.0136690468192093
"OV3133-R2","rare_read_supported","target_full","SBS20",-0.0566277106820536
"OV3133-R2","rare_read_supported","target_full","SBS21",0.00893539500477647
"OV3133-R2","rare_read_supported","target_full","SBS22",-0.143497960109959
"OV3133-R2","rare_read_supported","target_full","SBS23",0.0659291781504107
"OV3133-R2","rare_read_supported","target_full","SBS24",-0.078725108117825
"OV3133-R2","rare_read_supported","target_full","SBS25",-0.0313937594342488
"OV3133-R2","rare_read_supported","target_full","SBS26",-0.0364591792396775
"OV3133-R2","rare_read_supported","target_full","SBS28",0.145470274625293
"OV3133-R2","rare_read_supported","target_full","SBS29",-0.0315588090488745
"OV3133-R2","rare_read_supported","target_full","SBS30",0.120761963943848
"OV3133-R2","rare_read_supported","target_full","SBS31",-0.0638861955482409
"OV3133-R2","rare_read_supported","target_full","SBS32",0.0804723390477555
"OV3133-R2","rare_read_supported","target_full","SBS33",-0.0163610304142658
"OV3133-R2","rare_read_supported","target_full","SBS34",-0.080105753764932
"OV3133-R2","rare_read_supported","target_full","SBS35",-0.237684468278096
"OV3133-R2","rare_read_supported","target_full","SBS36",0.207362231348162
"OV3133-R2","rare_read_supported","target_full","SBS37",
"OV3133-R2","rare_read_supported","target_full","SBS38",-0.138138563206207
"OV3133-R2","rare_read_supported","target_full","SBS39",-0.309609441843934
"OV3133-R2","rare_read_supported","target_full","SBS40",-0.449591642078139
"OV3133-R2","rare_read_supported","target_full","SBS41",
"OV3133-R2","rare_read_supported","target_full","SBS42",-0.089446580857087
"OV3133-R2","rare_read_supported","target_full","SBS44",0.00333153855961089
"OV3133-R2","rare_read_supported","target_full","SBS84",-0.0581007052678234
"OV3133-R2","rare_read_supported","target_full","SBS85",-0.0933040433724867
"OV3133-R2","rare_read_supported","target_full","SBS86",0.0135679575919118
"OV3133-R2","rare_read_supported","target_full","SBS87",0.0159852522831901
"OV3133-R2","rare_read_supported","target_full","SBS88",0.0117443983398595
"OV3133-R2","rare_read_supported","target_full","SBS89",-0.207814835465726
"OV3133-R2","rare_read_supported","target_full","SBS90",
"OV3133-R2","rare_read_supported","target_full","SBS91",-0.056627710682054
"OV3133-R2","rare_read_supported","target_full","SBS92",
"OV3133-R2","rare_read_supported","target_full","SBS93",-0.022523454255195
"OV3133-R2","rare_read_supported","target_full","SBS94",0.018845787905415
"OV3291","rare_read_supported","target_full","SBS1",-0.00569152309637546
"OV3291","rare_read_supported","target_full","SBS2",-0.0072541478889598
"OV3291","rare_read_supported","target_full","SBS3",1
"OV3291","rare_read_supported","target_full","SBS4",-0.101670436972187
"OV3291","rare_read_supported","target_full","SBS5",
"OV3291","rare_read_supported","target_full","SBS6",0.0733319066363576
"OV3291","rare_read_supported","target_full","SBS7a",0.0367300278858324
"OV3291","rare_read_supported","target_full","SBS7b",-0.0362310458520804
"OV3291","rare_read_supported","target_full","SBS7c",-0.0218987592640043
"OV3291","rare_read_supported","target_full","SBS7d",0.0894410449354771
"OV3291","rare_read_supported","target_full","SBS8",-0.125958718906441
"OV3291","rare_read_supported","target_full","SBS9",-0.0346975096809986
"OV3291","rare_read_supported","target_full","SBS10a",-0.023080478067432
"OV3291","rare_read_supported","target_full","SBS10b",0.0309923370120744
"OV3291","rare_read_supported","target_full","SBS10c",-0.0490392098479282
"OV3291","rare_read_supported","target_full","SBS10d",-0.0858205144401663
"OV3291","rare_read_supported","target_full","SBS11",-0.0793981389813136
"OV3291","rare_read_supported","target_full","SBS12",0.0547195641237779
"OV3291","rare_read_supported","target_full","SBS13",0.108777325074744
"OV3291","rare_read_supported","target_full","SBS14",-0.0580338097455049
"OV3291","rare_read_supported","target_full","SBS15",0.0724572815273025
"OV3291","rare_read_supported","target_full","SBS16",
"OV3291","rare_read_supported","target_full","SBS17a",0.0742323338274322
"OV3291","rare_read_supported","target_full","SBS17b",-0.0364853141504833
"OV3291","rare_read_supported","target_full","SBS18",-0.0112217014654978
"OV3291","rare_read_supported","target_full","SBS19",0.0298207676727788
"OV3291","rare_read_supported","target_full","SBS20",-0.061885342345795
"OV3291","rare_read_supported","target_full","SBS21",0.0519768607720333
"OV3291","rare_read_supported","target_full","SBS22",-0.0676731219041858
"OV3291","rare_read_supported","target_full","SBS23",0.0784115561832925
"OV3291","rare_read_supported","target_full","SBS24",0.00994681069844319
"OV3291","rare_read_supported","target_full","SBS25",0.0895258455366139
"OV3291","rare_read_supported","target_full","SBS26",-0.0488414192904283
"OV3291","rare_read_supported","target_full","SBS28",0.0169699445157946
"OV3291","rare_read_supported","target_full","SBS29",-0.0346975096809986
"OV3291","rare_read_supported","target_full","SBS30",-0.0769190405359791
"OV3291","rare_read_supported","target_full","SBS31",-0.0367492816811692
"OV3291","rare_read_supported","target_full","SBS32",-0.0106511252162338
"OV3291","rare_read_supported","target_full","SBS33",-0.0621389991442331
"OV3291","rare_read_supported","target_full","SBS34",-0.049171578195804
"OV3291","rare_read_supported","target_full","SBS35",0.0190059232715302
"OV3291","rare_read_supported","target_full","SBS36",-0.068996784733662
"OV3291","rare_read_supported","target_full","SBS37",-0.182004071877994
"OV3291","rare_read_supported","target_full","SBS38",-0.0507776013288134
"OV3291","rare_read_supported","target_full","SBS39",-0.113167996565558
"OV3291","rare_read_supported","target_full","SBS40",-0.074241147501622
"OV3291","rare_read_supported","target_full","SBS41",-0.0464197215503528
"OV3291","rare_read_supported","target_full","SBS42",-0.11253113829566
"OV3291","rare_read_supported","target_full","SBS44",-0.0073015809339215
"OV3291","rare_read_supported","target_full","SBS84",-0.147781100247317
"OV3291","rare_read_supported","target_full","SBS85",-0.174819762490651
"OV3291","rare_read_supported","target_full","SBS86",-0.0846511152876893
"OV3291","rare_read_supported","target_full","SBS87",0.09243583569466
"OV3291","rare_read_supported","target_full","SBS88",0.306366805336475
"OV3291","rare_read_supported","target_full","SBS89",-0.371054985410364
"OV3291","rare_read_supported","target_full","SBS90",
"OV3291","rare_read_supported","target_full","SBS91",-0.0514460145354265
"OV3291","rare_read_supported","target_full","SBS92",
"OV3291","rare_read_supported","target_full","SBS93",-0.0346975096809984
"OV3291","rare_read_supported","target_full","SBS94",0.0204646819256884
"TOV1369","rare_read_supported","target_full","SBS1",-0.0271538741095997
"TOV1369","rare_read_supported","target_full","SBS2",0.0815747652705982
"TOV1369","rare_read_supported","target_full","SBS3",1
"TOV1369","rare_read_supported","target_full","SBS4",0.148307072717837
"TOV1369","rare_read_supported","target_full","SBS5",0.104750965824816
"TOV1369","rare_read_supported","target_full","SBS6",0.226804637751432
"TOV1369","rare_read_supported","target_full","SBS7a",-0.0628882254804983
"TOV1369","rare_read_supported","target_full","SBS7b",0.0104418455866015
"TOV1369","rare_read_supported","target_full","SBS7c",
"TOV1369","rare_read_supported","target_full","SBS7d",-0.020304975394954
"TOV1369","rare_read_supported","target_full","SBS8",-0.640321894566939
"TOV1369","rare_read_supported","target_full","SBS9",-0.0680400521117769
"TOV1369","rare_read_supported","target_full","SBS10a",0.00885293679848951
"TOV1369","rare_read_supported","target_full","SBS10b",-0.0266531803221483
"TOV1369","rare_read_supported","target_full","SBS10c",
"TOV1369","rare_read_supported","target_full","SBS10d",0.0504921904758367
"TOV1369","rare_read_supported","target_full","SBS11",-0.102755131480551
"TOV1369","rare_read_supported","target_full","SBS12",-0.179494530165713
"TOV1369","rare_read_supported","target_full","SBS13",-0.0644884777894923
"TOV1369","rare_read_supported","target_full","SBS14",
"TOV1369","rare_read_supported","target_full","SBS15",-0.032848687095754
"TOV1369","rare_read_supported","target_full","SBS16",-0.00195368169572929
"TOV1369","rare_read_supported","target_full","SBS17a",
"TOV1369","rare_read_supported","target_full","SBS17b",
"TOV1369","rare_read_supported","target_full","SBS18",
"TOV1369","rare_read_supported","target_full","SBS19",0.00718557926600347
"TOV1369","rare_read_supported","target_full","SBS20",
"TOV1369","rare_read_supported","target_full","SBS21",-0.0414994399134042
"TOV1369","rare_read_supported","target_full","SBS22",-0.042523461701803
"TOV1369","rare_read_supported","target_full","SBS23",
"TOV1369","rare_read_supported","target_full","SBS24",0.143967743809017
"TOV1369","rare_read_supported","target_full","SBS25",0.00131985097968569
"TOV1369","rare_read_supported","target_full","SBS26",
"TOV1369","rare_read_supported","target_full","SBS28",
"TOV1369","rare_read_supported","target_full","SBS29",0.22239933925774
"TOV1369","rare_read_supported","target_full","SBS30",-0.524419627958708
"TOV1369","rare_read_supported","target_full","SBS31",
"TOV1369","rare_read_supported","target_full","SBS32",0.155102186499392
"TOV1369","rare_read_supported","target_full","SBS33",-0.241973257678304
"TOV1369","rare_read_supported","target_full","SBS34",0.0604343001494111
"TOV1369","rare_read_supported","target_full","SBS35",
"TOV1369","rare_read_supported","target_full","SBS36",
"TOV1369","rare_read_supported","target_full","SBS37",-0.328813700359843
"TOV1369","rare_read_supported","target_full","SBS38",
"TOV1369","rare_read_supported","target_full","SBS39",-0.536967028545399
"TOV1369","rare_read_supported","target_full","SBS40",-0.0503225001040669
"TOV1369","rare_read_supported","target_full","SBS41",0.0641156173793488
"TOV1369","rare_read_supported","target_full","SBS42",0.00851404158408631
"TOV1369","rare_read_supported","target_full","SBS44",-0.0654478573522075
"TOV1369","rare_read_supported","target_full","SBS84",-0.137999336686141
"TOV1369","rare_read_supported","target_full","SBS85",-0.00998223561057409
"TOV1369","rare_read_supported","target_full","SBS86",-0.022049020763291
"TOV1369","rare_read_supported","target_full","SBS87",-0.00385214446190874
"TOV1369","rare_read_supported","target_full","SBS88",
"TOV1369","rare_read_supported","target_full","SBS89",-0.221642653501427
"TOV1369","rare_read_supported","target_full","SBS90",
"TOV1369","rare_read_supported","target_full","SBS91",
"TOV1369","rare_read_supported","target_full","SBS92",0.173065176745172
"TOV1369","rare_read_supported","target_full","SBS93",-0.0416091618941697
"TOV1369","rare_read_supported","target_full","SBS94",-0.068040052111777
"TOV2295-R","rare_read_supported","target_full","SBS1",0.038436390906743
"TOV2295-R","rare_read_supported","target_full","SBS2",-0.034933966981235
"TOV2295-R","rare_read_supported","target_full","SBS3",1
"TOV2295-R","rare_read_supported","target_full","SBS4",-0.0800724155021384
"TOV2295-R","rare_read_supported","target_full","SBS5",-0.0467446886587379
"TOV2295-R","rare_read_supported","target_full","SBS6",
"TOV2295-R","rare_read_supported","target_full","SBS7a",0.0147211602986062
"TOV2295-R","rare_read_supported","target_full","SBS7b",0.0906638352031164
"TOV2295-R","rare_read_supported","target_full","SBS7c",
"TOV2295-R","rare_read_supported","target_full","SBS7d",0.01939919883077
"TOV2295-R","rare_read_supported","target_full","SBS8",0.0365980000421555
"TOV2295-R","rare_read_supported","target_full","SBS9",-0.046744688658738
"TOV2295-R","rare_read_supported","target_full","SBS10a",
"TOV2295-R","rare_read_supported","target_full","SBS10b",0.0443281493576931
"TOV2295-R","rare_read_supported","target_full","SBS10c",
"TOV2295-R","rare_read_supported","target_full","SBS10d",-0.0467446886587382
"TOV2295-R","rare_read_supported","target_full","SBS11",0.0522358578829133
"TOV2295-R","rare_read_supported","target_full","SBS12",-0.0734953409011319
"TOV2295-R","rare_read_supported","target_full","SBS13",0.0438791316912201
"TOV2295-R","rare_read_supported","target_full","SBS14",
"TOV2295-R","rare_read_supported","target_full","SBS15",0.0984957941171358
"TOV2295-R","rare_read_supported","target_full","SBS16",0.0259880925976907
"TOV2295-R","rare_read_supported","target_full","SBS17a",
"TOV2295-R","rare_read_supported","target_full","SBS17b",
"TOV2295-R","rare_read_supported","target_full","SBS18",-0.071406754019019
"TOV2295-R","rare_read_supported","target_full","SBS19",-0.0615828999611017
"TOV2295-R","rare_read_supported","target_full","SBS20",
"TOV2295-R","rare_read_supported","target_full","SBS21",-0.132787860164397
"TOV2295-R","rare_read_supported","target_full","SBS22",-0.138794849399859
"TOV2295-R","rare_read_supported","target_full","SBS23",0.1482689920592
"TOV2295-R","rare_read_supported","target_full","SBS24",0.0688759397788211
"TOV2295-R","rare_read_supported","target_full","SBS25",
"TOV2295-R","rare_read_supported","target_full","SBS26",-0.0631901980718956
"TOV2295-R","rare_read_supported","target_full","SBS28",
"TOV2295-R","rare_read_supported","target_full","SBS29",-0.0636745157976619
"TOV2295-R","rare_read_supported","target_full","SBS30",-0.0389894625303512
"TOV2295-R","rare_read_supported","target_full","SBS31",-0.222649051186612
"TOV2295-R","rare_read_supported","target_full","SBS32",-0.0336403056890763
"TOV2295-R","rare_read_supported","target_full","SBS33",0.0252846733030198
"TOV2295-R","rare_read_supported","target_full","SBS34",
"TOV2295-R","rare_read_supported","target_full","SBS35",
"TOV2295-R","rare_read_supported","target_full","SBS36",0.190473430878737
"TOV2295-R","rare_read_supported","target_full","SBS37",-0.0220509822456111
"TOV2295-R","rare_read_supported","target_full","SBS38",0.0118428970624208
"TOV2295-R","rare_read_supported","target_full","SBS39",-0.277401784176008
"TOV2295-R","rare_read_supported","target_full","SBS40",-0.178451500964535
"TOV2295-R","rare_read_supported","target_full","SBS41",-0.046744688658738
"TOV2295-R","rare_read_supported","target_full","SBS42",-0.109357038147266
"TOV2295-R","rare_read_supported","target_full","SBS44",
"TOV2295-R","rare_read_supported","target_full","SBS84",-0.0881738899033882
"TOV2295-R","rare_read_supported","target_full","SBS85",-0.042287710412128
"TOV2295-R","rare_read_supported","target_full","SBS86",-0.0894561000595474
"TOV2295-R","rare_read_supported","target_full","SBS87",0.0229015161939491
"TOV2295-R","rare_read_supported","target_full","SBS88",0.0338659601479845
"TOV2295-R","rare_read_supported","target_full","SBS89",-0.396262350962922
"TOV2295-R","rare_read_supported","target_full","SBS90",
"TOV2295-R","rare_read_supported","target_full","SBS91",
"TOV2295-R","rare_read_supported","target_full","SBS92",
"TOV2295-R","rare_read_supported","target_full","SBS93",
"TOV2295-R","rare_read_supported","target_full","SBS94",-0.0929016000990586
"TOV2835EP","rare_read_supported","target_full","SBS1",-0.00672855393698944
"TOV2835EP","rare_read_supported","target_full","SBS2",0.0382976678895047
"TOV2835EP","rare_read_supported","target_full","SBS3",1
"TOV2835EP","rare_read_supported","target_full","SBS4",-0.00672855393698942
"TOV2835EP","rare_read_supported","target_full","SBS5",-0.068956926882491
"TOV2835EP","rare_read_supported","target_full","SBS6",-0.000781253651281849
"TOV2835EP","rare_read_supported","target_full","SBS7a",-0.0307842975768215
"TOV2835EP","rare_read_supported","target_full","SBS7b",-0.0449965268473327
"TOV2835EP","rare_read_supported","target_full","SBS7c",-0.0389605332724127
"TOV2835EP","rare_read_supported","target_full","SBS7d",-0.0188057246663536
"TOV2835EP","rare_read_supported","target_full","SBS8",-0.0336426677022465
"TOV2835EP","rare_read_supported","target_full","SBS9",-0.024937395944172
"TOV2835EP","rare_read_supported","target_full","SBS10a",0.122301476940656
"TOV2835EP","rare_read_supported","target_full","SBS10b",0.167070662448861
"TOV2835EP","rare_read_supported","target_full","SBS10c",-0.0124092600441462
"TOV2835EP","rare_read_supported","target_full","SBS10d",-0.035440437151745
"TOV2835EP","rare_read_supported","target_full","SBS11",0.114107937606413
"TOV2835EP","rare_read_supported","target_full","SBS12",
"TOV2835EP","rare_read_supported","target_full","SBS13",-0.00925384561801023
"TOV2835EP","rare_read_supported","target_full","SBS14",0.00110761794289351
"TOV2835EP","rare_read_supported","target_full","SBS15",0.162630458750203
"TOV2835EP","rare_read_supported","target_full","SBS16",0.0220640481069162
"TOV2835EP","rare_read_supported","target_full","SBS17a",
"TOV2835EP","rare_read_supported","target_full","SBS17b",0.0943365253265488
"TOV2835EP","rare_read_supported","target_full","SBS18",-0.065742104245176
"TOV2835EP","rare_read_supported","target_full","SBS19",-0.0508251086911851
"TOV2835EP","rare_read_supported","target_full","SBS20",
"TOV2835EP","rare_read_supported","target_full","SBS21",-0.0773684931401886
"TOV2835EP","rare_read_supported","target_full","SBS22",-0.0124751961124876
"TOV2835EP","rare_read_supported","target_full","SBS23",-0.0170405541350216
"TOV2835EP","rare_read_supported","target_full","SBS24",-0.0250555723449902
"TOV2835EP","rare_read_supported","target_full","SBS25",-0.00672855393698943
"TOV2835EP","rare_read_supported","target_full","SBS26",-0.0270794000110642
"TOV2835EP","rare_read_supported","target_full","SBS28",
"TOV2835EP","rare_read_supported","target_full","SBS29",-0.0273740419781183
"TOV2835EP","rare_read_supported","target_full","SBS30",-0.0252668006637559
"TOV2835EP","rare_read_supported","target_full","SBS31",-0.0137665226571668
"TOV2835EP","rare_read_supported","target_full","SBS32",0.0877127202815438
"TOV2835EP","rare_read_supported","target_full","SBS33",0.0402678092941124
"TOV2835EP","rare_read_supported","target_full","SBS34",-0.00953143840971896
"TOV2835EP","rare_read_supported","target_full","SBS35",-0.0233205158824228
"TOV2835EP","rare_read_supported","target_full","SBS36",
"TOV2835EP","rare_read_supported","target_full","SBS37",-0.0235330167666721
"TOV2835EP","rare_read_supported","target_full","SBS38",
"TOV2835EP","rare_read_supported","target_full","SBS39",-0.0609768437479653
"TOV2835EP","rare_read_supported","target_full","SBS40",-0.025001649842417
"TOV2835EP","rare_read_supported","target_full","SBS41",-0.00672855393698943
"TOV2835EP","rare_read_supported","target_full","SBS42",-0.0190613242974526
"TOV2835EP","rare_read_supported","target_full","SBS44",0.0337808405652641
"TOV2835EP","rare_read_supported","target_full","SBS84",-0.0322125460846658
"TOV2835EP","rare_read_supported","target_full","SBS85",-0.0203071360718169
"TOV2835EP","rare_read_supported","target_full","SBS86",0.143662023793596
"TOV2835EP","rare_read_supported","target_full","SBS87",0.0478718942547699
"TOV2835EP","rare_read_supported","target_full","SBS88",-0.0181334573486571
"TOV2835EP","rare_read_supported","target_full","SBS89",-0.0542154762183596
"TOV2835EP","rare_read_supported","target_full","SBS90",-0.0165256639228567
"TOV2835EP","rare_read_supported","target_full","SBS91",-0.0179644786769938
"TOV2835EP","rare_read_supported","target_full","SBS92",-0.00672855393698945
"TOV2835EP","rare_read_supported","target_full","SBS93",
"TOV2835EP","rare_read_supported","target_full","SBS94",
"TOV2881EP","rare_read_supported","target_full","SBS1",0.0110479298068527
"TOV2881EP","rare_read_supported","target_full","SBS2",-0.0984861136095259
"TOV2881EP","rare_read_supported","target_full","SBS3",1
"TOV2881EP","rare_read_supported","target_full","SBS4",
"TOV2881EP","rare_read_supported","target_full","SBS5",-0.027781167296375
"TOV2881EP","rare_read_supported","target_full","SBS6",-0.030153403731323
"TOV2881EP","rare_read_supported","target_full","SBS7a",
"TOV2881EP","rare_read_supported","target_full","SBS7b",
"TOV2881EP","rare_read_supported","target_full","SBS7c",
"TOV2881EP","rare_read_supported","target_full","SBS7d",-0.0253778953901584
"TOV2881EP","rare_read_supported","target_full","SBS8",-0.0875377310059327
"TOV2881EP","rare_read_supported","target_full","SBS9",-0.0861865121134499
"TOV2881EP","rare_read_supported","target_full","SBS10a",-0.0180693016287071
"TOV2881EP","rare_read_supported","target_full","SBS10b",
"TOV2881EP","rare_read_supported","target_full","SBS10c",
"TOV2881EP","rare_read_supported","target_full","SBS10d",0.0332665524126955
"TOV2881EP","rare_read_supported","target_full","SBS11",-0.06006862402144
"TOV2881EP","rare_read_supported","target_full","SBS12",-0.0851591157965957
"TOV2881EP","rare_read_supported","target_full","SBS13",0.0135630889108812
"TOV2881EP","rare_read_supported","target_full","SBS14",-0.0359344790094739
"TOV2881EP","rare_read_supported","target_full","SBS15",0.0645345220688222
"TOV2881EP","rare_read_supported","target_full","SBS16",-0.0799386166523078
"TOV2881EP","rare_read_supported","target_full","SBS17a",-0.030113452627196
"TOV2881EP","rare_read_supported","target_full","SBS17b",0.00735276565058423
"TOV2881EP","rare_read_supported","target_full","SBS18",-0.0532442917849843
"TOV2881EP","rare_read_supported","target_full","SBS19",-0.0973154753792807
"TOV2881EP","rare_read_supported","target_full","SBS20",-0.0477095462085284
"TOV2881EP","rare_read_supported","target_full","SBS21",-0.00337546962331448
"TOV2881EP","rare_read_supported","target_full","SBS22",-0.0314262517040915
"TOV2881EP","rare_read_supported","target_full","SBS23",0.133404939561116
"TOV2881EP","rare_read_supported","target_full","SBS24",-0.0865112292081809
"TOV2881EP","rare_read_supported","target_full","SBS25",
"TOV2881EP","rare_read_supported","target_full","SBS26",0.0493557061516058
"TOV2881EP","rare_read_supported","target_full","SBS28",-0.0404479973466994
"TOV2881EP","rare_read_supported","target_full","SBS29",0.0339747655134584
"TOV2881EP","rare_read_supported","target_full","SBS30",0.012745102251601
"TOV2881EP","rare_read_supported","target_full","SBS31",-0.0789224771566372
"TOV2881EP","rare_read_supported","target_full","SBS32",0.0724976444873338
"TOV2881EP","rare_read_supported","target_full","SBS33",-0.0227410472436893
"TOV2881EP","rare_read_supported","target_full","SBS34",0.00104626035250565
"TOV2881EP","rare_read_supported","target_full","SBS35",0.00225796007291028
"TOV2881EP","rare_read_supported","target_full","SBS36",0.0201415373669028
"TOV2881EP","rare_read_supported","target_full","SBS37",-0.0356029426567099
"TOV2881EP","rare_read_supported","target_full","SBS38",-0.0254690217808904
"TOV2881EP","rare_read_supported","target_full","SBS39",-0.124023371387652
"TOV2881EP","rare_read_supported","target_full","SBS40",-0.0523492084630193
"TOV2881EP","rare_read_supported","target_full","SBS41",-0.0454635378129976
"TOV2881EP","rare_read_supported","target_full","SBS42",-0.0811878087941493
"TOV2881EP","rare_read_supported","target_full","SBS44",-0.0435661924368645
"TOV2881EP","rare_read_supported","target_full","SBS84",-0.018069301628707
"TOV2881EP","rare_read_supported","target_full","SBS85",0.0361095326232738
"TOV2881EP","rare_read_supported","target_full","SBS86",-0.0898306046739775
"TOV2881EP","rare_read_supported","target_full","SBS87",0.0333035225136627
"TOV2881EP","rare_read_supported","target_full","SBS88",0.0890766394375407
"TOV2881EP","rare_read_supported","target_full","SBS89",-0.117500619415299
"TOV2881EP","rare_read_supported","target_full","SBS90",-0.0246019047383424
"TOV2881EP","rare_read_supported","target_full","SBS91",-0.00593405814198861
"TOV2881EP","rare_read_supported","target_full","SBS92",-0.0343757131218582
"TOV2881EP","rare_read_supported","target_full","SBS93",0.0637153831989056
"TOV2881EP","rare_read_supported","target_full","SBS94",-0.0842959883412638
"TOV2929D","rare_read_supported","target_full","SBS1",
"TOV2929D","rare_read_supported","target_full","SBS2",0.027967141250286
"TOV2929D","rare_read_supported","target_full","SBS3",1
"TOV2929D","rare_read_supported","target_full","SBS4",
"TOV2929D","rare_read_supported","target_full","SBS5",-0.125726332613902
"TOV2929D","rare_read_supported","target_full","SBS6",0.255389438450391
"TOV2929D","rare_read_supported","target_full","SBS7a",0.152918691430439
"TOV2929D","rare_read_supported","target_full","SBS7b",
"TOV2929D","rare_read_supported","target_full","SBS7c",0.249349963952888
"TOV2929D","rare_read_supported","target_full","SBS7d",-0.0279939526836163
"TOV2929D","rare_read_supported","target_full","SBS8",-0.0473692851819043
"TOV2929D","rare_read_supported","target_full","SBS9",-0.0162891965947178
"TOV2929D","rare_read_supported","target_full","SBS10a",-0.0846154980756358
"TOV2929D","rare_read_supported","target_full","SBS10b",0.0137601475487757
"TOV2929D","rare_read_supported","target_full","SBS10c",
"TOV2929D","rare_read_supported","target_full","SBS10d",-0.0515796223514603
"TOV2929D","rare_read_supported","target_full","SBS11",-0.0269036320883411
"TOV2929D","rare_read_supported","target_full","SBS12",-0.0836543637358165
"TOV2929D","rare_read_supported","target_full","SBS13",0.00871461940179743
"TOV2929D","rare_read_supported","target_full","SBS14",-0.0198090386952595
"TOV2929D","rare_read_supported","target_full","SBS15",-0.109858211927912
"TOV2929D","rare_read_supported","target_full","SBS16",0.17383524841067
"TOV2929D","rare_read_supported","target_full","SBS17a",-0.0686505289042932
"TOV2929D","rare_read_supported","target_full","SBS17b",
"TOV2929D","rare_read_supported","target_full","SBS18",0.046007478929317
"TOV2929D","rare_read_supported","target_full","SBS19",-0.0500272641482559
"TOV2929D","rare_read_supported","target_full","SBS20",-0.0162891965947175
"TOV2929D","rare_read_supported","target_full","SBS21",
"TOV2929D","rare_read_supported","target_full","SBS22",-0.0215595910547334
"TOV2929D","rare_read_supported","target_full","SBS23",
"TOV2929D","rare_read_supported","target_full","SBS24",-0.0230934064750934
"TOV2929D","rare_read_supported","target_full","SBS25",-0.0308136954274411
"TOV2929D","rare_read_supported","target_full","SBS26",-0.0474886221708586
"TOV2929D","rare_read_supported","target_full","SBS28",
"TOV2929D","rare_read_supported","target_full","SBS29",-0.0354205084750893
"TOV2929D","rare_read_supported","target_full","SBS30",0.0233959761145059
"TOV2929D","rare_read_supported","target_full","SBS31",-0.03426717660328
"TOV2929D","rare_read_supported","target_full","SBS32",0.159542870697985
"TOV2929D","rare_read_supported","target_full","SBS33",0.215424519261136
"TOV2929D","rare_read_supported","target_full","SBS34",-0.0162891965947178
"TOV2929D","rare_read_supported","target_full","SBS35",0.0740912939429226
"TOV2929D","rare_read_supported","target_full","SBS36",0.0024289849126268
"TOV2929D","rare_read_supported","target_full","SBS37",-0.0415863235435952
"TOV2929D","rare_read_supported","target_full","SBS38",-0.0226957107500048
"TOV2929D","rare_read_supported","target_full","SBS39",0.0722722539193805
"TOV2929D","rare_read_supported","target_full","SBS40",-0.0807990450283971
"TOV2929D","rare_read_supported","target_full","SBS41",-0.0162891965947176
"TOV2929D","rare_read_supported","target_full","SBS42",-0.0518850770655365
"TOV2929D","rare_read_supported","target_full","SBS44",-0.053552436827543
"TOV2929D","rare_read_supported","target_full","SBS84",-0.0346657581869044
"TOV2929D","rare_read_supported","target_full","SBS85",-0.0562850656756185
"TOV2929D","rare_read_supported","target_full","SBS86",-0.0314187856788506
"TOV2929D","rare_read_supported","target_full","SBS87",0.150019642823866
"TOV2929D","rare_read_supported","target_full","SBS88",-0.00506190609176279
"TOV2929D","rare_read_supported","target_full","SBS89",-0.259177486846936
"TOV2929D","rare_read_supported","target_full","SBS90",-0.0278047625638579
"TOV2929D","rare_read_supported","target_full","SBS91",
"TOV2929D","rare_read_supported","target_full","SBS92",
"TOV2929D","rare_read_supported","target_full","SBS93",-0.0162891965947178
"TOV2929D","rare_read_supported","target_full","SBS94",
"TOV3121D","rare_read_supported","target_full","SBS1",-0.00605347831533805
"TOV3121D","rare_read_supported","target_full","SBS2",-0.0199069145293621
"TOV3121D","rare_read_supported","target_full","SBS3",1
"TOV3121D","rare_read_supported","target_full","SBS4",
"TOV3121D","rare_read_supported","target_full","SBS5",-0.0185322677775283
"TOV3121D","rare_read_supported","target_full","SBS6",0.0167323604542667
"TOV3121D","rare_read_supported","target_full","SBS7a",-0.0214933578347344
"TOV3121D","rare_read_supported","target_full","SBS7b",-0.0346154468215323
"TOV3121D","rare_read_supported","target_full","SBS7c",0.0384007045510425
"TOV3121D","rare_read_supported","target_full","SBS7d",0.0876357172936893
"TOV3121D","rare_read_supported","target_full","SBS8",-0.0720321000492247
"TOV3121D","rare_read_supported","target_full","SBS9",
"TOV3121D","rare_read_supported","target_full","SBS10a",-0.0218470015611133
"TOV3121D","rare_read_supported","target_full","SBS10b",-0.0109515602962829
"TOV3121D","rare_read_supported","target_full","SBS10c",
"TOV3121D","rare_read_supported","target_full","SBS10d",-0.0184803908273756
"TOV3121D","rare_read_supported","target_full","SBS11",0.0328678221033249
"TOV3121D","rare_read_supported","target_full","SBS12",-0.0720688821702292
"TOV3121D","rare_read_supported","target_full","SBS13",0.0204577873131575
"TOV3121D","rare_read_supported","target_full","SBS14",0.0476176742167505
"TOV3121D","rare_read_supported","target_full","SBS15",-0.0596112926838357
"TOV3121D","rare_read_supported","target_full","SBS16",0.0776554187636114
"TOV3121D","rare_read_supported","target_full","SBS17a",0.18862638826762
"TOV3121D","rare_read_supported","target_full","SBS17b",
"TOV3121D","rare_read_supported","target_full","SBS18",0.0557944424745798
"TOV3121D","rare_read_supported","target_full","SBS19",-0.0647277336533768
"TOV3121D","rare_read_supported","target_full","SBS20",-0.0412873047567005
"TOV3121D","rare_read_supported","target_full","SBS21",-0.0527970048504583
"TOV3121D","rare_read_supported","target_full","SBS22",
"TOV3121D","rare_read_supported","target_full","SBS23",0.0486521706538052
"TOV3121D","rare_read_supported","target_full","SBS24",0.0994662471177932
"TOV3121D","rare_read_supported","target_full","SBS25",-0.0109515602962828
"TOV3121D","rare_read_supported","target_full","SBS26",-0.0317662546990978
"TOV3121D","rare_read_supported","target_full","SBS28",
"TOV3121D","rare_read_supported","target_full","SBS29",-0.0622881972022377
"TOV3121D","rare_read_supported","target_full","SBS30",-0.0591601237715404
"TOV3121D","rare_read_supported","target_full","SBS31",0.0106240426370633
"TOV3121D","rare_read_supported","target_full","SBS32",0.0360567426330438
"TOV3121D","rare_read_supported","target_full","SBS33",0.0548605930088161
"TOV3121D","rare_read_supported","target_full","SBS34",0.0454512617983944
"TOV3121D","rare_read_supported","target_full","SBS35",-0.0145045415160329
"TOV3121D","rare_read_supported","target_full","SBS36",-0.0236198057340938
"TOV3121D","rare_read_supported","target_full","SBS37",0.00418947319817458
"TOV3121D","rare_read_supported","target_full","SBS38",-0.0213405116177704
"TOV3121D","rare_read_supported","target_full","SBS39",-0.0590943834046779
"TOV3121D","rare_read_supported","target_full","SBS40",0.0932181681392458
"TOV3121D","rare_read_supported","target_full","SBS41",-0.0182445421052453
"TOV3121D","rare_read_supported","target_full","SBS42",0.0202813200424535
"TOV3121D","rare_read_supported","target_full","SBS44",-0.0109515602962829
"TOV3121D","rare_read_supported","target_full","SBS84",-0.036016272846039
"TOV3121D","rare_read_supported","target_full","SBS85",-0.0901226257499079
"TOV3121D","rare_read_supported","target_full","SBS86",-0.068876736564484
"TOV3121D","rare_read_supported","target_full","SBS87",0.0641669834105657
"TOV3121D","rare_read_supported","target_full","SBS88",-0.0426198405922467
"TOV3121D","rare_read_supported","target_full","SBS89",0.119168718738653
"TOV3121D","rare_read_supported","target_full","SBS90",
"TOV3121D","rare_read_supported","target_full","SBS91",-0.0384907177694789
"TOV3121D","rare_read_supported","target_full","SBS92",-0.108413873174791
"TOV3121D","rare_read_supported","target_full","SBS93",-0.02688335965334
"TOV3121D","rare_read_supported","target_full","SBS94",0.0617745603885363
"TOV3121EP","rare_read_supported","target_full","SBS1",-0.0185325185856321
"TOV3121EP","rare_read_supported","target_full","SBS2",0.0390637856759426
"TOV3121EP","rare_read_supported","target_full","SBS3",1
"TOV3121EP","rare_read_supported","target_full","SBS4",
"TOV3121EP","rare_read_supported","target_full","SBS5",-0.0193625567508752
"TOV3121EP","rare_read_supported","target_full","SBS6",-0.0384496182453443
"TOV3121EP","rare_read_supported","target_full","SBS7a",-0.0210571585469941
"TOV3121EP","rare_read_supported","target_full","SBS7b",-0.0106527632986579
"TOV3121EP","rare_read_supported","target_full","SBS7c",0.0230296142675028
"TOV3121EP","rare_read_supported","target_full","SBS7d",
"TOV3121EP","rare_read_supported","target_full","SBS8",-0.142244905496523
"TOV3121EP","rare_read_supported","target_full","SBS9",-0.0106527632986579
"TOV3121EP","rare_read_supported","target_full","SBS10a",0.00626211949035615
"TOV3121EP","rare_read_supported","target_full","SBS10b",-0.0283486523930075
"TOV3121EP","rare_read_supported","target_full","SBS10c",-0.0173530741848149
"TOV3121EP","rare_read_supported","target_full","SBS10d",-0.0183707290265204
"TOV3121EP","rare_read_supported","target_full","SBS11",0.0441474204864634
"TOV3121EP","rare_read_supported","target_full","SBS12",-0.0993918131908089
"TOV3121EP","rare_read_supported","target_full","SBS13",-0.0711609736545792
"TOV3121EP","rare_read_supported","target_full","SBS14",-0.0212134105364424
"TOV3121EP","rare_read_supported","target_full","SBS15",0.128385960391501
"TOV3121EP","rare_read_supported","target_full","SBS16",0.0148541426805226
"TOV3121EP","rare_read_supported","target_full","SBS17a",0.0555545776735482
"TOV3121EP","rare_read_supported","target_full","SBS17b",
"TOV3121EP","rare_read_supported","target_full","SBS18",-0.0481316275516486
"TOV3121EP","rare_read_supported","target_full","SBS19",0.0284652496066336
"TOV3121EP","rare_read_supported","target_full","SBS20",-0.0208257544580883
"TOV3121EP","rare_read_supported","target_full","SBS21",-0.107148165481299
"TOV3121EP","rare_read_supported","target_full","SBS22",
"TOV3121EP","rare_read_supported","target_full","SBS23",-0.057166990540626
"TOV3121EP","rare_read_supported","target_full","SBS24",0.123841702163096
"TOV3121EP","rare_read_supported","target_full","SBS25",-0.0256983120823209
"TOV3121EP","rare_read_supported","target_full","SBS26",-0.0490877992894637
"TOV3121EP","rare_read_supported","target_full","SBS28",
"TOV3121EP","rare_read_supported","target_full","SBS29",0.0418284807295712
"TOV3121EP","rare_read_supported","target_full","SBS30",-0.0405231831604343
"TOV3121EP","rare_read_supported","target_full","SBS31",-0.0294742767477555
"TOV3121EP","rare_read_supported","target_full","SBS32",0.0502369368467769
"TOV3121EP","rare_read_supported","target_full","SBS33",0.170989169626322
"TOV3121EP","rare_read_supported","target_full","SBS34",-0.062455940136656
"TOV3121EP","rare_read_supported","target_full","SBS35",-0.0229049916672527
"TOV3121EP","rare_read_supported","target_full","SBS36",-0.0106527632986579
"TOV3121EP","rare_read_supported","target_full","SBS37",0.0897352214222155
"TOV3121EP","rare_read_supported","target_full","SBS38",0.0143283281237395
"TOV3121EP","rare_read_supported","target_full","SBS39",-0.0423434328725862
"TOV3121EP","rare_read_supported","target_full","SBS40",-0.0337640337641738
"TOV3121EP","rare_read_supported","target_full","SBS41",-0.0184291031364663
"TOV3121EP","rare_read_supported","target_full","SBS42",-0.0231000289134161
"TOV3121EP","rare_read_supported","target_full","SBS44",0.173059902133712
"TOV3121EP","rare_read_supported","target_full","SBS84",-0.018114099595397
"TOV3121EP","rare_read_supported","target_full","SBS85",-0.045957313083851
"TOV3121EP","rare_read_supported","target_full","SBS86",0.0799180219414614
"TOV3121EP","rare_read_supported","target_full","SBS87",-0.064192072769508
"TOV3121EP","rare_read_supported","target_full","SBS88",-0.010652763298658
"TOV3121EP","rare_read_supported","target_full","SBS89",
"TOV3121EP","rare_read_supported","target_full","SBS90",0.15097864247853
"TOV3121EP","rare_read_supported","target_full","SBS91",
"TOV3121EP","rare_read_supported","target_full","SBS92",-0.0840955513591002
"TOV3121EP","rare_read_supported","target_full","SBS93",0.0987108693882851
"TOV3121EP","rare_read_supported","target_full","SBS94",
"TOV3133D","rare_read_supported","target_full","SBS1",-0.0655437860354331
"TOV3133D","rare_read_supported","target_full","SBS2",-0.0411991265567371
"TOV3133D","rare_read_supported","target_full","SBS3",1
"TOV3133D","rare_read_supported","target_full","SBS4",-0.0786192142017845
"TOV3133D","rare_read_supported","target_full","SBS5",-0.0894917184476133
"TOV3133D","rare_read_supported","target_full","SBS6",-0.0177822942898171
"TOV3133D","rare_read_supported","target_full","SBS7a",0.096642484817946
"TOV3133D","rare_read_supported","target_full","SBS7b",-0.119505714428326
"TOV3133D","rare_read_supported","target_full","SBS7c",-0.0714467715678503
"TOV3133D","rare_read_supported","target_full","SBS7d",-0.0928794119041163
"TOV3133D","rare_read_supported","target_full","SBS8",-0.141007130294868
"TOV3133D","rare_read_supported","target_full","SBS9",
"TOV3133D","rare_read_supported","target_full","SBS10a",0.0633136447075963
"TOV3133D","rare_read_supported","target_full","SBS10b",
"TOV3133D","rare_read_supported","target_full","SBS10c",
"TOV3133D","rare_read_supported","target_full","SBS10d",-0.0517919982150227
"TOV3133D","rare_read_supported","target_full","SBS11",-0.0296235765257856
"TOV3133D","rare_read_supported","target_full","SBS12",-0.156216873995876
"TOV3133D","rare_read_supported","target_full","SBS13",-0.0353754652997593
"TOV3133D","rare_read_supported","target_full","SBS14",
"TOV3133D","rare_read_supported","target_full","SBS15",0.12568073362253
"TOV3133D","rare_read_supported","target_full","SBS16",-0.00595045214869182
"TOV3133D","rare_read_supported","target_full","SBS17a",0.0304025876942222
"TOV3133D","rare_read_supported","target_full","SBS17b",
"TOV3133D","rare_read_supported","target_full","SBS18",-0.0380319591695143
"TOV3133D","rare_read_supported","target_full","SBS19",-0.0376574078468487
"TOV3133D","rare_read_supported","target_full","SBS20",
"TOV3133D","rare_read_supported","target_full","SBS21",-0.0105539543278981
"TOV3133D","rare_read_supported","target_full","SBS22",-0.0706769434430755
"TOV3133D","rare_read_supported","target_full","SBS23",-0.0043921259849212
"TOV3133D","rare_read_supported","target_full","SBS24",0.0103458084777087
"TOV3133D","rare_read_supported","target_full","SBS25",-0.00753848256649265
"TOV3133D","rare_read_supported","target_full","SBS26",0.0672938495946785
"TOV3133D","rare_read_supported","target_full","SBS28",0.0422218401794483
"TOV3133D","rare_read_supported","target_full","SBS29",-0.0643832922944681
"TOV3133D","rare_read_supported","target_full","SBS30",0.0130053867247764
"TOV3133D","rare_read_supported","target_full","SBS31",-0.122332744200019
"TOV3133D","rare_read_supported","target_full","SBS32",-0.0440695014745209
"TOV3133D","rare_read_supported","target_full","SBS33",
"TOV3133D","rare_read_supported","target_full","SBS34",0.0181418093940886
"TOV3133D","rare_read_supported","target_full","SBS35",-0.198437608633122
"TOV3133D","rare_read_supported","target_full","SBS36",-0.010635254092155
"TOV3133D","rare_read_supported","target_full","SBS37",
"TOV3133D","rare_read_supported","target_full","SBS38",
"TOV3133D","rare_read_supported","target_full","SBS39",-0.465681345294903
"TOV3133D","rare_read_supported","target_full","SBS40",-0.0934269223383986
"TOV3133D","rare_read_supported","target_full","SBS41",-0.0376574078468485
"TOV3133D","rare_read_supported","target_full","SBS42",-0.0793356205930567
"TOV3133D","rare_read_supported","target_full","SBS44",-0.0662363378164188
"TOV3133D","rare_read_supported","target_full","SBS84",-0.0376574078468485
"TOV3133D","rare_read_supported","target_full","SBS85",
"TOV3133D","rare_read_supported","target_full","SBS86",0.042516405160828
"TOV3133D","rare_read_supported","target_full","SBS87",0.237010880820344
"TOV3133D","rare_read_supported","target_full","SBS88",-0.0247760553035926
"TOV3133D","rare_read_supported","target_full","SBS89",-0.106147450578311
"TOV3133D","rare_read_supported","target_full","SBS90",-0.0917061185527141
"TOV3133D","rare_read_supported","target_full","SBS91",-0.115055780483675
"TOV3133D","rare_read_supported","target_full","SBS92",0.119649402444345
"TOV3133D","rare_read_supported","target_full","SBS93",0.101709940423729
"TOV3133D","rare_read_supported","target_full","SBS94",0.131469302560158
"TOV3133G","rare_read_supported","target_full","SBS1",-0.0298533954358683
"TOV3133G","rare_read_supported","target_full","SBS2",0.0278095164910277
"TOV3133G","rare_read_supported","target_full","SBS3",1
"TOV3133G","rare_read_supported","target_full","SBS4",-0.0299888164022867
"TOV3133G","rare_read_supported","target_full","SBS5",-0.180264939160797
"TOV3133G","rare_read_supported","target_full","SBS6",0.156273859469062
"TOV3133G","rare_read_supported","target_full","SBS7a",0.1339046915835
"TOV3133G","rare_read_supported","target_full","SBS7b",0.0405339200496979
"TOV3133G","rare_read_supported","target_full","SBS7c",-0.0205082206917412
"TOV3133G","rare_read_supported","target_full","SBS7d",0.0794189132999013
"TOV3133G","rare_read_supported","target_full","SBS8",-0.16246590879848
"TOV3133G","rare_read_supported","target_full","SBS9",
"TOV3133G","rare_read_supported","target_full","SBS10a",0.0885182330349654
"TOV3133G","rare_read_supported","target_full","SBS10b",
"TOV3133G","rare_read_supported","target_full","SBS10c",-0.0116820071413969
"TOV3133G","rare_read_supported","target_full","SBS10d",-0.140432830735509
"TOV3133G","rare_read_supported","target_full","SBS11",-0.0279278836382866
"TOV3133G","rare_read_supported","target_full","SBS12",-0.116080668971031
"TOV3133G","rare_read_supported","target_full","SBS13",0.0154042805643989
"TOV3133G","rare_read_supported","target_full","SBS14",-0.0107148427312759
"TOV3133G","rare_read_supported","target_full","SBS15",0.00277796735370583
"TOV3133G","rare_read_supported","target_full","SBS16",0.108811062576159
"TOV3133G","rare_read_supported","target_full","SBS17a",-0.013078358895168
"TOV3133G","rare_read_supported","target_full","SBS17b",
"TOV3133G","rare_read_supported","target_full","SBS18",
"TOV3133G","rare_read_supported","target_full","SBS19",
"TOV3133G","rare_read_supported","target_full","SBS20",0.0658273407798986
"TOV3133G","rare_read_supported","target_full","SBS21",-0.0315155562374299
"TOV3133G","rare_read_supported","target_full","SBS22",-0.0147865859271485
"TOV3133G","rare_read_supported","target_full","SBS23",0.17319660881725
"TOV3133G","rare_read_supported","target_full","SBS24",0.0575139744336724
"TOV3133G","rare_read_supported","target_full","SBS25",0.0724558138979523
"TOV3133G","rare_read_supported","target_full","SBS26",-0.126904880730268
"TOV3133G","rare_read_supported","target_full","SBS28",-0.0480459459814914
"TOV3133G","rare_read_supported","target_full","SBS29",
"TOV3133G","rare_read_supported","target_full","SBS30",-0.21350641729712
"TOV3133G","rare_read_supported","target_full","SBS31",0.0170425722572385
"TOV3133G","rare_read_supported","target_full","SBS32",0.0694205646954163
"TOV3133G","rare_read_supported","target_full","SBS33",-0.161066723373008
"TOV3133G","rare_read_supported","target_full","SBS34",-0.0766954904895799
"TOV3133G","rare_read_supported","target_full","SBS35",-0.052710694095264
"TOV3133G","rare_read_supported","target_full","SBS36",0.305028886188633
"TOV3133G","rare_read_supported","target_full","SBS37",-0.067189064883741
"TOV3133G","rare_read_supported","target_full","SBS38",-0.122266543045052
"TOV3133G","rare_read_supported","target_full","SBS39",-0.300721354149367
"TOV3133G","rare_read_supported","target_full","SBS40",-0.193913482012703
"TOV3133G","rare_read_supported","target_full","SBS41",-0.0995746095580465
"TOV3133G","rare_read_supported","target_full","SBS42",-0.0786339145885437
"TOV3133G","rare_read_supported","target_full","SBS44",0.0707350112851522
"TOV3133G","rare_read_supported","target_full","SBS84",-0.0249013576472948
"TOV3133G","rare_read_supported","target_full","SBS85",-0.082867242763246
"TOV3133G","rare_read_supported","target_full","SBS86",-0.0513510263811724
"TOV3133G","rare_read_supported","target_full","SBS87",0.0831416009328355
"TOV3133G","rare_read_supported","target_full","SBS88",-0.063225371830831
"TOV3133G","rare_read_supported","target_full","SBS89",-0.256537449577535
"TOV3133G","rare_read_supported","target_full","SBS90",0.0227366940491987
"TOV3133G","rare_read_supported","target_full","SBS91",-0.0182494413468521
"TOV3133G","rare_read_supported","target_full","SBS92",-0.0728800240791145
"TOV3133G","rare_read_supported","target_full","SBS93",0.0115835835738699
"TOV3133G","rare_read_supported","target_full","SBS94",-0.0545614630396858
"OV3331","rare_read_supported","target_full","SBS1",0.227745767273712
"OV3331","rare_read_supported","target_full","SBS2",-0.0507038375574477
"OV3331","rare_read_supported","target_full","SBS3",1
"OV3331","rare_read_supported","target_full","SBS4",
"OV3331","rare_read_supported","target_full","SBS5",-0.181042032354682
"OV3331","rare_read_supported","target_full","SBS6",0.025168229354868
"OV3331","rare_read_supported","target_full","SBS7a",-0.068608230231322
"OV3331","rare_read_supported","target_full","SBS7b",0.0485202388463931
"OV3331","rare_read_supported","target_full","SBS7c",-0.0647758234291646
"OV3331","rare_read_supported","target_full","SBS7d",-0.0581536158043778
"OV3331","rare_read_supported","target_full","SBS8",-0.0814410623994463
"OV3331","rare_read_supported","target_full","SBS9",
"OV3331","rare_read_supported","target_full","SBS10a",0.0381713178558838
"OV3331","rare_read_supported","target_full","SBS10b",-0.0982902107049257
"OV3331","rare_read_supported","target_full","SBS10c",
"OV3331","rare_read_supported","target_full","SBS10d",-0.10998953953278
"OV3331","rare_read_supported","target_full","SBS11",-0.096932873580538
"OV3331","rare_read_supported","target_full","SBS12",0.014420715808464
"OV3331","rare_read_supported","target_full","SBS13",0.0584698193402267
"OV3331","rare_read_supported","target_full","SBS14",
"OV3331","rare_read_supported","target_full","SBS15",-0.219161980586342
"OV3331","rare_read_supported","target_full","SBS16",-0.0753247869202829
"OV3331","rare_read_supported","target_full","SBS17a",-0.0271691016238268
"OV3331","rare_read_supported","target_full","SBS17b",
"OV3331","rare_read_supported","target_full","SBS18",-0.0815496450860855
"OV3331","rare_read_supported","target_full","SBS19",0.104366116563871
"OV3331","rare_read_supported","target_full","SBS20",
"OV3331","rare_read_supported","target_full","SBS21",
"OV3331","rare_read_supported","target_full","SBS22",
"OV3331","rare_read_supported","target_full","SBS23",0.0446558798410726
"OV3331","rare_read_supported","target_full","SBS24",-0.0474872491426185
"OV3331","rare_read_supported","target_full","SBS25",-0.123190138614012
"OV3331","rare_read_supported","target_full","SBS26",0.00797089855601651
"OV3331","rare_read_supported","target_full","SBS28",
"OV3331","rare_read_supported","target_full","SBS29",-0.0466658907901488
"OV3331","rare_read_supported","target_full","SBS30",-0.0868111010539112
"OV3331","rare_read_supported","target_full","SBS31",-0.172740257347971
"OV3331","rare_read_supported","target_full","SBS32",-0.0879207498821236
"OV3331","rare_read_supported","target_full","SBS33",-0.033419699895782
"OV3331","rare_read_supported","target_full","SBS34",-0.0337991865124328
"OV3331","rare_read_supported","target_full","SBS35",-0.0872485957327762
"OV3331","rare_read_supported","target_full","SBS36",0.0392922961405161
"OV3331","rare_read_supported","target_full","SBS37",-0.18962782714322
"OV3331","rare_read_supported","target_full","SBS38",0.166539595193873
"OV3331","rare_read_supported","target_full","SBS39",-0.290174040638462
"OV3331","rare_read_supported","target_full","SBS40",-0.155040722919322
"OV3331","rare_read_supported","target_full","SBS41",-0.0631006920332317
"OV3331","rare_read_supported","target_full","SBS42",
"OV3331","rare_read_supported","target_full","SBS44",-0.0651424509315066
"OV3331","rare_read_supported","target_full","SBS84",
"OV3331","rare_read_supported","target_full","SBS85",0.0691737463528433
"OV3331","rare_read_supported","target_full","SBS86",
"OV3331","rare_read_supported","target_full","SBS87",0.127070965567803
"OV3331","rare_read_supported","target_full","SBS88",0.00194910302148739
"OV3331","rare_read_supported","target_full","SBS89",-0.252313445472768
"OV3331","rare_read_supported","target_full","SBS90",
"OV3331","rare_read_supported","target_full","SBS91",
"OV3331","rare_read_supported","target_full","SBS92",-0.0207402763163261
"OV3331","rare_read_supported","target_full","SBS93",0.035627644649526
"OV3331","rare_read_supported","target_full","SBS94",-0.0141433148689592
"OV90","rare_read_supported","target_full","SBS1",-0.0292530602166181
"OV90","rare_read_supported","target_full","SBS2",0.00234994735516922
"OV90","rare_read_supported","target_full","SBS3",1
"OV90","rare_read_supported","target_full","SBS4",
"OV90","rare_read_supported","target_full","SBS5",
"OV90","rare_read_supported","target_full","SBS6",
"OV90","rare_read_supported","target_full","SBS7a",-0.0194442581844027
"OV90","rare_read_supported","target_full","SBS7b",-0.0213129157861137
"OV90","rare_read_supported","target_full","SBS7c",
"OV90","rare_read_supported","target_full","SBS7d",0.148426189552773
"OV90","rare_read_supported","target_full","SBS8",-0.0651657067597026
"OV90","rare_read_supported","target_full","SBS9",-0.112739666429381
"OV90","rare_read_supported","target_full","SBS10a",-0.0232040243407763
"OV90","rare_read_supported","target_full","SBS10b",0.0117081335298549
"OV90","rare_read_supported","target_full","SBS10c",-0.0246326071706761
"OV90","rare_read_supported","target_full","SBS10d",0.113552777433486
"OV90","rare_read_supported","target_full","SBS11",-0.0257825980939404
"OV90","rare_read_supported","target_full","SBS12",-0.00848197966763946
"OV90","rare_read_supported","target_full","SBS13",-0.0184906860669646
"OV90","rare_read_supported","target_full","SBS14",-0.0133868593833239
"OV90","rare_read_supported","target_full","SBS15",0.0724919232957619
"OV90","rare_read_supported","target_full","SBS16",0.0154819782490462
"OV90","rare_read_supported","target_full","SBS17a",-0.0133868593833239
"OV90","rare_read_supported","target_full","SBS17b",-0.0309076431710918
"OV90","rare_read_supported","target_full","SBS18",
"OV90","rare_read_supported","target_full","SBS19",0.0576575656926474
"OV90","rare_read_supported","target_full","SBS20",
"OV90","rare_read_supported","target_full","SBS21",-0.0189249981991306
"OV90","rare_read_supported","target_full","SBS22",
"OV90","rare_read_supported","target_full","SBS23",-0.013386859383324
"OV90","rare_read_supported","target_full","SBS24",-0.00280477747290398
"OV90","rare_read_supported","target_full","SBS25",
"OV90","rare_read_supported","target_full","SBS26",0.0342793580099237
"OV90","rare_read_supported","target_full","SBS28",-0.0427192141555503
"OV90","rare_read_supported","target_full","SBS29",-0.0092198351616488
"OV90","rare_read_supported","target_full","SBS30",0.0485310984156314
"OV90","rare_read_supported","target_full","SBS31",-0.119551615466541
"OV90","rare_read_supported","target_full","SBS32",0.00223435837088063
"OV90","rare_read_supported","target_full","SBS33",-0.138913166194116
"OV90","rare_read_supported","target_full","SBS34",0.134531750148129
"OV90","rare_read_supported","target_full","SBS35",-0.0615658065193771
"OV90","rare_read_supported","target_full","SBS36",
"OV90","rare_read_supported","target_full","SBS37",-0.039580344394214
"OV90","rare_read_supported","target_full","SBS38",-0.0187731550548089
"OV90","rare_read_supported","target_full","SBS39",-0.0780378134013157
"OV90","rare_read_supported","target_full","SBS40",-0.0647780716761153
"OV90","rare_read_supported","target_full","SBS41",-0.0287719473679263
"OV90","rare_read_supported","target_full","SBS42",
"OV90","rare_read_supported","target_full","SBS44",-0.0133868593833239
"OV90","rare_read_supported","target_full","SBS84",-0.0574722351804417
"OV90","rare_read_supported","target_full","SBS85",0.0202271310095091
"OV90","rare_read_supported","target_full","SBS86",-0.0675609012940366
"OV90","rare_read_supported","target_full","SBS87",
"OV90","rare_read_supported","target_full","SBS88",-0.0267326572390432
"OV90","rare_read_supported","target_full","SBS89",-0.0133116699944521
"OV90","rare_read_supported","target_full","SBS90",
"OV90","rare_read_supported","target_full","SBS91",-0.0572259214758027
"OV90","rare_read_supported","target_full","SBS92",
"OV90","rare_read_supported","target_full","SBS93",-0.00252441057247217
"OV90","rare_read_supported","target_full","SBS94",-0.0184701005022361
"TOV81D","rare_read_supported","target_full","SBS1",
"TOV81D","rare_read_supported","target_full","SBS2",-0.00939109027744814
"TOV81D","rare_read_supported","target_full","SBS3",1
"TOV81D","rare_read_supported","target_full","SBS4",-0.0768392680432477
"TOV81D","rare_read_supported","target_full","SBS5",
"TOV81D","rare_read_supported","target_full","SBS6",
"TOV81D","rare_read_supported","target_full","SBS7a",0.00102390164437594
"TOV81D","rare_read_supported","target_full","SBS7b",-0.0874858071817356
"TOV81D","rare_read_supported","target_full","SBS7c",-0.00958148950696536
"TOV81D","rare_read_supported","target_full","SBS7d",0.0160477838681112
"TOV81D","rare_read_supported","target_full","SBS8",-0.0955854563629179
"TOV81D","rare_read_supported","target_full","SBS9",-0.0926401091506872
"TOV81D","rare_read_supported","target_full","SBS10a",0.115534060015853
"TOV81D","rare_read_supported","target_full","SBS10b",0.1540774586438
"TOV81D","rare_read_supported","target_full","SBS10c",
"TOV81D","rare_read_supported","target_full","SBS10d",-0.00681037292718114
"TOV81D","rare_read_supported","target_full","SBS11",-0.0209613304431141
"TOV81D","rare_read_supported","target_full","SBS12",-0.154102881998465
"TOV81D","rare_read_supported","target_full","SBS13",-0.0717106997944121
"TOV81D","rare_read_supported","target_full","SBS14",-0.0396272855897886
"TOV81D","rare_read_supported","target_full","SBS15",
"TOV81D","rare_read_supported","target_full","SBS16",-0.046929663982944
"TOV81D","rare_read_supported","target_full","SBS17a",-0.0569321210076138
"TOV81D","rare_read_supported","target_full","SBS17b",0.0653864250540002
"TOV81D","rare_read_supported","target_full","SBS18",-0.0245373459014557
"TOV81D","rare_read_supported","target_full","SBS19",0.0810868361230648
"TOV81D","rare_read_supported","target_full","SBS20",-0.0381453403827719
"TOV81D","rare_read_supported","target_full","SBS21",0.118094155527057
"TOV81D","rare_read_supported","target_full","SBS22",
"TOV81D","rare_read_supported","target_full","SBS23",-0.0172171327805004
"TOV81D","rare_read_supported","target_full","SBS24",0.0266446634383608
"TOV81D","rare_read_supported","target_full","SBS25",
"TOV81D","rare_read_supported","target_full","SBS26",0.0989567919803736
"TOV81D","rare_read_supported","target_full","SBS28",-0.0540713029832186
"TOV81D","rare_read_supported","target_full","SBS29",-0.059347486956042
"TOV81D","rare_read_supported","target_full","SBS30",-0.0155641927292845
"TOV81D","rare_read_supported","target_full","SBS31",0.0464438596074109
"TOV81D","rare_read_supported","target_full","SBS32",0.00689773753308784
"TOV81D","rare_read_supported","target_full","SBS33",0.0248841925152761
"TOV81D","rare_read_supported","target_full","SBS34",
"TOV81D","rare_read_supported","target_full","SBS35",-0.0680015458183459
"TOV81D","rare_read_supported","target_full","SBS36",0.0349391828843055
"TOV81D","rare_read_supported","target_full","SBS37",0.0127154979369067
"TOV81D","rare_read_supported","target_full","SBS38",
"TOV81D","rare_read_supported","target_full","SBS39",-0.130986054303491
"TOV81D","rare_read_supported","target_full","SBS40",-0.30092776498219
"TOV81D","rare_read_supported","target_full","SBS41",0.0597779029213729
"TOV81D","rare_read_supported","target_full","SBS42",0.0466488111876285
"TOV81D","rare_read_supported","target_full","SBS44",-0.0680015458183463
"TOV81D","rare_read_supported","target_full","SBS84",-0.21628944773772
"TOV81D","rare_read_supported","target_full","SBS85",-0.0274921027676449
"TOV81D","rare_read_supported","target_full","SBS86",
"TOV81D","rare_read_supported","target_full","SBS87",
"TOV81D","rare_read_supported","target_full","SBS88",-0.127184110321276
"TOV81D","rare_read_supported","target_full","SBS89",-0.571521237055111
"TOV81D","rare_read_supported","target_full","SBS90",-0.0680015458183462
"TOV81D","rare_read_supported","target_full","SBS91",
"TOV81D","rare_read_supported","target_full","SBS92",
"TOV81D","rare_read_supported","target_full","SBS93",0.0835235769130077
"TOV81D","rare_read_supported","target_full","SBS94",
"TOV21G","rare_read_supported","target_full","SBS1",
"TOV21G","rare_read_supported","target_full","SBS2",
"TOV21G","rare_read_supported","target_full","SBS3",
"TOV21G","rare_read_supported","target_full","SBS4",
"TOV21G","rare_read_supported","target_full","SBS5",
"TOV21G","rare_read_supported","target_full","SBS6",
"TOV21G","rare_read_supported","target_full","SBS7a",
"TOV21G","rare_read_supported","target_full","SBS7b",
"TOV21G","rare_read_supported","target_full","SBS7c",
"TOV21G","rare_read_supported","target_full","SBS7d",
"TOV21G","rare_read_supported","target_full","SBS8",
"TOV21G","rare_read_supported","target_full","SBS9",
"TOV21G","rare_read_supported","target_full","SBS10a",
"TOV21G","rare_read_supported","target_full","SBS10b",
"TOV21G","rare_read_supported","target_full","SBS10c",
"TOV21G","rare_read_supported","target_full","SBS10d",
"TOV21G","rare_read_supported","target_full","SBS11",
"TOV21G","rare_read_supported","target_full","SBS12",
"TOV21G","rare_read_supported","target_full","SBS13",
"TOV21G","rare_read_supported","target_full","SBS14",
"TOV21G","rare_read_supported","target_full","SBS15",
"TOV21G","rare_read_supported","target_full","SBS16",
"TOV21G","rare_read_supported","target_full","SBS17a",
"TOV21G","rare_read_supported","target_full","SBS17b",
"TOV21G","rare_read_supported","target_full","SBS18",
"TOV21G","rare_read_supported","target_full","SBS19",
"TOV21G","rare_read_supported","target_full","SBS20",
"TOV21G","rare_read_supported","target_full","SBS21",
"TOV21G","rare_read_supported","target_full","SBS22",
"TOV21G","rare_read_supported","target_full","SBS23",
"TOV21G","rare_read_supported","target_full","SBS24",
"TOV21G","rare_read_supported","target_full","SBS25",
"TOV21G","rare_read_supported","target_full","SBS26",
"TOV21G","rare_read_supported","target_full","SBS28",
"TOV21G","rare_read_supported","target_full","SBS29",
"TOV21G","rare_read_supported","target_full","SBS30",
"TOV21G","rare_read_supported","target_full","SBS31",
"TOV21G","rare_read_supported","target_full","SBS32",
"TOV21G","rare_read_supported","target_full","SBS33",
"TOV21G","rare_read_supported","target_full","SBS34",
"TOV21G","rare_read_supported","target_full","SBS35",
"TOV21G","rare_read_supported","target_full","SBS36",
"TOV21G","rare_read_supported","target_full","SBS37",
"TOV21G","rare_read_supported","target_full","SBS38",
"TOV21G","rare_read_supported","target_full","SBS39",
"TOV21G","rare_read_supported","target_full","SBS40",
"TOV21G","rare_read_supported","target_full","SBS41",
"TOV21G","rare_read_supported","target_full","SBS42",
"TOV21G","rare_read_supported","target_full","SBS44",
"TOV21G","rare_read_supported","target_full","SBS84",
"TOV21G","rare_read_supported","target_full","SBS85",
"TOV21G","rare_read_supported","target_full","SBS86",
"TOV21G","rare_read_supported","target_full","SBS87",
"TOV21G","rare_read_supported","target_full","SBS88",
"TOV21G","rare_read_supported","target_full","SBS89",
"TOV21G","rare_read_supported","target_full","SBS90",
"TOV21G","rare_read_supported","target_full","SBS91",
"TOV21G","rare_read_supported","target_full","SBS92",
"TOV21G","rare_read_supported","target_full","SBS93",
"TOV21G","rare_read_supported","target_full","SBS94",
"TOV3392D","rare_read_supported","target_full","SBS1",0.133491176118637
"TOV3392D","rare_read_supported","target_full","SBS2",0.0342304865425676
"TOV3392D","rare_read_supported","target_full","SBS3",1
"TOV3392D","rare_read_supported","target_full","SBS4",
"TOV3392D","rare_read_supported","target_full","SBS5",
"TOV3392D","rare_read_supported","target_full","SBS6",-0.0416940799424691
"TOV3392D","rare_read_supported","target_full","SBS7a",-0.0604620026885909
"TOV3392D","rare_read_supported","target_full","SBS7b",0.0913522426395679
"TOV3392D","rare_read_supported","target_full","SBS7c",0.395487889120236
"TOV3392D","rare_read_supported","target_full","SBS7d",-0.0966770458577817
"TOV3392D","rare_read_supported","target_full","SBS8",-0.0767019749705603
"TOV3392D","rare_read_supported","target_full","SBS9",
"TOV3392D","rare_read_supported","target_full","SBS10a",-0.0548962466645544
"TOV3392D","rare_read_supported","target_full","SBS10b",0.0750525552921258
"TOV3392D","rare_read_supported","target_full","SBS10c",
"TOV3392D","rare_read_supported","target_full","SBS10d",0.0465145956458092
"TOV3392D","rare_read_supported","target_full","SBS11",-0.0308425503020685
"TOV3392D","rare_read_supported","target_full","SBS12",-0.0641513320203065
"TOV3392D","rare_read_supported","target_full","SBS13",-0.0138939794463604
"TOV3392D","rare_read_supported","target_full","SBS14",-0.055863757565151
"TOV3392D","rare_read_supported","target_full","SBS15",-0.0864475960120568
"TOV3392D","rare_read_supported","target_full","SBS16",-0.0604595041743735
"TOV3392D","rare_read_supported","target_full","SBS17a",-0.0557338465414142
"TOV3392D","rare_read_supported","target_full","SBS17b",0.144621693856677
"TOV3392D","rare_read_supported","target_full","SBS18",-0.113303115385178
"TOV3392D","rare_read_supported","target_full","SBS19",-0.0701157810831057
"TOV3392D","rare_read_supported","target_full","SBS20",0.0376005058829795
"TOV3392D","rare_read_supported","target_full","SBS21",
"TOV3392D","rare_read_supported","target_full","SBS22",
"TOV3392D","rare_read_supported","target_full","SBS23",
"TOV3392D","rare_read_supported","target_full","SBS24",-0.056351498484882
"TOV3392D","rare_read_supported","target_full","SBS25",-0.0746410983704926
"TOV3392D","rare_read_supported","target_full","SBS26",-0.0493598108142653
"TOV3392D","rare_read_supported","target_full","SBS28",-0.0226317883822264
"TOV3392D","rare_read_supported","target_full","SBS29",0.0141494563718912
"TOV3392D","rare_read_supported","target_full","SBS30",-0.0447144083700718
"TOV3392D","rare_read_supported","target_full","SBS31",
"TOV3392D","rare_read_supported","target_full","SBS32",0.0333409339622507
"TOV3392D","rare_read_supported","target_full","SBS33",0.0360025767987059
"TOV3392D","rare_read_supported","target_full","SBS34",
"TOV3392D","rare_read_supported","target_full","SBS35",
"TOV3392D","rare_read_supported","target_full","SBS36",-0.0343396534923852
"TOV3392D","rare_read_supported","target_full","SBS37",-0.0650939237828776
"TOV3392D","rare_read_supported","target_full","SBS38",
"TOV3392D","rare_read_supported","target_full","SBS39",-0.141310492918332
"TOV3392D","rare_read_supported","target_full","SBS40",-0.0653023058536401
"TOV3392D","rare_read_supported","target_full","SBS41",
"TOV3392D","rare_read_supported","target_full","SBS42",-0.0506423609927775
"TOV3392D","rare_read_supported","target_full","SBS44",0.0650514982714626
"TOV3392D","rare_read_supported","target_full","SBS84",-0.0256622850043436
"TOV3392D","rare_read_supported","target_full","SBS85",0.0634284410173986
"TOV3392D","rare_read_supported","target_full","SBS86",
"TOV3392D","rare_read_supported","target_full","SBS87",0.0238008050702671
"TOV3392D","rare_read_supported","target_full","SBS88",0.0982975852399369
"TOV3392D","rare_read_supported","target_full","SBS89",-0.0489375350109413
"TOV3392D","rare_read_supported","target_full","SBS90",
"TOV3392D","rare_read_supported","target_full","SBS91",
"TOV3392D","rare_read_supported","target_full","SBS92",0.040540286399514
"TOV3392D","rare_read_supported","target_full","SBS93",-0.0259550514504645
"TOV3392D","rare_read_supported","target_full","SBS94",
"TOV112D","rare_read_supported","target_full","SBS1",
"TOV112D","rare_read_supported","target_full","SBS2",
"TOV112D","rare_read_supported","target_full","SBS3",
"TOV112D","rare_read_supported","target_full","SBS4",
"TOV112D","rare_read_supported","target_full","SBS5",
"TOV112D","rare_read_supported","target_full","SBS6",
"TOV112D","rare_read_supported","target_full","SBS7a",
"TOV112D","rare_read_supported","target_full","SBS7b",
"TOV112D","rare_read_supported","target_full","SBS7c",
"TOV112D","rare_read_supported","target_full","SBS7d",
"TOV112D","rare_read_supported","target_full","SBS8",
"TOV112D","rare_read_supported","target_full","SBS9",
"TOV112D","rare_read_supported","target_full","SBS10a",
"TOV112D","rare_read_supported","target_full","SBS10b",
"TOV112D","rare_read_supported","target_full","SBS10c",
"TOV112D","rare_read_supported","target_full","SBS10d",
"TOV112D","rare_read_supported","target_full","SBS11",
"TOV112D","rare_read_supported","target_full","SBS12",
"TOV112D","rare_read_supported","target_full","SBS13",
"TOV112D","rare_read_supported","target_full","SBS14",
"TOV112D","rare_read_supported","target_full","SBS15",
"TOV112D","rare_read_supported","target_full","SBS16",
"TOV112D","rare_read_supported","target_full","SBS17a",
"TOV112D","rare_read_supported","target_full","SBS17b",
"TOV112D","rare_read_supported","target_full","SBS18",
"TOV112D","rare_read_supported","target_full","SBS19",
"TOV112D","rare_read_supported","target_full","SBS20",
"TOV112D","rare_read_supported","target_full","SBS21",
"TOV112D","rare_read_supported","target_full","SBS22",
"TOV112D","rare_read_supported","target_full","SBS23",
"TOV112D","rare_read_supported","target_full","SBS24",
"TOV112D","rare_read_supported","target_full","SBS25",
"TOV112D","rare_read_supported","target_full","SBS26",
"TOV112D","rare_read_supported","target_full","SBS28",
"TOV112D","rare_read_supported","target_full","SBS29",
"TOV112D","rare_read_supported","target_full","SBS30",
"TOV112D","rare_read_supported","target_full","SBS31",
"TOV112D","rare_read_supported","target_full","SBS32",
"TOV112D","rare_read_supported","target_full","SBS33",
"TOV112D","rare_read_supported","target_full","SBS34",
"TOV112D","rare_read_supported","target_full","SBS35",
"TOV112D","rare_read_supported","target_full","SBS36",
"TOV112D","rare_read_supported","target_full","SBS37",
"TOV112D","rare_read_supported","target_full","SBS38",
"TOV112D","rare_read_supported","target_full","SBS39",
"TOV112D","rare_read_supported","target_full","SBS40",
"TOV112D","rare_read_supported","target_full","SBS41",
"TOV112D","rare_read_supported","target_full","SBS42",
"TOV112D","rare_read_supported","target_full","SBS44",
"TOV112D","rare_read_supported","target_full","SBS84",
"TOV112D","rare_read_supported","target_full","SBS85",
"TOV112D","rare_read_supported","target_full","SBS86",
"TOV112D","rare_read_supported","target_full","SBS87",
"TOV112D","rare_read_supported","target_full","SBS88",
"TOV112D","rare_read_supported","target_full","SBS89",
"TOV112D","rare_read_supported","target_full","SBS90",
"TOV112D","rare_read_supported","target_full","SBS91",
"TOV112D","rare_read_supported","target_full","SBS92",
"TOV112D","rare_read_supported","target_full","SBS93",
"TOV112D","rare_read_supported","target_full","SBS94",
"TOV2414","rare_read_supported","target_full","SBS1",0.0557319648159895
"TOV2414","rare_read_supported","target_full","SBS2",-0.0443299634295057
"TOV2414","rare_read_supported","target_full","SBS3",1
"TOV2414","rare_read_supported","target_full","SBS4",0.0211423259763769
"TOV2414","rare_read_supported","target_full","SBS5",-0.0704770530684687
"TOV2414","rare_read_supported","target_full","SBS6",-0.0247269122595778
"TOV2414","rare_read_supported","target_full","SBS7a",0.146402942512077
"TOV2414","rare_read_supported","target_full","SBS7b",-0.0436005313647432
"TOV2414","rare_read_supported","target_full","SBS7c",
"TOV2414","rare_read_supported","target_full","SBS7d",
"TOV2414","rare_read_supported","target_full","SBS8",
"TOV2414","rare_read_supported","target_full","SBS9",0.147995405599705
"TOV2414","rare_read_supported","target_full","SBS10a",0.179157783400529
"TOV2414","rare_read_supported","target_full","SBS10b",-0.0658459534778274
"TOV2414","rare_read_supported","target_full","SBS10c",
"TOV2414","rare_read_supported","target_full","SBS10d",-0.0224523298929686
"TOV2414","rare_read_supported","target_full","SBS11",0.0708108958108292
"TOV2414","rare_read_supported","target_full","SBS12",0.12431235651536
"TOV2414","rare_read_supported","target_full","SBS13",-0.015988737965246
"TOV2414","rare_read_supported","target_full","SBS14",-0.0387685569916538
"TOV2414","rare_read_supported","target_full","SBS15",-0.0287059381472121
"TOV2414","rare_read_supported","target_full","SBS16",-0.0512346588135889
"TOV2414","rare_read_supported","target_full","SBS17a",-0.0113016859567405
"TOV2414","rare_read_supported","target_full","SBS17b",-0.0361707798555219
"TOV2414","rare_read_supported","target_full","SBS18",-0.0795151911904526
"TOV2414","rare_read_supported","target_full","SBS19",-0.0405907895653336
"TOV2414","rare_read_supported","target_full","SBS20",0.0422857506661275
"TOV2414","rare_read_supported","target_full","SBS21",-0.0212447961694984
"TOV2414","rare_read_supported","target_full","SBS22",0.000730772594408616
"TOV2414","rare_read_supported","target_full","SBS23",-0.0409570832409807
"TOV2414","rare_read_supported","target_full","SBS24",-0.0392890627016922
"TOV2414","rare_read_supported","target_full","SBS25",-0.0311392823938099
"TOV2414","rare_read_supported","target_full","SBS26",-0.14072981090687
"TOV2414","rare_read_supported","target_full","SBS28",-0.0485176260512249
"TOV2414","rare_read_supported","target_full","SBS29",0.0106965952972479
"TOV2414","rare_read_supported","target_full","SBS30",0.045311489833879
"TOV2414","rare_read_supported","target_full","SBS31",-0.0395798557068643
"TOV2414","rare_read_supported","target_full","SBS32",-0.142943944177897
"TOV2414","rare_read_supported","target_full","SBS33",-0.0113016859567405
"TOV2414","rare_read_supported","target_full","SBS34",-0.0573518948204282
"TOV2414","rare_read_supported","target_full","SBS35",
"TOV2414","rare_read_supported","target_full","SBS36",0.0216419612550614
"TOV2414","rare_read_supported","target_full","SBS37",-0.0472433486089059
"TOV2414","rare_read_supported","target_full","SBS38",-0.0303991123749945
"TOV2414","rare_read_supported","target_full","SBS39",-0.148498852057955
"TOV2414","rare_read_supported","target_full","SBS40",0.139044539243366
"TOV2414","rare_read_supported","target_full","SBS41",-0.0157076868842642
"TOV2414","rare_read_supported","target_full","SBS42",-0.057754397488852
"TOV2414","rare_read_supported","target_full","SBS44",0.0103774167314991
"TOV2414","rare_read_supported","target_full","SBS84",-0.0362549719490091
"TOV2414","rare_read_supported","target_full","SBS85",-0.091400190514224
"TOV2414","rare_read_supported","target_full","SBS86",0.0423166719306062
"TOV2414","rare_read_supported","target_full","SBS87",4.97135928160967e-05
"TOV2414","rare_read_supported","target_full","SBS88",0.147454924812656
"TOV2414","rare_read_supported","target_full","SBS89",-0.0524057625553463
"TOV2414","rare_read_supported","target_full","SBS90",-0.0434879946904355
"TOV2414","rare_read_supported","target_full","SBS91",-0.0501915812815352
"TOV2414","rare_read_supported","target_full","SBS92",-0.0457434632850086
"TOV2414","rare_read_supported","target_full","SBS93",-0.0610439309546402
"TOV2414","rare_read_supported","target_full","SBS94",0.126635460280856
"OV1369-R2","baseline","target_restricted","SBS1",0.0799117516007796
"OV1369-R2","baseline","target_restricted","SBS5",-0.488040668000184
"OV1369-R2","baseline","target_restricted","SBS40",-0.220423733315428
"OV1369-R2","baseline","target_restricted","SBS6",0.0272249522033853
"OV1369-R2","baseline","target_restricted","SBS14",
"OV1369-R2","baseline","target_restricted","SBS15",0.0489574944985411
"OV1369-R2","baseline","target_restricted","SBS20",
"OV1369-R2","baseline","target_restricted","SBS21",
"OV1369-R2","baseline","target_restricted","SBS26",
"OV1369-R2","baseline","target_restricted","SBS44",0.0504724328195833
"OV1369-R2","baseline","target_restricted","SBS10a",-0.0198060503662199
"OV1369-R2","baseline","target_restricted","SBS10b",-0.0486646035950898
"OV1369-R2","baseline","target_restricted","SBS10c",
"OV1369-R2","baseline","target_restricted","SBS10d",
"OV1369-R2","baseline","target_restricted","SBS28",-0.0261246086520381
"OV1369-R2","baseline","target_restricted","SBS2",0.00483295925515921
"OV1369-R2","baseline","target_restricted","SBS13",0.00997993609671634
"OV1369-R2","baseline","target_restricted","SBS3",1
"OV1369-R2","baseline","target_restricted","SBS8",-0.507072150631335
"OV1369-R2","baseline","target_restricted","SBS17a",
"OV1369-R2","baseline","target_restricted","SBS17b",
"OV1369-R2","baseline","target_restricted","SBS18",-0.0261246086520381
"OV2085","baseline","target_restricted","SBS1",-0.0121504529421978
"OV2085","baseline","target_restricted","SBS5",-0.314740010371441
"OV2085","baseline","target_restricted","SBS40",-0.572317196627324
"OV2085","baseline","target_restricted","SBS6",0.0697206950063365
"OV2085","baseline","target_restricted","SBS14",0.0448791260563499
"OV2085","baseline","target_restricted","SBS15",-0.00236431377297384
"OV2085","baseline","target_restricted","SBS20",0.0445883470028923
"OV2085","baseline","target_restricted","SBS21",
"OV2085","baseline","target_restricted","SBS26",
"OV2085","baseline","target_restricted","SBS44",-0.0306598308954274
"OV2085","baseline","target_restricted","SBS10a",
"OV2085","baseline","target_restricted","SBS10b",0.139236547060838
"OV2085","baseline","target_restricted","SBS10c",
"OV2085","baseline","target_restricted","SBS10d",
"OV2085","baseline","target_restricted","SBS28",0.0682076083750103
"OV2085","baseline","target_restricted","SBS2",0.229683089867005
"OV2085","baseline","target_restricted","SBS13",
"OV2085","baseline","target_restricted","SBS3",1
"OV2085","baseline","target_restricted","SBS8",-0.0966944730040382
"OV2085","baseline","target_restricted","SBS17a",0.0319152175805639
"OV2085","baseline","target_restricted","SBS17b",
"OV2085","baseline","target_restricted","SBS18",0.255057511618764
"OV2295","baseline","target_restricted","SBS1",-0.107302246739875
"OV2295","baseline","target_restricted","SBS5",-0.0890110715103231
"OV2295","baseline","target_restricted","SBS40",-0.710875492965088
"OV2295","baseline","target_restricted","SBS6",
"OV2295","baseline","target_restricted","SBS14",
"OV2295","baseline","target_restricted","SBS15",0.0866288565448172
"OV2295","baseline","target_restricted","SBS20",
"OV2295","baseline","target_restricted","SBS21",-0.00660481241275804
"OV2295","baseline","target_restricted","SBS26",0.00207924037365336
"OV2295","baseline","target_restricted","SBS44",
"OV2295","baseline","target_restricted","SBS10a",0.0557675880762477
"OV2295","baseline","target_restricted","SBS10b",-0.0238526657501605
"OV2295","baseline","target_restricted","SBS10c",
"OV2295","baseline","target_restricted","SBS10d",0.0674315034507959
"OV2295","baseline","target_restricted","SBS28",
"OV2295","baseline","target_restricted","SBS2",0.42474316064025
"OV2295","baseline","target_restricted","SBS13",
"OV2295","baseline","target_restricted","SBS3",1
"OV2295","baseline","target_restricted","SBS8",
"OV2295","baseline","target_restricted","SBS17a",
"OV2295","baseline","target_restricted","SBS17b",
"OV2295","baseline","target_restricted","SBS18",0.176367886523528
"OV2295-R2","baseline","target_restricted","SBS1",-0.0667073306723525
"OV2295-R2","baseline","target_restricted","SBS5",-0.165486211751946
"OV2295-R2","baseline","target_restricted","SBS40",-0.517115076554615
"OV2295-R2","baseline","target_restricted","SBS6",
"OV2295-R2","baseline","target_restricted","SBS14",-0.0584336741354521
"OV2295-R2","baseline","target_restricted","SBS15",0.0597861525456793
"OV2295-R2","baseline","target_restricted","SBS20",
"OV2295-R2","baseline","target_restricted","SBS21",0.00164253791247442
"OV2295-R2","baseline","target_restricted","SBS26",-0.036092442856436
"OV2295-R2","baseline","target_restricted","SBS44",
"OV2295-R2","baseline","target_restricted","SBS10a",
"OV2295-R2","baseline","target_restricted","SBS10b",-0.00433688096080546
"OV2295-R2","baseline","target_restricted","SBS10c",
"OV2295-R2","baseline","target_restricted","SBS10d",
"OV2295-R2","baseline","target_restricted","SBS28",
"OV2295-R2","baseline","target_restricted","SBS2",
"OV2295-R2","baseline","target_restricted","SBS13",
"OV2295-R2","baseline","target_restricted","SBS3",1
"OV2295-R2","baseline","target_restricted","SBS8",-0.616533622445897
"OV2295-R2","baseline","target_restricted","SBS17a",0.0467963646113177
"OV2295-R2","baseline","target_restricted","SBS17b",
"OV2295-R2","baseline","target_restricted","SBS18",0.594064319856472
"OV3133-R","baseline","target_restricted","SBS1",0.11398612905288
"OV3133-R","baseline","target_restricted","SBS5",-0.163816237538944
"OV3133-R","baseline","target_restricted","SBS40",-0.116207438227823
"OV3133-R","baseline","target_restricted","SBS6",-0.0544674199438579
"OV3133-R","baseline","target_restricted","SBS14",-0.0778249705042707
"OV3133-R","baseline","target_restricted","SBS15",-0.0087439601906471
"OV3133-R","baseline","target_restricted","SBS20",0.0399931648230975
"OV3133-R","baseline","target_restricted","SBS21",-0.0566568416271924
"OV3133-R","baseline","target_restricted","SBS26",-0.038854421606795
"OV3133-R","baseline","target_restricted","SBS44",
"OV3133-R","baseline","target_restricted","SBS10a",
"OV3133-R","baseline","target_restricted","SBS10b",0.0313394228084234
"OV3133-R","baseline","target_restricted","SBS10c",-0.0278073102576039
"OV3133-R","baseline","target_restricted","SBS10d",-0.00700713659633379
"OV3133-R","baseline","target_restricted","SBS28",
"OV3133-R","baseline","target_restricted","SBS2",0.177218226849733
"OV3133-R","baseline","target_restricted","SBS13",-0.124861387787416
"OV3133-R","baseline","target_restricted","SBS3",1
"OV3133-R","baseline","target_restricted","SBS8",-0.193960917346924
"OV3133-R","baseline","target_restricted","SBS17a",-0.105217210214035
"OV3133-R","baseline","target_restricted","SBS17b",
"OV3133-R","baseline","target_restricted","SBS18",0.139339996429698
"OV3133-R2","baseline","target_restricted","SBS1",0.00829144824612498
"OV3133-R2","baseline","target_restricted","SBS5",-0.151312883174499
"OV3133-R2","baseline","target_restricted","SBS40",-0.254736258456181
"OV3133-R2","baseline","target_restricted","SBS6",-0.0662626258679164
"OV3133-R2","baseline","target_restricted","SBS14",-0.0686004050438956
"OV3133-R2","baseline","target_restricted","SBS15",
"OV3133-R2","baseline","target_restricted","SBS20",0.0794752243438681
"OV3133-R2","baseline","target_restricted","SBS21",-0.0475526716452688
"OV3133-R2","baseline","target_restricted","SBS26",0.131840374086259
"OV3133-R2","baseline","target_restricted","SBS44",-0.012765264517523
"OV3133-R2","baseline","target_restricted","SBS10a",0.0648743819950025
"OV3133-R2","baseline","target_restricted","SBS10b",0.0436335500882454
"OV3133-R2","baseline","target_restricted","SBS10c",0.157220224716414
"OV3133-R2","baseline","target_restricted","SBS10d",0.0682373406663903
"OV3133-R2","baseline","target_restricted","SBS28",
"OV3133-R2","baseline","target_restricted","SBS2",-0.0496573948772034
"OV3133-R2","baseline","target_restricted","SBS13",-0.0566833493329416
"OV3133-R2","baseline","target_restricted","SBS3",1
"OV3133-R2","baseline","target_restricted","SBS8",-0.181431512463191
"OV3133-R2","baseline","target_restricted","SBS17a",-0.0157742079275261
"OV3133-R2","baseline","target_restricted","SBS17b",
"OV3133-R2","baseline","target_restricted","SBS18",0.016458117233232
"OV3291","baseline","target_restricted","SBS1",-0.0104848851604437
"OV3291","baseline","target_restricted","SBS5",-0.0937364428161124
"OV3291","baseline","target_restricted","SBS40",-0.350954381165301
"OV3291","baseline","target_restricted","SBS6",-0.00162372952717185
"OV3291","baseline","target_restricted","SBS14",0.0639032599584655
"OV3291","baseline","target_restricted","SBS15",0.0468825674240287
"OV3291","baseline","target_restricted","SBS20",0.00897048822190836
"OV3291","baseline","target_restricted","SBS21",-0.00680776930294104
"OV3291","baseline","target_restricted","SBS26",-0.029574393639315
"OV3291","baseline","target_restricted","SBS44",-0.0773193054367892
"OV3291","baseline","target_restricted","SBS10a",
"OV3291","baseline","target_restricted","SBS10b",0.106392505644333
"OV3291","baseline","target_restricted","SBS10c",0.040875098748736
"OV3291","baseline","target_restricted","SBS10d",0.0387608880645458
"OV3291","baseline","target_restricted","SBS28",
"OV3291","baseline","target_restricted","SBS2",0.0361461089162002
"OV3291","baseline","target_restricted","SBS13",-0.0758594431960936
"OV3291","baseline","target_restricted","SBS3",1
"OV3291","baseline","target_restricted","SBS8",-0.328672676859598
"OV3291","baseline","target_restricted","SBS17a",-0.033559172650154
"OV3291","baseline","target_restricted","SBS17b",
"OV3291","baseline","target_restricted","SBS18",0.148946046377876
"TOV1369","baseline","target_restricted","SBS1",0.254789763235695
"TOV1369","baseline","target_restricted","SBS5",-0.337281830237591
"TOV1369","baseline","target_restricted","SBS40",-0.288399192830807
"TOV1369","baseline","target_restricted","SBS6",-0.149046186651238
"TOV1369","baseline","target_restricted","SBS14",
"TOV1369","baseline","target_restricted","SBS15",-0.0526091120882236
"TOV1369","baseline","target_restricted","SBS20",
"TOV1369","baseline","target_restricted","SBS21",-0.0065903148329934
"TOV1369","baseline","target_restricted","SBS26",
"TOV1369","baseline","target_restricted","SBS44",0.0922308694113198
"TOV1369","baseline","target_restricted","SBS10a",
"TOV1369","baseline","target_restricted","SBS10b",0.0317691119329494
"TOV1369","baseline","target_restricted","SBS10c",
"TOV1369","baseline","target_restricted","SBS10d",
"TOV1369","baseline","target_restricted","SBS28",
"TOV1369","baseline","target_restricted","SBS2",
"TOV1369","baseline","target_restricted","SBS13",-0.0483396495704483
"TOV1369","baseline","target_restricted","SBS3",1
"TOV1369","baseline","target_restricted","SBS8",-0.582685952585932
"TOV1369","baseline","target_restricted","SBS17a",
"TOV1369","baseline","target_restricted","SBS17b",
"TOV1369","baseline","target_restricted","SBS18",
"TOV2295-R","baseline","target_restricted","SBS1",-0.0874901867330735
"TOV2295-R","baseline","target_restricted","SBS5",-0.0875964133125831
"TOV2295-R","baseline","target_restricted","SBS40",-0.641157297352173
"TOV2295-R","baseline","target_restricted","SBS6",-0.000726451023121929
"TOV2295-R","baseline","target_restricted","SBS14",
"TOV2295-R","baseline","target_restricted","SBS15",0.0140603662559067
"TOV2295-R","baseline","target_restricted","SBS20",
"TOV2295-R","baseline","target_restricted","SBS21",0.104736775326252
"TOV2295-R","baseline","target_restricted","SBS26",-0.063344608625088
"TOV2295-R","baseline","target_restricted","SBS44",
"TOV2295-R","baseline","target_restricted","SBS10a",0.0117941244036858
"TOV2295-R","baseline","target_restricted","SBS10b",
"TOV2295-R","baseline","target_restricted","SBS10c",
"TOV2295-R","baseline","target_restricted","SBS10d",
"TOV2295-R","baseline","target_restricted","SBS28",
"TOV2295-R","baseline","target_restricted","SBS2",0.282561255644655
"TOV2295-R","baseline","target_restricted","SBS13",
"TOV2295-R","baseline","target_restricted","SBS3",1
"TOV2295-R","baseline","target_restricted","SBS8",-0.0902222562473343
"TOV2295-R","baseline","target_restricted","SBS17a",
"TOV2295-R","baseline","target_restricted","SBS17b",-0.0529117594676207
"TOV2295-R","baseline","target_restricted","SBS18",0.269765609421054
"TOV2835EP","baseline","target_restricted","SBS1",0.00748929461125534
"TOV2835EP","baseline","target_restricted","SBS5",-0.0608113201559167
"TOV2835EP","baseline","target_restricted","SBS40",-0.238322245074725
"TOV2835EP","baseline","target_restricted","SBS6",0.014699098358821
"TOV2835EP","baseline","target_restricted","SBS14",0.00416498824813018
"TOV2835EP","baseline","target_restricted","SBS15",-0.0650571439923659
"TOV2835EP","baseline","target_restricted","SBS20",-0.0306201262515786
"TOV2835EP","baseline","target_restricted","SBS21",-0.0674738316957729
"TOV2835EP","baseline","target_restricted","SBS26",0.177547416463488
"TOV2835EP","baseline","target_restricted","SBS44",0.0166476783883452
"TOV2835EP","baseline","target_restricted","SBS10a",0.104125686398617
"TOV2835EP","baseline","target_restricted","SBS10b",-0.0467517698289245
"TOV2835EP","baseline","target_restricted","SBS10c",-0.0402596892638178
"TOV2835EP","baseline","target_restricted","SBS10d",0.102603564975032
"TOV2835EP","baseline","target_restricted","SBS28",
"TOV2835EP","baseline","target_restricted","SBS2",0.1694153939992
"TOV2835EP","baseline","target_restricted","SBS13",
"TOV2835EP","baseline","target_restricted","SBS3",1
"TOV2835EP","baseline","target_restricted","SBS8",-0.178939155973123
"TOV2835EP","baseline","target_restricted","SBS17a",-0.0421915944733767
"TOV2835EP","baseline","target_restricted","SBS17b",
"TOV2835EP","baseline","target_restricted","SBS18",0.19854178835376
"TOV2881EP","baseline","target_restricted","SBS1",0.0419894733891943
"TOV2881EP","baseline","target_restricted","SBS5",-0.114396815621503
"TOV2881EP","baseline","target_restricted","SBS40",-0.20891852636489
"TOV2881EP","baseline","target_restricted","SBS6",-0.0932428296281973
"TOV2881EP","baseline","target_restricted","SBS14",0.067943034495905
"TOV2881EP","baseline","target_restricted","SBS15",-0.0683489881862725
"TOV2881EP","baseline","target_restricted","SBS20",-0.0849836571394173
"TOV2881EP","baseline","target_restricted","SBS21",0.0970055623406206
"TOV2881EP","baseline","target_restricted","SBS26",-0.119247402974688
"TOV2881EP","baseline","target_restricted","SBS44",0.0776039252448727
"TOV2881EP","baseline","target_restricted","SBS10a",
"TOV2881EP","baseline","target_restricted","SBS10b",
"TOV2881EP","baseline","target_restricted","SBS10c",-0.0489101827789786
"TOV2881EP","baseline","target_restricted","SBS10d",-0.155432901770969
"TOV2881EP","baseline","target_restricted","SBS28",
"TOV2881EP","baseline","target_restricted","SBS2",
"TOV2881EP","baseline","target_restricted","SBS13",-0.108154275817279
"TOV2881EP","baseline","target_restricted","SBS3",1
"TOV2881EP","baseline","target_restricted","SBS8",-0.51938826255502
"TOV2881EP","baseline","target_restricted","SBS17a",-0.0489101827789789
"TOV2881EP","baseline","target_restricted","SBS17b",0.0103054463640342
"TOV2881EP","baseline","target_restricted","SBS18",0.303870951726052
"TOV2929D","baseline","target_restricted","SBS1",-0.019938994375265
"TOV2929D","baseline","target_restricted","SBS5",-0.109015018133477
"TOV2929D","baseline","target_restricted","SBS40",-0.392544214879384
"TOV2929D","baseline","target_restricted","SBS6",0.00416548355416427
"TOV2929D","baseline","target_restricted","SBS14",
"TOV2929D","baseline","target_restricted","SBS15",0.0129946240939535
"TOV2929D","baseline","target_restricted","SBS20",0.0502376789166083
"TOV2929D","baseline","target_restricted","SBS21",-0.0131278540886531
"TOV2929D","baseline","target_restricted","SBS26",-0.0372653623971358
"TOV2929D","baseline","target_restricted","SBS44",-0.00654365022823527
"TOV2929D","baseline","target_restricted","SBS10a",-0.0349221607160103
"TOV2929D","baseline","target_restricted","SBS10b",-0.0349221607160099
"TOV2929D","baseline","target_restricted","SBS10c",
"TOV2929D","baseline","target_restricted","SBS10d",
"TOV2929D","baseline","target_restricted","SBS28",
"TOV2929D","baseline","target_restricted","SBS2",
"TOV2929D","baseline","target_restricted","SBS13",0.067100290742228
"TOV2929D","baseline","target_restricted","SBS3",1
"TOV2929D","baseline","target_restricted","SBS8",-0.452374826841417
"TOV2929D","baseline","target_restricted","SBS17a",
"TOV2929D","baseline","target_restricted","SBS17b",
"TOV2929D","baseline","target_restricted","SBS18",0.347601503862524
"TOV3121D","baseline","target_restricted","SBS1",0.050668599510444
"TOV3121D","baseline","target_restricted","SBS5",-0.129981945015466
"TOV3121D","baseline","target_restricted","SBS40",-0.448972402599022
"TOV3121D","baseline","target_restricted","SBS6",-0.0699072160139213
"TOV3121D","baseline","target_restricted","SBS14",0.231733602075688
"TOV3121D","baseline","target_restricted","SBS15",0.108697099238908
"TOV3121D","baseline","target_restricted","SBS20",0.0873315273278152
"TOV3121D","baseline","target_restricted","SBS21",0.0206077310504684
"TOV3121D","baseline","target_restricted","SBS26",0.0060626004347472
"TOV3121D","baseline","target_restricted","SBS44",
"TOV3121D","baseline","target_restricted","SBS10a",0.107057022591645
"TOV3121D","baseline","target_restricted","SBS10b",0.19871322458417
"TOV3121D","baseline","target_restricted","SBS10c",0.0507387198011149
"TOV3121D","baseline","target_restricted","SBS10d",-0.0186760271166374
"TOV3121D","baseline","target_restricted","SBS28",
"TOV3121D","baseline","target_restricted","SBS2",0.218142211468372
"TOV3121D","baseline","target_restricted","SBS13",-0.00583393233974369
"TOV3121D","baseline","target_restricted","SBS3",1
"TOV3121D","baseline","target_restricted","SBS8",-0.162938136079456
"TOV3121D","baseline","target_restricted","SBS17a",0.0615008489305835
"TOV3121D","baseline","target_restricted","SBS17b",
"TOV3121D","baseline","target_restricted","SBS18",-0.0661670148613215
"TOV3121EP","baseline","target_restricted","SBS1",-0.0220959623844136
"TOV3121EP","baseline","target_restricted","SBS5",-0.163842738861486
"TOV3121EP","baseline","target_restricted","SBS40",-0.285585464200259
"TOV3121EP","baseline","target_restricted","SBS6",0.0371325006083137
"TOV3121EP","baseline","target_restricted","SBS14",0.0636345347969322
"TOV3121EP","baseline","target_restricted","SBS15",-0.105285547822771
"TOV3121EP","baseline","target_restricted","SBS20",
"TOV3121EP","baseline","target_restricted","SBS21",-0.153189304904154
"TOV3121EP","baseline","target_restricted","SBS26",0.0660836609470328
"TOV3121EP","baseline","target_restricted","SBS44",0.111309668744556
"TOV3121EP","baseline","target_restricted","SBS10a",0.0492617107812135
"TOV3121EP","baseline","target_restricted","SBS10b",-0.00411812148927632
"TOV3121EP","baseline","target_restricted","SBS10c",
"TOV3121EP","baseline","target_restricted","SBS10d",-0.0245634333408968
"TOV3121EP","baseline","target_restricted","SBS28",
"TOV3121EP","baseline","target_restricted","SBS2",0.158671007621687
"TOV3121EP","baseline","target_restricted","SBS13",-0.0642484955616892
"TOV3121EP","baseline","target_restricted","SBS3",1
"TOV3121EP","baseline","target_restricted","SBS8",-0.464107673548371
"TOV3121EP","baseline","target_restricted","SBS17a",-0.0164105844562018
"TOV3121EP","baseline","target_restricted","SBS17b",
"TOV3121EP","baseline","target_restricted","SBS18",0.307470781294669
"TOV3133D","baseline","target_restricted","SBS1",0.124309942114475
"TOV3133D","baseline","target_restricted","SBS5",-0.259561898175405
"TOV3133D","baseline","target_restricted","SBS40",-0.244433951732816
"TOV3133D","baseline","target_restricted","SBS6",-0.0432770558888377
"TOV3133D","baseline","target_restricted","SBS14",0.0510761110611317
"TOV3133D","baseline","target_restricted","SBS15",-0.0586250586073516
"TOV3133D","baseline","target_restricted","SBS20",-0.11556229501594
"TOV3133D","baseline","target_restricted","SBS21",0.0703717783112278
"TOV3133D","baseline","target_restricted","SBS26",-0.0452965844505346
"TOV3133D","baseline","target_restricted","SBS44",-0.0219405777420058
"TOV3133D","baseline","target_restricted","SBS10a",
"TOV3133D","baseline","target_restricted","SBS10b",-0.0601005258033534
"TOV3133D","baseline","target_restricted","SBS10c",
"TOV3133D","baseline","target_restricted","SBS10d",
"TOV3133D","baseline","target_restricted","SBS28",
"TOV3133D","baseline","target_restricted","SBS2",
"TOV3133D","baseline","target_restricted","SBS13",-0.214935115084181
"TOV3133D","baseline","target_restricted","SBS3",1
"TOV3133D","baseline","target_restricted","SBS8",-0.55552809868952
"TOV3133D","baseline","target_restricted","SBS17a",-0.171419355071362
"TOV3133D","baseline","target_restricted","SBS17b",
"TOV3133D","baseline","target_restricted","SBS18",0.282345709751306
"TOV3133G","baseline","target_restricted","SBS1",0.116390269203076
"TOV3133G","baseline","target_restricted","SBS5",-0.3544546742089
"TOV3133G","baseline","target_restricted","SBS40",-0.114208081218897
"TOV3133G","baseline","target_restricted","SBS6",0.167451966972056
"TOV3133G","baseline","target_restricted","SBS14",0.109152767640331
"TOV3133G","baseline","target_restricted","SBS15",-0.0948545816516623
"TOV3133G","baseline","target_restricted","SBS20",-0.0676850754700267
"TOV3133G","baseline","target_restricted","SBS21",0.0721801437335266
"TOV3133G","baseline","target_restricted","SBS26",-0.0238449921192845
"TOV3133G","baseline","target_restricted","SBS44",-0.0451411214982034
"TOV3133G","baseline","target_restricted","SBS10a",-0.0373125458540879
"TOV3133G","baseline","target_restricted","SBS10b",0.0624348270406315
"TOV3133G","baseline","target_restricted","SBS10c",-0.0451411214982034
"TOV3133G","baseline","target_restricted","SBS10d",0.0135943042464739
"TOV3133G","baseline","target_restricted","SBS28",
"TOV3133G","baseline","target_restricted","SBS2",0.170634368510722
"TOV3133G","baseline","target_restricted","SBS13",-0.138797276739939
"TOV3133G","baseline","target_restricted","SBS3",1
"TOV3133G","baseline","target_restricted","SBS8",-0.376097870934193
"TOV3133G","baseline","target_restricted","SBS17a",-0.0637794184305799
"TOV3133G","baseline","target_restricted","SBS17b",
"TOV3133G","baseline","target_restricted","SBS18",0.0224783682866388
"OV3331","baseline","target_restricted","SBS1",0.0795568913686534
"OV3331","baseline","target_restricted","SBS5",-0.289943165990778
"OV3331","baseline","target_restricted","SBS40",-0.092480966422229
"OV3331","baseline","target_restricted","SBS6",-0.0423478920955328
"OV3331","baseline","target_restricted","SBS14",
"OV3331","baseline","target_restricted","SBS15",0.0108684370719925
"OV3331","baseline","target_restricted","SBS20",
"OV3331","baseline","target_restricted","SBS21",-0.0603008246351313
"OV3331","baseline","target_restricted","SBS26",0.122883312660841
"OV3331","baseline","target_restricted","SBS44",
"OV3331","baseline","target_restricted","SBS10a",
"OV3331","baseline","target_restricted","SBS10b",0.134429237316484
"OV3331","baseline","target_restricted","SBS10c",
"OV3331","baseline","target_restricted","SBS10d",-0.0423478920955326
"OV3331","baseline","target_restricted","SBS28",
"OV3331","baseline","target_restricted","SBS2",0.124281190310157
"OV3331","baseline","target_restricted","SBS13",-0.119075423502261
"OV3331","baseline","target_restricted","SBS3",1
"OV3331","baseline","target_restricted","SBS8",-0.402836958234675
"OV3331","baseline","target_restricted","SBS17a",-0.131872429063111
"OV3331","baseline","target_restricted","SBS17b",
"OV3331","baseline","target_restricted","SBS18",0.240320842176764
"OV90","baseline","target_restricted","SBS1",0.0766430508094752
"OV90","baseline","target_restricted","SBS5",-0.13221360762203
"OV90","baseline","target_restricted","SBS40",-0.305081379715814
"OV90","baseline","target_restricted","SBS6",-0.0667455123716752
"OV90","baseline","target_restricted","SBS14",
"OV90","baseline","target_restricted","SBS15",-0.00495080933527289
"OV90","baseline","target_restricted","SBS20",
"OV90","baseline","target_restricted","SBS21",-0.0511206834717893
"OV90","baseline","target_restricted","SBS26",-0.0846935992653167
"OV90","baseline","target_restricted","SBS44",0.0130787364578322
"OV90","baseline","target_restricted","SBS10a",
"OV90","baseline","target_restricted","SBS10b",-0.083002370227956
"OV90","baseline","target_restricted","SBS10c",
"OV90","baseline","target_restricted","SBS10d",0.157966078406535
"OV90","baseline","target_restricted","SBS28",
"OV90","baseline","target_restricted","SBS2",0.0694599639820083
"OV90","baseline","target_restricted","SBS13",-0.0384756956787772
"OV90","baseline","target_restricted","SBS3",1
"OV90","baseline","target_restricted","SBS8",-0.191898829155972
"OV90","baseline","target_restricted","SBS17a",-0.066603789376167
"OV90","baseline","target_restricted","SBS17b",
"OV90","baseline","target_restricted","SBS18",0.137572050535011
"TOV81D","baseline","target_restricted","SBS1",0.0302335589317061
"TOV81D","baseline","target_restricted","SBS5",-0.366898983263572
"TOV81D","baseline","target_restricted","SBS40",-0.316011717064228
"TOV81D","baseline","target_restricted","SBS6",-0.0550336759830112
"TOV81D","baseline","target_restricted","SBS14",-0.056643760575897
"TOV81D","baseline","target_restricted","SBS15",-0.0616120023467062
"TOV81D","baseline","target_restricted","SBS20",-0.143441670330002
"TOV81D","baseline","target_restricted","SBS21",-0.0350094943478736
"TOV81D","baseline","target_restricted","SBS26",0.0437182755179784
"TOV81D","baseline","target_restricted","SBS44",0.0422425574807648
"TOV81D","baseline","target_restricted","SBS10a",0.0318832426361347
"TOV81D","baseline","target_restricted","SBS10b",0.00201705469389069
"TOV81D","baseline","target_restricted","SBS10c",
"TOV81D","baseline","target_restricted","SBS10d",
"TOV81D","baseline","target_restricted","SBS28",0.0391125995523323
"TOV81D","baseline","target_restricted","SBS2",-0.030395905504906
"TOV81D","baseline","target_restricted","SBS13",-0.152087544525618
"TOV81D","baseline","target_restricted","SBS3",1
"TOV81D","baseline","target_restricted","SBS8",-0.6807333425907
"TOV81D","baseline","target_restricted","SBS17a",
"TOV81D","baseline","target_restricted","SBS17b",
"TOV81D","baseline","target_restricted","SBS18",0.473001861929211
"TOV21G","baseline","target_restricted","SBS1",
"TOV21G","baseline","target_restricted","SBS5",
"TOV21G","baseline","target_restricted","SBS40",
"TOV21G","baseline","target_restricted","SBS6",
"TOV21G","baseline","target_restricted","SBS14",
"TOV21G","baseline","target_restricted","SBS15",
"TOV21G","baseline","target_restricted","SBS20",
"TOV21G","baseline","target_restricted","SBS21",
"TOV21G","baseline","target_restricted","SBS26",
"TOV21G","baseline","target_restricted","SBS44",
"TOV21G","baseline","target_restricted","SBS10a",
"TOV21G","baseline","target_restricted","SBS10b",
"TOV21G","baseline","target_restricted","SBS10c",
"TOV21G","baseline","target_restricted","SBS10d",
"TOV21G","baseline","target_restricted","SBS28",
"TOV21G","baseline","target_restricted","SBS2",
"TOV21G","baseline","target_restricted","SBS13",
"TOV21G","baseline","target_restricted","SBS3",
"TOV21G","baseline","target_restricted","SBS8",
"TOV21G","baseline","target_restricted","SBS17a",
"TOV21G","baseline","target_restricted","SBS17b",
"TOV21G","baseline","target_restricted","SBS18",
"TOV3392D","baseline","target_restricted","SBS1",-0.128254440868698
"TOV3392D","baseline","target_restricted","SBS5",-0.0248990153944234
"TOV3392D","baseline","target_restricted","SBS40",-0.272253834467083
"TOV3392D","baseline","target_restricted","SBS6",0.112267827181504
"TOV3392D","baseline","target_restricted","SBS14",0.0430357832321002
"TOV3392D","baseline","target_restricted","SBS15",-0.0520145685881939
"TOV3392D","baseline","target_restricted","SBS20",0.0458354108791367
"TOV3392D","baseline","target_restricted","SBS21",-0.0383583609758832
"TOV3392D","baseline","target_restricted","SBS26",0.209824652025268
"TOV3392D","baseline","target_restricted","SBS44",-0.0776344250906035
"TOV3392D","baseline","target_restricted","SBS10a",0.161792297773566
"TOV3392D","baseline","target_restricted","SBS10b",
"TOV3392D","baseline","target_restricted","SBS10c",-0.0222454516872543
"TOV3392D","baseline","target_restricted","SBS10d",
"TOV3392D","baseline","target_restricted","SBS28",0.0712346085473353
"TOV3392D","baseline","target_restricted","SBS2",0.252811148619689
"TOV3392D","baseline","target_restricted","SBS13",0.0761390828143367
"TOV3392D","baseline","target_restricted","SBS3",1
"TOV3392D","baseline","target_restricted","SBS8",-0.105156756694738
"TOV3392D","baseline","target_restricted","SBS17a",
"TOV3392D","baseline","target_restricted","SBS17b",
"TOV3392D","baseline","target_restricted","SBS18",0.122150691729409
"TOV112D","baseline","target_restricted","SBS1",
"TOV112D","baseline","target_restricted","SBS5",
"TOV112D","baseline","target_restricted","SBS40",
"TOV112D","baseline","target_restricted","SBS6",
"TOV112D","baseline","target_restricted","SBS14",
"TOV112D","baseline","target_restricted","SBS15",
"TOV112D","baseline","target_restricted","SBS20",
"TOV112D","baseline","target_restricted","SBS21",
"TOV112D","baseline","target_restricted","SBS26",
"TOV112D","baseline","target_restricted","SBS44",
"TOV112D","baseline","target_restricted","SBS10a",
"TOV112D","baseline","target_restricted","SBS10b",
"TOV112D","baseline","target_restricted","SBS10c",
"TOV112D","baseline","target_restricted","SBS10d",
"TOV112D","baseline","target_restricted","SBS28",
"TOV112D","baseline","target_restricted","SBS2",
"TOV112D","baseline","target_restricted","SBS13",
"TOV112D","baseline","target_restricted","SBS3",
"TOV112D","baseline","target_restricted","SBS8",
"TOV112D","baseline","target_restricted","SBS17a",
"TOV112D","baseline","target_restricted","SBS17b",
"TOV112D","baseline","target_restricted","SBS18",
"TOV2414","baseline","target_restricted","SBS1",-0.0704931138808442
"TOV2414","baseline","target_restricted","SBS5",-0.0349447415168523
"TOV2414","baseline","target_restricted","SBS40",-0.251545192047484
"TOV2414","baseline","target_restricted","SBS6",-0.0245966614624164
"TOV2414","baseline","target_restricted","SBS14",0.0117894579374136
"TOV2414","baseline","target_restricted","SBS15",-0.0487070867622482
"TOV2414","baseline","target_restricted","SBS20",-0.0463316897240049
"TOV2414","baseline","target_restricted","SBS21",
"TOV2414","baseline","target_restricted","SBS26",0.0114211291316221
"TOV2414","baseline","target_restricted","SBS44",0.0827651609752492
"TOV2414","baseline","target_restricted","SBS10a",0.119053932878026
"TOV2414","baseline","target_restricted","SBS10b",0.130659021120923
"TOV2414","baseline","target_restricted","SBS10c",
"TOV2414","baseline","target_restricted","SBS10d",-0.017516296808514
"TOV2414","baseline","target_restricted","SBS28",
"TOV2414","baseline","target_restricted","SBS2",0.122840067045085
"TOV2414","baseline","target_restricted","SBS13",
"TOV2414","baseline","target_restricted","SBS3",1
"TOV2414","baseline","target_restricted","SBS8",-0.0677427242097966
"TOV2414","baseline","target_restricted","SBS17a",
"TOV2414","baseline","target_restricted","SBS17b",
"TOV2414","baseline","target_restricted","SBS18",0.149374090949975
"OV1369-R2","rare_read_supported","target_restricted","SBS1",0.125280805416312
"OV1369-R2","rare_read_supported","target_restricted","SBS5",-0.224038490202176
"OV1369-R2","rare_read_supported","target_restricted","SBS40",-0.530576244217738
"OV1369-R2","rare_read_supported","target_restricted","SBS6",0.0323071420771274
"OV1369-R2","rare_read_supported","target_restricted","SBS14",-0.0108978981399288
"OV1369-R2","rare_read_supported","target_restricted","SBS15",-0.0109739974286604
"OV1369-R2","rare_read_supported","target_restricted","SBS20",
"OV1369-R2","rare_read_supported","target_restricted","SBS21",-0.0915009276225791
"OV1369-R2","rare_read_supported","target_restricted","SBS26",
"OV1369-R2","rare_read_supported","target_restricted","SBS44",0.036528472039687
"OV1369-R2","rare_read_supported","target_restricted","SBS10a",0.172538433814381
"OV1369-R2","rare_read_supported","target_restricted","SBS10b",0.190956562898455
"OV1369-R2","rare_read_supported","target_restricted","SBS10c",
"OV1369-R2","rare_read_supported","target_restricted","SBS10d",
"OV1369-R2","rare_read_supported","target_restricted","SBS28",0.0872728858696273
"OV1369-R2","rare_read_supported","target_restricted","SBS2",0.211892033080282
"OV1369-R2","rare_read_supported","target_restricted","SBS13",-0.00947128295628489
"OV1369-R2","rare_read_supported","target_restricted","SBS3",1
"OV1369-R2","rare_read_supported","target_restricted","SBS8",-0.296923910073857
"OV1369-R2","rare_read_supported","target_restricted","SBS17a",
"OV1369-R2","rare_read_supported","target_restricted","SBS17b",-0.0118519451935631
"OV1369-R2","rare_read_supported","target_restricted","SBS18",
"OV2085","rare_read_supported","target_restricted","SBS1",0.093214030711297
"OV2085","rare_read_supported","target_restricted","SBS5",-0.0718989266704405
"OV2085","rare_read_supported","target_restricted","SBS40",-0.702190714793219
"OV2085","rare_read_supported","target_restricted","SBS6",0.0341378021428566
"OV2085","rare_read_supported","target_restricted","SBS14",
"OV2085","rare_read_supported","target_restricted","SBS15",0.0517080529748997
"OV2085","rare_read_supported","target_restricted","SBS20",-0.0723065112139285
"OV2085","rare_read_supported","target_restricted","SBS21",
"OV2085","rare_read_supported","target_restricted","SBS26",-0.117975489670995
"OV2085","rare_read_supported","target_restricted","SBS44",0.0414311554937287
"OV2085","rare_read_supported","target_restricted","SBS10a",
"OV2085","rare_read_supported","target_restricted","SBS10b",0.0225660831748495
"OV2085","rare_read_supported","target_restricted","SBS10c",
"OV2085","rare_read_supported","target_restricted","SBS10d",
"OV2085","rare_read_supported","target_restricted","SBS28",0.27296824256907
"OV2085","rare_read_supported","target_restricted","SBS2",0.304078504490651
"OV2085","rare_read_supported","target_restricted","SBS13",
"OV2085","rare_read_supported","target_restricted","SBS3",1
"OV2085","rare_read_supported","target_restricted","SBS8",-0.0439438456066233
"OV2085","rare_read_supported","target_restricted","SBS17a",-0.0759294648963926
"OV2085","rare_read_supported","target_restricted","SBS17b",-0.0580252546112596
"OV2085","rare_read_supported","target_restricted","SBS18",0.153863582089916
"OV2295","rare_read_supported","target_restricted","SBS1",-0.072567921287101
"OV2295","rare_read_supported","target_restricted","SBS5",-0.195019291135472
"OV2295","rare_read_supported","target_restricted","SBS40",-0.797631014276619
"OV2295","rare_read_supported","target_restricted","SBS6",-0.0201985452357238
"OV2295","rare_read_supported","target_restricted","SBS14",
"OV2295","rare_read_supported","target_restricted","SBS15",0.0334042337084677
"OV2295","rare_read_supported","target_restricted","SBS20",
"OV2295","rare_read_supported","target_restricted","SBS21",0.0209025332867316
"OV2295","rare_read_supported","target_restricted","SBS26",-0.0547355196753477
"OV2295","rare_read_supported","target_restricted","SBS44",0.0585255723928157
"OV2295","rare_read_supported","target_restricted","SBS10a",0.049554268537786
"OV2295","rare_read_supported","target_restricted","SBS10b",0.101811606937326
"OV2295","rare_read_supported","target_restricted","SBS10c",
"OV2295","rare_read_supported","target_restricted","SBS10d",0.126295059473938
"OV2295","rare_read_supported","target_restricted","SBS28",0.0666830277351992
"OV2295","rare_read_supported","target_restricted","SBS2",0.440359046055397
"OV2295","rare_read_supported","target_restricted","SBS13",0.041019036403041
"OV2295","rare_read_supported","target_restricted","SBS3",1
"OV2295","rare_read_supported","target_restricted","SBS8",-0.118372372302843
"OV2295","rare_read_supported","target_restricted","SBS17a",-0.0321587623693842
"OV2295","rare_read_supported","target_restricted","SBS17b",0.0200467134949585
"OV2295","rare_read_supported","target_restricted","SBS18",-0.0230281639126184
"OV2295-R2","rare_read_supported","target_restricted","SBS1",0.0873325460780415
"OV2295-R2","rare_read_supported","target_restricted","SBS5",-0.247930432761868
"OV2295-R2","rare_read_supported","target_restricted","SBS40",-0.753471081638169
"OV2295-R2","rare_read_supported","target_restricted","SBS6",0.0341683166321097
"OV2295-R2","rare_read_supported","target_restricted","SBS14",
"OV2295-R2","rare_read_supported","target_restricted","SBS15",0.127976991947384
"OV2295-R2","rare_read_supported","target_restricted","SBS20",
"OV2295-R2","rare_read_supported","target_restricted","SBS21",0.0429861847398808
"OV2295-R2","rare_read_supported","target_restricted","SBS26",0.0143685924969379
"OV2295-R2","rare_read_supported","target_restricted","SBS44",-0.0417380498932795
"OV2295-R2","rare_read_supported","target_restricted","SBS10a",0.0493184789126903
"OV2295-R2","rare_read_supported","target_restricted","SBS10b",-0.0563174899714521
"OV2295-R2","rare_read_supported","target_restricted","SBS10c",
"OV2295-R2","rare_read_supported","target_restricted","SBS10d",
"OV2295-R2","rare_read_supported","target_restricted","SBS28",
"OV2295-R2","rare_read_supported","target_restricted","SBS2",0.371691510968023
"OV2295-R2","rare_read_supported","target_restricted","SBS13",0.0768541541197093
"OV2295-R2","rare_read_supported","target_restricted","SBS3",1
"OV2295-R2","rare_read_supported","target_restricted","SBS8",
"OV2295-R2","rare_read_supported","target_restricted","SBS17a",0.130300383445984
"OV2295-R2","rare_read_supported","target_restricted","SBS17b",
"OV2295-R2","rare_read_supported","target_restricted","SBS18",0.0536919586348322
"OV3133-R","rare_read_supported","target_restricted","SBS1",-0.0210099140104413
"OV3133-R","rare_read_supported","target_restricted","SBS5",-0.211581656026764
"OV3133-R","rare_read_supported","target_restricted","SBS40",-0.490578424578607
"OV3133-R","rare_read_supported","target_restricted","SBS6",0.0602087944918774
"OV3133-R","rare_read_supported","target_restricted","SBS14",-0.00437792199270128
"OV3133-R","rare_read_supported","target_restricted","SBS15",0.168067339434672
"OV3133-R","rare_read_supported","target_restricted","SBS20",-0.053037430305073
"OV3133-R","rare_read_supported","target_restricted","SBS21",-0.0412345561117305
"OV3133-R","rare_read_supported","target_restricted","SBS26",-0.0588347811824622
"OV3133-R","rare_read_supported","target_restricted","SBS44",0.100052985484413
"OV3133-R","rare_read_supported","target_restricted","SBS10a",0.104786290988014
"OV3133-R","rare_read_supported","target_restricted","SBS10b",
"OV3133-R","rare_read_supported","target_restricted","SBS10c",0.202573735767686
"OV3133-R","rare_read_supported","target_restricted","SBS10d",-0.0327234577673812
"OV3133-R","rare_read_supported","target_restricted","SBS28",0.174087024841049
"OV3133-R","rare_read_supported","target_restricted","SBS2",0.375941259829781
"OV3133-R","rare_read_supported","target_restricted","SBS13",0.00483805643167621
"OV3133-R","rare_read_supported","target_restricted","SBS3",1
"OV3133-R","rare_read_supported","target_restricted","SBS8",-0.0199496803148154
"OV3133-R","rare_read_supported","target_restricted","SBS17a",0.0167358080422972
"OV3133-R","rare_read_supported","target_restricted","SBS17b",
"OV3133-R","rare_read_supported","target_restricted","SBS18",-0.0327780044030495
"OV3133-R2","rare_read_supported","target_restricted","SBS1",0.090046050898671
"OV3133-R2","rare_read_supported","target_restricted","SBS5",-0.173104183277663
"OV3133-R2","rare_read_supported","target_restricted","SBS40",-0.617886318277454
"OV3133-R2","rare_read_supported","target_restricted","SBS6",0.0259953142533405
"OV3133-R2","rare_read_supported","target_restricted","SBS14",0.03226187008242
"OV3133-R2","rare_read_supported","target_restricted","SBS15",
"OV3133-R2","rare_read_supported","target_restricted","SBS20",-0.124557181033545
"OV3133-R2","rare_read_supported","target_restricted","SBS21",-0.0662179995188237
"OV3133-R2","rare_read_supported","target_restricted","SBS26",-0.0175263846598578
"OV3133-R2","rare_read_supported","target_restricted","SBS44",0.0751091166923438
"OV3133-R2","rare_read_supported","target_restricted","SBS10a",0.144768128533443
"OV3133-R2","rare_read_supported","target_restricted","SBS10b",
"OV3133-R2","rare_read_supported","target_restricted","SBS10c",0.00160084431245549
"OV3133-R2","rare_read_supported","target_restricted","SBS10d",-0.0136352358731929
"OV3133-R2","rare_read_supported","target_restricted","SBS28",0.13850128140081
"OV3133-R2","rare_read_supported","target_restricted","SBS2",0.165401887468309
"OV3133-R2","rare_read_supported","target_restricted","SBS13",0.0671927265469919
"OV3133-R2","rare_read_supported","target_restricted","SBS3",1
"OV3133-R2","rare_read_supported","target_restricted","SBS8",-0.131989462956036
"OV3133-R2","rare_read_supported","target_restricted","SBS17a",-0.0680538400200234
"OV3133-R2","rare_read_supported","target_restricted","SBS17b",
"OV3133-R2","rare_read_supported","target_restricted","SBS18",0.0744358552090763
"OV3291","rare_read_supported","target_restricted","SBS1",0.104753762493186
"OV3291","rare_read_supported","target_restricted","SBS5",-0.11578173461433
"OV3291","rare_read_supported","target_restricted","SBS40",-0.786770512222915
"OV3291","rare_read_supported","target_restricted","SBS6",0.0574451663009098
"OV3291","rare_read_supported","target_restricted","SBS14",0.0240014617441653
"OV3291","rare_read_supported","target_restricted","SBS15",0.00676995860236456
"OV3291","rare_read_supported","target_restricted","SBS20",0.0249976410587779
"OV3291","rare_read_supported","target_restricted","SBS21",-0.0322400662870233
"OV3291","rare_read_supported","target_restricted","SBS26",0.0882531118447986
"OV3291","rare_read_supported","target_restricted","SBS44",-0.0553349487560332
"OV3291","rare_read_supported","target_restricted","SBS10a",0.144112898272119
"OV3291","rare_read_supported","target_restricted","SBS10b",0.129657615049617
"OV3291","rare_read_supported","target_restricted","SBS10c",0.0932091714133745
"OV3291","rare_read_supported","target_restricted","SBS10d",-0.117973881898478
"OV3291","rare_read_supported","target_restricted","SBS28",0.0253687443915134
"OV3291","rare_read_supported","target_restricted","SBS2",0.260773949864946
"OV3291","rare_read_supported","target_restricted","SBS13",0.0612682666614346
"OV3291","rare_read_supported","target_restricted","SBS3",1
"OV3291","rare_read_supported","target_restricted","SBS8",0.00495805187716112
"OV3291","rare_read_supported","target_restricted","SBS17a",-0.0739362212956107
"OV3291","rare_read_supported","target_restricted","SBS17b",0.116235442624369
"OV3291","rare_read_supported","target_restricted","SBS18",
"TOV1369","rare_read_supported","target_restricted","SBS1",0.0675505793322883
"TOV1369","rare_read_supported","target_restricted","SBS5",-0.2965262991058
"TOV1369","rare_read_supported","target_restricted","SBS40",-0.48600248455415
"TOV1369","rare_read_supported","target_restricted","SBS6",0.140888032655832
"TOV1369","rare_read_supported","target_restricted","SBS14",
"TOV1369","rare_read_supported","target_restricted","SBS15",-0.0833632574013843
"TOV1369","rare_read_supported","target_restricted","SBS20",
"TOV1369","rare_read_supported","target_restricted","SBS21",-0.107106418624494
"TOV1369","rare_read_supported","target_restricted","SBS26",
"TOV1369","rare_read_supported","target_restricted","SBS44",-0.000546755876770719
"TOV1369","rare_read_supported","target_restricted","SBS10a",
"TOV1369","rare_read_supported","target_restricted","SBS10b",0.0266227656347635
"TOV1369","rare_read_supported","target_restricted","SBS10c",
"TOV1369","rare_read_supported","target_restricted","SBS10d",0.0533429927346186
"TOV1369","rare_read_supported","target_restricted","SBS28",
"TOV1369","rare_read_supported","target_restricted","SBS2",0.288844770180412
"TOV1369","rare_read_supported","target_restricted","SBS13",-0.201905823105192
"TOV1369","rare_read_supported","target_restricted","SBS3",1
"TOV1369","rare_read_supported","target_restricted","SBS8",-0.366682812475009
"TOV1369","rare_read_supported","target_restricted","SBS17a",
"TOV1369","rare_read_supported","target_restricted","SBS17b",
"TOV1369","rare_read_supported","target_restricted","SBS18",
"TOV2295-R","rare_read_supported","target_restricted","SBS1",0.0271326599391345
"TOV2295-R","rare_read_supported","target_restricted","SBS5",-0.103790945948294
"TOV2295-R","rare_read_supported","target_restricted","SBS40",-0.823949801620545
"TOV2295-R","rare_read_supported","target_restricted","SBS6",
"TOV2295-R","rare_read_supported","target_restricted","SBS14",
"TOV2295-R","rare_read_supported","target_restricted","SBS15",-0.0255980794268131
"TOV2295-R","rare_read_supported","target_restricted","SBS20",
"TOV2295-R","rare_read_supported","target_restricted","SBS21",-0.0816660194971745
"TOV2295-R","rare_read_supported","target_restricted","SBS26",0.0358255021203088
"TOV2295-R","rare_read_supported","target_restricted","SBS44",-0.114481956385625
"TOV2295-R","rare_read_supported","target_restricted","SBS10a",
"TOV2295-R","rare_read_supported","target_restricted","SBS10b",0.0675928386635378
"TOV2295-R","rare_read_supported","target_restricted","SBS10c",
"TOV2295-R","rare_read_supported","target_restricted","SBS10d",-0.0285104165446207
"TOV2295-R","rare_read_supported","target_restricted","SBS28",
"TOV2295-R","rare_read_supported","target_restricted","SBS2",0.264372895012111
"TOV2295-R","rare_read_supported","target_restricted","SBS13",0.0134841325516254
"TOV2295-R","rare_read_supported","target_restricted","SBS3",1
"TOV2295-R","rare_read_supported","target_restricted","SBS8",-0.0802657443430159
"TOV2295-R","rare_read_supported","target_restricted","SBS17a",
"TOV2295-R","rare_read_supported","target_restricted","SBS17b",
"TOV2295-R","rare_read_supported","target_restricted","SBS18",0.270648254987263
"TOV2835EP","rare_read_supported","target_restricted","SBS1",0.114469289023168
"TOV2835EP","rare_read_supported","target_restricted","SBS5",-0.298335666617439
"TOV2835EP","rare_read_supported","target_restricted","SBS40",-0.400571657797254
"TOV2835EP","rare_read_supported","target_restricted","SBS6",-0.00277230721213723
"TOV2835EP","rare_read_supported","target_restricted","SBS14",-0.0789301029274833
"TOV2835EP","rare_read_supported","target_restricted","SBS15",0.0916557488407542
"TOV2835EP","rare_read_supported","target_restricted","SBS20",
"TOV2835EP","rare_read_supported","target_restricted","SBS21",-0.0215278249820288
"TOV2835EP","rare_read_supported","target_restricted","SBS26",
"TOV2835EP","rare_read_supported","target_restricted","SBS44",0.0121991977402846
"TOV2835EP","rare_read_supported","target_restricted","SBS10a",0.215846985607997
"TOV2835EP","rare_read_supported","target_restricted","SBS10b",0.00253730274133691
"TOV2835EP","rare_read_supported","target_restricted","SBS10c",
"TOV2835EP","rare_read_supported","target_restricted","SBS10d",-0.0475042551134742
"TOV2835EP","rare_read_supported","target_restricted","SBS28",
"TOV2835EP","rare_read_supported","target_restricted","SBS2",0.318964613925641
"TOV2835EP","rare_read_supported","target_restricted","SBS13",0.0465593420876525
"TOV2835EP","rare_read_supported","target_restricted","SBS3",1
"TOV2835EP","rare_read_supported","target_restricted","SBS8",-0.150530524600915
"TOV2835EP","rare_read_supported","target_restricted","SBS17a",
"TOV2835EP","rare_read_supported","target_restricted","SBS17b",0.0878587372508338
"TOV2835EP","rare_read_supported","target_restricted","SBS18",-0.101106950661133
"TOV2881EP","rare_read_supported","target_restricted","SBS1",-0.12378658983078
"TOV2881EP","rare_read_supported","target_restricted","SBS5",0.0377111687817143
"TOV2881EP","rare_read_supported","target_restricted","SBS40",-0.580339795579085
"TOV2881EP","rare_read_supported","target_restricted","SBS6",-0.0741918071944883
"TOV2881EP","rare_read_supported","target_restricted","SBS14",-0.026536384607505
"TOV2881EP","rare_read_supported","target_restricted","SBS15",-0.00085489751255806
"TOV2881EP","rare_read_supported","target_restricted","SBS20",-0.00527116291160728
"TOV2881EP","rare_read_supported","target_restricted","SBS21",-0.185355597273245
"TOV2881EP","rare_read_supported","target_restricted","SBS26",-0.0631508689232032
"TOV2881EP","rare_read_supported","target_restricted","SBS44",-0.0400552470103523
"TOV2881EP","rare_read_supported","target_restricted","SBS10a",-0.0336364412838368
"TOV2881EP","rare_read_supported","target_restricted","SBS10b",
"TOV2881EP","rare_read_supported","target_restricted","SBS10c",0.100003780104235
"TOV2881EP","rare_read_supported","target_restricted","SBS10d",0.181871560769815
"TOV2881EP","rare_read_supported","target_restricted","SBS28",0.0769215317651122
"TOV2881EP","rare_read_supported","target_restricted","SBS2",0.254694870890212
"TOV2881EP","rare_read_supported","target_restricted","SBS13",-0.0296933774146828
"TOV2881EP","rare_read_supported","target_restricted","SBS3",1
"TOV2881EP","rare_read_supported","target_restricted","SBS8",-0.307883175880139
"TOV2881EP","rare_read_supported","target_restricted","SBS17a",-0.0265638166996205
"TOV2881EP","rare_read_supported","target_restricted","SBS17b",-0.0455677643414916
"TOV2881EP","rare_read_supported","target_restricted","SBS18",-0.037339020179956
"TOV2929D","rare_read_supported","target_restricted","SBS1",-0.00929042801518055
"TOV2929D","rare_read_supported","target_restricted","SBS5",-0.246021541451206
"TOV2929D","rare_read_supported","target_restricted","SBS40",-0.727901574722896
"TOV2929D","rare_read_supported","target_restricted","SBS6",
"TOV2929D","rare_read_supported","target_restricted","SBS14",-0.114229239483641
"TOV2929D","rare_read_supported","target_restricted","SBS15",0.124381686319166
"TOV2929D","rare_read_supported","target_restricted","SBS20",-0.0258443012295968
"TOV2929D","rare_read_supported","target_restricted","SBS21",-0.00667154837707558
"TOV2929D","rare_read_supported","target_restricted","SBS26",0.153404829120784
"TOV2929D","rare_read_supported","target_restricted","SBS44",0.117153712362627
"TOV2929D","rare_read_supported","target_restricted","SBS10a",0.116839940957203
"TOV2929D","rare_read_supported","target_restricted","SBS10b",0.0746494410197093
"TOV2929D","rare_read_supported","target_restricted","SBS10c",0.0146658226871144
"TOV2929D","rare_read_supported","target_restricted","SBS10d",0.166891706063509
"TOV2929D","rare_read_supported","target_restricted","SBS28",
"TOV2929D","rare_read_supported","target_restricted","SBS2",0.425030846177927
"TOV2929D","rare_read_supported","target_restricted","SBS13",0.0365440165830138
"TOV2929D","rare_read_supported","target_restricted","SBS3",1
"TOV2929D","rare_read_supported","target_restricted","SBS8",0.00922775198079594
"TOV2929D","rare_read_supported","target_restricted","SBS17a",-0.0979066416966362
"TOV2929D","rare_read_supported","target_restricted","SBS17b",
"TOV2929D","rare_read_supported","target_restricted","SBS18",0.231236017397968
"TOV3121D","rare_read_supported","target_restricted","SBS1",0.0554727653122678
"TOV3121D","rare_read_supported","target_restricted","SBS5",-0.16810144217545
"TOV3121D","rare_read_supported","target_restricted","SBS40",-0.500916613275466
"TOV3121D","rare_read_supported","target_restricted","SBS6",0.076832868985132
"TOV3121D","rare_read_supported","target_restricted","SBS14",0.136989717500101
"TOV3121D","rare_read_supported","target_restricted","SBS15",0.0238998737274622
"TOV3121D","rare_read_supported","target_restricted","SBS20",-0.0935921033465025
"TOV3121D","rare_read_supported","target_restricted","SBS21",-0.0247312645048108
"TOV3121D","rare_read_supported","target_restricted","SBS26",0.00506641645870347
"TOV3121D","rare_read_supported","target_restricted","SBS44",-0.127659304255884
"TOV3121D","rare_read_supported","target_restricted","SBS10a",0.059439330600609
"TOV3121D","rare_read_supported","target_restricted","SBS10b",
"TOV3121D","rare_read_supported","target_restricted","SBS10c",0.159186902011204
"TOV3121D","rare_read_supported","target_restricted","SBS10d",0.0685191808702641
"TOV3121D","rare_read_supported","target_restricted","SBS28",
"TOV3121D","rare_read_supported","target_restricted","SBS2",0.316805394739106
"TOV3121D","rare_read_supported","target_restricted","SBS13",-0.024415867150004
"TOV3121D","rare_read_supported","target_restricted","SBS3",1
"TOV3121D","rare_read_supported","target_restricted","SBS8",-0.113845370672916
"TOV3121D","rare_read_supported","target_restricted","SBS17a",-0.0464510251612636
"TOV3121D","rare_read_supported","target_restricted","SBS17b",
"TOV3121D","rare_read_supported","target_restricted","SBS18",0.0371115188867221
"TOV3121EP","rare_read_supported","target_restricted","SBS1",-0.0559021122382944
"TOV3121EP","rare_read_supported","target_restricted","SBS5",-0.157929400896532
"TOV3121EP","rare_read_supported","target_restricted","SBS40",-0.377870627003448
"TOV3121EP","rare_read_supported","target_restricted","SBS6",-0.00694079302659506
"TOV3121EP","rare_read_supported","target_restricted","SBS14",
"TOV3121EP","rare_read_supported","target_restricted","SBS15",0.169854381361691
"TOV3121EP","rare_read_supported","target_restricted","SBS20",-0.113471625439702
"TOV3121EP","rare_read_supported","target_restricted","SBS21",-0.075329312120217
"TOV3121EP","rare_read_supported","target_restricted","SBS26",-0.160546724932571
"TOV3121EP","rare_read_supported","target_restricted","SBS44",0.119504164642149
"TOV3121EP","rare_read_supported","target_restricted","SBS10a",0.106674681202351
"TOV3121EP","rare_read_supported","target_restricted","SBS10b",0.067746603594574
"TOV3121EP","rare_read_supported","target_restricted","SBS10c",-0.0255981520327517
"TOV3121EP","rare_read_supported","target_restricted","SBS10d",-0.0643132968638781
"TOV3121EP","rare_read_supported","target_restricted","SBS28",
"TOV3121EP","rare_read_supported","target_restricted","SBS2",0.223359965677868
"TOV3121EP","rare_read_supported","target_restricted","SBS13",-0.154593120620018
"TOV3121EP","rare_read_supported","target_restricted","SBS3",1
"TOV3121EP","rare_read_supported","target_restricted","SBS8",-0.186277790134775
"TOV3121EP","rare_read_supported","target_restricted","SBS17a",0.158815764252404
"TOV3121EP","rare_read_supported","target_restricted","SBS17b",
"TOV3121EP","rare_read_supported","target_restricted","SBS18",
"TOV3133D","rare_read_supported","target_restricted","SBS1",0.0376298574620309
"TOV3133D","rare_read_supported","target_restricted","SBS5",-0.189513480374786
"TOV3133D","rare_read_supported","target_restricted","SBS40",-0.756597491971158
"TOV3133D","rare_read_supported","target_restricted","SBS6",0.0522838351508955
"TOV3133D","rare_read_supported","target_restricted","SBS14",0.08133589758332
"TOV3133D","rare_read_supported","target_restricted","SBS15",0.0968293815677101
"TOV3133D","rare_read_supported","target_restricted","SBS20",-0.0642569514950913
"TOV3133D","rare_read_supported","target_restricted","SBS21",-0.105681425011314
"TOV3133D","rare_read_supported","target_restricted","SBS26",0.0431196760590115
"TOV3133D","rare_read_supported","target_restricted","SBS44",-0.0441229029410164
"TOV3133D","rare_read_supported","target_restricted","SBS10a",0.0590916960557057
"TOV3133D","rare_read_supported","target_restricted","SBS10b",
"TOV3133D","rare_read_supported","target_restricted","SBS10c",
"TOV3133D","rare_read_supported","target_restricted","SBS10d",0.0967406398143128
"TOV3133D","rare_read_supported","target_restricted","SBS28",
"TOV3133D","rare_read_supported","target_restricted","SBS2",0.155737802393685
"TOV3133D","rare_read_supported","target_restricted","SBS13",-0.0097797146627029
"TOV3133D","rare_read_supported","target_restricted","SBS3",1
"TOV3133D","rare_read_supported","target_restricted","SBS8",0.00049465790991253
"TOV3133D","rare_read_supported","target_restricted","SBS17a",0.0286095483336904
"TOV3133D","rare_read_supported","target_restricted","SBS17b",
"TOV3133D","rare_read_supported","target_restricted","SBS18",0.0994625950104621
"TOV3133G","rare_read_supported","target_restricted","SBS1",0.067578525125299
"TOV3133G","rare_read_supported","target_restricted","SBS5",-0.288887720434292
"TOV3133G","rare_read_supported","target_restricted","SBS40",-0.604545876492478
"TOV3133G","rare_read_supported","target_restricted","SBS6",0.0915773386102487
"TOV3133G","rare_read_supported","target_restricted","SBS14",0.0298915173194402
"TOV3133G","rare_read_supported","target_restricted","SBS15",0.0615377753560679
"TOV3133G","rare_read_supported","target_restricted","SBS20",0.0102200782583186
"TOV3133G","rare_read_supported","target_restricted","SBS21",-0.0599415716948786
"TOV3133G","rare_read_supported","target_restricted","SBS26",0.104745383607588
"TOV3133G","rare_read_supported","target_restricted","SBS44",0.0517336861535437
"TOV3133G","rare_read_supported","target_restricted","SBS10a",0.184544985020157
"TOV3133G","rare_read_supported","target_restricted","SBS10b",
"TOV3133G","rare_read_supported","target_restricted","SBS10c",0.0481280931377961
"TOV3133G","rare_read_supported","target_restricted","SBS10d",-0.0329679955638991
"TOV3133G","rare_read_supported","target_restricted","SBS28",
"TOV3133G","rare_read_supported","target_restricted","SBS2",0.23279593349123
"TOV3133G","rare_read_supported","target_restricted","SBS13",-0.0135297566482991
"TOV3133G","rare_read_supported","target_restricted","SBS3",1
"TOV3133G","rare_read_supported","target_restricted","SBS8",-0.0507914654146072
"TOV3133G","rare_read_supported","target_restricted","SBS17a",-0.0250549190822299
"TOV3133G","rare_read_supported","target_restricted","SBS17b",
"TOV3133G","rare_read_supported","target_restricted","SBS18",0.0171462681062893
"OV3331","rare_read_supported","target_restricted","SBS1",0.301356259925957
"OV3331","rare_read_supported","target_restricted","SBS5",-0.482808987472049
"OV3331","rare_read_supported","target_restricted","SBS40",-0.450140599240467
"OV3331","rare_read_supported","target_restricted","SBS6",0.0454818565282146
"OV3331","rare_read_supported","target_restricted","SBS14",
"OV3331","rare_read_supported","target_restricted","SBS15",-0.108693617137023
"OV3331","rare_read_supported","target_restricted","SBS20",
"OV3331","rare_read_supported","target_restricted","SBS21",-0.0338584917663002
"OV3331","rare_read_supported","target_restricted","SBS26",0.0234442005806041
"OV3331","rare_read_supported","target_restricted","SBS44",
"OV3331","rare_read_supported","target_restricted","SBS10a",0.099033469770373
"OV3331","rare_read_supported","target_restricted","SBS10b",-0.00398237648284814
"OV3331","rare_read_supported","target_restricted","SBS10c",
"OV3331","rare_read_supported","target_restricted","SBS10d",0.0157327021133407
"OV3331","rare_read_supported","target_restricted","SBS28",
"OV3331","rare_read_supported","target_restricted","SBS2",0.178208093766062
"OV3331","rare_read_supported","target_restricted","SBS13",-0.0480854392749741
"OV3331","rare_read_supported","target_restricted","SBS3",1
"OV3331","rare_read_supported","target_restricted","SBS8",-0.41160628215286
"OV3331","rare_read_supported","target_restricted","SBS17a",-0.0642494949134164
"OV3331","rare_read_supported","target_restricted","SBS17b",
"OV3331","rare_read_supported","target_restricted","SBS18",0.0861854650827315
"OV90","rare_read_supported","target_restricted","SBS1",0.183067810081736
"OV90","rare_read_supported","target_restricted","SBS5",-0.160583232639618
"OV90","rare_read_supported","target_restricted","SBS40",-0.684635252333466
"OV90","rare_read_supported","target_restricted","SBS6",
"OV90","rare_read_supported","target_restricted","SBS14",
"OV90","rare_read_supported","target_restricted","SBS15",-0.0632502806865329
"OV90","rare_read_supported","target_restricted","SBS20",
"OV90","rare_read_supported","target_restricted","SBS21",0.00788111616718923
"OV90","rare_read_supported","target_restricted","SBS26",-0.0268455866242964
"OV90","rare_read_supported","target_restricted","SBS44",0.0144658928338609
"OV90","rare_read_supported","target_restricted","SBS10a",
"OV90","rare_read_supported","target_restricted","SBS10b",-0.00733497965841643
"OV90","rare_read_supported","target_restricted","SBS10c",0.153872450271569
"OV90","rare_read_supported","target_restricted","SBS10d",0.0850784333310236
"OV90","rare_read_supported","target_restricted","SBS28",0.173796966554407
"OV90","rare_read_supported","target_restricted","SBS2",0.357693054063676
"OV90","rare_read_supported","target_restricted","SBS13",-0.00222945344544881
"OV90","rare_read_supported","target_restricted","SBS3",1
"OV90","rare_read_supported","target_restricted","SBS8",0.0649733772662016
"OV90","rare_read_supported","target_restricted","SBS17a",
"OV90","rare_read_supported","target_restricted","SBS17b",0.1319200825455
"OV90","rare_read_supported","target_restricted","SBS18",
"TOV81D","rare_read_supported","target_restricted","SBS1",
"TOV81D","rare_read_supported","target_restricted","SBS5",-0.288581452126569
"TOV81D","rare_read_supported","target_restricted","SBS40",-0.786237585924544
"TOV81D","rare_read_supported","target_restricted","SBS6",
"TOV81D","rare_read_supported","target_restricted","SBS14",0.0178243432462732
"TOV81D","rare_read_supported","target_restricted","SBS15",
"TOV81D","rare_read_supported","target_restricted","SBS20",-0.00766294214334976
"TOV81D","rare_read_supported","target_restricted","SBS21",0.0450902048238452
"TOV81D","rare_read_supported","target_restricted","SBS26",0.0855149136168264
"TOV81D","rare_read_supported","target_restricted","SBS44",0.130761797117167
"TOV81D","rare_read_supported","target_restricted","SBS10a",0.127048869147566
"TOV81D","rare_read_supported","target_restricted","SBS10b",0.299078405183863
"TOV81D","rare_read_supported","target_restricted","SBS10c",
"TOV81D","rare_read_supported","target_restricted","SBS10d",-0.0830937211611665
"TOV81D","rare_read_supported","target_restricted","SBS28",0.0410988910150773
"TOV81D","rare_read_supported","target_restricted","SBS2",
"TOV81D","rare_read_supported","target_restricted","SBS13",0.0267582414810328
"TOV81D","rare_read_supported","target_restricted","SBS3",1
"TOV81D","rare_read_supported","target_restricted","SBS8",0.102274189576114
"TOV81D","rare_read_supported","target_restricted","SBS17a",-0.0677668052673982
"TOV81D","rare_read_supported","target_restricted","SBS17b",-0.048877704992385
"TOV81D","rare_read_supported","target_restricted","SBS18",-0.0761844567100076
"TOV21G","rare_read_supported","target_restricted","SBS1",
"TOV21G","rare_read_supported","target_restricted","SBS5",
"TOV21G","rare_read_supported","target_restricted","SBS40",
"TOV21G","rare_read_supported","target_restricted","SBS6",
"TOV21G","rare_read_supported","target_restricted","SBS14",
"TOV21G","rare_read_supported","target_restricted","SBS15",
"TOV21G","rare_read_supported","target_restricted","SBS20",
"TOV21G","rare_read_supported","target_restricted","SBS21",
"TOV21G","rare_read_supported","target_restricted","SBS26",
"TOV21G","rare_read_supported","target_restricted","SBS44",
"TOV21G","rare_read_supported","target_restricted","SBS10a",
"TOV21G","rare_read_supported","target_restricted","SBS10b",
"TOV21G","rare_read_supported","target_restricted","SBS10c",
"TOV21G","rare_read_supported","target_restricted","SBS10d",
"TOV21G","rare_read_supported","target_restricted","SBS28",
"TOV21G","rare_read_supported","target_restricted","SBS2",
"TOV21G","rare_read_supported","target_restricted","SBS13",
"TOV21G","rare_read_supported","target_restricted","SBS3",
"TOV21G","rare_read_supported","target_restricted","SBS8",
"TOV21G","rare_read_supported","target_restricted","SBS17a",
"TOV21G","rare_read_supported","target_restricted","SBS17b",
"TOV21G","rare_read_supported","target_restricted","SBS18",
"TOV3392D","rare_read_supported","target_restricted","SBS1",0.0229063884448243
"TOV3392D","rare_read_supported","target_restricted","SBS5",0.018191556096417
"TOV3392D","rare_read_supported","target_restricted","SBS40",-0.470712834926064
"TOV3392D","rare_read_supported","target_restricted","SBS6",-0.0540722639882293
"TOV3392D","rare_read_supported","target_restricted","SBS14",0.0615308368118128
"TOV3392D","rare_read_supported","target_restricted","SBS15",0.0199907275518612
"TOV3392D","rare_read_supported","target_restricted","SBS20",0.000676439699763297
"TOV3392D","rare_read_supported","target_restricted","SBS21",-0.0568691838935732
"TOV3392D","rare_read_supported","target_restricted","SBS26",-0.0452037929021634
"TOV3392D","rare_read_supported","target_restricted","SBS44",0.0168631852790362
"TOV3392D","rare_read_supported","target_restricted","SBS10a",0.0517855654271474
"TOV3392D","rare_read_supported","target_restricted","SBS10b",0.0525561334614534
"TOV3392D","rare_read_supported","target_restricted","SBS10c",
"TOV3392D","rare_read_supported","target_restricted","SBS10d",-0.0879056156627911
"TOV3392D","rare_read_supported","target_restricted","SBS28",0.13518266471562
"TOV3392D","rare_read_supported","target_restricted","SBS2",0.194326203641917
"TOV3392D","rare_read_supported","target_restricted","SBS13",0.0998680670699248
"TOV3392D","rare_read_supported","target_restricted","SBS3",1
"TOV3392D","rare_read_supported","target_restricted","SBS8",
"TOV3392D","rare_read_supported","target_restricted","SBS17a",0.105957793593621
"TOV3392D","rare_read_supported","target_restricted","SBS17b",-0.0466335716457793
"TOV3392D","rare_read_supported","target_restricted","SBS18",-0.0641610237173557
"TOV112D","rare_read_supported","target_restricted","SBS1",
"TOV112D","rare_read_supported","target_restricted","SBS5",
"TOV112D","rare_read_supported","target_restricted","SBS40",
"TOV112D","rare_read_supported","target_restricted","SBS6",
"TOV112D","rare_read_supported","target_restricted","SBS14",
"TOV112D","rare_read_supported","target_restricted","SBS15",
"TOV112D","rare_read_supported","target_restricted","SBS20",
"TOV112D","rare_read_supported","target_restricted","SBS21",
"TOV112D","rare_read_supported","target_restricted","SBS26",
"TOV112D","rare_read_supported","target_restricted","SBS44",
"TOV112D","rare_read_supported","target_restricted","SBS10a",
"TOV112D","rare_read_supported","target_restricted","SBS10b",
"TOV112D","rare_read_supported","target_restricted","SBS10c",
"TOV112D","rare_read_supported","target_restricted","SBS10d",
"TOV112D","rare_read_supported","target_restricted","SBS28",
"TOV112D","rare_read_supported","target_restricted","SBS2",
"TOV112D","rare_read_supported","target_restricted","SBS13",
"TOV112D","rare_read_supported","target_restricted","SBS3",
"TOV112D","rare_read_supported","target_restricted","SBS8",
"TOV112D","rare_read_supported","target_restricted","SBS17a",
"TOV112D","rare_read_supported","target_restricted","SBS17b",
"TOV112D","rare_read_supported","target_restricted","SBS18",
"TOV2414","rare_read_supported","target_restricted","SBS1",0.0297597581029075
"TOV2414","rare_read_supported","target_restricted","SBS5",-0.139942852053328
"TOV2414","rare_read_supported","target_restricted","SBS40",-0.287177242314398
"TOV2414","rare_read_supported","target_restricted","SBS6",-0.018089362421801
"TOV2414","rare_read_supported","target_restricted","SBS14",0.106617636343939
"TOV2414","rare_read_supported","target_restricted","SBS15",-0.0632495790934409
"TOV2414","rare_read_supported","target_restricted","SBS20",0.0114580285680327
"TOV2414","rare_read_supported","target_restricted","SBS21",-0.0990555103916668
"TOV2414","rare_read_supported","target_restricted","SBS26",-0.0344642533477235
"TOV2414","rare_read_supported","target_restricted","SBS44",0.162479844789633
"TOV2414","rare_read_supported","target_restricted","SBS10a",-0.0331849984214192
"TOV2414","rare_read_supported","target_restricted","SBS10b",-0.0461258436820959
"TOV2414","rare_read_supported","target_restricted","SBS10c",-0.0446019606688305
"TOV2414","rare_read_supported","target_restricted","SBS10d",-0.0244840195434084
"TOV2414","rare_read_supported","target_restricted","SBS28",0.0459245074850099
"TOV2414","rare_read_supported","target_restricted","SBS2",0.230865651381817
"TOV2414","rare_read_supported","target_restricted","SBS13",-0.0573804001556212
"TOV2414","rare_read_supported","target_restricted","SBS3",1
"TOV2414","rare_read_supported","target_restricted","SBS8",-0.0331849984214194
"TOV2414","rare_read_supported","target_restricted","SBS17a",-0.0331849984214192
"TOV2414","rare_read_supported","target_restricted","SBS17b",0.168341561669893
"TOV2414","rare_read_supported","target_restricted","SBS18",0.099373136450657
