signature,boot_mean,boot_median,boot_lo95,boot_hi95,boot_selected_frac,n_boots,cell_line,reference_set,bootstrap_seed,cache_max_delta,cache_sha256,cache_n_ref_full,cache_n_ref_restricted,cosmic_source,mutationalpatterns_version
SBS1,20.16144244150352,0,0,73.83990158801625,0.42,200,OV1369-R2,full,232276812,0.004,58c63a68196bddc66383c4d3e332e3e326edecd8c023d2463b0d8179b1d0aae1,60,22,COSMIC_v3.2,3.18.0
SBS10a,0.20958864880262074,0,0,0,0.015,200,OV1369-R2,full,232276812,0.004,58c63a68196bddc66383c4d3e332e3e326edecd8c023d2463b0d8179b1d0aae1,60,22,COSMIC_v3.2,3.18.0
SBS10b,0.306590085516993,0,0,0,0.015,200,OV1369-R2,full,232276812,0.004,58c63a68196bddc66383c4d3e332e3e326edecd8c023d2463b0d8179b1d0aae1,60,22,COSMIC_v3.2,3.18.0
SBS10c,0,0,0,0,0,200,OV1369-R2,full,232276812,0.004,58c63a68196bddc66383c4d3e332e3e326edecd8c023d2463b0d8179b1d0aae1,60,22,COSMIC_v3.2,3.18.0
SBS10d,0,0,0,0,0,200,OV1369-R2,full,232276812,0.004,58c63a68196bddc66383c4d3e332e3e326edecd8c023d2463b0d8179b1d0aae1,60,22,COSMIC_v3.2,3.18.0
SBS11,0.750971991588039,0,0,0,0.015,200,OV1369-R2,full,232276812,0.004,58c63a68196bddc66383c4d3e332e3e326edecd8c023d2463b0d8179b1d0aae1,60,22,COSMIC_v3.2,3.18.0
SBS12,8.099371963712914,0,0,46.72165365871278,0.21,200,OV1369-R2,full,232276812,0.004,58c63a68196bddc66383c4d3e332e3e326edecd8c023d2463b0d8179b1d0aae1,60,22,COSMIC_v3.2,3.18.0
SBS13,0.44745105250623185,0,0,0.39412144952343026,0.025,200,OV1369-R2,full,232276812,0.004,58c63a68196bddc66383c4d3e332e3e326edecd8c023d2463b0d8179b1d0aae1,60,22,COSMIC_v3.2,3.18.0
SBS14,0,0,0,0,0,200,OV1369-R2,full,232276812,0.004,58c63a68196bddc66383c4d3e332e3e326edecd8c023d2463b0d8179b1d0aae1,60,22,COSMIC_v3.2,3.18.0
SBS15,24.17053318415808,0,0,90.29422214313496,0.405,200,OV1369-R2,full,232276812,0.004,58c63a68196bddc66383c4d3e332e3e326edecd8c023d2463b0d8179b1d0aae1,60,22,COSMIC_v3.2,3.18.0
SBS16,0.8925991180933669,0,0,16.127016736735168,0.035,200,OV1369-R2,full,232276812,0.004,58c63a68196bddc66383c4d3e332e3e326edecd8c023d2463b0d8179b1d0aae1,60,22,COSMIC_v3.2,3.18.0
SBS17a,0.46193386963577615,0,0,0.3945517287243675,0.025,200,OV1369-R2,full,232276812,0.004,58c63a68196bddc66383c4d3e332e3e326edecd8c023d2463b0d8179b1d0aae1,60,22,COSMIC_v3.2,3.18.0
SBS17b,0,0,0,0,0,200,OV1369-R2,full,232276812,0.004,58c63a68196bddc66383c4d3e332e3e326edecd8c023d2463b0d8179b1d0aae1,60,22,COSMIC_v3.2,3.18.0
SBS18,0,0,0,0,0,200,OV1369-R2,full,232276812,0.004,58c63a68196bddc66383c4d3e332e3e326edecd8c023d2463b0d8179b1d0aae1,60,22,COSMIC_v3.2,3.18.0
SBS19,0.6374714397132749,0,0,0,0.02,200,OV1369-R2,full,232276812,0.004,58c63a68196bddc66383c4d3e332e3e326edecd8c023d2463b0d8179b1d0aae1,60,22,COSMIC_v3.2,3.18.0
SBS2,0.2859084116664427,0,0,0,0.02,200,OV1369-R2,full,232276812,0.004,58c63a68196bddc66383c4d3e332e3e326edecd8c023d2463b0d8179b1d0aae1,60,22,COSMIC_v3.2,3.18.0
SBS20,0,0,0,0,0,200,OV1369-R2,full,232276812,0.004,58c63a68196bddc66383c4d3e332e3e326edecd8c023d2463b0d8179b1d0aae1,60,22,COSMIC_v3.2,3.18.0
SBS21,0,0,0,0,0,200,OV1369-R2,full,232276812,0.004,58c63a68196bddc66383c4d3e332e3e326edecd8c023d2463b0d8179b1d0aae1,60,22,COSMIC_v3.2,3.18.0
SBS22,0,0,0,0,0,200,OV1369-R2,full,232276812,0.004,58c63a68196bddc66383c4d3e332e3e326edecd8c023d2463b0d8179b1d0aae1,60,22,COSMIC_v3.2,3.18.0
SBS23,0,0,0,0,0,200,OV1369-R2,full,232276812,0.004,58c63a68196bddc66383c4d3e332e3e326edecd8c023d2463b0d8179b1d0aae1,60,22,COSMIC_v3.2,3.18.0
SBS24,50.99284478494623,56.91072777798075,0,111.59341918445661,0.71,200,OV1369-R2,full,232276812,0.004,58c63a68196bddc66383c4d3e332e3e326edecd8c023d2463b0d8179b1d0aae1,60,22,COSMIC_v3.2,3.18.0
SBS25,1.2008903311847607,0,0,0,0.02,200,OV1369-R2,full,232276812,0.004,58c63a68196bddc66383c4d3e332e3e326edecd8c023d2463b0d8179b1d0aae1,60,22,COSMIC_v3.2,3.18.0
SBS26,0,0,0,0,0,200,OV1369-R2,full,232276812,0.004,58c63a68196bddc66383c4d3e332e3e326edecd8c023d2463b0d8179b1d0aae1,60,22,COSMIC_v3.2,3.18.0
SBS28,0.07638511847611228,0,0,0,0.005,200,OV1369-R2,full,232276812,0.004,58c63a68196bddc66383c4d3e332e3e326edecd8c023d2463b0d8179b1d0aae1,60,22,COSMIC_v3.2,3.18.0
SBS29,26.53763290316607,0,0,91.99490436070606,0.405,200,OV1369-R2,full,232276812,0.004,58c63a68196bddc66383c4d3e332e3e326edecd8c023d2463b0d8179b1d0aae1,60,22,COSMIC_v3.2,3.18.0
SBS3,163.77584744619202,195.30659249558397,0,324.7969447752201,0.725,200,OV1369-R2,full,232276812,0.004,58c63a68196bddc66383c4d3e332e3e326edecd8c023d2463b0d8179b1d0aae1,60,22,COSMIC_v3.2,3.18.0
SBS30,39.73438051141146,46.27503100147946,0,92.99930404229164,0.7,200,OV1369-R2,full,232276812,0.004,58c63a68196bddc66383c4d3e332e3e326edecd8c023d2463b0d8179b1d0aae1,60,22,COSMIC_v3.2,3.18.0
SBS31,2.326673730133032,0,0,38.954945395643435,0.06,200,OV1369-R2,full,232276812,0.004,58c63a68196bddc66383c4d3e332e3e326edecd8c023d2463b0d8179b1d0aae1,60,22,COSMIC_v3.2,3.18.0
SBS32,19.762971569892777,0,0,62.98530047653602,0.425,200,OV1369-R2,full,232276812,0.004,58c63a68196bddc66383c4d3e332e3e326edecd8c023d2463b0d8179b1d0aae1,60,22,COSMIC_v3.2,3.18.0
SBS33,3.9047269399144433,0,0,26.43818946179747,0.17,200,OV1369-R2,full,232276812,0.004,58c63a68196bddc66383c4d3e332e3e326edecd8c023d2463b0d8179b1d0aae1,60,22,COSMIC_v3.2,3.18.0
SBS34,0,0,0,0,0,200,OV1369-R2,full,232276812,0.004,58c63a68196bddc66383c4d3e332e3e326edecd8c023d2463b0d8179b1d0aae1,60,22,COSMIC_v3.2,3.18.0
SBS35,1.495292190779989,0,0,30.418546784776133,0.04,200,OV1369-R2,full,232276812,0.004,58c63a68196bddc66383c4d3e332e3e326edecd8c023d2463b0d8179b1d0aae1,60,22,COSMIC_v3.2,3.18.0
SBS36,0.11607372036596555,0,0,0,0.005,200,OV1369-R2,full,232276812,0.004,58c63a68196bddc66383c4d3e332e3e326edecd8c023d2463b0d8179b1d0aae1,60,22,COSMIC_v3.2,3.18.0
SBS37,3.8659780869687146,0,0,51.1790576140077,0.085,200,OV1369-R2,full,232276812,0.004,58c63a68196bddc66383c4d3e332e3e326edecd8c023d2463b0d8179b1d0aae1,60,22,COSMIC_v3.2,3.18.0
SBS38,0,0,0,0,0,200,OV1369-R2,full,232276812,0.004,58c63a68196bddc66383c4d3e332e3e326edecd8c023d2463b0d8179b1d0aae1,60,22,COSMIC_v3.2,3.18.0
SBS39,54.01435643104536,43.94396227173472,0,171.48931100739435,0.535,200,OV1369-R2,full,232276812,0.004,58c63a68196bddc66383c4d3e332e3e326edecd8c023d2463b0d8179b1d0aae1,60,22,COSMIC_v3.2,3.18.0
SBS4,3.4867789827053195,0,0,46.055680201003,0.08,200,OV1369-R2,full,232276812,0.004,58c63a68196bddc66383c4d3e332e3e326edecd8c023d2463b0d8179b1d0aae1,60,22,COSMIC_v3.2,3.18.0
SBS40,0,0,0,0,0,200,OV1369-R2,full,232276812,0.004,58c63a68196bddc66383c4d3e332e3e326edecd8c023d2463b0d8179b1d0aae1,60,22,COSMIC_v3.2,3.18.0
SBS41,0,0,0,0,0,200,OV1369-R2,full,232276812,0.004,58c63a68196bddc66383c4d3e332e3e326edecd8c023d2463b0d8179b1d0aae1,60,22,COSMIC_v3.2,3.18.0
SBS42,0,0,0,0,0,200,OV1369-R2,full,232276812,0.004,58c63a68196bddc66383c4d3e332e3e326edecd8c023d2463b0d8179b1d0aae1,60,22,COSMIC_v3.2,3.18.0
SBS44,0,0,0,0,0,200,OV1369-R2,full,232276812,0.004,58c63a68196bddc66383c4d3e332e3e326edecd8c023d2463b0d8179b1d0aae1,60,22,COSMIC_v3.2,3.18.0
SBS5,0.6194855180361857,0,0,0,0.005,200,OV1369-R2,full,232276812,0.004,58c63a68196bddc66383c4d3e332e3e326edecd8c023d2463b0d8179b1d0aae1,60,22,COSMIC_v3.2,3.18.0
SBS6,55.299393559259194,60.72425415399243,0,151.75131699097994,0.66,200,OV1369-R2,full,232276812,0.004,58c63a68196bddc66383c4d3e332e3e326edecd8c023d2463b0d8179b1d0aae1,60,22,COSMIC_v3.2,3.18.0
SBS7a,0.251996546309984,0,0,0,0.01,200,OV1369-R2,full,232276812,0.004,58c63a68196bddc66383c4d3e332e3e326edecd8c023d2463b0d8179b1d0aae1,60,22,COSMIC_v3.2,3.18.0
SBS7b,6.7835621276008915,0,0,49.36155359066935,0.18,200,OV1369-R2,full,232276812,0.004,58c63a68196bddc66383c4d3e332e3e326edecd8c023d2463b0d8179b1d0aae1,60,22,COSMIC_v3.2,3.18.0
SBS7c,0,0,0,0,0,200,OV1369-R2,full,232276812,0.004,58c63a68196bddc66383c4d3e332e3e326edecd8c023d2463b0d8179b1d0aae1,60,22,COSMIC_v3.2,3.18.0
SBS7d,0,0,0,0,0,200,OV1369-R2,full,232276812,0.004,58c63a68196bddc66383c4d3e332e3e326edecd8c023d2463b0d8179b1d0aae1,60,22,COSMIC_v3.2,3.18.0
SBS8,46.260841493351734,46.141423334662434,0,137.63565440802978,0.59,200,OV1369-R2,full,232276812,0.004,58c63a68196bddc66383c4d3e332e3e326edecd8c023d2463b0d8179b1d0aae1,60,22,COSMIC_v3.2,3.18.0
SBS84,0,0,0,0,0,200,OV1369-R2,full,232276812,0.004,58c63a68196bddc66383c4d3e332e3e326edecd8c023d2463b0d8179b1d0aae1,60,22,COSMIC_v3.2,3.18.0
SBS85,0,0,0,0,0,200,OV1369-R2,full,232276812,0.004,58c63a68196bddc66383c4d3e332e3e326edecd8c023d2463b0d8179b1d0aae1,60,22,COSMIC_v3.2,3.18.0
SBS86,2.776474574911258,0,0,39.388926649145105,0.08,200,OV1369-R2,full,232276812,0.004,58c63a68196bddc66383c4d3e332e3e326edecd8c023d2463b0d8179b1d0aae1,60,22,COSMIC_v3.2,3.18.0
SBS87,38.86069834198445,43.98619382399501,0,101.34344251215713,0.61,200,OV1369-R2,full,232276812,0.004,58c63a68196bddc66383c4d3e332e3e326edecd8c023d2463b0d8179b1d0aae1,60,22,COSMIC_v3.2,3.18.0
SBS88,0,0,0,0,0,200,OV1369-R2,full,232276812,0.004,58c63a68196bddc66383c4d3e332e3e326edecd8c023d2463b0d8179b1d0aae1,60,22,COSMIC_v3.2,3.18.0
SBS89,10.304022982347075,0,0,87.58959314953746,0.17,200,OV1369-R2,full,232276812,0.004,58c63a68196bddc66383c4d3e332e3e326edecd8c023d2463b0d8179b1d0aae1,60,22,COSMIC_v3.2,3.18.0
SBS9,0,0,0,0,0,200,OV1369-R2,full,232276812,0.004,58c63a68196bddc66383c4d3e332e3e326edecd8c023d2463b0d8179b1d0aae1,60,22,COSMIC_v3.2,3.18.0
SBS90,0,0,0,0,0,200,OV1369-R2,full,232276812,0.004,58c63a68196bddc66383c4d3e332e3e326edecd8c023d2463b0d8179b1d0aae1,60,22,COSMIC_v3.2,3.18.0
SBS91,0.08359654054814823,0,0,0,0.005,200,OV1369-R2,full,232276812,0.004,58c63a68196bddc66383c4d3e332e3e326edecd8c023d2463b0d8179b1d0aae1,60,22,COSMIC_v3.2,3.18.0
SBS92,0,0,0,0,0,200,OV1369-R2,full,232276812,0.004,58c63a68196bddc66383c4d3e332e3e326edecd8c023d2463b0d8179b1d0aae1,60,22,COSMIC_v3.2,3.18.0
SBS93,0.8917397271557955,0,0,16.415129522844243,0.03,200,OV1369-R2,full,232276812,0.004,58c63a68196bddc66383c4d3e332e3e326edecd8c023d2463b0d8179b1d0aae1,60,22,COSMIC_v3.2,3.18.0
SBS94,0.21031783198667545,0,0,0,0.005,200,OV1369-R2,full,232276812,0.004,58c63a68196bddc66383c4d3e332e3e326edecd8c023d2463b0d8179b1d0aae1,60,22,COSMIC_v3.2,3.18.0
SBS1,2.955956173708295,0,0,36.31166074389342,0.105,200,OV2085,full,109470146,0.004,58c63a68196bddc66383c4d3e332e3e326edecd8c023d2463b0d8179b1d0aae1,60,22,COSMIC_v3.2,3.18.0
SBS10a,0,0,0,0,0,200,OV2085,full,109470146,0.004,58c63a68196bddc66383c4d3e332e3e326edecd8c023d2463b0d8179b1d0aae1,60,22,COSMIC_v3.2,3.18.0
SBS10b,12.390621698004107,14.998758269661902,0,34.36083612336708,0.575,200,OV2085,full,109470146,0.004,58c63a68196bddc66383c4d3e332e3e326edecd8c023d2463b0d8179b1d0aae1,60,22,COSMIC_v3.2,3.18.0
SBS10c,0,0,0,0,0,200,OV2085,full,109470146,0.004,58c63a68196bddc66383c4d3e332e3e326edecd8c023d2463b0d8179b1d0aae1,60,22,COSMIC_v3.2,3.18.0
SBS10d,0.11460732600690161,0,0,0,0.005,200,OV2085,full,109470146,0.004,58c63a68196bddc66383c4d3e332e3e326edecd8c023d2463b0d8179b1d0aae1,60,22,COSMIC_v3.2,3.18.0
SBS11,0.6830164853232539,0,0,0.5071907520588175,0.025,200,OV2085,full,109470146,0.004,58c63a68196bddc66383c4d3e332e3e326edecd8c023d2463b0d8179b1d0aae1,60,22,COSMIC_v3.2,3.18.0
SBS12,4.883676790806132,0,0,51.47281906900891,0.125,200,OV2085,full,109470146,0.004,58c63a68196bddc66383c4d3e332e3e326edecd8c023d2463b0d8179b1d0aae1,60,22,COSMIC_v3.2,3.18.0
SBS13,0,0,0,0,0,200,OV2085,full,109470146,0.004,58c63a68196bddc66383c4d3e332e3e326edecd8c023d2463b0d8179b1d0aae1,60,22,COSMIC_v3.2,3.18.0
SBS14,0,0,0,0,0,200,OV2085,full,109470146,0.004,58c63a68196bddc66383c4d3e332e3e326edecd8c023d2463b0d8179b1d0aae1,60,22,COSMIC_v3.2,3.18.0
SBS15,39.31743651974197,45.34280213910988,0,82.52628659561377,0.735,200,OV2085,full,109470146,0.004,58c63a68196bddc66383c4d3e332e3e326edecd8c023d2463b0d8179b1d0aae1,60,22,COSMIC_v3.2,3.18.0
SBS16,0.11054159644071573,0,0,0,0.005,200,OV2085,full,109470146,0.004,58c63a68196bddc66383c4d3e332e3e326edecd8c023d2463b0d8179b1d0aae1,60,22,COSMIC_v3.2,3.18.0
SBS17a,0.4705938766899837,0,0,14.619179733239948,0.03,200,OV2085,full,109470146,0.004,58c63a68196bddc66383c4d3e332e3e326edecd8c023d2463b0d8179b1d0aae1,60,22,COSMIC_v3.2,3.18.0
SBS17b,0.0542804253600058,0,0,0,0.005,200,OV2085,full,109470146,0.004,58c63a68196bddc66383c4d3e332e3e326edecd8c023d2463b0d8179b1d0aae1,60,22,COSMIC_v3.2,3.18.0
SBS18,0.4815039640110363,0,0,0,0.02,200,OV2085,full,109470146,0.004,58c63a68196bddc66383c4d3e332e3e326edecd8c023d2463b0d8179b1d0aae1,60,22,COSMIC_v3.2,3.18.0
SBS19,0.7965244973057947,0,0,0.3665304283259705,0.025,200,OV2085,full,109470146,0.004,58c63a68196bddc66383c4d3e332e3e326edecd8c023d2463b0d8179b1d0aae1,60,22,COSMIC_v3.2,3.18.0
SBS2,0.1247503188231104,0,0,0,0.01,200,OV2085,full,109470146,0.004,58c63a68196bddc66383c4d3e332e3e326edecd8c023d2463b0d8179b1d0aae1,60,22,COSMIC_v3.2,3.18.0
SBS20,0,0,0,0,0,200,OV2085,full,109470146,0.004,58c63a68196bddc66383c4d3e332e3e326edecd8c023d2463b0d8179b1d0aae1,60,22,COSMIC_v3.2,3.18.0
SBS21,0,0,0,0,0,200,OV2085,full,109470146,0.004,58c63a68196bddc66383c4d3e332e3e326edecd8c023d2463b0d8179b1d0aae1,60,22,COSMIC_v3.2,3.18.0
SBS22,0,0,0,0,0,200,OV2085,full,109470146,0.004,58c63a68196bddc66383c4d3e332e3e326edecd8c023d2463b0d8179b1d0aae1,60,22,COSMIC_v3.2,3.18.0
SBS23,1.3159539594335725,0,0,30.229368342695143,0.035,200,OV2085,full,109470146,0.004,58c63a68196bddc66383c4d3e332e3e326edecd8c023d2463b0d8179b1d0aae1,60,22,COSMIC_v3.2,3.18.0
SBS24,15.96757648980084,0,0,73.67154996949901,0.335,200,OV2085,full,109470146,0.004,58c63a68196bddc66383c4d3e332e3e326edecd8c023d2463b0d8179b1d0aae1,60,22,COSMIC_v3.2,3.18.0
SBS25,0.76423119478655,0,0,0,0.015,200,OV2085,full,109470146,0.004,58c63a68196bddc66383c4d3e332e3e326edecd8c023d2463b0d8179b1d0aae1,60,22,COSMIC_v3.2,3.18.0
SBS26,8.169121883432538,0,0,48.453103746491905,0.24,200,OV2085,full,109470146,0.004,58c63a68196bddc66383c4d3e332e3e326edecd8c023d2463b0d8179b1d0aae1,60,22,COSMIC_v3.2,3.18.0
SBS28,0.27517431556513755,0,0,0,0.02,200,OV2085,full,109470146,0.004,58c63a68196bddc66383c4d3e332e3e326edecd8c023d2463b0d8179b1d0aae1,60,22,COSMIC_v3.2,3.18.0
SBS29,36.03347510752649,41.541378294561696,0,85.64973699389945,0.68,200,OV2085,full,109470146,0.004,58c63a68196bddc66383c4d3e332e3e326edecd8c023d2463b0d8179b1d0aae1,60,22,COSMIC_v3.2,3.18.0
SBS3,37.73389312753278,0,0,200.80520230044857,0.385,200,OV2085,full,109470146,0.004,58c63a68196bddc66383c4d3e332e3e326edecd8c023d2463b0d8179b1d0aae1,60,22,COSMIC_v3.2,3.18.0
SBS30,30.970782571342223,35.35377798997897,0,71.55570034379232,0.655,200,OV2085,full,109470146,0.004,58c63a68196bddc66383c4d3e332e3e326edecd8c023d2463b0d8179b1d0aae1,60,22,COSMIC_v3.2,3.18.0
SBS31,50.949829519600904,58.34588720137265,0,98.5041473171973,0.81,200,OV2085,full,109470146,0.004,58c63a68196bddc66383c4d3e332e3e326edecd8c023d2463b0d8179b1d0aae1,60,22,COSMIC_v3.2,3.18.0
SBS32,1.8075008024627013,0,0,26.356595404097497,0.065,200,OV2085,full,109470146,0.004,58c63a68196bddc66383c4d3e332e3e326edecd8c023d2463b0d8179b1d0aae1,60,22,COSMIC_v3.2,3.18.0
SBS33,0.7801435614716282,0,0,17.569664500981048,0.04,200,OV2085,full,109470146,0.004,58c63a68196bddc66383c4d3e332e3e326edecd8c023d2463b0d8179b1d0aae1,60,22,COSMIC_v3.2,3.18.0
SBS34,0,0,0,0,0,200,OV2085,full,109470146,0.004,58c63a68196bddc66383c4d3e332e3e326edecd8c023d2463b0d8179b1d0aae1,60,22,COSMIC_v3.2,3.18.0
SBS35,0.879176307511111,0,0,0,0.02,200,OV2085,full,109470146,0.004,58c63a68196bddc66383c4d3e332e3e326edecd8c023d2463b0d8179b1d0aae1,60,22,COSMIC_v3.2,3.18.0
SBS36,0,0,0,0,0,200,OV2085,full,109470146,0.004,58c63a68196bddc66383c4d3e332e3e326edecd8c023d2463b0d8179b1d0aae1,60,22,COSMIC_v3.2,3.18.0
SBS37,2.7604380614817754,0,0,34.6469859321859,0.075,200,OV2085,full,109470146,0.004,58c63a68196bddc66383c4d3e332e3e326edecd8c023d2463b0d8179b1d0aae1,60,22,COSMIC_v3.2,3.18.0
SBS38,0,0,0,0,0,200,OV2085,full,109470146,0.004,58c63a68196bddc66383c4d3e332e3e326edecd8c023d2463b0d8179b1d0aae1,60,22,COSMIC_v3.2,3.18.0
SBS39,42.562160869292256,48.22088044734967,0,103.70404710948766,0.65,200,OV2085,full,109470146,0.004,58c63a68196bddc66383c4d3e332e3e326edecd8c023d2463b0d8179b1d0aae1,60,22,COSMIC_v3.2,3.18.0
SBS4,12.14449200392168,0,0,70.75952297811924,0.285,200,OV2085,full,109470146,0.004,58c63a68196bddc66383c4d3e332e3e326edecd8c023d2463b0d8179b1d0aae1,60,22,COSMIC_v3.2,3.18.0
SBS40,2.0470748406957386,0,0,1.2803058209185478,0.025,200,OV2085,full,109470146,0.004,58c63a68196bddc66383c4d3e332e3e326edecd8c023d2463b0d8179b1d0aae1,60,22,COSMIC_v3.2,3.18.0
SBS41,0,0,0,0,0,200,OV2085,full,109470146,0.004,58c63a68196bddc66383c4d3e332e3e326edecd8c023d2463b0d8179b1d0aae1,60,22,COSMIC_v3.2,3.18.0
SBS42,0,0,0,0,0,200,OV2085,full,109470146,0.004,58c63a68196bddc66383c4d3e332e3e326edecd8c023d2463b0d8179b1d0aae1,60,22,COSMIC_v3.2,3.18.0
SBS44,0.3233867235659772,0,0,0,0.01,200,OV2085,full,109470146,0.004,58c63a68196bddc66383c4d3e332e3e326edecd8c023d2463b0d8179b1d0aae1,60,22,COSMIC_v3.2,3.18.0
SBS5,69.56280525304244,72.23900072638321,0,188.31365990725237,0.595,200,OV2085,full,109470146,0.004,58c63a68196bddc66383c4d3e332e3e326edecd8c023d2463b0d8179b1d0aae1,60,22,COSMIC_v3.2,3.18.0
SBS6,21.57828140928701,0,0,87.54827584460773,0.36,200,OV2085,full,109470146,0.004,58c63a68196bddc66383c4d3e332e3e326edecd8c023d2463b0d8179b1d0aae1,60,22,COSMIC_v3.2,3.18.0
SBS7a,1.4729918769188135,0,0,25.578180493730436,0.06,200,OV2085,full,109470146,0.004,58c63a68196bddc66383c4d3e332e3e326edecd8c023d2463b0d8179b1d0aae1,60,22,COSMIC_v3.2,3.18.0
SBS7b,9.320007049947472,0,0,55.40926735815047,0.24,200,OV2085,full,109470146,0.004,58c63a68196bddc66383c4d3e332e3e326edecd8c023d2463b0d8179b1d0aae1,60,22,COSMIC_v3.2,3.18.0
SBS7c,0.10903863632258355,0,0,0,0.005,200,OV2085,full,109470146,0.004,58c63a68196bddc66383c4d3e332e3e326edecd8c023d2463b0d8179b1d0aae1,60,22,COSMIC_v3.2,3.18.0
SBS7d,0,0,0,0,0,200,OV2085,full,109470146,0.004,58c63a68196bddc66383c4d3e332e3e326edecd8c023d2463b0d8179b1d0aae1,60,22,COSMIC_v3.2,3.18.0
SBS8,0,0,0,0,0,200,OV2085,full,109470146,0.004,58c63a68196bddc66383c4d3e332e3e326edecd8c023d2463b0d8179b1d0aae1,60,22,COSMIC_v3.2,3.18.0
SBS84,0.12501986094861772,0,0,0,0.005,200,OV2085,full,109470146,0.004,58c63a68196bddc66383c4d3e332e3e326edecd8c023d2463b0d8179b1d0aae1,60,22,COSMIC_v3.2,3.18.0
SBS85,0.09161420196058917,0,0,0,0.005,200,OV2085,full,109470146,0.004,58c63a68196bddc66383c4d3e332e3e326edecd8c023d2463b0d8179b1d0aae1,60,22,COSMIC_v3.2,3.18.0
SBS86,6.164599107725155,0,0,43.141520377201104,0.18,200,OV2085,full,109470146,0.004,58c63a68196bddc66383c4d3e332e3e326edecd8c023d2463b0d8179b1d0aae1,60,22,COSMIC_v3.2,3.18.0
SBS87,46.54379728291493,47.32870795989828,0,87.80680698907585,0.895,200,OV2085,full,109470146,0.004,58c63a68196bddc66383c4d3e332e3e326edecd8c023d2463b0d8179b1d0aae1,60,22,COSMIC_v3.2,3.18.0
SBS88,0.6163979479169419,0,0,12.647185126397357,0.035,200,OV2085,full,109470146,0.004,58c63a68196bddc66383c4d3e332e3e326edecd8c023d2463b0d8179b1d0aae1,60,22,COSMIC_v3.2,3.18.0
SBS89,3.005806897626587,0,0,42.62132286882127,0.07,200,OV2085,full,109470146,0.004,58c63a68196bddc66383c4d3e332e3e326edecd8c023d2463b0d8179b1d0aae1,60,22,COSMIC_v3.2,3.18.0
SBS9,1.4730423321015487,0,0,27.583924724028368,0.04,200,OV2085,full,109470146,0.004,58c63a68196bddc66383c4d3e332e3e326edecd8c023d2463b0d8179b1d0aae1,60,22,COSMIC_v3.2,3.18.0
SBS90,0,0,0,0,0,200,OV2085,full,109470146,0.004,58c63a68196bddc66383c4d3e332e3e326edecd8c023d2463b0d8179b1d0aae1,60,22,COSMIC_v3.2,3.18.0
SBS91,0,0,0,0,0,200,OV2085,full,109470146,0.004,58c63a68196bddc66383c4d3e332e3e326edecd8c023d2463b0d8179b1d0aae1,60,22,COSMIC_v3.2,3.18.0
SBS92,0,0,0,0,0,200,OV2085,full,109470146,0.004,58c63a68196bddc66383c4d3e332e3e326edecd8c023d2463b0d8179b1d0aae1,60,22,COSMIC_v3.2,3.18.0
SBS93,0,0,0,0,0,200,OV2085,full,109470146,0.004,58c63a68196bddc66383c4d3e332e3e326edecd8c023d2463b0d8179b1d0aae1,60,22,COSMIC_v3.2,3.18.0
SBS94,0.6700300979252377,0,0,0,0.015,200,OV2085,full,109470146,0.004,58c63a68196bddc66383c4d3e332e3e326edecd8c023d2463b0d8179b1d0aae1,60,22,COSMIC_v3.2,3.18.0
SBS1,36.9383849881624,38.09970762967879,0,57.74017748002309,0.97,200,OV2295,full,82761300,0.004,58c63a68196bddc66383c4d3e332e3e326edecd8c023d2463b0d8179b1d0aae1,60,22,COSMIC_v3.2,3.18.0
SBS10a,0.6867706886657531,0,0,10.604645490731958,0.07,200,OV2295,full,82761300,0.004,58c63a68196bddc66383c4d3e332e3e326edecd8c023d2463b0d8179b1d0aae1,60,22,COSMIC_v3.2,3.18.0
SBS10b,0.8630685335518561,0,0,11.751229875550257,0.07,200,OV2295,full,82761300,0.004,58c63a68196bddc66383c4d3e332e3e326edecd8c023d2463b0d8179b1d0aae1,60,22,COSMIC_v3.2,3.18.0
SBS10c,0,0,0,0,0,200,OV2295,full,82761300,0.004,58c63a68196bddc66383c4d3e332e3e326edecd8c023d2463b0d8179b1d0aae1,60,22,COSMIC_v3.2,3.18.0
SBS10d,0.5260548999807415,0,0,13.136853144172642,0.035,200,OV2295,full,82761300,0.004,58c63a68196bddc66383c4d3e332e3e326edecd8c023d2463b0d8179b1d0aae1,60,22,COSMIC_v3.2,3.18.0
SBS11,5.754739494948661,0,0,41.991363207510645,0.205,200,OV2295,full,82761300,0.004,58c63a68196bddc66383c4d3e332e3e326edecd8c023d2463b0d8179b1d0aae1,60,22,COSMIC_v3.2,3.18.0
SBS12,14.484987521552197,0,0,55.89535242587603,0.395,200,OV2295,full,82761300,0.004,58c63a68196bddc66383c4d3e332e3e326edecd8c023d2463b0d8179b1d0aae1,60,22,COSMIC_v3.2,3.18.0
SBS13,0,0,0,0,0,200,OV2295,full,82761300,0.004,58c63a68196bddc66383c4d3e332e3e326edecd8c023d2463b0d8179b1d0aae1,60,22,COSMIC_v3.2,3.18.0
SBS14,0,0,0,0,0,200,OV2295,full,82761300,0.004,58c63a68196bddc66383c4d3e332e3e326edecd8c023d2463b0d8179b1d0aae1,60,22,COSMIC_v3.2,3.18.0
SBS15,0.8930953209221191,0,0,18.59222252781305,0.04,200,OV2295,full,82761300,0.004,58c63a68196bddc66383c4d3e332e3e326edecd8c023d2463b0d8179b1d0aae1,60,22,COSMIC_v3.2,3.18.0
SBS16,0,0,0,0,0,200,OV2295,full,82761300,0.004,58c63a68196bddc66383c4d3e332e3e326edecd8c023d2463b0d8179b1d0aae1,60,22,COSMIC_v3.2,3.18.0
SBS17a,0.1335529024961209,0,0,0,0.01,200,OV2295,full,82761300,0.004,58c63a68196bddc66383c4d3e332e3e326edecd8c023d2463b0d8179b1d0aae1,60,22,COSMIC_v3.2,3.18.0
SBS17b,0.05044021835526241,0,0,0,0.005,200,OV2295,full,82761300,0.004,58c63a68196bddc66383c4d3e332e3e326edecd8c023d2463b0d8179b1d0aae1,60,22,COSMIC_v3.2,3.18.0
SBS18,0.9034072203797991,0,0,21.47922717943432,0.035,200,OV2295,full,82761300,0.004,58c63a68196bddc66383c4d3e332e3e326edecd8c023d2463b0d8179b1d0aae1,60,22,COSMIC_v3.2,3.18.0
SBS19,1.6043057099351852,0,0,21.54768852976796,0.08,200,OV2295,full,82761300,0.004,58c63a68196bddc66383c4d3e332e3e326edecd8c023d2463b0d8179b1d0aae1,60,22,COSMIC_v3.2,3.18.0
SBS2,4.715133892028186,0,0,19.02998601461065,0.365,200,OV2295,full,82761300,0.004,58c63a68196bddc66383c4d3e332e3e326edecd8c023d2463b0d8179b1d0aae1,60,22,COSMIC_v3.2,3.18.0
SBS20,0,0,0,0,0,200,OV2295,full,82761300,0.004,58c63a68196bddc66383c4d3e332e3e326edecd8c023d2463b0d8179b1d0aae1,60,22,COSMIC_v3.2,3.18.0
SBS21,0.9623747972582757,0,0,18.648910030028997,0.04,200,OV2295,full,82761300,0.004,58c63a68196bddc66383c4d3e332e3e326edecd8c023d2463b0d8179b1d0aae1,60,22,COSMIC_v3.2,3.18.0
SBS22,0.10692647000934544,0,0,0,0.005,200,OV2295,full,82761300,0.004,58c63a68196bddc66383c4d3e332e3e326edecd8c023d2463b0d8179b1d0aae1,60,22,COSMIC_v3.2,3.18.0
SBS23,0.6889642258318661,0,0,0.4488436660816748,0.025,200,OV2295,full,82761300,0.004,58c63a68196bddc66383c4d3e332e3e326edecd8c023d2463b0d8179b1d0aae1,60,22,COSMIC_v3.2,3.18.0
SBS24,59.97961910772314,58.283113946057775,31.181859198725952,94.25763076343952,0.995,200,OV2295,full,82761300,0.004,58c63a68196bddc66383c4d3e332e3e326edecd8c023d2463b0d8179b1d0aae1,60,22,COSMIC_v3.2,3.18.0
SBS25,4.045009525695817,0,0,44.46787891189469,0.125,200,OV2295,full,82761300,0.004,58c63a68196bddc66383c4d3e332e3e326edecd8c023d2463b0d8179b1d0aae1,60,22,COSMIC_v3.2,3.18.0
SBS26,25.623518159148425,28.877367703476022,0,62.572930154035795,0.66,200,OV2295,full,82761300,0.004,58c63a68196bddc66383c4d3e332e3e326edecd8c023d2463b0d8179b1d0aae1,60,22,COSMIC_v3.2,3.18.0
SBS28,0,0,0,0,0,200,OV2295,full,82761300,0.004,58c63a68196bddc66383c4d3e332e3e326edecd8c023d2463b0d8179b1d0aae1,60,22,COSMIC_v3.2,3.18.0
SBS29,0,0,0,0,0,200,OV2295,full,82761300,0.004,58c63a68196bddc66383c4d3e332e3e326edecd8c023d2463b0d8179b1d0aae1,60,22,COSMIC_v3.2,3.18.0
SBS3,36.781401990150464,0,0,164.96706846087505,0.465,200,OV2295,full,82761300,0.004,58c63a68196bddc66383c4d3e332e3e326edecd8c023d2463b0d8179b1d0aae1,60,22,COSMIC_v3.2,3.18.0
SBS30,14.822423863091998,0,0,59.53261934057197,0.395,200,OV2295,full,82761300,0.004,58c63a68196bddc66383c4d3e332e3e326edecd8c023d2463b0d8179b1d0aae1,60,22,COSMIC_v3.2,3.18.0
SBS31,15.930235963801909,0,0,56.4401943202824,0.48,200,OV2295,full,82761300,0.004,58c63a68196bddc66383c4d3e332e3e326edecd8c023d2463b0d8179b1d0aae1,60,22,COSMIC_v3.2,3.18.0
SBS32,15.259655822707558,0,0,48.94683587253304,0.485,200,OV2295,full,82761300,0.004,58c63a68196bddc66383c4d3e332e3e326edecd8c023d2463b0d8179b1d0aae1,60,22,COSMIC_v3.2,3.18.0
SBS33,0.5477325970806667,0,0,12.48209363090325,0.04,200,OV2295,full,82761300,0.004,58c63a68196bddc66383c4d3e332e3e326edecd8c023d2463b0d8179b1d0aae1,60,22,COSMIC_v3.2,3.18.0
SBS34,0,0,0,0,0,200,OV2295,full,82761300,0.004,58c63a68196bddc66383c4d3e332e3e326edecd8c023d2463b0d8179b1d0aae1,60,22,COSMIC_v3.2,3.18.0
SBS35,0,0,0,0,0,200,OV2295,full,82761300,0.004,58c63a68196bddc66383c4d3e332e3e326edecd8c023d2463b0d8179b1d0aae1,60,22,COSMIC_v3.2,3.18.0
SBS36,2.9072058239610126,0,0,31.00999039954455,0.125,200,OV2295,full,82761300,0.004,58c63a68196bddc66383c4d3e332e3e326edecd8c023d2463b0d8179b1d0aae1,60,22,COSMIC_v3.2,3.18.0
SBS37,0.7447886490802786,0,0,15.844152402061999,0.035,200,OV2295,full,82761300,0.004,58c63a68196bddc66383c4d3e332e3e326edecd8c023d2463b0d8179b1d0aae1,60,22,COSMIC_v3.2,3.18.0
SBS38,0.06632192279651238,0,0,0,0.005,200,OV2295,full,82761300,0.004,58c63a68196bddc66383c4d3e332e3e326edecd8c023d2463b0d8179b1d0aae1,60,22,COSMIC_v3.2,3.18.0
SBS39,53.908727309730374,58.1829118740549,0,113.70885618209489,0.805,200,OV2295,full,82761300,0.004,58c63a68196bddc66383c4d3e332e3e326edecd8c023d2463b0d8179b1d0aae1,60,22,COSMIC_v3.2,3.18.0
SBS4,1.0708665690210084,0,0,18.190370493325116,0.05,200,OV2295,full,82761300,0.004,58c63a68196bddc66383c4d3e332e3e326edecd8c023d2463b0d8179b1d0aae1,60,22,COSMIC_v3.2,3.18.0
SBS40,2.904193374238045,0,0,49.70914217100636,0.04,200,OV2295,full,82761300,0.004,58c63a68196bddc66383c4d3e332e3e326edecd8c023d2463b0d8179b1d0aae1,60,22,COSMIC_v3.2,3.18.0
SBS41,0.08165529697801076,0,0,0,0.005,200,OV2295,full,82761300,0.004,58c63a68196bddc66383c4d3e332e3e326edecd8c023d2463b0d8179b1d0aae1,60,22,COSMIC_v3.2,3.18.0
SBS42,0,0,0,0,0,200,OV2295,full,82761300,0.004,58c63a68196bddc66383c4d3e332e3e326edecd8c023d2463b0d8179b1d0aae1,60,22,COSMIC_v3.2,3.18.0
SBS44,0.271128919849942,0,0,0,0.015,200,OV2295,full,82761300,0.004,58c63a68196bddc66383c4d3e332e3e326edecd8c023d2463b0d8179b1d0aae1,60,22,COSMIC_v3.2,3.18.0
SBS5,0.3503872522174925,0,0,0,0.01,200,OV2295,full,82761300,0.004,58c63a68196bddc66383c4d3e332e3e326edecd8c023d2463b0d8179b1d0aae1,60,22,COSMIC_v3.2,3.18.0
SBS6,0.16192387321223767,0,0,0,0.01,200,OV2295,full,82761300,0.004,58c63a68196bddc66383c4d3e332e3e326edecd8c023d2463b0d8179b1d0aae1,60,22,COSMIC_v3.2,3.18.0
SBS7a,3.213733191635619,0,0,28.325138237568787,0.15,200,OV2295,full,82761300,0.004,58c63a68196bddc66383c4d3e332e3e326edecd8c023d2463b0d8179b1d0aae1,60,22,COSMIC_v3.2,3.18.0
SBS7b,12.202807016099772,0,0,47.11915101451433,0.39,200,OV2295,full,82761300,0.004,58c63a68196bddc66383c4d3e332e3e326edecd8c023d2463b0d8179b1d0aae1,60,22,COSMIC_v3.2,3.18.0
SBS7c,0,0,0,0,0,200,OV2295,full,82761300,0.004,58c63a68196bddc66383c4d3e332e3e326edecd8c023d2463b0d8179b1d0aae1,60,22,COSMIC_v3.2,3.18.0
SBS7d,0.6175799198959754,0,0,12.318635846429926,0.04,200,OV2295,full,82761300,0.004,58c63a68196bddc66383c4d3e332e3e326edecd8c023d2463b0d8179b1d0aae1,60,22,COSMIC_v3.2,3.18.0
SBS8,0,0,0,0,0,200,OV2295,full,82761300,0.004,58c63a68196bddc66383c4d3e332e3e326edecd8c023d2463b0d8179b1d0aae1,60,22,COSMIC_v3.2,3.18.0
SBS84,2.3621150074597965,0,0,25.104899517587533,0.095,200,OV2295,full,82761300,0.004,58c63a68196bddc66383c4d3e332e3e326edecd8c023d2463b0d8179b1d0aae1,60,22,COSMIC_v3.2,3.18.0
SBS85,1.0391430797937398,0,0,16.35612241051195,0.055,200,OV2295,full,82761300,0.004,58c63a68196bddc66383c4d3e332e3e326edecd8c023d2463b0d8179b1d0aae1,60,22,COSMIC_v3.2,3.18.0
SBS86,4.209890764049444,0,0,34.285642133078206,0.16,200,OV2295,full,82761300,0.004,58c63a68196bddc66383c4d3e332e3e326edecd8c023d2463b0d8179b1d0aae1,60,22,COSMIC_v3.2,3.18.0
SBS87,20.85396330938808,20.271707473389622,0,61.69600417487316,0.58,200,OV2295,full,82761300,0.004,58c63a68196bddc66383c4d3e332e3e326edecd8c023d2463b0d8179b1d0aae1,60,22,COSMIC_v3.2,3.18.0
SBS88,0.5677680397730329,0,0,10.775196769834043,0.035,200,OV2295,full,82761300,0.004,58c63a68196bddc66383c4d3e332e3e326edecd8c023d2463b0d8179b1d0aae1,60,22,COSMIC_v3.2,3.18.0
SBS89,40.95736860246639,43.84120475018265,0,97.08489730676294,0.74,200,OV2295,full,82761300,0.004,58c63a68196bddc66383c4d3e332e3e326edecd8c023d2463b0d8179b1d0aae1,60,22,COSMIC_v3.2,3.18.0
SBS9,1.8296770563894107,0,0,31.065977479860614,0.07,200,OV2295,full,82761300,0.004,58c63a68196bddc66383c4d3e332e3e326edecd8c023d2463b0d8179b1d0aae1,60,22,COSMIC_v3.2,3.18.0
SBS90,0,0,0,0,0,200,OV2295,full,82761300,0.004,58c63a68196bddc66383c4d3e332e3e326edecd8c023d2463b0d8179b1d0aae1,60,22,COSMIC_v3.2,3.18.0
SBS91,0,0,0,0,0,200,OV2295,full,82761300,0.004,58c63a68196bddc66383c4d3e332e3e326edecd8c023d2463b0d8179b1d0aae1,60,22,COSMIC_v3.2,3.18.0
SBS92,0,0,0,0,0,200,OV2295,full,82761300,0.004,58c63a68196bddc66383c4d3e332e3e326edecd8c023d2463b0d8179b1d0aae1,60,22,COSMIC_v3.2,3.18.0
SBS93,0,0,0,0,0,200,OV2295,full,82761300,0.004,58c63a68196bddc66383c4d3e332e3e326edecd8c023d2463b0d8179b1d0aae1,60,22,COSMIC_v3.2,3.18.0
SBS94,0,0,0,0,0,200,OV2295,full,82761300,0.004,58c63a68196bddc66383c4d3e332e3e326edecd8c023d2463b0d8179b1d0aae1,60,22,COSMIC_v3.2,3.18.0
SBS1,39.39181690823111,43.67856373289338,0,66.18626230705854,0.865,200,OV2295-R2,full,71367685,0.004,58c63a68196bddc66383c4d3e332e3e326edecd8c023d2463b0d8179b1d0aae1,60,22,COSMIC_v3.2,3.18.0
SBS10a,0,0,0,0,0,200,OV2295-R2,full,71367685,0.004,58c63a68196bddc66383c4d3e332e3e326edecd8c023d2463b0d8179b1d0aae1,60,22,COSMIC_v3.2,3.18.0
SBS10b,0,0,0,0,0,200,OV2295-R2,full,71367685,0.004,58c63a68196bddc66383c4d3e332e3e326edecd8c023d2463b0d8179b1d0aae1,60,22,COSMIC_v3.2,3.18.0
SBS10c,0,0,0,0,0,200,OV2295-R2,full,71367685,0.004,58c63a68196bddc66383c4d3e332e3e326edecd8c023d2463b0d8179b1d0aae1,60,22,COSMIC_v3.2,3.18.0
SBS10d,0,0,0,0,0,200,OV2295-R2,full,71367685,0.004,58c63a68196bddc66383c4d3e332e3e326edecd8c023d2463b0d8179b1d0aae1,60,22,COSMIC_v3.2,3.18.0
SBS11,5.684864245490179,0,0,51.35528222979732,0.135,200,OV2295-R2,full,71367685,0.004,58c63a68196bddc66383c4d3e332e3e326edecd8c023d2463b0d8179b1d0aae1,60,22,COSMIC_v3.2,3.18.0
SBS12,7.017351416554014,0,0,48.73009948417207,0.175,200,OV2295-R2,full,71367685,0.004,58c63a68196bddc66383c4d3e332e3e326edecd8c023d2463b0d8179b1d0aae1,60,22,COSMIC_v3.2,3.18.0
SBS13,0,0,0,0,0,200,OV2295-R2,full,71367685,0.004,58c63a68196bddc66383c4d3e332e3e326edecd8c023d2463b0d8179b1d0aae1,60,22,COSMIC_v3.2,3.18.0
SBS14,0.06784814001894962,0,0,0,0.005,200,OV2295-R2,full,71367685,0.004,58c63a68196bddc66383c4d3e332e3e326edecd8c023d2463b0d8179b1d0aae1,60,22,COSMIC_v3.2,3.18.0
SBS15,9.137804573134881,0,0,48.182147250973664,0.25,200,OV2295-R2,full,71367685,0.004,58c63a68196bddc66383c4d3e332e3e326edecd8c023d2463b0d8179b1d0aae1,60,22,COSMIC_v3.2,3.18.0
SBS16,0.1112550850710361,0,0,0,0.005,200,OV2295-R2,full,71367685,0.004,58c63a68196bddc66383c4d3e332e3e326edecd8c023d2463b0d8179b1d0aae1,60,22,COSMIC_v3.2,3.18.0
SBS17a,0.8049882336238091,0,0,18.683928881151854,0.045,200,OV2295-R2,full,71367685,0.004,58c63a68196bddc66383c4d3e332e3e326edecd8c023d2463b0d8179b1d0aae1,60,22,COSMIC_v3.2,3.18.0
SBS17b,0,0,0,0,0,200,OV2295-R2,full,71367685,0.004,58c63a68196bddc66383c4d3e332e3e326edecd8c023d2463b0d8179b1d0aae1,60,22,COSMIC_v3.2,3.18.0
SBS18,2.6356554097021916,0,0,37.85738842468754,0.075,200,OV2295-R2,full,71367685,0.004,58c63a68196bddc66383c4d3e332e3e326edecd8c023d2463b0d8179b1d0aae1,60,22,COSMIC_v3.2,3.18.0
SBS19,1.092322607113139,0,0,28.215028229918254,0.035,200,OV2295-R2,full,71367685,0.004,58c63a68196bddc66383c4d3e332e3e326edecd8c023d2463b0d8179b1d0aae1,60,22,COSMIC_v3.2,3.18.0
SBS2,0.49889779527965805,0,0,12.146030779091593,0.035,200,OV2295-R2,full,71367685,0.004,58c63a68196bddc66383c4d3e332e3e326edecd8c023d2463b0d8179b1d0aae1,60,22,COSMIC_v3.2,3.18.0
SBS20,0,0,0,0,0,200,OV2295-R2,full,71367685,0.004,58c63a68196bddc66383c4d3e332e3e326edecd8c023d2463b0d8179b1d0aae1,60,22,COSMIC_v3.2,3.18.0
SBS21,0.16206791688306463,0,0,0,0.005,200,OV2295-R2,full,71367685,0.004,58c63a68196bddc66383c4d3e332e3e326edecd8c023d2463b0d8179b1d0aae1,60,22,COSMIC_v3.2,3.18.0
SBS22,0,0,0,0,0,200,OV2295-R2,full,71367685,0.004,58c63a68196bddc66383c4d3e332e3e326edecd8c023d2463b0d8179b1d0aae1,60,22,COSMIC_v3.2,3.18.0
SBS23,1.2657370524644613,0,0,31.703234871182616,0.03,200,OV2295-R2,full,71367685,0.004,58c63a68196bddc66383c4d3e332e3e326edecd8c023d2463b0d8179b1d0aae1,60,22,COSMIC_v3.2,3.18.0
SBS24,51.484968400605794,53.79449052102292,0,126.88608509659274,0.67,200,OV2295-R2,full,71367685,0.004,58c63a68196bddc66383c4d3e332e3e326edecd8c023d2463b0d8179b1d0aae1,60,22,COSMIC_v3.2,3.18.0
SBS25,0.27382066055234777,0,0,0,0.005,200,OV2295-R2,full,71367685,0.004,58c63a68196bddc66383c4d3e332e3e326edecd8c023d2463b0d8179b1d0aae1,60,22,COSMIC_v3.2,3.18.0
SBS26,8.750749296645566,0,0,53.654034240300795,0.22,200,OV2295-R2,full,71367685,0.004,58c63a68196bddc66383c4d3e332e3e326edecd8c023d2463b0d8179b1d0aae1,60,22,COSMIC_v3.2,3.18.0
SBS28,0.25053815039722194,0,0,0,0.015,200,OV2295-R2,full,71367685,0.004,58c63a68196bddc66383c4d3e332e3e326edecd8c023d2463b0d8179b1d0aae1,60,22,COSMIC_v3.2,3.18.0
SBS29,42.654234640881725,36.052309682231524,0,134.19449784090097,0.56,200,OV2295-R2,full,71367685,0.004,58c63a68196bddc66383c4d3e332e3e326edecd8c023d2463b0d8179b1d0aae1,60,22,COSMIC_v3.2,3.18.0
SBS3,39.820822316378134,0,0,215.3648994717998,0.325,200,OV2295-R2,full,71367685,0.004,58c63a68196bddc66383c4d3e332e3e326edecd8c023d2463b0d8179b1d0aae1,60,22,COSMIC_v3.2,3.18.0
SBS30,2.139603403576681,0,0,43.326352468528825,0.04,200,OV2295-R2,full,71367685,0.004,58c63a68196bddc66383c4d3e332e3e326edecd8c023d2463b0d8179b1d0aae1,60,22,COSMIC_v3.2,3.18.0
SBS31,22.211555467545683,0,0,81.60071078844913,0.405,200,OV2295-R2,full,71367685,0.004,58c63a68196bddc66383c4d3e332e3e326edecd8c023d2463b0d8179b1d0aae1,60,22,COSMIC_v3.2,3.18.0
SBS32,6.212921784046433,0,0,48.21837520054069,0.16,200,OV2295-R2,full,71367685,0.004,58c63a68196bddc66383c4d3e332e3e326edecd8c023d2463b0d8179b1d0aae1,60,22,COSMIC_v3.2,3.18.0
SBS33,0,0,0,0,0,200,OV2295-R2,full,71367685,0.004,58c63a68196bddc66383c4d3e332e3e326edecd8c023d2463b0d8179b1d0aae1,60,22,COSMIC_v3.2,3.18.0
SBS34,0,0,0,0,0,200,OV2295-R2,full,71367685,0.004,58c63a68196bddc66383c4d3e332e3e326edecd8c023d2463b0d8179b1d0aae1,60,22,COSMIC_v3.2,3.18.0
SBS35,0,0,0,0,0,200,OV2295-R2,full,71367685,0.004,58c63a68196bddc66383c4d3e332e3e326edecd8c023d2463b0d8179b1d0aae1,60,22,COSMIC_v3.2,3.18.0
SBS36,0,0,0,0,0,200,OV2295-R2,full,71367685,0.004,58c63a68196bddc66383c4d3e332e3e326edecd8c023d2463b0d8179b1d0aae1,60,22,COSMIC_v3.2,3.18.0
SBS37,17.316712925714256,0,0,77.43907002013012,0.325,200,OV2295-R2,full,71367685,0.004,58c63a68196bddc66383c4d3e332e3e326edecd8c023d2463b0d8179b1d0aae1,60,22,COSMIC_v3.2,3.18.0
SBS38,0.6513045593449475,0,0,18.579281369048342,0.03,200,OV2295-R2,full,71367685,0.004,58c63a68196bddc66383c4d3e332e3e326edecd8c023d2463b0d8179b1d0aae1,60,22,COSMIC_v3.2,3.18.0
SBS39,19.95953276123223,0,0,98.44088323212263,0.315,200,OV2295-R2,full,71367685,0.004,58c63a68196bddc66383c4d3e332e3e326edecd8c023d2463b0d8179b1d0aae1,60,22,COSMIC_v3.2,3.18.0
SBS4,53.681373179662394,58.46805262347321,0,126.76219221070369,0.695,200,OV2295-R2,full,71367685,0.004,58c63a68196bddc66383c4d3e332e3e326edecd8c023d2463b0d8179b1d0aae1,60,22,COSMIC_v3.2,3.18.0
SBS40,62.56665729924694,0,0,237.16752373557193,0.46,200,OV2295-R2,full,71367685,0.004,58c63a68196bddc66383c4d3e332e3e326edecd8c023d2463b0d8179b1d0aae1,60,22,COSMIC_v3.2,3.18.0
SBS41,0,0,0,0,0,200,OV2295-R2,full,71367685,0.004,58c63a68196bddc66383c4d3e332e3e326edecd8c023d2463b0d8179b1d0aae1,60,22,COSMIC_v3.2,3.18.0
SBS42,0,0,0,0,0,200,OV2295-R2,full,71367685,0.004,58c63a68196bddc66383c4d3e332e3e326edecd8c023d2463b0d8179b1d0aae1,60,22,COSMIC_v3.2,3.18.0
SBS44,0,0,0,0,0,200,OV2295-R2,full,71367685,0.004,58c63a68196bddc66383c4d3e332e3e326edecd8c023d2463b0d8179b1d0aae1,60,22,COSMIC_v3.2,3.18.0
SBS5,0,0,0,0,0,200,OV2295-R2,full,71367685,0.004,58c63a68196bddc66383c4d3e332e3e326edecd8c023d2463b0d8179b1d0aae1,60,22,COSMIC_v3.2,3.18.0
SBS6,2.0640596528476656,0,0,52.07906178249145,0.04,200,OV2295-R2,full,71367685,0.004,58c63a68196bddc66383c4d3e332e3e326edecd8c023d2463b0d8179b1d0aae1,60,22,COSMIC_v3.2,3.18.0
SBS7a,3.819751901566278,0,0,29.041861673290953,0.145,200,OV2295-R2,full,71367685,0.004,58c63a68196bddc66383c4d3e332e3e326edecd8c023d2463b0d8179b1d0aae1,60,22,COSMIC_v3.2,3.18.0
SBS7b,28.955929516413388,33.67472772470956,0,72.32330935366963,0.585,200,OV2295-R2,full,71367685,0.004,58c63a68196bddc66383c4d3e332e3e326edecd8c023d2463b0d8179b1d0aae1,60,22,COSMIC_v3.2,3.18.0
SBS7c,0,0,0,0,0,200,OV2295-R2,full,71367685,0.004,58c63a68196bddc66383c4d3e332e3e326edecd8c023d2463b0d8179b1d0aae1,60,22,COSMIC_v3.2,3.18.0
SBS7d,1.0099970902272692,0,0,21.920286256213846,0.045,200,OV2295-R2,full,71367685,0.004,58c63a68196bddc66383c4d3e332e3e326edecd8c023d2463b0d8179b1d0aae1,60,22,COSMIC_v3.2,3.18.0
SBS8,10.09026258459961,0,0,76.38781065604202,0.185,200,OV2295-R2,full,71367685,0.004,58c63a68196bddc66383c4d3e332e3e326edecd8c023d2463b0d8179b1d0aae1,60,22,COSMIC_v3.2,3.18.0
SBS84,0.8791938919670432,0,0,18.39996092892011,0.03,200,OV2295-R2,full,71367685,0.004,58c63a68196bddc66383c4d3e332e3e326edecd8c023d2463b0d8179b1d0aae1,60,22,COSMIC_v3.2,3.18.0
SBS85,0.09600907781604628,0,0,0,0.005,200,OV2295-R2,full,71367685,0.004,58c63a68196bddc66383c4d3e332e3e326edecd8c023d2463b0d8179b1d0aae1,60,22,COSMIC_v3.2,3.18.0
SBS86,2.41043590095158,0,0,33.252114050608256,0.075,200,OV2295-R2,full,71367685,0.004,58c63a68196bddc66383c4d3e332e3e326edecd8c023d2463b0d8179b1d0aae1,60,22,COSMIC_v3.2,3.18.0
SBS87,19.604326201564586,0,0,73.52858570392925,0.405,200,OV2295-R2,full,71367685,0.004,58c63a68196bddc66383c4d3e332e3e326edecd8c023d2463b0d8179b1d0aae1,60,22,COSMIC_v3.2,3.18.0
SBS88,0.07962752157922236,0,0,0,0.005,200,OV2295-R2,full,71367685,0.004,58c63a68196bddc66383c4d3e332e3e326edecd8c023d2463b0d8179b1d0aae1,60,22,COSMIC_v3.2,3.18.0
SBS89,91.96728238246365,97.32607267918902,0,181.56325535059915,0.895,200,OV2295-R2,full,71367685,0.004,58c63a68196bddc66383c4d3e332e3e326edecd8c023d2463b0d8179b1d0aae1,60,22,COSMIC_v3.2,3.18.0
SBS9,1.4294148353995932,0,0,29.821825327392588,0.03,200,OV2295-R2,full,71367685,0.004,58c63a68196bddc66383c4d3e332e3e326edecd8c023d2463b0d8179b1d0aae1,60,22,COSMIC_v3.2,3.18.0
SBS90,0,0,0,0,0,200,OV2295-R2,full,71367685,0.004,58c63a68196bddc66383c4d3e332e3e326edecd8c023d2463b0d8179b1d0aae1,60,22,COSMIC_v3.2,3.18.0
SBS91,0.4880419868667458,0,0,15.403751130889182,0.03,200,OV2295-R2,full,71367685,0.004,58c63a68196bddc66383c4d3e332e3e326edecd8c023d2463b0d8179b1d0aae1,60,22,COSMIC_v3.2,3.18.0
SBS92,0,0,0,0,0,200,OV2295-R2,full,71367685,0.004,58c63a68196bddc66383c4d3e332e3e326edecd8c023d2463b0d8179b1d0aae1,60,22,COSMIC_v3.2,3.18.0
SBS93,0.09545015924296475,0,0,0,0.005,200,OV2295-R2,full,71367685,0.004,58c63a68196bddc66383c4d3e332e3e326edecd8c023d2463b0d8179b1d0aae1,60,22,COSMIC_v3.2,3.18.0
SBS94,0,0,0,0,0,200,OV2295-R2,full,71367685,0.004,58c63a68196bddc66383c4d3e332e3e326edecd8c023d2463b0d8179b1d0aae1,60,22,COSMIC_v3.2,3.18.0
SBS1,3.350326819520807,0,0,27.03810910128569,0.145,200,OV3133-R,full,148690701,0.004,58c63a68196bddc66383c4d3e332e3e326edecd8c023d2463b0d8179b1d0aae1,60,22,COSMIC_v3.2,3.18.0
SBS10a,0.09326657778544728,0,0,0,0.01,200,OV3133-R,full,148690701,0.004,58c63a68196bddc66383c4d3e332e3e326edecd8c023d2463b0d8179b1d0aae1,60,22,COSMIC_v3.2,3.18.0
SBS10b,2.594842547272546,0,0,20.738675416384105,0.15,200,OV3133-R,full,148690701,0.004,58c63a68196bddc66383c4d3e332e3e326edecd8c023d2463b0d8179b1d0aae1,60,22,COSMIC_v3.2,3.18.0
SBS10c,0,0,0,0,0,200,OV3133-R,full,148690701,0.004,58c63a68196bddc66383c4d3e332e3e326edecd8c023d2463b0d8179b1d0aae1,60,22,COSMIC_v3.2,3.18.0
SBS10d,0.12580592885361788,0,0,0,0.01,200,OV3133-R,full,148690701,0.004,58c63a68196bddc66383c4d3e332e3e326edecd8c023d2463b0d8179b1d0aae1,60,22,COSMIC_v3.2,3.18.0
SBS11,0.21541463245421383,0,0,0,0.01,200,OV3133-R,full,148690701,0.004,58c63a68196bddc66383c4d3e332e3e326edecd8c023d2463b0d8179b1d0aae1,60,22,COSMIC_v3.2,3.18.0
SBS12,6.844422812148507,0,0,57.29506784869851,0.185,200,OV3133-R,full,148690701,0.004,58c63a68196bddc66383c4d3e332e3e326edecd8c023d2463b0d8179b1d0aae1,60,22,COSMIC_v3.2,3.18.0
SBS13,6.917580299592794,0,0,22.578164396604624,0.43,200,OV3133-R,full,148690701,0.004,58c63a68196bddc66383c4d3e332e3e326edecd8c023d2463b0d8179b1d0aae1,60,22,COSMIC_v3.2,3.18.0
SBS14,1.540845056522589,0,0,22.505426342633182,0.075,200,OV3133-R,full,148690701,0.004,58c63a68196bddc66383c4d3e332e3e326edecd8c023d2463b0d8179b1d0aae1,60,22,COSMIC_v3.2,3.18.0
SBS15,5.657321997483473,0,0,37.74350180456917,0.2,200,OV3133-R,full,148690701,0.004,58c63a68196bddc66383c4d3e332e3e326edecd8c023d2463b0d8179b1d0aae1,60,22,COSMIC_v3.2,3.18.0
SBS16,4.495672710393168,0,0,29.44789604873551,0.185,200,OV3133-R,full,148690701,0.004,58c63a68196bddc66383c4d3e332e3e326edecd8c023d2463b0d8179b1d0aae1,60,22,COSMIC_v3.2,3.18.0
SBS17a,2.8820054347039545,0,0,16.77307996366015,0.2,200,OV3133-R,full,148690701,0.004,58c63a68196bddc66383c4d3e332e3e326edecd8c023d2463b0d8179b1d0aae1,60,22,COSMIC_v3.2,3.18.0
SBS17b,0,0,0,0,0,200,OV3133-R,full,148690701,0.004,58c63a68196bddc66383c4d3e332e3e326edecd8c023d2463b0d8179b1d0aae1,60,22,COSMIC_v3.2,3.18.0
SBS18,1.340838709317669,0,0,27.783843871598364,0.04,200,OV3133-R,full,148690701,0.004,58c63a68196bddc66383c4d3e332e3e326edecd8c023d2463b0d8179b1d0aae1,60,22,COSMIC_v3.2,3.18.0
SBS19,0.46401855387099644,0,0,0,0.015,200,OV3133-R,full,148690701,0.004,58c63a68196bddc66383c4d3e332e3e326edecd8c023d2463b0d8179b1d0aae1,60,22,COSMIC_v3.2,3.18.0
SBS2,0.7337083604357622,0,0,12.038520682121478,0.06,200,OV3133-R,full,148690701,0.004,58c63a68196bddc66383c4d3e332e3e326edecd8c023d2463b0d8179b1d0aae1,60,22,COSMIC_v3.2,3.18.0
SBS20,1.7541329958479772,0,0,25.015192632500238,0.07,200,OV3133-R,full,148690701,0.004,58c63a68196bddc66383c4d3e332e3e326edecd8c023d2463b0d8179b1d0aae1,60,22,COSMIC_v3.2,3.18.0
SBS21,2.6985707164783435,0,0,22.491492819690873,0.145,200,OV3133-R,full,148690701,0.004,58c63a68196bddc66383c4d3e332e3e326edecd8c023d2463b0d8179b1d0aae1,60,22,COSMIC_v3.2,3.18.0
SBS22,1.5259003619857203,0,0,21.25784537131524,0.08,200,OV3133-R,full,148690701,0.004,58c63a68196bddc66383c4d3e332e3e326edecd8c023d2463b0d8179b1d0aae1,60,22,COSMIC_v3.2,3.18.0
SBS23,0.8638777712896185,0,0,20.025876041630838,0.04,200,OV3133-R,full,148690701,0.004,58c63a68196bddc66383c4d3e332e3e326edecd8c023d2463b0d8179b1d0aae1,60,22,COSMIC_v3.2,3.18.0
SBS24,43.084289728358556,47.204042181653534,0,87.10383287286474,0.835,200,OV3133-R,full,148690701,0.004,58c63a68196bddc66383c4d3e332e3e326edecd8c023d2463b0d8179b1d0aae1,60,22,COSMIC_v3.2,3.18.0
SBS25,2.8168917710104266,0,0,50.19629429741239,0.07,200,OV3133-R,full,148690701,0.004,58c63a68196bddc66383c4d3e332e3e326edecd8c023d2463b0d8179b1d0aae1,60,22,COSMIC_v3.2,3.18.0
SBS26,5.641229374647583,0,0,39.261126459643485,0.17,200,OV3133-R,full,148690701,0.004,58c63a68196bddc66383c4d3e332e3e326edecd8c023d2463b0d8179b1d0aae1,60,22,COSMIC_v3.2,3.18.0
SBS28,0,0,0,0,0,200,OV3133-R,full,148690701,0.004,58c63a68196bddc66383c4d3e332e3e326edecd8c023d2463b0d8179b1d0aae1,60,22,COSMIC_v3.2,3.18.0
SBS29,10.367149213625778,0,0,54.35403320658442,0.27,200,OV3133-R,full,148690701,0.004,58c63a68196bddc66383c4d3e332e3e326edecd8c023d2463b0d8179b1d0aae1,60,22,COSMIC_v3.2,3.18.0
SBS3,9.685111170701834,0,0,97.30761517554349,0.125,200,OV3133-R,full,148690701,0.004,58c63a68196bddc66383c4d3e332e3e326edecd8c023d2463b0d8179b1d0aae1,60,22,COSMIC_v3.2,3.18.0
SBS30,1.0489768333808205,0,0,18.383132848762955,0.04,200,OV3133-R,full,148690701,0.004,58c63a68196bddc66383c4d3e332e3e326edecd8c023d2463b0d8179b1d0aae1,60,22,COSMIC_v3.2,3.18.0
SBS31,5.130453010419829,0,0,44.16917696818953,0.165,200,OV3133-R,full,148690701,0.004,58c63a68196bddc66383c4d3e332e3e326edecd8c023d2463b0d8179b1d0aae1,60,22,COSMIC_v3.2,3.18.0
SBS32,0,0,0,0,0,200,OV3133-R,full,148690701,0.004,58c63a68196bddc66383c4d3e332e3e326edecd8c023d2463b0d8179b1d0aae1,60,22,COSMIC_v3.2,3.18.0
SBS33,0.41219531787002145,0,0,0.31065520615856657,0.025,200,OV3133-R,full,148690701,0.004,58c63a68196bddc66383c4d3e332e3e326edecd8c023d2463b0d8179b1d0aae1,60,22,COSMIC_v3.2,3.18.0
SBS34,0,0,0,0,0,200,OV3133-R,full,148690701,0.004,58c63a68196bddc66383c4d3e332e3e326edecd8c023d2463b0d8179b1d0aae1,60,22,COSMIC_v3.2,3.18.0
SBS35,22.689935697353384,20.697503733849544,0,69.29772881271481,0.56,200,OV3133-R,full,148690701,0.004,58c63a68196bddc66383c4d3e332e3e326edecd8c023d2463b0d8179b1d0aae1,60,22,COSMIC_v3.2,3.18.0
SBS36,0,0,0,0,0,200,OV3133-R,full,148690701,0.004,58c63a68196bddc66383c4d3e332e3e326edecd8c023d2463b0d8179b1d0aae1,60,22,COSMIC_v3.2,3.18.0
SBS37,0.16011228386691606,0,0,0,0.005,200,OV3133-R,full,148690701,0.004,58c63a68196bddc66383c4d3e332e3e326edecd8c023d2463b0d8179b1d0aae1,60,22,COSMIC_v3.2,3.18.0
SBS38,15.126570675682572,17.820556666279828,0,40.677369433690714,0.62,200,OV3133-R,full,148690701,0.004,58c63a68196bddc66383c4d3e332e3e326edecd8c023d2463b0d8179b1d0aae1,60,22,COSMIC_v3.2,3.18.0
SBS39,18.22469436452959,0,0,70.10340338897966,0.415,200,OV3133-R,full,148690701,0.004,58c63a68196bddc66383c4d3e332e3e326edecd8c023d2463b0d8179b1d0aae1,60,22,COSMIC_v3.2,3.18.0
SBS4,12.721025331464622,0,0,83.05468236619602,0.255,200,OV3133-R,full,148690701,0.004,58c63a68196bddc66383c4d3e332e3e326edecd8c023d2463b0d8179b1d0aae1,60,22,COSMIC_v3.2,3.18.0
SBS40,14.504344243337266,0,0,117.7266302158497,0.175,200,OV3133-R,full,148690701,0.004,58c63a68196bddc66383c4d3e332e3e326edecd8c023d2463b0d8179b1d0aae1,60,22,COSMIC_v3.2,3.18.0
SBS41,0,0,0,0,0,200,OV3133-R,full,148690701,0.004,58c63a68196bddc66383c4d3e332e3e326edecd8c023d2463b0d8179b1d0aae1,60,22,COSMIC_v3.2,3.18.0
SBS42,0,0,0,0,0,200,OV3133-R,full,148690701,0.004,58c63a68196bddc66383c4d3e332e3e326edecd8c023d2463b0d8179b1d0aae1,60,22,COSMIC_v3.2,3.18.0
SBS44,0.5604815803443047,0,0,0,0.02,200,OV3133-R,full,148690701,0.004,58c63a68196bddc66383c4d3e332e3e326edecd8c023d2463b0d8179b1d0aae1,60,22,COSMIC_v3.2,3.18.0
SBS5,98.57278755200369,111.69343367302372,0,218.49786473406547,0.75,200,OV3133-R,full,148690701,0.004,58c63a68196bddc66383c4d3e332e3e326edecd8c023d2463b0d8179b1d0aae1,60,22,COSMIC_v3.2,3.18.0
SBS6,14.113282262743626,0,0,46.81226574337641,0.455,200,OV3133-R,full,148690701,0.004,58c63a68196bddc66383c4d3e332e3e326edecd8c023d2463b0d8179b1d0aae1,60,22,COSMIC_v3.2,3.18.0
SBS7a,14.24200047648376,16.542812434019446,0,38.89118655070001,0.545,200,OV3133-R,full,148690701,0.004,58c63a68196bddc66383c4d3e332e3e326edecd8c023d2463b0d8179b1d0aae1,60,22,COSMIC_v3.2,3.18.0
SBS7b,17.52632386289338,18.593046448382452,0,50.48427756883833,0.525,200,OV3133-R,full,148690701,0.004,58c63a68196bddc66383c4d3e332e3e326edecd8c023d2463b0d8179b1d0aae1,60,22,COSMIC_v3.2,3.18.0
SBS7c,0,0,0,0,0,200,OV3133-R,full,148690701,0.004,58c63a68196bddc66383c4d3e332e3e326edecd8c023d2463b0d8179b1d0aae1,60,22,COSMIC_v3.2,3.18.0
SBS7d,0.8933250928252644,0,0,15.894305338621674,0.055,200,OV3133-R,full,148690701,0.004,58c63a68196bddc66383c4d3e332e3e326edecd8c023d2463b0d8179b1d0aae1,60,22,COSMIC_v3.2,3.18.0
SBS8,14.755876761811244,0,0,60.92449131846821,0.37,200,OV3133-R,full,148690701,0.004,58c63a68196bddc66383c4d3e332e3e326edecd8c023d2463b0d8179b1d0aae1,60,22,COSMIC_v3.2,3.18.0
SBS84,0.26193172169896356,0,0,0,0.015,200,OV3133-R,full,148690701,0.004,58c63a68196bddc66383c4d3e332e3e326edecd8c023d2463b0d8179b1d0aae1,60,22,COSMIC_v3.2,3.18.0
SBS85,0,0,0,0,0,200,OV3133-R,full,148690701,0.004,58c63a68196bddc66383c4d3e332e3e326edecd8c023d2463b0d8179b1d0aae1,60,22,COSMIC_v3.2,3.18.0
SBS86,1.8481237548329836,0,0,24.39293394852665,0.08,200,OV3133-R,full,148690701,0.004,58c63a68196bddc66383c4d3e332e3e326edecd8c023d2463b0d8179b1d0aae1,60,22,COSMIC_v3.2,3.18.0
SBS87,62.6633280551319,66.70440898158705,13.646345457587582,94.3710069865632,0.975,200,OV3133-R,full,148690701,0.004,58c63a68196bddc66383c4d3e332e3e326edecd8c023d2463b0d8179b1d0aae1,60,22,COSMIC_v3.2,3.18.0
SBS88,0.7670661094866588,0,0,17.47464805921467,0.04,200,OV3133-R,full,148690701,0.004,58c63a68196bddc66383c4d3e332e3e326edecd8c023d2463b0d8179b1d0aae1,60,22,COSMIC_v3.2,3.18.0
SBS89,1.6202702890936094,0,0,28.052953109248712,0.055,200,OV3133-R,full,148690701,0.004,58c63a68196bddc66383c4d3e332e3e326edecd8c023d2463b0d8179b1d0aae1,60,22,COSMIC_v3.2,3.18.0
SBS9,0,0,0,0,0,200,OV3133-R,full,148690701,0.004,58c63a68196bddc66383c4d3e332e3e326edecd8c023d2463b0d8179b1d0aae1,60,22,COSMIC_v3.2,3.18.0
SBS90,0,0,0,0,0,200,OV3133-R,full,148690701,0.004,58c63a68196bddc66383c4d3e332e3e326edecd8c023d2463b0d8179b1d0aae1,60,22,COSMIC_v3.2,3.18.0
SBS91,0.8437854930906065,0,0,13.57449176947967,0.06,200,OV3133-R,full,148690701,0.004,58c63a68196bddc66383c4d3e332e3e326edecd8c023d2463b0d8179b1d0aae1,60,22,COSMIC_v3.2,3.18.0
SBS92,0,0,0,0,0,200,OV3133-R,full,148690701,0.004,58c63a68196bddc66383c4d3e332e3e326edecd8c023d2463b0d8179b1d0aae1,60,22,COSMIC_v3.2,3.18.0
SBS93,0,0,0,0,0,200,OV3133-R,full,148690701,0.004,58c63a68196bddc66383c4d3e332e3e326edecd8c023d2463b0d8179b1d0aae1,60,22,COSMIC_v3.2,3.18.0
SBS94,0.6907197865834357,0,0,0,0.005,200,OV3133-R,full,148690701,0.004,58c63a68196bddc66383c4d3e332e3e326edecd8c023d2463b0d8179b1d0aae1,60,22,COSMIC_v3.2,3.18.0
SBS1,6.718680409381988,0,0,35.664662170407496,0.28,200,OV3133-R2,full,188749792,0.004,58c63a68196bddc66383c4d3e332e3e326edecd8c023d2463b0d8179b1d0aae1,60,22,COSMIC_v3.2,3.18.0
SBS10a,1.3996878037762326,0,0,13.658861297796328,0.12,200,OV3133-R2,full,188749792,0.004,58c63a68196bddc66383c4d3e332e3e326edecd8c023d2463b0d8179b1d0aae1,60,22,COSMIC_v3.2,3.18.0
SBS10b,3.665890763070452,0,0,20.57949070570879,0.235,200,OV3133-R2,full,188749792,0.004,58c63a68196bddc66383c4d3e332e3e326edecd8c023d2463b0d8179b1d0aae1,60,22,COSMIC_v3.2,3.18.0
SBS10c,0,0,0,0,0,200,OV3133-R2,full,188749792,0.004,58c63a68196bddc66383c4d3e332e3e326edecd8c023d2463b0d8179b1d0aae1,60,22,COSMIC_v3.2,3.18.0
SBS10d,0.45116979346487984,0,0,0.36948813517448836,0.025,200,OV3133-R2,full,188749792,0.004,58c63a68196bddc66383c4d3e332e3e326edecd8c023d2463b0d8179b1d0aae1,60,22,COSMIC_v3.2,3.18.0
SBS11,0.08054942272980829,0,0,0,0.005,200,OV3133-R2,full,188749792,0.004,58c63a68196bddc66383c4d3e332e3e326edecd8c023d2463b0d8179b1d0aae1,60,22,COSMIC_v3.2,3.18.0
SBS12,11.770312717631308,0,0,48.967249238005216,0.37,200,OV3133-R2,full,188749792,0.004,58c63a68196bddc66383c4d3e332e3e326edecd8c023d2463b0d8179b1d0aae1,60,22,COSMIC_v3.2,3.18.0
SBS13,4.986270830762087,0,0,18.589448922853904,0.36,200,OV3133-R2,full,188749792,0.004,58c63a68196bddc66383c4d3e332e3e326edecd8c023d2463b0d8179b1d0aae1,60,22,COSMIC_v3.2,3.18.0
SBS14,0.9640907079212515,0,0,18.286603854960877,0.05,200,OV3133-R2,full,188749792,0.004,58c63a68196bddc66383c4d3e332e3e326edecd8c023d2463b0d8179b1d0aae1,60,22,COSMIC_v3.2,3.18.0
SBS15,1.2531813803149128,0,0,19.958931146094116,0.05,200,OV3133-R2,full,188749792,0.004,58c63a68196bddc66383c4d3e332e3e326edecd8c023d2463b0d8179b1d0aae1,60,22,COSMIC_v3.2,3.18.0
SBS16,3.931759780837816,0,0,27.15897225334641,0.18,200,OV3133-R2,full,188749792,0.004,58c63a68196bddc66383c4d3e332e3e326edecd8c023d2463b0d8179b1d0aae1,60,22,COSMIC_v3.2,3.18.0
SBS17a,1.7535420748955661,0,0,14.234348791675414,0.135,200,OV3133-R2,full,188749792,0.004,58c63a68196bddc66383c4d3e332e3e326edecd8c023d2463b0d8179b1d0aae1,60,22,COSMIC_v3.2,3.18.0
SBS17b,0.10279231944309263,0,0,0,0.01,200,OV3133-R2,full,188749792,0.004,58c63a68196bddc66383c4d3e332e3e326edecd8c023d2463b0d8179b1d0aae1,60,22,COSMIC_v3.2,3.18.0
SBS18,9.207412423083635,0,0,59.82419881884138,0.24,200,OV3133-R2,full,188749792,0.004,58c63a68196bddc66383c4d3e332e3e326edecd8c023d2463b0d8179b1d0aae1,60,22,COSMIC_v3.2,3.18.0
SBS19,0.8962557448366648,0,0,17.47173791714336,0.05,200,OV3133-R2,full,188749792,0.004,58c63a68196bddc66383c4d3e332e3e326edecd8c023d2463b0d8179b1d0aae1,60,22,COSMIC_v3.2,3.18.0
SBS2,0,0,0,0,0,200,OV3133-R2,full,188749792,0.004,58c63a68196bddc66383c4d3e332e3e326edecd8c023d2463b0d8179b1d0aae1,60,22,COSMIC_v3.2,3.18.0
SBS20,1.4800530273840682,0,0,23.645359869948265,0.065,200,OV3133-R2,full,188749792,0.004,58c63a68196bddc66383c4d3e332e3e326edecd8c023d2463b0d8179b1d0aae1,60,22,COSMIC_v3.2,3.18.0
SBS21,0.9390045343544057,0,0,16.712341429546218,0.055,200,OV3133-R2,full,188749792,0.004,58c63a68196bddc66383c4d3e332e3e326edecd8c023d2463b0d8179b1d0aae1,60,22,COSMIC_v3.2,3.18.0
SBS22,0.07720005599801558,0,0,0,0.005,200,OV3133-R2,full,188749792,0.004,58c63a68196bddc66383c4d3e332e3e326edecd8c023d2463b0d8179b1d0aae1,60,22,COSMIC_v3.2,3.18.0
SBS23,0.9189206040104442,0,0,21.365887340506497,0.04,200,OV3133-R2,full,188749792,0.004,58c63a68196bddc66383c4d3e332e3e326edecd8c023d2463b0d8179b1d0aae1,60,22,COSMIC_v3.2,3.18.0
SBS24,17.904954505303486,13.00400823091864,0,65.8333368197262,0.515,200,OV3133-R2,full,188749792,0.004,58c63a68196bddc66383c4d3e332e3e326edecd8c023d2463b0d8179b1d0aae1,60,22,COSMIC_v3.2,3.18.0
SBS25,3.777633132605952,0,0,37.65037914352204,0.125,200,OV3133-R2,full,188749792,0.004,58c63a68196bddc66383c4d3e332e3e326edecd8c023d2463b0d8179b1d0aae1,60,22,COSMIC_v3.2,3.18.0
SBS26,4.823396875824991,0,0,44.538450922555214,0.16,200,OV3133-R2,full,188749792,0.004,58c63a68196bddc66383c4d3e332e3e326edecd8c023d2463b0d8179b1d0aae1,60,22,COSMIC_v3.2,3.18.0
SBS28,0,0,0,0,0,200,OV3133-R2,full,188749792,0.004,58c63a68196bddc66383c4d3e332e3e326edecd8c023d2463b0d8179b1d0aae1,60,22,COSMIC_v3.2,3.18.0
SBS29,17.7634980856772,0,0,61.551413649623704,0.44,200,OV3133-R2,full,188749792,0.004,58c63a68196bddc66383c4d3e332e3e326edecd8c023d2463b0d8179b1d0aae1,60,22,COSMIC_v3.2,3.18.0
SBS3,32.467222396436036,0,0,124.98045103099076,0.425,200,OV3133-R2,full,188749792,0.004,58c63a68196bddc66383c4d3e332e3e326edecd8c023d2463b0d8179b1d0aae1,60,22,COSMIC_v3.2,3.18.0
SBS30,12.016922966348295,0,0,47.92199379987362,0.4,200,OV3133-R2,full,188749792,0.004,58c63a68196bddc66383c4d3e332e3e326edecd8c023d2463b0d8179b1d0aae1,60,22,COSMIC_v3.2,3.18.0
SBS31,9.191376775765699,0,0,49.80697427900375,0.305,200,OV3133-R2,full,188749792,0.004,58c63a68196bddc66383c4d3e332e3e326edecd8c023d2463b0d8179b1d0aae1,60,22,COSMIC_v3.2,3.18.0
SBS32,0.7790431901549898,0,0,17.737109826072633,0.035,200,OV3133-R2,full,188749792,0.004,58c63a68196bddc66383c4d3e332e3e326edecd8c023d2463b0d8179b1d0aae1,60,22,COSMIC_v3.2,3.18.0
SBS33,1.681424726439775,0,0,15.142774929943661,0.12,200,OV3133-R2,full,188749792,0.004,58c63a68196bddc66383c4d3e332e3e326edecd8c023d2463b0d8179b1d0aae1,60,22,COSMIC_v3.2,3.18.0
SBS34,0,0,0,0,0,200,OV3133-R2,full,188749792,0.004,58c63a68196bddc66383c4d3e332e3e326edecd8c023d2463b0d8179b1d0aae1,60,22,COSMIC_v3.2,3.18.0
SBS35,14.743481056858037,0,0,55.02313125324477,0.445,200,OV3133-R2,full,188749792,0.004,58c63a68196bddc66383c4d3e332e3e326edecd8c023d2463b0d8179b1d0aae1,60,22,COSMIC_v3.2,3.18.0
SBS36,0.5785201748936722,0,0,0,0.015,200,OV3133-R2,full,188749792,0.004,58c63a68196bddc66383c4d3e332e3e326edecd8c023d2463b0d8179b1d0aae1,60,22,COSMIC_v3.2,3.18.0
SBS37,0,0,0,0,0,200,OV3133-R2,full,188749792,0.004,58c63a68196bddc66383c4d3e332e3e326edecd8c023d2463b0d8179b1d0aae1,60,22,COSMIC_v3.2,3.18.0
SBS38,1.9964985373774757,0,0,20.500996783359767,0.12,200,OV3133-R2,full,188749792,0.004,58c63a68196bddc66383c4d3e332e3e326edecd8c023d2463b0d8179b1d0aae1,60,22,COSMIC_v3.2,3.18.0
SBS39,6.510224021019468,0,0,52.781484479807986,0.2,200,OV3133-R2,full,188749792,0.004,58c63a68196bddc66383c4d3e332e3e326edecd8c023d2463b0d8179b1d0aae1,60,22,COSMIC_v3.2,3.18.0
SBS4,9.779841633422771,0,0,83.9876593591574,0.195,200,OV3133-R2,full,188749792,0.004,58c63a68196bddc66383c4d3e332e3e326edecd8c023d2463b0d8179b1d0aae1,60,22,COSMIC_v3.2,3.18.0
SBS40,6.512973961587688,0,0,84.69274390669796,0.085,200,OV3133-R2,full,188749792,0.004,58c63a68196bddc66383c4d3e332e3e326edecd8c023d2463b0d8179b1d0aae1,60,22,COSMIC_v3.2,3.18.0
SBS41,0,0,0,0,0,200,OV3133-R2,full,188749792,0.004,58c63a68196bddc66383c4d3e332e3e326edecd8c023d2463b0d8179b1d0aae1,60,22,COSMIC_v3.2,3.18.0
SBS42,0,0,0,0,0,200,OV3133-R2,full,188749792,0.004,58c63a68196bddc66383c4d3e332e3e326edecd8c023d2463b0d8179b1d0aae1,60,22,COSMIC_v3.2,3.18.0
SBS44,8.908396370801814,0,0,56.26875442001183,0.235,200,OV3133-R2,full,188749792,0.004,58c63a68196bddc66383c4d3e332e3e326edecd8c023d2463b0d8179b1d0aae1,60,22,COSMIC_v3.2,3.18.0
SBS5,82.20099366634416,81.22609437418376,0,198.54261892274943,0.7,200,OV3133-R2,full,188749792,0.004,58c63a68196bddc66383c4d3e332e3e326edecd8c023d2463b0d8179b1d0aae1,60,22,COSMIC_v3.2,3.18.0
SBS6,27.111845507479096,29.545309494483142,0,62.53468757278717,0.71,200,OV3133-R2,full,188749792,0.004,58c63a68196bddc66383c4d3e332e3e326edecd8c023d2463b0d8179b1d0aae1,60,22,COSMIC_v3.2,3.18.0
SBS7a,6.547642413317161,0,0,27.88904941407279,0.325,200,OV3133-R2,full,188749792,0.004,58c63a68196bddc66383c4d3e332e3e326edecd8c023d2463b0d8179b1d0aae1,60,22,COSMIC_v3.2,3.18.0
SBS7b,4.781227850416209,0,0,34.89913045868072,0.19,200,OV3133-R2,full,188749792,0.004,58c63a68196bddc66383c4d3e332e3e326edecd8c023d2463b0d8179b1d0aae1,60,22,COSMIC_v3.2,3.18.0
SBS7c,1.1634812872304359,0,0,18.40097363092599,0.065,200,OV3133-R2,full,188749792,0.004,58c63a68196bddc66383c4d3e332e3e326edecd8c023d2463b0d8179b1d0aae1,60,22,COSMIC_v3.2,3.18.0
SBS7d,1.652956931433182,0,0,17.938715188945135,0.1,200,OV3133-R2,full,188749792,0.004,58c63a68196bddc66383c4d3e332e3e326edecd8c023d2463b0d8179b1d0aae1,60,22,COSMIC_v3.2,3.18.0
SBS8,3.206787240695643,0,0,38.972537258659436,0.105,200,OV3133-R2,full,188749792,0.004,58c63a68196bddc66383c4d3e332e3e326edecd8c023d2463b0d8179b1d0aae1,60,22,COSMIC_v3.2,3.18.0
SBS84,3.370860539532185,0,0,35.2948836594602,0.13,200,OV3133-R2,full,188749792,0.004,58c63a68196bddc66383c4d3e332e3e326edecd8c023d2463b0d8179b1d0aae1,60,22,COSMIC_v3.2,3.18.0
SBS85,0,0,0,0,0,200,OV3133-R2,full,188749792,0.004,58c63a68196bddc66383c4d3e332e3e326edecd8c023d2463b0d8179b1d0aae1,60,22,COSMIC_v3.2,3.18.0
SBS86,0.6232340211498218,0,0,14.785277087560242,0.03,200,OV3133-R2,full,188749792,0.004,58c63a68196bddc66383c4d3e332e3e326edecd8c023d2463b0d8179b1d0aae1,60,22,COSMIC_v3.2,3.18.0
SBS87,54.726806958441394,57.20183535832146,0,94.42804099907696,0.97,200,OV3133-R2,full,188749792,0.004,58c63a68196bddc66383c4d3e332e3e326edecd8c023d2463b0d8179b1d0aae1,60,22,COSMIC_v3.2,3.18.0
SBS88,1.2218619288713077,0,0,16.556052552044427,0.07,200,OV3133-R2,full,188749792,0.004,58c63a68196bddc66383c4d3e332e3e326edecd8c023d2463b0d8179b1d0aae1,60,22,COSMIC_v3.2,3.18.0
SBS89,0.5727749139170191,0,0,0.36348497414656444,0.025,200,OV3133-R2,full,188749792,0.004,58c63a68196bddc66383c4d3e332e3e326edecd8c023d2463b0d8179b1d0aae1,60,22,COSMIC_v3.2,3.18.0
SBS9,0,0,0,0,0,200,OV3133-R2,full,188749792,0.004,58c63a68196bddc66383c4d3e332e3e326edecd8c023d2463b0d8179b1d0aae1,60,22,COSMIC_v3.2,3.18.0
SBS90,0,0,0,0,0,200,OV3133-R2,full,188749792,0.004,58c63a68196bddc66383c4d3e332e3e326edecd8c023d2463b0d8179b1d0aae1,60,22,COSMIC_v3.2,3.18.0
SBS91,2.702285330170879,0,0,15.76160241170368,0.205,200,OV3133-R2,full,188749792,0.004,58c63a68196bddc66383c4d3e332e3e326edecd8c023d2463b0d8179b1d0aae1,60,22,COSMIC_v3.2,3.18.0
SBS92,0,0,0,0,0,200,OV3133-R2,full,188749792,0.004,58c63a68196bddc66383c4d3e332e3e326edecd8c023d2463b0d8179b1d0aae1,60,22,COSMIC_v3.2,3.18.0
SBS93,0,0,0,0,0,200,OV3133-R2,full,188749792,0.004,58c63a68196bddc66383c4d3e332e3e326edecd8c023d2463b0d8179b1d0aae1,60,22,COSMIC_v3.2,3.18.0
SBS94,0.5746327146106676,0,0,0,0.01,200,OV3133-R2,full,188749792,0.004,58c63a68196bddc66383c4d3e332e3e326edecd8c023d2463b0d8179b1d0aae1,60,22,COSMIC_v3.2,3.18.0
SBS1,22.34939818080304,25.72532830672397,0,51.60340280908037,0.67,200,OV3291,full,122235524,0.004,58c63a68196bddc66383c4d3e332e3e326edecd8c023d2463b0d8179b1d0aae1,60,22,COSMIC_v3.2,3.18.0
SBS10a,0.10424240987501629,0,0,0,0.01,200,OV3291,full,122235524,0.004,58c63a68196bddc66383c4d3e332e3e326edecd8c023d2463b0d8179b1d0aae1,60,22,COSMIC_v3.2,3.18.0
SBS10b,0.34582260390810654,0,0,0,0.02,200,OV3291,full,122235524,0.004,58c63a68196bddc66383c4d3e332e3e326edecd8c023d2463b0d8179b1d0aae1,60,22,COSMIC_v3.2,3.18.0
SBS10c,0.7427164088235325,0,0,0,0.02,200,OV3291,full,122235524,0.004,58c63a68196bddc66383c4d3e332e3e326edecd8c023d2463b0d8179b1d0aae1,60,22,COSMIC_v3.2,3.18.0
SBS10d,0.155625223553923,0,0,0,0.01,200,OV3291,full,122235524,0.004,58c63a68196bddc66383c4d3e332e3e326edecd8c023d2463b0d8179b1d0aae1,60,22,COSMIC_v3.2,3.18.0
SBS11,1.9064439946421654,0,0,25.422527838739317,0.08,200,OV3291,full,122235524,0.004,58c63a68196bddc66383c4d3e332e3e326edecd8c023d2463b0d8179b1d0aae1,60,22,COSMIC_v3.2,3.18.0
SBS12,26.568435834099354,26.16787127510147,0,73.22708365285007,0.635,200,OV3291,full,122235524,0.004,58c63a68196bddc66383c4d3e332e3e326edecd8c023d2463b0d8179b1d0aae1,60,22,COSMIC_v3.2,3.18.0
SBS13,0.3641889084601401,0,0,0.3118976352339226,0.025,200,OV3291,full,122235524,0.004,58c63a68196bddc66383c4d3e332e3e326edecd8c023d2463b0d8179b1d0aae1,60,22,COSMIC_v3.2,3.18.0
SBS14,1.1370507637999758,0,0,18.33963273582962,0.055,200,OV3291,full,122235524,0.004,58c63a68196bddc66383c4d3e332e3e326edecd8c023d2463b0d8179b1d0aae1,60,22,COSMIC_v3.2,3.18.0
SBS15,3.4194069759294354,0,0,32.443241194170454,0.125,200,OV3291,full,122235524,0.004,58c63a68196bddc66383c4d3e332e3e326edecd8c023d2463b0d8179b1d0aae1,60,22,COSMIC_v3.2,3.18.0
SBS16,0,0,0,0,0,200,OV3291,full,122235524,0.004,58c63a68196bddc66383c4d3e332e3e326edecd8c023d2463b0d8179b1d0aae1,60,22,COSMIC_v3.2,3.18.0
SBS17a,0.15421614790608393,0,0,0,0.01,200,OV3291,full,122235524,0.004,58c63a68196bddc66383c4d3e332e3e326edecd8c023d2463b0d8179b1d0aae1,60,22,COSMIC_v3.2,3.18.0
SBS17b,0.49063611885072234,0,0,10.298380182236587,0.045,200,OV3291,full,122235524,0.004,58c63a68196bddc66383c4d3e332e3e326edecd8c023d2463b0d8179b1d0aae1,60,22,COSMIC_v3.2,3.18.0
SBS18,2.152145014361363,0,0,31.701562528917226,0.06,200,OV3291,full,122235524,0.004,58c63a68196bddc66383c4d3e332e3e326edecd8c023d2463b0d8179b1d0aae1,60,22,COSMIC_v3.2,3.18.0
SBS19,13.085258494097117,0,0,40.87013983916444,0.49,200,OV3291,full,122235524,0.004,58c63a68196bddc66383c4d3e332e3e326edecd8c023d2463b0d8179b1d0aae1,60,22,COSMIC_v3.2,3.18.0
SBS2,0.8825293757005943,0,0,13.241485092146307,0.07,200,OV3291,full,122235524,0.004,58c63a68196bddc66383c4d3e332e3e326edecd8c023d2463b0d8179b1d0aae1,60,22,COSMIC_v3.2,3.18.0
SBS20,4.987392364413822,0,0,34.87439680887174,0.19,200,OV3291,full,122235524,0.004,58c63a68196bddc66383c4d3e332e3e326edecd8c023d2463b0d8179b1d0aae1,60,22,COSMIC_v3.2,3.18.0
SBS21,0,0,0,0,0,200,OV3291,full,122235524,0.004,58c63a68196bddc66383c4d3e332e3e326edecd8c023d2463b0d8179b1d0aae1,60,22,COSMIC_v3.2,3.18.0
SBS22,0,0,0,0,0,200,OV3291,full,122235524,0.004,58c63a68196bddc66383c4d3e332e3e326edecd8c023d2463b0d8179b1d0aae1,60,22,COSMIC_v3.2,3.18.0
SBS23,3.449116346745844,0,0,40.579114308395006,0.115,200,OV3291,full,122235524,0.004,58c63a68196bddc66383c4d3e332e3e326edecd8c023d2463b0d8179b1d0aae1,60,22,COSMIC_v3.2,3.18.0
SBS24,63.84573947924529,62.89233449607501,0,107.04388513843945,0.955,200,OV3291,full,122235524,0.004,58c63a68196bddc66383c4d3e332e3e326edecd8c023d2463b0d8179b1d0aae1,60,22,COSMIC_v3.2,3.18.0
SBS25,4.787950019662821,0,0,43.568364327042524,0.125,200,OV3291,full,122235524,0.004,58c63a68196bddc66383c4d3e332e3e326edecd8c023d2463b0d8179b1d0aae1,60,22,COSMIC_v3.2,3.18.0
SBS26,14.258045235884241,0,0,56.30988110235144,0.395,200,OV3291,full,122235524,0.004,58c63a68196bddc66383c4d3e332e3e326edecd8c023d2463b0d8179b1d0aae1,60,22,COSMIC_v3.2,3.18.0
SBS28,0,0,0,0,0,200,OV3291,full,122235524,0.004,58c63a68196bddc66383c4d3e332e3e326edecd8c023d2463b0d8179b1d0aae1,60,22,COSMIC_v3.2,3.18.0
SBS29,5.190628702783819,0,0,59.9326756061585,0.12,200,OV3291,full,122235524,0.004,58c63a68196bddc66383c4d3e332e3e326edecd8c023d2463b0d8179b1d0aae1,60,22,COSMIC_v3.2,3.18.0
SBS3,10.916755879957291,0,0,122.65688969838833,0.13,200,OV3291,full,122235524,0.004,58c63a68196bddc66383c4d3e332e3e326edecd8c023d2463b0d8179b1d0aae1,60,22,COSMIC_v3.2,3.18.0
SBS30,3.8856527299435846,0,0,40.584624180186296,0.115,200,OV3291,full,122235524,0.004,58c63a68196bddc66383c4d3e332e3e326edecd8c023d2463b0d8179b1d0aae1,60,22,COSMIC_v3.2,3.18.0
SBS31,4.1679089304241055,0,0,44.16625454758442,0.12,200,OV3291,full,122235524,0.004,58c63a68196bddc66383c4d3e332e3e326edecd8c023d2463b0d8179b1d0aae1,60,22,COSMIC_v3.2,3.18.0
SBS32,2.279034027630115,0,0,22.97089978101403,0.105,200,OV3291,full,122235524,0.004,58c63a68196bddc66383c4d3e332e3e326edecd8c023d2463b0d8179b1d0aae1,60,22,COSMIC_v3.2,3.18.0
SBS33,0,0,0,0,0,200,OV3291,full,122235524,0.004,58c63a68196bddc66383c4d3e332e3e326edecd8c023d2463b0d8179b1d0aae1,60,22,COSMIC_v3.2,3.18.0
SBS34,0,0,0,0,0,200,OV3291,full,122235524,0.004,58c63a68196bddc66383c4d3e332e3e326edecd8c023d2463b0d8179b1d0aae1,60,22,COSMIC_v3.2,3.18.0
SBS35,0,0,0,0,0,200,OV3291,full,122235524,0.004,58c63a68196bddc66383c4d3e332e3e326edecd8c023d2463b0d8179b1d0aae1,60,22,COSMIC_v3.2,3.18.0
SBS36,0.07722336479571347,0,0,0,0.005,200,OV3291,full,122235524,0.004,58c63a68196bddc66383c4d3e332e3e326edecd8c023d2463b0d8179b1d0aae1,60,22,COSMIC_v3.2,3.18.0
SBS37,13.6659928716878,0,0,59.09676351986425,0.375,200,OV3291,full,122235524,0.004,58c63a68196bddc66383c4d3e332e3e326edecd8c023d2463b0d8179b1d0aae1,60,22,COSMIC_v3.2,3.18.0
SBS38,0,0,0,0,0,200,OV3291,full,122235524,0.004,58c63a68196bddc66383c4d3e332e3e326edecd8c023d2463b0d8179b1d0aae1,60,22,COSMIC_v3.2,3.18.0
SBS39,35.64738575747545,35.62111575914668,0,94.70236587306728,0.59,200,OV3291,full,122235524,0.004,58c63a68196bddc66383c4d3e332e3e326edecd8c023d2463b0d8179b1d0aae1,60,22,COSMIC_v3.2,3.18.0
SBS4,33.174783337742944,32.01083832788611,0,93.97385435065556,0.62,200,OV3291,full,122235524,0.004,58c63a68196bddc66383c4d3e332e3e326edecd8c023d2463b0d8179b1d0aae1,60,22,COSMIC_v3.2,3.18.0
SBS40,1.1873070828997863,0,0,0,0.015,200,OV3291,full,122235524,0.004,58c63a68196bddc66383c4d3e332e3e326edecd8c023d2463b0d8179b1d0aae1,60,22,COSMIC_v3.2,3.18.0
SBS41,0.07069412351162976,0,0,0,0.005,200,OV3291,full,122235524,0.004,58c63a68196bddc66383c4d3e332e3e326edecd8c023d2463b0d8179b1d0aae1,60,22,COSMIC_v3.2,3.18.0
SBS42,1.6230338991616196,0,0,28.6202057659945,0.045,200,OV3291,full,122235524,0.004,58c63a68196bddc66383c4d3e332e3e326edecd8c023d2463b0d8179b1d0aae1,60,22,COSMIC_v3.2,3.18.0
SBS44,13.998876901888755,0,0,63.69597085946757,0.33,200,OV3291,full,122235524,0.004,58c63a68196bddc66383c4d3e332e3e326edecd8c023d2463b0d8179b1d0aae1,60,22,COSMIC_v3.2,3.18.0
SBS5,2.9013655915754737,0,0,28.753892331871235,0.03,200,OV3291,full,122235524,0.004,58c63a68196bddc66383c4d3e332e3e326edecd8c023d2463b0d8179b1d0aae1,60,22,COSMIC_v3.2,3.18.0
SBS6,15.518467407543065,0,0,73.85705757180577,0.32,200,OV3291,full,122235524,0.004,58c63a68196bddc66383c4d3e332e3e326edecd8c023d2463b0d8179b1d0aae1,60,22,COSMIC_v3.2,3.18.0
SBS7a,14.286887263755778,17.748507534692557,0,35.80128105347055,0.595,200,OV3291,full,122235524,0.004,58c63a68196bddc66383c4d3e332e3e326edecd8c023d2463b0d8179b1d0aae1,60,22,COSMIC_v3.2,3.18.0
SBS7b,8.097835995829778,0,0,45.73234359260117,0.25,200,OV3291,full,122235524,0.004,58c63a68196bddc66383c4d3e332e3e326edecd8c023d2463b0d8179b1d0aae1,60,22,COSMIC_v3.2,3.18.0
SBS7c,0,0,0,0,0,200,OV3291,full,122235524,0.004,58c63a68196bddc66383c4d3e332e3e326edecd8c023d2463b0d8179b1d0aae1,60,22,COSMIC_v3.2,3.18.0
SBS7d,0.22030306139711137,0,0,0,0.01,200,OV3291,full,122235524,0.004,58c63a68196bddc66383c4d3e332e3e326edecd8c023d2463b0d8179b1d0aae1,60,22,COSMIC_v3.2,3.18.0
SBS8,14.855242990453123,0,0,69.08800711566501,0.355,200,OV3291,full,122235524,0.004,58c63a68196bddc66383c4d3e332e3e326edecd8c023d2463b0d8179b1d0aae1,60,22,COSMIC_v3.2,3.18.0
SBS84,5.623472752728084,0,0,41.81584687379944,0.18,200,OV3291,full,122235524,0.004,58c63a68196bddc66383c4d3e332e3e326edecd8c023d2463b0d8179b1d0aae1,60,22,COSMIC_v3.2,3.18.0
SBS85,1.719588823473121,0,0,24.540596545583515,0.075,200,OV3291,full,122235524,0.004,58c63a68196bddc66383c4d3e332e3e326edecd8c023d2463b0d8179b1d0aae1,60,22,COSMIC_v3.2,3.18.0
SBS86,13.526714411512147,0,0,44.601316058443594,0.44,200,OV3291,full,122235524,0.004,58c63a68196bddc66383c4d3e332e3e326edecd8c023d2463b0d8179b1d0aae1,60,22,COSMIC_v3.2,3.18.0
SBS87,17.3974169405934,0,0,63.245175157360364,0.475,200,OV3291,full,122235524,0.004,58c63a68196bddc66383c4d3e332e3e326edecd8c023d2463b0d8179b1d0aae1,60,22,COSMIC_v3.2,3.18.0
SBS88,0.6463397038492402,0,0,13.44797421692588,0.035,200,OV3291,full,122235524,0.004,58c63a68196bddc66383c4d3e332e3e326edecd8c023d2463b0d8179b1d0aae1,60,22,COSMIC_v3.2,3.18.0
SBS89,29.844618722510237,27.229488081745572,0,95.75035397038964,0.59,200,OV3291,full,122235524,0.004,58c63a68196bddc66383c4d3e332e3e326edecd8c023d2463b0d8179b1d0aae1,60,22,COSMIC_v3.2,3.18.0
SBS9,0,0,0,0,0,200,OV3291,full,122235524,0.004,58c63a68196bddc66383c4d3e332e3e326edecd8c023d2463b0d8179b1d0aae1,60,22,COSMIC_v3.2,3.18.0
SBS90,0,0,0,0,0,200,OV3291,full,122235524,0.004,58c63a68196bddc66383c4d3e332e3e326edecd8c023d2463b0d8179b1d0aae1,60,22,COSMIC_v3.2,3.18.0
SBS91,4.817457953911767,0,0,19.913542103518406,0.32,200,OV3291,full,122235524,0.004,58c63a68196bddc66383c4d3e332e3e326edecd8c023d2463b0d8179b1d0aae1,60,22,COSMIC_v3.2,3.18.0
SBS92,0,0,0,0,0,200,OV3291,full,122235524,0.004,58c63a68196bddc66383c4d3e332e3e326edecd8c023d2463b0d8179b1d0aae1,60,22,COSMIC_v3.2,3.18.0
SBS93,0,0,0,0,0,200,OV3291,full,122235524,0.004,58c63a68196bddc66383c4d3e332e3e326edecd8c023d2463b0d8179b1d0aae1,60,22,COSMIC_v3.2,3.18.0
SBS94,0.0950767426316103,0,0,0,0.005,200,OV3291,full,122235524,0.004,58c63a68196bddc66383c4d3e332e3e326edecd8c023d2463b0d8179b1d0aae1,60,22,COSMIC_v3.2,3.18.0
SBS1,13.87963779412287,0,0,67.48081959502274,0.335,200,TOV1369,full,254487404,0.004,58c63a68196bddc66383c4d3e332e3e326edecd8c023d2463b0d8179b1d0aae1,60,22,COSMIC_v3.2,3.18.0
SBS10a,0,0,0,0,0,200,TOV1369,full,254487404,0.004,58c63a68196bddc66383c4d3e332e3e326edecd8c023d2463b0d8179b1d0aae1,60,22,COSMIC_v3.2,3.18.0
SBS10b,0.27522141822298085,0,0,0,0.015,200,TOV1369,full,254487404,0.004,58c63a68196bddc66383c4d3e332e3e326edecd8c023d2463b0d8179b1d0aae1,60,22,COSMIC_v3.2,3.18.0
SBS10c,0,0,0,0,0,200,TOV1369,full,254487404,0.004,58c63a68196bddc66383c4d3e332e3e326edecd8c023d2463b0d8179b1d0aae1,60,22,COSMIC_v3.2,3.18.0
SBS10d,0,0,0,0,0,200,TOV1369,full,254487404,0.004,58c63a68196bddc66383c4d3e332e3e326edecd8c023d2463b0d8179b1d0aae1,60,22,COSMIC_v3.2,3.18.0
SBS11,0.22125326852653757,0,0,0,0.005,200,TOV1369,full,254487404,0.004,58c63a68196bddc66383c4d3e332e3e326edecd8c023d2463b0d8179b1d0aae1,60,22,COSMIC_v3.2,3.18.0
SBS12,21.51478031875753,0,0,67.74853849383459,0.445,200,TOV1369,full,254487404,0.004,58c63a68196bddc66383c4d3e332e3e326edecd8c023d2463b0d8179b1d0aae1,60,22,COSMIC_v3.2,3.18.0
SBS13,0,0,0,0,0,200,TOV1369,full,254487404,0.004,58c63a68196bddc66383c4d3e332e3e326edecd8c023d2463b0d8179b1d0aae1,60,22,COSMIC_v3.2,3.18.0
SBS14,0,0,0,0,0,200,TOV1369,full,254487404,0.004,58c63a68196bddc66383c4d3e332e3e326edecd8c023d2463b0d8179b1d0aae1,60,22,COSMIC_v3.2,3.18.0
SBS15,14.346268279124203,0,0,71.82078167868208,0.28,200,TOV1369,full,254487404,0.004,58c63a68196bddc66383c4d3e332e3e326edecd8c023d2463b0d8179b1d0aae1,60,22,COSMIC_v3.2,3.18.0
SBS16,0.8646780554527398,0,0,18.129769723959562,0.03,200,TOV1369,full,254487404,0.004,58c63a68196bddc66383c4d3e332e3e326edecd8c023d2463b0d8179b1d0aae1,60,22,COSMIC_v3.2,3.18.0
SBS17a,0.3836700855236265,0,0,0,0.02,200,TOV1369,full,254487404,0.004,58c63a68196bddc66383c4d3e332e3e326edecd8c023d2463b0d8179b1d0aae1,60,22,COSMIC_v3.2,3.18.0
SBS17b,0,0,0,0,0,200,TOV1369,full,254487404,0.004,58c63a68196bddc66383c4d3e332e3e326edecd8c023d2463b0d8179b1d0aae1,60,22,COSMIC_v3.2,3.18.0
SBS18,0,0,0,0,0,200,TOV1369,full,254487404,0.004,58c63a68196bddc66383c4d3e332e3e326edecd8c023d2463b0d8179b1d0aae1,60,22,COSMIC_v3.2,3.18.0
SBS19,1.6592677937625333,0,0,30.925642683063803,0.05,200,TOV1369,full,254487404,0.004,58c63a68196bddc66383c4d3e332e3e326edecd8c023d2463b0d8179b1d0aae1,60,22,COSMIC_v3.2,3.18.0
SBS2,0.6134165186710857,0,0,15.105625519426495,0.035,200,TOV1369,full,254487404,0.004,58c63a68196bddc66383c4d3e332e3e326edecd8c023d2463b0d8179b1d0aae1,60,22,COSMIC_v3.2,3.18.0
SBS20,0,0,0,0,0,200,TOV1369,full,254487404,0.004,58c63a68196bddc66383c4d3e332e3e326edecd8c023d2463b0d8179b1d0aae1,60,22,COSMIC_v3.2,3.18.0
SBS21,0,0,0,0,0,200,TOV1369,full,254487404,0.004,58c63a68196bddc66383c4d3e332e3e326edecd8c023d2463b0d8179b1d0aae1,60,22,COSMIC_v3.2,3.18.0
SBS22,0,0,0,0,0,200,TOV1369,full,254487404,0.004,58c63a68196bddc66383c4d3e332e3e326edecd8c023d2463b0d8179b1d0aae1,60,22,COSMIC_v3.2,3.18.0
SBS23,0,0,0,0,0,200,TOV1369,full,254487404,0.004,58c63a68196bddc66383c4d3e332e3e326edecd8c023d2463b0d8179b1d0aae1,60,22,COSMIC_v3.2,3.18.0
SBS24,52.78486123159161,57.091021803662215,0,126.919606291779,0.69,200,TOV1369,full,254487404,0.004,58c63a68196bddc66383c4d3e332e3e326edecd8c023d2463b0d8179b1d0aae1,60,22,COSMIC_v3.2,3.18.0
SBS25,0,0,0,0,0,200,TOV1369,full,254487404,0.004,58c63a68196bddc66383c4d3e332e3e326edecd8c023d2463b0d8179b1d0aae1,60,22,COSMIC_v3.2,3.18.0
SBS26,0.4355474881242896,0,0,0,0.01,200,TOV1369,full,254487404,0.004,58c63a68196bddc66383c4d3e332e3e326edecd8c023d2463b0d8179b1d0aae1,60,22,COSMIC_v3.2,3.18.0
SBS28,0.0795334952306341,0,0,0,0.005,200,TOV1369,full,254487404,0.004,58c63a68196bddc66383c4d3e332e3e326edecd8c023d2463b0d8179b1d0aae1,60,22,COSMIC_v3.2,3.18.0
SBS29,35.03039011334873,0,0,113.51496795678267,0.48,200,TOV1369,full,254487404,0.004,58c63a68196bddc66383c4d3e332e3e326edecd8c023d2463b0d8179b1d0aae1,60,22,COSMIC_v3.2,3.18.0
SBS3,139.7990482512049,114.78711515425786,0,415.7215985634243,0.595,200,TOV1369,full,254487404,0.004,58c63a68196bddc66383c4d3e332e3e326edecd8c023d2463b0d8179b1d0aae1,60,22,COSMIC_v3.2,3.18.0
SBS30,35.259854478379445,41.611610956662716,0,93.91508670015136,0.615,200,TOV1369,full,254487404,0.004,58c63a68196bddc66383c4d3e332e3e326edecd8c023d2463b0d8179b1d0aae1,60,22,COSMIC_v3.2,3.18.0
SBS31,0,0,0,0,0,200,TOV1369,full,254487404,0.004,58c63a68196bddc66383c4d3e332e3e326edecd8c023d2463b0d8179b1d0aae1,60,22,COSMIC_v3.2,3.18.0
SBS32,18.540519821425608,0,0,67.78173036188812,0.425,200,TOV1369,full,254487404,0.004,58c63a68196bddc66383c4d3e332e3e326edecd8c023d2463b0d8179b1d0aae1,60,22,COSMIC_v3.2,3.18.0
SBS33,7.1456163151594945,0,0,35.536399862764895,0.27,200,TOV1369,full,254487404,0.004,58c63a68196bddc66383c4d3e332e3e326edecd8c023d2463b0d8179b1d0aae1,60,22,COSMIC_v3.2,3.18.0
SBS34,0,0,0,0,0,200,TOV1369,full,254487404,0.004,58c63a68196bddc66383c4d3e332e3e326edecd8c023d2463b0d8179b1d0aae1,60,22,COSMIC_v3.2,3.18.0
SBS35,0,0,0,0,0,200,TOV1369,full,254487404,0.004,58c63a68196bddc66383c4d3e332e3e326edecd8c023d2463b0d8179b1d0aae1,60,22,COSMIC_v3.2,3.18.0
SBS36,0,0,0,0,0,200,TOV1369,full,254487404,0.004,58c63a68196bddc66383c4d3e332e3e326edecd8c023d2463b0d8179b1d0aae1,60,22,COSMIC_v3.2,3.18.0
SBS37,4.911547841661522,0,0,55.6108191087168,0.105,200,TOV1369,full,254487404,0.004,58c63a68196bddc66383c4d3e332e3e326edecd8c023d2463b0d8179b1d0aae1,60,22,COSMIC_v3.2,3.18.0
SBS38,0,0,0,0,0,200,TOV1369,full,254487404,0.004,58c63a68196bddc66383c4d3e332e3e326edecd8c023d2463b0d8179b1d0aae1,60,22,COSMIC_v3.2,3.18.0
SBS39,97.36510425555441,111.04820268321734,0,194.43060957441222,0.785,200,TOV1369,full,254487404,0.004,58c63a68196bddc66383c4d3e332e3e326edecd8c023d2463b0d8179b1d0aae1,60,22,COSMIC_v3.2,3.18.0
SBS4,16.203722874351055,0,0,92.22529799258152,0.295,200,TOV1369,full,254487404,0.004,58c63a68196bddc66383c4d3e332e3e326edecd8c023d2463b0d8179b1d0aae1,60,22,COSMIC_v3.2,3.18.0
SBS40,2.800412424913402,0,0,2.277966956699047,0.025,200,TOV1369,full,254487404,0.004,58c63a68196bddc66383c4d3e332e3e326edecd8c023d2463b0d8179b1d0aae1,60,22,COSMIC_v3.2,3.18.0
SBS41,0.14681873751947952,0,0,0,0.005,200,TOV1369,full,254487404,0.004,58c63a68196bddc66383c4d3e332e3e326edecd8c023d2463b0d8179b1d0aae1,60,22,COSMIC_v3.2,3.18.0
SBS42,0,0,0,0,0,200,TOV1369,full,254487404,0.004,58c63a68196bddc66383c4d3e332e3e326edecd8c023d2463b0d8179b1d0aae1,60,22,COSMIC_v3.2,3.18.0
SBS44,0.31635027671026733,0,0,0,0.01,200,TOV1369,full,254487404,0.004,58c63a68196bddc66383c4d3e332e3e326edecd8c023d2463b0d8179b1d0aae1,60,22,COSMIC_v3.2,3.18.0
SBS5,2.256640852069034,0,0,0,0.015,200,TOV1369,full,254487404,0.004,58c63a68196bddc66383c4d3e332e3e326edecd8c023d2463b0d8179b1d0aae1,60,22,COSMIC_v3.2,3.18.0
SBS6,56.445689051157736,63.54770763609434,0,120.54498597014263,0.73,200,TOV1369,full,254487404,0.004,58c63a68196bddc66383c4d3e332e3e326edecd8c023d2463b0d8179b1d0aae1,60,22,COSMIC_v3.2,3.18.0
SBS7a,0.18944172110308644,0,0,0,0.005,200,TOV1369,full,254487404,0.004,58c63a68196bddc66383c4d3e332e3e326edecd8c023d2463b0d8179b1d0aae1,60,22,COSMIC_v3.2,3.18.0
SBS7b,9.35813960158389,0,0,51.43558005162788,0.25,200,TOV1369,full,254487404,0.004,58c63a68196bddc66383c4d3e332e3e326edecd8c023d2463b0d8179b1d0aae1,60,22,COSMIC_v3.2,3.18.0
SBS7c,0,0,0,0,0,200,TOV1369,full,254487404,0.004,58c63a68196bddc66383c4d3e332e3e326edecd8c023d2463b0d8179b1d0aae1,60,22,COSMIC_v3.2,3.18.0
SBS7d,0,0,0,0,0,200,TOV1369,full,254487404,0.004,58c63a68196bddc66383c4d3e332e3e326edecd8c023d2463b0d8179b1d0aae1,60,22,COSMIC_v3.2,3.18.0
SBS8,76.385843313138,81.44433022189472,0,155.07173230446787,0.805,200,TOV1369,full,254487404,0.004,58c63a68196bddc66383c4d3e332e3e326edecd8c023d2463b0d8179b1d0aae1,60,22,COSMIC_v3.2,3.18.0
SBS84,0.8160445563464811,0,0,0,0.02,200,TOV1369,full,254487404,0.004,58c63a68196bddc66383c4d3e332e3e326edecd8c023d2463b0d8179b1d0aae1,60,22,COSMIC_v3.2,3.18.0
SBS85,0.09348097390304917,0,0,0,0.005,200,TOV1369,full,254487404,0.004,58c63a68196bddc66383c4d3e332e3e326edecd8c023d2463b0d8179b1d0aae1,60,22,COSMIC_v3.2,3.18.0
SBS86,1.4265844845979416,0,0,24.21167258457006,0.05,200,TOV1369,full,254487404,0.004,58c63a68196bddc66383c4d3e332e3e326edecd8c023d2463b0d8179b1d0aae1,60,22,COSMIC_v3.2,3.18.0
SBS87,43.41008203619968,47.755478429335966,0,106.46651655681279,0.745,200,TOV1369,full,254487404,0.004,58c63a68196bddc66383c4d3e332e3e326edecd8c023d2463b0d8179b1d0aae1,60,22,COSMIC_v3.2,3.18.0
SBS88,0,0,0,0,0,200,TOV1369,full,254487404,0.004,58c63a68196bddc66383c4d3e332e3e326edecd8c023d2463b0d8179b1d0aae1,60,22,COSMIC_v3.2,3.18.0
SBS89,10.494727209478675,0,0,63.73886210957478,0.195,200,TOV1369,full,254487404,0.004,58c63a68196bddc66383c4d3e332e3e326edecd8c023d2463b0d8179b1d0aae1,60,22,COSMIC_v3.2,3.18.0
SBS9,0,0,0,0,0,200,TOV1369,full,254487404,0.004,58c63a68196bddc66383c4d3e332e3e326edecd8c023d2463b0d8179b1d0aae1,60,22,COSMIC_v3.2,3.18.0
SBS90,0,0,0,0,0,200,TOV1369,full,254487404,0.004,58c63a68196bddc66383c4d3e332e3e326edecd8c023d2463b0d8179b1d0aae1,60,22,COSMIC_v3.2,3.18.0
SBS91,5.435126395518646,0,0,25.443441203051517,0.26,200,TOV1369,full,254487404,0.004,58c63a68196bddc66383c4d3e332e3e326edecd8c023d2463b0d8179b1d0aae1,60,22,COSMIC_v3.2,3.18.0
SBS92,0.5842448935071509,0,0,0,0.01,200,TOV1369,full,254487404,0.004,58c63a68196bddc66383c4d3e332e3e326edecd8c023d2463b0d8179b1d0aae1,60,22,COSMIC_v3.2,3.18.0
SBS93,1.1758551318871113,0,0,25.347767748175656,0.03,200,TOV1369,full,254487404,0.004,58c63a68196bddc66383c4d3e332e3e326edecd8c023d2463b0d8179b1d0aae1,60,22,COSMIC_v3.2,3.18.0
SBS94,0,0,0,0,0,200,TOV1369,full,254487404,0.004,58c63a68196bddc66383c4d3e332e3e326edecd8c023d2463b0d8179b1d0aae1,60,22,COSMIC_v3.2,3.18.0
SBS1,29.719395493450133,31.844979219825156,0,53.63754119794965,0.87,200,TOV2295-R,full,27589318,0.004,58c63a68196bddc66383c4d3e332e3e326edecd8c023d2463b0d8179b1d0aae1,60,22,COSMIC_v3.2,3.18.0
SBS10a,0.05655793372151039,0,0,0,0.005,200,TOV2295-R,full,27589318,0.004,58c63a68196bddc66383c4d3e332e3e326edecd8c023d2463b0d8179b1d0aae1,60,22,COSMIC_v3.2,3.18.0
SBS10b,0.06202373511829545,0,0,0,0.005,200,TOV2295-R,full,27589318,0.004,58c63a68196bddc66383c4d3e332e3e326edecd8c023d2463b0d8179b1d0aae1,60,22,COSMIC_v3.2,3.18.0
SBS10c,0,0,0,0,0,200,TOV2295-R,full,27589318,0.004,58c63a68196bddc66383c4d3e332e3e326edecd8c023d2463b0d8179b1d0aae1,60,22,COSMIC_v3.2,3.18.0
SBS10d,0,0,0,0,0,200,TOV2295-R,full,27589318,0.004,58c63a68196bddc66383c4d3e332e3e326edecd8c023d2463b0d8179b1d0aae1,60,22,COSMIC_v3.2,3.18.0
SBS11,15.577440909070571,0,0,53.83268233020146,0.47,200,TOV2295-R,full,27589318,0.004,58c63a68196bddc66383c4d3e332e3e326edecd8c023d2463b0d8179b1d0aae1,60,22,COSMIC_v3.2,3.18.0
SBS12,4.644092937776856,0,0,47.46043468301685,0.125,200,TOV2295-R,full,27589318,0.004,58c63a68196bddc66383c4d3e332e3e326edecd8c023d2463b0d8179b1d0aae1,60,22,COSMIC_v3.2,3.18.0
SBS13,0.061677654394902894,0,0,0,0.005,200,TOV2295-R,full,27589318,0.004,58c63a68196bddc66383c4d3e332e3e326edecd8c023d2463b0d8179b1d0aae1,60,22,COSMIC_v3.2,3.18.0
SBS14,0,0,0,0,0,200,TOV2295-R,full,27589318,0.004,58c63a68196bddc66383c4d3e332e3e326edecd8c023d2463b0d8179b1d0aae1,60,22,COSMIC_v3.2,3.18.0
SBS15,3.695454304507317,0,0,32.72555527722564,0.14,200,TOV2295-R,full,27589318,0.004,58c63a68196bddc66383c4d3e332e3e326edecd8c023d2463b0d8179b1d0aae1,60,22,COSMIC_v3.2,3.18.0
SBS16,0.2478583238851287,0,0,0,0.015,200,TOV2295-R,full,27589318,0.004,58c63a68196bddc66383c4d3e332e3e326edecd8c023d2463b0d8179b1d0aae1,60,22,COSMIC_v3.2,3.18.0
SBS17a,0,0,0,0,0,200,TOV2295-R,full,27589318,0.004,58c63a68196bddc66383c4d3e332e3e326edecd8c023d2463b0d8179b1d0aae1,60,22,COSMIC_v3.2,3.18.0
SBS17b,0.09930325089779021,0,0,0,0.01,200,TOV2295-R,full,27589318,0.004,58c63a68196bddc66383c4d3e332e3e326edecd8c023d2463b0d8179b1d0aae1,60,22,COSMIC_v3.2,3.18.0
SBS18,40.915236544350236,41.9868508441673,0,72.72293635825073,0.89,200,TOV2295-R,full,27589318,0.004,58c63a68196bddc66383c4d3e332e3e326edecd8c023d2463b0d8179b1d0aae1,60,22,COSMIC_v3.2,3.18.0
SBS19,1.7210987952467216,0,0,23.891304277075033,0.065,200,TOV2295-R,full,27589318,0.004,58c63a68196bddc66383c4d3e332e3e326edecd8c023d2463b0d8179b1d0aae1,60,22,COSMIC_v3.2,3.18.0
SBS2,2.1682309799451445,0,0,18.493752385522377,0.155,200,TOV2295-R,full,27589318,0.004,58c63a68196bddc66383c4d3e332e3e326edecd8c023d2463b0d8179b1d0aae1,60,22,COSMIC_v3.2,3.18.0
SBS20,0.08838749739570251,0,0,0,0.005,200,TOV2295-R,full,27589318,0.004,58c63a68196bddc66383c4d3e332e3e326edecd8c023d2463b0d8179b1d0aae1,60,22,COSMIC_v3.2,3.18.0
SBS21,0,0,0,0,0,200,TOV2295-R,full,27589318,0.004,58c63a68196bddc66383c4d3e332e3e326edecd8c023d2463b0d8179b1d0aae1,60,22,COSMIC_v3.2,3.18.0
SBS22,0.34954066988818033,0,0,0.2794403574538015,0.025,200,TOV2295-R,full,27589318,0.004,58c63a68196bddc66383c4d3e332e3e326edecd8c023d2463b0d8179b1d0aae1,60,22,COSMIC_v3.2,3.18.0
SBS23,9.32583753012413,0,0,56.38458248446472,0.24,200,TOV2295-R,full,27589318,0.004,58c63a68196bddc66383c4d3e332e3e326edecd8c023d2463b0d8179b1d0aae1,60,22,COSMIC_v3.2,3.18.0
SBS24,35.96547540774111,36.65367080816064,0,74.90885126251291,0.81,200,TOV2295-R,full,27589318,0.004,58c63a68196bddc66383c4d3e332e3e326edecd8c023d2463b0d8179b1d0aae1,60,22,COSMIC_v3.2,3.18.0
SBS25,0.4722696317306563,0,0,0,0.015,200,TOV2295-R,full,27589318,0.004,58c63a68196bddc66383c4d3e332e3e326edecd8c023d2463b0d8179b1d0aae1,60,22,COSMIC_v3.2,3.18.0
SBS26,27.905066543576808,33.46213100678331,0,60.948107628609634,0.69,200,TOV2295-R,full,27589318,0.004,58c63a68196bddc66383c4d3e332e3e326edecd8c023d2463b0d8179b1d0aae1,60,22,COSMIC_v3.2,3.18.0
SBS28,0.3648618892168084,0,0,10.606703599439983,0.03,200,TOV2295-R,full,27589318,0.004,58c63a68196bddc66383c4d3e332e3e326edecd8c023d2463b0d8179b1d0aae1,60,22,COSMIC_v3.2,3.18.0
SBS29,1.4431704247836807,0,0,33.39221028062283,0.035,200,TOV2295-R,full,27589318,0.004,58c63a68196bddc66383c4d3e332e3e326edecd8c023d2463b0d8179b1d0aae1,60,22,COSMIC_v3.2,3.18.0
SBS3,41.38037387881437,0,0,151.37593140969568,0.475,200,TOV2295-R,full,27589318,0.004,58c63a68196bddc66383c4d3e332e3e326edecd8c023d2463b0d8179b1d0aae1,60,22,COSMIC_v3.2,3.18.0
SBS30,8.62582780973501,0,0,56.5534582163865,0.235,200,TOV2295-R,full,27589318,0.004,58c63a68196bddc66383c4d3e332e3e326edecd8c023d2463b0d8179b1d0aae1,60,22,COSMIC_v3.2,3.18.0
SBS31,48.36349044705742,49.62379929347191,0,92.773340214239,0.855,200,TOV2295-R,full,27589318,0.004,58c63a68196bddc66383c4d3e332e3e326edecd8c023d2463b0d8179b1d0aae1,60,22,COSMIC_v3.2,3.18.0
SBS32,1.7595742710685758,0,0,29.619605404805146,0.06,200,TOV2295-R,full,27589318,0.004,58c63a68196bddc66383c4d3e332e3e326edecd8c023d2463b0d8179b1d0aae1,60,22,COSMIC_v3.2,3.18.0
SBS33,4.930073023865713,0,0,25.78435200138281,0.265,200,TOV2295-R,full,27589318,0.004,58c63a68196bddc66383c4d3e332e3e326edecd8c023d2463b0d8179b1d0aae1,60,22,COSMIC_v3.2,3.18.0
SBS34,0,0,0,0,0,200,TOV2295-R,full,27589318,0.004,58c63a68196bddc66383c4d3e332e3e326edecd8c023d2463b0d8179b1d0aae1,60,22,COSMIC_v3.2,3.18.0
SBS35,0,0,0,0,0,200,TOV2295-R,full,27589318,0.004,58c63a68196bddc66383c4d3e332e3e326edecd8c023d2463b0d8179b1d0aae1,60,22,COSMIC_v3.2,3.18.0
SBS36,0.44321327679085115,0,0,0,0.02,200,TOV2295-R,full,27589318,0.004,58c63a68196bddc66383c4d3e332e3e326edecd8c023d2463b0d8179b1d0aae1,60,22,COSMIC_v3.2,3.18.0
SBS37,6.562172858382876,0,0,52.0978009549998,0.18,200,TOV2295-R,full,27589318,0.004,58c63a68196bddc66383c4d3e332e3e326edecd8c023d2463b0d8179b1d0aae1,60,22,COSMIC_v3.2,3.18.0
SBS38,4.13502154150451,0,0,24.884202522811428,0.22,200,TOV2295-R,full,27589318,0.004,58c63a68196bddc66383c4d3e332e3e326edecd8c023d2463b0d8179b1d0aae1,60,22,COSMIC_v3.2,3.18.0
SBS39,32.994888688030535,31.264036278459162,0,97.72446618057751,0.585,200,TOV2295-R,full,27589318,0.004,58c63a68196bddc66383c4d3e332e3e326edecd8c023d2463b0d8179b1d0aae1,60,22,COSMIC_v3.2,3.18.0
SBS4,6.904772066452698,0,0,58.48807165947093,0.165,200,TOV2295-R,full,27589318,0.004,58c63a68196bddc66383c4d3e332e3e326edecd8c023d2463b0d8179b1d0aae1,60,22,COSMIC_v3.2,3.18.0
SBS40,0.17578015003247205,0,0,0,0.005,200,TOV2295-R,full,27589318,0.004,58c63a68196bddc66383c4d3e332e3e326edecd8c023d2463b0d8179b1d0aae1,60,22,COSMIC_v3.2,3.18.0
SBS41,0,0,0,0,0,200,TOV2295-R,full,27589318,0.004,58c63a68196bddc66383c4d3e332e3e326edecd8c023d2463b0d8179b1d0aae1,60,22,COSMIC_v3.2,3.18.0
SBS42,0.8235133037195447,0,0,0.5699400962692769,0.025,200,TOV2295-R,full,27589318,0.004,58c63a68196bddc66383c4d3e332e3e326edecd8c023d2463b0d8179b1d0aae1,60,22,COSMIC_v3.2,3.18.0
SBS44,0,0,0,0,0,200,TOV2295-R,full,27589318,0.004,58c63a68196bddc66383c4d3e332e3e326edecd8c023d2463b0d8179b1d0aae1,60,22,COSMIC_v3.2,3.18.0
SBS5,3.9646935452563956,0,0,94.93134183524934,0.045,200,TOV2295-R,full,27589318,0.004,58c63a68196bddc66383c4d3e332e3e326edecd8c023d2463b0d8179b1d0aae1,60,22,COSMIC_v3.2,3.18.0
SBS6,1.4606399673584292,0,0,37.54384867298638,0.035,200,TOV2295-R,full,27589318,0.004,58c63a68196bddc66383c4d3e332e3e326edecd8c023d2463b0d8179b1d0aae1,60,22,COSMIC_v3.2,3.18.0
SBS7a,10.61317423696878,0,0,37.09136617268475,0.435,200,TOV2295-R,full,27589318,0.004,58c63a68196bddc66383c4d3e332e3e326edecd8c023d2463b0d8179b1d0aae1,60,22,COSMIC_v3.2,3.18.0
SBS7b,7.469314837716319,0,0,54.22064677444291,0.215,200,TOV2295-R,full,27589318,0.004,58c63a68196bddc66383c4d3e332e3e326edecd8c023d2463b0d8179b1d0aae1,60,22,COSMIC_v3.2,3.18.0
SBS7c,0,0,0,0,0,200,TOV2295-R,full,27589318,0.004,58c63a68196bddc66383c4d3e332e3e326edecd8c023d2463b0d8179b1d0aae1,60,22,COSMIC_v3.2,3.18.0
SBS7d,1.5722392850865765,0,0,20.319344595909676,0.08,200,TOV2295-R,full,27589318,0.004,58c63a68196bddc66383c4d3e332e3e326edecd8c023d2463b0d8179b1d0aae1,60,22,COSMIC_v3.2,3.18.0
SBS8,0,0,0,0,0,200,TOV2295-R,full,27589318,0.004,58c63a68196bddc66383c4d3e332e3e326edecd8c023d2463b0d8179b1d0aae1,60,22,COSMIC_v3.2,3.18.0
SBS84,4.71350432971892,0,0,43.07279339629334,0.16,200,TOV2295-R,full,27589318,0.004,58c63a68196bddc66383c4d3e332e3e326edecd8c023d2463b0d8179b1d0aae1,60,22,COSMIC_v3.2,3.18.0
SBS85,0,0,0,0,0,200,TOV2295-R,full,27589318,0.004,58c63a68196bddc66383c4d3e332e3e326edecd8c023d2463b0d8179b1d0aae1,60,22,COSMIC_v3.2,3.18.0
SBS86,8.916911898053758,0,0,44.74298004791075,0.29,200,TOV2295-R,full,27589318,0.004,58c63a68196bddc66383c4d3e332e3e326edecd8c023d2463b0d8179b1d0aae1,60,22,COSMIC_v3.2,3.18.0
SBS87,14.791051653339402,0,0,60.10359001339925,0.425,200,TOV2295-R,full,27589318,0.004,58c63a68196bddc66383c4d3e332e3e326edecd8c023d2463b0d8179b1d0aae1,60,22,COSMIC_v3.2,3.18.0
SBS88,0.5341636040239078,0,0,0.41697943940675625,0.025,200,TOV2295-R,full,27589318,0.004,58c63a68196bddc66383c4d3e332e3e326edecd8c023d2463b0d8179b1d0aae1,60,22,COSMIC_v3.2,3.18.0
SBS89,21.08928183076224,0,0,85.36458043753545,0.44,200,TOV2295-R,full,27589318,0.004,58c63a68196bddc66383c4d3e332e3e326edecd8c023d2463b0d8179b1d0aae1,60,22,COSMIC_v3.2,3.18.0
SBS9,0.27137375533520086,0,0,0,0.015,200,TOV2295-R,full,27589318,0.004,58c63a68196bddc66383c4d3e332e3e326edecd8c023d2463b0d8179b1d0aae1,60,22,COSMIC_v3.2,3.18.0
SBS90,0,0,0,0,0,200,TOV2295-R,full,27589318,0.004,58c63a68196bddc66383c4d3e332e3e326edecd8c023d2463b0d8179b1d0aae1,60,22,COSMIC_v3.2,3.18.0
SBS91,0,0,0,0,0,200,TOV2295-R,full,27589318,0.004,58c63a68196bddc66383c4d3e332e3e326edecd8c023d2463b0d8179b1d0aae1,60,22,COSMIC_v3.2,3.18.0
SBS92,0,0,0,0,0,200,TOV2295-R,full,27589318,0.004,58c63a68196bddc66383c4d3e332e3e326edecd8c023d2463b0d8179b1d0aae1,60,22,COSMIC_v3.2,3.18.0
SBS93,0,0,0,0,0,200,TOV2295-R,full,27589318,0.004,58c63a68196bddc66383c4d3e332e3e326edecd8c023d2463b0d8179b1d0aae1,60,22,COSMIC_v3.2,3.18.0
SBS94,0.3608931841371376,0,0,0,0.005,200,TOV2295-R,full,27589318,0.004,58c63a68196bddc66383c4d3e332e3e326edecd8c023d2463b0d8179b1d0aae1,60,22,COSMIC_v3.2,3.18.0
SBS1,5.233034540708063,0,0,33.297223909141266,0.2,200,TOV2835EP,full,253343173,0.004,58c63a68196bddc66383c4d3e332e3e326edecd8c023d2463b0d8179b1d0aae1,60,22,COSMIC_v3.2,3.18.0
SBS10a,3.7288162977426538,0,0,21.23238284695357,0.24,200,TOV2835EP,full,253343173,0.004,58c63a68196bddc66383c4d3e332e3e326edecd8c023d2463b0d8179b1d0aae1,60,22,COSMIC_v3.2,3.18.0
SBS10b,3.099168265530376,0,0,23.495691153694693,0.165,200,TOV2835EP,full,253343173,0.004,58c63a68196bddc66383c4d3e332e3e326edecd8c023d2463b0d8179b1d0aae1,60,22,COSMIC_v3.2,3.18.0
SBS10c,0.20900305427088725,0,0,0,0.005,200,TOV2835EP,full,253343173,0.004,58c63a68196bddc66383c4d3e332e3e326edecd8c023d2463b0d8179b1d0aae1,60,22,COSMIC_v3.2,3.18.0
SBS10d,2.0533812417357016,0,0,26.99345846413103,0.085,200,TOV2835EP,full,253343173,0.004,58c63a68196bddc66383c4d3e332e3e326edecd8c023d2463b0d8179b1d0aae1,60,22,COSMIC_v3.2,3.18.0
SBS11,0.946131754900894,0,0,12.933450791876844,0.03,200,TOV2835EP,full,253343173,0.004,58c63a68196bddc66383c4d3e332e3e326edecd8c023d2463b0d8179b1d0aae1,60,22,COSMIC_v3.2,3.18.0
SBS12,0.1025545528121483,0,0,0,0.005,200,TOV2835EP,full,253343173,0.004,58c63a68196bddc66383c4d3e332e3e326edecd8c023d2463b0d8179b1d0aae1,60,22,COSMIC_v3.2,3.18.0
SBS13,0,0,0,0,0,200,TOV2835EP,full,253343173,0.004,58c63a68196bddc66383c4d3e332e3e326edecd8c023d2463b0d8179b1d0aae1,60,22,COSMIC_v3.2,3.18.0
SBS14,18.181667579552343,21.80513279238724,0,46.24465347426428,0.605,200,TOV2835EP,full,253343173,0.004,58c63a68196bddc66383c4d3e332e3e326edecd8c023d2463b0d8179b1d0aae1,60,22,COSMIC_v3.2,3.18.0
SBS15,21.60877282163898,20.900737058704802,0,65.7281634455796,0.53,200,TOV2835EP,full,253343173,0.004,58c63a68196bddc66383c4d3e332e3e326edecd8c023d2463b0d8179b1d0aae1,60,22,COSMIC_v3.2,3.18.0
SBS16,4.986129341327039,0,0,33.30534714261558,0.195,200,TOV2835EP,full,253343173,0.004,58c63a68196bddc66383c4d3e332e3e326edecd8c023d2463b0d8179b1d0aae1,60,22,COSMIC_v3.2,3.18.0
SBS17a,2.6169386075752916,0,0,18.729945048928048,0.16,200,TOV2835EP,full,253343173,0.004,58c63a68196bddc66383c4d3e332e3e326edecd8c023d2463b0d8179b1d0aae1,60,22,COSMIC_v3.2,3.18.0
SBS17b,0,0,0,0,0,200,TOV2835EP,full,253343173,0.004,58c63a68196bddc66383c4d3e332e3e326edecd8c023d2463b0d8179b1d0aae1,60,22,COSMIC_v3.2,3.18.0
SBS18,0.7912509039880057,0,0,0,0.015,200,TOV2835EP,full,253343173,0.004,58c63a68196bddc66383c4d3e332e3e326edecd8c023d2463b0d8179b1d0aae1,60,22,COSMIC_v3.2,3.18.0
SBS19,7.276601551639381,0,0,42.80342088351814,0.24,200,TOV2835EP,full,253343173,0.004,58c63a68196bddc66383c4d3e332e3e326edecd8c023d2463b0d8179b1d0aae1,60,22,COSMIC_v3.2,3.18.0
SBS2,0.4659443349232138,0,0,11.68749601124648,0.035,200,TOV2835EP,full,253343173,0.004,58c63a68196bddc66383c4d3e332e3e326edecd8c023d2463b0d8179b1d0aae1,60,22,COSMIC_v3.2,3.18.0
SBS20,0.7404656158590454,0,0,0.48022289251360983,0.025,200,TOV2835EP,full,253343173,0.004,58c63a68196bddc66383c4d3e332e3e326edecd8c023d2463b0d8179b1d0aae1,60,22,COSMIC_v3.2,3.18.0
SBS21,0.8542445963288671,0,0,18.517868048757656,0.04,200,TOV2835EP,full,253343173,0.004,58c63a68196bddc66383c4d3e332e3e326edecd8c023d2463b0d8179b1d0aae1,60,22,COSMIC_v3.2,3.18.0
SBS22,3.2725374302922194,0,0,26.263781510345893,0.145,200,TOV2835EP,full,253343173,0.004,58c63a68196bddc66383c4d3e332e3e326edecd8c023d2463b0d8179b1d0aae1,60,22,COSMIC_v3.2,3.18.0
SBS23,3.6780986789825603,0,0,41.128294074062566,0.105,200,TOV2835EP,full,253343173,0.004,58c63a68196bddc66383c4d3e332e3e326edecd8c023d2463b0d8179b1d0aae1,60,22,COSMIC_v3.2,3.18.0
SBS24,58.17812918438622,60.4160504510551,0,110.6388236592523,0.875,200,TOV2835EP,full,253343173,0.004,58c63a68196bddc66383c4d3e332e3e326edecd8c023d2463b0d8179b1d0aae1,60,22,COSMIC_v3.2,3.18.0
SBS25,1.003307993889589,0,0,0.5538280728589756,0.025,200,TOV2835EP,full,253343173,0.004,58c63a68196bddc66383c4d3e332e3e326edecd8c023d2463b0d8179b1d0aae1,60,22,COSMIC_v3.2,3.18.0
SBS26,34.781914358191116,39.08453649068943,0,70.04121635973453,0.75,200,TOV2835EP,full,253343173,0.004,58c63a68196bddc66383c4d3e332e3e326edecd8c023d2463b0d8179b1d0aae1,60,22,COSMIC_v3.2,3.18.0
SBS28,0,0,0,0,0,200,TOV2835EP,full,253343173,0.004,58c63a68196bddc66383c4d3e332e3e326edecd8c023d2463b0d8179b1d0aae1,60,22,COSMIC_v3.2,3.18.0
SBS29,15.173629674967657,0,0,88.31597776491449,0.3,200,TOV2835EP,full,253343173,0.004,58c63a68196bddc66383c4d3e332e3e326edecd8c023d2463b0d8179b1d0aae1,60,22,COSMIC_v3.2,3.18.0
SBS3,0.7044710333057316,0,0,0,0.01,200,TOV2835EP,full,253343173,0.004,58c63a68196bddc66383c4d3e332e3e326edecd8c023d2463b0d8179b1d0aae1,60,22,COSMIC_v3.2,3.18.0
SBS30,4.009598331914223,0,0,51.335158253788066,0.09,200,TOV2835EP,full,253343173,0.004,58c63a68196bddc66383c4d3e332e3e326edecd8c023d2463b0d8179b1d0aae1,60,22,COSMIC_v3.2,3.18.0
SBS31,21.4000504617345,0,0,82.40998101129645,0.475,200,TOV2835EP,full,253343173,0.004,58c63a68196bddc66383c4d3e332e3e326edecd8c023d2463b0d8179b1d0aae1,60,22,COSMIC_v3.2,3.18.0
SBS32,10.303897975717216,0,0,43.736494397343776,0.35,200,TOV2835EP,full,253343173,0.004,58c63a68196bddc66383c4d3e332e3e326edecd8c023d2463b0d8179b1d0aae1,60,22,COSMIC_v3.2,3.18.0
SBS33,1.0606394686920682,0,0,17.206793748998578,0.06,200,TOV2835EP,full,253343173,0.004,58c63a68196bddc66383c4d3e332e3e326edecd8c023d2463b0d8179b1d0aae1,60,22,COSMIC_v3.2,3.18.0
SBS34,0,0,0,0,0,200,TOV2835EP,full,253343173,0.004,58c63a68196bddc66383c4d3e332e3e326edecd8c023d2463b0d8179b1d0aae1,60,22,COSMIC_v3.2,3.18.0
SBS35,2.994352333680087,0,0,47.98925922425733,0.065,200,TOV2835EP,full,253343173,0.004,58c63a68196bddc66383c4d3e332e3e326edecd8c023d2463b0d8179b1d0aae1,60,22,COSMIC_v3.2,3.18.0
SBS36,0,0,0,0,0,200,TOV2835EP,full,253343173,0.004,58c63a68196bddc66383c4d3e332e3e326edecd8c023d2463b0d8179b1d0aae1,60,22,COSMIC_v3.2,3.18.0
SBS37,0.5428055773908843,0,0,0,0.02,200,TOV2835EP,full,253343173,0.004,58c63a68196bddc66383c4d3e332e3e326edecd8c023d2463b0d8179b1d0aae1,60,22,COSMIC_v3.2,3.18.0
SBS38,0,0,0,0,0,200,TOV2835EP,full,253343173,0.004,58c63a68196bddc66383c4d3e332e3e326edecd8c023d2463b0d8179b1d0aae1,60,22,COSMIC_v3.2,3.18.0
SBS39,27.318024248453852,21.75891838111576,0,83.50868878673008,0.54,200,TOV2835EP,full,253343173,0.004,58c63a68196bddc66383c4d3e332e3e326edecd8c023d2463b0d8179b1d0aae1,60,22,COSMIC_v3.2,3.18.0
SBS4,56.32330709711646,56.596699637978716,0,132.31262423467288,0.84,200,TOV2835EP,full,253343173,0.004,58c63a68196bddc66383c4d3e332e3e326edecd8c023d2463b0d8179b1d0aae1,60,22,COSMIC_v3.2,3.18.0
SBS40,1.0162070856187215,0,0,0,0.015,200,TOV2835EP,full,253343173,0.004,58c63a68196bddc66383c4d3e332e3e326edecd8c023d2463b0d8179b1d0aae1,60,22,COSMIC_v3.2,3.18.0
SBS41,0,0,0,0,0,200,TOV2835EP,full,253343173,0.004,58c63a68196bddc66383c4d3e332e3e326edecd8c023d2463b0d8179b1d0aae1,60,22,COSMIC_v3.2,3.18.0
SBS42,0.47900054551010934,0,0,0,0.01,200,TOV2835EP,full,253343173,0.004,58c63a68196bddc66383c4d3e332e3e326edecd8c023d2463b0d8179b1d0aae1,60,22,COSMIC_v3.2,3.18.0
SBS44,0,0,0,0,0,200,TOV2835EP,full,253343173,0.004,58c63a68196bddc66383c4d3e332e3e326edecd8c023d2463b0d8179b1d0aae1,60,22,COSMIC_v3.2,3.18.0
SBS5,22.445767844868183,0,0,172.12020628356214,0.18,200,TOV2835EP,full,253343173,0.004,58c63a68196bddc66383c4d3e332e3e326edecd8c023d2463b0d8179b1d0aae1,60,22,COSMIC_v3.2,3.18.0
SBS6,35.41358529255293,32.2268551874394,0,103.77594259335896,0.63,200,TOV2835EP,full,253343173,0.004,58c63a68196bddc66383c4d3e332e3e326edecd8c023d2463b0d8179b1d0aae1,60,22,COSMIC_v3.2,3.18.0
SBS7a,12.605917039219285,0,0,39.33940942846512,0.495,200,TOV2835EP,full,253343173,0.004,58c63a68196bddc66383c4d3e332e3e326edecd8c023d2463b0d8179b1d0aae1,60,22,COSMIC_v3.2,3.18.0
SBS7b,19.965478072511097,0,0,62.17321532252889,0.49,200,TOV2835EP,full,253343173,0.004,58c63a68196bddc66383c4d3e332e3e326edecd8c023d2463b0d8179b1d0aae1,60,22,COSMIC_v3.2,3.18.0
SBS7c,0,0,0,0,0,200,TOV2835EP,full,253343173,0.004,58c63a68196bddc66383c4d3e332e3e326edecd8c023d2463b0d8179b1d0aae1,60,22,COSMIC_v3.2,3.18.0
SBS7d,0,0,0,0,0,200,TOV2835EP,full,253343173,0.004,58c63a68196bddc66383c4d3e332e3e326edecd8c023d2463b0d8179b1d0aae1,60,22,COSMIC_v3.2,3.18.0
SBS8,11.473535583491786,0,0,67.32362828840905,0.265,200,TOV2835EP,full,253343173,0.004,58c63a68196bddc66383c4d3e332e3e326edecd8c023d2463b0d8179b1d0aae1,60,22,COSMIC_v3.2,3.18.0
SBS84,0,0,0,0,0,200,TOV2835EP,full,253343173,0.004,58c63a68196bddc66383c4d3e332e3e326edecd8c023d2463b0d8179b1d0aae1,60,22,COSMIC_v3.2,3.18.0
SBS85,0,0,0,0,0,200,TOV2835EP,full,253343173,0.004,58c63a68196bddc66383c4d3e332e3e326edecd8c023d2463b0d8179b1d0aae1,60,22,COSMIC_v3.2,3.18.0
SBS86,10.160839733023554,0,0,41.31822700924062,0.335,200,TOV2835EP,full,253343173,0.004,58c63a68196bddc66383c4d3e332e3e326edecd8c023d2463b0d8179b1d0aae1,60,22,COSMIC_v3.2,3.18.0
SBS87,39.01442623504796,43.5533459188737,0,75.3389369139577,0.82,200,TOV2835EP,full,253343173,0.004,58c63a68196bddc66383c4d3e332e3e326edecd8c023d2463b0d8179b1d0aae1,60,22,COSMIC_v3.2,3.18.0
SBS88,0.7422399140321958,0,0,16.683546921385126,0.035,200,TOV2835EP,full,253343173,0.004,58c63a68196bddc66383c4d3e332e3e326edecd8c023d2463b0d8179b1d0aae1,60,22,COSMIC_v3.2,3.18.0
SBS89,32.69545679657979,30.14102827564114,0,98.09101444257043,0.59,200,TOV2835EP,full,253343173,0.004,58c63a68196bddc66383c4d3e332e3e326edecd8c023d2463b0d8179b1d0aae1,60,22,COSMIC_v3.2,3.18.0
SBS9,0,0,0,0,0,200,TOV2835EP,full,253343173,0.004,58c63a68196bddc66383c4d3e332e3e326edecd8c023d2463b0d8179b1d0aae1,60,22,COSMIC_v3.2,3.18.0
SBS90,0,0,0,0,0,200,TOV2835EP,full,253343173,0.004,58c63a68196bddc66383c4d3e332e3e326edecd8c023d2463b0d8179b1d0aae1,60,22,COSMIC_v3.2,3.18.0
SBS91,3.6191515787153863,0,0,21.329068688116582,0.21,200,TOV2835EP,full,253343173,0.004,58c63a68196bddc66383c4d3e332e3e326edecd8c023d2463b0d8179b1d0aae1,60,22,COSMIC_v3.2,3.18.0
SBS92,0,0,0,0,0,200,TOV2835EP,full,253343173,0.004,58c63a68196bddc66383c4d3e332e3e326edecd8c023d2463b0d8179b1d0aae1,60,22,COSMIC_v3.2,3.18.0
SBS93,0,0,0,0,0,200,TOV2835EP,full,253343173,0.004,58c63a68196bddc66383c4d3e332e3e326edecd8c023d2463b0d8179b1d0aae1,60,22,COSMIC_v3.2,3.18.0
SBS94,0,0,0,0,0,200,TOV2835EP,full,253343173,0.004,58c63a68196bddc66383c4d3e332e3e326edecd8c023d2463b0d8179b1d0aae1,60,22,COSMIC_v3.2,3.18.0
SBS1,14.733291123601091,0,0,50.649566307337196,0.425,200,TOV2881EP,full,222089623,0.004,58c63a68196bddc66383c4d3e332e3e326edecd8c023d2463b0d8179b1d0aae1,60,22,COSMIC_v3.2,3.18.0
SBS10a,0.1410079622081854,0,0,0,0.01,200,TOV2881EP,full,222089623,0.004,58c63a68196bddc66383c4d3e332e3e326edecd8c023d2463b0d8179b1d0aae1,60,22,COSMIC_v3.2,3.18.0
SBS10b,0,0,0,0,0,200,TOV2881EP,full,222089623,0.004,58c63a68196bddc66383c4d3e332e3e326edecd8c023d2463b0d8179b1d0aae1,60,22,COSMIC_v3.2,3.18.0
SBS10c,0.5621134764778225,0,0,0,0.015,200,TOV2881EP,full,222089623,0.004,58c63a68196bddc66383c4d3e332e3e326edecd8c023d2463b0d8179b1d0aae1,60,22,COSMIC_v3.2,3.18.0
SBS10d,0.8304195893993782,0,0,22.348287873519464,0.03,200,TOV2881EP,full,222089623,0.004,58c63a68196bddc66383c4d3e332e3e326edecd8c023d2463b0d8179b1d0aae1,60,22,COSMIC_v3.2,3.18.0
SBS11,1.5143071732306017,0,0,26.10074404299041,0.06,200,TOV2881EP,full,222089623,0.004,58c63a68196bddc66383c4d3e332e3e326edecd8c023d2463b0d8179b1d0aae1,60,22,COSMIC_v3.2,3.18.0
SBS12,61.33283908422863,68.01175278595814,0,101.68186357579238,0.875,200,TOV2881EP,full,222089623,0.004,58c63a68196bddc66383c4d3e332e3e326edecd8c023d2463b0d8179b1d0aae1,60,22,COSMIC_v3.2,3.18.0
SBS13,1.4509572911126947,0,0,18.483809058031607,0.08,200,TOV2881EP,full,222089623,0.004,58c63a68196bddc66383c4d3e332e3e326edecd8c023d2463b0d8179b1d0aae1,60,22,COSMIC_v3.2,3.18.0
SBS14,0.43222623082654477,0,0,0,0.02,200,TOV2881EP,full,222089623,0.004,58c63a68196bddc66383c4d3e332e3e326edecd8c023d2463b0d8179b1d0aae1,60,22,COSMIC_v3.2,3.18.0
SBS15,51.772022222516284,54.1391704765301,0,92.35527043657527,0.89,200,TOV2881EP,full,222089623,0.004,58c63a68196bddc66383c4d3e332e3e326edecd8c023d2463b0d8179b1d0aae1,60,22,COSMIC_v3.2,3.18.0
SBS16,0.2732089343965279,0,0,0,0.01,200,TOV2881EP,full,222089623,0.004,58c63a68196bddc66383c4d3e332e3e326edecd8c023d2463b0d8179b1d0aae1,60,22,COSMIC_v3.2,3.18.0
SBS17a,0,0,0,0,0,200,TOV2881EP,full,222089623,0.004,58c63a68196bddc66383c4d3e332e3e326edecd8c023d2463b0d8179b1d0aae1,60,22,COSMIC_v3.2,3.18.0
SBS17b,1.4851362957943235,0,0,15.704326782942005,0.1,200,TOV2881EP,full,222089623,0.004,58c63a68196bddc66383c4d3e332e3e326edecd8c023d2463b0d8179b1d0aae1,60,22,COSMIC_v3.2,3.18.0
SBS18,0.6044756227588369,0,0,0,0.015,200,TOV2881EP,full,222089623,0.004,58c63a68196bddc66383c4d3e332e3e326edecd8c023d2463b0d8179b1d0aae1,60,22,COSMIC_v3.2,3.18.0
SBS19,1.4441074906531886,0,0,22.154665263051704,0.05,200,TOV2881EP,full,222089623,0.004,58c63a68196bddc66383c4d3e332e3e326edecd8c023d2463b0d8179b1d0aae1,60,22,COSMIC_v3.2,3.18.0
SBS2,0.18204007807422637,0,0,0,0.015,200,TOV2881EP,full,222089623,0.004,58c63a68196bddc66383c4d3e332e3e326edecd8c023d2463b0d8179b1d0aae1,60,22,COSMIC_v3.2,3.18.0
SBS20,0.6699669975379037,0,0,0.50962613516874955,0.025,200,TOV2881EP,full,222089623,0.004,58c63a68196bddc66383c4d3e332e3e326edecd8c023d2463b0d8179b1d0aae1,60,22,COSMIC_v3.2,3.18.0
SBS21,0,0,0,0,0,200,TOV2881EP,full,222089623,0.004,58c63a68196bddc66383c4d3e332e3e326edecd8c023d2463b0d8179b1d0aae1,60,22,COSMIC_v3.2,3.18.0
SBS22,0,0,0,0,0,200,TOV2881EP,full,222089623,0.004,58c63a68196bddc66383c4d3e332e3e326edecd8c023d2463b0d8179b1d0aae1,60,22,COSMIC_v3.2,3.18.0
SBS23,14.023219954661716,0,0,56.43363713259886,0.345,200,TOV2881EP,full,222089623,0.004,58c63a68196bddc66383c4d3e332e3e326edecd8c023d2463b0d8179b1d0aae1,60,22,COSMIC_v3.2,3.18.0
SBS24,54.43001453619186,55.10995519776945,0,140.80425606960955,0.725,200,TOV2881EP,full,222089623,0.004,58c63a68196bddc66383c4d3e332e3e326edecd8c023d2463b0d8179b1d0aae1,60,22,COSMIC_v3.2,3.18.0
SBS25,0.5446513489293139,0,0,0,0.02,200,TOV2881EP,full,222089623,0.004,58c63a68196bddc66383c4d3e332e3e326edecd8c023d2463b0d8179b1d0aae1,60,22,COSMIC_v3.2,3.18.0
SBS26,12.121456429938519,0,0,68.58007006670655,0.26,200,TOV2881EP,full,222089623,0.004,58c63a68196bddc66383c4d3e332e3e326edecd8c023d2463b0d8179b1d0aae1,60,22,COSMIC_v3.2,3.18.0
SBS28,0,0,0,0,0,200,TOV2881EP,full,222089623,0.004,58c63a68196bddc66383c4d3e332e3e326edecd8c023d2463b0d8179b1d0aae1,60,22,COSMIC_v3.2,3.18.0
SBS29,58.03321880043569,58.585260181794595,0,142.89928926667957,0.74,200,TOV2881EP,full,222089623,0.004,58c63a68196bddc66383c4d3e332e3e326edecd8c023d2463b0d8179b1d0aae1,60,22,COSMIC_v3.2,3.18.0
SBS3,0.5522285301797417,0,0,0,0.01,200,TOV2881EP,full,222089623,0.004,58c63a68196bddc66383c4d3e332e3e326edecd8c023d2463b0d8179b1d0aae1,60,22,COSMIC_v3.2,3.18.0
SBS30,7.797255912671109,0,0,46.5698794491535,0.24,200,TOV2881EP,full,222089623,0.004,58c63a68196bddc66383c4d3e332e3e326edecd8c023d2463b0d8179b1d0aae1,60,22,COSMIC_v3.2,3.18.0
SBS31,30.439425295190212,33.53069502640683,0,88.92017087359571,0.555,200,TOV2881EP,full,222089623,0.004,58c63a68196bddc66383c4d3e332e3e326edecd8c023d2463b0d8179b1d0aae1,60,22,COSMIC_v3.2,3.18.0
SBS32,0.4333096524990404,0,0,0,0.015,200,TOV2881EP,full,222089623,0.004,58c63a68196bddc66383c4d3e332e3e326edecd8c023d2463b0d8179b1d0aae1,60,22,COSMIC_v3.2,3.18.0
SBS33,0.06697428442819654,0,0,0,0.005,200,TOV2881EP,full,222089623,0.004,58c63a68196bddc66383c4d3e332e3e326edecd8c023d2463b0d8179b1d0aae1,60,22,COSMIC_v3.2,3.18.0
SBS34,0.1973990759823841,0,0,0,0.01,200,TOV2881EP,full,222089623,0.004,58c63a68196bddc66383c4d3e332e3e326edecd8c023d2463b0d8179b1d0aae1,60,22,COSMIC_v3.2,3.18.0
SBS35,5.0415207195129765,0,0,50.75862407660669,0.13,200,TOV2881EP,full,222089623,0.004,58c63a68196bddc66383c4d3e332e3e326edecd8c023d2463b0d8179b1d0aae1,60,22,COSMIC_v3.2,3.18.0
SBS36,0,0,0,0,0,200,TOV2881EP,full,222089623,0.004,58c63a68196bddc66383c4d3e332e3e326edecd8c023d2463b0d8179b1d0aae1,60,22,COSMIC_v3.2,3.18.0
SBS37,0.4459114915041421,0,0,0,0.005,200,TOV2881EP,full,222089623,0.004,58c63a68196bddc66383c4d3e332e3e326edecd8c023d2463b0d8179b1d0aae1,60,22,COSMIC_v3.2,3.18.0
SBS38,1.330933711575656,0,0,20.713472502104036,0.065,200,TOV2881EP,full,222089623,0.004,58c63a68196bddc66383c4d3e332e3e326edecd8c023d2463b0d8179b1d0aae1,60,22,COSMIC_v3.2,3.18.0
SBS39,36.988837244048376,29.636936058264777,0,114.61409240457029,0.535,200,TOV2881EP,full,222089623,0.004,58c63a68196bddc66383c4d3e332e3e326edecd8c023d2463b0d8179b1d0aae1,60,22,COSMIC_v3.2,3.18.0
SBS4,20.396052040260226,0,0,95.33136066843194,0.335,200,TOV2881EP,full,222089623,0.004,58c63a68196bddc66383c4d3e332e3e326edecd8c023d2463b0d8179b1d0aae1,60,22,COSMIC_v3.2,3.18.0
SBS40,2.818255112276909,0,0,65.28885978800865,0.03,200,TOV2881EP,full,222089623,0.004,58c63a68196bddc66383c4d3e332e3e326edecd8c023d2463b0d8179b1d0aae1,60,22,COSMIC_v3.2,3.18.0
SBS41,1.7080294853883693,0,0,39.58600122826431,0.045,200,TOV2881EP,full,222089623,0.004,58c63a68196bddc66383c4d3e332e3e326edecd8c023d2463b0d8179b1d0aae1,60,22,COSMIC_v3.2,3.18.0
SBS42,0.37585401762006226,0,0,0,0.01,200,TOV2881EP,full,222089623,0.004,58c63a68196bddc66383c4d3e332e3e326edecd8c023d2463b0d8179b1d0aae1,60,22,COSMIC_v3.2,3.18.0
SBS44,0,0,0,0,0,200,TOV2881EP,full,222089623,0.004,58c63a68196bddc66383c4d3e332e3e326edecd8c023d2463b0d8179b1d0aae1,60,22,COSMIC_v3.2,3.18.0
SBS5,12.483986362983684,0,0,153.91632890280005,0.105,200,TOV2881EP,full,222089623,0.004,58c63a68196bddc66383c4d3e332e3e326edecd8c023d2463b0d8179b1d0aae1,60,22,COSMIC_v3.2,3.18.0
SBS6,1.9096155724479562,0,0,33.82925765782231,0.035,200,TOV2881EP,full,222089623,0.004,58c63a68196bddc66383c4d3e332e3e326edecd8c023d2463b0d8179b1d0aae1,60,22,COSMIC_v3.2,3.18.0
SBS7a,0.1977575086462351,0,0,0,0.01,200,TOV2881EP,full,222089623,0.004,58c63a68196bddc66383c4d3e332e3e326edecd8c023d2463b0d8179b1d0aae1,60,22,COSMIC_v3.2,3.18.0
SBS7b,4.284151159296127,0,0,37.495356102661574,0.13,200,TOV2881EP,full,222089623,0.004,58c63a68196bddc66383c4d3e332e3e326edecd8c023d2463b0d8179b1d0aae1,60,22,COSMIC_v3.2,3.18.0
SBS7c,0,0,0,0,0,200,TOV2881EP,full,222089623,0.004,58c63a68196bddc66383c4d3e332e3e326edecd8c023d2463b0d8179b1d0aae1,60,22,COSMIC_v3.2,3.18.0
SBS7d,0,0,0,0,0,200,TOV2881EP,full,222089623,0.004,58c63a68196bddc66383c4d3e332e3e326edecd8c023d2463b0d8179b1d0aae1,60,22,COSMIC_v3.2,3.18.0
SBS8,20.80481529986176,0,0,87.51711944043805,0.38,200,TOV2881EP,full,222089623,0.004,58c63a68196bddc66383c4d3e332e3e326edecd8c023d2463b0d8179b1d0aae1,60,22,COSMIC_v3.2,3.18.0
SBS84,0,0,0,0,0,200,TOV2881EP,full,222089623,0.004,58c63a68196bddc66383c4d3e332e3e326edecd8c023d2463b0d8179b1d0aae1,60,22,COSMIC_v3.2,3.18.0
SBS85,3.0734678918245,0,0,30.4549915909339,0.105,200,TOV2881EP,full,222089623,0.004,58c63a68196bddc66383c4d3e332e3e326edecd8c023d2463b0d8179b1d0aae1,60,22,COSMIC_v3.2,3.18.0
SBS86,19.639808052096846,17.386558704241217,0,53.774746555589864,0.515,200,TOV2881EP,full,222089623,0.004,58c63a68196bddc66383c4d3e332e3e326edecd8c023d2463b0d8179b1d0aae1,60,22,COSMIC_v3.2,3.18.0
SBS87,32.2783633365813,37.74606542423615,0,78.79366277026521,0.63,200,TOV2881EP,full,222089623,0.004,58c63a68196bddc66383c4d3e332e3e326edecd8c023d2463b0d8179b1d0aae1,60,22,COSMIC_v3.2,3.18.0
SBS88,1.9922273421715544,0,0,29.756578985364328,0.07,200,TOV2881EP,full,222089623,0.004,58c63a68196bddc66383c4d3e332e3e326edecd8c023d2463b0d8179b1d0aae1,60,22,COSMIC_v3.2,3.18.0
SBS89,49.37927718497536,54.584168934306376,0,121.23200350590449,0.715,200,TOV2881EP,full,222089623,0.004,58c63a68196bddc66383c4d3e332e3e326edecd8c023d2463b0d8179b1d0aae1,60,22,COSMIC_v3.2,3.18.0
SBS9,6.537602939037993,0,0,54.37169427366819,0.155,200,TOV2881EP,full,222089623,0.004,58c63a68196bddc66383c4d3e332e3e326edecd8c023d2463b0d8179b1d0aae1,60,22,COSMIC_v3.2,3.18.0
SBS90,0,0,0,0,0,200,TOV2881EP,full,222089623,0.004,58c63a68196bddc66383c4d3e332e3e326edecd8c023d2463b0d8179b1d0aae1,60,22,COSMIC_v3.2,3.18.0
SBS91,6.438908827923832,0,0,25.541284831655197,0.325,200,TOV2881EP,full,222089623,0.004,58c63a68196bddc66383c4d3e332e3e326edecd8c023d2463b0d8179b1d0aae1,60,22,COSMIC_v3.2,3.18.0
SBS92,0.3393872042598805,0,0,0,0.005,200,TOV2881EP,full,222089623,0.004,58c63a68196bddc66383c4d3e332e3e326edecd8c023d2463b0d8179b1d0aae1,60,22,COSMIC_v3.2,3.18.0
SBS93,1.805283263310548,0,0,36.0408233113029,0.04,200,TOV2881EP,full,222089623,0.004,58c63a68196bddc66383c4d3e332e3e326edecd8c023d2463b0d8179b1d0aae1,60,22,COSMIC_v3.2,3.18.0
SBS94,1.153218163646177,0,0,0.5185750395185856,0.025,200,TOV2881EP,full,222089623,0.004,58c63a68196bddc66383c4d3e332e3e326edecd8c023d2463b0d8179b1d0aae1,60,22,COSMIC_v3.2,3.18.0
SBS1,2.505739161100941,0,0,53.53444433515452,0.045,200,TOV2929D,full,263591523,0.004,58c63a68196bddc66383c4d3e332e3e326edecd8c023d2463b0d8179b1d0aae1,60,22,COSMIC_v3.2,3.18.0
SBS10a,0.2811582530352174,0,0,0,0.015,200,TOV2929D,full,263591523,0.004,58c63a68196bddc66383c4d3e332e3e326edecd8c023d2463b0d8179b1d0aae1,60,22,COSMIC_v3.2,3.18.0
SBS10b,1.136256299540956,0,0,23.58733017211402,0.04,200,TOV2929D,full,263591523,0.004,58c63a68196bddc66383c4d3e332e3e326edecd8c023d2463b0d8179b1d0aae1,60,22,COSMIC_v3.2,3.18.0
SBS10c,0,0,0,0,0,200,TOV2929D,full,263591523,0.004,58c63a68196bddc66383c4d3e332e3e326edecd8c023d2463b0d8179b1d0aae1,60,22,COSMIC_v3.2,3.18.0
SBS10d,0.17092286445328933,0,0,0,0.005,200,TOV2929D,full,263591523,0.004,58c63a68196bddc66383c4d3e332e3e326edecd8c023d2463b0d8179b1d0aae1,60,22,COSMIC_v3.2,3.18.0
SBS11,2.4515367860198687,0,0,45.18986050065379,0.055,200,TOV2929D,full,263591523,0.004,58c63a68196bddc66383c4d3e332e3e326edecd8c023d2463b0d8179b1d0aae1,60,22,COSMIC_v3.2,3.18.0
SBS12,41.12637231838079,40.57470738197392,0,114.88404640875684,0.515,200,TOV2929D,full,263591523,0.004,58c63a68196bddc66383c4d3e332e3e326edecd8c023d2463b0d8179b1d0aae1,60,22,COSMIC_v3.2,3.18.0
SBS13,0.387387324501555,0,0,0,0.015,200,TOV2929D,full,263591523,0.004,58c63a68196bddc66383c4d3e332e3e326edecd8c023d2463b0d8179b1d0aae1,60,22,COSMIC_v3.2,3.18.0
SBS14,0,0,0,0,0,200,TOV2929D,full,263591523,0.004,58c63a68196bddc66383c4d3e332e3e326edecd8c023d2463b0d8179b1d0aae1,60,22,COSMIC_v3.2,3.18.0
SBS15,51.03976364682741,61.19132109314433,0,114.9177874653673,0.635,200,TOV2929D,full,263591523,0.004,58c63a68196bddc66383c4d3e332e3e326edecd8c023d2463b0d8179b1d0aae1,60,22,COSMIC_v3.2,3.18.0
SBS16,0.4352974941420612,0,0,0,0.01,200,TOV2929D,full,263591523,0.004,58c63a68196bddc66383c4d3e332e3e326edecd8c023d2463b0d8179b1d0aae1,60,22,COSMIC_v3.2,3.18.0
SBS17a,0.22767918785319302,0,0,0,0.01,200,TOV2929D,full,263591523,0.004,58c63a68196bddc66383c4d3e332e3e326edecd8c023d2463b0d8179b1d0aae1,60,22,COSMIC_v3.2,3.18.0
SBS17b,0,0,0,0,0,200,TOV2929D,full,263591523,0.004,58c63a68196bddc66383c4d3e332e3e326edecd8c023d2463b0d8179b1d0aae1,60,22,COSMIC_v3.2,3.18.0
SBS18,25.423957335485213,0,0,108.2367994747685,0.33,200,TOV2929D,full,263591523,0.004,58c63a68196bddc66383c4d3e332e3e326edecd8c023d2463b0d8179b1d0aae1,60,22,COSMIC_v3.2,3.18.0
SBS19,3.4442785706579966,0,0,45.755543926966524,0.075,200,TOV2929D,full,263591523,0.004,58c63a68196bddc66383c4d3e332e3e326edecd8c023d2463b0d8179b1d0aae1,60,22,COSMIC_v3.2,3.18.0
SBS2,0,0,0,0,0,200,TOV2929D,full,263591523,0.004,58c63a68196bddc66383c4d3e332e3e326edecd8c023d2463b0d8179b1d0aae1,60,22,COSMIC_v3.2,3.18.0
SBS20,0,0,0,0,0,200,TOV2929D,full,263591523,0.004,58c63a68196bddc66383c4d3e332e3e326edecd8c023d2463b0d8179b1d0aae1,60,22,COSMIC_v3.2,3.18.0
SBS21,0,0,0,0,0,200,TOV2929D,full,263591523,0.004,58c63a68196bddc66383c4d3e332e3e326edecd8c023d2463b0d8179b1d0aae1,60,22,COSMIC_v3.2,3.18.0
SBS22,0,0,0,0,0,200,TOV2929D,full,263591523,0.004,58c63a68196bddc66383c4d3e332e3e326edecd8c023d2463b0d8179b1d0aae1,60,22,COSMIC_v3.2,3.18.0
SBS23,10.724982078055955,0,0,58.24063167989294,0.23,200,TOV2929D,full,263591523,0.004,58c63a68196bddc66383c4d3e332e3e326edecd8c023d2463b0d8179b1d0aae1,60,22,COSMIC_v3.2,3.18.0
SBS24,42.45793209356493,42.894376584609475,0,132.9586826599032,0.505,200,TOV2929D,full,263591523,0.004,58c63a68196bddc66383c4d3e332e3e326edecd8c023d2463b0d8179b1d0aae1,60,22,COSMIC_v3.2,3.18.0
SBS25,22.65422649982107,0,0,125.60668204874095,0.265,200,TOV2929D,full,263591523,0.004,58c63a68196bddc66383c4d3e332e3e326edecd8c023d2463b0d8179b1d0aae1,60,22,COSMIC_v3.2,3.18.0
SBS26,1.3355380057164101,0,0,0,0.02,200,TOV2929D,full,263591523,0.004,58c63a68196bddc66383c4d3e332e3e326edecd8c023d2463b0d8179b1d0aae1,60,22,COSMIC_v3.2,3.18.0
SBS28,0,0,0,0,0,200,TOV2929D,full,263591523,0.004,58c63a68196bddc66383c4d3e332e3e326edecd8c023d2463b0d8179b1d0aae1,60,22,COSMIC_v3.2,3.18.0
SBS29,74.2763253540035,77.414423270441,0,187.92980477172952,0.62,200,TOV2929D,full,263591523,0.004,58c63a68196bddc66383c4d3e332e3e326edecd8c023d2463b0d8179b1d0aae1,60,22,COSMIC_v3.2,3.18.0
SBS3,0.638462314100574,0,0,0,0.005,200,TOV2929D,full,263591523,0.004,58c63a68196bddc66383c4d3e332e3e326edecd8c023d2463b0d8179b1d0aae1,60,22,COSMIC_v3.2,3.18.0
SBS30,7.698169416169627,0,0,73.1378597971957,0.125,200,TOV2929D,full,263591523,0.004,58c63a68196bddc66383c4d3e332e3e326edecd8c023d2463b0d8179b1d0aae1,60,22,COSMIC_v3.2,3.18.0
SBS31,1.4118930113462393,0,0,1.095801735359945,0.025,200,TOV2929D,full,263591523,0.004,58c63a68196bddc66383c4d3e332e3e326edecd8c023d2463b0d8179b1d0aae1,60,22,COSMIC_v3.2,3.18.0
SBS32,3.1585279249033036,0,0,57.141247780916586,0.06,200,TOV2929D,full,263591523,0.004,58c63a68196bddc66383c4d3e332e3e326edecd8c023d2463b0d8179b1d0aae1,60,22,COSMIC_v3.2,3.18.0
SBS33,0.6537807067942337,0,0,0,0.02,200,TOV2929D,full,263591523,0.004,58c63a68196bddc66383c4d3e332e3e326edecd8c023d2463b0d8179b1d0aae1,60,22,COSMIC_v3.2,3.18.0
SBS34,0,0,0,0,0,200,TOV2929D,full,263591523,0.004,58c63a68196bddc66383c4d3e332e3e326edecd8c023d2463b0d8179b1d0aae1,60,22,COSMIC_v3.2,3.18.0
SBS35,0,0,0,0,0,200,TOV2929D,full,263591523,0.004,58c63a68196bddc66383c4d3e332e3e326edecd8c023d2463b0d8179b1d0aae1,60,22,COSMIC_v3.2,3.18.0
SBS36,0,0,0,0,0,200,TOV2929D,full,263591523,0.004,58c63a68196bddc66383c4d3e332e3e326edecd8c023d2463b0d8179b1d0aae1,60,22,COSMIC_v3.2,3.18.0
SBS37,0,0,0,0,0,200,TOV2929D,full,263591523,0.004,58c63a68196bddc66383c4d3e332e3e326edecd8c023d2463b0d8179b1d0aae1,60,22,COSMIC_v3.2,3.18.0
SBS38,0.4117605396101045,0,0,0,0.015,200,TOV2929D,full,263591523,0.004,58c63a68196bddc66383c4d3e332e3e326edecd8c023d2463b0d8179b1d0aae1,60,22,COSMIC_v3.2,3.18.0
SBS39,55.601638029386635,46.46448956191935,0,176.63297203927854,0.555,200,TOV2929D,full,263591523,0.004,58c63a68196bddc66383c4d3e332e3e326edecd8c023d2463b0d8179b1d0aae1,60,22,COSMIC_v3.2,3.18.0
SBS4,101.27291951418046,103.18711108962088,0,215.80241734565388,0.84,200,TOV2929D,full,263591523,0.004,58c63a68196bddc66383c4d3e332e3e326edecd8c023d2463b0d8179b1d0aae1,60,22,COSMIC_v3.2,3.18.0
SBS40,75.72625250279626,0,0,333.76015801324456,0.365,200,TOV2929D,full,263591523,0.004,58c63a68196bddc66383c4d3e332e3e326edecd8c023d2463b0d8179b1d0aae1,60,22,COSMIC_v3.2,3.18.0
SBS41,0,0,0,0,0,200,TOV2929D,full,263591523,0.004,58c63a68196bddc66383c4d3e332e3e326edecd8c023d2463b0d8179b1d0aae1,60,22,COSMIC_v3.2,3.18.0
SBS42,0.6661437720803208,0,0,0,0.01,200,TOV2929D,full,263591523,0.004,58c63a68196bddc66383c4d3e332e3e326edecd8c023d2463b0d8179b1d0aae1,60,22,COSMIC_v3.2,3.18.0
SBS44,0,0,0,0,0,200,TOV2929D,full,263591523,0.004,58c63a68196bddc66383c4d3e332e3e326edecd8c023d2463b0d8179b1d0aae1,60,22,COSMIC_v3.2,3.18.0
SBS5,151.23082013749956,141.29079249135793,0,405.3890110713972,0.545,200,TOV2929D,full,263591523,0.004,58c63a68196bddc66383c4d3e332e3e326edecd8c023d2463b0d8179b1d0aae1,60,22,COSMIC_v3.2,3.18.0
SBS6,42.3461996007402,0,0,149.51893865588423,0.38,200,TOV2929D,full,263591523,0.004,58c63a68196bddc66383c4d3e332e3e326edecd8c023d2463b0d8179b1d0aae1,60,22,COSMIC_v3.2,3.18.0
SBS7a,1.4394294468707411,0,0,28.632558592399832,0.045,200,TOV2929D,full,263591523,0.004,58c63a68196bddc66383c4d3e332e3e326edecd8c023d2463b0d8179b1d0aae1,60,22,COSMIC_v3.2,3.18.0
SBS7b,6.453328818547812,0,0,53.68537503456924,0.14,200,TOV2929D,full,263591523,0.004,58c63a68196bddc66383c4d3e332e3e326edecd8c023d2463b0d8179b1d0aae1,60,22,COSMIC_v3.2,3.18.0
SBS7c,0.22524580947166292,0,0,0,0.005,200,TOV2929D,full,263591523,0.004,58c63a68196bddc66383c4d3e332e3e326edecd8c023d2463b0d8179b1d0aae1,60,22,COSMIC_v3.2,3.18.0
SBS7d,0,0,0,0,0,200,TOV2929D,full,263591523,0.004,58c63a68196bddc66383c4d3e332e3e326edecd8c023d2463b0d8179b1d0aae1,60,22,COSMIC_v3.2,3.18.0
SBS8,29.794036542215043,0,0,133.02718003628974,0.345,200,TOV2929D,full,263591523,0.004,58c63a68196bddc66383c4d3e332e3e326edecd8c023d2463b0d8179b1d0aae1,60,22,COSMIC_v3.2,3.18.0
SBS84,7.937518777428589,0,0,73.40069282584686,0.135,200,TOV2929D,full,263591523,0.004,58c63a68196bddc66383c4d3e332e3e326edecd8c023d2463b0d8179b1d0aae1,60,22,COSMIC_v3.2,3.18.0
SBS85,0,0,0,0,0,200,TOV2929D,full,263591523,0.004,58c63a68196bddc66383c4d3e332e3e326edecd8c023d2463b0d8179b1d0aae1,60,22,COSMIC_v3.2,3.18.0
SBS86,4.596619969250434,0,0,51.429638907505286,0.1,200,TOV2929D,full,263591523,0.004,58c63a68196bddc66383c4d3e332e3e326edecd8c023d2463b0d8179b1d0aae1,60,22,COSMIC_v3.2,3.18.0
SBS87,42.982310231951466,53.59537975196224,0,99.19951748488366,0.62,200,TOV2929D,full,263591523,0.004,58c63a68196bddc66383c4d3e332e3e326edecd8c023d2463b0d8179b1d0aae1,60,22,COSMIC_v3.2,3.18.0
SBS88,0.2368999284312976,0,0,0,0.005,200,TOV2929D,full,263591523,0.004,58c63a68196bddc66383c4d3e332e3e326edecd8c023d2463b0d8179b1d0aae1,60,22,COSMIC_v3.2,3.18.0
SBS89,51.32432519981493,0,0,175.19185658790886,0.49,200,TOV2929D,full,263591523,0.004,58c63a68196bddc66383c4d3e332e3e326edecd8c023d2463b0d8179b1d0aae1,60,22,COSMIC_v3.2,3.18.0
SBS9,0,0,0,0,0,200,TOV2929D,full,263591523,0.004,58c63a68196bddc66383c4d3e332e3e326edecd8c023d2463b0d8179b1d0aae1,60,22,COSMIC_v3.2,3.18.0
SBS90,0,0,0,0,0,200,TOV2929D,full,263591523,0.004,58c63a68196bddc66383c4d3e332e3e326edecd8c023d2463b0d8179b1d0aae1,60,22,COSMIC_v3.2,3.18.0
SBS91,0.1155802645743271,0,0,0,0.005,200,TOV2929D,full,263591523,0.004,58c63a68196bddc66383c4d3e332e3e326edecd8c023d2463b0d8179b1d0aae1,60,22,COSMIC_v3.2,3.18.0
SBS92,0.28598767855938406,0,0,0,0.005,200,TOV2929D,full,263591523,0.004,58c63a68196bddc66383c4d3e332e3e326edecd8c023d2463b0d8179b1d0aae1,60,22,COSMIC_v3.2,3.18.0
SBS93,0,0,0,0,0,200,TOV2929D,full,263591523,0.004,58c63a68196bddc66383c4d3e332e3e326edecd8c023d2463b0d8179b1d0aae1,60,22,COSMIC_v3.2,3.18.0
SBS94,0,0,0,0,0,200,TOV2929D,full,263591523,0.004,58c63a68196bddc66383c4d3e332e3e326edecd8c023d2463b0d8179b1d0aae1,60,22,COSMIC_v3.2,3.18.0
SBS1,10.850614198701702,0,0,40.05873674804093,0.475,200,TOV3121D,full,98227378,0.004,58c63a68196bddc66383c4d3e332e3e326edecd8c023d2463b0d8179b1d0aae1,60,22,COSMIC_v3.2,3.18.0
SBS10a,0.7772013942485456,0,0,9.240576044721584,0.09,200,TOV3121D,full,98227378,0.004,58c63a68196bddc66383c4d3e332e3e326edecd8c023d2463b0d8179b1d0aae1,60,22,COSMIC_v3.2,3.18.0
SBS10b,5.4403139439069195,0,0,20.530739742274058,0.375,200,TOV3121D,full,98227378,0.004,58c63a68196bddc66383c4d3e332e3e326edecd8c023d2463b0d8179b1d0aae1,60,22,COSMIC_v3.2,3.18.0
SBS10c,0,0,0,0,0,200,TOV3121D,full,98227378,0.004,58c63a68196bddc66383c4d3e332e3e326edecd8c023d2463b0d8179b1d0aae1,60,22,COSMIC_v3.2,3.18.0
SBS10d,0.1393278205488064,0,0,0,0.01,200,TOV3121D,full,98227378,0.004,58c63a68196bddc66383c4d3e332e3e326edecd8c023d2463b0d8179b1d0aae1,60,22,COSMIC_v3.2,3.18.0
SBS11,0.19620139663719197,0,0,0,0.01,200,TOV3121D,full,98227378,0.004,58c63a68196bddc66383c4d3e332e3e326edecd8c023d2463b0d8179b1d0aae1,60,22,COSMIC_v3.2,3.18.0
SBS12,8.949881574126827,0,0,46.84666270796181,0.3,200,TOV3121D,full,98227378,0.004,58c63a68196bddc66383c4d3e332e3e326edecd8c023d2463b0d8179b1d0aae1,60,22,COSMIC_v3.2,3.18.0
SBS13,3.4631869123207695,0,0,17.83335733181786,0.27,200,TOV3121D,full,98227378,0.004,58c63a68196bddc66383c4d3e332e3e326edecd8c023d2463b0d8179b1d0aae1,60,22,COSMIC_v3.2,3.18.0
SBS14,1.698033361201584,0,0,18.503313384178515,0.105,200,TOV3121D,full,98227378,0.004,58c63a68196bddc66383c4d3e332e3e326edecd8c023d2463b0d8179b1d0aae1,60,22,COSMIC_v3.2,3.18.0
SBS15,9.121092982800906,0,0,38.186438509079444,0.37,200,TOV3121D,full,98227378,0.004,58c63a68196bddc66383c4d3e332e3e326edecd8c023d2463b0d8179b1d0aae1,60,22,COSMIC_v3.2,3.18.0
SBS16,4.274995022471095,0,0,27.528787979504397,0.225,200,TOV3121D,full,98227378,0.004,58c63a68196bddc66383c4d3e332e3e326edecd8c023d2463b0d8179b1d0aae1,60,22,COSMIC_v3.2,3.18.0
SBS17a,1.6780156794785512,0,0,14.166228016371402,0.14,200,TOV3121D,full,98227378,0.004,58c63a68196bddc66383c4d3e332e3e326edecd8c023d2463b0d8179b1d0aae1,60,22,COSMIC_v3.2,3.18.0
SBS17b,0,0,0,0,0,200,TOV3121D,full,98227378,0.004,58c63a68196bddc66383c4d3e332e3e326edecd8c023d2463b0d8179b1d0aae1,60,22,COSMIC_v3.2,3.18.0
SBS18,0,0,0,0,0,200,TOV3121D,full,98227378,0.004,58c63a68196bddc66383c4d3e332e3e326edecd8c023d2463b0d8179b1d0aae1,60,22,COSMIC_v3.2,3.18.0
SBS19,13.971777331681979,9.602720105717133,0,45.74046689144111,0.505,200,TOV3121D,full,98227378,0.004,58c63a68196bddc66383c4d3e332e3e326edecd8c023d2463b0d8179b1d0aae1,60,22,COSMIC_v3.2,3.18.0
SBS2,4.481433335243767,0,0,16.905827072930432,0.385,200,TOV3121D,full,98227378,0.004,58c63a68196bddc66383c4d3e332e3e326edecd8c023d2463b0d8179b1d0aae1,60,22,COSMIC_v3.2,3.18.0
SBS20,0.3730971239882152,0,0,0.280163164547741,0.025,200,TOV3121D,full,98227378,0.004,58c63a68196bddc66383c4d3e332e3e326edecd8c023d2463b0d8179b1d0aae1,60,22,COSMIC_v3.2,3.18.0
SBS21,1.3504379602418568,0,0,18.56705355684954,0.085,200,TOV3121D,full,98227378,0.004,58c63a68196bddc66383c4d3e332e3e326edecd8c023d2463b0d8179b1d0aae1,60,22,COSMIC_v3.2,3.18.0
SBS22,0,0,0,0,0,200,TOV3121D,full,98227378,0.004,58c63a68196bddc66383c4d3e332e3e326edecd8c023d2463b0d8179b1d0aae1,60,22,COSMIC_v3.2,3.18.0
SBS23,11.755223697322714,0,0,50.41024521790055,0.39,200,TOV3121D,full,98227378,0.004,58c63a68196bddc66383c4d3e332e3e326edecd8c023d2463b0d8179b1d0aae1,60,22,COSMIC_v3.2,3.18.0
SBS24,9.705931759652596,0,0,40.59351058317966,0.395,200,TOV3121D,full,98227378,0.004,58c63a68196bddc66383c4d3e332e3e326edecd8c023d2463b0d8179b1d0aae1,60,22,COSMIC_v3.2,3.18.0
SBS25,0,0,0,0,0,200,TOV3121D,full,98227378,0.004,58c63a68196bddc66383c4d3e332e3e326edecd8c023d2463b0d8179b1d0aae1,60,22,COSMIC_v3.2,3.18.0
SBS26,18.35345736049928,19.21955847683742,0,55.45460542255446,0.535,200,TOV3121D,full,98227378,0.004,58c63a68196bddc66383c4d3e332e3e326edecd8c023d2463b0d8179b1d0aae1,60,22,COSMIC_v3.2,3.18.0
SBS28,0,0,0,0,0,200,TOV3121D,full,98227378,0.004,58c63a68196bddc66383c4d3e332e3e326edecd8c023d2463b0d8179b1d0aae1,60,22,COSMIC_v3.2,3.18.0
SBS29,13.453135621881975,11.982279435310405,0,42.33946399655302,0.505,200,TOV3121D,full,98227378,0.004,58c63a68196bddc66383c4d3e332e3e326edecd8c023d2463b0d8179b1d0aae1,60,22,COSMIC_v3.2,3.18.0
SBS3,2.3463007156648716,0,0,29.516546716562683,0.04,200,TOV3121D,full,98227378,0.004,58c63a68196bddc66383c4d3e332e3e326edecd8c023d2463b0d8179b1d0aae1,60,22,COSMIC_v3.2,3.18.0
SBS30,15.005961119365136,9.155557947784878,0,49.08418713729912,0.515,200,TOV3121D,full,98227378,0.004,58c63a68196bddc66383c4d3e332e3e326edecd8c023d2463b0d8179b1d0aae1,60,22,COSMIC_v3.2,3.18.0
SBS31,14.93117190235246,0,0,63.154412563087014,0.44,200,TOV3121D,full,98227378,0.004,58c63a68196bddc66383c4d3e332e3e326edecd8c023d2463b0d8179b1d0aae1,60,22,COSMIC_v3.2,3.18.0
SBS32,2.5529981151619947,0,0,26.29862260856935,0.135,200,TOV3121D,full,98227378,0.004,58c63a68196bddc66383c4d3e332e3e326edecd8c023d2463b0d8179b1d0aae1,60,22,COSMIC_v3.2,3.18.0
SBS33,2.4997520908885864,0,0,18.74098997544439,0.185,200,TOV3121D,full,98227378,0.004,58c63a68196bddc66383c4d3e332e3e326edecd8c023d2463b0d8179b1d0aae1,60,22,COSMIC_v3.2,3.18.0
SBS34,0.07714314703086844,0,0,0,0.005,200,TOV3121D,full,98227378,0.004,58c63a68196bddc66383c4d3e332e3e326edecd8c023d2463b0d8179b1d0aae1,60,22,COSMIC_v3.2,3.18.0
SBS35,0.15474489558994192,0,0,0,0.01,200,TOV3121D,full,98227378,0.004,58c63a68196bddc66383c4d3e332e3e326edecd8c023d2463b0d8179b1d0aae1,60,22,COSMIC_v3.2,3.18.0
SBS36,0.06535880302100479,0,0,0,0.005,200,TOV3121D,full,98227378,0.004,58c63a68196bddc66383c4d3e332e3e326edecd8c023d2463b0d8179b1d0aae1,60,22,COSMIC_v3.2,3.18.0
SBS37,4.158322008199419,0,0,38.18710848907607,0.145,200,TOV3121D,full,98227378,0.004,58c63a68196bddc66383c4d3e332e3e326edecd8c023d2463b0d8179b1d0aae1,60,22,COSMIC_v3.2,3.18.0
SBS38,0.09968696987605634,0,0,0,0.01,200,TOV3121D,full,98227378,0.004,58c63a68196bddc66383c4d3e332e3e326edecd8c023d2463b0d8179b1d0aae1,60,22,COSMIC_v3.2,3.18.0
SBS39,26.078530006969512,25.91936154630156,0,69.07209596474745,0.68,200,TOV3121D,full,98227378,0.004,58c63a68196bddc66383c4d3e332e3e326edecd8c023d2463b0d8179b1d0aae1,60,22,COSMIC_v3.2,3.18.0
SBS4,10.225634205544422,0,0,46.24580678862155,0.32,200,TOV3121D,full,98227378,0.004,58c63a68196bddc66383c4d3e332e3e326edecd8c023d2463b0d8179b1d0aae1,60,22,COSMIC_v3.2,3.18.0
SBS40,1.799132078267466,0,0,1.1883044394145676,0.025,200,TOV3121D,full,98227378,0.004,58c63a68196bddc66383c4d3e332e3e326edecd8c023d2463b0d8179b1d0aae1,60,22,COSMIC_v3.2,3.18.0
SBS41,0.04425712138241664,0,0,0,0.005,200,TOV3121D,full,98227378,0.004,58c63a68196bddc66383c4d3e332e3e326edecd8c023d2463b0d8179b1d0aae1,60,22,COSMIC_v3.2,3.18.0
SBS42,0.37257861306188356,0,0,0,0.02,200,TOV3121D,full,98227378,0.004,58c63a68196bddc66383c4d3e332e3e326edecd8c023d2463b0d8179b1d0aae1,60,22,COSMIC_v3.2,3.18.0
SBS44,0.08745000340595196,0,0,0,0.005,200,TOV3121D,full,98227378,0.004,58c63a68196bddc66383c4d3e332e3e326edecd8c023d2463b0d8179b1d0aae1,60,22,COSMIC_v3.2,3.18.0
SBS5,13.002637829244998,0,0,118.79787606655584,0.165,200,TOV3121D,full,98227378,0.004,58c63a68196bddc66383c4d3e332e3e326edecd8c023d2463b0d8179b1d0aae1,60,22,COSMIC_v3.2,3.18.0
SBS6,10.038962815559673,0,0,47.39986024242179,0.335,200,TOV3121D,full,98227378,0.004,58c63a68196bddc66383c4d3e332e3e326edecd8c023d2463b0d8179b1d0aae1,60,22,COSMIC_v3.2,3.18.0
SBS7a,0.9469502246661151,0,0,15.814145929944349,0.055,200,TOV3121D,full,98227378,0.004,58c63a68196bddc66383c4d3e332e3e326edecd8c023d2463b0d8179b1d0aae1,60,22,COSMIC_v3.2,3.18.0
SBS7b,6.217314535938729,0,0,35.300201241477865,0.27,200,TOV3121D,full,98227378,0.004,58c63a68196bddc66383c4d3e332e3e326edecd8c023d2463b0d8179b1d0aae1,60,22,COSMIC_v3.2,3.18.0
SBS7c,0.9712187365322833,0,0,14.804844161814152,0.07,200,TOV3121D,full,98227378,0.004,58c63a68196bddc66383c4d3e332e3e326edecd8c023d2463b0d8179b1d0aae1,60,22,COSMIC_v3.2,3.18.0
SBS7d,1.329069887118076,0,0,15.355208385580786,0.1,200,TOV3121D,full,98227378,0.004,58c63a68196bddc66383c4d3e332e3e326edecd8c023d2463b0d8179b1d0aae1,60,22,COSMIC_v3.2,3.18.0
SBS8,13.982698379788586,0,0,62.293516030443655,0.47,200,TOV3121D,full,98227378,0.004,58c63a68196bddc66383c4d3e332e3e326edecd8c023d2463b0d8179b1d0aae1,60,22,COSMIC_v3.2,3.18.0
SBS84,0,0,0,0,0,200,TOV3121D,full,98227378,0.004,58c63a68196bddc66383c4d3e332e3e326edecd8c023d2463b0d8179b1d0aae1,60,22,COSMIC_v3.2,3.18.0
SBS85,0.08276519561218085,0,0,0,0.005,200,TOV3121D,full,98227378,0.004,58c63a68196bddc66383c4d3e332e3e326edecd8c023d2463b0d8179b1d0aae1,60,22,COSMIC_v3.2,3.18.0
SBS86,7.91293036750172,0,0,29.580553166527576,0.37,200,TOV3121D,full,98227378,0.004,58c63a68196bddc66383c4d3e332e3e326edecd8c023d2463b0d8179b1d0aae1,60,22,COSMIC_v3.2,3.18.0
SBS87,44.42841698781025,44.562530594846535,0,82.83846563941952,0.95,200,TOV3121D,full,98227378,0.004,58c63a68196bddc66383c4d3e332e3e326edecd8c023d2463b0d8179b1d0aae1,60,22,COSMIC_v3.2,3.18.0
SBS88,0.5669583483130849,0,0,10.090302157510237,0.035,200,TOV3121D,full,98227378,0.004,58c63a68196bddc66383c4d3e332e3e326edecd8c023d2463b0d8179b1d0aae1,60,22,COSMIC_v3.2,3.18.0
SBS89,0,0,0,0,0,200,TOV3121D,full,98227378,0.004,58c63a68196bddc66383c4d3e332e3e326edecd8c023d2463b0d8179b1d0aae1,60,22,COSMIC_v3.2,3.18.0
SBS9,0,0,0,0,0,200,TOV3121D,full,98227378,0.004,58c63a68196bddc66383c4d3e332e3e326edecd8c023d2463b0d8179b1d0aae1,60,22,COSMIC_v3.2,3.18.0
SBS90,0,0,0,0,0,200,TOV3121D,full,98227378,0.004,58c63a68196bddc66383c4d3e332e3e326edecd8c023d2463b0d8179b1d0aae1,60,22,COSMIC_v3.2,3.18.0
SBS91,0.200151899119128,0,0,0,0.02,200,TOV3121D,full,98227378,0.004,58c63a68196bddc66383c4d3e332e3e326edecd8c023d2463b0d8179b1d0aae1,60,22,COSMIC_v3.2,3.18.0
SBS92,4.434376967228581,0,0,59.64025455253635,0.085,200,TOV3121D,full,98227378,0.004,58c63a68196bddc66383c4d3e332e3e326edecd8c023d2463b0d8179b1d0aae1,60,22,COSMIC_v3.2,3.18.0
SBS93,0,0,0,0,0,200,TOV3121D,full,98227378,0.004,58c63a68196bddc66383c4d3e332e3e326edecd8c023d2463b0d8179b1d0aae1,60,22,COSMIC_v3.2,3.18.0
SBS94,15.861380651330217,0,0,62.577363419816614,0.415,200,TOV3121D,full,98227378,0.004,58c63a68196bddc66383c4d3e332e3e326edecd8c023d2463b0d8179b1d0aae1,60,22,COSMIC_v3.2,3.18.0
SBS1,15.249155046238442,15.320941572174437,0,44.8531093492236,0.55,200,TOV3121EP,full,117128380,0.004,58c63a68196bddc66383c4d3e332e3e326edecd8c023d2463b0d8179b1d0aae1,60,22,COSMIC_v3.2,3.18.0
SBS10a,3.8543783695393175,0,0,16.756072126322028,0.32,200,TOV3121EP,full,117128380,0.004,58c63a68196bddc66383c4d3e332e3e326edecd8c023d2463b0d8179b1d0aae1,60,22,COSMIC_v3.2,3.18.0
SBS10b,0.43465538354479943,0,0,11.650423653802594,0.03,200,TOV3121EP,full,117128380,0.004,58c63a68196bddc66383c4d3e332e3e326edecd8c023d2463b0d8179b1d0aae1,60,22,COSMIC_v3.2,3.18.0
SBS10c,0,0,0,0,0,200,TOV3121EP,full,117128380,0.004,58c63a68196bddc66383c4d3e332e3e326edecd8c023d2463b0d8179b1d0aae1,60,22,COSMIC_v3.2,3.18.0
SBS10d,0.664402083689938,0,0,15.420129752376734,0.035,200,TOV3121EP,full,117128380,0.004,58c63a68196bddc66383c4d3e332e3e326edecd8c023d2463b0d8179b1d0aae1,60,22,COSMIC_v3.2,3.18.0
SBS11,0.21777655170622728,0,0,0,0.01,200,TOV3121EP,full,117128380,0.004,58c63a68196bddc66383c4d3e332e3e326edecd8c023d2463b0d8179b1d0aae1,60,22,COSMIC_v3.2,3.18.0
SBS12,11.781243838416607,0,0,49.81450568662523,0.36,200,TOV3121EP,full,117128380,0.004,58c63a68196bddc66383c4d3e332e3e326edecd8c023d2463b0d8179b1d0aae1,60,22,COSMIC_v3.2,3.18.0
SBS13,0.6922935364819464,0,0,12.68085308513673,0.055,200,TOV3121EP,full,117128380,0.004,58c63a68196bddc66383c4d3e332e3e326edecd8c023d2463b0d8179b1d0aae1,60,22,COSMIC_v3.2,3.18.0
SBS14,0.7566590306197422,0,0,18.87612378720432,0.04,200,TOV3121EP,full,117128380,0.004,58c63a68196bddc66383c4d3e332e3e326edecd8c023d2463b0d8179b1d0aae1,60,22,COSMIC_v3.2,3.18.0
SBS15,17.378267476491693,17.638506527468568,0,49.048110799082394,0.58,200,TOV3121EP,full,117128380,0.004,58c63a68196bddc66383c4d3e332e3e326edecd8c023d2463b0d8179b1d0aae1,60,22,COSMIC_v3.2,3.18.0
SBS16,0.7110379355004554,0,0,12.507594727422003,0.04,200,TOV3121EP,full,117128380,0.004,58c63a68196bddc66383c4d3e332e3e326edecd8c023d2463b0d8179b1d0aae1,60,22,COSMIC_v3.2,3.18.0
SBS17a,1.8532186410069513,0,0,15.346903844957,0.13,200,TOV3121EP,full,117128380,0.004,58c63a68196bddc66383c4d3e332e3e326edecd8c023d2463b0d8179b1d0aae1,60,22,COSMIC_v3.2,3.18.0
SBS17b,0,0,0,0,0,200,TOV3121EP,full,117128380,0.004,58c63a68196bddc66383c4d3e332e3e326edecd8c023d2463b0d8179b1d0aae1,60,22,COSMIC_v3.2,3.18.0
SBS18,1.5431115091685634,0,0,25.715844880775716,0.04,200,TOV3121EP,full,117128380,0.004,58c63a68196bddc66383c4d3e332e3e326edecd8c023d2463b0d8179b1d0aae1,60,22,COSMIC_v3.2,3.18.0
SBS19,6.897515458151607,0,0,38.031705638678574,0.27,200,TOV3121EP,full,117128380,0.004,58c63a68196bddc66383c4d3e332e3e326edecd8c023d2463b0d8179b1d0aae1,60,22,COSMIC_v3.2,3.18.0
SBS2,2.8340526451192325,0,0,16.039722371141774,0.235,200,TOV3121EP,full,117128380,0.004,58c63a68196bddc66383c4d3e332e3e326edecd8c023d2463b0d8179b1d0aae1,60,22,COSMIC_v3.2,3.18.0
SBS20,0.14706827176201057,0,0,0,0.005,200,TOV3121EP,full,117128380,0.004,58c63a68196bddc66383c4d3e332e3e326edecd8c023d2463b0d8179b1d0aae1,60,22,COSMIC_v3.2,3.18.0
SBS21,3.527956716375764,0,0,25.990085499942936,0.19,200,TOV3121EP,full,117128380,0.004,58c63a68196bddc66383c4d3e332e3e326edecd8c023d2463b0d8179b1d0aae1,60,22,COSMIC_v3.2,3.18.0
SBS22,0,0,0,0,0,200,TOV3121EP,full,117128380,0.004,58c63a68196bddc66383c4d3e332e3e326edecd8c023d2463b0d8179b1d0aae1,60,22,COSMIC_v3.2,3.18.0
SBS23,15.987742763106661,0,0,59.155653736127626,0.48,200,TOV3121EP,full,117128380,0.004,58c63a68196bddc66383c4d3e332e3e326edecd8c023d2463b0d8179b1d0aae1,60,22,COSMIC_v3.2,3.18.0
SBS24,66.30130351922575,68.6515720745584,0,125.66288112996658,0.89,200,TOV3121EP,full,117128380,0.004,58c63a68196bddc66383c4d3e332e3e326edecd8c023d2463b0d8179b1d0aae1,60,22,COSMIC_v3.2,3.18.0
SBS25,1.1033882424672976,0,0,20.140159620455048,0.035,200,TOV3121EP,full,117128380,0.004,58c63a68196bddc66383c4d3e332e3e326edecd8c023d2463b0d8179b1d0aae1,60,22,COSMIC_v3.2,3.18.0
SBS26,19.624322059711233,18.834061747302016,0,57.2026957470389,0.545,200,TOV3121EP,full,117128380,0.004,58c63a68196bddc66383c4d3e332e3e326edecd8c023d2463b0d8179b1d0aae1,60,22,COSMIC_v3.2,3.18.0
SBS28,0,0,0,0,0,200,TOV3121EP,full,117128380,0.004,58c63a68196bddc66383c4d3e332e3e326edecd8c023d2463b0d8179b1d0aae1,60,22,COSMIC_v3.2,3.18.0
SBS29,30.815426480946968,29.122367126605685,0,99.48219579761995,0.61,200,TOV3121EP,full,117128380,0.004,58c63a68196bddc66383c4d3e332e3e326edecd8c023d2463b0d8179b1d0aae1,60,22,COSMIC_v3.2,3.18.0
SBS3,3.640890801640216,0,0,59.02908971341597,0.045,200,TOV3121EP,full,117128380,0.004,58c63a68196bddc66383c4d3e332e3e326edecd8c023d2463b0d8179b1d0aae1,60,22,COSMIC_v3.2,3.18.0
SBS30,15.244654911961955,11.737003215653438,0,49.68130153650028,0.51,200,TOV3121EP,full,117128380,0.004,58c63a68196bddc66383c4d3e332e3e326edecd8c023d2463b0d8179b1d0aae1,60,22,COSMIC_v3.2,3.18.0
SBS31,12.831980733953763,0,0,61.130299510389996,0.345,200,TOV3121EP,full,117128380,0.004,58c63a68196bddc66383c4d3e332e3e326edecd8c023d2463b0d8179b1d0aae1,60,22,COSMIC_v3.2,3.18.0
SBS32,1.4555566895840475,0,0,25.625832277941246,0.065,200,TOV3121EP,full,117128380,0.004,58c63a68196bddc66383c4d3e332e3e326edecd8c023d2463b0d8179b1d0aae1,60,22,COSMIC_v3.2,3.18.0
SBS33,1.3665799752522605,0,0,18.00675197219985,0.085,200,TOV3121EP,full,117128380,0.004,58c63a68196bddc66383c4d3e332e3e326edecd8c023d2463b0d8179b1d0aae1,60,22,COSMIC_v3.2,3.18.0
SBS34,0.11462682511347136,0,0,0,0.01,200,TOV3121EP,full,117128380,0.004,58c63a68196bddc66383c4d3e332e3e326edecd8c023d2463b0d8179b1d0aae1,60,22,COSMIC_v3.2,3.18.0
SBS35,0.22092925457881682,0,0,0,0.015,200,TOV3121EP,full,117128380,0.004,58c63a68196bddc66383c4d3e332e3e326edecd8c023d2463b0d8179b1d0aae1,60,22,COSMIC_v3.2,3.18.0
SBS36,0.8605851861377005,0,0,18.903385850110748,0.035,200,TOV3121EP,full,117128380,0.004,58c63a68196bddc66383c4d3e332e3e326edecd8c023d2463b0d8179b1d0aae1,60,22,COSMIC_v3.2,3.18.0
SBS37,0,0,0,0,0,200,TOV3121EP,full,117128380,0.004,58c63a68196bddc66383c4d3e332e3e326edecd8c023d2463b0d8179b1d0aae1,60,22,COSMIC_v3.2,3.18.0
SBS38,0.7151606669231299,0,0,14.869287375632153,0.045,200,TOV3121EP,full,117128380,0.004,58c63a68196bddc66383c4d3e332e3e326edecd8c023d2463b0d8179b1d0aae1,60,22,COSMIC_v3.2,3.18.0
SBS39,48.509102070055896,51.54774470339186,0,99.04598072115684,0.835,200,TOV3121EP,full,117128380,0.004,58c63a68196bddc66383c4d3e332e3e326edecd8c023d2463b0d8179b1d0aae1,60,22,COSMIC_v3.2,3.18.0
SBS4,18.06998043159191,0,0,79.4886746744468,0.44,200,TOV3121EP,full,117128380,0.004,58c63a68196bddc66383c4d3e332e3e326edecd8c023d2463b0d8179b1d0aae1,60,22,COSMIC_v3.2,3.18.0
SBS40,3.3969254745048914,0,0,63.076489930883334,0.05,200,TOV3121EP,full,117128380,0.004,58c63a68196bddc66383c4d3e332e3e326edecd8c023d2463b0d8179b1d0aae1,60,22,COSMIC_v3.2,3.18.0
SBS41,0,0,0,0,0,200,TOV3121EP,full,117128380,0.004,58c63a68196bddc66383c4d3e332e3e326edecd8c023d2463b0d8179b1d0aae1,60,22,COSMIC_v3.2,3.18.0
SBS42,2.1366076125534157,0,0,37.98624966254056,0.055,200,TOV3121EP,full,117128380,0.004,58c63a68196bddc66383c4d3e332e3e326edecd8c023d2463b0d8179b1d0aae1,60,22,COSMIC_v3.2,3.18.0
SBS44,0,0,0,0,0,200,TOV3121EP,full,117128380,0.004,58c63a68196bddc66383c4d3e332e3e326edecd8c023d2463b0d8179b1d0aae1,60,22,COSMIC_v3.2,3.18.0
SBS5,0.6096524745252287,0,0,0,0.01,200,TOV3121EP,full,117128380,0.004,58c63a68196bddc66383c4d3e332e3e326edecd8c023d2463b0d8179b1d0aae1,60,22,COSMIC_v3.2,3.18.0
SBS6,1.8073239596259698,0,0,32.920979176364035,0.055,200,TOV3121EP,full,117128380,0.004,58c63a68196bddc66383c4d3e332e3e326edecd8c023d2463b0d8179b1d0aae1,60,22,COSMIC_v3.2,3.18.0
SBS7a,0.36390550017416495,0,0,0.2758853014614681,0.025,200,TOV3121EP,full,117128380,0.004,58c63a68196bddc66383c4d3e332e3e326edecd8c023d2463b0d8179b1d0aae1,60,22,COSMIC_v3.2,3.18.0
SBS7b,2.4918916622148632,0,0,26.091553212492844,0.11,200,TOV3121EP,full,117128380,0.004,58c63a68196bddc66383c4d3e332e3e326edecd8c023d2463b0d8179b1d0aae1,60,22,COSMIC_v3.2,3.18.0
SBS7c,2.8508446178261075,0,0,20.337632256330643,0.165,200,TOV3121EP,full,117128380,0.004,58c63a68196bddc66383c4d3e332e3e326edecd8c023d2463b0d8179b1d0aae1,60,22,COSMIC_v3.2,3.18.0
SBS7d,0.2989165928206878,0,0,0,0.02,200,TOV3121EP,full,117128380,0.004,58c63a68196bddc66383c4d3e332e3e326edecd8c023d2463b0d8179b1d0aae1,60,22,COSMIC_v3.2,3.18.0
SBS8,15.916465569525737,0,0,60.35871023754444,0.42,200,TOV3121EP,full,117128380,0.004,58c63a68196bddc66383c4d3e332e3e326edecd8c023d2463b0d8179b1d0aae1,60,22,COSMIC_v3.2,3.18.0
SBS84,0.45019212195275154,0,0,0,0.02,200,TOV3121EP,full,117128380,0.004,58c63a68196bddc66383c4d3e332e3e326edecd8c023d2463b0d8179b1d0aae1,60,22,COSMIC_v3.2,3.18.0
SBS85,0,0,0,0,0,200,TOV3121EP,full,117128380,0.004,58c63a68196bddc66383c4d3e332e3e326edecd8c023d2463b0d8179b1d0aae1,60,22,COSMIC_v3.2,3.18.0
SBS86,8.27295458291685,0,0,37.918692734131554,0.32,200,TOV3121EP,full,117128380,0.004,58c63a68196bddc66383c4d3e332e3e326edecd8c023d2463b0d8179b1d0aae1,60,22,COSMIC_v3.2,3.18.0
SBS87,44.90246419076382,47.30206588712004,0,86.39962380968294,0.885,200,TOV3121EP,full,117128380,0.004,58c63a68196bddc66383c4d3e332e3e326edecd8c023d2463b0d8179b1d0aae1,60,22,COSMIC_v3.2,3.18.0
SBS88,0,0,0,0,0,200,TOV3121EP,full,117128380,0.004,58c63a68196bddc66383c4d3e332e3e326edecd8c023d2463b0d8179b1d0aae1,60,22,COSMIC_v3.2,3.18.0
SBS89,0,0,0,0,0,200,TOV3121EP,full,117128380,0.004,58c63a68196bddc66383c4d3e332e3e326edecd8c023d2463b0d8179b1d0aae1,60,22,COSMIC_v3.2,3.18.0
SBS9,0,0,0,0,0,200,TOV3121EP,full,117128380,0.004,58c63a68196bddc66383c4d3e332e3e326edecd8c023d2463b0d8179b1d0aae1,60,22,COSMIC_v3.2,3.18.0
SBS90,0,0,0,0,0,200,TOV3121EP,full,117128380,0.004,58c63a68196bddc66383c4d3e332e3e326edecd8c023d2463b0d8179b1d0aae1,60,22,COSMIC_v3.2,3.18.0
SBS91,0.7988342883402098,0,0,11.901850995066516,0.065,200,TOV3121EP,full,117128380,0.004,58c63a68196bddc66383c4d3e332e3e326edecd8c023d2463b0d8179b1d0aae1,60,22,COSMIC_v3.2,3.18.0
SBS92,10.730220374512806,0,0,74.70901561414064,0.24,200,TOV3121EP,full,117128380,0.004,58c63a68196bddc66383c4d3e332e3e326edecd8c023d2463b0d8179b1d0aae1,60,22,COSMIC_v3.2,3.18.0
SBS93,0,0,0,0,0,200,TOV3121EP,full,117128380,0.004,58c63a68196bddc66383c4d3e332e3e326edecd8c023d2463b0d8179b1d0aae1,60,22,COSMIC_v3.2,3.18.0
SBS94,0.8927090883365728,0,0,0.3659760813563681,0.025,200,TOV3121EP,full,117128380,0.004,58c63a68196bddc66383c4d3e332e3e326edecd8c023d2463b0d8179b1d0aae1,60,22,COSMIC_v3.2,3.18.0
SBS1,1.4742556726699014,0,0,22.908398804686797,0.065,200,TOV3133D,full,124949669,0.004,58c63a68196bddc66383c4d3e332e3e326edecd8c023d2463b0d8179b1d0aae1,60,22,COSMIC_v3.2,3.18.0
SBS10a,0.19104657549117435,0,0,0,0.02,200,TOV3133D,full,124949669,0.004,58c63a68196bddc66383c4d3e332e3e326edecd8c023d2463b0d8179b1d0aae1,60,22,COSMIC_v3.2,3.18.0
SBS10b,0,0,0,0,0,200,TOV3133D,full,124949669,0.004,58c63a68196bddc66383c4d3e332e3e326edecd8c023d2463b0d8179b1d0aae1,60,22,COSMIC_v3.2,3.18.0
SBS10c,0,0,0,0,0,200,TOV3133D,full,124949669,0.004,58c63a68196bddc66383c4d3e332e3e326edecd8c023d2463b0d8179b1d0aae1,60,22,COSMIC_v3.2,3.18.0
SBS10d,0.07900726573532964,0,0,0,0.005,200,TOV3133D,full,124949669,0.004,58c63a68196bddc66383c4d3e332e3e326edecd8c023d2463b0d8179b1d0aae1,60,22,COSMIC_v3.2,3.18.0
SBS11,1.2939740130285902,0,0,23.452112366496138,0.055,200,TOV3133D,full,124949669,0.004,58c63a68196bddc66383c4d3e332e3e326edecd8c023d2463b0d8179b1d0aae1,60,22,COSMIC_v3.2,3.18.0
SBS12,25.887430009114695,28.918671825532734,0,61.523167939724814,0.68,200,TOV3133D,full,124949669,0.004,58c63a68196bddc66383c4d3e332e3e326edecd8c023d2463b0d8179b1d0aae1,60,22,COSMIC_v3.2,3.18.0
SBS13,6.766981224298111,0,0,20.665973492543973,0.43,200,TOV3133D,full,124949669,0.004,58c63a68196bddc66383c4d3e332e3e326edecd8c023d2463b0d8179b1d0aae1,60,22,COSMIC_v3.2,3.18.0
SBS14,1.364474836769309,0,0,19.77556212432753,0.065,200,TOV3133D,full,124949669,0.004,58c63a68196bddc66383c4d3e332e3e326edecd8c023d2463b0d8179b1d0aae1,60,22,COSMIC_v3.2,3.18.0
SBS15,7.700501315744852,0,0,35.508280987756805,0.285,200,TOV3133D,full,124949669,0.004,58c63a68196bddc66383c4d3e332e3e326edecd8c023d2463b0d8179b1d0aae1,60,22,COSMIC_v3.2,3.18.0
SBS16,2.575794260699051,0,0,26.557388086323638,0.12,200,TOV3133D,full,124949669,0.004,58c63a68196bddc66383c4d3e332e3e326edecd8c023d2463b0d8179b1d0aae1,60,22,COSMIC_v3.2,3.18.0
SBS17a,2.5475236043540517,0,0,18.009953696066052,0.175,200,TOV3133D,full,124949669,0.004,58c63a68196bddc66383c4d3e332e3e326edecd8c023d2463b0d8179b1d0aae1,60,22,COSMIC_v3.2,3.18.0
SBS17b,0,0,0,0,0,200,TOV3133D,full,124949669,0.004,58c63a68196bddc66383c4d3e332e3e326edecd8c023d2463b0d8179b1d0aae1,60,22,COSMIC_v3.2,3.18.0
SBS18,4.5602943592393705,0,0,45.248459127750614,0.135,200,TOV3133D,full,124949669,0.004,58c63a68196bddc66383c4d3e332e3e326edecd8c023d2463b0d8179b1d0aae1,60,22,COSMIC_v3.2,3.18.0
SBS19,0,0,0,0,0,200,TOV3133D,full,124949669,0.004,58c63a68196bddc66383c4d3e332e3e326edecd8c023d2463b0d8179b1d0aae1,60,22,COSMIC_v3.2,3.18.0
SBS2,0.23929342998156058,0,0,0,0.02,200,TOV3133D,full,124949669,0.004,58c63a68196bddc66383c4d3e332e3e326edecd8c023d2463b0d8179b1d0aae1,60,22,COSMIC_v3.2,3.18.0
SBS20,1.9623034649262059,0,0,23.46710014692735,0.085,200,TOV3133D,full,124949669,0.004,58c63a68196bddc66383c4d3e332e3e326edecd8c023d2463b0d8179b1d0aae1,60,22,COSMIC_v3.2,3.18.0
SBS21,0.07081942178495468,0,0,0,0.005,200,TOV3133D,full,124949669,0.004,58c63a68196bddc66383c4d3e332e3e326edecd8c023d2463b0d8179b1d0aae1,60,22,COSMIC_v3.2,3.18.0
SBS22,0,0,0,0,0,200,TOV3133D,full,124949669,0.004,58c63a68196bddc66383c4d3e332e3e326edecd8c023d2463b0d8179b1d0aae1,60,22,COSMIC_v3.2,3.18.0
SBS23,6.164348340792508,0,0,41.98696260853292,0.215,200,TOV3133D,full,124949669,0.004,58c63a68196bddc66383c4d3e332e3e326edecd8c023d2463b0d8179b1d0aae1,60,22,COSMIC_v3.2,3.18.0
SBS24,92.66589511131926,94.6174191473223,26.845370871140734,150.4708690656791,0.985,200,TOV3133D,full,124949669,0.004,58c63a68196bddc66383c4d3e332e3e326edecd8c023d2463b0d8179b1d0aae1,60,22,COSMIC_v3.2,3.18.0
SBS25,0.6354509512283358,0,0,0,0.02,200,TOV3133D,full,124949669,0.004,58c63a68196bddc66383c4d3e332e3e326edecd8c023d2463b0d8179b1d0aae1,60,22,COSMIC_v3.2,3.18.0
SBS26,2.046943614852612,0,0,28.637361699162216,0.075,200,TOV3133D,full,124949669,0.004,58c63a68196bddc66383c4d3e332e3e326edecd8c023d2463b0d8179b1d0aae1,60,22,COSMIC_v3.2,3.18.0
SBS28,0,0,0,0,0,200,TOV3133D,full,124949669,0.004,58c63a68196bddc66383c4d3e332e3e326edecd8c023d2463b0d8179b1d0aae1,60,22,COSMIC_v3.2,3.18.0
SBS29,15.856490915647905,0,0,86.13779615034343,0.335,200,TOV3133D,full,124949669,0.004,58c63a68196bddc66383c4d3e332e3e326edecd8c023d2463b0d8179b1d0aae1,60,22,COSMIC_v3.2,3.18.0
SBS3,5.971054469494543,0,0,68.67137694112776,0.09,200,TOV3133D,full,124949669,0.004,58c63a68196bddc66383c4d3e332e3e326edecd8c023d2463b0d8179b1d0aae1,60,22,COSMIC_v3.2,3.18.0
SBS30,1.0261953829822963,0,0,22.543764622775093,0.04,200,TOV3133D,full,124949669,0.004,58c63a68196bddc66383c4d3e332e3e326edecd8c023d2463b0d8179b1d0aae1,60,22,COSMIC_v3.2,3.18.0
SBS31,18.37203148828045,0,0,67.14590993515607,0.46,200,TOV3133D,full,124949669,0.004,58c63a68196bddc66383c4d3e332e3e326edecd8c023d2463b0d8179b1d0aae1,60,22,COSMIC_v3.2,3.18.0
SBS32,0,0,0,0,0,200,TOV3133D,full,124949669,0.004,58c63a68196bddc66383c4d3e332e3e326edecd8c023d2463b0d8179b1d0aae1,60,22,COSMIC_v3.2,3.18.0
SBS33,0,0,0,0,0,200,TOV3133D,full,124949669,0.004,58c63a68196bddc66383c4d3e332e3e326edecd8c023d2463b0d8179b1d0aae1,60,22,COSMIC_v3.2,3.18.0
SBS34,0,0,0,0,0,200,TOV3133D,full,124949669,0.004,58c63a68196bddc66383c4d3e332e3e326edecd8c023d2463b0d8179b1d0aae1,60,22,COSMIC_v3.2,3.18.0
SBS35,6.068743985438967,0,0,47.46825783863736,0.185,200,TOV3133D,full,124949669,0.004,58c63a68196bddc66383c4d3e332e3e326edecd8c023d2463b0d8179b1d0aae1,60,22,COSMIC_v3.2,3.18.0
SBS36,0.3285834675231654,0,0,0,0.015,200,TOV3133D,full,124949669,0.004,58c63a68196bddc66383c4d3e332e3e326edecd8c023d2463b0d8179b1d0aae1,60,22,COSMIC_v3.2,3.18.0
SBS37,0,0,0,0,0,200,TOV3133D,full,124949669,0.004,58c63a68196bddc66383c4d3e332e3e326edecd8c023d2463b0d8179b1d0aae1,60,22,COSMIC_v3.2,3.18.0
SBS38,1.01285559352001,0,0,17.707741672905538,0.06,200,TOV3133D,full,124949669,0.004,58c63a68196bddc66383c4d3e332e3e326edecd8c023d2463b0d8179b1d0aae1,60,22,COSMIC_v3.2,3.18.0
SBS39,34.33584873363444,37.65889427268855,0,84.18904392504214,0.72,200,TOV3133D,full,124949669,0.004,58c63a68196bddc66383c4d3e332e3e326edecd8c023d2463b0d8179b1d0aae1,60,22,COSMIC_v3.2,3.18.0
SBS4,24.791801220634216,15.03478643133597,0,84.8737454120348,0.51,200,TOV3133D,full,124949669,0.004,58c63a68196bddc66383c4d3e332e3e326edecd8c023d2463b0d8179b1d0aae1,60,22,COSMIC_v3.2,3.18.0
SBS40,1.8470607746640286,0,0,0,0.02,200,TOV3133D,full,124949669,0.004,58c63a68196bddc66383c4d3e332e3e326edecd8c023d2463b0d8179b1d0aae1,60,22,COSMIC_v3.2,3.18.0
SBS41,0,0,0,0,0,200,TOV3133D,full,124949669,0.004,58c63a68196bddc66383c4d3e332e3e326edecd8c023d2463b0d8179b1d0aae1,60,22,COSMIC_v3.2,3.18.0
SBS42,1.1396883110887224,0,0,25.545574948983095,0.03,200,TOV3133D,full,124949669,0.004,58c63a68196bddc66383c4d3e332e3e326edecd8c023d2463b0d8179b1d0aae1,60,22,COSMIC_v3.2,3.18.0
SBS44,0.40048334660377993,0,0,0,0.015,200,TOV3133D,full,124949669,0.004,58c63a68196bddc66383c4d3e332e3e326edecd8c023d2463b0d8179b1d0aae1,60,22,COSMIC_v3.2,3.18.0
SBS5,40.85574773868881,0,0,158.49167463793603,0.41,200,TOV3133D,full,124949669,0.004,58c63a68196bddc66383c4d3e332e3e326edecd8c023d2463b0d8179b1d0aae1,60,22,COSMIC_v3.2,3.18.0
SBS6,12.472200385111673,0,0,51.73921836669778,0.385,200,TOV3133D,full,124949669,0.004,58c63a68196bddc66383c4d3e332e3e326edecd8c023d2463b0d8179b1d0aae1,60,22,COSMIC_v3.2,3.18.0
SBS7a,7.730276243867457,0,0,28.780906767173086,0.385,200,TOV3133D,full,124949669,0.004,58c63a68196bddc66383c4d3e332e3e326edecd8c023d2463b0d8179b1d0aae1,60,22,COSMIC_v3.2,3.18.0
SBS7b,10.15586904368637,0,0,44.800164615382414,0.35,200,TOV3133D,full,124949669,0.004,58c63a68196bddc66383c4d3e332e3e326edecd8c023d2463b0d8179b1d0aae1,60,22,COSMIC_v3.2,3.18.0
SBS7c,0.841153873977352,0,0,16.473098733586507,0.045,200,TOV3133D,full,124949669,0.004,58c63a68196bddc66383c4d3e332e3e326edecd8c023d2463b0d8179b1d0aae1,60,22,COSMIC_v3.2,3.18.0
SBS7d,0.8912344963432103,0,0,16.26423014676735,0.05,200,TOV3133D,full,124949669,0.004,58c63a68196bddc66383c4d3e332e3e326edecd8c023d2463b0d8179b1d0aae1,60,22,COSMIC_v3.2,3.18.0
SBS8,1.0347451437640443,0,0,23.73898785014994,0.04,200,TOV3133D,full,124949669,0.004,58c63a68196bddc66383c4d3e332e3e326edecd8c023d2463b0d8179b1d0aae1,60,22,COSMIC_v3.2,3.18.0
SBS84,1.0237363384871365,0,0,17.61658278735546,0.055,200,TOV3133D,full,124949669,0.004,58c63a68196bddc66383c4d3e332e3e326edecd8c023d2463b0d8179b1d0aae1,60,22,COSMIC_v3.2,3.18.0
SBS85,0,0,0,0,0,200,TOV3133D,full,124949669,0.004,58c63a68196bddc66383c4d3e332e3e326edecd8c023d2463b0d8179b1d0aae1,60,22,COSMIC_v3.2,3.18.0
SBS86,0.2277841826584516,0,0,0,0.01,200,TOV3133D,full,124949669,0.004,58c63a68196bddc66383c4d3e332e3e326edecd8c023d2463b0d8179b1d0aae1,60,22,COSMIC_v3.2,3.18.0
SBS87,63.22681544282566,65.54895547746082,27.764732130854256,96.21167306044602,0.99,200,TOV3133D,full,124949669,0.004,58c63a68196bddc66383c4d3e332e3e326edecd8c023d2463b0d8179b1d0aae1,60,22,COSMIC_v3.2,3.18.0
SBS88,2.6919162675487276,0,0,27.92603884437549,0.11,200,TOV3133D,full,124949669,0.004,58c63a68196bddc66383c4d3e332e3e326edecd8c023d2463b0d8179b1d0aae1,60,22,COSMIC_v3.2,3.18.0
SBS89,0,0,0,0,0,200,TOV3133D,full,124949669,0.004,58c63a68196bddc66383c4d3e332e3e326edecd8c023d2463b0d8179b1d0aae1,60,22,COSMIC_v3.2,3.18.0
SBS9,0,0,0,0,0,200,TOV3133D,full,124949669,0.004,58c63a68196bddc66383c4d3e332e3e326edecd8c023d2463b0d8179b1d0aae1,60,22,COSMIC_v3.2,3.18.0
SBS90,0,0,0,0,0,200,TOV3133D,full,124949669,0.004,58c63a68196bddc66383c4d3e332e3e326edecd8c023d2463b0d8179b1d0aae1,60,22,COSMIC_v3.2,3.18.0
SBS91,0.8490941736836082,0,0,14.480721855401681,0.06,200,TOV3133D,full,124949669,0.004,58c63a68196bddc66383c4d3e332e3e326edecd8c023d2463b0d8179b1d0aae1,60,22,COSMIC_v3.2,3.18.0
SBS92,0,0,0,0,0,200,TOV3133D,full,124949669,0.004,58c63a68196bddc66383c4d3e332e3e326edecd8c023d2463b0d8179b1d0aae1,60,22,COSMIC_v3.2,3.18.0
SBS93,0,0,0,0,0,200,TOV3133D,full,124949669,0.004,58c63a68196bddc66383c4d3e332e3e326edecd8c023d2463b0d8179b1d0aae1,60,22,COSMIC_v3.2,3.18.0
SBS94,2.3460498486871555,0,0,53.346013845049484,0.045,200,TOV3133D,full,124949669,0.004,58c63a68196bddc66383c4d3e332e3e326edecd8c023d2463b0d8179b1d0aae1,60,22,COSMIC_v3.2,3.18.0
SBS1,12.80202669846757,0,0,43.662989753290994,0.47,200,TOV3133G,full,252671929,0.004,58c63a68196bddc66383c4d3e332e3e326edecd8c023d2463b0d8179b1d0aae1,60,22,COSMIC_v3.2,3.18.0
SBS10a,0.6774421101078353,0,0,10.095328564754555,0.065,200,TOV3133G,full,252671929,0.004,58c63a68196bddc66383c4d3e332e3e326edecd8c023d2463b0d8179b1d0aae1,60,22,COSMIC_v3.2,3.18.0
SBS10b,1.2377008600552757,0,0,15.117473062522286,0.08,200,TOV3133G,full,252671929,0.004,58c63a68196bddc66383c4d3e332e3e326edecd8c023d2463b0d8179b1d0aae1,60,22,COSMIC_v3.2,3.18.0
SBS10c,0,0,0,0,0,200,TOV3133G,full,252671929,0.004,58c63a68196bddc66383c4d3e332e3e326edecd8c023d2463b0d8179b1d0aae1,60,22,COSMIC_v3.2,3.18.0
SBS10d,0,0,0,0,0,200,TOV3133G,full,252671929,0.004,58c63a68196bddc66383c4d3e332e3e326edecd8c023d2463b0d8179b1d0aae1,60,22,COSMIC_v3.2,3.18.0
SBS11,0.7852622569003366,0,0,17.749441954667663,0.03,200,TOV3133G,full,252671929,0.004,58c63a68196bddc66383c4d3e332e3e326edecd8c023d2463b0d8179b1d0aae1,60,22,COSMIC_v3.2,3.18.0
SBS12,3.426348239127114,0,0,38.728643263527374,0.105,200,TOV3133G,full,252671929,0.004,58c63a68196bddc66383c4d3e332e3e326edecd8c023d2463b0d8179b1d0aae1,60,22,COSMIC_v3.2,3.18.0
SBS13,4.245362426477051,0,0,21.12190788911328,0.275,200,TOV3133G,full,252671929,0.004,58c63a68196bddc66383c4d3e332e3e326edecd8c023d2463b0d8179b1d0aae1,60,22,COSMIC_v3.2,3.18.0
SBS14,0.17254393355508904,0,0,0,0.01,200,TOV3133G,full,252671929,0.004,58c63a68196bddc66383c4d3e332e3e326edecd8c023d2463b0d8179b1d0aae1,60,22,COSMIC_v3.2,3.18.0
SBS15,6.768286128424424,0,0,41.99398900779278,0.23,200,TOV3133G,full,252671929,0.004,58c63a68196bddc66383c4d3e332e3e326edecd8c023d2463b0d8179b1d0aae1,60,22,COSMIC_v3.2,3.18.0
SBS16,3.108818464552365,0,0,28.124690080987353,0.135,200,TOV3133G,full,252671929,0.004,58c63a68196bddc66383c4d3e332e3e326edecd8c023d2463b0d8179b1d0aae1,60,22,COSMIC_v3.2,3.18.0
SBS17a,1.146655117387821,0,0,13.988127985095634,0.09,200,TOV3133G,full,252671929,0.004,58c63a68196bddc66383c4d3e332e3e326edecd8c023d2463b0d8179b1d0aae1,60,22,COSMIC_v3.2,3.18.0
SBS17b,0,0,0,0,0,200,TOV3133G,full,252671929,0.004,58c63a68196bddc66383c4d3e332e3e326edecd8c023d2463b0d8179b1d0aae1,60,22,COSMIC_v3.2,3.18.0
SBS18,0,0,0,0,0,200,TOV3133G,full,252671929,0.004,58c63a68196bddc66383c4d3e332e3e326edecd8c023d2463b0d8179b1d0aae1,60,22,COSMIC_v3.2,3.18.0
SBS19,0,0,0,0,0,200,TOV3133G,full,252671929,0.004,58c63a68196bddc66383c4d3e332e3e326edecd8c023d2463b0d8179b1d0aae1,60,22,COSMIC_v3.2,3.18.0
SBS2,0.4109426822967657,0,0,9.220454778383266,0.04,200,TOV3133G,full,252671929,0.004,58c63a68196bddc66383c4d3e332e3e326edecd8c023d2463b0d8179b1d0aae1,60,22,COSMIC_v3.2,3.18.0
SBS20,0.40516964271437766,0,0,0,0.015,200,TOV3133G,full,252671929,0.004,58c63a68196bddc66383c4d3e332e3e326edecd8c023d2463b0d8179b1d0aae1,60,22,COSMIC_v3.2,3.18.0
SBS21,0,0,0,0,0,200,TOV3133G,full,252671929,0.004,58c63a68196bddc66383c4d3e332e3e326edecd8c023d2463b0d8179b1d0aae1,60,22,COSMIC_v3.2,3.18.0
SBS22,0.2745744744781696,0,0,0,0.02,200,TOV3133G,full,252671929,0.004,58c63a68196bddc66383c4d3e332e3e326edecd8c023d2463b0d8179b1d0aae1,60,22,COSMIC_v3.2,3.18.0
SBS23,0.22946269549730824,0,0,0,0.01,200,TOV3133G,full,252671929,0.004,58c63a68196bddc66383c4d3e332e3e326edecd8c023d2463b0d8179b1d0aae1,60,22,COSMIC_v3.2,3.18.0
SBS24,47.20564262771103,50.04428028961947,0,102.07572478776605,0.825,200,TOV3133G,full,252671929,0.004,58c63a68196bddc66383c4d3e332e3e326edecd8c023d2463b0d8179b1d0aae1,60,22,COSMIC_v3.2,3.18.0
SBS25,5.128074301289717,0,0,40.411542402988104,0.145,200,TOV3133G,full,252671929,0.004,58c63a68196bddc66383c4d3e332e3e326edecd8c023d2463b0d8179b1d0aae1,60,22,COSMIC_v3.2,3.18.0
SBS26,10.331377815438483,0,0,48.84021651009753,0.33,200,TOV3133G,full,252671929,0.004,58c63a68196bddc66383c4d3e332e3e326edecd8c023d2463b0d8179b1d0aae1,60,22,COSMIC_v3.2,3.18.0
SBS28,0,0,0,0,0,200,TOV3133G,full,252671929,0.004,58c63a68196bddc66383c4d3e332e3e326edecd8c023d2463b0d8179b1d0aae1,60,22,COSMIC_v3.2,3.18.0
SBS29,10.974417085930453,0,0,63.94674385040739,0.24,200,TOV3133G,full,252671929,0.004,58c63a68196bddc66383c4d3e332e3e326edecd8c023d2463b0d8179b1d0aae1,60,22,COSMIC_v3.2,3.18.0
SBS3,4.597892846457409,0,0,69.82790555004114,0.07,200,TOV3133G,full,252671929,0.004,58c63a68196bddc66383c4d3e332e3e326edecd8c023d2463b0d8179b1d0aae1,60,22,COSMIC_v3.2,3.18.0
SBS30,5.315226754836119,0,0,37.095471212003496,0.19,200,TOV3133G,full,252671929,0.004,58c63a68196bddc66383c4d3e332e3e326edecd8c023d2463b0d8179b1d0aae1,60,22,COSMIC_v3.2,3.18.0
SBS31,5.24826878710121,0,0,47.4226215393326,0.165,200,TOV3133G,full,252671929,0.004,58c63a68196bddc66383c4d3e332e3e326edecd8c023d2463b0d8179b1d0aae1,60,22,COSMIC_v3.2,3.18.0
SBS32,0.5587082212656634,0,0,15.81133542159913,0.03,200,TOV3133G,full,252671929,0.004,58c63a68196bddc66383c4d3e332e3e326edecd8c023d2463b0d8179b1d0aae1,60,22,COSMIC_v3.2,3.18.0
SBS33,1.1844989824800523,0,0,17.29960197893459,0.07,200,TOV3133G,full,252671929,0.004,58c63a68196bddc66383c4d3e332e3e326edecd8c023d2463b0d8179b1d0aae1,60,22,COSMIC_v3.2,3.18.0
SBS34,0.06435663374061305,0,0,0,0.005,200,TOV3133G,full,252671929,0.004,58c63a68196bddc66383c4d3e332e3e326edecd8c023d2463b0d8179b1d0aae1,60,22,COSMIC_v3.2,3.18.0
SBS35,31.314921718116878,34.57120048240883,0,75.40018511275716,0.695,200,TOV3133G,full,252671929,0.004,58c63a68196bddc66383c4d3e332e3e326edecd8c023d2463b0d8179b1d0aae1,60,22,COSMIC_v3.2,3.18.0
SBS36,0,0,0,0,0,200,TOV3133G,full,252671929,0.004,58c63a68196bddc66383c4d3e332e3e326edecd8c023d2463b0d8179b1d0aae1,60,22,COSMIC_v3.2,3.18.0
SBS37,0,0,0,0,0,200,TOV3133G,full,252671929,0.004,58c63a68196bddc66383c4d3e332e3e326edecd8c023d2463b0d8179b1d0aae1,60,22,COSMIC_v3.2,3.18.0
SBS38,2.474757178866594,0,0,23.833776960556815,0.13,200,TOV3133G,full,252671929,0.004,58c63a68196bddc66383c4d3e332e3e326edecd8c023d2463b0d8179b1d0aae1,60,22,COSMIC_v3.2,3.18.0
SBS39,26.24369202125096,25.16795054613283,0,78.36287968400254,0.585,200,TOV3133G,full,252671929,0.004,58c63a68196bddc66383c4d3e332e3e326edecd8c023d2463b0d8179b1d0aae1,60,22,COSMIC_v3.2,3.18.0
SBS4,22.81320425464905,0,0,81.03832052323592,0.445,200,TOV3133G,full,252671929,0.004,58c63a68196bddc66383c4d3e332e3e326edecd8c023d2463b0d8179b1d0aae1,60,22,COSMIC_v3.2,3.18.0
SBS40,1.367530244900142,0,0,0,0.015,200,TOV3133G,full,252671929,0.004,58c63a68196bddc66383c4d3e332e3e326edecd8c023d2463b0d8179b1d0aae1,60,22,COSMIC_v3.2,3.18.0
SBS41,0,0,0,0,0,200,TOV3133G,full,252671929,0.004,58c63a68196bddc66383c4d3e332e3e326edecd8c023d2463b0d8179b1d0aae1,60,22,COSMIC_v3.2,3.18.0
SBS42,0.2249692612142322,0,0,0,0.005,200,TOV3133G,full,252671929,0.004,58c63a68196bddc66383c4d3e332e3e326edecd8c023d2463b0d8179b1d0aae1,60,22,COSMIC_v3.2,3.18.0
SBS44,0.08533895735797148,0,0,0,0.005,200,TOV3133G,full,252671929,0.004,58c63a68196bddc66383c4d3e332e3e326edecd8c023d2463b0d8179b1d0aae1,60,22,COSMIC_v3.2,3.18.0
SBS5,110.15641045733251,117.40933215013047,0,219.5652673121843,0.84,200,TOV3133G,full,252671929,0.004,58c63a68196bddc66383c4d3e332e3e326edecd8c023d2463b0d8179b1d0aae1,60,22,COSMIC_v3.2,3.18.0
SBS6,14.340364277608062,0,0,60.26268424678198,0.4,200,TOV3133G,full,252671929,0.004,58c63a68196bddc66383c4d3e332e3e326edecd8c023d2463b0d8179b1d0aae1,60,22,COSMIC_v3.2,3.18.0
SBS7a,3.740175075068211,0,0,29.69455225980241,0.17,200,TOV3133G,full,252671929,0.004,58c63a68196bddc66383c4d3e332e3e326edecd8c023d2463b0d8179b1d0aae1,60,22,COSMIC_v3.2,3.18.0
SBS7b,11.930266982450512,0,0,46.155673030123,0.425,200,TOV3133G,full,252671929,0.004,58c63a68196bddc66383c4d3e332e3e326edecd8c023d2463b0d8179b1d0aae1,60,22,COSMIC_v3.2,3.18.0
SBS7c,0,0,0,0,0,200,TOV3133G,full,252671929,0.004,58c63a68196bddc66383c4d3e332e3e326edecd8c023d2463b0d8179b1d0aae1,60,22,COSMIC_v3.2,3.18.0
SBS7d,1.0097984059762957,0,0,17.820509197544123,0.055,200,TOV3133G,full,252671929,0.004,58c63a68196bddc66383c4d3e332e3e326edecd8c023d2463b0d8179b1d0aae1,60,22,COSMIC_v3.2,3.18.0
SBS8,5.073713407300851,0,0,47.63375927957286,0.135,200,TOV3133G,full,252671929,0.004,58c63a68196bddc66383c4d3e332e3e326edecd8c023d2463b0d8179b1d0aae1,60,22,COSMIC_v3.2,3.18.0
SBS84,0.5898954863445957,0,0,11.243734288656853,0.03,200,TOV3133G,full,252671929,0.004,58c63a68196bddc66383c4d3e332e3e326edecd8c023d2463b0d8179b1d0aae1,60,22,COSMIC_v3.2,3.18.0
SBS85,0,0,0,0,0,200,TOV3133G,full,252671929,0.004,58c63a68196bddc66383c4d3e332e3e326edecd8c023d2463b0d8179b1d0aae1,60,22,COSMIC_v3.2,3.18.0
SBS86,5.816582614114111,0,0,35.63045509039607,0.22,200,TOV3133G,full,252671929,0.004,58c63a68196bddc66383c4d3e332e3e326edecd8c023d2463b0d8179b1d0aae1,60,22,COSMIC_v3.2,3.18.0
SBS87,44.582838171905436,46.01085242388116,0,85.9018523906965,0.885,200,TOV3133G,full,252671929,0.004,58c63a68196bddc66383c4d3e332e3e326edecd8c023d2463b0d8179b1d0aae1,60,22,COSMIC_v3.2,3.18.0
SBS88,0.17608187060183303,0,0,0,0.015,200,TOV3133G,full,252671929,0.004,58c63a68196bddc66383c4d3e332e3e326edecd8c023d2463b0d8179b1d0aae1,60,22,COSMIC_v3.2,3.18.0
SBS89,18.679830409507144,0,0,86.74413809468591,0.41,200,TOV3133G,full,252671929,0.004,58c63a68196bddc66383c4d3e332e3e326edecd8c023d2463b0d8179b1d0aae1,60,22,COSMIC_v3.2,3.18.0
SBS9,0,0,0,0,0,200,TOV3133G,full,252671929,0.004,58c63a68196bddc66383c4d3e332e3e326edecd8c023d2463b0d8179b1d0aae1,60,22,COSMIC_v3.2,3.18.0
SBS90,0,0,0,0,0,200,TOV3133G,full,252671929,0.004,58c63a68196bddc66383c4d3e332e3e326edecd8c023d2463b0d8179b1d0aae1,60,22,COSMIC_v3.2,3.18.0
SBS91,1.5952048865209476,0,0,13.789919255192892,0.12,200,TOV3133G,full,252671929,0.004,58c63a68196bddc66383c4d3e332e3e326edecd8c023d2463b0d8179b1d0aae1,60,22,COSMIC_v3.2,3.18.0
SBS92,0.8376774537003405,0,0,0,0.015,200,TOV3133G,full,252671929,0.004,58c63a68196bddc66383c4d3e332e3e326edecd8c023d2463b0d8179b1d0aae1,60,22,COSMIC_v3.2,3.18.0
SBS93,0,0,0,0,0,200,TOV3133G,full,252671929,0.004,58c63a68196bddc66383c4d3e332e3e326edecd8c023d2463b0d8179b1d0aae1,60,22,COSMIC_v3.2,3.18.0
SBS94,0.6729354000984555,0,0,0,0.01,200,TOV3133G,full,252671929,0.004,58c63a68196bddc66383c4d3e332e3e326edecd8c023d2463b0d8179b1d0aae1,60,22,COSMIC_v3.2,3.18.0
SBS1,29.26812661977528,30.24813831445207,0,52.7737961887672,0.89,200,OV3331,full,115302752,0.004,58c63a68196bddc66383c4d3e332e3e326edecd8c023d2463b0d8179b1d0aae1,60,22,COSMIC_v3.2,3.18.0
SBS10a,0.029997661454079984,0,0,0,0.005,200,OV3331,full,115302752,0.004,58c63a68196bddc66383c4d3e332e3e326edecd8c023d2463b0d8179b1d0aae1,60,22,COSMIC_v3.2,3.18.0
SBS10b,4.0837246561969565,0,0,20.894942136601053,0.3,200,OV3331,full,115302752,0.004,58c63a68196bddc66383c4d3e332e3e326edecd8c023d2463b0d8179b1d0aae1,60,22,COSMIC_v3.2,3.18.0
SBS10c,0,0,0,0,0,200,OV3331,full,115302752,0.004,58c63a68196bddc66383c4d3e332e3e326edecd8c023d2463b0d8179b1d0aae1,60,22,COSMIC_v3.2,3.18.0
SBS10d,0,0,0,0,0,200,OV3331,full,115302752,0.004,58c63a68196bddc66383c4d3e332e3e326edecd8c023d2463b0d8179b1d0aae1,60,22,COSMIC_v3.2,3.18.0
SBS11,0.20628852179901808,0,0,0,0.01,200,OV3331,full,115302752,0.004,58c63a68196bddc66383c4d3e332e3e326edecd8c023d2463b0d8179b1d0aae1,60,22,COSMIC_v3.2,3.18.0
SBS12,2.507488855745249,0,0,32.47646567142488,0.095,200,OV3331,full,115302752,0.004,58c63a68196bddc66383c4d3e332e3e326edecd8c023d2463b0d8179b1d0aae1,60,22,COSMIC_v3.2,3.18.0
SBS13,0.3362907391416922,0,0,10.071514287096663,0.03,200,OV3331,full,115302752,0.004,58c63a68196bddc66383c4d3e332e3e326edecd8c023d2463b0d8179b1d0aae1,60,22,COSMIC_v3.2,3.18.0
SBS14,0,0,0,0,0,200,OV3331,full,115302752,0.004,58c63a68196bddc66383c4d3e332e3e326edecd8c023d2463b0d8179b1d0aae1,60,22,COSMIC_v3.2,3.18.0
SBS15,15.415187359196818,15.111395032977251,0,47.91657855614032,0.575,200,OV3331,full,115302752,0.004,58c63a68196bddc66383c4d3e332e3e326edecd8c023d2463b0d8179b1d0aae1,60,22,COSMIC_v3.2,3.18.0
SBS16,5.298996061295739,0,0,30.483891279791,0.27,200,OV3331,full,115302752,0.004,58c63a68196bddc66383c4d3e332e3e326edecd8c023d2463b0d8179b1d0aae1,60,22,COSMIC_v3.2,3.18.0
SBS17a,4.980739875234442,0,0,17.94824482694052,0.39,200,OV3331,full,115302752,0.004,58c63a68196bddc66383c4d3e332e3e326edecd8c023d2463b0d8179b1d0aae1,60,22,COSMIC_v3.2,3.18.0
SBS17b,0,0,0,0,0,200,OV3331,full,115302752,0.004,58c63a68196bddc66383c4d3e332e3e326edecd8c023d2463b0d8179b1d0aae1,60,22,COSMIC_v3.2,3.18.0
SBS18,0.1259551509452867,0,0,0,0.005,200,OV3331,full,115302752,0.004,58c63a68196bddc66383c4d3e332e3e326edecd8c023d2463b0d8179b1d0aae1,60,22,COSMIC_v3.2,3.18.0
SBS19,3.2862241714764218,0,0,24.522612170290326,0.175,200,OV3331,full,115302752,0.004,58c63a68196bddc66383c4d3e332e3e326edecd8c023d2463b0d8179b1d0aae1,60,22,COSMIC_v3.2,3.18.0
SBS2,3.605095149248347,0,0,14.277459604445003,0.35,200,OV3331,full,115302752,0.004,58c63a68196bddc66383c4d3e332e3e326edecd8c023d2463b0d8179b1d0aae1,60,22,COSMIC_v3.2,3.18.0
SBS20,0,0,0,0,0,200,OV3331,full,115302752,0.004,58c63a68196bddc66383c4d3e332e3e326edecd8c023d2463b0d8179b1d0aae1,60,22,COSMIC_v3.2,3.18.0
SBS21,0.27165885388508354,0,0,0,0.02,200,OV3331,full,115302752,0.004,58c63a68196bddc66383c4d3e332e3e326edecd8c023d2463b0d8179b1d0aae1,60,22,COSMIC_v3.2,3.18.0
SBS22,0,0,0,0,0,200,OV3331,full,115302752,0.004,58c63a68196bddc66383c4d3e332e3e326edecd8c023d2463b0d8179b1d0aae1,60,22,COSMIC_v3.2,3.18.0
SBS23,0.6222035976269391,0,0,12.098721871097403,0.04,200,OV3331,full,115302752,0.004,58c63a68196bddc66383c4d3e332e3e326edecd8c023d2463b0d8179b1d0aae1,60,22,COSMIC_v3.2,3.18.0
SBS24,83.32409025264755,84.43434470382667,37.470471175521084,124.6355349529973,0.995,200,OV3331,full,115302752,0.004,58c63a68196bddc66383c4d3e332e3e326edecd8c023d2463b0d8179b1d0aae1,60,22,COSMIC_v3.2,3.18.0
SBS25,0.09844653597406158,0,0,0,0.005,200,OV3331,full,115302752,0.004,58c63a68196bddc66383c4d3e332e3e326edecd8c023d2463b0d8179b1d0aae1,60,22,COSMIC_v3.2,3.18.0
SBS26,31.39730784884245,34.30648435835403,0,58.67077445664385,0.865,200,OV3331,full,115302752,0.004,58c63a68196bddc66383c4d3e332e3e326edecd8c023d2463b0d8179b1d0aae1,60,22,COSMIC_v3.2,3.18.0
SBS28,0,0,0,0,0,200,OV3331,full,115302752,0.004,58c63a68196bddc66383c4d3e332e3e326edecd8c023d2463b0d8179b1d0aae1,60,22,COSMIC_v3.2,3.18.0
SBS29,2.50402803943,0,0,27.99905619182077,0.1,200,OV3331,full,115302752,0.004,58c63a68196bddc66383c4d3e332e3e326edecd8c023d2463b0d8179b1d0aae1,60,22,COSMIC_v3.2,3.18.0
SBS3,1.0176257905453903,0,0,0,0.02,200,OV3331,full,115302752,0.004,58c63a68196bddc66383c4d3e332e3e326edecd8c023d2463b0d8179b1d0aae1,60,22,COSMIC_v3.2,3.18.0
SBS30,5.876852433215016,0,0,33.3269033264283,0.275,200,OV3331,full,115302752,0.004,58c63a68196bddc66383c4d3e332e3e326edecd8c023d2463b0d8179b1d0aae1,60,22,COSMIC_v3.2,3.18.0
SBS31,19.091756014723202,20.709921406490324,0,52.47468142837031,0.635,200,OV3331,full,115302752,0.004,58c63a68196bddc66383c4d3e332e3e326edecd8c023d2463b0d8179b1d0aae1,60,22,COSMIC_v3.2,3.18.0
SBS32,8.25673078694314,0,0,38.55312379342464,0.36,200,OV3331,full,115302752,0.004,58c63a68196bddc66383c4d3e332e3e326edecd8c023d2463b0d8179b1d0aae1,60,22,COSMIC_v3.2,3.18.0
SBS33,0.20398519042993826,0,0,0,0.02,200,OV3331,full,115302752,0.004,58c63a68196bddc66383c4d3e332e3e326edecd8c023d2463b0d8179b1d0aae1,60,22,COSMIC_v3.2,3.18.0
SBS34,0,0,0,0,0,200,OV3331,full,115302752,0.004,58c63a68196bddc66383c4d3e332e3e326edecd8c023d2463b0d8179b1d0aae1,60,22,COSMIC_v3.2,3.18.0
SBS35,0,0,0,0,0,200,OV3331,full,115302752,0.004,58c63a68196bddc66383c4d3e332e3e326edecd8c023d2463b0d8179b1d0aae1,60,22,COSMIC_v3.2,3.18.0
SBS36,0,0,0,0,0,200,OV3331,full,115302752,0.004,58c63a68196bddc66383c4d3e332e3e326edecd8c023d2463b0d8179b1d0aae1,60,22,COSMIC_v3.2,3.18.0
SBS37,0.3067023031243395,0,0,0,0.015,200,OV3331,full,115302752,0.004,58c63a68196bddc66383c4d3e332e3e326edecd8c023d2463b0d8179b1d0aae1,60,22,COSMIC_v3.2,3.18.0
SBS38,0,0,0,0,0,200,OV3331,full,115302752,0.004,58c63a68196bddc66383c4d3e332e3e326edecd8c023d2463b0d8179b1d0aae1,60,22,COSMIC_v3.2,3.18.0
SBS39,27.427660431892694,30.08599319163902,0,55.30282476991498,0.8,200,OV3331,full,115302752,0.004,58c63a68196bddc66383c4d3e332e3e326edecd8c023d2463b0d8179b1d0aae1,60,22,COSMIC_v3.2,3.18.0
SBS4,0,0,0,0,0,200,OV3331,full,115302752,0.004,58c63a68196bddc66383c4d3e332e3e326edecd8c023d2463b0d8179b1d0aae1,60,22,COSMIC_v3.2,3.18.0
SBS40,0,0,0,0,0,200,OV3331,full,115302752,0.004,58c63a68196bddc66383c4d3e332e3e326edecd8c023d2463b0d8179b1d0aae1,60,22,COSMIC_v3.2,3.18.0
SBS41,0,0,0,0,0,200,OV3331,full,115302752,0.004,58c63a68196bddc66383c4d3e332e3e326edecd8c023d2463b0d8179b1d0aae1,60,22,COSMIC_v3.2,3.18.0
SBS42,0,0,0,0,0,200,OV3331,full,115302752,0.004,58c63a68196bddc66383c4d3e332e3e326edecd8c023d2463b0d8179b1d0aae1,60,22,COSMIC_v3.2,3.18.0
SBS44,0,0,0,0,0,200,OV3331,full,115302752,0.004,58c63a68196bddc66383c4d3e332e3e326edecd8c023d2463b0d8179b1d0aae1,60,22,COSMIC_v3.2,3.18.0
SBS5,12.645924730169252,0,0,124.05212914735118,0.15,200,OV3331,full,115302752,0.004,58c63a68196bddc66383c4d3e332e3e326edecd8c023d2463b0d8179b1d0aae1,60,22,COSMIC_v3.2,3.18.0
SBS6,3.625679007879079,0,0,34.71102627325022,0.12,200,OV3331,full,115302752,0.004,58c63a68196bddc66383c4d3e332e3e326edecd8c023d2463b0d8179b1d0aae1,60,22,COSMIC_v3.2,3.18.0
SBS7a,0.277590884925799,0,0,0,0.02,200,OV3331,full,115302752,0.004,58c63a68196bddc66383c4d3e332e3e326edecd8c023d2463b0d8179b1d0aae1,60,22,COSMIC_v3.2,3.18.0
SBS7b,2.0612060317500926,0,0,22.984207021467622,0.11,200,OV3331,full,115302752,0.004,58c63a68196bddc66383c4d3e332e3e326edecd8c023d2463b0d8179b1d0aae1,60,22,COSMIC_v3.2,3.18.0
SBS7c,0,0,0,0,0,200,OV3331,full,115302752,0.004,58c63a68196bddc66383c4d3e332e3e326edecd8c023d2463b0d8179b1d0aae1,60,22,COSMIC_v3.2,3.18.0
SBS7d,3.637015931163598,0,0,19.822038120621237,0.245,200,OV3331,full,115302752,0.004,58c63a68196bddc66383c4d3e332e3e326edecd8c023d2463b0d8179b1d0aae1,60,22,COSMIC_v3.2,3.18.0
SBS8,0.3027977102881011,0,0,0,0.015,200,OV3331,full,115302752,0.004,58c63a68196bddc66383c4d3e332e3e326edecd8c023d2463b0d8179b1d0aae1,60,22,COSMIC_v3.2,3.18.0
SBS84,0.03579148440847675,0,0,0,0.005,200,OV3331,full,115302752,0.004,58c63a68196bddc66383c4d3e332e3e326edecd8c023d2463b0d8179b1d0aae1,60,22,COSMIC_v3.2,3.18.0
SBS85,0,0,0,0,0,200,OV3331,full,115302752,0.004,58c63a68196bddc66383c4d3e332e3e326edecd8c023d2463b0d8179b1d0aae1,60,22,COSMIC_v3.2,3.18.0
SBS86,0,0,0,0,0,200,OV3331,full,115302752,0.004,58c63a68196bddc66383c4d3e332e3e326edecd8c023d2463b0d8179b1d0aae1,60,22,COSMIC_v3.2,3.18.0
SBS87,17.604756769763416,13.898708031230502,0,66.77902863846423,0.555,200,OV3331,full,115302752,0.004,58c63a68196bddc66383c4d3e332e3e326edecd8c023d2463b0d8179b1d0aae1,60,22,COSMIC_v3.2,3.18.0
SBS88,0,0,0,0,0,200,OV3331,full,115302752,0.004,58c63a68196bddc66383c4d3e332e3e326edecd8c023d2463b0d8179b1d0aae1,60,22,COSMIC_v3.2,3.18.0
SBS89,8.640784021910028,0,0,45.328481624750665,0.33,200,OV3331,full,115302752,0.004,58c63a68196bddc66383c4d3e332e3e326edecd8c023d2463b0d8179b1d0aae1,60,22,COSMIC_v3.2,3.18.0
SBS9,0,0,0,0,0,200,OV3331,full,115302752,0.004,58c63a68196bddc66383c4d3e332e3e326edecd8c023d2463b0d8179b1d0aae1,60,22,COSMIC_v3.2,3.18.0
SBS90,0,0,0,0,0,200,OV3331,full,115302752,0.004,58c63a68196bddc66383c4d3e332e3e326edecd8c023d2463b0d8179b1d0aae1,60,22,COSMIC_v3.2,3.18.0
SBS91,0.042678300909095766,0,0,0,0.005,200,OV3331,full,115302752,0.004,58c63a68196bddc66383c4d3e332e3e326edecd8c023d2463b0d8179b1d0aae1,60,22,COSMIC_v3.2,3.18.0
SBS92,6.04024701394539,0,0,56.38728101382061,0.13,200,OV3331,full,115302752,0.004,58c63a68196bddc66383c4d3e332e3e326edecd8c023d2463b0d8179b1d0aae1,60,22,COSMIC_v3.2,3.18.0
SBS93,0,0,0,0,0,200,OV3331,full,115302752,0.004,58c63a68196bddc66383c4d3e332e3e326edecd8c023d2463b0d8179b1d0aae1,60,22,COSMIC_v3.2,3.18.0
SBS94,0.4139408106285495,0,0,0,0.015,200,OV3331,full,115302752,0.004,58c63a68196bddc66383c4d3e332e3e326edecd8c023d2463b0d8179b1d0aae1,60,22,COSMIC_v3.2,3.18.0
SBS1,18.691623746268576,0,0,63.62917826164274,0.465,200,OV90,full,145069200,0.004,58c63a68196bddc66383c4d3e332e3e326edecd8c023d2463b0d8179b1d0aae1,60,22,COSMIC_v3.2,3.18.0
SBS10a,0,0,0,0,0,200,OV90,full,145069200,0.004,58c63a68196bddc66383c4d3e332e3e326edecd8c023d2463b0d8179b1d0aae1,60,22,COSMIC_v3.2,3.18.0
SBS10b,5.995959834589435,0,0,30.270770494613483,0.275,200,OV90,full,145069200,0.004,58c63a68196bddc66383c4d3e332e3e326edecd8c023d2463b0d8179b1d0aae1,60,22,COSMIC_v3.2,3.18.0
SBS10c,0,0,0,0,0,200,OV90,full,145069200,0.004,58c63a68196bddc66383c4d3e332e3e326edecd8c023d2463b0d8179b1d0aae1,60,22,COSMIC_v3.2,3.18.0
SBS10d,0.15157135777165096,0,0,0,0.005,200,OV90,full,145069200,0.004,58c63a68196bddc66383c4d3e332e3e326edecd8c023d2463b0d8179b1d0aae1,60,22,COSMIC_v3.2,3.18.0
SBS11,0.13125779160122056,0,0,0,0.005,200,OV90,full,145069200,0.004,58c63a68196bddc66383c4d3e332e3e326edecd8c023d2463b0d8179b1d0aae1,60,22,COSMIC_v3.2,3.18.0
SBS12,2.990196067978071,0,0,50.62874415983434,0.06,200,OV90,full,145069200,0.004,58c63a68196bddc66383c4d3e332e3e326edecd8c023d2463b0d8179b1d0aae1,60,22,COSMIC_v3.2,3.18.0
SBS13,0,0,0,0,0,200,OV90,full,145069200,0.004,58c63a68196bddc66383c4d3e332e3e326edecd8c023d2463b0d8179b1d0aae1,60,22,COSMIC_v3.2,3.18.0
SBS14,0,0,0,0,0,200,OV90,full,145069200,0.004,58c63a68196bddc66383c4d3e332e3e326edecd8c023d2463b0d8179b1d0aae1,60,22,COSMIC_v3.2,3.18.0
SBS15,11.34286830278655,0,0,72.59110339401599,0.235,200,OV90,full,145069200,0.004,58c63a68196bddc66383c4d3e332e3e326edecd8c023d2463b0d8179b1d0aae1,60,22,COSMIC_v3.2,3.18.0
SBS16,0,0,0,0,0,200,OV90,full,145069200,0.004,58c63a68196bddc66383c4d3e332e3e326edecd8c023d2463b0d8179b1d0aae1,60,22,COSMIC_v3.2,3.18.0
SBS17a,1.33181175847149,0,0,18.09497133306844,0.07,200,OV90,full,145069200,0.004,58c63a68196bddc66383c4d3e332e3e326edecd8c023d2463b0d8179b1d0aae1,60,22,COSMIC_v3.2,3.18.0
SBS17b,0,0,0,0,0,200,OV90,full,145069200,0.004,58c63a68196bddc66383c4d3e332e3e326edecd8c023d2463b0d8179b1d0aae1,60,22,COSMIC_v3.2,3.18.0
SBS18,0,0,0,0,0,200,OV90,full,145069200,0.004,58c63a68196bddc66383c4d3e332e3e326edecd8c023d2463b0d8179b1d0aae1,60,22,COSMIC_v3.2,3.18.0
SBS19,0.3854660952652673,0,0,0,0.015,200,OV90,full,145069200,0.004,58c63a68196bddc66383c4d3e332e3e326edecd8c023d2463b0d8179b1d0aae1,60,22,COSMIC_v3.2,3.18.0
SBS2,0.929483010336875,0,0,15.108773865329146,0.06,200,OV90,full,145069200,0.004,58c63a68196bddc66383c4d3e332e3e326edecd8c023d2463b0d8179b1d0aae1,60,22,COSMIC_v3.2,3.18.0
SBS20,0,0,0,0,0,200,OV90,full,145069200,0.004,58c63a68196bddc66383c4d3e332e3e326edecd8c023d2463b0d8179b1d0aae1,60,22,COSMIC_v3.2,3.18.0
SBS21,0.11673194830292216,0,0,0,0.005,200,OV90,full,145069200,0.004,58c63a68196bddc66383c4d3e332e3e326edecd8c023d2463b0d8179b1d0aae1,60,22,COSMIC_v3.2,3.18.0
SBS22,0,0,0,0,0,200,OV90,full,145069200,0.004,58c63a68196bddc66383c4d3e332e3e326edecd8c023d2463b0d8179b1d0aae1,60,22,COSMIC_v3.2,3.18.0
SBS23,0,0,0,0,0,200,OV90,full,145069200,0.004,58c63a68196bddc66383c4d3e332e3e326edecd8c023d2463b0d8179b1d0aae1,60,22,COSMIC_v3.2,3.18.0
SBS24,71.36319506285116,78.36422761582575,0,129.19296114220458,0.84,200,OV90,full,145069200,0.004,58c63a68196bddc66383c4d3e332e3e326edecd8c023d2463b0d8179b1d0aae1,60,22,COSMIC_v3.2,3.18.0
SBS25,1.3236464971380852,0,0,25.856247286455496,0.035,200,OV90,full,145069200,0.004,58c63a68196bddc66383c4d3e332e3e326edecd8c023d2463b0d8179b1d0aae1,60,22,COSMIC_v3.2,3.18.0
SBS26,24.151295350417644,0,0,89.2780345361369,0.42,200,OV90,full,145069200,0.004,58c63a68196bddc66383c4d3e332e3e326edecd8c023d2463b0d8179b1d0aae1,60,22,COSMIC_v3.2,3.18.0
SBS28,0,0,0,0,0,200,OV90,full,145069200,0.004,58c63a68196bddc66383c4d3e332e3e326edecd8c023d2463b0d8179b1d0aae1,60,22,COSMIC_v3.2,3.18.0
SBS29,25.55654034381003,0,0,97.65798894397753,0.425,200,OV90,full,145069200,0.004,58c63a68196bddc66383c4d3e332e3e326edecd8c023d2463b0d8179b1d0aae1,60,22,COSMIC_v3.2,3.18.0
SBS3,11.148687850636632,0,0,119.506777222829,0.125,200,OV90,full,145069200,0.004,58c63a68196bddc66383c4d3e332e3e326edecd8c023d2463b0d8179b1d0aae1,60,22,COSMIC_v3.2,3.18.0
SBS30,22.465480140093014,0,0,78.17175390296839,0.475,200,OV90,full,145069200,0.004,58c63a68196bddc66383c4d3e332e3e326edecd8c023d2463b0d8179b1d0aae1,60,22,COSMIC_v3.2,3.18.0
SBS31,10.45563192882328,0,0,63.04631844940771,0.26,200,OV90,full,145069200,0.004,58c63a68196bddc66383c4d3e332e3e326edecd8c023d2463b0d8179b1d0aae1,60,22,COSMIC_v3.2,3.18.0
SBS32,2.4391484335659426,0,0,35.751387847748795,0.07,200,OV90,full,145069200,0.004,58c63a68196bddc66383c4d3e332e3e326edecd8c023d2463b0d8179b1d0aae1,60,22,COSMIC_v3.2,3.18.0
SBS33,6.181670082297715,0,0,31.94432652677291,0.27,200,OV90,full,145069200,0.004,58c63a68196bddc66383c4d3e332e3e326edecd8c023d2463b0d8179b1d0aae1,60,22,COSMIC_v3.2,3.18.0
SBS34,0,0,0,0,0,200,OV90,full,145069200,0.004,58c63a68196bddc66383c4d3e332e3e326edecd8c023d2463b0d8179b1d0aae1,60,22,COSMIC_v3.2,3.18.0
SBS35,0.5493277516709131,0,0,0,0.015,200,OV90,full,145069200,0.004,58c63a68196bddc66383c4d3e332e3e326edecd8c023d2463b0d8179b1d0aae1,60,22,COSMIC_v3.2,3.18.0
SBS36,0,0,0,0,0,200,OV90,full,145069200,0.004,58c63a68196bddc66383c4d3e332e3e326edecd8c023d2463b0d8179b1d0aae1,60,22,COSMIC_v3.2,3.18.0
SBS37,3.4344537055035897,0,0,43.90722833459077,0.085,200,OV90,full,145069200,0.004,58c63a68196bddc66383c4d3e332e3e326edecd8c023d2463b0d8179b1d0aae1,60,22,COSMIC_v3.2,3.18.0
SBS38,0,0,0,0,0,200,OV90,full,145069200,0.004,58c63a68196bddc66383c4d3e332e3e326edecd8c023d2463b0d8179b1d0aae1,60,22,COSMIC_v3.2,3.18.0
SBS39,48.905366127274064,56.02796746053891,0,122.90695649659573,0.685,200,OV90,full,145069200,0.004,58c63a68196bddc66383c4d3e332e3e326edecd8c023d2463b0d8179b1d0aae1,60,22,COSMIC_v3.2,3.18.0
SBS4,1.4125733542643317,0,0,31.6431391562138,0.035,200,OV90,full,145069200,0.004,58c63a68196bddc66383c4d3e332e3e326edecd8c023d2463b0d8179b1d0aae1,60,22,COSMIC_v3.2,3.18.0
SBS40,2.222963771382967,0,0,1.398353661980994,0.025,200,OV90,full,145069200,0.004,58c63a68196bddc66383c4d3e332e3e326edecd8c023d2463b0d8179b1d0aae1,60,22,COSMIC_v3.2,3.18.0
SBS41,0,0,0,0,0,200,OV90,full,145069200,0.004,58c63a68196bddc66383c4d3e332e3e326edecd8c023d2463b0d8179b1d0aae1,60,22,COSMIC_v3.2,3.18.0
SBS42,0,0,0,0,0,200,OV90,full,145069200,0.004,58c63a68196bddc66383c4d3e332e3e326edecd8c023d2463b0d8179b1d0aae1,60,22,COSMIC_v3.2,3.18.0
SBS44,2.291209630316052,0,0,37.50144876674902,0.055,200,OV90,full,145069200,0.004,58c63a68196bddc66383c4d3e332e3e326edecd8c023d2463b0d8179b1d0aae1,60,22,COSMIC_v3.2,3.18.0
SBS5,141.18397441690308,154.07059170295403,0,315.8968433892609,0.82,200,OV90,full,145069200,0.004,58c63a68196bddc66383c4d3e332e3e326edecd8c023d2463b0d8179b1d0aae1,60,22,COSMIC_v3.2,3.18.0
SBS6,51.17954968323317,52.09260664275681,0,127.24821704502168,0.73,200,OV90,full,145069200,0.004,58c63a68196bddc66383c4d3e332e3e326edecd8c023d2463b0d8179b1d0aae1,60,22,COSMIC_v3.2,3.18.0
SBS7a,0.2659000938375601,0,0,0,0.01,200,OV90,full,145069200,0.004,58c63a68196bddc66383c4d3e332e3e326edecd8c023d2463b0d8179b1d0aae1,60,22,COSMIC_v3.2,3.18.0
SBS7b,13.784024773303805,0,0,60.54863056785051,0.345,200,OV90,full,145069200,0.004,58c63a68196bddc66383c4d3e332e3e326edecd8c023d2463b0d8179b1d0aae1,60,22,COSMIC_v3.2,3.18.0
SBS7c,0,0,0,0,0,200,OV90,full,145069200,0.004,58c63a68196bddc66383c4d3e332e3e326edecd8c023d2463b0d8179b1d0aae1,60,22,COSMIC_v3.2,3.18.0
SBS7d,0.31125612970154937,0,0,0,0.015,200,OV90,full,145069200,0.004,58c63a68196bddc66383c4d3e332e3e326edecd8c023d2463b0d8179b1d0aae1,60,22,COSMIC_v3.2,3.18.0
SBS8,2.473076684235855,0,0,43.523653663053686,0.055,200,OV90,full,145069200,0.004,58c63a68196bddc66383c4d3e332e3e326edecd8c023d2463b0d8179b1d0aae1,60,22,COSMIC_v3.2,3.18.0
SBS84,0.21378903646229938,0,0,0,0.01,200,OV90,full,145069200,0.004,58c63a68196bddc66383c4d3e332e3e326edecd8c023d2463b0d8179b1d0aae1,60,22,COSMIC_v3.2,3.18.0
SBS85,0.39481145107185434,0,0,0,0.02,200,OV90,full,145069200,0.004,58c63a68196bddc66383c4d3e332e3e326edecd8c023d2463b0d8179b1d0aae1,60,22,COSMIC_v3.2,3.18.0
SBS86,3.922326131962647,0,0,41.800084939470544,0.125,200,OV90,full,145069200,0.004,58c63a68196bddc66383c4d3e332e3e326edecd8c023d2463b0d8179b1d0aae1,60,22,COSMIC_v3.2,3.18.0
SBS87,33.72235811466128,36.42308382828392,0,88.50075352679174,0.645,200,OV90,full,145069200,0.004,58c63a68196bddc66383c4d3e332e3e326edecd8c023d2463b0d8179b1d0aae1,60,22,COSMIC_v3.2,3.18.0
SBS88,0,0,0,0,0,200,OV90,full,145069200,0.004,58c63a68196bddc66383c4d3e332e3e326edecd8c023d2463b0d8179b1d0aae1,60,22,COSMIC_v3.2,3.18.0
SBS89,28.12084080920893,0,0,97.52857439132924,0.475,200,OV90,full,145069200,0.004,58c63a68196bddc66383c4d3e332e3e326edecd8c023d2463b0d8179b1d0aae1,60,22,COSMIC_v3.2,3.18.0
SBS9,4.8629327755201475,0,0,44.71877025901864,0.13,200,OV90,full,145069200,0.004,58c63a68196bddc66383c4d3e332e3e326edecd8c023d2463b0d8179b1d0aae1,60,22,COSMIC_v3.2,3.18.0
SBS90,0,0,0,0,0,200,OV90,full,145069200,0.004,58c63a68196bddc66383c4d3e332e3e326edecd8c023d2463b0d8179b1d0aae1,60,22,COSMIC_v3.2,3.18.0
SBS91,0.6961467600725394,0,0,16.482340478704934,0.04,200,OV90,full,145069200,0.004,58c63a68196bddc66383c4d3e332e3e326edecd8c023d2463b0d8179b1d0aae1,60,22,COSMIC_v3.2,3.18.0
SBS92,0,0,0,0,0,200,OV90,full,145069200,0.004,58c63a68196bddc66383c4d3e332e3e326edecd8c023d2463b0d8179b1d0aae1,60,22,COSMIC_v3.2,3.18.0
SBS93,0,0,0,0,0,200,OV90,full,145069200,0.004,58c63a68196bddc66383c4d3e332e3e326edecd8c023d2463b0d8179b1d0aae1,60,22,COSMIC_v3.2,3.18.0
SBS94,2.8529843392148204,0,0,43.32887283559975,0.065,200,OV90,full,145069200,0.004,58c63a68196bddc66383c4d3e332e3e326edecd8c023d2463b0d8179b1d0aae1,60,22,COSMIC_v3.2,3.18.0
SBS1,2.916420764856607,0,0,34.363991730028566,0.1,200,TOV81D,full,193609857,0.004,58c63a68196bddc66383c4d3e332e3e326edecd8c023d2463b0d8179b1d0aae1,60,22,COSMIC_v3.2,3.18.0
SBS10a,0.05838779435830342,0,0,0,0.005,200,TOV81D,full,193609857,0.004,58c63a68196bddc66383c4d3e332e3e326edecd8c023d2463b0d8179b1d0aae1,60,22,COSMIC_v3.2,3.18.0
SBS10b,4.906941046332387,0,0,24.864619257586128,0.255,200,TOV81D,full,193609857,0.004,58c63a68196bddc66383c4d3e332e3e326edecd8c023d2463b0d8179b1d0aae1,60,22,COSMIC_v3.2,3.18.0
SBS10c,0,0,0,0,0,200,TOV81D,full,193609857,0.004,58c63a68196bddc66383c4d3e332e3e326edecd8c023d2463b0d8179b1d0aae1,60,22,COSMIC_v3.2,3.18.0
SBS10d,0,0,0,0,0,200,TOV81D,full,193609857,0.004,58c63a68196bddc66383c4d3e332e3e326edecd8c023d2463b0d8179b1d0aae1,60,22,COSMIC_v3.2,3.18.0
SBS11,0,0,0,0,0,200,TOV81D,full,193609857,0.004,58c63a68196bddc66383c4d3e332e3e326edecd8c023d2463b0d8179b1d0aae1,60,22,COSMIC_v3.2,3.18.0
SBS12,2.4474116542834734,0,0,40.39178869490209,0.055,200,TOV81D,full,193609857,0.004,58c63a68196bddc66383c4d3e332e3e326edecd8c023d2463b0d8179b1d0aae1,60,22,COSMIC_v3.2,3.18.0
SBS13,0,0,0,0,0,200,TOV81D,full,193609857,0.004,58c63a68196bddc66383c4d3e332e3e326edecd8c023d2463b0d8179b1d0aae1,60,22,COSMIC_v3.2,3.18.0
SBS14,4.189276790175009,0,0,39.817705502048625,0.14,200,TOV81D,full,193609857,0.004,58c63a68196bddc66383c4d3e332e3e326edecd8c023d2463b0d8179b1d0aae1,60,22,COSMIC_v3.2,3.18.0
SBS15,2.379742545851652,0,0,36.26686052041708,0.065,200,TOV81D,full,193609857,0.004,58c63a68196bddc66383c4d3e332e3e326edecd8c023d2463b0d8179b1d0aae1,60,22,COSMIC_v3.2,3.18.0
SBS16,3.121128887865783,0,0,35.6828324016073,0.1,200,TOV81D,full,193609857,0.004,58c63a68196bddc66383c4d3e332e3e326edecd8c023d2463b0d8179b1d0aae1,60,22,COSMIC_v3.2,3.18.0
SBS17a,0,0,0,0,0,200,TOV81D,full,193609857,0.004,58c63a68196bddc66383c4d3e332e3e326edecd8c023d2463b0d8179b1d0aae1,60,22,COSMIC_v3.2,3.18.0
SBS17b,0,0,0,0,0,200,TOV81D,full,193609857,0.004,58c63a68196bddc66383c4d3e332e3e326edecd8c023d2463b0d8179b1d0aae1,60,22,COSMIC_v3.2,3.18.0
SBS18,1.2977713981750225,0,0,23.134978693200342,0.03,200,TOV81D,full,193609857,0.004,58c63a68196bddc66383c4d3e332e3e326edecd8c023d2463b0d8179b1d0aae1,60,22,COSMIC_v3.2,3.18.0
SBS19,0.9385613190410234,0,0,20.83278045263512,0.04,200,TOV81D,full,193609857,0.004,58c63a68196bddc66383c4d3e332e3e326edecd8c023d2463b0d8179b1d0aae1,60,22,COSMIC_v3.2,3.18.0
SBS2,0.6159690941689729,0,0,13.358501559393783,0.04,200,TOV81D,full,193609857,0.004,58c63a68196bddc66383c4d3e332e3e326edecd8c023d2463b0d8179b1d0aae1,60,22,COSMIC_v3.2,3.18.0
SBS20,3.5793296242118893,0,0,36.35334827517389,0.115,200,TOV81D,full,193609857,0.004,58c63a68196bddc66383c4d3e332e3e326edecd8c023d2463b0d8179b1d0aae1,60,22,COSMIC_v3.2,3.18.0
SBS21,1.6744148034662374,0,0,26.747623840530196,0.065,200,TOV81D,full,193609857,0.004,58c63a68196bddc66383c4d3e332e3e326edecd8c023d2463b0d8179b1d0aae1,60,22,COSMIC_v3.2,3.18.0
SBS22,0,0,0,0,0,200,TOV81D,full,193609857,0.004,58c63a68196bddc66383c4d3e332e3e326edecd8c023d2463b0d8179b1d0aae1,60,22,COSMIC_v3.2,3.18.0
SBS23,0,0,0,0,0,200,TOV81D,full,193609857,0.004,58c63a68196bddc66383c4d3e332e3e326edecd8c023d2463b0d8179b1d0aae1,60,22,COSMIC_v3.2,3.18.0
SBS24,33.91054617366662,28.656810020072626,0,115.14938370921456,0.535,200,TOV81D,full,193609857,0.004,58c63a68196bddc66383c4d3e332e3e326edecd8c023d2463b0d8179b1d0aae1,60,22,COSMIC_v3.2,3.18.0
SBS25,11.943962093247409,0,0,75.93499471809248,0.24,200,TOV81D,full,193609857,0.004,58c63a68196bddc66383c4d3e332e3e326edecd8c023d2463b0d8179b1d0aae1,60,22,COSMIC_v3.2,3.18.0
SBS26,6.645475320527778,0,0,66.72644677427907,0.145,200,TOV81D,full,193609857,0.004,58c63a68196bddc66383c4d3e332e3e326edecd8c023d2463b0d8179b1d0aae1,60,22,COSMIC_v3.2,3.18.0
SBS28,0.17239549805204485,0,0,0,0.01,200,TOV81D,full,193609857,0.004,58c63a68196bddc66383c4d3e332e3e326edecd8c023d2463b0d8179b1d0aae1,60,22,COSMIC_v3.2,3.18.0
SBS29,81.81996436749256,88.43381439640287,0,151.4413613978931,0.865,200,TOV81D,full,193609857,0.004,58c63a68196bddc66383c4d3e332e3e326edecd8c023d2463b0d8179b1d0aae1,60,22,COSMIC_v3.2,3.18.0
SBS3,28.617632843689556,0,0,164.33962845102693,0.27,200,TOV81D,full,193609857,0.004,58c63a68196bddc66383c4d3e332e3e326edecd8c023d2463b0d8179b1d0aae1,60,22,COSMIC_v3.2,3.18.0
SBS30,1.0435371058927583,0,0,19.947120021520302,0.035,200,TOV81D,full,193609857,0.004,58c63a68196bddc66383c4d3e332e3e326edecd8c023d2463b0d8179b1d0aae1,60,22,COSMIC_v3.2,3.18.0
SBS31,0.28479546058821165,0,0,0,0.01,200,TOV81D,full,193609857,0.004,58c63a68196bddc66383c4d3e332e3e326edecd8c023d2463b0d8179b1d0aae1,60,22,COSMIC_v3.2,3.18.0
SBS32,4.541310348078451,0,0,43.0770426501297,0.13,200,TOV81D,full,193609857,0.004,58c63a68196bddc66383c4d3e332e3e326edecd8c023d2463b0d8179b1d0aae1,60,22,COSMIC_v3.2,3.18.0
SBS33,1.0790670143971353,0,0,20.455065626571773,0.05,200,TOV81D,full,193609857,0.004,58c63a68196bddc66383c4d3e332e3e326edecd8c023d2463b0d8179b1d0aae1,60,22,COSMIC_v3.2,3.18.0
SBS34,0,0,0,0,0,200,TOV81D,full,193609857,0.004,58c63a68196bddc66383c4d3e332e3e326edecd8c023d2463b0d8179b1d0aae1,60,22,COSMIC_v3.2,3.18.0
SBS35,0,0,0,0,0,200,TOV81D,full,193609857,0.004,58c63a68196bddc66383c4d3e332e3e326edecd8c023d2463b0d8179b1d0aae1,60,22,COSMIC_v3.2,3.18.0
SBS36,0.17330630244744635,0,0,0,0.005,200,TOV81D,full,193609857,0.004,58c63a68196bddc66383c4d3e332e3e326edecd8c023d2463b0d8179b1d0aae1,60,22,COSMIC_v3.2,3.18.0
SBS37,2.885983230330199,0,0,45.37077068182973,0.065,200,TOV81D,full,193609857,0.004,58c63a68196bddc66383c4d3e332e3e326edecd8c023d2463b0d8179b1d0aae1,60,22,COSMIC_v3.2,3.18.0
SBS38,0,0,0,0,0,200,TOV81D,full,193609857,0.004,58c63a68196bddc66383c4d3e332e3e326edecd8c023d2463b0d8179b1d0aae1,60,22,COSMIC_v3.2,3.18.0
SBS39,32.98199929056183,35.452330969386196,0,94.73460559166621,0.545,200,TOV81D,full,193609857,0.004,58c63a68196bddc66383c4d3e332e3e326edecd8c023d2463b0d8179b1d0aae1,60,22,COSMIC_v3.2,3.18.0
SBS4,18.888006260780713,0,0,89.42139063215589,0.31,200,TOV81D,full,193609857,0.004,58c63a68196bddc66383c4d3e332e3e326edecd8c023d2463b0d8179b1d0aae1,60,22,COSMIC_v3.2,3.18.0
SBS40,2.091937568263078,0,0,0,0.015,200,TOV81D,full,193609857,0.004,58c63a68196bddc66383c4d3e332e3e326edecd8c023d2463b0d8179b1d0aae1,60,22,COSMIC_v3.2,3.18.0
SBS41,0,0,0,0,0,200,TOV81D,full,193609857,0.004,58c63a68196bddc66383c4d3e332e3e326edecd8c023d2463b0d8179b1d0aae1,60,22,COSMIC_v3.2,3.18.0
SBS42,2.504213542793243,0,0,47.94674479184123,0.055,200,TOV81D,full,193609857,0.004,58c63a68196bddc66383c4d3e332e3e326edecd8c023d2463b0d8179b1d0aae1,60,22,COSMIC_v3.2,3.18.0
SBS44,5.578298830492422,0,0,57.814134155369864,0.125,200,TOV81D,full,193609857,0.004,58c63a68196bddc66383c4d3e332e3e326edecd8c023d2463b0d8179b1d0aae1,60,22,COSMIC_v3.2,3.18.0
SBS5,217.01327417652317,232.8140218867726,0,343.5253266000882,0.925,200,TOV81D,full,193609857,0.004,58c63a68196bddc66383c4d3e332e3e326edecd8c023d2463b0d8179b1d0aae1,60,22,COSMIC_v3.2,3.18.0
SBS6,37.75389922796279,43.32685531941807,0,80.83245472205259,0.74,200,TOV81D,full,193609857,0.004,58c63a68196bddc66383c4d3e332e3e326edecd8c023d2463b0d8179b1d0aae1,60,22,COSMIC_v3.2,3.18.0
SBS7a,1.0105036634919031,0,0,19.179770012340715,0.05,200,TOV81D,full,193609857,0.004,58c63a68196bddc66383c4d3e332e3e326edecd8c023d2463b0d8179b1d0aae1,60,22,COSMIC_v3.2,3.18.0
SBS7b,1.767531441273971,0,0,28.724182175927446,0.065,200,TOV81D,full,193609857,0.004,58c63a68196bddc66383c4d3e332e3e326edecd8c023d2463b0d8179b1d0aae1,60,22,COSMIC_v3.2,3.18.0
SBS7c,0,0,0,0,0,200,TOV81D,full,193609857,0.004,58c63a68196bddc66383c4d3e332e3e326edecd8c023d2463b0d8179b1d0aae1,60,22,COSMIC_v3.2,3.18.0
SBS7d,4.440280565954585,0,0,32.1294835845653,0.17,200,TOV81D,full,193609857,0.004,58c63a68196bddc66383c4d3e332e3e326edecd8c023d2463b0d8179b1d0aae1,60,22,COSMIC_v3.2,3.18.0
SBS8,2.3595630605484366,0,0,40.50591887591984,0.045,200,TOV81D,full,193609857,0.004,58c63a68196bddc66383c4d3e332e3e326edecd8c023d2463b0d8179b1d0aae1,60,22,COSMIC_v3.2,3.18.0
SBS84,1.078236592554388,0,0,21.449026932039626,0.03,200,TOV81D,full,193609857,0.004,58c63a68196bddc66383c4d3e332e3e326edecd8c023d2463b0d8179b1d0aae1,60,22,COSMIC_v3.2,3.18.0
SBS85,0.17200424009047924,0,0,0,0.005,200,TOV81D,full,193609857,0.004,58c63a68196bddc66383c4d3e332e3e326edecd8c023d2463b0d8179b1d0aae1,60,22,COSMIC_v3.2,3.18.0
SBS86,3.549141974030255,0,0,37.461297052822665,0.105,200,TOV81D,full,193609857,0.004,58c63a68196bddc66383c4d3e332e3e326edecd8c023d2463b0d8179b1d0aae1,60,22,COSMIC_v3.2,3.18.0
SBS87,23.520504760071695,23.856472381208295,0,67.77067033154253,0.54,200,TOV81D,full,193609857,0.004,58c63a68196bddc66383c4d3e332e3e326edecd8c023d2463b0d8179b1d0aae1,60,22,COSMIC_v3.2,3.18.0
SBS88,1.8806083108981646,0,0,30.930755540508258,0.065,200,TOV81D,full,193609857,0.004,58c63a68196bddc66383c4d3e332e3e326edecd8c023d2463b0d8179b1d0aae1,60,22,COSMIC_v3.2,3.18.0
SBS89,28.486102689571368,0,0,102.42484305712964,0.445,200,TOV81D,full,193609857,0.004,58c63a68196bddc66383c4d3e332e3e326edecd8c023d2463b0d8179b1d0aae1,60,22,COSMIC_v3.2,3.18.0
SBS9,0.11299987677837546,0,0,0,0.005,200,TOV81D,full,193609857,0.004,58c63a68196bddc66383c4d3e332e3e326edecd8c023d2463b0d8179b1d0aae1,60,22,COSMIC_v3.2,3.18.0
SBS90,0,0,0,0,0,200,TOV81D,full,193609857,0.004,58c63a68196bddc66383c4d3e332e3e326edecd8c023d2463b0d8179b1d0aae1,60,22,COSMIC_v3.2,3.18.0
SBS91,0,0,0,0,0,200,TOV81D,full,193609857,0.004,58c63a68196bddc66383c4d3e332e3e326edecd8c023d2463b0d8179b1d0aae1,60,22,COSMIC_v3.2,3.18.0
SBS92,0.22335435834763562,0,0,0,0.005,200,TOV81D,full,193609857,0.004,58c63a68196bddc66383c4d3e332e3e326edecd8c023d2463b0d8179b1d0aae1,60,22,COSMIC_v3.2,3.18.0
SBS93,0.5868758832567983,0,0,0,0.015,200,TOV81D,full,193609857,0.004,58c63a68196bddc66383c4d3e332e3e326edecd8c023d2463b0d8179b1d0aae1,60,22,COSMIC_v3.2,3.18.0
SBS94,0,0,0,0,0,200,TOV81D,full,193609857,0.004,58c63a68196bddc66383c4d3e332e3e326edecd8c023d2463b0d8179b1d0aae1,60,22,COSMIC_v3.2,3.18.0
SBS1,5.194906997385842,0,0,101.73751230963387,0.035,200,TOV21G,full,162088603,0.004,58c63a68196bddc66383c4d3e332e3e326edecd8c023d2463b0d8179b1d0aae1,60,22,COSMIC_v3.2,3.18.0
SBS10a,0,0,0,0,0,200,TOV21G,full,162088603,0.004,58c63a68196bddc66383c4d3e332e3e326edecd8c023d2463b0d8179b1d0aae1,60,22,COSMIC_v3.2,3.18.0
SBS10b,1.3569757503513724,0,0,0,0.015,200,TOV21G,full,162088603,0.004,58c63a68196bddc66383c4d3e332e3e326edecd8c023d2463b0d8179b1d0aae1,60,22,COSMIC_v3.2,3.18.0
SBS10c,0,0,0,0,0,200,TOV21G,full,162088603,0.004,58c63a68196bddc66383c4d3e332e3e326edecd8c023d2463b0d8179b1d0aae1,60,22,COSMIC_v3.2,3.18.0
SBS10d,0,0,0,0,0,200,TOV21G,full,162088603,0.004,58c63a68196bddc66383c4d3e332e3e326edecd8c023d2463b0d8179b1d0aae1,60,22,COSMIC_v3.2,3.18.0
SBS11,0,0,0,0,0,200,TOV21G,full,162088603,0.004,58c63a68196bddc66383c4d3e332e3e326edecd8c023d2463b0d8179b1d0aae1,60,22,COSMIC_v3.2,3.18.0
SBS12,0,0,0,0,0,200,TOV21G,full,162088603,0.004,58c63a68196bddc66383c4d3e332e3e326edecd8c023d2463b0d8179b1d0aae1,60,22,COSMIC_v3.2,3.18.0
SBS13,0,0,0,0,0,200,TOV21G,full,162088603,0.004,58c63a68196bddc66383c4d3e332e3e326edecd8c023d2463b0d8179b1d0aae1,60,22,COSMIC_v3.2,3.18.0
SBS14,0.7978960687927495,0,0,0,0.005,200,TOV21G,full,162088603,0.004,58c63a68196bddc66383c4d3e332e3e326edecd8c023d2463b0d8179b1d0aae1,60,22,COSMIC_v3.2,3.18.0
SBS15,113.77009678827986,0,0,346.3083116805174,0.43,200,TOV21G,full,162088603,0.004,58c63a68196bddc66383c4d3e332e3e326edecd8c023d2463b0d8179b1d0aae1,60,22,COSMIC_v3.2,3.18.0
SBS16,0,0,0,0,0,200,TOV21G,full,162088603,0.004,58c63a68196bddc66383c4d3e332e3e326edecd8c023d2463b0d8179b1d0aae1,60,22,COSMIC_v3.2,3.18.0
SBS17a,0,0,0,0,0,200,TOV21G,full,162088603,0.004,58c63a68196bddc66383c4d3e332e3e326edecd8c023d2463b0d8179b1d0aae1,60,22,COSMIC_v3.2,3.18.0
SBS17b,0,0,0,0,0,200,TOV21G,full,162088603,0.004,58c63a68196bddc66383c4d3e332e3e326edecd8c023d2463b0d8179b1d0aae1,60,22,COSMIC_v3.2,3.18.0
SBS18,1.2349483923394327,0,0,0,0.005,200,TOV21G,full,162088603,0.004,58c63a68196bddc66383c4d3e332e3e326edecd8c023d2463b0d8179b1d0aae1,60,22,COSMIC_v3.2,3.18.0
SBS19,43.44497956621873,0,0,195.14031064593163,0.265,200,TOV21G,full,162088603,0.004,58c63a68196bddc66383c4d3e332e3e326edecd8c023d2463b0d8179b1d0aae1,60,22,COSMIC_v3.2,3.18.0
SBS2,0,0,0,0,0,200,TOV21G,full,162088603,0.004,58c63a68196bddc66383c4d3e332e3e326edecd8c023d2463b0d8179b1d0aae1,60,22,COSMIC_v3.2,3.18.0
SBS20,241.11452085850698,277.83726037452175,0,439.80644827470616,0.78,200,TOV21G,full,162088603,0.004,58c63a68196bddc66383c4d3e332e3e326edecd8c023d2463b0d8179b1d0aae1,60,22,COSMIC_v3.2,3.18.0
SBS21,0,0,0,0,0,200,TOV21G,full,162088603,0.004,58c63a68196bddc66383c4d3e332e3e326edecd8c023d2463b0d8179b1d0aae1,60,22,COSMIC_v3.2,3.18.0
SBS22,0,0,0,0,0,200,TOV21G,full,162088603,0.004,58c63a68196bddc66383c4d3e332e3e326edecd8c023d2463b0d8179b1d0aae1,60,22,COSMIC_v3.2,3.18.0
SBS23,0,0,0,0,0,200,TOV21G,full,162088603,0.004,58c63a68196bddc66383c4d3e332e3e326edecd8c023d2463b0d8179b1d0aae1,60,22,COSMIC_v3.2,3.18.0
SBS24,1.1297069794065013,0,0,0,0.005,200,TOV21G,full,162088603,0.004,58c63a68196bddc66383c4d3e332e3e326edecd8c023d2463b0d8179b1d0aae1,60,22,COSMIC_v3.2,3.18.0
SBS25,0,0,0,0,0,200,TOV21G,full,162088603,0.004,58c63a68196bddc66383c4d3e332e3e326edecd8c023d2463b0d8179b1d0aae1,60,22,COSMIC_v3.2,3.18.0
SBS26,378.4243988064719,395.6641544855247,0,469.94007288306636,0.965,200,TOV21G,full,162088603,0.004,58c63a68196bddc66383c4d3e332e3e326edecd8c023d2463b0d8179b1d0aae1,60,22,COSMIC_v3.2,3.18.0
SBS28,0,0,0,0,0,200,TOV21G,full,162088603,0.004,58c63a68196bddc66383c4d3e332e3e326edecd8c023d2463b0d8179b1d0aae1,60,22,COSMIC_v3.2,3.18.0
SBS29,20.038133528850228,0,0,244.16237811572088,0.09,200,TOV21G,full,162088603,0.004,58c63a68196bddc66383c4d3e332e3e326edecd8c023d2463b0d8179b1d0aae1,60,22,COSMIC_v3.2,3.18.0
SBS3,0,0,0,0,0,200,TOV21G,full,162088603,0.004,58c63a68196bddc66383c4d3e332e3e326edecd8c023d2463b0d8179b1d0aae1,60,22,COSMIC_v3.2,3.18.0
SBS30,0,0,0,0,0,200,TOV21G,full,162088603,0.004,58c63a68196bddc66383c4d3e332e3e326edecd8c023d2463b0d8179b1d0aae1,60,22,COSMIC_v3.2,3.18.0
SBS31,0,0,0,0,0,200,TOV21G,full,162088603,0.004,58c63a68196bddc66383c4d3e332e3e326edecd8c023d2463b0d8179b1d0aae1,60,22,COSMIC_v3.2,3.18.0
SBS32,29.10293969551396,0,0,273.8571344204786,0.125,200,TOV21G,full,162088603,0.004,58c63a68196bddc66383c4d3e332e3e326edecd8c023d2463b0d8179b1d0aae1,60,22,COSMIC_v3.2,3.18.0
SBS33,0,0,0,0,0,200,TOV21G,full,162088603,0.004,58c63a68196bddc66383c4d3e332e3e326edecd8c023d2463b0d8179b1d0aae1,60,22,COSMIC_v3.2,3.18.0
SBS34,0,0,0,0,0,200,TOV21G,full,162088603,0.004,58c63a68196bddc66383c4d3e332e3e326edecd8c023d2463b0d8179b1d0aae1,60,22,COSMIC_v3.2,3.18.0
SBS35,0,0,0,0,0,200,TOV21G,full,162088603,0.004,58c63a68196bddc66383c4d3e332e3e326edecd8c023d2463b0d8179b1d0aae1,60,22,COSMIC_v3.2,3.18.0
SBS36,0,0,0,0,0,200,TOV21G,full,162088603,0.004,58c63a68196bddc66383c4d3e332e3e326edecd8c023d2463b0d8179b1d0aae1,60,22,COSMIC_v3.2,3.18.0
SBS37,0,0,0,0,0,200,TOV21G,full,162088603,0.004,58c63a68196bddc66383c4d3e332e3e326edecd8c023d2463b0d8179b1d0aae1,60,22,COSMIC_v3.2,3.18.0
SBS38,0,0,0,0,0,200,TOV21G,full,162088603,0.004,58c63a68196bddc66383c4d3e332e3e326edecd8c023d2463b0d8179b1d0aae1,60,22,COSMIC_v3.2,3.18.0
SBS39,0,0,0,0,0,200,TOV21G,full,162088603,0.004,58c63a68196bddc66383c4d3e332e3e326edecd8c023d2463b0d8179b1d0aae1,60,22,COSMIC_v3.2,3.18.0
SBS4,204.2354825450837,283.23953182203104,0,451.5447755345995,0.605,200,TOV21G,full,162088603,0.004,58c63a68196bddc66383c4d3e332e3e326edecd8c023d2463b0d8179b1d0aae1,60,22,COSMIC_v3.2,3.18.0
SBS40,0,0,0,0,0,200,TOV21G,full,162088603,0.004,58c63a68196bddc66383c4d3e332e3e326edecd8c023d2463b0d8179b1d0aae1,60,22,COSMIC_v3.2,3.18.0
SBS41,0,0,0,0,0,200,TOV21G,full,162088603,0.004,58c63a68196bddc66383c4d3e332e3e326edecd8c023d2463b0d8179b1d0aae1,60,22,COSMIC_v3.2,3.18.0
SBS42,0,0,0,0,0,200,TOV21G,full,162088603,0.004,58c63a68196bddc66383c4d3e332e3e326edecd8c023d2463b0d8179b1d0aae1,60,22,COSMIC_v3.2,3.18.0
SBS44,166.40420871047172,0,0,645.1818553505732,0.38,200,TOV21G,full,162088603,0.004,58c63a68196bddc66383c4d3e332e3e326edecd8c023d2463b0d8179b1d0aae1,60,22,COSMIC_v3.2,3.18.0
SBS5,33.4359678446443,0,0,848.906810907387,0.04,200,TOV21G,full,162088603,0.004,58c63a68196bddc66383c4d3e332e3e326edecd8c023d2463b0d8179b1d0aae1,60,22,COSMIC_v3.2,3.18.0
SBS6,839.5364256489133,885.327331781649,451.4901938124914,1027.5273647407055,1,200,TOV21G,full,162088603,0.004,58c63a68196bddc66383c4d3e332e3e326edecd8c023d2463b0d8179b1d0aae1,60,22,COSMIC_v3.2,3.18.0
SBS7a,0,0,0,0,0,200,TOV21G,full,162088603,0.004,58c63a68196bddc66383c4d3e332e3e326edecd8c023d2463b0d8179b1d0aae1,60,22,COSMIC_v3.2,3.18.0
SBS7b,0,0,0,0,0,200,TOV21G,full,162088603,0.004,58c63a68196bddc66383c4d3e332e3e326edecd8c023d2463b0d8179b1d0aae1,60,22,COSMIC_v3.2,3.18.0
SBS7c,0,0,0,0,0,200,TOV21G,full,162088603,0.004,58c63a68196bddc66383c4d3e332e3e326edecd8c023d2463b0d8179b1d0aae1,60,22,COSMIC_v3.2,3.18.0
SBS7d,0,0,0,0,0,200,TOV21G,full,162088603,0.004,58c63a68196bddc66383c4d3e332e3e326edecd8c023d2463b0d8179b1d0aae1,60,22,COSMIC_v3.2,3.18.0
SBS8,0,0,0,0,0,200,TOV21G,full,162088603,0.004,58c63a68196bddc66383c4d3e332e3e326edecd8c023d2463b0d8179b1d0aae1,60,22,COSMIC_v3.2,3.18.0
SBS84,188.59752414392247,246.16016222834304,0,372.3219048804913,0.64,200,TOV21G,full,162088603,0.004,58c63a68196bddc66383c4d3e332e3e326edecd8c023d2463b0d8179b1d0aae1,60,22,COSMIC_v3.2,3.18.0
SBS85,0,0,0,0,0,200,TOV21G,full,162088603,0.004,58c63a68196bddc66383c4d3e332e3e326edecd8c023d2463b0d8179b1d0aae1,60,22,COSMIC_v3.2,3.18.0
SBS86,0,0,0,0,0,200,TOV21G,full,162088603,0.004,58c63a68196bddc66383c4d3e332e3e326edecd8c023d2463b0d8179b1d0aae1,60,22,COSMIC_v3.2,3.18.0
SBS87,0,0,0,0,0,200,TOV21G,full,162088603,0.004,58c63a68196bddc66383c4d3e332e3e326edecd8c023d2463b0d8179b1d0aae1,60,22,COSMIC_v3.2,3.18.0
SBS88,0,0,0,0,0,200,TOV21G,full,162088603,0.004,58c63a68196bddc66383c4d3e332e3e326edecd8c023d2463b0d8179b1d0aae1,60,22,COSMIC_v3.2,3.18.0
SBS89,45.1976947765757,0,0,352.8042398150491,0.145,200,TOV21G,full,162088603,0.004,58c63a68196bddc66383c4d3e332e3e326edecd8c023d2463b0d8179b1d0aae1,60,22,COSMIC_v3.2,3.18.0
SBS9,0,0,0,0,0,200,TOV21G,full,162088603,0.004,58c63a68196bddc66383c4d3e332e3e326edecd8c023d2463b0d8179b1d0aae1,60,22,COSMIC_v3.2,3.18.0
SBS90,0,0,0,0,0,200,TOV21G,full,162088603,0.004,58c63a68196bddc66383c4d3e332e3e326edecd8c023d2463b0d8179b1d0aae1,60,22,COSMIC_v3.2,3.18.0
SBS91,0,0,0,0,0,200,TOV21G,full,162088603,0.004,58c63a68196bddc66383c4d3e332e3e326edecd8c023d2463b0d8179b1d0aae1,60,22,COSMIC_v3.2,3.18.0
SBS92,0,0,0,0,0,200,TOV21G,full,162088603,0.004,58c63a68196bddc66383c4d3e332e3e326edecd8c023d2463b0d8179b1d0aae1,60,22,COSMIC_v3.2,3.18.0
SBS93,0,0,0,0,0,200,TOV21G,full,162088603,0.004,58c63a68196bddc66383c4d3e332e3e326edecd8c023d2463b0d8179b1d0aae1,60,22,COSMIC_v3.2,3.18.0
SBS94,0,0,0,0,0,200,TOV21G,full,162088603,0.004,58c63a68196bddc66383c4d3e332e3e326edecd8c023d2463b0d8179b1d0aae1,60,22,COSMIC_v3.2,3.18.0
SBS1,6.382302588843508,0,0,38.47084930607847,0.255,200,TOV3392D,full,100945611,0.004,58c63a68196bddc66383c4d3e332e3e326edecd8c023d2463b0d8179b1d0aae1,60,22,COSMIC_v3.2,3.18.0
SBS10a,0.6122101824903826,0,0,10.23426110723261,0.055,200,TOV3392D,full,100945611,0.004,58c63a68196bddc66383c4d3e332e3e326edecd8c023d2463b0d8179b1d0aae1,60,22,COSMIC_v3.2,3.18.0
SBS10b,1.5025892485237087,0,0,17.96250019648253,0.09,200,TOV3392D,full,100945611,0.004,58c63a68196bddc66383c4d3e332e3e326edecd8c023d2463b0d8179b1d0aae1,60,22,COSMIC_v3.2,3.18.0
SBS10c,0,0,0,0,0,200,TOV3392D,full,100945611,0.004,58c63a68196bddc66383c4d3e332e3e326edecd8c023d2463b0d8179b1d0aae1,60,22,COSMIC_v3.2,3.18.0
SBS10d,0,0,0,0,0,200,TOV3392D,full,100945611,0.004,58c63a68196bddc66383c4d3e332e3e326edecd8c023d2463b0d8179b1d0aae1,60,22,COSMIC_v3.2,3.18.0
SBS11,0.2246737036865345,0,0,0,0.01,200,TOV3392D,full,100945611,0.004,58c63a68196bddc66383c4d3e332e3e326edecd8c023d2463b0d8179b1d0aae1,60,22,COSMIC_v3.2,3.18.0
SBS12,2.8093762823325394,0,0,33.388869902335465,0.1,200,TOV3392D,full,100945611,0.004,58c63a68196bddc66383c4d3e332e3e326edecd8c023d2463b0d8179b1d0aae1,60,22,COSMIC_v3.2,3.18.0
SBS13,12.83008080959121,15.180168403249048,0,29.24993975007809,0.69,200,TOV3392D,full,100945611,0.004,58c63a68196bddc66383c4d3e332e3e326edecd8c023d2463b0d8179b1d0aae1,60,22,COSMIC_v3.2,3.18.0
SBS14,13.040917185766109,14.398098339177945,0,39.22856864795365,0.525,200,TOV3392D,full,100945611,0.004,58c63a68196bddc66383c4d3e332e3e326edecd8c023d2463b0d8179b1d0aae1,60,22,COSMIC_v3.2,3.18.0
SBS15,37.91214376282203,42.896514986605126,0,74.78260486533775,0.805,200,TOV3392D,full,100945611,0.004,58c63a68196bddc66383c4d3e332e3e326edecd8c023d2463b0d8179b1d0aae1,60,22,COSMIC_v3.2,3.18.0
SBS16,0.3352384741521511,0,0,0,0.02,200,TOV3392D,full,100945611,0.004,58c63a68196bddc66383c4d3e332e3e326edecd8c023d2463b0d8179b1d0aae1,60,22,COSMIC_v3.2,3.18.0
SBS17a,0.9217277448243308,0,0,13.961501771088347,0.065,200,TOV3392D,full,100945611,0.004,58c63a68196bddc66383c4d3e332e3e326edecd8c023d2463b0d8179b1d0aae1,60,22,COSMIC_v3.2,3.18.0
SBS17b,0,0,0,0,0,200,TOV3392D,full,100945611,0.004,58c63a68196bddc66383c4d3e332e3e326edecd8c023d2463b0d8179b1d0aae1,60,22,COSMIC_v3.2,3.18.0
SBS18,2.9604475977256275,0,0,42.56544549128827,0.08,200,TOV3392D,full,100945611,0.004,58c63a68196bddc66383c4d3e332e3e326edecd8c023d2463b0d8179b1d0aae1,60,22,COSMIC_v3.2,3.18.0
SBS19,3.800055854768703,0,0,25.245342990434725,0.18,200,TOV3392D,full,100945611,0.004,58c63a68196bddc66383c4d3e332e3e326edecd8c023d2463b0d8179b1d0aae1,60,22,COSMIC_v3.2,3.18.0
SBS2,2.170173843126602,0,0,16.447459926053135,0.155,200,TOV3392D,full,100945611,0.004,58c63a68196bddc66383c4d3e332e3e326edecd8c023d2463b0d8179b1d0aae1,60,22,COSMIC_v3.2,3.18.0
SBS20,0.7044327457657417,0,0,17.75389845355001,0.03,200,TOV3392D,full,100945611,0.004,58c63a68196bddc66383c4d3e332e3e326edecd8c023d2463b0d8179b1d0aae1,60,22,COSMIC_v3.2,3.18.0
SBS21,0,0,0,0,0,200,TOV3392D,full,100945611,0.004,58c63a68196bddc66383c4d3e332e3e326edecd8c023d2463b0d8179b1d0aae1,60,22,COSMIC_v3.2,3.18.0
SBS22,0.08781915037572391,0,0,0,0.005,200,TOV3392D,full,100945611,0.004,58c63a68196bddc66383c4d3e332e3e326edecd8c023d2463b0d8179b1d0aae1,60,22,COSMIC_v3.2,3.18.0
SBS23,0.4636800147477536,0,0,0.2822203012033412,0.025,200,TOV3392D,full,100945611,0.004,58c63a68196bddc66383c4d3e332e3e326edecd8c023d2463b0d8179b1d0aae1,60,22,COSMIC_v3.2,3.18.0
SBS24,1.169871003324073,0,0,14.0864411471459,0.035,200,TOV3392D,full,100945611,0.004,58c63a68196bddc66383c4d3e332e3e326edecd8c023d2463b0d8179b1d0aae1,60,22,COSMIC_v3.2,3.18.0
SBS25,6.79804240594085,0,0,47.896256304181264,0.2,200,TOV3392D,full,100945611,0.004,58c63a68196bddc66383c4d3e332e3e326edecd8c023d2463b0d8179b1d0aae1,60,22,COSMIC_v3.2,3.18.0
SBS26,19.99141759021723,20.56834616813729,0,61.697712166225315,0.55,200,TOV3392D,full,100945611,0.004,58c63a68196bddc66383c4d3e332e3e326edecd8c023d2463b0d8179b1d0aae1,60,22,COSMIC_v3.2,3.18.0
SBS28,0.703063244960015,0,0,12.981704765125592,0.055,200,TOV3392D,full,100945611,0.004,58c63a68196bddc66383c4d3e332e3e326edecd8c023d2463b0d8179b1d0aae1,60,22,COSMIC_v3.2,3.18.0
SBS29,63.61080065513639,63.74924288814159,30.692884796918303,99.3391879602232,0.985,200,TOV3392D,full,100945611,0.004,58c63a68196bddc66383c4d3e332e3e326edecd8c023d2463b0d8179b1d0aae1,60,22,COSMIC_v3.2,3.18.0
SBS3,3.010832691589018,0,0,51.63306772436557,0.035,200,TOV3392D,full,100945611,0.004,58c63a68196bddc66383c4d3e332e3e326edecd8c023d2463b0d8179b1d0aae1,60,22,COSMIC_v3.2,3.18.0
SBS30,41.02494495580214,45.22342133608488,0,85.2668029815961,0.81,200,TOV3392D,full,100945611,0.004,58c63a68196bddc66383c4d3e332e3e326edecd8c023d2463b0d8179b1d0aae1,60,22,COSMIC_v3.2,3.18.0
SBS31,2.6249211939162445,0,0,35.64302003530117,0.09,200,TOV3392D,full,100945611,0.004,58c63a68196bddc66383c4d3e332e3e326edecd8c023d2463b0d8179b1d0aae1,60,22,COSMIC_v3.2,3.18.0
SBS32,1.521770438481698,0,0,26.10051067163072,0.06,200,TOV3392D,full,100945611,0.004,58c63a68196bddc66383c4d3e332e3e326edecd8c023d2463b0d8179b1d0aae1,60,22,COSMIC_v3.2,3.18.0
SBS33,13.557035758272999,17.2664190347534,0,32.286052591675656,0.625,200,TOV3392D,full,100945611,0.004,58c63a68196bddc66383c4d3e332e3e326edecd8c023d2463b0d8179b1d0aae1,60,22,COSMIC_v3.2,3.18.0
SBS34,0,0,0,0,0,200,TOV3392D,full,100945611,0.004,58c63a68196bddc66383c4d3e332e3e326edecd8c023d2463b0d8179b1d0aae1,60,22,COSMIC_v3.2,3.18.0
SBS35,0,0,0,0,0,200,TOV3392D,full,100945611,0.004,58c63a68196bddc66383c4d3e332e3e326edecd8c023d2463b0d8179b1d0aae1,60,22,COSMIC_v3.2,3.18.0
SBS36,0,0,0,0,0,200,TOV3392D,full,100945611,0.004,58c63a68196bddc66383c4d3e332e3e326edecd8c023d2463b0d8179b1d0aae1,60,22,COSMIC_v3.2,3.18.0
SBS37,0.5235955474712845,0,0,0,0.02,200,TOV3392D,full,100945611,0.004,58c63a68196bddc66383c4d3e332e3e326edecd8c023d2463b0d8179b1d0aae1,60,22,COSMIC_v3.2,3.18.0
SBS38,0,0,0,0,0,200,TOV3392D,full,100945611,0.004,58c63a68196bddc66383c4d3e332e3e326edecd8c023d2463b0d8179b1d0aae1,60,22,COSMIC_v3.2,3.18.0
SBS39,47.53409092976372,47.93753292026929,0,90.8775120639063,0.915,200,TOV3392D,full,100945611,0.004,58c63a68196bddc66383c4d3e332e3e326edecd8c023d2463b0d8179b1d0aae1,60,22,COSMIC_v3.2,3.18.0
SBS4,1.3417629794201125,0,0,31.014310325425253,0.04,200,TOV3392D,full,100945611,0.004,58c63a68196bddc66383c4d3e332e3e326edecd8c023d2463b0d8179b1d0aae1,60,22,COSMIC_v3.2,3.18.0
SBS40,0.7397848980966923,0,0,0,0.005,200,TOV3392D,full,100945611,0.004,58c63a68196bddc66383c4d3e332e3e326edecd8c023d2463b0d8179b1d0aae1,60,22,COSMIC_v3.2,3.18.0
SBS41,0,0,0,0,0,200,TOV3392D,full,100945611,0.004,58c63a68196bddc66383c4d3e332e3e326edecd8c023d2463b0d8179b1d0aae1,60,22,COSMIC_v3.2,3.18.0
SBS42,0.11260545072877787,0,0,0,0.005,200,TOV3392D,full,100945611,0.004,58c63a68196bddc66383c4d3e332e3e326edecd8c023d2463b0d8179b1d0aae1,60,22,COSMIC_v3.2,3.18.0
SBS44,0.6559108947129155,0,0,0.3439392709711946,0.025,200,TOV3392D,full,100945611,0.004,58c63a68196bddc66383c4d3e332e3e326edecd8c023d2463b0d8179b1d0aae1,60,22,COSMIC_v3.2,3.18.0
SBS5,29.082303558859444,0,0,137.4770269141724,0.3,200,TOV3392D,full,100945611,0.004,58c63a68196bddc66383c4d3e332e3e326edecd8c023d2463b0d8179b1d0aae1,60,22,COSMIC_v3.2,3.18.0
SBS6,15.803224194555078,0,0,84.6326378052874,0.3,200,TOV3392D,full,100945611,0.004,58c63a68196bddc66383c4d3e332e3e326edecd8c023d2463b0d8179b1d0aae1,60,22,COSMIC_v3.2,3.18.0
SBS7a,0.18498486219777496,0,0,0,0.01,200,TOV3392D,full,100945611,0.004,58c63a68196bddc66383c4d3e332e3e326edecd8c023d2463b0d8179b1d0aae1,60,22,COSMIC_v3.2,3.18.0
SBS7b,11.983574494789156,0,0,46.296851451555895,0.43,200,TOV3392D,full,100945611,0.004,58c63a68196bddc66383c4d3e332e3e326edecd8c023d2463b0d8179b1d0aae1,60,22,COSMIC_v3.2,3.18.0
SBS7c,0,0,0,0,0,200,TOV3392D,full,100945611,0.004,58c63a68196bddc66383c4d3e332e3e326edecd8c023d2463b0d8179b1d0aae1,60,22,COSMIC_v3.2,3.18.0
SBS7d,0.8013938853610383,0,0,17.51361542698326,0.04,200,TOV3392D,full,100945611,0.004,58c63a68196bddc66383c4d3e332e3e326edecd8c023d2463b0d8179b1d0aae1,60,22,COSMIC_v3.2,3.18.0
SBS8,7.5134242459410325,0,0,41.466607805629835,0.25,200,TOV3392D,full,100945611,0.004,58c63a68196bddc66383c4d3e332e3e326edecd8c023d2463b0d8179b1d0aae1,60,22,COSMIC_v3.2,3.18.0
SBS84,0.13896779212665036,0,0,0,0.005,200,TOV3392D,full,100945611,0.004,58c63a68196bddc66383c4d3e332e3e326edecd8c023d2463b0d8179b1d0aae1,60,22,COSMIC_v3.2,3.18.0
SBS85,3.0816533694029964,0,0,23.780158840151955,0.15,200,TOV3392D,full,100945611,0.004,58c63a68196bddc66383c4d3e332e3e326edecd8c023d2463b0d8179b1d0aae1,60,22,COSMIC_v3.2,3.18.0
SBS86,0,0,0,0,0,200,TOV3392D,full,100945611,0.004,58c63a68196bddc66383c4d3e332e3e326edecd8c023d2463b0d8179b1d0aae1,60,22,COSMIC_v3.2,3.18.0
SBS87,49.93424417907397,51.42836373250907,0,84.31373364228843,0.92,200,TOV3392D,full,100945611,0.004,58c63a68196bddc66383c4d3e332e3e326edecd8c023d2463b0d8179b1d0aae1,60,22,COSMIC_v3.2,3.18.0
SBS88,2.061256123784976,0,0,26.62906416020578,0.09,200,TOV3392D,full,100945611,0.004,58c63a68196bddc66383c4d3e332e3e326edecd8c023d2463b0d8179b1d0aae1,60,22,COSMIC_v3.2,3.18.0
SBS89,4.801590058791465,0,0,41.641420649472124,0.15,200,TOV3392D,full,100945611,0.004,58c63a68196bddc66383c4d3e332e3e326edecd8c023d2463b0d8179b1d0aae1,60,22,COSMIC_v3.2,3.18.0
SBS9,0,0,0,0,0,200,TOV3392D,full,100945611,0.004,58c63a68196bddc66383c4d3e332e3e326edecd8c023d2463b0d8179b1d0aae1,60,22,COSMIC_v3.2,3.18.0
SBS90,0,0,0,0,0,200,TOV3392D,full,100945611,0.004,58c63a68196bddc66383c4d3e332e3e326edecd8c023d2463b0d8179b1d0aae1,60,22,COSMIC_v3.2,3.18.0
SBS91,0,0,0,0,0,200,TOV3392D,full,100945611,0.004,58c63a68196bddc66383c4d3e332e3e326edecd8c023d2463b0d8179b1d0aae1,60,22,COSMIC_v3.2,3.18.0
SBS92,1.9053396506088949,0,0,32.05420168259994,0.05,200,TOV3392D,full,100945611,0.004,58c63a68196bddc66383c4d3e332e3e326edecd8c023d2463b0d8179b1d0aae1,60,22,COSMIC_v3.2,3.18.0
SBS93,0,0,0,0,0,200,TOV3392D,full,100945611,0.004,58c63a68196bddc66383c4d3e332e3e326edecd8c023d2463b0d8179b1d0aae1,60,22,COSMIC_v3.2,3.18.0
SBS94,0,0,0,0,0,200,TOV3392D,full,100945611,0.004,58c63a68196bddc66383c4d3e332e3e326edecd8c023d2463b0d8179b1d0aae1,60,22,COSMIC_v3.2,3.18.0
SBS1,7.007751170459845,0,0,31.40000486634631,0.345,200,TOV112D,full,20013778,0.004,58c63a68196bddc66383c4d3e332e3e326edecd8c023d2463b0d8179b1d0aae1,60,22,COSMIC_v3.2,3.18.0
SBS10a,0.12845149467592337,0,0,0,0.015,200,TOV112D,full,20013778,0.004,58c63a68196bddc66383c4d3e332e3e326edecd8c023d2463b0d8179b1d0aae1,60,22,COSMIC_v3.2,3.18.0
SBS10b,4.566217099509937,0,0,19.62597849575036,0.32,200,TOV112D,full,20013778,0.004,58c63a68196bddc66383c4d3e332e3e326edecd8c023d2463b0d8179b1d0aae1,60,22,COSMIC_v3.2,3.18.0
SBS10c,0,0,0,0,0,200,TOV112D,full,20013778,0.004,58c63a68196bddc66383c4d3e332e3e326edecd8c023d2463b0d8179b1d0aae1,60,22,COSMIC_v3.2,3.18.0
SBS10d,0,0,0,0,0,200,TOV112D,full,20013778,0.004,58c63a68196bddc66383c4d3e332e3e326edecd8c023d2463b0d8179b1d0aae1,60,22,COSMIC_v3.2,3.18.0
SBS11,0,0,0,0,0,200,TOV112D,full,20013778,0.004,58c63a68196bddc66383c4d3e332e3e326edecd8c023d2463b0d8179b1d0aae1,60,22,COSMIC_v3.2,3.18.0
SBS12,0.5734500655266814,0,0,0.3121964757459763,0.025,200,TOV112D,full,20013778,0.004,58c63a68196bddc66383c4d3e332e3e326edecd8c023d2463b0d8179b1d0aae1,60,22,COSMIC_v3.2,3.18.0
SBS13,0,0,0,0,0,200,TOV112D,full,20013778,0.004,58c63a68196bddc66383c4d3e332e3e326edecd8c023d2463b0d8179b1d0aae1,60,22,COSMIC_v3.2,3.18.0
SBS14,0.21505850576012178,0,0,0,0.015,200,TOV112D,full,20013778,0.004,58c63a68196bddc66383c4d3e332e3e326edecd8c023d2463b0d8179b1d0aae1,60,22,COSMIC_v3.2,3.18.0
SBS15,36.1213385301542,37.41750754894247,0,64.54523457917571,0.92,200,TOV112D,full,20013778,0.004,58c63a68196bddc66383c4d3e332e3e326edecd8c023d2463b0d8179b1d0aae1,60,22,COSMIC_v3.2,3.18.0
SBS16,0.15745287412064568,0,0,0,0.01,200,TOV112D,full,20013778,0.004,58c63a68196bddc66383c4d3e332e3e326edecd8c023d2463b0d8179b1d0aae1,60,22,COSMIC_v3.2,3.18.0
SBS17a,5.616749090447299,0,0,18.548111844309098,0.415,200,TOV112D,full,20013778,0.004,58c63a68196bddc66383c4d3e332e3e326edecd8c023d2463b0d8179b1d0aae1,60,22,COSMIC_v3.2,3.18.0
SBS17b,0.6396133802470159,0,0,9.149363112930441,0.07,200,TOV112D,full,20013778,0.004,58c63a68196bddc66383c4d3e332e3e326edecd8c023d2463b0d8179b1d0aae1,60,22,COSMIC_v3.2,3.18.0
SBS18,9.216224950497885,0,0,47.709976086050894,0.3,200,TOV112D,full,20013778,0.004,58c63a68196bddc66383c4d3e332e3e326edecd8c023d2463b0d8179b1d0aae1,60,22,COSMIC_v3.2,3.18.0
SBS19,4.685875049707284,0,0,29.746278182511176,0.225,200,TOV112D,full,20013778,0.004,58c63a68196bddc66383c4d3e332e3e326edecd8c023d2463b0d8179b1d0aae1,60,22,COSMIC_v3.2,3.18.0
SBS2,0.5281315524838399,0,0,9.680068040087603,0.05,200,TOV112D,full,20013778,0.004,58c63a68196bddc66383c4d3e332e3e326edecd8c023d2463b0d8179b1d0aae1,60,22,COSMIC_v3.2,3.18.0
SBS20,0,0,0,0,0,200,TOV112D,full,20013778,0.004,58c63a68196bddc66383c4d3e332e3e326edecd8c023d2463b0d8179b1d0aae1,60,22,COSMIC_v3.2,3.18.0
SBS21,0,0,0,0,0,200,TOV112D,full,20013778,0.004,58c63a68196bddc66383c4d3e332e3e326edecd8c023d2463b0d8179b1d0aae1,60,22,COSMIC_v3.2,3.18.0
SBS22,0,0,0,0,0,200,TOV112D,full,20013778,0.004,58c63a68196bddc66383c4d3e332e3e326edecd8c023d2463b0d8179b1d0aae1,60,22,COSMIC_v3.2,3.18.0
SBS23,0,0,0,0,0,200,TOV112D,full,20013778,0.004,58c63a68196bddc66383c4d3e332e3e326edecd8c023d2463b0d8179b1d0aae1,60,22,COSMIC_v3.2,3.18.0
SBS24,3.4684179100460337,0,0,37.809096899750024,0.115,200,TOV112D,full,20013778,0.004,58c63a68196bddc66383c4d3e332e3e326edecd8c023d2463b0d8179b1d0aae1,60,22,COSMIC_v3.2,3.18.0
SBS25,12.422639856378375,0,0,54.503745699257614,0.39,200,TOV112D,full,20013778,0.004,58c63a68196bddc66383c4d3e332e3e326edecd8c023d2463b0d8179b1d0aae1,60,22,COSMIC_v3.2,3.18.0
SBS26,16.780565680160425,14.137642590278746,0,52.73211971475349,0.535,200,TOV112D,full,20013778,0.004,58c63a68196bddc66383c4d3e332e3e326edecd8c023d2463b0d8179b1d0aae1,60,22,COSMIC_v3.2,3.18.0
SBS28,0,0,0,0,0,200,TOV112D,full,20013778,0.004,58c63a68196bddc66383c4d3e332e3e326edecd8c023d2463b0d8179b1d0aae1,60,22,COSMIC_v3.2,3.18.0
SBS29,43.10881273455985,46.20625304211396,0,75.1320005561089,0.9,200,TOV112D,full,20013778,0.004,58c63a68196bddc66383c4d3e332e3e326edecd8c023d2463b0d8179b1d0aae1,60,22,COSMIC_v3.2,3.18.0
SBS3,0,0,0,0,0,200,TOV112D,full,20013778,0.004,58c63a68196bddc66383c4d3e332e3e326edecd8c023d2463b0d8179b1d0aae1,60,22,COSMIC_v3.2,3.18.0
SBS30,13.470443251245207,0,0,48.955282990532915,0.45,200,TOV112D,full,20013778,0.004,58c63a68196bddc66383c4d3e332e3e326edecd8c023d2463b0d8179b1d0aae1,60,22,COSMIC_v3.2,3.18.0
SBS31,5.133099846954951,0,0,36.37070339271366,0.23,200,TOV112D,full,20013778,0.004,58c63a68196bddc66383c4d3e332e3e326edecd8c023d2463b0d8179b1d0aae1,60,22,COSMIC_v3.2,3.18.0
SBS32,3.80707576439458,0,0,28.796919432427057,0.19,200,TOV112D,full,20013778,0.004,58c63a68196bddc66383c4d3e332e3e326edecd8c023d2463b0d8179b1d0aae1,60,22,COSMIC_v3.2,3.18.0
SBS33,0.12692702296112443,0,0,0,0.01,200,TOV112D,full,20013778,0.004,58c63a68196bddc66383c4d3e332e3e326edecd8c023d2463b0d8179b1d0aae1,60,22,COSMIC_v3.2,3.18.0
SBS34,0,0,0,0,0,200,TOV112D,full,20013778,0.004,58c63a68196bddc66383c4d3e332e3e326edecd8c023d2463b0d8179b1d0aae1,60,22,COSMIC_v3.2,3.18.0
SBS35,0,0,0,0,0,200,TOV112D,full,20013778,0.004,58c63a68196bddc66383c4d3e332e3e326edecd8c023d2463b0d8179b1d0aae1,60,22,COSMIC_v3.2,3.18.0
SBS36,1.02499386979473,0,0,20.960100520603056,0.04,200,TOV112D,full,20013778,0.004,58c63a68196bddc66383c4d3e332e3e326edecd8c023d2463b0d8179b1d0aae1,60,22,COSMIC_v3.2,3.18.0
SBS37,2.238502074018664,0,0,23.90241151608338,0.11,200,TOV112D,full,20013778,0.004,58c63a68196bddc66383c4d3e332e3e326edecd8c023d2463b0d8179b1d0aae1,60,22,COSMIC_v3.2,3.18.0
SBS38,0,0,0,0,0,200,TOV112D,full,20013778,0.004,58c63a68196bddc66383c4d3e332e3e326edecd8c023d2463b0d8179b1d0aae1,60,22,COSMIC_v3.2,3.18.0
SBS39,3.7141637731856356,0,0,29.734332984913262,0.16,200,TOV112D,full,20013778,0.004,58c63a68196bddc66383c4d3e332e3e326edecd8c023d2463b0d8179b1d0aae1,60,22,COSMIC_v3.2,3.18.0
SBS4,8.049158804908886,0,0,50.22995995423822,0.26,200,TOV112D,full,20013778,0.004,58c63a68196bddc66383c4d3e332e3e326edecd8c023d2463b0d8179b1d0aae1,60,22,COSMIC_v3.2,3.18.0
SBS40,0.5786317519275374,0,0,0,0.01,200,TOV112D,full,20013778,0.004,58c63a68196bddc66383c4d3e332e3e326edecd8c023d2463b0d8179b1d0aae1,60,22,COSMIC_v3.2,3.18.0
SBS41,0,0,0,0,0,200,TOV112D,full,20013778,0.004,58c63a68196bddc66383c4d3e332e3e326edecd8c023d2463b0d8179b1d0aae1,60,22,COSMIC_v3.2,3.18.0
SBS42,0,0,0,0,0,200,TOV112D,full,20013778,0.004,58c63a68196bddc66383c4d3e332e3e326edecd8c023d2463b0d8179b1d0aae1,60,22,COSMIC_v3.2,3.18.0
SBS44,0,0,0,0,0,200,TOV112D,full,20013778,0.004,58c63a68196bddc66383c4d3e332e3e326edecd8c023d2463b0d8179b1d0aae1,60,22,COSMIC_v3.2,3.18.0
SBS5,76.06704441902126,80.294662533944,0,165.5932131045185,0.825,200,TOV112D,full,20013778,0.004,58c63a68196bddc66383c4d3e332e3e326edecd8c023d2463b0d8179b1d0aae1,60,22,COSMIC_v3.2,3.18.0
SBS6,2.745547514590547,0,0,41.179574600974966,0.09,200,TOV112D,full,20013778,0.004,58c63a68196bddc66383c4d3e332e3e326edecd8c023d2463b0d8179b1d0aae1,60,22,COSMIC_v3.2,3.18.0
SBS7a,3.1742149683028544,0,0,22.8887715818842,0.19,200,TOV112D,full,20013778,0.004,58c63a68196bddc66383c4d3e332e3e326edecd8c023d2463b0d8179b1d0aae1,60,22,COSMIC_v3.2,3.18.0
SBS7b,1.9564729003991694,0,0,24.2407283688717,0.095,200,TOV112D,full,20013778,0.004,58c63a68196bddc66383c4d3e332e3e326edecd8c023d2463b0d8179b1d0aae1,60,22,COSMIC_v3.2,3.18.0
SBS7c,0.13976810211282714,0,0,0,0.01,200,TOV112D,full,20013778,0.004,58c63a68196bddc66383c4d3e332e3e326edecd8c023d2463b0d8179b1d0aae1,60,22,COSMIC_v3.2,3.18.0
SBS7d,0.4009880764706941,0,0,0.2572822434094403,0.025,200,TOV112D,full,20013778,0.004,58c63a68196bddc66383c4d3e332e3e326edecd8c023d2463b0d8179b1d0aae1,60,22,COSMIC_v3.2,3.18.0
SBS8,1.3722554724341407,0,0,29.286570570825308,0.045,200,TOV112D,full,20013778,0.004,58c63a68196bddc66383c4d3e332e3e326edecd8c023d2463b0d8179b1d0aae1,60,22,COSMIC_v3.2,3.18.0
SBS84,0,0,0,0,0,200,TOV112D,full,20013778,0.004,58c63a68196bddc66383c4d3e332e3e326edecd8c023d2463b0d8179b1d0aae1,60,22,COSMIC_v3.2,3.18.0
SBS85,0,0,0,0,0,200,TOV112D,full,20013778,0.004,58c63a68196bddc66383c4d3e332e3e326edecd8c023d2463b0d8179b1d0aae1,60,22,COSMIC_v3.2,3.18.0
SBS86,1.7148018976385557,0,0,21.226569527648113,0.095,200,TOV112D,full,20013778,0.004,58c63a68196bddc66383c4d3e332e3e326edecd8c023d2463b0d8179b1d0aae1,60,22,COSMIC_v3.2,3.18.0
SBS87,34.12799387610016,35.89399737863046,0,67.82061064232485,0.845,200,TOV112D,full,20013778,0.004,58c63a68196bddc66383c4d3e332e3e326edecd8c023d2463b0d8179b1d0aae1,60,22,COSMIC_v3.2,3.18.0
SBS88,0,0,0,0,0,200,TOV112D,full,20013778,0.004,58c63a68196bddc66383c4d3e332e3e326edecd8c023d2463b0d8179b1d0aae1,60,22,COSMIC_v3.2,3.18.0
SBS89,23.000684712647892,19.776044723262928,0,72.32575797301048,0.605,200,TOV112D,full,20013778,0.004,58c63a68196bddc66383c4d3e332e3e326edecd8c023d2463b0d8179b1d0aae1,60,22,COSMIC_v3.2,3.18.0
SBS9,0,0,0,0,0,200,TOV112D,full,20013778,0.004,58c63a68196bddc66383c4d3e332e3e326edecd8c023d2463b0d8179b1d0aae1,60,22,COSMIC_v3.2,3.18.0
SBS90,0,0,0,0,0,200,TOV112D,full,20013778,0.004,58c63a68196bddc66383c4d3e332e3e326edecd8c023d2463b0d8179b1d0aae1,60,22,COSMIC_v3.2,3.18.0
SBS91,0.0698580436082647,0,0,0,0.005,200,TOV112D,full,20013778,0.004,58c63a68196bddc66383c4d3e332e3e326edecd8c023d2463b0d8179b1d0aae1,60,22,COSMIC_v3.2,3.18.0
SBS92,1.0718164247370419,0,0,14.96082124617912,0.03,200,TOV112D,full,20013778,0.004,58c63a68196bddc66383c4d3e332e3e326edecd8c023d2463b0d8179b1d0aae1,60,22,COSMIC_v3.2,3.18.0
SBS93,0,0,0,0,0,200,TOV112D,full,20013778,0.004,58c63a68196bddc66383c4d3e332e3e326edecd8c023d2463b0d8179b1d0aae1,60,22,COSMIC_v3.2,3.18.0
SBS94,0,0,0,0,0,200,TOV112D,full,20013778,0.004,58c63a68196bddc66383c4d3e332e3e326edecd8c023d2463b0d8179b1d0aae1,60,22,COSMIC_v3.2,3.18.0
SBS1,14.902353295322374,0,0,50.65929010364059,0.495,200,TOV2414,full,256958198,0.004,58c63a68196bddc66383c4d3e332e3e326edecd8c023d2463b0d8179b1d0aae1,60,22,COSMIC_v3.2,3.18.0
SBS10a,0.19786138511201842,0,0,0,0.02,200,TOV2414,full,256958198,0.004,58c63a68196bddc66383c4d3e332e3e326edecd8c023d2463b0d8179b1d0aae1,60,22,COSMIC_v3.2,3.18.0
SBS10b,1.1479882793593075,0,0,12.738783351568703,0.075,200,TOV2414,full,256958198,0.004,58c63a68196bddc66383c4d3e332e3e326edecd8c023d2463b0d8179b1d0aae1,60,22,COSMIC_v3.2,3.18.0
SBS10c,0,0,0,0,0,200,TOV2414,full,256958198,0.004,58c63a68196bddc66383c4d3e332e3e326edecd8c023d2463b0d8179b1d0aae1,60,22,COSMIC_v3.2,3.18.0
SBS10d,0.09412319572803994,0,0,0,0.005,200,TOV2414,full,256958198,0.004,58c63a68196bddc66383c4d3e332e3e326edecd8c023d2463b0d8179b1d0aae1,60,22,COSMIC_v3.2,3.18.0
SBS11,4.910743261498588,0,0,36.91553519641627,0.19,200,TOV2414,full,256958198,0.004,58c63a68196bddc66383c4d3e332e3e326edecd8c023d2463b0d8179b1d0aae1,60,22,COSMIC_v3.2,3.18.0
SBS12,0.9724560202113655,0,0,19.678798954432743,0.03,200,TOV2414,full,256958198,0.004,58c63a68196bddc66383c4d3e332e3e326edecd8c023d2463b0d8179b1d0aae1,60,22,COSMIC_v3.2,3.18.0
SBS13,0,0,0,0,0,200,TOV2414,full,256958198,0.004,58c63a68196bddc66383c4d3e332e3e326edecd8c023d2463b0d8179b1d0aae1,60,22,COSMIC_v3.2,3.18.0
SBS14,1.120427305273572,0,0,16.06052021219008,0.065,200,TOV2414,full,256958198,0.004,58c63a68196bddc66383c4d3e332e3e326edecd8c023d2463b0d8179b1d0aae1,60,22,COSMIC_v3.2,3.18.0
SBS15,5.738249331011739,0,0,38.3677817624645,0.195,200,TOV2414,full,256958198,0.004,58c63a68196bddc66383c4d3e332e3e326edecd8c023d2463b0d8179b1d0aae1,60,22,COSMIC_v3.2,3.18.0
SBS16,0.84787502999444,0,0,13.51989849132305,0.055,200,TOV2414,full,256958198,0.004,58c63a68196bddc66383c4d3e332e3e326edecd8c023d2463b0d8179b1d0aae1,60,22,COSMIC_v3.2,3.18.0
SBS17a,0.45586140396798147,0,0,11.404214683910745,0.035,200,TOV2414,full,256958198,0.004,58c63a68196bddc66383c4d3e332e3e326edecd8c023d2463b0d8179b1d0aae1,60,22,COSMIC_v3.2,3.18.0
SBS17b,0,0,0,0,0,200,TOV2414,full,256958198,0.004,58c63a68196bddc66383c4d3e332e3e326edecd8c023d2463b0d8179b1d0aae1,60,22,COSMIC_v3.2,3.18.0
SBS18,2.696239914917826,0,0,35.39402274811262,0.085,200,TOV2414,full,256958198,0.004,58c63a68196bddc66383c4d3e332e3e326edecd8c023d2463b0d8179b1d0aae1,60,22,COSMIC_v3.2,3.18.0
SBS19,2.1366094139750254,0,0,21.566828201815063,0.115,200,TOV2414,full,256958198,0.004,58c63a68196bddc66383c4d3e332e3e326edecd8c023d2463b0d8179b1d0aae1,60,22,COSMIC_v3.2,3.18.0
SBS2,3.3391715644691318,0,0,18.32312403300641,0.255,200,TOV2414,full,256958198,0.004,58c63a68196bddc66383c4d3e332e3e326edecd8c023d2463b0d8179b1d0aae1,60,22,COSMIC_v3.2,3.18.0
SBS20,1.1979618861332688,0,0,19.372676878837325,0.06,200,TOV2414,full,256958198,0.004,58c63a68196bddc66383c4d3e332e3e326edecd8c023d2463b0d8179b1d0aae1,60,22,COSMIC_v3.2,3.18.0
SBS21,0,0,0,0,0,200,TOV2414,full,256958198,0.004,58c63a68196bddc66383c4d3e332e3e326edecd8c023d2463b0d8179b1d0aae1,60,22,COSMIC_v3.2,3.18.0
SBS22,0,0,0,0,0,200,TOV2414,full,256958198,0.004,58c63a68196bddc66383c4d3e332e3e326edecd8c023d2463b0d8179b1d0aae1,60,22,COSMIC_v3.2,3.18.0
SBS23,7.360937121634145,0,0,41.964174679684994,0.255,200,TOV2414,full,256958198,0.004,58c63a68196bddc66383c4d3e332e3e326edecd8c023d2463b0d8179b1d0aae1,60,22,COSMIC_v3.2,3.18.0
SBS24,4.989641237245783,0,0,39.391623704874114,0.17,200,TOV2414,full,256958198,0.004,58c63a68196bddc66383c4d3e332e3e326edecd8c023d2463b0d8179b1d0aae1,60,22,COSMIC_v3.2,3.18.0
SBS25,1.0235419705048319,0,0,24.34814095272841,0.035,200,TOV2414,full,256958198,0.004,58c63a68196bddc66383c4d3e332e3e326edecd8c023d2463b0d8179b1d0aae1,60,22,COSMIC_v3.2,3.18.0
SBS26,14.783978284419323,0,0,50.73423369591017,0.445,200,TOV2414,full,256958198,0.004,58c63a68196bddc66383c4d3e332e3e326edecd8c023d2463b0d8179b1d0aae1,60,22,COSMIC_v3.2,3.18.0
SBS28,0,0,0,0,0,200,TOV2414,full,256958198,0.004,58c63a68196bddc66383c4d3e332e3e326edecd8c023d2463b0d8179b1d0aae1,60,22,COSMIC_v3.2,3.18.0
SBS29,53.57029003075707,54.57802726992945,0,95.56494459029051,0.925,200,TOV2414,full,256958198,0.004,58c63a68196bddc66383c4d3e332e3e326edecd8c023d2463b0d8179b1d0aae1,60,22,COSMIC_v3.2,3.18.0
SBS3,1.9808829599346534,0,0,23.215199424800183,0.03,200,TOV2414,full,256958198,0.004,58c63a68196bddc66383c4d3e332e3e326edecd8c023d2463b0d8179b1d0aae1,60,22,COSMIC_v3.2,3.18.0
SBS30,3.5900441323535324,0,0,42.44309177765381,0.12,200,TOV2414,full,256958198,0.004,58c63a68196bddc66383c4d3e332e3e326edecd8c023d2463b0d8179b1d0aae1,60,22,COSMIC_v3.2,3.18.0
SBS31,1.8381681144551263,0,0,28.893712217815352,0.07,200,TOV2414,full,256958198,0.004,58c63a68196bddc66383c4d3e332e3e326edecd8c023d2463b0d8179b1d0aae1,60,22,COSMIC_v3.2,3.18.0
SBS32,1.5253763934804112,0,0,25.059507411208585,0.065,200,TOV2414,full,256958198,0.004,58c63a68196bddc66383c4d3e332e3e326edecd8c023d2463b0d8179b1d0aae1,60,22,COSMIC_v3.2,3.18.0
SBS33,0.35159133165548095,0,0,0.321233357817079,0.025,200,TOV2414,full,256958198,0.004,58c63a68196bddc66383c4d3e332e3e326edecd8c023d2463b0d8179b1d0aae1,60,22,COSMIC_v3.2,3.18.0
SBS34,0,0,0,0,0,200,TOV2414,full,256958198,0.004,58c63a68196bddc66383c4d3e332e3e326edecd8c023d2463b0d8179b1d0aae1,60,22,COSMIC_v3.2,3.18.0
SBS35,0,0,0,0,0,200,TOV2414,full,256958198,0.004,58c63a68196bddc66383c4d3e332e3e326edecd8c023d2463b0d8179b1d0aae1,60,22,COSMIC_v3.2,3.18.0
SBS36,0,0,0,0,0,200,TOV2414,full,256958198,0.004,58c63a68196bddc66383c4d3e332e3e326edecd8c023d2463b0d8179b1d0aae1,60,22,COSMIC_v3.2,3.18.0
SBS37,0.42793827113125676,0,0,0,0.015,200,TOV2414,full,256958198,0.004,58c63a68196bddc66383c4d3e332e3e326edecd8c023d2463b0d8179b1d0aae1,60,22,COSMIC_v3.2,3.18.0
SBS38,0.6187431454194993,0,0,13.871630369796005,0.04,200,TOV2414,full,256958198,0.004,58c63a68196bddc66383c4d3e332e3e326edecd8c023d2463b0d8179b1d0aae1,60,22,COSMIC_v3.2,3.18.0
SBS39,13.578123286637625,0,0,60.6191252953687,0.375,200,TOV2414,full,256958198,0.004,58c63a68196bddc66383c4d3e332e3e326edecd8c023d2463b0d8179b1d0aae1,60,22,COSMIC_v3.2,3.18.0
SBS4,15.130658118410684,0,0,62.39132724660756,0.38,200,TOV2414,full,256958198,0.004,58c63a68196bddc66383c4d3e332e3e326edecd8c023d2463b0d8179b1d0aae1,60,22,COSMIC_v3.2,3.18.0
SBS40,15.081285211425984,0,0,110.96278639230437,0.18,200,TOV2414,full,256958198,0.004,58c63a68196bddc66383c4d3e332e3e326edecd8c023d2463b0d8179b1d0aae1,60,22,COSMIC_v3.2,3.18.0
SBS41,0,0,0,0,0,200,TOV2414,full,256958198,0.004,58c63a68196bddc66383c4d3e332e3e326edecd8c023d2463b0d8179b1d0aae1,60,22,COSMIC_v3.2,3.18.0
SBS42,0.7602928373995652,0,0,0.4463471156944296,0.025,200,TOV2414,full,256958198,0.004,58c63a68196bddc66383c4d3e332e3e326edecd8c023d2463b0d8179b1d0aae1,60,22,COSMIC_v3.2,3.18.0
SBS44,3.5465957124443226,0,0,43.72117882744803,0.115,200,TOV2414,full,256958198,0.004,58c63a68196bddc66383c4d3e332e3e326edecd8c023d2463b0d8179b1d0aae1,60,22,COSMIC_v3.2,3.18.0
SBS5,101.37054393804866,108.06913542804432,0,200.505501949354,0.845,200,TOV2414,full,256958198,0.004,58c63a68196bddc66383c4d3e332e3e326edecd8c023d2463b0d8179b1d0aae1,60,22,COSMIC_v3.2,3.18.0
SBS6,26.2557139994022,25.300498019399065,0,75.22743997344976,0.605,200,TOV2414,full,256958198,0.004,58c63a68196bddc66383c4d3e332e3e326edecd8c023d2463b0d8179b1d0aae1,60,22,COSMIC_v3.2,3.18.0
SBS7a,4.743630398657791,0,0,25.674988928119895,0.235,200,TOV2414,full,256958198,0.004,58c63a68196bddc66383c4d3e332e3e326edecd8c023d2463b0d8179b1d0aae1,60,22,COSMIC_v3.2,3.18.0
SBS7b,6.97302935810282,0,0,34.74901009642334,0.29,200,TOV2414,full,256958198,0.004,58c63a68196bddc66383c4d3e332e3e326edecd8c023d2463b0d8179b1d0aae1,60,22,COSMIC_v3.2,3.18.0
SBS7c,0,0,0,0,0,200,TOV2414,full,256958198,0.004,58c63a68196bddc66383c4d3e332e3e326edecd8c023d2463b0d8179b1d0aae1,60,22,COSMIC_v3.2,3.18.0
SBS7d,0,0,0,0,0,200,TOV2414,full,256958198,0.004,58c63a68196bddc66383c4d3e332e3e326edecd8c023d2463b0d8179b1d0aae1,60,22,COSMIC_v3.2,3.18.0
SBS8,0.16112722539641017,0,0,0,0.005,200,TOV2414,full,256958198,0.004,58c63a68196bddc66383c4d3e332e3e326edecd8c023d2463b0d8179b1d0aae1,60,22,COSMIC_v3.2,3.18.0
SBS84,3.8279479064828825,0,0,32.88115248903712,0.155,200,TOV2414,full,256958198,0.004,58c63a68196bddc66383c4d3e332e3e326edecd8c023d2463b0d8179b1d0aae1,60,22,COSMIC_v3.2,3.18.0
SBS85,0.4820392386085857,0,0,0.2622203972843049,0.025,200,TOV2414,full,256958198,0.004,58c63a68196bddc66383c4d3e332e3e326edecd8c023d2463b0d8179b1d0aae1,60,22,COSMIC_v3.2,3.18.0
SBS86,5.56269661399626,0,0,29.4042436201306,0.27,200,TOV2414,full,256958198,0.004,58c63a68196bddc66383c4d3e332e3e326edecd8c023d2463b0d8179b1d0aae1,60,22,COSMIC_v3.2,3.18.0
SBS87,39.6065716108562,39.710707445266245,0,79.94574080917586,0.86,200,TOV2414,full,256958198,0.004,58c63a68196bddc66383c4d3e332e3e326edecd8c023d2463b0d8179b1d0aae1,60,22,COSMIC_v3.2,3.18.0
SBS88,0.06599822915439423,0,0,0,0.005,200,TOV2414,full,256958198,0.004,58c63a68196bddc66383c4d3e332e3e326edecd8c023d2463b0d8179b1d0aae1,60,22,COSMIC_v3.2,3.18.0
SBS89,2.8271363896496378,0,0,36.52862207106501,0.09,200,TOV2414,full,256958198,0.004,58c63a68196bddc66383c4d3e332e3e326edecd8c023d2463b0d8179b1d0aae1,60,22,COSMIC_v3.2,3.18.0
SBS9,0.6663218146899468,0,0,12.065217039603981,0.03,200,TOV2414,full,256958198,0.004,58c63a68196bddc66383c4d3e332e3e326edecd8c023d2463b0d8179b1d0aae1,60,22,COSMIC_v3.2,3.18.0
SBS90,0.13131157616462033,0,0,0,0.01,200,TOV2414,full,256958198,0.004,58c63a68196bddc66383c4d3e332e3e326edecd8c023d2463b0d8179b1d0aae1,60,22,COSMIC_v3.2,3.18.0
SBS91,3.3515135898093535,0,0,19.297729655942412,0.225,200,TOV2414,full,256958198,0.004,58c63a68196bddc66383c4d3e332e3e326edecd8c023d2463b0d8179b1d0aae1,60,22,COSMIC_v3.2,3.18.0
SBS92,0,0,0,0,0,200,TOV2414,full,256958198,0.004,58c63a68196bddc66383c4d3e332e3e326edecd8c023d2463b0d8179b1d0aae1,60,22,COSMIC_v3.2,3.18.0
SBS93,0,0,0,0,0,200,TOV2414,full,256958198,0.004,58c63a68196bddc66383c4d3e332e3e326edecd8c023d2463b0d8179b1d0aae1,60,22,COSMIC_v3.2,3.18.0
SBS94,0.17870004908015466,0,0,0,0.005,200,TOV2414,full,256958198,0.004,58c63a68196bddc66383c4d3e332e3e326edecd8c023d2463b0d8179b1d0aae1,60,22,COSMIC_v3.2,3.18.0
SBS1,24.34725565856294,27.037412911629175,0,61.943640697723595,0.66,200,OV1369-R2,restricted,234687987,0.004,58c63a68196bddc66383c4d3e332e3e326edecd8c023d2463b0d8179b1d0aae1,60,22,COSMIC_v3.2,3.18.0
SBS10a,0.21981208237869218,0,0,0,0.015,200,OV1369-R2,restricted,234687987,0.004,58c63a68196bddc66383c4d3e332e3e326edecd8c023d2463b0d8179b1d0aae1,60,22,COSMIC_v3.2,3.18.0
SBS10b,0.3448593889886863,0,0,0,0.02,200,OV1369-R2,restricted,234687987,0.004,58c63a68196bddc66383c4d3e332e3e326edecd8c023d2463b0d8179b1d0aae1,60,22,COSMIC_v3.2,3.18.0
SBS10c,0,0,0,0,0,200,OV1369-R2,restricted,234687987,0.004,58c63a68196bddc66383c4d3e332e3e326edecd8c023d2463b0d8179b1d0aae1,60,22,COSMIC_v3.2,3.18.0
SBS10d,0,0,0,0,0,200,OV1369-R2,restricted,234687987,0.004,58c63a68196bddc66383c4d3e332e3e326edecd8c023d2463b0d8179b1d0aae1,60,22,COSMIC_v3.2,3.18.0
SBS13,0.27993367061971197,0,0,0,0.015,200,OV1369-R2,restricted,234687987,0.004,58c63a68196bddc66383c4d3e332e3e326edecd8c023d2463b0d8179b1d0aae1,60,22,COSMIC_v3.2,3.18.0
SBS14,0.22492832981518718,0,0,0,0.01,200,OV1369-R2,restricted,234687987,0.004,58c63a68196bddc66383c4d3e332e3e326edecd8c023d2463b0d8179b1d0aae1,60,22,COSMIC_v3.2,3.18.0
SBS15,3.0179210463836226,0,0,47.98902489887942,0.065,200,OV1369-R2,restricted,234687987,0.004,58c63a68196bddc66383c4d3e332e3e326edecd8c023d2463b0d8179b1d0aae1,60,22,COSMIC_v3.2,3.18.0
SBS17a,0.0771167852546813,0,0,0,0.005,200,OV1369-R2,restricted,234687987,0.004,58c63a68196bddc66383c4d3e332e3e326edecd8c023d2463b0d8179b1d0aae1,60,22,COSMIC_v3.2,3.18.0
SBS17b,0,0,0,0,0,200,OV1369-R2,restricted,234687987,0.004,58c63a68196bddc66383c4d3e332e3e326edecd8c023d2463b0d8179b1d0aae1,60,22,COSMIC_v3.2,3.18.0
SBS18,9.896062145421112,0,0,56.444216264944686,0.235,200,OV1369-R2,restricted,234687987,0.004,58c63a68196bddc66383c4d3e332e3e326edecd8c023d2463b0d8179b1d0aae1,60,22,COSMIC_v3.2,3.18.0
SBS2,0.868413484954116,0,0,14.089876373697983,0.06,200,OV1369-R2,restricted,234687987,0.004,58c63a68196bddc66383c4d3e332e3e326edecd8c023d2463b0d8179b1d0aae1,60,22,COSMIC_v3.2,3.18.0
SBS20,0,0,0,0,0,200,OV1369-R2,restricted,234687987,0.004,58c63a68196bddc66383c4d3e332e3e326edecd8c023d2463b0d8179b1d0aae1,60,22,COSMIC_v3.2,3.18.0
SBS21,0,0,0,0,0,200,OV1369-R2,restricted,234687987,0.004,58c63a68196bddc66383c4d3e332e3e326edecd8c023d2463b0d8179b1d0aae1,60,22,COSMIC_v3.2,3.18.0
SBS26,0,0,0,0,0,200,OV1369-R2,restricted,234687987,0.004,58c63a68196bddc66383c4d3e332e3e326edecd8c023d2463b0d8179b1d0aae1,60,22,COSMIC_v3.2,3.18.0
SBS28,0,0,0,0,0,200,OV1369-R2,restricted,234687987,0.004,58c63a68196bddc66383c4d3e332e3e326edecd8c023d2463b0d8179b1d0aae1,60,22,COSMIC_v3.2,3.18.0
SBS3,243.00725069984347,240.1081423239579,137.63744533234086,380.3239519659497,1,200,OV1369-R2,restricted,234687987,0.004,58c63a68196bddc66383c4d3e332e3e326edecd8c023d2463b0d8179b1d0aae1,60,22,COSMIC_v3.2,3.18.0
SBS40,104.35378884023619,124.7081812328282,0,229.4479623140908,0.71,200,OV1369-R2,restricted,234687987,0.004,58c63a68196bddc66383c4d3e332e3e326edecd8c023d2463b0d8179b1d0aae1,60,22,COSMIC_v3.2,3.18.0
SBS44,0,0,0,0,0,200,OV1369-R2,restricted,234687987,0.004,58c63a68196bddc66383c4d3e332e3e326edecd8c023d2463b0d8179b1d0aae1,60,22,COSMIC_v3.2,3.18.0
SBS5,29.708320622890366,0,0,122.22071180892965,0.42,200,OV1369-R2,restricted,234687987,0.004,58c63a68196bddc66383c4d3e332e3e326edecd8c023d2463b0d8179b1d0aae1,60,22,COSMIC_v3.2,3.18.0
SBS6,109.6243555245854,109.90482025970223,54.727297226004886,160.12703760949205,0.985,200,OV1369-R2,restricted,234687987,0.004,58c63a68196bddc66383c4d3e332e3e326edecd8c023d2463b0d8179b1d0aae1,60,22,COSMIC_v3.2,3.18.0
SBS8,52.55824812292909,62.02649433403125,0,114.38927153675711,0.735,200,OV1369-R2,restricted,234687987,0.004,58c63a68196bddc66383c4d3e332e3e326edecd8c023d2463b0d8179b1d0aae1,60,22,COSMIC_v3.2,3.18.0
SBS1,10.705605450732461,0,0,40.617811562393214,0.405,200,OV2085,restricted,119474929,0.004,58c63a68196bddc66383c4d3e332e3e326edecd8c023d2463b0d8179b1d0aae1,60,22,COSMIC_v3.2,3.18.0
SBS10a,0,0,0,0,0,200,OV2085,restricted,119474929,0.004,58c63a68196bddc66383c4d3e332e3e326edecd8c023d2463b0d8179b1d0aae1,60,22,COSMIC_v3.2,3.18.0
SBS10b,15.796477778476504,17.28614768746241,0,36.259651230088124,0.72,200,OV2085,restricted,119474929,0.004,58c63a68196bddc66383c4d3e332e3e326edecd8c023d2463b0d8179b1d0aae1,60,22,COSMIC_v3.2,3.18.0
SBS10c,0,0,0,0,0,200,OV2085,restricted,119474929,0.004,58c63a68196bddc66383c4d3e332e3e326edecd8c023d2463b0d8179b1d0aae1,60,22,COSMIC_v3.2,3.18.0
SBS10d,0,0,0,0,0,200,OV2085,restricted,119474929,0.004,58c63a68196bddc66383c4d3e332e3e326edecd8c023d2463b0d8179b1d0aae1,60,22,COSMIC_v3.2,3.18.0
SBS13,0,0,0,0,0,200,OV2085,restricted,119474929,0.004,58c63a68196bddc66383c4d3e332e3e326edecd8c023d2463b0d8179b1d0aae1,60,22,COSMIC_v3.2,3.18.0
SBS14,0,0,0,0,0,200,OV2085,restricted,119474929,0.004,58c63a68196bddc66383c4d3e332e3e326edecd8c023d2463b0d8179b1d0aae1,60,22,COSMIC_v3.2,3.18.0
SBS15,10.98406859433189,0,0,63.51191573329688,0.31,200,OV2085,restricted,119474929,0.004,58c63a68196bddc66383c4d3e332e3e326edecd8c023d2463b0d8179b1d0aae1,60,22,COSMIC_v3.2,3.18.0
SBS17a,0.23223243264899526,0,0,0,0.015,200,OV2085,restricted,119474929,0.004,58c63a68196bddc66383c4d3e332e3e326edecd8c023d2463b0d8179b1d0aae1,60,22,COSMIC_v3.2,3.18.0
SBS17b,0,0,0,0,0,200,OV2085,restricted,119474929,0.004,58c63a68196bddc66383c4d3e332e3e326edecd8c023d2463b0d8179b1d0aae1,60,22,COSMIC_v3.2,3.18.0
SBS18,23.187014378405134,27.24374448418863,0,54.6868896460622,0.645,200,OV2085,restricted,119474929,0.004,58c63a68196bddc66383c4d3e332e3e326edecd8c023d2463b0d8179b1d0aae1,60,22,COSMIC_v3.2,3.18.0
SBS2,2.772022679521237,0,0,17.195711867433744,0.205,200,OV2085,restricted,119474929,0.004,58c63a68196bddc66383c4d3e332e3e326edecd8c023d2463b0d8179b1d0aae1,60,22,COSMIC_v3.2,3.18.0
SBS20,0.13152445960328915,0,0,0,0.01,200,OV2085,restricted,119474929,0.004,58c63a68196bddc66383c4d3e332e3e326edecd8c023d2463b0d8179b1d0aae1,60,22,COSMIC_v3.2,3.18.0
SBS21,0,0,0,0,0,200,OV2085,restricted,119474929,0.004,58c63a68196bddc66383c4d3e332e3e326edecd8c023d2463b0d8179b1d0aae1,60,22,COSMIC_v3.2,3.18.0
SBS26,0,0,0,0,0,200,OV2085,restricted,119474929,0.004,58c63a68196bddc66383c4d3e332e3e326edecd8c023d2463b0d8179b1d0aae1,60,22,COSMIC_v3.2,3.18.0
SBS28,0.08037751598188081,0,0,0,0.005,200,OV2085,restricted,119474929,0.004,58c63a68196bddc66383c4d3e332e3e326edecd8c023d2463b0d8179b1d0aae1,60,22,COSMIC_v3.2,3.18.0
SBS3,178.31227105662418,179.98090078138728,70.11197571471801,268.585669900031,0.99,200,OV2085,restricted,119474929,0.004,58c63a68196bddc66383c4d3e332e3e326edecd8c023d2463b0d8179b1d0aae1,60,22,COSMIC_v3.2,3.18.0
SBS40,32.806840446665916,0,0,184.72300099088147,0.31,200,OV2085,restricted,119474929,0.004,58c63a68196bddc66383c4d3e332e3e326edecd8c023d2463b0d8179b1d0aae1,60,22,COSMIC_v3.2,3.18.0
SBS44,0,0,0,0,0,200,OV2085,restricted,119474929,0.004,58c63a68196bddc66383c4d3e332e3e326edecd8c023d2463b0d8179b1d0aae1,60,22,COSMIC_v3.2,3.18.0
SBS5,120.68581572240593,120.67689076717284,37.044280309495214,204.0161742714144,0.99,200,OV2085,restricted,119474929,0.004,58c63a68196bddc66383c4d3e332e3e326edecd8c023d2463b0d8179b1d0aae1,60,22,COSMIC_v3.2,3.18.0
SBS6,68.209915330940035,74.88968162243344,0,110.28188995884501,0.905,200,OV2085,restricted,119474929,0.004,58c63a68196bddc66383c4d3e332e3e326edecd8c023d2463b0d8179b1d0aae1,60,22,COSMIC_v3.2,3.18.0
SBS8,0.9535873794331199,0,0,16.188532414552704,0.03,200,OV2085,restricted,119474929,0.004,58c63a68196bddc66383c4d3e332e3e326edecd8c023d2463b0d8179b1d0aae1,60,22,COSMIC_v3.2,3.18.0
SBS1,45.62195295416187,47.13047254083874,21.260517963684034,63.4942879494468,1,200,OV2295,restricted,143763685,0.004,58c63a68196bddc66383c4d3e332e3e326edecd8c023d2463b0d8179b1d0aae1,60,22,COSMIC_v3.2,3.18.0
SBS10a,0.09540138711627037,0,0,0,0.01,200,OV2295,restricted,143763685,0.004,58c63a68196bddc66383c4d3e332e3e326edecd8c023d2463b0d8179b1d0aae1,60,22,COSMIC_v3.2,3.18.0
SBS10b,1.66653038157938,0,0,15.98085748242213,0.125,200,OV2295,restricted,143763685,0.004,58c63a68196bddc66383c4d3e332e3e326edecd8c023d2463b0d8179b1d0aae1,60,22,COSMIC_v3.2,3.18.0
SBS10c,0,0,0,0,0,200,OV2295,restricted,143763685,0.004,58c63a68196bddc66383c4d3e332e3e326edecd8c023d2463b0d8179b1d0aae1,60,22,COSMIC_v3.2,3.18.0
SBS10d,0.5486161794998784,0,0,13.4539359440725,0.035,200,OV2295,restricted,143763685,0.004,58c63a68196bddc66383c4d3e332e3e326edecd8c023d2463b0d8179b1d0aae1,60,22,COSMIC_v3.2,3.18.0
SBS13,0,0,0,0,0,200,OV2295,restricted,143763685,0.004,58c63a68196bddc66383c4d3e332e3e326edecd8c023d2463b0d8179b1d0aae1,60,22,COSMIC_v3.2,3.18.0
SBS14,0,0,0,0,0,200,OV2295,restricted,143763685,0.004,58c63a68196bddc66383c4d3e332e3e326edecd8c023d2463b0d8179b1d0aae1,60,22,COSMIC_v3.2,3.18.0
SBS15,0.38125601381303564,0,0,0,0.02,200,OV2295,restricted,143763685,0.004,58c63a68196bddc66383c4d3e332e3e326edecd8c023d2463b0d8179b1d0aae1,60,22,COSMIC_v3.2,3.18.0
SBS17a,0,0,0,0,0,200,OV2295,restricted,143763685,0.004,58c63a68196bddc66383c4d3e332e3e326edecd8c023d2463b0d8179b1d0aae1,60,22,COSMIC_v3.2,3.18.0
SBS17b,0.04219400914345622,0,0,0,0.005,200,OV2295,restricted,143763685,0.004,58c63a68196bddc66383c4d3e332e3e326edecd8c023d2463b0d8179b1d0aae1,60,22,COSMIC_v3.2,3.18.0
SBS18,14.149776642486701,13.47413734711694,0,41.64573052745539,0.53,200,OV2295,restricted,143763685,0.004,58c63a68196bddc66383c4d3e332e3e326edecd8c023d2463b0d8179b1d0aae1,60,22,COSMIC_v3.2,3.18.0
SBS2,7.344103580384528,9.249238059495788,0,18.988614674516377,0.57,200,OV2295,restricted,143763685,0.004,58c63a68196bddc66383c4d3e332e3e326edecd8c023d2463b0d8179b1d0aae1,60,22,COSMIC_v3.2,3.18.0
SBS20,0,0,0,0,0,200,OV2295,restricted,143763685,0.004,58c63a68196bddc66383c4d3e332e3e326edecd8c023d2463b0d8179b1d0aae1,60,22,COSMIC_v3.2,3.18.0
SBS21,2.8235205469312845,0,0,20.960406975312583,0.16,200,OV2295,restricted,143763685,0.004,58c63a68196bddc66383c4d3e332e3e326edecd8c023d2463b0d8179b1d0aae1,60,22,COSMIC_v3.2,3.18.0
SBS26,1.111466487672939,0,0,19.615640387056178,0.05,200,OV2295,restricted,143763685,0.004,58c63a68196bddc66383c4d3e332e3e326edecd8c023d2463b0d8179b1d0aae1,60,22,COSMIC_v3.2,3.18.0
SBS28,0,0,0,0,0,200,OV2295,restricted,143763685,0.004,58c63a68196bddc66383c4d3e332e3e326edecd8c023d2463b0d8179b1d0aae1,60,22,COSMIC_v3.2,3.18.0
SBS3,171.16274769952923,172.2142887972808,93.29804859510587,239.50697227432127,1,200,OV2295,restricted,143763685,0.004,58c63a68196bddc66383c4d3e332e3e326edecd8c023d2463b0d8179b1d0aae1,60,22,COSMIC_v3.2,3.18.0
SBS40,44.41086742538465,22.045307272890927,0,169.86611900346554,0.53,200,OV2295,restricted,143763685,0.004,58c63a68196bddc66383c4d3e332e3e326edecd8c023d2463b0d8179b1d0aae1,60,22,COSMIC_v3.2,3.18.0
SBS44,0.7797049302015797,0,0,13.449180513608912,0.05,200,OV2295,restricted,143763685,0.004,58c63a68196bddc66383c4d3e332e3e326edecd8c023d2463b0d8179b1d0aae1,60,22,COSMIC_v3.2,3.18.0
SBS5,87.18150097214995,88.6866080365923,0,165.50595121458585,0.91,200,OV2295,restricted,143763685,0.004,58c63a68196bddc66383c4d3e332e3e326edecd8c023d2463b0d8179b1d0aae1,60,22,COSMIC_v3.2,3.18.0
SBS6,4.911341814211002,0,0,30.432328490341778,0.22,200,OV2295,restricted,143763685,0.004,58c63a68196bddc66383c4d3e332e3e326edecd8c023d2463b0d8179b1d0aae1,60,22,COSMIC_v3.2,3.18.0
SBS8,0,0,0,0,0,200,OV2295,restricted,143763685,0.004,58c63a68196bddc66383c4d3e332e3e326edecd8c023d2463b0d8179b1d0aae1,60,22,COSMIC_v3.2,3.18.0
SBS1,49.559613902047914,51.123695045968475,23.847706823200244,73.45672271910281,0.975,200,OV2295-R2,restricted,256213412,0.004,58c63a68196bddc66383c4d3e332e3e326edecd8c023d2463b0d8179b1d0aae1,60,22,COSMIC_v3.2,3.18.0
SBS10a,0,0,0,0,0,200,OV2295-R2,restricted,256213412,0.004,58c63a68196bddc66383c4d3e332e3e326edecd8c023d2463b0d8179b1d0aae1,60,22,COSMIC_v3.2,3.18.0
SBS10b,0.151096662026037,0,0,0,0.01,200,OV2295-R2,restricted,256213412,0.004,58c63a68196bddc66383c4d3e332e3e326edecd8c023d2463b0d8179b1d0aae1,60,22,COSMIC_v3.2,3.18.0
SBS10c,0,0,0,0,0,200,OV2295-R2,restricted,256213412,0.004,58c63a68196bddc66383c4d3e332e3e326edecd8c023d2463b0d8179b1d0aae1,60,22,COSMIC_v3.2,3.18.0
SBS10d,0,0,0,0,0,200,OV2295-R2,restricted,256213412,0.004,58c63a68196bddc66383c4d3e332e3e326edecd8c023d2463b0d8179b1d0aae1,60,22,COSMIC_v3.2,3.18.0
SBS13,0,0,0,0,0,200,OV2295-R2,restricted,256213412,0.004,58c63a68196bddc66383c4d3e332e3e326edecd8c023d2463b0d8179b1d0aae1,60,22,COSMIC_v3.2,3.18.0
SBS14,0.23616238576314003,0,0,0,0.01,200,OV2295-R2,restricted,256213412,0.004,58c63a68196bddc66383c4d3e332e3e326edecd8c023d2463b0d8179b1d0aae1,60,22,COSMIC_v3.2,3.18.0
SBS15,4.554799812227813,0,0,39.178655552695794,0.135,200,OV2295-R2,restricted,256213412,0.004,58c63a68196bddc66383c4d3e332e3e326edecd8c023d2463b0d8179b1d0aae1,60,22,COSMIC_v3.2,3.18.0
SBS17a,0.0760719494885404,0,0,0,0.005,200,OV2295-R2,restricted,256213412,0.004,58c63a68196bddc66383c4d3e332e3e326edecd8c023d2463b0d8179b1d0aae1,60,22,COSMIC_v3.2,3.18.0
SBS17b,0,0,0,0,0,200,OV2295-R2,restricted,256213412,0.004,58c63a68196bddc66383c4d3e332e3e326edecd8c023d2463b0d8179b1d0aae1,60,22,COSMIC_v3.2,3.18.0
SBS18,57.831742860380466,64.0949147090621,0,96.8595373713318,0.855,200,OV2295-R2,restricted,256213412,0.004,58c63a68196bddc66383c4d3e332e3e326edecd8c023d2463b0d8179b1d0aae1,60,22,COSMIC_v3.2,3.18.0
SBS2,1.411605092689681,0,0,14.958562057504649,0.1,200,OV2295-R2,restricted,256213412,0.004,58c63a68196bddc66383c4d3e332e3e326edecd8c023d2463b0d8179b1d0aae1,60,22,COSMIC_v3.2,3.18.0
SBS20,0.4860186230776688,0,0,0,0.02,200,OV2295-R2,restricted,256213412,0.004,58c63a68196bddc66383c4d3e332e3e326edecd8c023d2463b0d8179b1d0aae1,60,22,COSMIC_v3.2,3.18.0
SBS21,0,0,0,0,0,200,OV2295-R2,restricted,256213412,0.004,58c63a68196bddc66383c4d3e332e3e326edecd8c023d2463b0d8179b1d0aae1,60,22,COSMIC_v3.2,3.18.0
SBS26,0,0,0,0,0,200,OV2295-R2,restricted,256213412,0.004,58c63a68196bddc66383c4d3e332e3e326edecd8c023d2463b0d8179b1d0aae1,60,22,COSMIC_v3.2,3.18.0
SBS28,0,0,0,0,0,200,OV2295-R2,restricted,256213412,0.004,58c63a68196bddc66383c4d3e332e3e326edecd8c023d2463b0d8179b1d0aae1,60,22,COSMIC_v3.2,3.18.0
SBS3,216.7733317029527,218.09813078382717,101.23743348590301,320.8953607813596,1,200,OV2295-R2,restricted,256213412,0.004,58c63a68196bddc66383c4d3e332e3e326edecd8c023d2463b0d8179b1d0aae1,60,22,COSMIC_v3.2,3.18.0
SBS40,144.46542949446194,143.0926330351652,0,262.42071636634347,0.935,200,OV2295-R2,restricted,256213412,0.004,58c63a68196bddc66383c4d3e332e3e326edecd8c023d2463b0d8179b1d0aae1,60,22,COSMIC_v3.2,3.18.0
SBS44,0,0,0,0,0,200,OV2295-R2,restricted,256213412,0.004,58c63a68196bddc66383c4d3e332e3e326edecd8c023d2463b0d8179b1d0aae1,60,22,COSMIC_v3.2,3.18.0
SBS5,36.43015080920046,0,0,132.06504398728757,0.48,200,OV2295-R2,restricted,256213412,0.004,58c63a68196bddc66383c4d3e332e3e326edecd8c023d2463b0d8179b1d0aae1,60,22,COSMIC_v3.2,3.18.0
SBS6,8.976219183988896,0,0,62.07828031991908,0.2,200,OV2295-R2,restricted,256213412,0.004,58c63a68196bddc66383c4d3e332e3e326edecd8c023d2463b0d8179b1d0aae1,60,22,COSMIC_v3.2,3.18.0
SBS8,33.03758142312604,24.60787947512418,0,102.22615523504238,0.515,200,OV2295-R2,restricted,256213412,0.004,58c63a68196bddc66383c4d3e332e3e326edecd8c023d2463b0d8179b1d0aae1,60,22,COSMIC_v3.2,3.18.0
SBS1,24.43346680803247,24.812586166407428,0,49.39529747744517,0.845,200,OV3133-R,restricted,246532433,0.004,58c63a68196bddc66383c4d3e332e3e326edecd8c023d2463b0d8179b1d0aae1,60,22,COSMIC_v3.2,3.18.0
SBS10a,0,0,0,0,0,200,OV3133-R,restricted,246532433,0.004,58c63a68196bddc66383c4d3e332e3e326edecd8c023d2463b0d8179b1d0aae1,60,22,COSMIC_v3.2,3.18.0
SBS10b,7.445984732561562,0,0,25.238448912236482,0.42,200,OV3133-R,restricted,246532433,0.004,58c63a68196bddc66383c4d3e332e3e326edecd8c023d2463b0d8179b1d0aae1,60,22,COSMIC_v3.2,3.18.0
SBS10c,0,0,0,0,0,200,OV3133-R,restricted,246532433,0.004,58c63a68196bddc66383c4d3e332e3e326edecd8c023d2463b0d8179b1d0aae1,60,22,COSMIC_v3.2,3.18.0
SBS10d,0,0,0,0,0,200,OV3133-R,restricted,246532433,0.004,58c63a68196bddc66383c4d3e332e3e326edecd8c023d2463b0d8179b1d0aae1,60,22,COSMIC_v3.2,3.18.0
SBS13,3.82014545439074,0,0,18.184842442728222,0.255,200,OV3133-R,restricted,246532433,0.004,58c63a68196bddc66383c4d3e332e3e326edecd8c023d2463b0d8179b1d0aae1,60,22,COSMIC_v3.2,3.18.0
SBS14,1.714688630899014,0,0,25.23820088710686,0.075,200,OV3133-R,restricted,246532433,0.004,58c63a68196bddc66383c4d3e332e3e326edecd8c023d2463b0d8179b1d0aae1,60,22,COSMIC_v3.2,3.18.0
SBS15,2.2156868939424275,0,0,26.464902020252463,0.09,200,OV3133-R,restricted,246532433,0.004,58c63a68196bddc66383c4d3e332e3e326edecd8c023d2463b0d8179b1d0aae1,60,22,COSMIC_v3.2,3.18.0
SBS17a,1.5041432726702308,0,0,12.982212280791103,0.12,200,OV3133-R,restricted,246532433,0.004,58c63a68196bddc66383c4d3e332e3e326edecd8c023d2463b0d8179b1d0aae1,60,22,COSMIC_v3.2,3.18.0
SBS17b,0,0,0,0,0,200,OV3133-R,restricted,246532433,0.004,58c63a68196bddc66383c4d3e332e3e326edecd8c023d2463b0d8179b1d0aae1,60,22,COSMIC_v3.2,3.18.0
SBS18,25.680037097869736,28.247883880984215,0,58.85996578960836,0.695,200,OV3133-R,restricted,246532433,0.004,58c63a68196bddc66383c4d3e332e3e326edecd8c023d2463b0d8179b1d0aae1,60,22,COSMIC_v3.2,3.18.0
SBS2,3.451529380165611,0,0,15.492166339587472,0.275,200,OV3133-R,restricted,246532433,0.004,58c63a68196bddc66383c4d3e332e3e326edecd8c023d2463b0d8179b1d0aae1,60,22,COSMIC_v3.2,3.18.0
SBS20,7.884089364278693,0,0,39.29617975284124,0.315,200,OV3133-R,restricted,246532433,0.004,58c63a68196bddc66383c4d3e332e3e326edecd8c023d2463b0d8179b1d0aae1,60,22,COSMIC_v3.2,3.18.0
SBS21,0.8963372672550903,0,0,17.088625106339638,0.05,200,OV3133-R,restricted,246532433,0.004,58c63a68196bddc66383c4d3e332e3e326edecd8c023d2463b0d8179b1d0aae1,60,22,COSMIC_v3.2,3.18.0
SBS26,0,0,0,0,0,200,OV3133-R,restricted,246532433,0.004,58c63a68196bddc66383c4d3e332e3e326edecd8c023d2463b0d8179b1d0aae1,60,22,COSMIC_v3.2,3.18.0
SBS28,0,0,0,0,0,200,OV3133-R,restricted,246532433,0.004,58c63a68196bddc66383c4d3e332e3e326edecd8c023d2463b0d8179b1d0aae1,60,22,COSMIC_v3.2,3.18.0
SBS3,101.82007706048023,101.27375657701833,0,196.07030133760887,0.925,200,OV3133-R,restricted,246532433,0.004,58c63a68196bddc66383c4d3e332e3e326edecd8c023d2463b0d8179b1d0aae1,60,22,COSMIC_v3.2,3.18.0
SBS40,56.122012143664406,45.99876553932049,0,183.23297940362522,0.59,200,OV3133-R,restricted,246532433,0.004,58c63a68196bddc66383c4d3e332e3e326edecd8c023d2463b0d8179b1d0aae1,60,22,COSMIC_v3.2,3.18.0
SBS44,0,0,0,0,0,200,OV3133-R,restricted,246532433,0.004,58c63a68196bddc66383c4d3e332e3e326edecd8c023d2463b0d8179b1d0aae1,60,22,COSMIC_v3.2,3.18.0
SBS5,127.81450041806241,129.13819700031053,22.022414854188042,212.55341133242317,0.98,200,OV3133-R,restricted,246532433,0.004,58c63a68196bddc66383c4d3e332e3e326edecd8c023d2463b0d8179b1d0aae1,60,22,COSMIC_v3.2,3.18.0
SBS6,22.616316241258108,22.362611743557036,0,67.11594139779783,0.605,200,OV3133-R,restricted,246532433,0.004,58c63a68196bddc66383c4d3e332e3e326edecd8c023d2463b0d8179b1d0aae1,60,22,COSMIC_v3.2,3.18.0
SBS8,36.57353750523989,36.119136734428906,0,91.61183904224193,0.77,200,OV3133-R,restricted,246532433,0.004,58c63a68196bddc66383c4d3e332e3e326edecd8c023d2463b0d8179b1d0aae1,60,22,COSMIC_v3.2,3.18.0
SBS1,23.705110379433354,25.02605249643829,0,52.63194248214821,0.775,200,OV3133-R2,restricted,231903082,0.004,58c63a68196bddc66383c4d3e332e3e326edecd8c023d2463b0d8179b1d0aae1,60,22,COSMIC_v3.2,3.18.0
SBS10a,0.39118132296821756,0,0,8.209946067763399,0.03,200,OV3133-R2,restricted,231903082,0.004,58c63a68196bddc66383c4d3e332e3e326edecd8c023d2463b0d8179b1d0aae1,60,22,COSMIC_v3.2,3.18.0
SBS10b,4.667341991256002,0,0,24.84029445418617,0.295,200,OV3133-R2,restricted,231903082,0.004,58c63a68196bddc66383c4d3e332e3e326edecd8c023d2463b0d8179b1d0aae1,60,22,COSMIC_v3.2,3.18.0
SBS10c,0,0,0,0,0,200,OV3133-R2,restricted,231903082,0.004,58c63a68196bddc66383c4d3e332e3e326edecd8c023d2463b0d8179b1d0aae1,60,22,COSMIC_v3.2,3.18.0
SBS10d,0.4556075985727156,0,0,0.26432818281320614,0.025,200,OV3133-R2,restricted,231903082,0.004,58c63a68196bddc66383c4d3e332e3e326edecd8c023d2463b0d8179b1d0aae1,60,22,COSMIC_v3.2,3.18.0
SBS13,1.7889402501204372,0,0,14.477061989173963,0.13,200,OV3133-R2,restricted,231903082,0.004,58c63a68196bddc66383c4d3e332e3e326edecd8c023d2463b0d8179b1d0aae1,60,22,COSMIC_v3.2,3.18.0
SBS14,2.4851186299459354,0,0,24.646271280533274,0.115,200,OV3133-R2,restricted,231903082,0.004,58c63a68196bddc66383c4d3e332e3e326edecd8c023d2463b0d8179b1d0aae1,60,22,COSMIC_v3.2,3.18.0
SBS15,0,0,0,0,0,200,OV3133-R2,restricted,231903082,0.004,58c63a68196bddc66383c4d3e332e3e326edecd8c023d2463b0d8179b1d0aae1,60,22,COSMIC_v3.2,3.18.0
SBS17a,0.7308896841295607,0,0,11.878899496411398,0.06,200,OV3133-R2,restricted,231903082,0.004,58c63a68196bddc66383c4d3e332e3e326edecd8c023d2463b0d8179b1d0aae1,60,22,COSMIC_v3.2,3.18.0
SBS17b,0,0,0,0,0,200,OV3133-R2,restricted,231903082,0.004,58c63a68196bddc66383c4d3e332e3e326edecd8c023d2463b0d8179b1d0aae1,60,22,COSMIC_v3.2,3.18.0
SBS18,34.163386724789234,36.56074979292887,0,71.12709171106042,0.825,200,OV3133-R2,restricted,231903082,0.004,58c63a68196bddc66383c4d3e332e3e326edecd8c023d2463b0d8179b1d0aae1,60,22,COSMIC_v3.2,3.18.0
SBS2,0.4091124188113299,0,0,9.351726606697852,0.04,200,OV3133-R2,restricted,231903082,0.004,58c63a68196bddc66383c4d3e332e3e326edecd8c023d2463b0d8179b1d0aae1,60,22,COSMIC_v3.2,3.18.0
SBS20,5.242057668267871,0,0,30.04993716941106,0.23,200,OV3133-R2,restricted,231903082,0.004,58c63a68196bddc66383c4d3e332e3e326edecd8c023d2463b0d8179b1d0aae1,60,22,COSMIC_v3.2,3.18.0
SBS21,0.520977229738032,0,0,12.147647860041294,0.03,200,OV3133-R2,restricted,231903082,0.004,58c63a68196bddc66383c4d3e332e3e326edecd8c023d2463b0d8179b1d0aae1,60,22,COSMIC_v3.2,3.18.0
SBS26,0.07304598548039729,0,0,0,0.005,200,OV3133-R2,restricted,231903082,0.004,58c63a68196bddc66383c4d3e332e3e326edecd8c023d2463b0d8179b1d0aae1,60,22,COSMIC_v3.2,3.18.0
SBS28,0,0,0,0,0,200,OV3133-R2,restricted,231903082,0.004,58c63a68196bddc66383c4d3e332e3e326edecd8c023d2463b0d8179b1d0aae1,60,22,COSMIC_v3.2,3.18.0
SBS3,74.14391013102026,79.15474471653272,0,146.65653346071838,0.86,200,OV3133-R2,restricted,231903082,0.004,58c63a68196bddc66383c4d3e332e3e326edecd8c023d2463b0d8179b1d0aae1,60,22,COSMIC_v3.2,3.18.0
SBS40,40.4418565304739,0,0,157.38332373012503,0.49,200,OV3133-R2,restricted,231903082,0.004,58c63a68196bddc66383c4d3e332e3e326edecd8c023d2463b0d8179b1d0aae1,60,22,COSMIC_v3.2,3.18.0
SBS44,0.4235897512608936,0,0,0,0.015,200,OV3133-R2,restricted,231903082,0.004,58c63a68196bddc66383c4d3e332e3e326edecd8c023d2463b0d8179b1d0aae1,60,22,COSMIC_v3.2,3.18.0
SBS5,146.98600549146403,149.5818339019317,50.667306893424254,229.71041970433475,0.985,200,OV3133-R2,restricted,231903082,0.004,58c63a68196bddc66383c4d3e332e3e326edecd8c023d2463b0d8179b1d0aae1,60,22,COSMIC_v3.2,3.18.0
SBS6,34.6844291939645,35.65998516205787,0,82.50563539914863,0.765,200,OV3133-R2,restricted,231903082,0.004,58c63a68196bddc66383c4d3e332e3e326edecd8c023d2463b0d8179b1d0aae1,60,22,COSMIC_v3.2,3.18.0
SBS8,10.097944072091975,0,0,53.9840032002589,0.295,200,OV3133-R2,restricted,231903082,0.004,58c63a68196bddc66383c4d3e332e3e326edecd8c023d2463b0d8179b1d0aae1,60,22,COSMIC_v3.2,3.18.0
SBS1,20.342222910472067,21.4286877138157,0,51.504467766368464,0.71,200,OV3291,restricted,112313470,0.004,58c63a68196bddc66383c4d3e332e3e326edecd8c023d2463b0d8179b1d0aae1,60,22,COSMIC_v3.2,3.18.0
SBS10a,0.0510960901789947,0,0,0,0.005,200,OV3291,restricted,112313470,0.004,58c63a68196bddc66383c4d3e332e3e326edecd8c023d2463b0d8179b1d0aae1,60,22,COSMIC_v3.2,3.18.0
SBS10b,1.2938954817302826,0,0,15.508426128595355,0.09,200,OV3291,restricted,112313470,0.004,58c63a68196bddc66383c4d3e332e3e326edecd8c023d2463b0d8179b1d0aae1,60,22,COSMIC_v3.2,3.18.0
SBS10c,0.4089702605314311,0,0,0,0.01,200,OV3291,restricted,112313470,0.004,58c63a68196bddc66383c4d3e332e3e326edecd8c023d2463b0d8179b1d0aae1,60,22,COSMIC_v3.2,3.18.0
SBS10d,0.563185305334074,0,0,12.243982922433494,0.03,200,OV3291,restricted,112313470,0.004,58c63a68196bddc66383c4d3e332e3e326edecd8c023d2463b0d8179b1d0aae1,60,22,COSMIC_v3.2,3.18.0
SBS13,0.6645662269245586,0,0,11.498006693403909,0.055,200,OV3291,restricted,112313470,0.004,58c63a68196bddc66383c4d3e332e3e326edecd8c023d2463b0d8179b1d0aae1,60,22,COSMIC_v3.2,3.18.0
SBS14,0.995640963112343,0,0,19.56410042751199,0.05,200,OV3291,restricted,112313470,0.004,58c63a68196bddc66383c4d3e332e3e326edecd8c023d2463b0d8179b1d0aae1,60,22,COSMIC_v3.2,3.18.0
SBS15,3.341135469132977,0,0,30.22393834263993,0.125,200,OV3291,restricted,112313470,0.004,58c63a68196bddc66383c4d3e332e3e326edecd8c023d2463b0d8179b1d0aae1,60,22,COSMIC_v3.2,3.18.0
SBS17a,0.11936128916327078,0,0,0,0.01,200,OV3291,restricted,112313470,0.004,58c63a68196bddc66383c4d3e332e3e326edecd8c023d2463b0d8179b1d0aae1,60,22,COSMIC_v3.2,3.18.0
SBS17b,0.055346723872126455,0,0,0,0.005,200,OV3291,restricted,112313470,0.004,58c63a68196bddc66383c4d3e332e3e326edecd8c023d2463b0d8179b1d0aae1,60,22,COSMIC_v3.2,3.18.0
SBS18,30.643877888657755,34.75102898038524,0,65.52497286775912,0.755,200,OV3291,restricted,112313470,0.004,58c63a68196bddc66383c4d3e332e3e326edecd8c023d2463b0d8179b1d0aae1,60,22,COSMIC_v3.2,3.18.0
SBS2,2.774658759818425,0,0,15.461494780458922,0.23,200,OV3291,restricted,112313470,0.004,58c63a68196bddc66383c4d3e332e3e326edecd8c023d2463b0d8179b1d0aae1,60,22,COSMIC_v3.2,3.18.0
SBS20,8.880086278247425,0,0,38.287173516686266,0.35,200,OV3291,restricted,112313470,0.004,58c63a68196bddc66383c4d3e332e3e326edecd8c023d2463b0d8179b1d0aae1,60,22,COSMIC_v3.2,3.18.0
SBS21,0,0,0,0,0,200,OV3291,restricted,112313470,0.004,58c63a68196bddc66383c4d3e332e3e326edecd8c023d2463b0d8179b1d0aae1,60,22,COSMIC_v3.2,3.18.0
SBS26,4.359203228780791,0,0,34.75876639859121,0.17,200,OV3291,restricted,112313470,0.004,58c63a68196bddc66383c4d3e332e3e326edecd8c023d2463b0d8179b1d0aae1,60,22,COSMIC_v3.2,3.18.0
SBS28,0,0,0,0,0,200,OV3291,restricted,112313470,0.004,58c63a68196bddc66383c4d3e332e3e326edecd8c023d2463b0d8179b1d0aae1,60,22,COSMIC_v3.2,3.18.0
SBS3,142.59113139673292,140.93606337856409,45.214466541946635,234.86692266579234,0.98,200,OV3291,restricted,112313470,0.004,58c63a68196bddc66383c4d3e332e3e326edecd8c023d2463b0d8179b1d0aae1,60,22,COSMIC_v3.2,3.18.0
SBS40,53.87204675913181,32.45360499007106,0,184.4004482714457,0.545,200,OV3291,restricted,112313470,0.004,58c63a68196bddc66383c4d3e332e3e326edecd8c023d2463b0d8179b1d0aae1,60,22,COSMIC_v3.2,3.18.0
SBS44,6.356125406145518,0,0,58.6414500066211,0.15,200,OV3291,restricted,112313470,0.004,58c63a68196bddc66383c4d3e332e3e326edecd8c023d2463b0d8179b1d0aae1,60,22,COSMIC_v3.2,3.18.0
SBS5,79.16831860626027,82.88829230943293,0,167.4634944262281,0.855,200,OV3291,restricted,112313470,0.004,58c63a68196bddc66383c4d3e332e3e326edecd8c023d2463b0d8179b1d0aae1,60,22,COSMIC_v3.2,3.18.0
SBS6,36.79945679155989,39.478273180067376,0,85.00793383431022,0.735,200,OV3291,restricted,112313470,0.004,58c63a68196bddc66383c4d3e332e3e326edecd8c023d2463b0d8179b1d0aae1,60,22,COSMIC_v3.2,3.18.0
SBS8,15.75141336893252,0,0,71.09106395044333,0.415,200,OV3291,restricted,112313470,0.004,58c63a68196bddc66383c4d3e332e3e326edecd8c023d2463b0d8179b1d0aae1,60,22,COSMIC_v3.2,3.18.0
SBS1,24.92109837595386,29.110158309426197,0,57.58048319231444,0.675,200,TOV1369,restricted,177875548,0.004,58c63a68196bddc66383c4d3e332e3e326edecd8c023d2463b0d8179b1d0aae1,60,22,COSMIC_v3.2,3.18.0
SBS10a,0,0,0,0,0,200,TOV1369,restricted,177875548,0.004,58c63a68196bddc66383c4d3e332e3e326edecd8c023d2463b0d8179b1d0aae1,60,22,COSMIC_v3.2,3.18.0
SBS10b,0.6801198805171955,0,0,17.078061495133838,0.03,200,TOV1369,restricted,177875548,0.004,58c63a68196bddc66383c4d3e332e3e326edecd8c023d2463b0d8179b1d0aae1,60,22,COSMIC_v3.2,3.18.0
SBS10c,0,0,0,0,0,200,TOV1369,restricted,177875548,0.004,58c63a68196bddc66383c4d3e332e3e326edecd8c023d2463b0d8179b1d0aae1,60,22,COSMIC_v3.2,3.18.0
SBS10d,0.09260219833002291,0,0,0,0.005,200,TOV1369,restricted,177875548,0.004,58c63a68196bddc66383c4d3e332e3e326edecd8c023d2463b0d8179b1d0aae1,60,22,COSMIC_v3.2,3.18.0
SBS13,0,0,0,0,0,200,TOV1369,restricted,177875548,0.004,58c63a68196bddc66383c4d3e332e3e326edecd8c023d2463b0d8179b1d0aae1,60,22,COSMIC_v3.2,3.18.0
SBS14,0,0,0,0,0,200,TOV1369,restricted,177875548,0.004,58c63a68196bddc66383c4d3e332e3e326edecd8c023d2463b0d8179b1d0aae1,60,22,COSMIC_v3.2,3.18.0
SBS15,1.2219836185151458,0,0,26.07524062327073,0.03,200,TOV1369,restricted,177875548,0.004,58c63a68196bddc66383c4d3e332e3e326edecd8c023d2463b0d8179b1d0aae1,60,22,COSMIC_v3.2,3.18.0
SBS17a,0,0,0,0,0,200,TOV1369,restricted,177875548,0.004,58c63a68196bddc66383c4d3e332e3e326edecd8c023d2463b0d8179b1d0aae1,60,22,COSMIC_v3.2,3.18.0
SBS17b,0,0,0,0,0,200,TOV1369,restricted,177875548,0.004,58c63a68196bddc66383c4d3e332e3e326edecd8c023d2463b0d8179b1d0aae1,60,22,COSMIC_v3.2,3.18.0
SBS18,1.5860431369656098,0,0,31.58806250937317,0.035,200,TOV1369,restricted,177875548,0.004,58c63a68196bddc66383c4d3e332e3e326edecd8c023d2463b0d8179b1d0aae1,60,22,COSMIC_v3.2,3.18.0
SBS2,1.1878051572255128,0,0,15.555647683995945,0.075,200,TOV1369,restricted,177875548,0.004,58c63a68196bddc66383c4d3e332e3e326edecd8c023d2463b0d8179b1d0aae1,60,22,COSMIC_v3.2,3.18.0
SBS20,0,0,0,0,0,200,TOV1369,restricted,177875548,0.004,58c63a68196bddc66383c4d3e332e3e326edecd8c023d2463b0d8179b1d0aae1,60,22,COSMIC_v3.2,3.18.0
SBS21,0.25031491089518304,0,0,0,0.01,200,TOV1369,restricted,177875548,0.004,58c63a68196bddc66383c4d3e332e3e326edecd8c023d2463b0d8179b1d0aae1,60,22,COSMIC_v3.2,3.18.0
SBS26,0,0,0,0,0,200,TOV1369,restricted,177875548,0.004,58c63a68196bddc66383c4d3e332e3e326edecd8c023d2463b0d8179b1d0aae1,60,22,COSMIC_v3.2,3.18.0
SBS28,0,0,0,0,0,200,TOV1369,restricted,177875548,0.004,58c63a68196bddc66383c4d3e332e3e326edecd8c023d2463b0d8179b1d0aae1,60,22,COSMIC_v3.2,3.18.0
SBS3,273.17660736262894,272.00296645926267,156.54120258373106,393.26669099023275,1,200,TOV1369,restricted,177875548,0.004,58c63a68196bddc66383c4d3e332e3e326edecd8c023d2463b0d8179b1d0aae1,60,22,COSMIC_v3.2,3.18.0
SBS40,151.56775040328438,159.5148336194682,0,274.25538189899885,0.885,200,TOV1369,restricted,177875548,0.004,58c63a68196bddc66383c4d3e332e3e326edecd8c023d2463b0d8179b1d0aae1,60,22,COSMIC_v3.2,3.18.0
SBS44,0,0,0,0,0,200,TOV1369,restricted,177875548,0.004,58c63a68196bddc66383c4d3e332e3e326edecd8c023d2463b0d8179b1d0aae1,60,22,COSMIC_v3.2,3.18.0
SBS5,26.508465373922704,0,0,136.41713870027942,0.325,200,TOV1369,restricted,177875548,0.004,58c63a68196bddc66383c4d3e332e3e326edecd8c023d2463b0d8179b1d0aae1,60,22,COSMIC_v3.2,3.18.0
SBS6,93.64288653033289,89.36563087151724,0,149.04976655149352,0.97,200,TOV1369,restricted,177875548,0.004,58c63a68196bddc66383c4d3e332e3e326edecd8c023d2463b0d8179b1d0aae1,60,22,COSMIC_v3.2,3.18.0
SBS8,80.4673094827078,86.49143789162778,0,135.41780023645234,0.885,200,TOV1369,restricted,177875548,0.004,58c63a68196bddc66383c4d3e332e3e326edecd8c023d2463b0d8179b1d0aae1,60,22,COSMIC_v3.2,3.18.0
SBS1,29.475104172150022,30.752095359395668,0,50.684114616758556,0.91,200,TOV2295-R,restricted,149490307,0.004,58c63a68196bddc66383c4d3e332e3e326edecd8c023d2463b0d8179b1d0aae1,60,22,COSMIC_v3.2,3.18.0
SBS10a,0,0,0,0,0,200,TOV2295-R,restricted,149490307,0.004,58c63a68196bddc66383c4d3e332e3e326edecd8c023d2463b0d8179b1d0aae1,60,22,COSMIC_v3.2,3.18.0
SBS10b,0.47063899574761087,0,0,10.63316335584891,0.04,200,TOV2295-R,restricted,149490307,0.004,58c63a68196bddc66383c4d3e332e3e326edecd8c023d2463b0d8179b1d0aae1,60,22,COSMIC_v3.2,3.18.0
SBS10c,0,0,0,0,0,200,TOV2295-R,restricted,149490307,0.004,58c63a68196bddc66383c4d3e332e3e326edecd8c023d2463b0d8179b1d0aae1,60,22,COSMIC_v3.2,3.18.0
SBS10d,0,0,0,0,0,200,TOV2295-R,restricted,149490307,0.004,58c63a68196bddc66383c4d3e332e3e326edecd8c023d2463b0d8179b1d0aae1,60,22,COSMIC_v3.2,3.18.0
SBS13,0,0,0,0,0,200,TOV2295-R,restricted,149490307,0.004,58c63a68196bddc66383c4d3e332e3e326edecd8c023d2463b0d8179b1d0aae1,60,22,COSMIC_v3.2,3.18.0
SBS14,0,0,0,0,0,200,TOV2295-R,restricted,149490307,0.004,58c63a68196bddc66383c4d3e332e3e326edecd8c023d2463b0d8179b1d0aae1,60,22,COSMIC_v3.2,3.18.0
SBS15,3.011194911242729,0,0,32.39368060452303,0.115,200,TOV2295-R,restricted,149490307,0.004,58c63a68196bddc66383c4d3e332e3e326edecd8c023d2463b0d8179b1d0aae1,60,22,COSMIC_v3.2,3.18.0
SBS17a,0.0637614299657794,0,0,0,0.005,200,TOV2295-R,restricted,149490307,0.004,58c63a68196bddc66383c4d3e332e3e326edecd8c023d2463b0d8179b1d0aae1,60,22,COSMIC_v3.2,3.18.0
SBS17b,0.054132386014661825,0,0,0,0.005,200,TOV2295-R,restricted,149490307,0.004,58c63a68196bddc66383c4d3e332e3e326edecd8c023d2463b0d8179b1d0aae1,60,22,COSMIC_v3.2,3.18.0
SBS18,47.65814800106593,48.32525250304013,24.05119595881237,72.15305368768418,0.98,200,TOV2295-R,restricted,149490307,0.004,58c63a68196bddc66383c4d3e332e3e326edecd8c023d2463b0d8179b1d0aae1,60,22,COSMIC_v3.2,3.18.0
SBS2,7.392990411457492,9.168459559740825,0,18.721793747502346,0.585,200,TOV2295-R,restricted,149490307,0.004,58c63a68196bddc66383c4d3e332e3e326edecd8c023d2463b0d8179b1d0aae1,60,22,COSMIC_v3.2,3.18.0
SBS20,0.1724015159342737,0,0,0,0.01,200,TOV2295-R,restricted,149490307,0.004,58c63a68196bddc66383c4d3e332e3e326edecd8c023d2463b0d8179b1d0aae1,60,22,COSMIC_v3.2,3.18.0
SBS21,0.3615998771828978,0,0,0.26452876325520625,0.025,200,TOV2295-R,restricted,149490307,0.004,58c63a68196bddc66383c4d3e332e3e326edecd8c023d2463b0d8179b1d0aae1,60,22,COSMIC_v3.2,3.18.0
SBS26,0.2985150183378804,0,0,0,0.015,200,TOV2295-R,restricted,149490307,0.004,58c63a68196bddc66383c4d3e332e3e326edecd8c023d2463b0d8179b1d0aae1,60,22,COSMIC_v3.2,3.18.0
SBS28,0,0,0,0,0,200,TOV2295-R,restricted,149490307,0.004,58c63a68196bddc66383c4d3e332e3e326edecd8c023d2463b0d8179b1d0aae1,60,22,COSMIC_v3.2,3.18.0
SBS3,181.16395883737957,183.64629306733622,109.26029413113707,240.0916210546357,1,200,TOV2295-R,restricted,149490307,0.004,58c63a68196bddc66383c4d3e332e3e326edecd8c023d2463b0d8179b1d0aae1,60,22,COSMIC_v3.2,3.18.0
SBS40,6.095080392731449,0,0,80.87413625230676,0.075,200,TOV2295-R,restricted,149490307,0.004,58c63a68196bddc66383c4d3e332e3e326edecd8c023d2463b0d8179b1d0aae1,60,22,COSMIC_v3.2,3.18.0
SBS44,0,0,0,0,0,200,TOV2295-R,restricted,149490307,0.004,58c63a68196bddc66383c4d3e332e3e326edecd8c023d2463b0d8179b1d0aae1,60,22,COSMIC_v3.2,3.18.0
SBS5,119.61479314705772,119.25458441378217,58.91001625105606,175.22722905388764,1,200,TOV2295-R,restricted,149490307,0.004,58c63a68196bddc66383c4d3e332e3e326edecd8c023d2463b0d8179b1d0aae1,60,22,COSMIC_v3.2,3.18.0
SBS6,14.066348077672613,0,0,56.26952337541207,0.45,200,TOV2295-R,restricted,149490307,0.004,58c63a68196bddc66383c4d3e332e3e326edecd8c023d2463b0d8179b1d0aae1,60,22,COSMIC_v3.2,3.18.0
SBS8,0,0,0,0,0,200,TOV2295-R,restricted,149490307,0.004,58c63a68196bddc66383c4d3e332e3e326edecd8c023d2463b0d8179b1d0aae1,60,22,COSMIC_v3.2,3.18.0
SBS1,11.45489201955353,0,0,38.385770362528454,0.43,200,TOV2835EP,restricted,180025527,0.004,58c63a68196bddc66383c4d3e332e3e326edecd8c023d2463b0d8179b1d0aae1,60,22,COSMIC_v3.2,3.18.0
SBS10a,0.7705015092101168,0,0,14.823062085534696,0.05,200,TOV2835EP,restricted,180025527,0.004,58c63a68196bddc66383c4d3e332e3e326edecd8c023d2463b0d8179b1d0aae1,60,22,COSMIC_v3.2,3.18.0
SBS10b,5.467622920849914,0,0,24.484030704553188,0.3,200,TOV2835EP,restricted,180025527,0.004,58c63a68196bddc66383c4d3e332e3e326edecd8c023d2463b0d8179b1d0aae1,60,22,COSMIC_v3.2,3.18.0
SBS10c,0,0,0,0,0,200,TOV2835EP,restricted,180025527,0.004,58c63a68196bddc66383c4d3e332e3e326edecd8c023d2463b0d8179b1d0aae1,60,22,COSMIC_v3.2,3.18.0
SBS10d,2.458142503182281,0,0,24.665680731513902,0.11,200,TOV2835EP,restricted,180025527,0.004,58c63a68196bddc66383c4d3e332e3e326edecd8c023d2463b0d8179b1d0aae1,60,22,COSMIC_v3.2,3.18.0
SBS13,0,0,0,0,0,200,TOV2835EP,restricted,180025527,0.004,58c63a68196bddc66383c4d3e332e3e326edecd8c023d2463b0d8179b1d0aae1,60,22,COSMIC_v3.2,3.18.0
SBS14,19.083137700904093,22.284464070030467,0,50.01382542816777,0.61,200,TOV2835EP,restricted,180025527,0.004,58c63a68196bddc66383c4d3e332e3e326edecd8c023d2463b0d8179b1d0aae1,60,22,COSMIC_v3.2,3.18.0
SBS15,8.046284966318648,0,0,50.51990553262165,0.205,200,TOV2835EP,restricted,180025527,0.004,58c63a68196bddc66383c4d3e332e3e326edecd8c023d2463b0d8179b1d0aae1,60,22,COSMIC_v3.2,3.18.0
SBS17a,0.5308942740076906,0,0,14.289592523814258,0.035,200,TOV2835EP,restricted,180025527,0.004,58c63a68196bddc66383c4d3e332e3e326edecd8c023d2463b0d8179b1d0aae1,60,22,COSMIC_v3.2,3.18.0
SBS17b,0,0,0,0,0,200,TOV2835EP,restricted,180025527,0.004,58c63a68196bddc66383c4d3e332e3e326edecd8c023d2463b0d8179b1d0aae1,60,22,COSMIC_v3.2,3.18.0
SBS18,47.202271641605726,49.417029947991864,0,85.81253246552208,0.89,200,TOV2835EP,restricted,180025527,0.004,58c63a68196bddc66383c4d3e332e3e326edecd8c023d2463b0d8179b1d0aae1,60,22,COSMIC_v3.2,3.18.0
SBS2,2.995696854770528,0,0,18.267545072844264,0.205,200,TOV2835EP,restricted,180025527,0.004,58c63a68196bddc66383c4d3e332e3e326edecd8c023d2463b0d8179b1d0aae1,60,22,COSMIC_v3.2,3.18.0
SBS20,3.7536417502316266,0,0,34.332416649657034,0.13,200,TOV2835EP,restricted,180025527,0.004,58c63a68196bddc66383c4d3e332e3e326edecd8c023d2463b0d8179b1d0aae1,60,22,COSMIC_v3.2,3.18.0
SBS21,0.3590176139815561,0,0,0,0.02,200,TOV2835EP,restricted,180025527,0.004,58c63a68196bddc66383c4d3e332e3e326edecd8c023d2463b0d8179b1d0aae1,60,22,COSMIC_v3.2,3.18.0
SBS26,0.28955494147796523,0,0,0,0.015,200,TOV2835EP,restricted,180025527,0.004,58c63a68196bddc66383c4d3e332e3e326edecd8c023d2463b0d8179b1d0aae1,60,22,COSMIC_v3.2,3.18.0
SBS28,0,0,0,0,0,200,TOV2835EP,restricted,180025527,0.004,58c63a68196bddc66383c4d3e332e3e326edecd8c023d2463b0d8179b1d0aae1,60,22,COSMIC_v3.2,3.18.0
SBS3,112.45335228343674,114.9672594748978,0,211.91768799592407,0.915,200,TOV2835EP,restricted,180025527,0.004,58c63a68196bddc66383c4d3e332e3e326edecd8c023d2463b0d8179b1d0aae1,60,22,COSMIC_v3.2,3.18.0
SBS40,39.7808354570406,0,0,160.23166176229378,0.425,200,TOV2835EP,restricted,180025527,0.004,58c63a68196bddc66383c4d3e332e3e326edecd8c023d2463b0d8179b1d0aae1,60,22,COSMIC_v3.2,3.18.0
SBS44,0,0,0,0,0,200,TOV2835EP,restricted,180025527,0.004,58c63a68196bddc66383c4d3e332e3e326edecd8c023d2463b0d8179b1d0aae1,60,22,COSMIC_v3.2,3.18.0
SBS5,130.42066331224112,128.7754655350802,53.844216601878195,215.0509620341773,0.985,200,TOV2835EP,restricted,180025527,0.004,58c63a68196bddc66383c4d3e332e3e326edecd8c023d2463b0d8179b1d0aae1,60,22,COSMIC_v3.2,3.18.0
SBS6,62.96189297063172,66.91344827365428,0,107.03885419887307,0.905,200,TOV2835EP,restricted,180025527,0.004,58c63a68196bddc66383c4d3e332e3e326edecd8c023d2463b0d8179b1d0aae1,60,22,COSMIC_v3.2,3.18.0
SBS8,43.99916685389445,46.761117215466214,0,92.52358606979541,0.805,200,TOV2835EP,restricted,180025527,0.004,58c63a68196bddc66383c4d3e332e3e326edecd8c023d2463b0d8179b1d0aae1,60,22,COSMIC_v3.2,3.18.0
SBS1,29.677563562923382,30.851750980203537,0,55.31971432280004,0.89,200,TOV2881EP,restricted,242899820,0.004,58c63a68196bddc66383c4d3e332e3e326edecd8c023d2463b0d8179b1d0aae1,60,22,COSMIC_v3.2,3.18.0
SBS10a,0,0,0,0,0,200,TOV2881EP,restricted,242899820,0.004,58c63a68196bddc66383c4d3e332e3e326edecd8c023d2463b0d8179b1d0aae1,60,22,COSMIC_v3.2,3.18.0
SBS10b,0,0,0,0,0,200,TOV2881EP,restricted,242899820,0.004,58c63a68196bddc66383c4d3e332e3e326edecd8c023d2463b0d8179b1d0aae1,60,22,COSMIC_v3.2,3.18.0
SBS10c,0.3234853491875547,0,0,0,0.01,200,TOV2881EP,restricted,242899820,0.004,58c63a68196bddc66383c4d3e332e3e326edecd8c023d2463b0d8179b1d0aae1,60,22,COSMIC_v3.2,3.18.0
SBS10d,0.09457530243405138,0,0,0,0.005,200,TOV2881EP,restricted,242899820,0.004,58c63a68196bddc66383c4d3e332e3e326edecd8c023d2463b0d8179b1d0aae1,60,22,COSMIC_v3.2,3.18.0
SBS13,2.4602134855918285,0,0,19.863541284974993,0.14,200,TOV2881EP,restricted,242899820,0.004,58c63a68196bddc66383c4d3e332e3e326edecd8c023d2463b0d8179b1d0aae1,60,22,COSMIC_v3.2,3.18.0
SBS14,0.7079487332409891,0,0,0.5043156565498597,0.025,200,TOV2881EP,restricted,242899820,0.004,58c63a68196bddc66383c4d3e332e3e326edecd8c023d2463b0d8179b1d0aae1,60,22,COSMIC_v3.2,3.18.0
SBS15,43.84490303892855,46.551579452486905,0,79.44959972107851,0.86,200,TOV2881EP,restricted,242899820,0.004,58c63a68196bddc66383c4d3e332e3e326edecd8c023d2463b0d8179b1d0aae1,60,22,COSMIC_v3.2,3.18.0
SBS17a,0.0797699115892427,0,0,0,0.005,200,TOV2881EP,restricted,242899820,0.004,58c63a68196bddc66383c4d3e332e3e326edecd8c023d2463b0d8179b1d0aae1,60,22,COSMIC_v3.2,3.18.0
SBS17b,0.2501102632339806,0,0,0,0.02,200,TOV2881EP,restricted,242899820,0.004,58c63a68196bddc66383c4d3e332e3e326edecd8c023d2463b0d8179b1d0aae1,60,22,COSMIC_v3.2,3.18.0
SBS18,57.79624959683275,61.21872509928471,0,98.86592112055226,0.92,200,TOV2881EP,restricted,242899820,0.004,58c63a68196bddc66383c4d3e332e3e326edecd8c023d2463b0d8179b1d0aae1,60,22,COSMIC_v3.2,3.18.0
SBS2,0,0,0,0,0,200,TOV2881EP,restricted,242899820,0.004,58c63a68196bddc66383c4d3e332e3e326edecd8c023d2463b0d8179b1d0aae1,60,22,COSMIC_v3.2,3.18.0
SBS20,1.9485085395879147,0,0,28.524633022184684,0.065,200,TOV2881EP,restricted,242899820,0.004,58c63a68196bddc66383c4d3e332e3e326edecd8c023d2463b0d8179b1d0aae1,60,22,COSMIC_v3.2,3.18.0
SBS21,1.6998402739359733,0,0,24.473798217830158,0.075,200,TOV2881EP,restricted,242899820,0.004,58c63a68196bddc66383c4d3e332e3e326edecd8c023d2463b0d8179b1d0aae1,60,22,COSMIC_v3.2,3.18.0
SBS26,11.013026572972612,0,0,54.301415301794165,0.28,200,TOV2881EP,restricted,242899820,0.004,58c63a68196bddc66383c4d3e332e3e326edecd8c023d2463b0d8179b1d0aae1,60,22,COSMIC_v3.2,3.18.0
SBS28,0,0,0,0,0,200,TOV2881EP,restricted,242899820,0.004,58c63a68196bddc66383c4d3e332e3e326edecd8c023d2463b0d8179b1d0aae1,60,22,COSMIC_v3.2,3.18.0
SBS3,161.77016306169,160.38416856703662,54.14646200436772,273.9857178091029,0.98,200,TOV2881EP,restricted,242899820,0.004,58c63a68196bddc66383c4d3e332e3e326edecd8c023d2463b0d8179b1d0aae1,60,22,COSMIC_v3.2,3.18.0
SBS40,44.35263118971368,0,0,152.60107851445343,0.48,200,TOV2881EP,restricted,242899820,0.004,58c63a68196bddc66383c4d3e332e3e326edecd8c023d2463b0d8179b1d0aae1,60,22,COSMIC_v3.2,3.18.0
SBS44,0.26654587642595245,0,0,0,0.005,200,TOV2881EP,restricted,242899820,0.004,58c63a68196bddc66383c4d3e332e3e326edecd8c023d2463b0d8179b1d0aae1,60,22,COSMIC_v3.2,3.18.0
SBS5,121.94603644084205,123.83683529488883,0,231.3370912967966,0.905,200,TOV2881EP,restricted,242899820,0.004,58c63a68196bddc66383c4d3e332e3e326edecd8c023d2463b0d8179b1d0aae1,60,22,COSMIC_v3.2,3.18.0
SBS6,10.756644352252762,0,0,87.6387382088144,0.195,200,TOV2881EP,restricted,242899820,0.004,58c63a68196bddc66383c4d3e332e3e326edecd8c023d2463b0d8179b1d0aae1,60,22,COSMIC_v3.2,3.18.0
SBS8,44.46900693892619,48.141878036422746,0,111.492144526188,0.7,200,TOV2881EP,restricted,242899820,0.004,58c63a68196bddc66383c4d3e332e3e326edecd8c023d2463b0d8179b1d0aae1,60,22,COSMIC_v3.2,3.18.0
SBS1,2.415514557261437,0,0,37.43377865493319,0.065,200,TOV2929D,restricted,255922362,0.004,58c63a68196bddc66383c4d3e332e3e326edecd8c023d2463b0d8179b1d0aae1,60,22,COSMIC_v3.2,3.18.0
SBS10a,0,0,0,0,0,200,TOV2929D,restricted,255922362,0.004,58c63a68196bddc66383c4d3e332e3e326edecd8c023d2463b0d8179b1d0aae1,60,22,COSMIC_v3.2,3.18.0
SBS10b,0.8990222149831524,0,0,22.666980324056187,0.035,200,TOV2929D,restricted,255922362,0.004,58c63a68196bddc66383c4d3e332e3e326edecd8c023d2463b0d8179b1d0aae1,60,22,COSMIC_v3.2,3.18.0
SBS10c,0,0,0,0,0,200,TOV2929D,restricted,255922362,0.004,58c63a68196bddc66383c4d3e332e3e326edecd8c023d2463b0d8179b1d0aae1,60,22,COSMIC_v3.2,3.18.0
SBS10d,0,0,0,0,0,200,TOV2929D,restricted,255922362,0.004,58c63a68196bddc66383c4d3e332e3e326edecd8c023d2463b0d8179b1d0aae1,60,22,COSMIC_v3.2,3.18.0
SBS13,0,0,0,0,0,200,TOV2929D,restricted,255922362,0.004,58c63a68196bddc66383c4d3e332e3e326edecd8c023d2463b0d8179b1d0aae1,60,22,COSMIC_v3.2,3.18.0
SBS14,0.13684237607308472,0,0,0,0.005,200,TOV2929D,restricted,255922362,0.004,58c63a68196bddc66383c4d3e332e3e326edecd8c023d2463b0d8179b1d0aae1,60,22,COSMIC_v3.2,3.18.0
SBS15,13.101908961724975,0,0,113.10253926183191,0.155,200,TOV2929D,restricted,255922362,0.004,58c63a68196bddc66383c4d3e332e3e326edecd8c023d2463b0d8179b1d0aae1,60,22,COSMIC_v3.2,3.18.0
SBS17a,0,0,0,0,0,200,TOV2929D,restricted,255922362,0.004,58c63a68196bddc66383c4d3e332e3e326edecd8c023d2463b0d8179b1d0aae1,60,22,COSMIC_v3.2,3.18.0
SBS17b,0,0,0,0,0,200,TOV2929D,restricted,255922362,0.004,58c63a68196bddc66383c4d3e332e3e326edecd8c023d2463b0d8179b1d0aae1,60,22,COSMIC_v3.2,3.18.0
SBS18,142.6708696071545,139.0650515776837,88.74728215148299,198.62632753018346,1,200,TOV2929D,restricted,255922362,0.004,58c63a68196bddc66383c4d3e332e3e326edecd8c023d2463b0d8179b1d0aae1,60,22,COSMIC_v3.2,3.18.0
SBS2,0.21482874705060567,0,0,0,0.01,200,TOV2929D,restricted,255922362,0.004,58c63a68196bddc66383c4d3e332e3e326edecd8c023d2463b0d8179b1d0aae1,60,22,COSMIC_v3.2,3.18.0
SBS20,0.27295136744863274,0,0,0,0.005,200,TOV2929D,restricted,255922362,0.004,58c63a68196bddc66383c4d3e332e3e326edecd8c023d2463b0d8179b1d0aae1,60,22,COSMIC_v3.2,3.18.0
SBS21,0.37394708068079724,0,0,0,0.01,200,TOV2929D,restricted,255922362,0.004,58c63a68196bddc66383c4d3e332e3e326edecd8c023d2463b0d8179b1d0aae1,60,22,COSMIC_v3.2,3.18.0
SBS26,0.2566782278453747,0,0,0,0.005,200,TOV2929D,restricted,255922362,0.004,58c63a68196bddc66383c4d3e332e3e326edecd8c023d2463b0d8179b1d0aae1,60,22,COSMIC_v3.2,3.18.0
SBS28,0,0,0,0,0,200,TOV2929D,restricted,255922362,0.004,58c63a68196bddc66383c4d3e332e3e326edecd8c023d2463b0d8179b1d0aae1,60,22,COSMIC_v3.2,3.18.0
SBS3,258.41146986581225,260.25153255138105,0,414.3276312931201,0.96,200,TOV2929D,restricted,255922362,0.004,58c63a68196bddc66383c4d3e332e3e326edecd8c023d2463b0d8179b1d0aae1,60,22,COSMIC_v3.2,3.18.0
SBS40,33.53175050664244,0,0,219.34420613351773,0.215,200,TOV2929D,restricted,255922362,0.004,58c63a68196bddc66383c4d3e332e3e326edecd8c023d2463b0d8179b1d0aae1,60,22,COSMIC_v3.2,3.18.0
SBS44,0,0,0,0,0,200,TOV2929D,restricted,255922362,0.004,58c63a68196bddc66383c4d3e332e3e326edecd8c023d2463b0d8179b1d0aae1,60,22,COSMIC_v3.2,3.18.0
SBS5,206.60159499731927,210.3966376912707,0,325.53433626624116,0.945,200,TOV2929D,restricted,255922362,0.004,58c63a68196bddc66383c4d3e332e3e326edecd8c023d2463b0d8179b1d0aae1,60,22,COSMIC_v3.2,3.18.0
SBS6,108.70623673264043,118.07930455076875,0,162.46233190835292,0.89,200,TOV2929D,restricted,255922362,0.004,58c63a68196bddc66383c4d3e332e3e326edecd8c023d2463b0d8179b1d0aae1,60,22,COSMIC_v3.2,3.18.0
SBS8,81.41567967402203,107.90472396052661,0,181.75025229459783,0.655,200,TOV2929D,restricted,255922362,0.004,58c63a68196bddc66383c4d3e332e3e326edecd8c023d2463b0d8179b1d0aae1,60,22,COSMIC_v3.2,3.18.0
SBS1,23.859375011552135,24.820968566592263,0,43.23799999477916,0.91,200,TOV3121D,restricted,256581786,0.004,58c63a68196bddc66383c4d3e332e3e326edecd8c023d2463b0d8179b1d0aae1,60,22,COSMIC_v3.2,3.18.0
SBS10a,0.16682426463287856,0,0,0,0.02,200,TOV3121D,restricted,256581786,0.004,58c63a68196bddc66383c4d3e332e3e326edecd8c023d2463b0d8179b1d0aae1,60,22,COSMIC_v3.2,3.18.0
SBS10b,5.665075651879526,0,0,19.103657647889694,0.415,200,TOV3121D,restricted,256581786,0.004,58c63a68196bddc66383c4d3e332e3e326edecd8c023d2463b0d8179b1d0aae1,60,22,COSMIC_v3.2,3.18.0
SBS10c,0.06308986690804963,0,0,0,0.005,200,TOV3121D,restricted,256581786,0.004,58c63a68196bddc66383c4d3e332e3e326edecd8c023d2463b0d8179b1d0aae1,60,22,COSMIC_v3.2,3.18.0
SBS10d,0.12014741277688878,0,0,0,0.01,200,TOV3121D,restricted,256581786,0.004,58c63a68196bddc66383c4d3e332e3e326edecd8c023d2463b0d8179b1d0aae1,60,22,COSMIC_v3.2,3.18.0
SBS13,2.4893010628802923,0,0,12.869246527162568,0.23,200,TOV3121D,restricted,256581786,0.004,58c63a68196bddc66383c4d3e332e3e326edecd8c023d2463b0d8179b1d0aae1,60,22,COSMIC_v3.2,3.18.0
SBS14,2.8996137033284453,0,0,19.583670754995662,0.19,200,TOV3121D,restricted,256581786,0.004,58c63a68196bddc66383c4d3e332e3e326edecd8c023d2463b0d8179b1d0aae1,60,22,COSMIC_v3.2,3.18.0
SBS15,1.838887378033117,0,0,22.754990907485094,0.09,200,TOV3121D,restricted,256581786,0.004,58c63a68196bddc66383c4d3e332e3e326edecd8c023d2463b0d8179b1d0aae1,60,22,COSMIC_v3.2,3.18.0
SBS17a,1.1487483482053265,0,0,12.795374013500924,0.1,200,TOV3121D,restricted,256581786,0.004,58c63a68196bddc66383c4d3e332e3e326edecd8c023d2463b0d8179b1d0aae1,60,22,COSMIC_v3.2,3.18.0
SBS17b,0,0,0,0,0,200,TOV3121D,restricted,256581786,0.004,58c63a68196bddc66383c4d3e332e3e326edecd8c023d2463b0d8179b1d0aae1,60,22,COSMIC_v3.2,3.18.0
SBS18,8.105176318052594,0,0,35.43003673197891,0.365,200,TOV3121D,restricted,256581786,0.004,58c63a68196bddc66383c4d3e332e3e326edecd8c023d2463b0d8179b1d0aae1,60,22,COSMIC_v3.2,3.18.0
SBS2,6.436053037113633,7.878076643596094,0,18.218892916631,0.545,200,TOV3121D,restricted,256581786,0.004,58c63a68196bddc66383c4d3e332e3e326edecd8c023d2463b0d8179b1d0aae1,60,22,COSMIC_v3.2,3.18.0
SBS20,1.4526492219882423,0,0,16.905251049936503,0.095,200,TOV3121D,restricted,256581786,0.004,58c63a68196bddc66383c4d3e332e3e326edecd8c023d2463b0d8179b1d0aae1,60,22,COSMIC_v3.2,3.18.0
SBS21,1.363267803782785,0,0,15.485637611810366,0.1,200,TOV3121D,restricted,256581786,0.004,58c63a68196bddc66383c4d3e332e3e326edecd8c023d2463b0d8179b1d0aae1,60,22,COSMIC_v3.2,3.18.0
SBS26,0.2591682815731707,0,0,0,0.015,200,TOV3121D,restricted,256581786,0.004,58c63a68196bddc66383c4d3e332e3e326edecd8c023d2463b0d8179b1d0aae1,60,22,COSMIC_v3.2,3.18.0
SBS28,0,0,0,0,0,200,TOV3121D,restricted,256581786,0.004,58c63a68196bddc66383c4d3e332e3e326edecd8c023d2463b0d8179b1d0aae1,60,22,COSMIC_v3.2,3.18.0
SBS3,89.0347793922621,87.75977279928952,0,155.44367130949166,0.965,200,TOV3121D,restricted,256581786,0.004,58c63a68196bddc66383c4d3e332e3e326edecd8c023d2463b0d8179b1d0aae1,60,22,COSMIC_v3.2,3.18.0
SBS40,27.428240496794007,0,0,119.60588232621357,0.465,200,TOV3121D,restricted,256581786,0.004,58c63a68196bddc66383c4d3e332e3e326edecd8c023d2463b0d8179b1d0aae1,60,22,COSMIC_v3.2,3.18.0
SBS44,0,0,0,0,0,200,TOV3121D,restricted,256581786,0.004,58c63a68196bddc66383c4d3e332e3e326edecd8c023d2463b0d8179b1d0aae1,60,22,COSMIC_v3.2,3.18.0
SBS5,108.3179666960609,105.87448130947047,44.63309837551662,189.26772173354993,0.995,200,TOV3121D,restricted,256581786,0.004,58c63a68196bddc66383c4d3e332e3e326edecd8c023d2463b0d8179b1d0aae1,60,22,COSMIC_v3.2,3.18.0
SBS6,28.333034820938412,28.316374073123804,0,62.73018386107516,0.815,200,TOV3121D,restricted,256581786,0.004,58c63a68196bddc66383c4d3e332e3e326edecd8c023d2463b0d8179b1d0aae1,60,22,COSMIC_v3.2,3.18.0
SBS8,6.569874757475123,0,0,39.883648637619316,0.27,200,TOV3121D,restricted,256581786,0.004,58c63a68196bddc66383c4d3e332e3e326edecd8c023d2463b0d8179b1d0aae1,60,22,COSMIC_v3.2,3.18.0
SBS1,22.6326015766248,25.090474405772866,0,48.408486732582574,0.8,200,TOV3121EP,restricted,220867932,0.004,58c63a68196bddc66383c4d3e332e3e326edecd8c023d2463b0d8179b1d0aae1,60,22,COSMIC_v3.2,3.18.0
SBS10a,0.6635985561188044,0,0,11.134675505489726,0.055,200,TOV3121EP,restricted,220867932,0.004,58c63a68196bddc66383c4d3e332e3e326edecd8c023d2463b0d8179b1d0aae1,60,22,COSMIC_v3.2,3.18.0
SBS10b,0.7160499576851151,0,0,12.149019482264974,0.055,200,TOV3121EP,restricted,220867932,0.004,58c63a68196bddc66383c4d3e332e3e326edecd8c023d2463b0d8179b1d0aae1,60,22,COSMIC_v3.2,3.18.0
SBS10c,0,0,0,0,0,200,TOV3121EP,restricted,220867932,0.004,58c63a68196bddc66383c4d3e332e3e326edecd8c023d2463b0d8179b1d0aae1,60,22,COSMIC_v3.2,3.18.0
SBS10d,0,0,0,0,0,200,TOV3121EP,restricted,220867932,0.004,58c63a68196bddc66383c4d3e332e3e326edecd8c023d2463b0d8179b1d0aae1,60,22,COSMIC_v3.2,3.18.0
SBS13,0.42638923982234406,0,0,10.959119041567687,0.035,200,TOV3121EP,restricted,220867932,0.004,58c63a68196bddc66383c4d3e332e3e326edecd8c023d2463b0d8179b1d0aae1,60,22,COSMIC_v3.2,3.18.0
SBS14,1.4931042319307395,0,0,21.399428426676224,0.075,200,TOV3121EP,restricted,220867932,0.004,58c63a68196bddc66383c4d3e332e3e326edecd8c023d2463b0d8179b1d0aae1,60,22,COSMIC_v3.2,3.18.0
SBS15,8.642217146067711,0,0,47.771964702308566,0.27,200,TOV3121EP,restricted,220867932,0.004,58c63a68196bddc66383c4d3e332e3e326edecd8c023d2463b0d8179b1d0aae1,60,22,COSMIC_v3.2,3.18.0
SBS17a,0.4030492913923202,0,0,10.39523149646039,0.035,200,TOV3121EP,restricted,220867932,0.004,58c63a68196bddc66383c4d3e332e3e326edecd8c023d2463b0d8179b1d0aae1,60,22,COSMIC_v3.2,3.18.0
SBS17b,0,0,0,0,0,200,TOV3121EP,restricted,220867932,0.004,58c63a68196bddc66383c4d3e332e3e326edecd8c023d2463b0d8179b1d0aae1,60,22,COSMIC_v3.2,3.18.0
SBS18,53.0493723797892,53.31030117456085,18.253285659724888,84.30639684904489,0.98,200,TOV3121EP,restricted,220867932,0.004,58c63a68196bddc66383c4d3e332e3e326edecd8c023d2463b0d8179b1d0aae1,60,22,COSMIC_v3.2,3.18.0
SBS2,3.0053573572328927,0,0,15.61519007508782,0.25,200,TOV3121EP,restricted,220867932,0.004,58c63a68196bddc66383c4d3e332e3e326edecd8c023d2463b0d8179b1d0aae1,60,22,COSMIC_v3.2,3.18.0
SBS20,0.10745072381003982,0,0,0,0.005,200,TOV3121EP,restricted,220867932,0.004,58c63a68196bddc66383c4d3e332e3e326edecd8c023d2463b0d8179b1d0aae1,60,22,COSMIC_v3.2,3.18.0
SBS21,8.534272761631621,0,0,30.16787714184717,0.42,200,TOV3121EP,restricted,220867932,0.004,58c63a68196bddc66383c4d3e332e3e326edecd8c023d2463b0d8179b1d0aae1,60,22,COSMIC_v3.2,3.18.0
SBS26,0.3107598844393794,0,0,0,0.015,200,TOV3121EP,restricted,220867932,0.004,58c63a68196bddc66383c4d3e332e3e326edecd8c023d2463b0d8179b1d0aae1,60,22,COSMIC_v3.2,3.18.0
SBS28,0,0,0,0,0,200,TOV3121EP,restricted,220867932,0.004,58c63a68196bddc66383c4d3e332e3e326edecd8c023d2463b0d8179b1d0aae1,60,22,COSMIC_v3.2,3.18.0
SBS3,141.77896011922104,145.16218030186414,53.92271446439627,232.68044433289361,0.995,200,TOV3121EP,restricted,220867932,0.004,58c63a68196bddc66383c4d3e332e3e326edecd8c023d2463b0d8179b1d0aae1,60,22,COSMIC_v3.2,3.18.0
SBS40,45.171925008164536,34.683108196957946,0,149.90876862768582,0.56,200,TOV3121EP,restricted,220867932,0.004,58c63a68196bddc66383c4d3e332e3e326edecd8c023d2463b0d8179b1d0aae1,60,22,COSMIC_v3.2,3.18.0
SBS44,0,0,0,0,0,200,TOV3121EP,restricted,220867932,0.004,58c63a68196bddc66383c4d3e332e3e326edecd8c023d2463b0d8179b1d0aae1,60,22,COSMIC_v3.2,3.18.0
SBS5,49.28134166480161,46.82014631421603,0,138.15626755926112,0.705,200,TOV3121EP,restricted,220867932,0.004,58c63a68196bddc66383c4d3e332e3e326edecd8c023d2463b0d8179b1d0aae1,60,22,COSMIC_v3.2,3.18.0
SBS6,36.58733358696978,39.66300217651345,0,81.48772441123639,0.755,200,TOV3121EP,restricted,220867932,0.004,58c63a68196bddc66383c4d3e332e3e326edecd8c023d2463b0d8179b1d0aae1,60,22,COSMIC_v3.2,3.18.0
SBS8,15.683640737197214,0,0,60.70884314267472,0.415,200,TOV3121EP,restricted,220867932,0.004,58c63a68196bddc66383c4d3e332e3e326edecd8c023d2463b0d8179b1d0aae1,60,22,COSMIC_v3.2,3.18.0
SBS1,12.161075396179124,13.514312654739847,0,38.09520998876527,0.525,200,TOV3133D,restricted,203251558,0.004,58c63a68196bddc66383c4d3e332e3e326edecd8c023d2463b0d8179b1d0aae1,60,22,COSMIC_v3.2,3.18.0
SBS10a,0,0,0,0,0,200,TOV3133D,restricted,203251558,0.004,58c63a68196bddc66383c4d3e332e3e326edecd8c023d2463b0d8179b1d0aae1,60,22,COSMIC_v3.2,3.18.0
SBS10b,0.06605487066636855,0,0,0,0.005,200,TOV3133D,restricted,203251558,0.004,58c63a68196bddc66383c4d3e332e3e326edecd8c023d2463b0d8179b1d0aae1,60,22,COSMIC_v3.2,3.18.0
SBS10c,0,0,0,0,0,200,TOV3133D,restricted,203251558,0.004,58c63a68196bddc66383c4d3e332e3e326edecd8c023d2463b0d8179b1d0aae1,60,22,COSMIC_v3.2,3.18.0
SBS10d,0,0,0,0,0,200,TOV3133D,restricted,203251558,0.004,58c63a68196bddc66383c4d3e332e3e326edecd8c023d2463b0d8179b1d0aae1,60,22,COSMIC_v3.2,3.18.0
SBS13,4.509444952148148,0,0,17.490828137819086,0.325,200,TOV3133D,restricted,203251558,0.004,58c63a68196bddc66383c4d3e332e3e326edecd8c023d2463b0d8179b1d0aae1,60,22,COSMIC_v3.2,3.18.0
SBS14,1.393780189115542,0,0,19.44768775652916,0.08,200,TOV3133D,restricted,203251558,0.004,58c63a68196bddc66383c4d3e332e3e326edecd8c023d2463b0d8179b1d0aae1,60,22,COSMIC_v3.2,3.18.0
SBS15,1.4774216363554835,0,0,23.811093987477935,0.06,200,TOV3133D,restricted,203251558,0.004,58c63a68196bddc66383c4d3e332e3e326edecd8c023d2463b0d8179b1d0aae1,60,22,COSMIC_v3.2,3.18.0
SBS17a,1.4749554183349753,0,0,14.903124996148982,0.115,200,TOV3133D,restricted,203251558,0.004,58c63a68196bddc66383c4d3e332e3e326edecd8c023d2463b0d8179b1d0aae1,60,22,COSMIC_v3.2,3.18.0
SBS17b,0,0,0,0,0,200,TOV3133D,restricted,203251558,0.004,58c63a68196bddc66383c4d3e332e3e326edecd8c023d2463b0d8179b1d0aae1,60,22,COSMIC_v3.2,3.18.0
SBS18,58.86065409144422,61.31633918553868,27.453730600343285,87.76718245260295,0.995,200,TOV3133D,restricted,203251558,0.004,58c63a68196bddc66383c4d3e332e3e326edecd8c023d2463b0d8179b1d0aae1,60,22,COSMIC_v3.2,3.18.0
SBS2,0.46819191562837636,0,0,10.833668825325885,0.04,200,TOV3133D,restricted,203251558,0.004,58c63a68196bddc66383c4d3e332e3e326edecd8c023d2463b0d8179b1d0aae1,60,22,COSMIC_v3.2,3.18.0
SBS20,3.098809670263012,0,0,27.526959462403166,0.14,200,TOV3133D,restricted,203251558,0.004,58c63a68196bddc66383c4d3e332e3e326edecd8c023d2463b0d8179b1d0aae1,60,22,COSMIC_v3.2,3.18.0
SBS21,0.5123813374272846,0,0,13.553193763692402,0.03,200,TOV3133D,restricted,203251558,0.004,58c63a68196bddc66383c4d3e332e3e326edecd8c023d2463b0d8179b1d0aae1,60,22,COSMIC_v3.2,3.18.0
SBS26,0.122269132822706,0,0,0,0.005,200,TOV3133D,restricted,203251558,0.004,58c63a68196bddc66383c4d3e332e3e326edecd8c023d2463b0d8179b1d0aae1,60,22,COSMIC_v3.2,3.18.0
SBS28,0,0,0,0,0,200,TOV3133D,restricted,203251558,0.004,58c63a68196bddc66383c4d3e332e3e326edecd8c023d2463b0d8179b1d0aae1,60,22,COSMIC_v3.2,3.18.0
SBS3,124.45561220821227,128.83629140827816,35.28658416035294,196.314180294313,0.985,200,TOV3133D,restricted,203251558,0.004,58c63a68196bddc66383c4d3e332e3e326edecd8c023d2463b0d8179b1d0aae1,60,22,COSMIC_v3.2,3.18.0
SBS40,14.285543698161018,0,0,96.31434366263012,0.23,200,TOV3133D,restricted,203251558,0.004,58c63a68196bddc66383c4d3e332e3e326edecd8c023d2463b0d8179b1d0aae1,60,22,COSMIC_v3.2,3.18.0
SBS44,0,0,0,0,0,200,TOV3133D,restricted,203251558,0.004,58c63a68196bddc66383c4d3e332e3e326edecd8c023d2463b0d8179b1d0aae1,60,22,COSMIC_v3.2,3.18.0
SBS5,114.94417995221042,115.78272068646532,39.18698616886947,191.942470291122,0.98,200,TOV3133D,restricted,203251558,0.004,58c63a68196bddc66383c4d3e332e3e326edecd8c023d2463b0d8179b1d0aae1,60,22,COSMIC_v3.2,3.18.0
SBS6,38.75253517449759,40.97835895339337,0,74.4736466990075,0.84,200,TOV3133D,restricted,203251558,0.004,58c63a68196bddc66383c4d3e332e3e326edecd8c023d2463b0d8179b1d0aae1,60,22,COSMIC_v3.2,3.18.0
SBS8,17.464278616956012,0,0,73.87552950303596,0.42,200,TOV3133D,restricted,203251558,0.004,58c63a68196bddc66383c4d3e332e3e326edecd8c023d2463b0d8179b1d0aae1,60,22,COSMIC_v3.2,3.18.0
SBS1,30.58632989976901,31.699908335807528,0,54.91924961811046,0.93,200,TOV3133G,restricted,15685347,0.004,58c63a68196bddc66383c4d3e332e3e326edecd8c023d2463b0d8179b1d0aae1,60,22,COSMIC_v3.2,3.18.0
SBS10a,0.0518043419541936,0,0,0,0.005,200,TOV3133G,restricted,15685347,0.004,58c63a68196bddc66383c4d3e332e3e326edecd8c023d2463b0d8179b1d0aae1,60,22,COSMIC_v3.2,3.18.0
SBS10b,1.4499934042580211,0,0,14.705345533728568,0.105,200,TOV3133G,restricted,15685347,0.004,58c63a68196bddc66383c4d3e332e3e326edecd8c023d2463b0d8179b1d0aae1,60,22,COSMIC_v3.2,3.18.0
SBS10c,0,0,0,0,0,200,TOV3133G,restricted,15685347,0.004,58c63a68196bddc66383c4d3e332e3e326edecd8c023d2463b0d8179b1d0aae1,60,22,COSMIC_v3.2,3.18.0
SBS10d,0.04985798889110348,0,0,0,0.005,200,TOV3133G,restricted,15685347,0.004,58c63a68196bddc66383c4d3e332e3e326edecd8c023d2463b0d8179b1d0aae1,60,22,COSMIC_v3.2,3.18.0
SBS13,4.717300099145165,0,0,18.880788022558434,0.325,200,TOV3133G,restricted,15685347,0.004,58c63a68196bddc66383c4d3e332e3e326edecd8c023d2463b0d8179b1d0aae1,60,22,COSMIC_v3.2,3.18.0
SBS14,1.5492159388953413,0,0,21.18457988216232,0.075,200,TOV3133G,restricted,15685347,0.004,58c63a68196bddc66383c4d3e332e3e326edecd8c023d2463b0d8179b1d0aae1,60,22,COSMIC_v3.2,3.18.0
SBS15,2.571408246743261,0,0,29.706153018260814,0.11,200,TOV3133G,restricted,15685347,0.004,58c63a68196bddc66383c4d3e332e3e326edecd8c023d2463b0d8179b1d0aae1,60,22,COSMIC_v3.2,3.18.0
SBS17a,0.24590585945750915,0,0,0,0.02,200,TOV3133G,restricted,15685347,0.004,58c63a68196bddc66383c4d3e332e3e326edecd8c023d2463b0d8179b1d0aae1,60,22,COSMIC_v3.2,3.18.0
SBS17b,0,0,0,0,0,200,TOV3133G,restricted,15685347,0.004,58c63a68196bddc66383c4d3e332e3e326edecd8c023d2463b0d8179b1d0aae1,60,22,COSMIC_v3.2,3.18.0
SBS18,19.28872487542017,20.211507798210334,0,53.72928964578316,0.555,200,TOV3133G,restricted,15685347,0.004,58c63a68196bddc66383c4d3e332e3e326edecd8c023d2463b0d8179b1d0aae1,60,22,COSMIC_v3.2,3.18.0
SBS2,1.1643083933903917,0,0,11.81779246399462,0.105,200,TOV3133G,restricted,15685347,0.004,58c63a68196bddc66383c4d3e332e3e326edecd8c023d2463b0d8179b1d0aae1,60,22,COSMIC_v3.2,3.18.0
SBS20,4.478634996943341,0,0,29.42401628328319,0.195,200,TOV3133G,restricted,15685347,0.004,58c63a68196bddc66383c4d3e332e3e326edecd8c023d2463b0d8179b1d0aae1,60,22,COSMIC_v3.2,3.18.0
SBS21,0.22117656590879528,0,0,0,0.015,200,TOV3133G,restricted,15685347,0.004,58c63a68196bddc66383c4d3e332e3e326edecd8c023d2463b0d8179b1d0aae1,60,22,COSMIC_v3.2,3.18.0
SBS26,0.33776365591851143,0,0,0,0.015,200,TOV3133G,restricted,15685347,0.004,58c63a68196bddc66383c4d3e332e3e326edecd8c023d2463b0d8179b1d0aae1,60,22,COSMIC_v3.2,3.18.0
SBS28,0,0,0,0,0,200,TOV3133G,restricted,15685347,0.004,58c63a68196bddc66383c4d3e332e3e326edecd8c023d2463b0d8179b1d0aae1,60,22,COSMIC_v3.2,3.18.0
SBS3,107.47073518623698,102.5034016869676,0,209.7113876232167,0.95,200,TOV3133G,restricted,15685347,0.004,58c63a68196bddc66383c4d3e332e3e326edecd8c023d2463b0d8179b1d0aae1,60,22,COSMIC_v3.2,3.18.0
SBS40,23.36763344033486,0,0,135.54522226268023,0.285,200,TOV3133G,restricted,15685347,0.004,58c63a68196bddc66383c4d3e332e3e326edecd8c023d2463b0d8179b1d0aae1,60,22,COSMIC_v3.2,3.18.0
SBS44,0,0,0,0,0,200,TOV3133G,restricted,15685347,0.004,58c63a68196bddc66383c4d3e332e3e326edecd8c023d2463b0d8179b1d0aae1,60,22,COSMIC_v3.2,3.18.0
SBS5,157.51968044617362,158.07735951282683,66.64262881351729,247.35222910610375,0.995,200,TOV3133G,restricted,15685347,0.004,58c63a68196bddc66383c4d3e332e3e326edecd8c023d2463b0d8179b1d0aae1,60,22,COSMIC_v3.2,3.18.0
SBS6,19.639600296937903,16.17301542382274,0,67.17835427737475,0.535,200,TOV3133G,restricted,15685347,0.004,58c63a68196bddc66383c4d3e332e3e326edecd8c023d2463b0d8179b1d0aae1,60,22,COSMIC_v3.2,3.18.0
SBS8,42.17508181898127,46.50883197668355,0,94.45963441004292,0.76,200,TOV3133G,restricted,15685347,0.004,58c63a68196bddc66383c4d3e332e3e326edecd8c023d2463b0d8179b1d0aae1,60,22,COSMIC_v3.2,3.18.0
SBS1,31.786748682375404,31.633740816463117,14.252962551186219,50.40236321454751,0.995,200,OV3331,restricted,32520021,0.004,58c63a68196bddc66383c4d3e332e3e326edecd8c023d2463b0d8179b1d0aae1,60,22,COSMIC_v3.2,3.18.0
SBS10a,0,0,0,0,0,200,OV3331,restricted,32520021,0.004,58c63a68196bddc66383c4d3e332e3e326edecd8c023d2463b0d8179b1d0aae1,60,22,COSMIC_v3.2,3.18.0
SBS10b,2.5032207734495766,0,0,16.709133574146744,0.2,200,OV3331,restricted,32520021,0.004,58c63a68196bddc66383c4d3e332e3e326edecd8c023d2463b0d8179b1d0aae1,60,22,COSMIC_v3.2,3.18.0
SBS10c,0,0,0,0,0,200,OV3331,restricted,32520021,0.004,58c63a68196bddc66383c4d3e332e3e326edecd8c023d2463b0d8179b1d0aae1,60,22,COSMIC_v3.2,3.18.0
SBS10d,0,0,0,0,0,200,OV3331,restricted,32520021,0.004,58c63a68196bddc66383c4d3e332e3e326edecd8c023d2463b0d8179b1d0aae1,60,22,COSMIC_v3.2,3.18.0
SBS13,0.32253856250549984,0,0,8.698145457388774,0.035,200,OV3331,restricted,32520021,0.004,58c63a68196bddc66383c4d3e332e3e326edecd8c023d2463b0d8179b1d0aae1,60,22,COSMIC_v3.2,3.18.0
SBS14,0,0,0,0,0,200,OV3331,restricted,32520021,0.004,58c63a68196bddc66383c4d3e332e3e326edecd8c023d2463b0d8179b1d0aae1,60,22,COSMIC_v3.2,3.18.0
SBS15,20.77977130718684,21.44922735994819,0,52.45167062937467,0.71,200,OV3331,restricted,32520021,0.004,58c63a68196bddc66383c4d3e332e3e326edecd8c023d2463b0d8179b1d0aae1,60,22,COSMIC_v3.2,3.18.0
SBS17a,4.781137105817157,0,0,17.201107730450587,0.39,200,OV3331,restricted,32520021,0.004,58c63a68196bddc66383c4d3e332e3e326edecd8c023d2463b0d8179b1d0aae1,60,22,COSMIC_v3.2,3.18.0
SBS17b,0,0,0,0,0,200,OV3331,restricted,32520021,0.004,58c63a68196bddc66383c4d3e332e3e326edecd8c023d2463b0d8179b1d0aae1,60,22,COSMIC_v3.2,3.18.0
SBS18,17.007686857143888,17.798849983547193,0,40.69137005364836,0.66,200,OV3331,restricted,32520021,0.004,58c63a68196bddc66383c4d3e332e3e326edecd8c023d2463b0d8179b1d0aae1,60,22,COSMIC_v3.2,3.18.0
SBS2,2.146923542843164,0,0,12.088882810213438,0.225,200,OV3331,restricted,32520021,0.004,58c63a68196bddc66383c4d3e332e3e326edecd8c023d2463b0d8179b1d0aae1,60,22,COSMIC_v3.2,3.18.0
SBS20,0,0,0,0,0,200,OV3331,restricted,32520021,0.004,58c63a68196bddc66383c4d3e332e3e326edecd8c023d2463b0d8179b1d0aae1,60,22,COSMIC_v3.2,3.18.0
SBS21,0.6710799985285724,0,0,14.327866837314076,0.045,200,OV3331,restricted,32520021,0.004,58c63a68196bddc66383c4d3e332e3e326edecd8c023d2463b0d8179b1d0aae1,60,22,COSMIC_v3.2,3.18.0
SBS26,4.653921793722463,0,0,32.87221678327052,0.2,200,OV3331,restricted,32520021,0.004,58c63a68196bddc66383c4d3e332e3e326edecd8c023d2463b0d8179b1d0aae1,60,22,COSMIC_v3.2,3.18.0
SBS28,0,0,0,0,0,200,OV3331,restricted,32520021,0.004,58c63a68196bddc66383c4d3e332e3e326edecd8c023d2463b0d8179b1d0aae1,60,22,COSMIC_v3.2,3.18.0
SBS3,55.72755956210348,55.991018967403335,0,118.3316069498759,0.83,200,OV3331,restricted,32520021,0.004,58c63a68196bddc66383c4d3e332e3e326edecd8c023d2463b0d8179b1d0aae1,60,22,COSMIC_v3.2,3.18.0
SBS40,2.870166689873762,0,0,46.07479732982167,0.05,200,OV3331,restricted,32520021,0.004,58c63a68196bddc66383c4d3e332e3e326edecd8c023d2463b0d8179b1d0aae1,60,22,COSMIC_v3.2,3.18.0
SBS44,0,0,0,0,0,200,OV3331,restricted,32520021,0.004,58c63a68196bddc66383c4d3e332e3e326edecd8c023d2463b0d8179b1d0aae1,60,22,COSMIC_v3.2,3.18.0
SBS5,124.67154053728827,123.58442338902262,55.91142037009772,190.53815179366353,0.99,200,OV3331,restricted,32520021,0.004,58c63a68196bddc66383c4d3e332e3e326edecd8c023d2463b0d8179b1d0aae1,60,22,COSMIC_v3.2,3.18.0
SBS6,9.219657118832147,0,0,50.51692056263955,0.305,200,OV3331,restricted,32520021,0.004,58c63a68196bddc66383c4d3e332e3e326edecd8c023d2463b0d8179b1d0aae1,60,22,COSMIC_v3.2,3.18.0
SBS8,13.247064705814894,0,0,47.78974328365333,0.455,200,OV3331,restricted,32520021,0.004,58c63a68196bddc66383c4d3e332e3e326edecd8c023d2463b0d8179b1d0aae1,60,22,COSMIC_v3.2,3.18.0
SBS1,31.184308655065763,32.818911776436785,0,66.12284917643314,0.82,200,OV90,restricted,19698831,0.004,58c63a68196bddc66383c4d3e332e3e326edecd8c023d2463b0d8179b1d0aae1,60,22,COSMIC_v3.2,3.18.0
SBS10a,0,0,0,0,0,200,OV90,restricted,19698831,0.004,58c63a68196bddc66383c4d3e332e3e326edecd8c023d2463b0d8179b1d0aae1,60,22,COSMIC_v3.2,3.18.0
SBS10b,6.956005489910067,0,0,30.565485661893064,0.325,200,OV90,restricted,19698831,0.004,58c63a68196bddc66383c4d3e332e3e326edecd8c023d2463b0d8179b1d0aae1,60,22,COSMIC_v3.2,3.18.0
SBS10c,0,0,0,0,0,200,OV90,restricted,19698831,0.004,58c63a68196bddc66383c4d3e332e3e326edecd8c023d2463b0d8179b1d0aae1,60,22,COSMIC_v3.2,3.18.0
SBS10d,0,0,0,0,0,200,OV90,restricted,19698831,0.004,58c63a68196bddc66383c4d3e332e3e326edecd8c023d2463b0d8179b1d0aae1,60,22,COSMIC_v3.2,3.18.0
SBS13,0,0,0,0,0,200,OV90,restricted,19698831,0.004,58c63a68196bddc66383c4d3e332e3e326edecd8c023d2463b0d8179b1d0aae1,60,22,COSMIC_v3.2,3.18.0
SBS14,0.10273624768624608,0,0,0,0.005,200,OV90,restricted,19698831,0.004,58c63a68196bddc66383c4d3e332e3e326edecd8c023d2463b0d8179b1d0aae1,60,22,COSMIC_v3.2,3.18.0
SBS15,6.552035697780024,0,0,59.86449952470442,0.14,200,OV90,restricted,19698831,0.004,58c63a68196bddc66383c4d3e332e3e326edecd8c023d2463b0d8179b1d0aae1,60,22,COSMIC_v3.2,3.18.0
SBS17a,0.7115436165555337,0,0,15.280144865290639,0.04,200,OV90,restricted,19698831,0.004,58c63a68196bddc66383c4d3e332e3e326edecd8c023d2463b0d8179b1d0aae1,60,22,COSMIC_v3.2,3.18.0
SBS17b,0,0,0,0,0,200,OV90,restricted,19698831,0.004,58c63a68196bddc66383c4d3e332e3e326edecd8c023d2463b0d8179b1d0aae1,60,22,COSMIC_v3.2,3.18.0
SBS18,14.812999935943523,0,0,55.144327217249845,0.4,200,OV90,restricted,19698831,0.004,58c63a68196bddc66383c4d3e332e3e326edecd8c023d2463b0d8179b1d0aae1,60,22,COSMIC_v3.2,3.18.0
SBS2,1.3859276060043826,0,0,14.984768604333988,0.095,200,OV90,restricted,19698831,0.004,58c63a68196bddc66383c4d3e332e3e326edecd8c023d2463b0d8179b1d0aae1,60,22,COSMIC_v3.2,3.18.0
SBS20,0.5090042203280781,0,0,0,0.02,200,OV90,restricted,19698831,0.004,58c63a68196bddc66383c4d3e332e3e326edecd8c023d2463b0d8179b1d0aae1,60,22,COSMIC_v3.2,3.18.0
SBS21,0.3890066702313841,0,0,0,0.02,200,OV90,restricted,19698831,0.004,58c63a68196bddc66383c4d3e332e3e326edecd8c023d2463b0d8179b1d0aae1,60,22,COSMIC_v3.2,3.18.0
SBS26,2.230484668652381,0,0,34.798174249750616,0.07,200,OV90,restricted,19698831,0.004,58c63a68196bddc66383c4d3e332e3e326edecd8c023d2463b0d8179b1d0aae1,60,22,COSMIC_v3.2,3.18.0
SBS28,0,0,0,0,0,200,OV90,restricted,19698831,0.004,58c63a68196bddc66383c4d3e332e3e326edecd8c023d2463b0d8179b1d0aae1,60,22,COSMIC_v3.2,3.18.0
SBS3,131.54811680766844,137.57895405634258,0,234.42445403267118,0.925,200,OV90,restricted,19698831,0.004,58c63a68196bddc66383c4d3e332e3e326edecd8c023d2463b0d8179b1d0aae1,60,22,COSMIC_v3.2,3.18.0
SBS40,65.73418818740821,45.32219025432754,0,217.19439871978656,0.53,200,OV90,restricted,19698831,0.004,58c63a68196bddc66383c4d3e332e3e326edecd8c023d2463b0d8179b1d0aae1,60,22,COSMIC_v3.2,3.18.0
SBS44,0.8382023279568823,0,0,0,0.015,200,OV90,restricted,19698831,0.004,58c63a68196bddc66383c4d3e332e3e326edecd8c023d2463b0d8179b1d0aae1,60,22,COSMIC_v3.2,3.18.0
SBS5,204.07591608950034,202.01377439373215,90.7455693783156,296.9079254392465,0.995,200,OV90,restricted,19698831,0.004,58c63a68196bddc66383c4d3e332e3e326edecd8c023d2463b0d8179b1d0aae1,60,22,COSMIC_v3.2,3.18.0
SBS6,67.92679782297081,71.59827215331143,0,125.43925745605844,0.9,200,OV90,restricted,19698831,0.004,58c63a68196bddc66383c4d3e332e3e326edecd8c023d2463b0d8179b1d0aae1,60,22,COSMIC_v3.2,3.18.0
SBS8,8.296304092911706,0,0,64.03940725914337,0.19,200,OV90,restricted,19698831,0.004,58c63a68196bddc66383c4d3e332e3e326edecd8c023d2463b0d8179b1d0aae1,60,22,COSMIC_v3.2,3.18.0
SBS1,6.577226647151216,0,0,39.83010636183518,0.225,200,TOV81D,restricted,135736497,0.004,58c63a68196bddc66383c4d3e332e3e326edecd8c023d2463b0d8179b1d0aae1,60,22,COSMIC_v3.2,3.18.0
SBS10a,0,0,0,0,0,200,TOV81D,restricted,135736497,0.004,58c63a68196bddc66383c4d3e332e3e326edecd8c023d2463b0d8179b1d0aae1,60,22,COSMIC_v3.2,3.18.0
SBS10b,4.420741018680425,0,0,25.806093865577033,0.215,200,TOV81D,restricted,135736497,0.004,58c63a68196bddc66383c4d3e332e3e326edecd8c023d2463b0d8179b1d0aae1,60,22,COSMIC_v3.2,3.18.0
SBS10c,0,0,0,0,0,200,TOV81D,restricted,135736497,0.004,58c63a68196bddc66383c4d3e332e3e326edecd8c023d2463b0d8179b1d0aae1,60,22,COSMIC_v3.2,3.18.0
SBS10d,0,0,0,0,0,200,TOV81D,restricted,135736497,0.004,58c63a68196bddc66383c4d3e332e3e326edecd8c023d2463b0d8179b1d0aae1,60,22,COSMIC_v3.2,3.18.0
SBS13,0.169933534018176,0,0,0,0.01,200,TOV81D,restricted,135736497,0.004,58c63a68196bddc66383c4d3e332e3e326edecd8c023d2463b0d8179b1d0aae1,60,22,COSMIC_v3.2,3.18.0
SBS14,7.095532299067037,0,0,40.24729509948885,0.23,200,TOV81D,restricted,135736497,0.004,58c63a68196bddc66383c4d3e332e3e326edecd8c023d2463b0d8179b1d0aae1,60,22,COSMIC_v3.2,3.18.0
SBS15,0.6712569773974983,0,0,0,0.02,200,TOV81D,restricted,135736497,0.004,58c63a68196bddc66383c4d3e332e3e326edecd8c023d2463b0d8179b1d0aae1,60,22,COSMIC_v3.2,3.18.0
SBS17a,0,0,0,0,0,200,TOV81D,restricted,135736497,0.004,58c63a68196bddc66383c4d3e332e3e326edecd8c023d2463b0d8179b1d0aae1,60,22,COSMIC_v3.2,3.18.0
SBS17b,0,0,0,0,0,200,TOV81D,restricted,135736497,0.004,58c63a68196bddc66383c4d3e332e3e326edecd8c023d2463b0d8179b1d0aae1,60,22,COSMIC_v3.2,3.18.0
SBS18,68.7553514958972,68.5721374670065,22.182768492465453,104.86685973127784,0.975,200,TOV81D,restricted,135736497,0.004,58c63a68196bddc66383c4d3e332e3e326edecd8c023d2463b0d8179b1d0aae1,60,22,COSMIC_v3.2,3.18.0
SBS2,0.18348583124582982,0,0,0,0.015,200,TOV81D,restricted,135736497,0.004,58c63a68196bddc66383c4d3e332e3e326edecd8c023d2463b0d8179b1d0aae1,60,22,COSMIC_v3.2,3.18.0
SBS20,6.107417589600973,0,0,37.24427664563537,0.195,200,TOV81D,restricted,135736497,0.004,58c63a68196bddc66383c4d3e332e3e326edecd8c023d2463b0d8179b1d0aae1,60,22,COSMIC_v3.2,3.18.0
SBS21,2.112666418810921,0,0,28.109346340668207,0.08,200,TOV81D,restricted,135736497,0.004,58c63a68196bddc66383c4d3e332e3e326edecd8c023d2463b0d8179b1d0aae1,60,22,COSMIC_v3.2,3.18.0
SBS26,0.8833518225955155,0,0,0,0.02,200,TOV81D,restricted,135736497,0.004,58c63a68196bddc66383c4d3e332e3e326edecd8c023d2463b0d8179b1d0aae1,60,22,COSMIC_v3.2,3.18.0
SBS28,0.07204518290209838,0,0,0,0.005,200,TOV81D,restricted,135736497,0.004,58c63a68196bddc66383c4d3e332e3e326edecd8c023d2463b0d8179b1d0aae1,60,22,COSMIC_v3.2,3.18.0
SBS3,144.09121562279842,150.41079125374597,37.28447022573185,234.92327923579924,0.98,200,TOV81D,restricted,135736497,0.004,58c63a68196bddc66383c4d3e332e3e326edecd8c023d2463b0d8179b1d0aae1,60,22,COSMIC_v3.2,3.18.0
SBS40,1.139600846876208,0,0,0,0.02,200,TOV81D,restricted,135736497,0.004,58c63a68196bddc66383c4d3e332e3e326edecd8c023d2463b0d8179b1d0aae1,60,22,COSMIC_v3.2,3.18.0
SBS44,1.791460940619228,0,0,27.943125600446322,0.03,200,TOV81D,restricted,135736497,0.004,58c63a68196bddc66383c4d3e332e3e326edecd8c023d2463b0d8179b1d0aae1,60,22,COSMIC_v3.2,3.18.0
SBS5,238.48621629516003,238.75221877340329,148.5710090993523,331.1541384317802,1,200,TOV81D,restricted,135736497,0.004,58c63a68196bddc66383c4d3e332e3e326edecd8c023d2463b0d8179b1d0aae1,60,22,COSMIC_v3.2,3.18.0
SBS6,56.637914067349506,62.044328431566576,0,94.04184178486278,0.86,200,TOV81D,restricted,135736497,0.004,58c63a68196bddc66383c4d3e332e3e326edecd8c023d2463b0d8179b1d0aae1,60,22,COSMIC_v3.2,3.18.0
SBS8,33.86397070731712,31.42040280860739,0,99.81406101681127,0.555,200,TOV81D,restricted,135736497,0.004,58c63a68196bddc66383c4d3e332e3e326edecd8c023d2463b0d8179b1d0aae1,60,22,COSMIC_v3.2,3.18.0
SBS1,2.11001639947993,0,0,0,0.01,200,TOV21G,restricted,81328936,0.004,58c63a68196bddc66383c4d3e332e3e326edecd8c023d2463b0d8179b1d0aae1,60,22,COSMIC_v3.2,3.18.0
SBS10a,0,0,0,0,0,200,TOV21G,restricted,81328936,0.004,58c63a68196bddc66383c4d3e332e3e326edecd8c023d2463b0d8179b1d0aae1,60,22,COSMIC_v3.2,3.18.0
SBS10b,0,0,0,0,0,200,TOV21G,restricted,81328936,0.004,58c63a68196bddc66383c4d3e332e3e326edecd8c023d2463b0d8179b1d0aae1,60,22,COSMIC_v3.2,3.18.0
SBS10c,0,0,0,0,0,200,TOV21G,restricted,81328936,0.004,58c63a68196bddc66383c4d3e332e3e326edecd8c023d2463b0d8179b1d0aae1,60,22,COSMIC_v3.2,3.18.0
SBS10d,0,0,0,0,0,200,TOV21G,restricted,81328936,0.004,58c63a68196bddc66383c4d3e332e3e326edecd8c023d2463b0d8179b1d0aae1,60,22,COSMIC_v3.2,3.18.0
SBS13,0,0,0,0,0,200,TOV21G,restricted,81328936,0.004,58c63a68196bddc66383c4d3e332e3e326edecd8c023d2463b0d8179b1d0aae1,60,22,COSMIC_v3.2,3.18.0
SBS14,1.0147091269898698,0,0,0,0.005,200,TOV21G,restricted,81328936,0.004,58c63a68196bddc66383c4d3e332e3e326edecd8c023d2463b0d8179b1d0aae1,60,22,COSMIC_v3.2,3.18.0
SBS15,211.27449717777515,260.42609639790965,0,425.2978826925157,0.705,200,TOV21G,restricted,81328936,0.004,58c63a68196bddc66383c4d3e332e3e326edecd8c023d2463b0d8179b1d0aae1,60,22,COSMIC_v3.2,3.18.0
SBS17a,1.020957858183288,0,0,0,0.01,200,TOV21G,restricted,81328936,0.004,58c63a68196bddc66383c4d3e332e3e326edecd8c023d2463b0d8179b1d0aae1,60,22,COSMIC_v3.2,3.18.0
SBS17b,0,0,0,0,0,200,TOV21G,restricted,81328936,0.004,58c63a68196bddc66383c4d3e332e3e326edecd8c023d2463b0d8179b1d0aae1,60,22,COSMIC_v3.2,3.18.0
SBS18,0,0,0,0,0,200,TOV21G,restricted,81328936,0.004,58c63a68196bddc66383c4d3e332e3e326edecd8c023d2463b0d8179b1d0aae1,60,22,COSMIC_v3.2,3.18.0
SBS2,0,0,0,0,0,200,TOV21G,restricted,81328936,0.004,58c63a68196bddc66383c4d3e332e3e326edecd8c023d2463b0d8179b1d0aae1,60,22,COSMIC_v3.2,3.18.0
SBS20,247.86954590415965,262.08967704910003,0,435.9829591445281,0.845,200,TOV21G,restricted,81328936,0.004,58c63a68196bddc66383c4d3e332e3e326edecd8c023d2463b0d8179b1d0aae1,60,22,COSMIC_v3.2,3.18.0
SBS21,0,0,0,0,0,200,TOV21G,restricted,81328936,0.004,58c63a68196bddc66383c4d3e332e3e326edecd8c023d2463b0d8179b1d0aae1,60,22,COSMIC_v3.2,3.18.0
SBS26,9.079675440800257,0,0,248.18712157258742,0.03,200,TOV21G,restricted,81328936,0.004,58c63a68196bddc66383c4d3e332e3e326edecd8c023d2463b0d8179b1d0aae1,60,22,COSMIC_v3.2,3.18.0
SBS28,0,0,0,0,0,200,TOV21G,restricted,81328936,0.004,58c63a68196bddc66383c4d3e332e3e326edecd8c023d2463b0d8179b1d0aae1,60,22,COSMIC_v3.2,3.18.0
SBS3,12.451430367243685,0,0,248.78494654406808,0.04,200,TOV21G,restricted,81328936,0.004,58c63a68196bddc66383c4d3e332e3e326edecd8c023d2463b0d8179b1d0aae1,60,22,COSMIC_v3.2,3.18.0
SBS40,13.136167974487119,0,0,5.99571844801072,0.025,200,TOV21G,restricted,81328936,0.004,58c63a68196bddc66383c4d3e332e3e326edecd8c023d2463b0d8179b1d0aae1,60,22,COSMIC_v3.2,3.18.0
SBS44,328.05019426229774,339.4116266374215,0,711.1127447709711,0.805,200,TOV21G,restricted,81328936,0.004,58c63a68196bddc66383c4d3e332e3e326edecd8c023d2463b0d8179b1d0aae1,60,22,COSMIC_v3.2,3.18.0
SBS5,814.960220812772,835.7699906349394,408.3016703241188,1016.2287710348922,0.975,200,TOV21G,restricted,81328936,0.004,58c63a68196bddc66383c4d3e332e3e326edecd8c023d2463b0d8179b1d0aae1,60,22,COSMIC_v3.2,3.18.0
SBS6,690.2497951532698,658.24183292562,462.2124562272703,1002.7063591223941,0.995,200,TOV21G,restricted,81328936,0.004,58c63a68196bddc66383c4d3e332e3e326edecd8c023d2463b0d8179b1d0aae1,60,22,COSMIC_v3.2,3.18.0
SBS8,0,0,0,0,0,200,TOV21G,restricted,81328936,0.004,58c63a68196bddc66383c4d3e332e3e326edecd8c023d2463b0d8179b1d0aae1,60,22,COSMIC_v3.2,3.18.0
SBS1,21.901243584373127,23.443329162423673,0,48.67768821761541,0.775,200,TOV3392D,restricted,252216489,0.004,58c63a68196bddc66383c4d3e332e3e326edecd8c023d2463b0d8179b1d0aae1,60,22,COSMIC_v3.2,3.18.0
SBS10a,0,0,0,0,0,200,TOV3392D,restricted,252216489,0.004,58c63a68196bddc66383c4d3e332e3e326edecd8c023d2463b0d8179b1d0aae1,60,22,COSMIC_v3.2,3.18.0
SBS10b,1.5202305210729987,0,0,15.643147190867012,0.105,200,TOV3392D,restricted,252216489,0.004,58c63a68196bddc66383c4d3e332e3e326edecd8c023d2463b0d8179b1d0aae1,60,22,COSMIC_v3.2,3.18.0
SBS10c,0,0,0,0,0,200,TOV3392D,restricted,252216489,0.004,58c63a68196bddc66383c4d3e332e3e326edecd8c023d2463b0d8179b1d0aae1,60,22,COSMIC_v3.2,3.18.0
SBS10d,0,0,0,0,0,200,TOV3392D,restricted,252216489,0.004,58c63a68196bddc66383c4d3e332e3e326edecd8c023d2463b0d8179b1d0aae1,60,22,COSMIC_v3.2,3.18.0
SBS13,12.568848527071763,14.702860870465033,0,25.802275808948952,0.74,200,TOV3392D,restricted,252216489,0.004,58c63a68196bddc66383c4d3e332e3e326edecd8c023d2463b0d8179b1d0aae1,60,22,COSMIC_v3.2,3.18.0
SBS14,15.029967339549644,17.020082694705177,0,38.69752909279387,0.615,200,TOV3392D,restricted,252216489,0.004,58c63a68196bddc66383c4d3e332e3e326edecd8c023d2463b0d8179b1d0aae1,60,22,COSMIC_v3.2,3.18.0
SBS15,8.684988114285645,0,0,50.951865193240394,0.265,200,TOV3392D,restricted,252216489,0.004,58c63a68196bddc66383c4d3e332e3e326edecd8c023d2463b0d8179b1d0aae1,60,22,COSMIC_v3.2,3.18.0
SBS17a,0.3342279765497612,0,0,0.2318866813328353,0.025,200,TOV3392D,restricted,252216489,0.004,58c63a68196bddc66383c4d3e332e3e326edecd8c023d2463b0d8179b1d0aae1,60,22,COSMIC_v3.2,3.18.0
SBS17b,0,0,0,0,0,200,TOV3392D,restricted,252216489,0.004,58c63a68196bddc66383c4d3e332e3e326edecd8c023d2463b0d8179b1d0aae1,60,22,COSMIC_v3.2,3.18.0
SBS18,40.252185864569434,40.50661844403896,0,79.24806588205473,0.895,200,TOV3392D,restricted,252216489,0.004,58c63a68196bddc66383c4d3e332e3e326edecd8c023d2463b0d8179b1d0aae1,60,22,COSMIC_v3.2,3.18.0
SBS2,7.873770374220267,9.691520562477795,0,21.243283719934393,0.58,200,TOV3392D,restricted,252216489,0.004,58c63a68196bddc66383c4d3e332e3e326edecd8c023d2463b0d8179b1d0aae1,60,22,COSMIC_v3.2,3.18.0
SBS20,1.592112012985903,0,0,23.168021439342205,0.065,200,TOV3392D,restricted,252216489,0.004,58c63a68196bddc66383c4d3e332e3e326edecd8c023d2463b0d8179b1d0aae1,60,22,COSMIC_v3.2,3.18.0
SBS21,0.5018119505526014,0,0,9.631493723198751,0.03,200,TOV3392D,restricted,252216489,0.004,58c63a68196bddc66383c4d3e332e3e326edecd8c023d2463b0d8179b1d0aae1,60,22,COSMIC_v3.2,3.18.0
SBS26,1.7549507136758427,0,0,29.10845544970485,0.065,200,TOV3392D,restricted,252216489,0.004,58c63a68196bddc66383c4d3e332e3e326edecd8c023d2463b0d8179b1d0aae1,60,22,COSMIC_v3.2,3.18.0
SBS28,0.48201778784482885,0,0,11.123320247282022,0.04,200,TOV3392D,restricted,252216489,0.004,58c63a68196bddc66383c4d3e332e3e326edecd8c023d2463b0d8179b1d0aae1,60,22,COSMIC_v3.2,3.18.0
SBS3,84.5030605871383,86.29710795964085,0,164.62071915835267,0.91,200,TOV3392D,restricted,252216489,0.004,58c63a68196bddc66383c4d3e332e3e326edecd8c023d2463b0d8179b1d0aae1,60,22,COSMIC_v3.2,3.18.0
SBS40,25.04632644753244,0,0,146.7137887431059,0.28,200,TOV3392D,restricted,252216489,0.004,58c63a68196bddc66383c4d3e332e3e326edecd8c023d2463b0d8179b1d0aae1,60,22,COSMIC_v3.2,3.18.0
SBS44,0,0,0,0,0,200,TOV3392D,restricted,252216489,0.004,58c63a68196bddc66383c4d3e332e3e326edecd8c023d2463b0d8179b1d0aae1,60,22,COSMIC_v3.2,3.18.0
SBS5,124.20637365605904,126.01654414137941,45.836634816976726,212.85518325301433,0.985,200,TOV3392D,restricted,252216489,0.004,58c63a68196bddc66383c4d3e332e3e326edecd8c023d2463b0d8179b1d0aae1,60,22,COSMIC_v3.2,3.18.0
SBS6,53.13075942819337,53.137846174122465,0,105.9553868331952,0.915,200,TOV3392D,restricted,252216489,0.004,58c63a68196bddc66383c4d3e332e3e326edecd8c023d2463b0d8179b1d0aae1,60,22,COSMIC_v3.2,3.18.0
SBS8,5.954667729882907,0,0,42.0519352032516,0.235,200,TOV3392D,restricted,252216489,0.004,58c63a68196bddc66383c4d3e332e3e326edecd8c023d2463b0d8179b1d0aae1,60,22,COSMIC_v3.2,3.18.0
SBS1,21.4691680654202,22.082265742935483,0,36.2645326311699,0.92,200,TOV112D,restricted,132562500,0.004,58c63a68196bddc66383c4d3e332e3e326edecd8c023d2463b0d8179b1d0aae1,60,22,COSMIC_v3.2,3.18.0
SBS10a,0,0,0,0,0,200,TOV112D,restricted,132562500,0.004,58c63a68196bddc66383c4d3e332e3e326edecd8c023d2463b0d8179b1d0aae1,60,22,COSMIC_v3.2,3.18.0
SBS10b,3.244855556333927,0,0,19.770864264968065,0.23,200,TOV112D,restricted,132562500,0.004,58c63a68196bddc66383c4d3e332e3e326edecd8c023d2463b0d8179b1d0aae1,60,22,COSMIC_v3.2,3.18.0
SBS10c,0,0,0,0,0,200,TOV112D,restricted,132562500,0.004,58c63a68196bddc66383c4d3e332e3e326edecd8c023d2463b0d8179b1d0aae1,60,22,COSMIC_v3.2,3.18.0
SBS10d,0,0,0,0,0,200,TOV112D,restricted,132562500,0.004,58c63a68196bddc66383c4d3e332e3e326edecd8c023d2463b0d8179b1d0aae1,60,22,COSMIC_v3.2,3.18.0
SBS13,0,0,0,0,0,200,TOV112D,restricted,132562500,0.004,58c63a68196bddc66383c4d3e332e3e326edecd8c023d2463b0d8179b1d0aae1,60,22,COSMIC_v3.2,3.18.0
SBS14,0.6410124851094307,0,0,13.29647904763675,0.045,200,TOV112D,restricted,132562500,0.004,58c63a68196bddc66383c4d3e332e3e326edecd8c023d2463b0d8179b1d0aae1,60,22,COSMIC_v3.2,3.18.0
SBS15,19.050793376435166,19.92570731021627,0,49.27666186612139,0.6,200,TOV112D,restricted,132562500,0.004,58c63a68196bddc66383c4d3e332e3e326edecd8c023d2463b0d8179b1d0aae1,60,22,COSMIC_v3.2,3.18.0
SBS17a,6.210178197372601,0,0,21.174133404048728,0.45,200,TOV112D,restricted,132562500,0.004,58c63a68196bddc66383c4d3e332e3e326edecd8c023d2463b0d8179b1d0aae1,60,22,COSMIC_v3.2,3.18.0
SBS17b,0.3884408582957603,0,0,8.239666879873845,0.045,200,TOV112D,restricted,132562500,0.004,58c63a68196bddc66383c4d3e332e3e326edecd8c023d2463b0d8179b1d0aae1,60,22,COSMIC_v3.2,3.18.0
SBS18,45.96464936948144,47.75753937770366,12.78161309204235,73.80792933487216,0.98,200,TOV112D,restricted,132562500,0.004,58c63a68196bddc66383c4d3e332e3e326edecd8c023d2463b0d8179b1d0aae1,60,22,COSMIC_v3.2,3.18.0
SBS2,2.2676577298656713,0,0,12.07606789913992,0.24,200,TOV112D,restricted,132562500,0.004,58c63a68196bddc66383c4d3e332e3e326edecd8c023d2463b0d8179b1d0aae1,60,22,COSMIC_v3.2,3.18.0
SBS20,0.317073527955838,0,0,0.2307549059659494,0.025,200,TOV112D,restricted,132562500,0.004,58c63a68196bddc66383c4d3e332e3e326edecd8c023d2463b0d8179b1d0aae1,60,22,COSMIC_v3.2,3.18.0
SBS21,0.36244814688757054,0,0,0.2369065151299119,0.025,200,TOV112D,restricted,132562500,0.004,58c63a68196bddc66383c4d3e332e3e326edecd8c023d2463b0d8179b1d0aae1,60,22,COSMIC_v3.2,3.18.0
SBS26,2.057543319528106,0,0,27.765119532246516,0.085,200,TOV112D,restricted,132562500,0.004,58c63a68196bddc66383c4d3e332e3e326edecd8c023d2463b0d8179b1d0aae1,60,22,COSMIC_v3.2,3.18.0
SBS28,0,0,0,0,0,200,TOV112D,restricted,132562500,0.004,58c63a68196bddc66383c4d3e332e3e326edecd8c023d2463b0d8179b1d0aae1,60,22,COSMIC_v3.2,3.18.0
SBS3,15.517402211244713,0,0,75.35024311318239,0.39,200,TOV112D,restricted,132562500,0.004,58c63a68196bddc66383c4d3e332e3e326edecd8c023d2463b0d8179b1d0aae1,60,22,COSMIC_v3.2,3.18.0
SBS40,17.230307529411697,0,0,95.42618116461387,0.295,200,TOV112D,restricted,132562500,0.004,58c63a68196bddc66383c4d3e332e3e326edecd8c023d2463b0d8179b1d0aae1,60,22,COSMIC_v3.2,3.18.0
SBS44,0,0,0,0,0,200,TOV112D,restricted,132562500,0.004,58c63a68196bddc66383c4d3e332e3e326edecd8c023d2463b0d8179b1d0aae1,60,22,COSMIC_v3.2,3.18.0
SBS5,148.02043195908192,146.19721817177697,72.92657348470524,211.49419661351163,1,200,TOV112D,restricted,132562500,0.004,58c63a68196bddc66383c4d3e332e3e326edecd8c023d2463b0d8179b1d0aae1,60,22,COSMIC_v3.2,3.18.0
SBS6,15.851886959752997,0,0,62.85451076833695,0.44,200,TOV112D,restricted,132562500,0.004,58c63a68196bddc66383c4d3e332e3e326edecd8c023d2463b0d8179b1d0aae1,60,22,COSMIC_v3.2,3.18.0
SBS8,16.75807315404318,12.257905031842188,0,54.76053186997394,0.535,200,TOV112D,restricted,132562500,0.004,58c63a68196bddc66383c4d3e332e3e326edecd8c023d2463b0d8179b1d0aae1,60,22,COSMIC_v3.2,3.18.0
SBS1,28.538237114975175,28.62246698150919,0,58.3973371647206,0.875,200,TOV2414,restricted,224828282,0.004,58c63a68196bddc66383c4d3e332e3e326edecd8c023d2463b0d8179b1d0aae1,60,22,COSMIC_v3.2,3.18.0
SBS10a,0,0,0,0,0,200,TOV2414,restricted,224828282,0.004,58c63a68196bddc66383c4d3e332e3e326edecd8c023d2463b0d8179b1d0aae1,60,22,COSMIC_v3.2,3.18.0
SBS10b,2.1305468255933224,0,0,17.577477085453975,0.16,200,TOV2414,restricted,224828282,0.004,58c63a68196bddc66383c4d3e332e3e326edecd8c023d2463b0d8179b1d0aae1,60,22,COSMIC_v3.2,3.18.0
SBS10c,0,0,0,0,0,200,TOV2414,restricted,224828282,0.004,58c63a68196bddc66383c4d3e332e3e326edecd8c023d2463b0d8179b1d0aae1,60,22,COSMIC_v3.2,3.18.0
SBS10d,0,0,0,0,0,200,TOV2414,restricted,224828282,0.004,58c63a68196bddc66383c4d3e332e3e326edecd8c023d2463b0d8179b1d0aae1,60,22,COSMIC_v3.2,3.18.0
SBS13,0,0,0,0,0,200,TOV2414,restricted,224828282,0.004,58c63a68196bddc66383c4d3e332e3e326edecd8c023d2463b0d8179b1d0aae1,60,22,COSMIC_v3.2,3.18.0
SBS14,2.041326558065512,0,0,23.337790609682912,0.1,200,TOV2414,restricted,224828282,0.004,58c63a68196bddc66383c4d3e332e3e326edecd8c023d2463b0d8179b1d0aae1,60,22,COSMIC_v3.2,3.18.0
SBS15,1.418242831733457,0,0,24.71402766459664,0.06,200,TOV2414,restricted,224828282,0.004,58c63a68196bddc66383c4d3e332e3e326edecd8c023d2463b0d8179b1d0aae1,60,22,COSMIC_v3.2,3.18.0
SBS17a,0.055283326316901034,0,0,0,0.005,200,TOV2414,restricted,224828282,0.004,58c63a68196bddc66383c4d3e332e3e326edecd8c023d2463b0d8179b1d0aae1,60,22,COSMIC_v3.2,3.18.0
SBS17b,0,0,0,0,0,200,TOV2414,restricted,224828282,0.004,58c63a68196bddc66383c4d3e332e3e326edecd8c023d2463b0d8179b1d0aae1,60,22,COSMIC_v3.2,3.18.0
SBS18,44.15519628541532,44.24402019369386,0,72.52404307143819,0.955,200,TOV2414,restricted,224828282,0.004,58c63a68196bddc66383c4d3e332e3e326edecd8c023d2463b0d8179b1d0aae1,60,22,COSMIC_v3.2,3.18.0
SBS2,4.566779871893157,0,0,17.71586372356283,0.345,200,TOV2414,restricted,224828282,0.004,58c63a68196bddc66383c4d3e332e3e326edecd8c023d2463b0d8179b1d0aae1,60,22,COSMIC_v3.2,3.18.0
SBS20,4.406551554147349,0,0,31.26052366628858,0.19,200,TOV2414,restricted,224828282,0.004,58c63a68196bddc66383c4d3e332e3e326edecd8c023d2463b0d8179b1d0aae1,60,22,COSMIC_v3.2,3.18.0
SBS21,0,0,0,0,0,200,TOV2414,restricted,224828282,0.004,58c63a68196bddc66383c4d3e332e3e326edecd8c023d2463b0d8179b1d0aae1,60,22,COSMIC_v3.2,3.18.0
SBS26,0.4396240634707253,0,0,0,0.02,200,TOV2414,restricted,224828282,0.004,58c63a68196bddc66383c4d3e332e3e326edecd8c023d2463b0d8179b1d0aae1,60,22,COSMIC_v3.2,3.18.0
SBS28,0,0,0,0,0,200,TOV2414,restricted,224828282,0.004,58c63a68196bddc66383c4d3e332e3e326edecd8c023d2463b0d8179b1d0aae1,60,22,COSMIC_v3.2,3.18.0
SBS3,53.72172060386504,55.20763732473633,0,128.10576275989027,0.745,200,TOV2414,restricted,224828282,0.004,58c63a68196bddc66383c4d3e332e3e326edecd8c023d2463b0d8179b1d0aae1,60,22,COSMIC_v3.2,3.18.0
SBS40,42.800266473982006,22.700850297503216,0,144.87893882799054,0.545,200,TOV2414,restricted,224828282,0.004,58c63a68196bddc66383c4d3e332e3e326edecd8c023d2463b0d8179b1d0aae1,60,22,COSMIC_v3.2,3.18.0
SBS44,0,0,0,0,0,200,TOV2414,restricted,224828282,0.004,58c63a68196bddc66383c4d3e332e3e326edecd8c023d2463b0d8179b1d0aae1,60,22,COSMIC_v3.2,3.18.0
SBS5,142.00612545712153,137.85253838210843,57.02542734245978,234.2496108908471,0.995,200,TOV2414,restricted,224828282,0.004,58c63a68196bddc66383c4d3e332e3e326edecd8c023d2463b0d8179b1d0aae1,60,22,COSMIC_v3.2,3.18.0
SBS6,36.76270965453015,39.25572674776447,0,85.58356144929995,0.795,200,TOV2414,restricted,224828282,0.004,58c63a68196bddc66383c4d3e332e3e326edecd8c023d2463b0d8179b1d0aae1,60,22,COSMIC_v3.2,3.18.0
SBS8,2.669603712148517,0,0,30.1426920961216,0.11,200,TOV2414,restricted,224828282,0.004,58c63a68196bddc66383c4d3e332e3e326edecd8c023d2463b0d8179b1d0aae1,60,22,COSMIC_v3.2,3.18.0
