source_id,role,model_or_reference,project_path,bundle_relative_path,sha256,bytes,original_cluster_path,inventory_sha256,inventory_hash_match,availability
WQC0001,canonical patient mapping,,metadata/line_family_map.csv,,71bc6988ad666da65d4551d48f6640b985bcf905e5a3c5172086b623d3237048,3378,,,,present
WQC0002,audited WES model/sample/passages,,reports/audit_2026-09-05/wes_cluster_models.csv,,1a9007cc96c53dfdebe98f595f90b2eaaede4e3f891f6e7100c0c2340c797ed3,3296,,,,present
WQC0003,audited 23-model variant input manifest,,output/wes_input_manifest.csv,,da2fd3e2c6473dec5d3cff4494ca85f658fd53f52046c78d980ad80f78c2034d,6973,,,,present
WQC0004,Sarek input samplesheet,,data/cluster_wes_retrieval/2026-09-05/ovcan_human_wes_handoff_2026-09-05/scratch_archive_extract/samplesheet.csv,scratch_archive_extract/samplesheet.csv,bb760df4c001967ca73afd00df957eb58cf2c44968458293bf6492b31924d03a,3247,/project/6090753/active/ovcan_gq_analysis/ovcan.tar.gz::ovcan/samplesheet.csv,bb760df4c001967ca73afd00df957eb58cf2c44968458293bf6492b31924d03a,True,present
WQC0005,cluster recovery checksum inventory,,data/cluster_wes_retrieval/2026-09-05/ovcan_human_wes_handoff_2026-09-05/recovery/file_inventory.tsv,recovery/file_inventory.tsv,1d2f67455e57d0feac01e8b4a633f57eaea53f0e299d83fbfe3aa7b469fccd37,1402140,,,,present
WQC0006,mosdepth --by BED; overlaps retained,,data/cluster_wes_retrieval/2026-09-05/ovcan_human_wes_handoff_2026-09-05/scratch_archive_extract/intervals_sorted.bed,scratch_archive_extract/intervals_sorted.bed,a6dea4882ab9518a33b268145d7dbcfba9cf3fac43a6b87a2727a46b91ee30d4,12069837,/project/6090753/active/ovcan_gq_analysis/ovcan.tar.gz::ovcan/intervals_sorted.bed,a6dea4882ab9518a33b268145d7dbcfba9cf3fac43a6b87a2727a46b91ee30d4,True,present
WQC0007,"CNVkit target bins, distinct from mosdepth BED",,data/cluster_wes_retrieval/2026-09-05/ovcan_human_wes_handoff_2026-09-05/scratch_archive_extract/intervals_sorted.target.bed,scratch_archive_extract/intervals_sorted.target.bed,2177970ffdbc933e488067f812e3ae4760310bd9a40fadf4e2fa5389480d955d,13941386,/project/6090753/active/ovcan_gq_analysis/ovcan.tar.gz::ovcan/intervals_sorted.target.bed,2177970ffdbc933e488067f812e3ae4760310bd9a40fadf4e2fa5389480d955d,True,present
WQC0008,executed mosdepth command; representative md task,,data/cluster_wes_retrieval/2026-09-05/ovcan_human_wes_handoff_2026-09-05/sarek_3.5.1_run/task_evidence/oct23_MOSDEPTH_TOV2929D_P57.8a_9b1aebff5685ee50f2b444b1aeb329/.command.sh,sarek_3.5.1_run/task_evidence/oct23_MOSDEPTH_TOV2929D_P57.8a_9b1aebff5685ee50f2b444b1aeb329/.command.sh,6f4abc0a169677e56f72f827fb45d28bfcdcd3a175e48655613e4aabc80ef0a4,401,/project/6090753/active/ovcan_gq_analysis/work/8a/9b1aebff5685ee50f2b444b1aeb329/.command.sh,6f4abc0a169677e56f72f827fb45d28bfcdcd3a175e48655613e4aabc80ef0a4,True,present
WQC0009,executed mosdepth version,,data/cluster_wes_retrieval/2026-09-05/ovcan_human_wes_handoff_2026-09-05/sarek_3.5.1_run/task_evidence/oct23_MOSDEPTH_TOV2929D_P57.8a_9b1aebff5685ee50f2b444b1aeb329/versions.yml,sarek_3.5.1_run/task_evidence/oct23_MOSDEPTH_TOV2929D_P57.8a_9b1aebff5685ee50f2b444b1aeb329/versions.yml,9ca59478b66feee92551853c77011f40fe0bd37d8c4a7e14fe8c5ed7b328cf24,96,/project/6090753/active/ovcan_gq_analysis/work/8a/9b1aebff5685ee50f2b444b1aeb329/versions.yml,9ca59478b66feee92551853c77011f40fe0bd37d8c4a7e14fe8c5ed7b328cf24,True,present
WQC0010,executed ApplyBQSR command showing interval restriction,,data/cluster_wes_retrieval/2026-09-05/ovcan_human_wes_handoff_2026-09-05/sarek_3.5.1_run/task_evidence/oct23_GATK4_APPLYBQSR_TOV3133G_P65.e6_837d6187fe22af3b4a1bc2231f1341/.command.sh,sarek_3.5.1_run/task_evidence/oct23_GATK4_APPLYBQSR_TOV3133G_P65.e6_837d6187fe22af3b4a1bc2231f1341/.command.sh,e57d85a79613fb2ce505c66d8749f99464818ab9ee7e56f1cd60737f460d9c82,549,/project/6090753/active/ovcan_gq_analysis/work/e6/837d6187fe22af3b4a1bc2231f1341/.command.sh,e57d85a79613fb2ce505c66d8749f99464818ab9ee7e56f1cd60737f460d9c82,True,present
WQC0011,MultiQC-preserved raw fastp JSON fields; original JSONs omitted from bundle,,data/cluster_wes_retrieval/2026-09-05/ovcan_human_wes_handoff_2026-09-05/sarek_3.5.1_run/multiqc/multiqc_data/multiqc_fastp.txt,sarek_3.5.1_run/multiqc/multiqc_data/multiqc_fastp.txt,0b59c3a76b8f5bebdf56e48d90581831c2f5000430ecddf6a770bee2c131d02a,2743579,/project/6090753/active/ovcan_gq_analysis/wes_sarek_results_20251022/multiqc/multiqc_data/multiqc_fastp.txt,0b59c3a76b8f5bebdf56e48d90581831c2f5000430ecddf6a770bee2c131d02a,True,present
WQC0012,MultiQC JSON cross-check of raw fastp records and report date,,data/cluster_wes_retrieval/2026-09-05/ovcan_human_wes_handoff_2026-09-05/sarek_3.5.1_run/multiqc/multiqc_data/multiqc_data.json,sarek_3.5.1_run/multiqc/multiqc_data/multiqc_data.json,0dec3fa243c9fa75a2ed6ab0a1e7582237ae4cc2460a07b8bb597a67402064a6,32917943,/project/6090753/active/ovcan_gq_analysis/wes_sarek_results_20251022/multiqc/multiqc_data/multiqc_data.json,0dec3fa243c9fa75a2ed6ab0a1e7582237ae4cc2460a07b8bb597a67402064a6,True,present
WQC0013,MultiQC original report source/sample associations,,data/cluster_wes_retrieval/2026-09-05/ovcan_human_wes_handoff_2026-09-05/sarek_3.5.1_run/multiqc/multiqc_data/multiqc_sources.txt,sarek_3.5.1_run/multiqc/multiqc_data/multiqc_sources.txt,8621be07177d866e94f60f337bf9fa2c9a2bd5e8e814ed56cefc1e72a713c5c7,34566,/project/6090753/active/ovcan_gq_analysis/wes_sarek_results_20251022/multiqc/multiqc_data/multiqc_sources.txt,8621be07177d866e94f60f337bf9fa2c9a2bd5e8e814ed56cefc1e72a713c5c7,True,present
WQC0014,contemporaneous MultiQC cross-check,,data/cluster_wes_retrieval/2026-09-05/ovcan_human_wes_handoff_2026-09-05/sarek_3.5.1_run/multiqc/multiqc_data/multiqc_samtools_stats.txt,sarek_3.5.1_run/multiqc/multiqc_data/multiqc_samtools_stats.txt,cab82614d35ad6a2a33d3ae68e6eb4c59bcec61b02d80ca78bb0626b2aa1449a,12199,/project/6090753/active/ovcan_gq_analysis/wes_sarek_results_20251022/multiqc/multiqc_data/multiqc_samtools_stats.txt,cab82614d35ad6a2a33d3ae68e6eb4c59bcec61b02d80ca78bb0626b2aa1449a,True,present
WQC0015,contemporaneous MultiQC cross-check,,data/cluster_wes_retrieval/2026-09-05/ovcan_human_wes_handoff_2026-09-05/sarek_3.5.1_run/multiqc/multiqc_data/multiqc_picard_dups.txt,sarek_3.5.1_run/multiqc/multiqc_data/multiqc_picard_dups.txt,cc4db37f9572d05ba0d8e0ab400ebe1c94ccc46b306e424da9c0fc9fec4718e5,2773,/project/6090753/active/ovcan_gq_analysis/wes_sarek_results_20251022/multiqc/multiqc_data/multiqc_picard_dups.txt,cc4db37f9572d05ba0d8e0ab400ebe1c94ccc46b306e424da9c0fc9fec4718e5,True,present
WQC0016,contemporaneous MultiQC cross-check,,data/cluster_wes_retrieval/2026-09-05/ovcan_human_wes_handoff_2026-09-05/sarek_3.5.1_run/multiqc/multiqc_data/mosdepth_cumcov_dist.txt,sarek_3.5.1_run/multiqc/multiqc_data/mosdepth_cumcov_dist.txt,5ccf854472d98218071159085588ccea5935c4332e843b4d274ae211b5745f62,64693,/project/6090753/active/ovcan_gq_analysis/wes_sarek_results_20251022/multiqc/multiqc_data/mosdepth_cumcov_dist.txt,5ccf854472d98218071159085588ccea5935c4332e843b4d274ae211b5745f62,True,present
WQC0017,contemporaneous MultiQC cross-check,,data/cluster_wes_retrieval/2026-09-05/ovcan_human_wes_handoff_2026-09-05/sarek_3.5.1_run/multiqc/multiqc_data/mosdepth_perchrom.txt,sarek_3.5.1_run/multiqc/multiqc_data/mosdepth_perchrom.txt,39943f3f09d7249680501c6de301adecd4ff2c749211510b764c94ed706f21da,14346,/project/6090753/active/ovcan_gq_analysis/wes_sarek_results_20251022/multiqc/multiqc_data/mosdepth_perchrom.txt,39943f3f09d7249680501c6de301adecd4ff2c749211510b764c94ed706f21da,True,present
WQC0018,samtools md primary report,OV1369-R2,data/cluster_wes_retrieval/2026-09-05/ovcan_human_wes_handoff_2026-09-05/sarek_3.5.1_run/reports/samtools/OV1369_R2_P66/OV1369_R2_P66.md.cram.stats,sarek_3.5.1_run/reports/samtools/OV1369_R2_P66/OV1369_R2_P66.md.cram.stats,26a04d7569d5faf4fe8e4452730ddba3e324c9870ff511c947507d620922999a,92920,/project/6090753/active/ovcan_gq_analysis/wes_sarek_results_20251022/reports/samtools/OV1369_R2_P66/OV1369_R2_P66.md.cram.stats,26a04d7569d5faf4fe8e4452730ddba3e324c9870ff511c947507d620922999a,True,present
WQC0019,mosdepth md integer depth-sum and target length,OV1369-R2,data/cluster_wes_retrieval/2026-09-05/ovcan_human_wes_handoff_2026-09-05/sarek_3.5.1_run/reports/mosdepth/OV1369_R2_P66/OV1369_R2_P66.md.mosdepth.summary.txt,sarek_3.5.1_run/reports/mosdepth/OV1369_R2_P66/OV1369_R2_P66.md.mosdepth.summary.txt,722e0248c15d785517b5b0a56c315e962b1c8ef4f26e26a3466fda9587b585f0,203602,/project/6090753/active/ovcan_gq_analysis/wes_sarek_results_20251022/reports/mosdepth/OV1369_R2_P66/OV1369_R2_P66.md.mosdepth.summary.txt,722e0248c15d785517b5b0a56c315e962b1c8ef4f26e26a3466fda9587b585f0,True,present
WQC0020,mosdepth md per-base target cumulative fractions,OV1369-R2,data/cluster_wes_retrieval/2026-09-05/ovcan_human_wes_handoff_2026-09-05/sarek_3.5.1_run/reports/mosdepth/OV1369_R2_P66/OV1369_R2_P66.md.mosdepth.region.dist.txt,sarek_3.5.1_run/reports/mosdepth/OV1369_R2_P66/OV1369_R2_P66.md.mosdepth.region.dist.txt,4e01fd56b6c94a1b7b4c9272ae26f36864e771a83cc8ddfaa4783adc0667facb,965096,/project/6090753/active/ovcan_gq_analysis/wes_sarek_results_20251022/reports/mosdepth/OV1369_R2_P66/OV1369_R2_P66.md.mosdepth.region.dist.txt,4e01fd56b6c94a1b7b4c9272ae26f36864e771a83cc8ddfaa4783adc0667facb,True,present
WQC0021,samtools recal primary report,OV1369-R2,data/cluster_wes_retrieval/2026-09-05/ovcan_human_wes_handoff_2026-09-05/sarek_3.5.1_run/reports/samtools/OV1369_R2_P66/OV1369_R2_P66.recal.cram.stats,sarek_3.5.1_run/reports/samtools/OV1369_R2_P66/OV1369_R2_P66.recal.cram.stats,8f603dffe53c4a33fe648dc4c503f001b828e57aa8cbbbb2d3c6ac9fe635e0e5,116050,/project/6090753/active/ovcan_gq_analysis/wes_sarek_results_20251022/reports/samtools/OV1369_R2_P66/OV1369_R2_P66.recal.cram.stats,8f603dffe53c4a33fe648dc4c503f001b828e57aa8cbbbb2d3c6ac9fe635e0e5,True,present
WQC0022,mosdepth recal integer depth-sum and target length,OV1369-R2,data/cluster_wes_retrieval/2026-09-05/ovcan_human_wes_handoff_2026-09-05/sarek_3.5.1_run/reports/mosdepth/OV1369_R2_P66/OV1369_R2_P66.recal.mosdepth.summary.txt,sarek_3.5.1_run/reports/mosdepth/OV1369_R2_P66/OV1369_R2_P66.recal.mosdepth.summary.txt,a35a7032e01000da3ece4c84fe72f5cf0bc42513203cf01dd95b8789aa7a6318,3233,/project/6090753/active/ovcan_gq_analysis/wes_sarek_results_20251022/reports/mosdepth/OV1369_R2_P66/OV1369_R2_P66.recal.mosdepth.summary.txt,a35a7032e01000da3ece4c84fe72f5cf0bc42513203cf01dd95b8789aa7a6318,True,present
WQC0023,mosdepth recal per-base target cumulative fractions,OV1369-R2,data/cluster_wes_retrieval/2026-09-05/ovcan_human_wes_handoff_2026-09-05/sarek_3.5.1_run/reports/mosdepth/OV1369_R2_P66/OV1369_R2_P66.recal.mosdepth.region.dist.txt,sarek_3.5.1_run/reports/mosdepth/OV1369_R2_P66/OV1369_R2_P66.recal.mosdepth.region.dist.txt,46f8164a24506a9bea5cac0a84e380f78488d220d1a19bc84a8748ed795d85dd,965040,/project/6090753/active/ovcan_gq_analysis/wes_sarek_results_20251022/reports/mosdepth/OV1369_R2_P66/OV1369_R2_P66.recal.mosdepth.region.dist.txt,46f8164a24506a9bea5cac0a84e380f78488d220d1a19bc84a8748ed795d85dd,True,present
WQC0024,Picard/GATK MarkDuplicates primary library metrics,OV1369-R2,data/cluster_wes_retrieval/2026-09-05/ovcan_human_wes_handoff_2026-09-05/sarek_3.5.1_run/reports/markduplicates/OV1369_R2_P66/OV1369_R2_P66.md.cram.metrics,sarek_3.5.1_run/reports/markduplicates/OV1369_R2_P66/OV1369_R2_P66.md.cram.metrics,03bfdfe8a7400aef344ea398b6819a0fb9246ff9265f2c7d5529b6374f244ed9,4570,/project/6090753/active/ovcan_gq_analysis/wes_sarek_results_20251022/reports/markduplicates/OV1369_R2_P66/OV1369_R2_P66.md.cram.metrics,03bfdfe8a7400aef344ea398b6819a0fb9246ff9265f2c7d5529b6374f244ed9,True,present
WQC0025,GATK CalculateContamination primary table,OV1369-R2,data/cluster_wes_retrieval/2026-09-05/ovcan_human_wes_handoff_2026-09-05/sarek_3.5.1_run/variant_calling/mutect2/OV1369_R2_P66/OV1369_R2_P66.mutect2.contamination.table,sarek_3.5.1_run/variant_calling/mutect2/OV1369_R2_P66/OV1369_R2_P66.mutect2.contamination.table,c2370e173dc58f20c326ae5c71c3dafd03f70d113c4d01a67fa5ab925d2d4710,98,/project/6090753/active/ovcan_gq_analysis/wes_sarek_results_20251022/variant_calling/mutect2/OV1369_R2_P66/OV1369_R2_P66.mutect2.contamination.table,c2370e173dc58f20c326ae5c71c3dafd03f70d113c4d01a67fa5ab925d2d4710,True,present
WQC0026,samtools md primary report,OV2085,data/cluster_wes_retrieval/2026-09-05/ovcan_human_wes_handoff_2026-09-05/sarek_3.5.1_run/reports/samtools/OV2085_P64/OV2085_P64.md.cram.stats,sarek_3.5.1_run/reports/samtools/OV2085_P64/OV2085_P64.md.cram.stats,5bb2aeb5703e111cdf8325626da9064c4a93503344cd067222c7b83d589f395f,97146,/project/6090753/active/ovcan_gq_analysis/wes_sarek_results_20251022/reports/samtools/OV2085_P64/OV2085_P64.md.cram.stats,5bb2aeb5703e111cdf8325626da9064c4a93503344cd067222c7b83d589f395f,True,present
WQC0027,mosdepth md integer depth-sum and target length,OV2085,data/cluster_wes_retrieval/2026-09-05/ovcan_human_wes_handoff_2026-09-05/sarek_3.5.1_run/reports/mosdepth/OV2085_P64/OV2085_P64.md.mosdepth.summary.txt,sarek_3.5.1_run/reports/mosdepth/OV2085_P64/OV2085_P64.md.mosdepth.summary.txt,f36786f8eef558db42e9841112ca6823c5cb9c6e8da67d065e4bc59b8ea296d7,208247,/project/6090753/active/ovcan_gq_analysis/wes_sarek_results_20251022/reports/mosdepth/OV2085_P64/OV2085_P64.md.mosdepth.summary.txt,f36786f8eef558db42e9841112ca6823c5cb9c6e8da67d065e4bc59b8ea296d7,True,present
WQC0028,mosdepth md per-base target cumulative fractions,OV2085,data/cluster_wes_retrieval/2026-09-05/ovcan_human_wes_handoff_2026-09-05/sarek_3.5.1_run/reports/mosdepth/OV2085_P64/OV2085_P64.md.mosdepth.region.dist.txt,sarek_3.5.1_run/reports/mosdepth/OV2085_P64/OV2085_P64.md.mosdepth.region.dist.txt,6be35d6d55a9e0d4b49e792eabf64028ae1a129663eae89ccf957658b0eb6ce5,728566,/project/6090753/active/ovcan_gq_analysis/wes_sarek_results_20251022/reports/mosdepth/OV2085_P64/OV2085_P64.md.mosdepth.region.dist.txt,6be35d6d55a9e0d4b49e792eabf64028ae1a129663eae89ccf957658b0eb6ce5,True,present
WQC0029,samtools recal primary report,OV2085,data/cluster_wes_retrieval/2026-09-05/ovcan_human_wes_handoff_2026-09-05/sarek_3.5.1_run/reports/samtools/OV2085_P64/OV2085_P64.recal.cram.stats,sarek_3.5.1_run/reports/samtools/OV2085_P64/OV2085_P64.recal.cram.stats,857dfc8ad4eef15a887951232506be76a1dfd2cb30addc335490ccc43f1f3940,117842,/project/6090753/active/ovcan_gq_analysis/wes_sarek_results_20251022/reports/samtools/OV2085_P64/OV2085_P64.recal.cram.stats,857dfc8ad4eef15a887951232506be76a1dfd2cb30addc335490ccc43f1f3940,True,present
WQC0030,mosdepth recal integer depth-sum and target length,OV2085,data/cluster_wes_retrieval/2026-09-05/ovcan_human_wes_handoff_2026-09-05/sarek_3.5.1_run/reports/mosdepth/OV2085_P64/OV2085_P64.recal.mosdepth.summary.txt,sarek_3.5.1_run/reports/mosdepth/OV2085_P64/OV2085_P64.recal.mosdepth.summary.txt,e87cb2a2bd983dee07016d6a150d020c7300ea4923278e82f74cba3ff46abf27,3214,/project/6090753/active/ovcan_gq_analysis/wes_sarek_results_20251022/reports/mosdepth/OV2085_P64/OV2085_P64.recal.mosdepth.summary.txt,e87cb2a2bd983dee07016d6a150d020c7300ea4923278e82f74cba3ff46abf27,True,present
WQC0031,mosdepth recal per-base target cumulative fractions,OV2085,data/cluster_wes_retrieval/2026-09-05/ovcan_human_wes_handoff_2026-09-05/sarek_3.5.1_run/reports/mosdepth/OV2085_P64/OV2085_P64.recal.mosdepth.region.dist.txt,sarek_3.5.1_run/reports/mosdepth/OV2085_P64/OV2085_P64.recal.mosdepth.region.dist.txt,cfcff57d32c0137ea6d0f17edcdc728d2e43aa58eaaa8ce38f83ae1a7cbd0ad0,728510,/project/6090753/active/ovcan_gq_analysis/wes_sarek_results_20251022/reports/mosdepth/OV2085_P64/OV2085_P64.recal.mosdepth.region.dist.txt,cfcff57d32c0137ea6d0f17edcdc728d2e43aa58eaaa8ce38f83ae1a7cbd0ad0,True,present
WQC0032,Picard/GATK MarkDuplicates primary library metrics,OV2085,data/cluster_wes_retrieval/2026-09-05/ovcan_human_wes_handoff_2026-09-05/sarek_3.5.1_run/reports/markduplicates/OV2085_P64/OV2085_P64.md.cram.metrics,sarek_3.5.1_run/reports/markduplicates/OV2085_P64/OV2085_P64.md.cram.metrics,86bf542df98950f373aa1142bf36e1e8379fd7f3603cff72334786620343e53f,4229,/project/6090753/active/ovcan_gq_analysis/wes_sarek_results_20251022/reports/markduplicates/OV2085_P64/OV2085_P64.md.cram.metrics,86bf542df98950f373aa1142bf36e1e8379fd7f3603cff72334786620343e53f,True,present
WQC0033,GATK CalculateContamination primary table,OV2085,data/cluster_wes_retrieval/2026-09-05/ovcan_human_wes_handoff_2026-09-05/sarek_3.5.1_run/variant_calling/mutect2/OV2085_P64/OV2085_P64.mutect2.contamination.table,sarek_3.5.1_run/variant_calling/mutect2/OV2085_P64/OV2085_P64.mutect2.contamination.table,fc9577de71da5e041c1cb279f0f46fdfdd14ddd12daeadde9279c33fe682521e,92,/project/6090753/active/ovcan_gq_analysis/wes_sarek_results_20251022/variant_calling/mutect2/OV2085_P64/OV2085_P64.mutect2.contamination.table,fc9577de71da5e041c1cb279f0f46fdfdd14ddd12daeadde9279c33fe682521e,True,present
WQC0034,samtools md primary report,OV2295,data/cluster_wes_retrieval/2026-09-05/ovcan_human_wes_handoff_2026-09-05/sarek_3.5.1_run/reports/samtools/OV2295_P61/OV2295_P61.md.cram.stats,sarek_3.5.1_run/reports/samtools/OV2295_P61/OV2295_P61.md.cram.stats,89e82766eb9f7574e638526ccecc18b5669596c6af04052e6287a990ca75ac9b,93799,/project/6090753/active/ovcan_gq_analysis/wes_sarek_results_20251022/reports/samtools/OV2295_P61/OV2295_P61.md.cram.stats,89e82766eb9f7574e638526ccecc18b5669596c6af04052e6287a990ca75ac9b,True,present
WQC0035,mosdepth md integer depth-sum and target length,OV2295,data/cluster_wes_retrieval/2026-09-05/ovcan_human_wes_handoff_2026-09-05/sarek_3.5.1_run/reports/mosdepth/OV2295_P61/OV2295_P61.md.mosdepth.summary.txt,sarek_3.5.1_run/reports/mosdepth/OV2295_P61/OV2295_P61.md.mosdepth.summary.txt,cca00782aaac9cd3a02afaf59e91d55a082f3f5f2db8ac801c00eb827d9af4aa,200944,/project/6090753/active/ovcan_gq_analysis/wes_sarek_results_20251022/reports/mosdepth/OV2295_P61/OV2295_P61.md.mosdepth.summary.txt,cca00782aaac9cd3a02afaf59e91d55a082f3f5f2db8ac801c00eb827d9af4aa,True,present
WQC0036,mosdepth md per-base target cumulative fractions,OV2295,data/cluster_wes_retrieval/2026-09-05/ovcan_human_wes_handoff_2026-09-05/sarek_3.5.1_run/reports/mosdepth/OV2295_P61/OV2295_P61.md.mosdepth.region.dist.txt,sarek_3.5.1_run/reports/mosdepth/OV2295_P61/OV2295_P61.md.mosdepth.region.dist.txt,8788764ff7aef0b45f7d78e4b623284200be342c5fef56de9eb6c918b865fd40,748486,/project/6090753/active/ovcan_gq_analysis/wes_sarek_results_20251022/reports/mosdepth/OV2295_P61/OV2295_P61.md.mosdepth.region.dist.txt,8788764ff7aef0b45f7d78e4b623284200be342c5fef56de9eb6c918b865fd40,True,present
WQC0037,samtools recal primary report,OV2295,data/cluster_wes_retrieval/2026-09-05/ovcan_human_wes_handoff_2026-09-05/sarek_3.5.1_run/reports/samtools/OV2295_P61/OV2295_P61.recal.cram.stats,sarek_3.5.1_run/reports/samtools/OV2295_P61/OV2295_P61.recal.cram.stats,6941f50053332f9ca34ae9fb048dd33f6ec7bcbec6a5f1db2fd15f237d731696,116554,/project/6090753/active/ovcan_gq_analysis/wes_sarek_results_20251022/reports/samtools/OV2295_P61/OV2295_P61.recal.cram.stats,6941f50053332f9ca34ae9fb048dd33f6ec7bcbec6a5f1db2fd15f237d731696,True,present
WQC0038,mosdepth recal integer depth-sum and target length,OV2295,data/cluster_wes_retrieval/2026-09-05/ovcan_human_wes_handoff_2026-09-05/sarek_3.5.1_run/reports/mosdepth/OV2295_P61/OV2295_P61.recal.mosdepth.summary.txt,sarek_3.5.1_run/reports/mosdepth/OV2295_P61/OV2295_P61.recal.mosdepth.summary.txt,ad4c4044654990b481e9e0ed83256c2eb8958d27d8663dcfcccec5592b000d02,3201,/project/6090753/active/ovcan_gq_analysis/wes_sarek_results_20251022/reports/mosdepth/OV2295_P61/OV2295_P61.recal.mosdepth.summary.txt,ad4c4044654990b481e9e0ed83256c2eb8958d27d8663dcfcccec5592b000d02,True,present
WQC0039,mosdepth recal per-base target cumulative fractions,OV2295,data/cluster_wes_retrieval/2026-09-05/ovcan_human_wes_handoff_2026-09-05/sarek_3.5.1_run/reports/mosdepth/OV2295_P61/OV2295_P61.recal.mosdepth.region.dist.txt,sarek_3.5.1_run/reports/mosdepth/OV2295_P61/OV2295_P61.recal.mosdepth.region.dist.txt,cdf814a24045b7f7fe0d0a166e1a4d813142ba5fcf50c1f74645ab44ac19896c,748430,/project/6090753/active/ovcan_gq_analysis/wes_sarek_results_20251022/reports/mosdepth/OV2295_P61/OV2295_P61.recal.mosdepth.region.dist.txt,cdf814a24045b7f7fe0d0a166e1a4d813142ba5fcf50c1f74645ab44ac19896c,True,present
WQC0040,Picard/GATK MarkDuplicates primary library metrics,OV2295,data/cluster_wes_retrieval/2026-09-05/ovcan_human_wes_handoff_2026-09-05/sarek_3.5.1_run/reports/markduplicates/OV2295_P61/OV2295_P61.md.cram.metrics,sarek_3.5.1_run/reports/markduplicates/OV2295_P61/OV2295_P61.md.cram.metrics,53ff70aab749350f6e6b5a40bb774b03e6ea51f7515f388aeff681040ba19e5a,4272,/project/6090753/active/ovcan_gq_analysis/wes_sarek_results_20251022/reports/markduplicates/OV2295_P61/OV2295_P61.md.cram.metrics,53ff70aab749350f6e6b5a40bb774b03e6ea51f7515f388aeff681040ba19e5a,True,present
WQC0041,GATK CalculateContamination primary table,OV2295,data/cluster_wes_retrieval/2026-09-05/ovcan_human_wes_handoff_2026-09-05/sarek_3.5.1_run/variant_calling/mutect2/OV2295_P61/OV2295_P61.mutect2.contamination.table,sarek_3.5.1_run/variant_calling/mutect2/OV2295_P61/OV2295_P61.mutect2.contamination.table,a222fb125f84067f74b602d9c5fb501052d064787cbc29aedea4a5ae4824fd01,92,/project/6090753/active/ovcan_gq_analysis/wes_sarek_results_20251022/variant_calling/mutect2/OV2295_P61/OV2295_P61.mutect2.contamination.table,a222fb125f84067f74b602d9c5fb501052d064787cbc29aedea4a5ae4824fd01,True,present
WQC0042,samtools md primary report,OV2295-R2,data/cluster_wes_retrieval/2026-09-05/ovcan_human_wes_handoff_2026-09-05/sarek_3.5.1_run/reports/samtools/OV2295_R2_P70/OV2295_R2_P70.md.cram.stats,sarek_3.5.1_run/reports/samtools/OV2295_R2_P70/OV2295_R2_P70.md.cram.stats,e2190340f64c9c40e8808d6be852f4efe73cf3cd3a49321f3cc2a1f4d9c706dc,93780,/project/6090753/active/ovcan_gq_analysis/wes_sarek_results_20251022/reports/samtools/OV2295_R2_P70/OV2295_R2_P70.md.cram.stats,e2190340f64c9c40e8808d6be852f4efe73cf3cd3a49321f3cc2a1f4d9c706dc,True,present
WQC0043,mosdepth md integer depth-sum and target length,OV2295-R2,data/cluster_wes_retrieval/2026-09-05/ovcan_human_wes_handoff_2026-09-05/sarek_3.5.1_run/reports/mosdepth/OV2295_R2_P70/OV2295_R2_P70.md.mosdepth.summary.txt,sarek_3.5.1_run/reports/mosdepth/OV2295_R2_P70/OV2295_R2_P70.md.mosdepth.summary.txt,52c1a4f8cf4a9a25ba86533480b4f0cb2c6b118096143a4870f7a9c181536a3a,203864,/project/6090753/active/ovcan_gq_analysis/wes_sarek_results_20251022/reports/mosdepth/OV2295_R2_P70/OV2295_R2_P70.md.mosdepth.summary.txt,52c1a4f8cf4a9a25ba86533480b4f0cb2c6b118096143a4870f7a9c181536a3a,True,present
WQC0044,mosdepth md per-base target cumulative fractions,OV2295-R2,data/cluster_wes_retrieval/2026-09-05/ovcan_human_wes_handoff_2026-09-05/sarek_3.5.1_run/reports/mosdepth/OV2295_R2_P70/OV2295_R2_P70.md.mosdepth.region.dist.txt,sarek_3.5.1_run/reports/mosdepth/OV2295_R2_P70/OV2295_R2_P70.md.mosdepth.region.dist.txt,948fb306952cce48c5279f17d023c6693c9f6b580930e07ff8278c712234f319,817666,/project/6090753/active/ovcan_gq_analysis/wes_sarek_results_20251022/reports/mosdepth/OV2295_R2_P70/OV2295_R2_P70.md.mosdepth.region.dist.txt,948fb306952cce48c5279f17d023c6693c9f6b580930e07ff8278c712234f319,True,present
WQC0045,samtools recal primary report,OV2295-R2,data/cluster_wes_retrieval/2026-09-05/ovcan_human_wes_handoff_2026-09-05/sarek_3.5.1_run/reports/samtools/OV2295_R2_P70/OV2295_R2_P70.recal.cram.stats,sarek_3.5.1_run/reports/samtools/OV2295_R2_P70/OV2295_R2_P70.recal.cram.stats,11fd1cdea26a6c67ef8ab27f5efea38b5a0751ec6fe3f5b2db9ed66e42c19fd6,116117,/project/6090753/active/ovcan_gq_analysis/wes_sarek_results_20251022/reports/samtools/OV2295_R2_P70/OV2295_R2_P70.recal.cram.stats,11fd1cdea26a6c67ef8ab27f5efea38b5a0751ec6fe3f5b2db9ed66e42c19fd6,True,present
WQC0046,mosdepth recal integer depth-sum and target length,OV2295-R2,data/cluster_wes_retrieval/2026-09-05/ovcan_human_wes_handoff_2026-09-05/sarek_3.5.1_run/reports/mosdepth/OV2295_R2_P70/OV2295_R2_P70.recal.mosdepth.summary.txt,sarek_3.5.1_run/reports/mosdepth/OV2295_R2_P70/OV2295_R2_P70.recal.mosdepth.summary.txt,af9e14fd81713702c781ed80940876a9934f6b89f3e0a6814c344f12c39bc3a0,3208,/project/6090753/active/ovcan_gq_analysis/wes_sarek_results_20251022/reports/mosdepth/OV2295_R2_P70/OV2295_R2_P70.recal.mosdepth.summary.txt,af9e14fd81713702c781ed80940876a9934f6b89f3e0a6814c344f12c39bc3a0,True,present
WQC0047,mosdepth recal per-base target cumulative fractions,OV2295-R2,data/cluster_wes_retrieval/2026-09-05/ovcan_human_wes_handoff_2026-09-05/sarek_3.5.1_run/reports/mosdepth/OV2295_R2_P70/OV2295_R2_P70.recal.mosdepth.region.dist.txt,sarek_3.5.1_run/reports/mosdepth/OV2295_R2_P70/OV2295_R2_P70.recal.mosdepth.region.dist.txt,334c60d1f7d4dc586c5c77af19022147aee8dd059e512aeebe9bca405865d4d4,817610,/project/6090753/active/ovcan_gq_analysis/wes_sarek_results_20251022/reports/mosdepth/OV2295_R2_P70/OV2295_R2_P70.recal.mosdepth.region.dist.txt,334c60d1f7d4dc586c5c77af19022147aee8dd059e512aeebe9bca405865d4d4,True,present
WQC0048,Picard/GATK MarkDuplicates primary library metrics,OV2295-R2,data/cluster_wes_retrieval/2026-09-05/ovcan_human_wes_handoff_2026-09-05/sarek_3.5.1_run/reports/markduplicates/OV2295_R2_P70/OV2295_R2_P70.md.cram.metrics,sarek_3.5.1_run/reports/markduplicates/OV2295_R2_P70/OV2295_R2_P70.md.cram.metrics,a5c27e1583be7daf8bf88ed5f3e81d355c4ae22faf07af7533914cf8606e85fa,4492,/project/6090753/active/ovcan_gq_analysis/wes_sarek_results_20251022/reports/markduplicates/OV2295_R2_P70/OV2295_R2_P70.md.cram.metrics,a5c27e1583be7daf8bf88ed5f3e81d355c4ae22faf07af7533914cf8606e85fa,True,present
WQC0049,GATK CalculateContamination primary table,OV2295-R2,data/cluster_wes_retrieval/2026-09-05/ovcan_human_wes_handoff_2026-09-05/sarek_3.5.1_run/variant_calling/mutect2/OV2295_R2_P70/OV2295_R2_P70.mutect2.contamination.table,sarek_3.5.1_run/variant_calling/mutect2/OV2295_R2_P70/OV2295_R2_P70.mutect2.contamination.table,408f047293696c91b047b411949f3b818c41f1cf27ecb6b916bb6e304348f878,98,/project/6090753/active/ovcan_gq_analysis/wes_sarek_results_20251022/variant_calling/mutect2/OV2295_R2_P70/OV2295_R2_P70.mutect2.contamination.table,408f047293696c91b047b411949f3b818c41f1cf27ecb6b916bb6e304348f878,True,present
WQC0050,samtools md primary report,OV3133-R,data/cluster_wes_retrieval/2026-09-05/ovcan_human_wes_handoff_2026-09-05/sarek_3.5.1_run/reports/samtools/OV3133_R_P71/OV3133_R_P71.md.cram.stats,sarek_3.5.1_run/reports/samtools/OV3133_R_P71/OV3133_R_P71.md.cram.stats,43e392129cc9010318ab8472982f2aa962d36903e6fb2d85d28553a101e594d4,93187,/project/6090753/active/ovcan_gq_analysis/wes_sarek_results_20251022/reports/samtools/OV3133_R_P71/OV3133_R_P71.md.cram.stats,43e392129cc9010318ab8472982f2aa962d36903e6fb2d85d28553a101e594d4,True,present
WQC0051,mosdepth md integer depth-sum and target length,OV3133-R,data/cluster_wes_retrieval/2026-09-05/ovcan_human_wes_handoff_2026-09-05/sarek_3.5.1_run/reports/mosdepth/OV3133_R_P71/OV3133_R_P71.md.mosdepth.summary.txt,sarek_3.5.1_run/reports/mosdepth/OV3133_R_P71/OV3133_R_P71.md.mosdepth.summary.txt,b7e5bdc464e533b7c097f3c884b3868a5f7dba02f61ade1b1a342ffef012c13c,195605,/project/6090753/active/ovcan_gq_analysis/wes_sarek_results_20251022/reports/mosdepth/OV3133_R_P71/OV3133_R_P71.md.mosdepth.summary.txt,b7e5bdc464e533b7c097f3c884b3868a5f7dba02f61ade1b1a342ffef012c13c,True,present
WQC0052,mosdepth md per-base target cumulative fractions,OV3133-R,data/cluster_wes_retrieval/2026-09-05/ovcan_human_wes_handoff_2026-09-05/sarek_3.5.1_run/reports/mosdepth/OV3133_R_P71/OV3133_R_P71.md.mosdepth.region.dist.txt,sarek_3.5.1_run/reports/mosdepth/OV3133_R_P71/OV3133_R_P71.md.mosdepth.region.dist.txt,4a80004e0b218de643428ec2049e5ca03dc0ac3592e06cae54210b08b58d1f89,821061,/project/6090753/active/ovcan_gq_analysis/wes_sarek_results_20251022/reports/mosdepth/OV3133_R_P71/OV3133_R_P71.md.mosdepth.region.dist.txt,4a80004e0b218de643428ec2049e5ca03dc0ac3592e06cae54210b08b58d1f89,True,present
WQC0053,samtools recal primary report,OV3133-R,data/cluster_wes_retrieval/2026-09-05/ovcan_human_wes_handoff_2026-09-05/sarek_3.5.1_run/reports/samtools/OV3133_R_P71/OV3133_R_P71.recal.cram.stats,sarek_3.5.1_run/reports/samtools/OV3133_R_P71/OV3133_R_P71.recal.cram.stats,77f23db8a04c8905bf6f1e38886678051808cd93cb11c05b6c2d2d3212995eba,116062,/project/6090753/active/ovcan_gq_analysis/wes_sarek_results_20251022/reports/samtools/OV3133_R_P71/OV3133_R_P71.recal.cram.stats,77f23db8a04c8905bf6f1e38886678051808cd93cb11c05b6c2d2d3212995eba,True,present
WQC0054,mosdepth recal integer depth-sum and target length,OV3133-R,data/cluster_wes_retrieval/2026-09-05/ovcan_human_wes_handoff_2026-09-05/sarek_3.5.1_run/reports/mosdepth/OV3133_R_P71/OV3133_R_P71.recal.mosdepth.summary.txt,sarek_3.5.1_run/reports/mosdepth/OV3133_R_P71/OV3133_R_P71.recal.mosdepth.summary.txt,f1d906012c64aedd62036d403fa823974d2432d70da67ca48fa7e029c82036cd,3216,/project/6090753/active/ovcan_gq_analysis/wes_sarek_results_20251022/reports/mosdepth/OV3133_R_P71/OV3133_R_P71.recal.mosdepth.summary.txt,f1d906012c64aedd62036d403fa823974d2432d70da67ca48fa7e029c82036cd,True,present
WQC0055,mosdepth recal per-base target cumulative fractions,OV3133-R,data/cluster_wes_retrieval/2026-09-05/ovcan_human_wes_handoff_2026-09-05/sarek_3.5.1_run/reports/mosdepth/OV3133_R_P71/OV3133_R_P71.recal.mosdepth.region.dist.txt,sarek_3.5.1_run/reports/mosdepth/OV3133_R_P71/OV3133_R_P71.recal.mosdepth.region.dist.txt,5662ef41eabc0dc2d9ec191350873e2649907f6f4336ff8ec706166dbbb6774f,821005,/project/6090753/active/ovcan_gq_analysis/wes_sarek_results_20251022/reports/mosdepth/OV3133_R_P71/OV3133_R_P71.recal.mosdepth.region.dist.txt,5662ef41eabc0dc2d9ec191350873e2649907f6f4336ff8ec706166dbbb6774f,True,present
WQC0056,Picard/GATK MarkDuplicates primary library metrics,OV3133-R,data/cluster_wes_retrieval/2026-09-05/ovcan_human_wes_handoff_2026-09-05/sarek_3.5.1_run/reports/markduplicates/OV3133_R_P71/OV3133_R_P71.md.cram.metrics,sarek_3.5.1_run/reports/markduplicates/OV3133_R_P71/OV3133_R_P71.md.cram.metrics,02fc436a775342b5df1100c234d2a568293678bb02fc7e2820db018c9fb49ec9,4510,/project/6090753/active/ovcan_gq_analysis/wes_sarek_results_20251022/reports/markduplicates/OV3133_R_P71/OV3133_R_P71.md.cram.metrics,02fc436a775342b5df1100c234d2a568293678bb02fc7e2820db018c9fb49ec9,True,present
WQC0057,GATK CalculateContamination primary table,OV3133-R,data/cluster_wes_retrieval/2026-09-05/ovcan_human_wes_handoff_2026-09-05/sarek_3.5.1_run/variant_calling/mutect2/OV3133_R_P71/OV3133_R_P71.mutect2.contamination.table,sarek_3.5.1_run/variant_calling/mutect2/OV3133_R_P71/OV3133_R_P71.mutect2.contamination.table,307d32e19a7c118daebfc65d3d7d20d56e30ce011c0cca46f376aa13978978ea,97,/project/6090753/active/ovcan_gq_analysis/wes_sarek_results_20251022/variant_calling/mutect2/OV3133_R_P71/OV3133_R_P71.mutect2.contamination.table,307d32e19a7c118daebfc65d3d7d20d56e30ce011c0cca46f376aa13978978ea,True,present
WQC0058,samtools md primary report,OV3133-R2,data/cluster_wes_retrieval/2026-09-05/ovcan_human_wes_handoff_2026-09-05/sarek_3.5.1_run/reports/samtools/OV3133_R2_P58/OV3133_R2_P58.md.cram.stats,sarek_3.5.1_run/reports/samtools/OV3133_R2_P58/OV3133_R2_P58.md.cram.stats,bf685075177107d59c3784394b6ad90407f7ead1a6a50e5451e811563b792f1f,93907,/project/6090753/active/ovcan_gq_analysis/wes_sarek_results_20251022/reports/samtools/OV3133_R2_P58/OV3133_R2_P58.md.cram.stats,bf685075177107d59c3784394b6ad90407f7ead1a6a50e5451e811563b792f1f,True,present
WQC0059,mosdepth md integer depth-sum and target length,OV3133-R2,data/cluster_wes_retrieval/2026-09-05/ovcan_human_wes_handoff_2026-09-05/sarek_3.5.1_run/reports/mosdepth/OV3133_R2_P58/OV3133_R2_P58.md.mosdepth.summary.txt,sarek_3.5.1_run/reports/mosdepth/OV3133_R2_P58/OV3133_R2_P58.md.mosdepth.summary.txt,83d897e1cf66b62f89949ec1ab1d549cc86aad1235c25483271e40b2fb4fbb2e,199512,/project/6090753/active/ovcan_gq_analysis/wes_sarek_results_20251022/reports/mosdepth/OV3133_R2_P58/OV3133_R2_P58.md.mosdepth.summary.txt,83d897e1cf66b62f89949ec1ab1d549cc86aad1235c25483271e40b2fb4fbb2e,True,present
WQC0060,mosdepth md per-base target cumulative fractions,OV3133-R2,data/cluster_wes_retrieval/2026-09-05/ovcan_human_wes_handoff_2026-09-05/sarek_3.5.1_run/reports/mosdepth/OV3133_R2_P58/OV3133_R2_P58.md.mosdepth.region.dist.txt,sarek_3.5.1_run/reports/mosdepth/OV3133_R2_P58/OV3133_R2_P58.md.mosdepth.region.dist.txt,2f14f27ef269e1faf2dbaebfb41cc9b135b420e61c8e8368007809ad5fb83c8c,895177,/project/6090753/active/ovcan_gq_analysis/wes_sarek_results_20251022/reports/mosdepth/OV3133_R2_P58/OV3133_R2_P58.md.mosdepth.region.dist.txt,2f14f27ef269e1faf2dbaebfb41cc9b135b420e61c8e8368007809ad5fb83c8c,True,present
WQC0061,samtools recal primary report,OV3133-R2,data/cluster_wes_retrieval/2026-09-05/ovcan_human_wes_handoff_2026-09-05/sarek_3.5.1_run/reports/samtools/OV3133_R2_P58/OV3133_R2_P58.recal.cram.stats,sarek_3.5.1_run/reports/samtools/OV3133_R2_P58/OV3133_R2_P58.recal.cram.stats,93bece499885adaa601dbec74121d66a284f90288f340e22e03888e7bf911a23,117407,/project/6090753/active/ovcan_gq_analysis/wes_sarek_results_20251022/reports/samtools/OV3133_R2_P58/OV3133_R2_P58.recal.cram.stats,93bece499885adaa601dbec74121d66a284f90288f340e22e03888e7bf911a23,True,present
WQC0062,mosdepth recal integer depth-sum and target length,OV3133-R2,data/cluster_wes_retrieval/2026-09-05/ovcan_human_wes_handoff_2026-09-05/sarek_3.5.1_run/reports/mosdepth/OV3133_R2_P58/OV3133_R2_P58.recal.mosdepth.summary.txt,sarek_3.5.1_run/reports/mosdepth/OV3133_R2_P58/OV3133_R2_P58.recal.mosdepth.summary.txt,067ffe86b0b8454abd338df3f64be8b64346dcd2f0ea7669e01f20475570a7b3,3230,/project/6090753/active/ovcan_gq_analysis/wes_sarek_results_20251022/reports/mosdepth/OV3133_R2_P58/OV3133_R2_P58.recal.mosdepth.summary.txt,067ffe86b0b8454abd338df3f64be8b64346dcd2f0ea7669e01f20475570a7b3,True,present
WQC0063,mosdepth recal per-base target cumulative fractions,OV3133-R2,data/cluster_wes_retrieval/2026-09-05/ovcan_human_wes_handoff_2026-09-05/sarek_3.5.1_run/reports/mosdepth/OV3133_R2_P58/OV3133_R2_P58.recal.mosdepth.region.dist.txt,sarek_3.5.1_run/reports/mosdepth/OV3133_R2_P58/OV3133_R2_P58.recal.mosdepth.region.dist.txt,3ce47db2aae27514e64b15b2e65adcd7356a19fef70627c66b8d44bad5c2eabd,895121,/project/6090753/active/ovcan_gq_analysis/wes_sarek_results_20251022/reports/mosdepth/OV3133_R2_P58/OV3133_R2_P58.recal.mosdepth.region.dist.txt,3ce47db2aae27514e64b15b2e65adcd7356a19fef70627c66b8d44bad5c2eabd,True,present
WQC0064,Picard/GATK MarkDuplicates primary library metrics,OV3133-R2,data/cluster_wes_retrieval/2026-09-05/ovcan_human_wes_handoff_2026-09-05/sarek_3.5.1_run/reports/markduplicates/OV3133_R2_P58/OV3133_R2_P58.md.cram.metrics,sarek_3.5.1_run/reports/markduplicates/OV3133_R2_P58/OV3133_R2_P58.md.cram.metrics,f70c8b3eb687fcea74d4c150fa670ccb35953b6a41870e97b439550375852fcb,4553,/project/6090753/active/ovcan_gq_analysis/wes_sarek_results_20251022/reports/markduplicates/OV3133_R2_P58/OV3133_R2_P58.md.cram.metrics,f70c8b3eb687fcea74d4c150fa670ccb35953b6a41870e97b439550375852fcb,True,present
WQC0065,GATK CalculateContamination primary table,OV3133-R2,data/cluster_wes_retrieval/2026-09-05/ovcan_human_wes_handoff_2026-09-05/sarek_3.5.1_run/variant_calling/mutect2/OV3133_R2_P58/OV3133_R2_P58.mutect2.contamination.table,sarek_3.5.1_run/variant_calling/mutect2/OV3133_R2_P58/OV3133_R2_P58.mutect2.contamination.table,2625145dcfa297552a0361ed96c591210e1cebd48e1d333efb1b29f3e9373654,98,/project/6090753/active/ovcan_gq_analysis/wes_sarek_results_20251022/variant_calling/mutect2/OV3133_R2_P58/OV3133_R2_P58.mutect2.contamination.table,2625145dcfa297552a0361ed96c591210e1cebd48e1d333efb1b29f3e9373654,True,present
WQC0066,samtools md primary report,OV3291,data/cluster_wes_retrieval/2026-09-05/ovcan_human_wes_handoff_2026-09-05/sarek_3.5.1_run/reports/samtools/OV3291_P46/OV3291_P46.md.cram.stats,sarek_3.5.1_run/reports/samtools/OV3291_P46/OV3291_P46.md.cram.stats,0bd31a323351d0b5b682bce1c13277d0095986f5b566ccc10c709930698f6854,95154,/project/6090753/active/ovcan_gq_analysis/wes_sarek_results_20251022/reports/samtools/OV3291_P46/OV3291_P46.md.cram.stats,0bd31a323351d0b5b682bce1c13277d0095986f5b566ccc10c709930698f6854,True,present
WQC0067,mosdepth md integer depth-sum and target length,OV3291,data/cluster_wes_retrieval/2026-09-05/ovcan_human_wes_handoff_2026-09-05/sarek_3.5.1_run/reports/mosdepth/OV3291_P46/OV3291_P46.md.mosdepth.summary.txt,sarek_3.5.1_run/reports/mosdepth/OV3291_P46/OV3291_P46.md.mosdepth.summary.txt,1d607a91760ad28456c9381f6fecf401f7e61577441b943f3736b602331df538,210614,/project/6090753/active/ovcan_gq_analysis/wes_sarek_results_20251022/reports/mosdepth/OV3291_P46/OV3291_P46.md.mosdepth.summary.txt,1d607a91760ad28456c9381f6fecf401f7e61577441b943f3736b602331df538,True,present
WQC0068,mosdepth md per-base target cumulative fractions,OV3291,data/cluster_wes_retrieval/2026-09-05/ovcan_human_wes_handoff_2026-09-05/sarek_3.5.1_run/reports/mosdepth/OV3291_P46/OV3291_P46.md.mosdepth.region.dist.txt,sarek_3.5.1_run/reports/mosdepth/OV3291_P46/OV3291_P46.md.mosdepth.region.dist.txt,46fa18fd15d3efcf481e9a9843207e6024a2b8b2615870c09878cf2e6ba839c8,718079,/project/6090753/active/ovcan_gq_analysis/wes_sarek_results_20251022/reports/mosdepth/OV3291_P46/OV3291_P46.md.mosdepth.region.dist.txt,46fa18fd15d3efcf481e9a9843207e6024a2b8b2615870c09878cf2e6ba839c8,True,present
WQC0069,samtools recal primary report,OV3291,data/cluster_wes_retrieval/2026-09-05/ovcan_human_wes_handoff_2026-09-05/sarek_3.5.1_run/reports/samtools/OV3291_P46/OV3291_P46.recal.cram.stats,sarek_3.5.1_run/reports/samtools/OV3291_P46/OV3291_P46.recal.cram.stats,d2a3006bcfd3dcba921916b7e2680aec6bc2101b17e5ca746fd406816d27cdfb,116864,/project/6090753/active/ovcan_gq_analysis/wes_sarek_results_20251022/reports/samtools/OV3291_P46/OV3291_P46.recal.cram.stats,d2a3006bcfd3dcba921916b7e2680aec6bc2101b17e5ca746fd406816d27cdfb,True,present
WQC0070,mosdepth recal integer depth-sum and target length,OV3291,data/cluster_wes_retrieval/2026-09-05/ovcan_human_wes_handoff_2026-09-05/sarek_3.5.1_run/reports/mosdepth/OV3291_P46/OV3291_P46.recal.mosdepth.summary.txt,sarek_3.5.1_run/reports/mosdepth/OV3291_P46/OV3291_P46.recal.mosdepth.summary.txt,2a645326950ef442034781f4d04b3b60d50c5beb64ffa7d27a60761bd4e89d78,3220,/project/6090753/active/ovcan_gq_analysis/wes_sarek_results_20251022/reports/mosdepth/OV3291_P46/OV3291_P46.recal.mosdepth.summary.txt,2a645326950ef442034781f4d04b3b60d50c5beb64ffa7d27a60761bd4e89d78,True,present
WQC0071,mosdepth recal per-base target cumulative fractions,OV3291,data/cluster_wes_retrieval/2026-09-05/ovcan_human_wes_handoff_2026-09-05/sarek_3.5.1_run/reports/mosdepth/OV3291_P46/OV3291_P46.recal.mosdepth.region.dist.txt,sarek_3.5.1_run/reports/mosdepth/OV3291_P46/OV3291_P46.recal.mosdepth.region.dist.txt,4421120422bbaf4194870c42113edb7148ee99761758813804c101c283280e56,718023,/project/6090753/active/ovcan_gq_analysis/wes_sarek_results_20251022/reports/mosdepth/OV3291_P46/OV3291_P46.recal.mosdepth.region.dist.txt,4421120422bbaf4194870c42113edb7148ee99761758813804c101c283280e56,True,present
WQC0072,Picard/GATK MarkDuplicates primary library metrics,OV3291,data/cluster_wes_retrieval/2026-09-05/ovcan_human_wes_handoff_2026-09-05/sarek_3.5.1_run/reports/markduplicates/OV3291_P46/OV3291_P46.md.cram.metrics,sarek_3.5.1_run/reports/markduplicates/OV3291_P46/OV3291_P46.md.cram.metrics,0fa8f88f2e5fee5dca36118ccb068e3c8d05026cddd5892f23ab9894958ca677,4237,/project/6090753/active/ovcan_gq_analysis/wes_sarek_results_20251022/reports/markduplicates/OV3291_P46/OV3291_P46.md.cram.metrics,0fa8f88f2e5fee5dca36118ccb068e3c8d05026cddd5892f23ab9894958ca677,True,present
WQC0073,GATK CalculateContamination primary table,OV3291,data/cluster_wes_retrieval/2026-09-05/ovcan_human_wes_handoff_2026-09-05/sarek_3.5.1_run/variant_calling/mutect2/OV3291_P46/OV3291_P46.mutect2.contamination.table,sarek_3.5.1_run/variant_calling/mutect2/OV3291_P46/OV3291_P46.mutect2.contamination.table,2ca6869527c8c962f6f82115fdc856072f698128d366195e8aa7278dc79dd65e,92,/project/6090753/active/ovcan_gq_analysis/wes_sarek_results_20251022/variant_calling/mutect2/OV3291_P46/OV3291_P46.mutect2.contamination.table,2ca6869527c8c962f6f82115fdc856072f698128d366195e8aa7278dc79dd65e,True,present
WQC0074,samtools md primary report,OV3331,data/cluster_wes_retrieval/2026-09-05/ovcan_human_wes_handoff_2026-09-05/sarek_3.5.1_run/reports/samtools/OV3331_P54/OV3331_P54.md.cram.stats,sarek_3.5.1_run/reports/samtools/OV3331_P54/OV3331_P54.md.cram.stats,fd5c91e38e64c4e37bdf317a442410e42b1c9ad1e71803dd02d419acd7741da2,93643,/project/6090753/active/ovcan_gq_analysis/wes_sarek_results_20251022/reports/samtools/OV3331_P54/OV3331_P54.md.cram.stats,fd5c91e38e64c4e37bdf317a442410e42b1c9ad1e71803dd02d419acd7741da2,True,present
WQC0075,mosdepth md integer depth-sum and target length,OV3331,data/cluster_wes_retrieval/2026-09-05/ovcan_human_wes_handoff_2026-09-05/sarek_3.5.1_run/reports/mosdepth/OV3331_P54/OV3331_P54.md.mosdepth.summary.txt,sarek_3.5.1_run/reports/mosdepth/OV3331_P54/OV3331_P54.md.mosdepth.summary.txt,9a2e4646f9afecb7d814c2f3d45710d77500c87437f338ae8cf466718a2fac47,189742,/project/6090753/active/ovcan_gq_analysis/wes_sarek_results_20251022/reports/mosdepth/OV3331_P54/OV3331_P54.md.mosdepth.summary.txt,9a2e4646f9afecb7d814c2f3d45710d77500c87437f338ae8cf466718a2fac47,True,present
WQC0076,mosdepth md per-base target cumulative fractions,OV3331,data/cluster_wes_retrieval/2026-09-05/ovcan_human_wes_handoff_2026-09-05/sarek_3.5.1_run/reports/mosdepth/OV3331_P54/OV3331_P54.md.mosdepth.region.dist.txt,sarek_3.5.1_run/reports/mosdepth/OV3331_P54/OV3331_P54.md.mosdepth.region.dist.txt,0a0eca37b332109c5ad97f444651f3df29d7d278bf332f99f022fb22fc84e3f0,837295,/project/6090753/active/ovcan_gq_analysis/wes_sarek_results_20251022/reports/mosdepth/OV3331_P54/OV3331_P54.md.mosdepth.region.dist.txt,0a0eca37b332109c5ad97f444651f3df29d7d278bf332f99f022fb22fc84e3f0,True,present
WQC0077,samtools recal primary report,OV3331,data/cluster_wes_retrieval/2026-09-05/ovcan_human_wes_handoff_2026-09-05/sarek_3.5.1_run/reports/samtools/OV3331_P54/OV3331_P54.recal.cram.stats,sarek_3.5.1_run/reports/samtools/OV3331_P54/OV3331_P54.recal.cram.stats,f041b6f1055670e7e5314f426cd6f65de58c8a8f6e40cae8090cf74f2dfd28ad,115710,/project/6090753/active/ovcan_gq_analysis/wes_sarek_results_20251022/reports/samtools/OV3331_P54/OV3331_P54.recal.cram.stats,f041b6f1055670e7e5314f426cd6f65de58c8a8f6e40cae8090cf74f2dfd28ad,True,present
WQC0078,mosdepth recal integer depth-sum and target length,OV3331,data/cluster_wes_retrieval/2026-09-05/ovcan_human_wes_handoff_2026-09-05/sarek_3.5.1_run/reports/mosdepth/OV3331_P54/OV3331_P54.recal.mosdepth.summary.txt,sarek_3.5.1_run/reports/mosdepth/OV3331_P54/OV3331_P54.recal.mosdepth.summary.txt,3dda4597793e2012b6edb16afb6556c1d271d53e39eea28fdcd6c5d5757faf43,3128,/project/6090753/active/ovcan_gq_analysis/wes_sarek_results_20251022/reports/mosdepth/OV3331_P54/OV3331_P54.recal.mosdepth.summary.txt,3dda4597793e2012b6edb16afb6556c1d271d53e39eea28fdcd6c5d5757faf43,True,present
WQC0079,mosdepth recal per-base target cumulative fractions,OV3331,data/cluster_wes_retrieval/2026-09-05/ovcan_human_wes_handoff_2026-09-05/sarek_3.5.1_run/reports/mosdepth/OV3331_P54/OV3331_P54.recal.mosdepth.region.dist.txt,sarek_3.5.1_run/reports/mosdepth/OV3331_P54/OV3331_P54.recal.mosdepth.region.dist.txt,9e19e2da5303f87a06e1897258251595b750c06a66c98840c5963ab4eb53da25,837211,/project/6090753/active/ovcan_gq_analysis/wes_sarek_results_20251022/reports/mosdepth/OV3331_P54/OV3331_P54.recal.mosdepth.region.dist.txt,9e19e2da5303f87a06e1897258251595b750c06a66c98840c5963ab4eb53da25,True,present
WQC0080,Picard/GATK MarkDuplicates primary library metrics,OV3331,data/cluster_wes_retrieval/2026-09-05/ovcan_human_wes_handoff_2026-09-05/sarek_3.5.1_run/reports/markduplicates/OV3331_P54/OV3331_P54.md.cram.metrics,sarek_3.5.1_run/reports/markduplicates/OV3331_P54/OV3331_P54.md.cram.metrics,c65198deb94797c0b19fed65ec1858a5e28d7714544a2ff95f1c425dc77f0186,4411,/project/6090753/active/ovcan_gq_analysis/wes_sarek_results_20251022/reports/markduplicates/OV3331_P54/OV3331_P54.md.cram.metrics,c65198deb94797c0b19fed65ec1858a5e28d7714544a2ff95f1c425dc77f0186,True,present
WQC0081,GATK CalculateContamination primary table,OV3331,data/cluster_wes_retrieval/2026-09-05/ovcan_human_wes_handoff_2026-09-05/sarek_3.5.1_run/variant_calling/mutect2/OV3331_P54/OV3331_P54.mutect2.contamination.table,sarek_3.5.1_run/variant_calling/mutect2/OV3331_P54/OV3331_P54.mutect2.contamination.table,1f9897cddb319c3d046b62afb7d46428519c6298816fde4cd1e573ad0bb2ce9c,92,/project/6090753/active/ovcan_gq_analysis/wes_sarek_results_20251022/variant_calling/mutect2/OV3331_P54/OV3331_P54.mutect2.contamination.table,1f9897cddb319c3d046b62afb7d46428519c6298816fde4cd1e573ad0bb2ce9c,True,present
WQC0082,samtools md primary report,OV90,data/cluster_wes_retrieval/2026-09-05/ovcan_human_wes_handoff_2026-09-05/sarek_3.5.1_run/reports/samtools/OV90_P63/OV90_P63.md.cram.stats,sarek_3.5.1_run/reports/samtools/OV90_P63/OV90_P63.md.cram.stats,902cb0a1b0c99ef66329acf34adf02ff0afaae9cf231e71dd1448f24f640bde2,95257,/project/6090753/active/ovcan_gq_analysis/wes_sarek_results_20251022/reports/samtools/OV90_P63/OV90_P63.md.cram.stats,902cb0a1b0c99ef66329acf34adf02ff0afaae9cf231e71dd1448f24f640bde2,True,present
WQC0083,mosdepth md integer depth-sum and target length,OV90,data/cluster_wes_retrieval/2026-09-05/ovcan_human_wes_handoff_2026-09-05/sarek_3.5.1_run/reports/mosdepth/OV90_P63/OV90_P63.md.mosdepth.summary.txt,sarek_3.5.1_run/reports/mosdepth/OV90_P63/OV90_P63.md.mosdepth.summary.txt,51c48d55b0429a1bc956c1d4034ad78dbf27a8fd0b6010932722077f5e7d906e,217565,/project/6090753/active/ovcan_gq_analysis/wes_sarek_results_20251022/reports/mosdepth/OV90_P63/OV90_P63.md.mosdepth.summary.txt,51c48d55b0429a1bc956c1d4034ad78dbf27a8fd0b6010932722077f5e7d906e,True,present
WQC0084,mosdepth md per-base target cumulative fractions,OV90,data/cluster_wes_retrieval/2026-09-05/ovcan_human_wes_handoff_2026-09-05/sarek_3.5.1_run/reports/mosdepth/OV90_P63/OV90_P63.md.mosdepth.region.dist.txt,sarek_3.5.1_run/reports/mosdepth/OV90_P63/OV90_P63.md.mosdepth.region.dist.txt,a759b9ad503e26c96613885380649782a443c5cd2eb3e22d2773627c718c5873,842506,/project/6090753/active/ovcan_gq_analysis/wes_sarek_results_20251022/reports/mosdepth/OV90_P63/OV90_P63.md.mosdepth.region.dist.txt,a759b9ad503e26c96613885380649782a443c5cd2eb3e22d2773627c718c5873,True,present
WQC0085,samtools recal primary report,OV90,data/cluster_wes_retrieval/2026-09-05/ovcan_human_wes_handoff_2026-09-05/sarek_3.5.1_run/reports/samtools/OV90_P63/OV90_P63.recal.cram.stats,sarek_3.5.1_run/reports/samtools/OV90_P63/OV90_P63.recal.cram.stats,494d8f9c1b15de4033a0156ebc45a825605eff4d875488bb37cc3bb18f325800,115845,/project/6090753/active/ovcan_gq_analysis/wes_sarek_results_20251022/reports/samtools/OV90_P63/OV90_P63.recal.cram.stats,494d8f9c1b15de4033a0156ebc45a825605eff4d875488bb37cc3bb18f325800,True,present
WQC0086,mosdepth recal integer depth-sum and target length,OV90,data/cluster_wes_retrieval/2026-09-05/ovcan_human_wes_handoff_2026-09-05/sarek_3.5.1_run/reports/mosdepth/OV90_P63/OV90_P63.recal.mosdepth.summary.txt,sarek_3.5.1_run/reports/mosdepth/OV90_P63/OV90_P63.recal.mosdepth.summary.txt,c98775d017f256118397512da689f2a8a477f984f925b2913ef42c3fa4e2cc8e,3220,/project/6090753/active/ovcan_gq_analysis/wes_sarek_results_20251022/reports/mosdepth/OV90_P63/OV90_P63.recal.mosdepth.summary.txt,c98775d017f256118397512da689f2a8a477f984f925b2913ef42c3fa4e2cc8e,True,present
WQC0087,mosdepth recal per-base target cumulative fractions,OV90,data/cluster_wes_retrieval/2026-09-05/ovcan_human_wes_handoff_2026-09-05/sarek_3.5.1_run/reports/mosdepth/OV90_P63/OV90_P63.recal.mosdepth.region.dist.txt,sarek_3.5.1_run/reports/mosdepth/OV90_P63/OV90_P63.recal.mosdepth.region.dist.txt,7aa5dca5a6f1109ba9887f581910b99718ae457a84392952922431f10ccfce97,842450,/project/6090753/active/ovcan_gq_analysis/wes_sarek_results_20251022/reports/mosdepth/OV90_P63/OV90_P63.recal.mosdepth.region.dist.txt,7aa5dca5a6f1109ba9887f581910b99718ae457a84392952922431f10ccfce97,True,present
WQC0088,Picard/GATK MarkDuplicates primary library metrics,OV90,data/cluster_wes_retrieval/2026-09-05/ovcan_human_wes_handoff_2026-09-05/sarek_3.5.1_run/reports/markduplicates/OV90_P63/OV90_P63.md.cram.metrics,sarek_3.5.1_run/reports/markduplicates/OV90_P63/OV90_P63.md.cram.metrics,be084702b7dd603383635a7e8767e7b3580125a5d70f44ab2e7fc9e1841a2f99,4242,/project/6090753/active/ovcan_gq_analysis/wes_sarek_results_20251022/reports/markduplicates/OV90_P63/OV90_P63.md.cram.metrics,be084702b7dd603383635a7e8767e7b3580125a5d70f44ab2e7fc9e1841a2f99,True,present
WQC0089,GATK CalculateContamination primary table,OV90,data/cluster_wes_retrieval/2026-09-05/ovcan_human_wes_handoff_2026-09-05/sarek_3.5.1_run/variant_calling/mutect2/OV90_P63/OV90_P63.mutect2.contamination.table,sarek_3.5.1_run/variant_calling/mutect2/OV90_P63/OV90_P63.mutect2.contamination.table,d5804c76a58477e6dffcc9d41931058177c84b974e9e1caf7cd50d5e79c3a369,87,/project/6090753/active/ovcan_gq_analysis/wes_sarek_results_20251022/variant_calling/mutect2/OV90_P63/OV90_P63.mutect2.contamination.table,d5804c76a58477e6dffcc9d41931058177c84b974e9e1caf7cd50d5e79c3a369,True,present
WQC0090,samtools md primary report,TOV112D,data/cluster_wes_retrieval/2026-09-05/ovcan_human_wes_handoff_2026-09-05/sarek_3.5.1_run/reports/samtools/TOV112D_P83/TOV112D_P83.md.cram.stats,sarek_3.5.1_run/reports/samtools/TOV112D_P83/TOV112D_P83.md.cram.stats,8e148b8afde2f14d6cfb3500cd2e22066d8d1204107dafef896307c27e48bdb4,93986,/project/6090753/active/ovcan_gq_analysis/wes_sarek_results_20251022/reports/samtools/TOV112D_P83/TOV112D_P83.md.cram.stats,8e148b8afde2f14d6cfb3500cd2e22066d8d1204107dafef896307c27e48bdb4,True,present
WQC0091,mosdepth md integer depth-sum and target length,TOV112D,data/cluster_wes_retrieval/2026-09-05/ovcan_human_wes_handoff_2026-09-05/sarek_3.5.1_run/reports/mosdepth/TOV112D_P83/TOV112D_P83.md.mosdepth.summary.txt,sarek_3.5.1_run/reports/mosdepth/TOV112D_P83/TOV112D_P83.md.mosdepth.summary.txt,75634e24aab51382a493f48567845e734903a1c2d72204f336af4e78a457f30a,187939,/project/6090753/active/ovcan_gq_analysis/wes_sarek_results_20251022/reports/mosdepth/TOV112D_P83/TOV112D_P83.md.mosdepth.summary.txt,75634e24aab51382a493f48567845e734903a1c2d72204f336af4e78a457f30a,True,present
WQC0092,mosdepth md per-base target cumulative fractions,TOV112D,data/cluster_wes_retrieval/2026-09-05/ovcan_human_wes_handoff_2026-09-05/sarek_3.5.1_run/reports/mosdepth/TOV112D_P83/TOV112D_P83.md.mosdepth.region.dist.txt,sarek_3.5.1_run/reports/mosdepth/TOV112D_P83/TOV112D_P83.md.mosdepth.region.dist.txt,619b572d60bcb44832471c44bba07590601c47fce8eb110abec648f2ffc9b63a,866309,/project/6090753/active/ovcan_gq_analysis/wes_sarek_results_20251022/reports/mosdepth/TOV112D_P83/TOV112D_P83.md.mosdepth.region.dist.txt,619b572d60bcb44832471c44bba07590601c47fce8eb110abec648f2ffc9b63a,True,present
WQC0093,samtools recal primary report,TOV112D,data/cluster_wes_retrieval/2026-09-05/ovcan_human_wes_handoff_2026-09-05/sarek_3.5.1_run/reports/samtools/TOV112D_P83/TOV112D_P83.recal.cram.stats,sarek_3.5.1_run/reports/samtools/TOV112D_P83/TOV112D_P83.recal.cram.stats,c0759cb67363f1fb36cafebb58ef46ae21fe12d63564b1edeb62d0332fa18e94,117233,/project/6090753/active/ovcan_gq_analysis/wes_sarek_results_20251022/reports/samtools/TOV112D_P83/TOV112D_P83.recal.cram.stats,c0759cb67363f1fb36cafebb58ef46ae21fe12d63564b1edeb62d0332fa18e94,True,present
WQC0094,mosdepth recal integer depth-sum and target length,TOV112D,data/cluster_wes_retrieval/2026-09-05/ovcan_human_wes_handoff_2026-09-05/sarek_3.5.1_run/reports/mosdepth/TOV112D_P83/TOV112D_P83.recal.mosdepth.summary.txt,sarek_3.5.1_run/reports/mosdepth/TOV112D_P83/TOV112D_P83.recal.mosdepth.summary.txt,c868d5b9ef8422fe606673ea3f1255da8459d6cfe1f0a4eb7fc79afc577e44a8,3146,/project/6090753/active/ovcan_gq_analysis/wes_sarek_results_20251022/reports/mosdepth/TOV112D_P83/TOV112D_P83.recal.mosdepth.summary.txt,c868d5b9ef8422fe606673ea3f1255da8459d6cfe1f0a4eb7fc79afc577e44a8,True,present
WQC0095,mosdepth recal per-base target cumulative fractions,TOV112D,data/cluster_wes_retrieval/2026-09-05/ovcan_human_wes_handoff_2026-09-05/sarek_3.5.1_run/reports/mosdepth/TOV112D_P83/TOV112D_P83.recal.mosdepth.region.dist.txt,sarek_3.5.1_run/reports/mosdepth/TOV112D_P83/TOV112D_P83.recal.mosdepth.region.dist.txt,2e96ef00d49f36e16774feb6f289ca953f0793c6d8b950c8d9502953b89d2412,866225,/project/6090753/active/ovcan_gq_analysis/wes_sarek_results_20251022/reports/mosdepth/TOV112D_P83/TOV112D_P83.recal.mosdepth.region.dist.txt,2e96ef00d49f36e16774feb6f289ca953f0793c6d8b950c8d9502953b89d2412,True,present
WQC0096,Picard/GATK MarkDuplicates primary library metrics,TOV112D,data/cluster_wes_retrieval/2026-09-05/ovcan_human_wes_handoff_2026-09-05/sarek_3.5.1_run/reports/markduplicates/TOV112D_P83/TOV112D_P83.md.cram.metrics,sarek_3.5.1_run/reports/markduplicates/TOV112D_P83/TOV112D_P83.md.cram.metrics,3f8c54f32959805c3cc0b3b82065a6991269e01cf8c63306bc5b9010747f2e77,4504,/project/6090753/active/ovcan_gq_analysis/wes_sarek_results_20251022/reports/markduplicates/TOV112D_P83/TOV112D_P83.md.cram.metrics,3f8c54f32959805c3cc0b3b82065a6991269e01cf8c63306bc5b9010747f2e77,True,present
WQC0097,GATK CalculateContamination primary table,TOV112D,data/cluster_wes_retrieval/2026-09-05/ovcan_human_wes_handoff_2026-09-05/sarek_3.5.1_run/variant_calling/mutect2/TOV112D_P83/TOV112D_P83.mutect2.contamination.table,sarek_3.5.1_run/variant_calling/mutect2/TOV112D_P83/TOV112D_P83.mutect2.contamination.table,8f7f607cb3bfa2031c96bcdb9a673701bd7b148dcce740d984998c2ce92fe58f,93,/project/6090753/active/ovcan_gq_analysis/wes_sarek_results_20251022/variant_calling/mutect2/TOV112D_P83/TOV112D_P83.mutect2.contamination.table,8f7f607cb3bfa2031c96bcdb9a673701bd7b148dcce740d984998c2ce92fe58f,True,present
WQC0098,samtools md primary report,TOV1369,data/cluster_wes_retrieval/2026-09-05/ovcan_human_wes_handoff_2026-09-05/sarek_3.5.1_run/reports/samtools/TOV1369_P65/TOV1369_P65.md.cram.stats,sarek_3.5.1_run/reports/samtools/TOV1369_P65/TOV1369_P65.md.cram.stats,e5d3a443af74922f327eff10d21c818f99050c0a721bf3a8d974182e622ad253,94315,/project/6090753/active/ovcan_gq_analysis/wes_sarek_results_20251022/reports/samtools/TOV1369_P65/TOV1369_P65.md.cram.stats,e5d3a443af74922f327eff10d21c818f99050c0a721bf3a8d974182e622ad253,True,present
WQC0099,mosdepth md integer depth-sum and target length,TOV1369,data/cluster_wes_retrieval/2026-09-05/ovcan_human_wes_handoff_2026-09-05/sarek_3.5.1_run/reports/mosdepth/TOV1369_P65/TOV1369_P65.md.mosdepth.summary.txt,sarek_3.5.1_run/reports/mosdepth/TOV1369_P65/TOV1369_P65.md.mosdepth.summary.txt,953d55eb1d6dcc9c9006e02d29389386672d94551d8074d178d42c748514ecda,200659,/project/6090753/active/ovcan_gq_analysis/wes_sarek_results_20251022/reports/mosdepth/TOV1369_P65/TOV1369_P65.md.mosdepth.summary.txt,953d55eb1d6dcc9c9006e02d29389386672d94551d8074d178d42c748514ecda,True,present
WQC0100,mosdepth md per-base target cumulative fractions,TOV1369,data/cluster_wes_retrieval/2026-09-05/ovcan_human_wes_handoff_2026-09-05/sarek_3.5.1_run/reports/mosdepth/TOV1369_P65/TOV1369_P65.md.mosdepth.region.dist.txt,sarek_3.5.1_run/reports/mosdepth/TOV1369_P65/TOV1369_P65.md.mosdepth.region.dist.txt,f1262ae49f0aa9ca293412005fe3dca8063dfa3c1c61b45a76ae1b5940185476,950962,/project/6090753/active/ovcan_gq_analysis/wes_sarek_results_20251022/reports/mosdepth/TOV1369_P65/TOV1369_P65.md.mosdepth.region.dist.txt,f1262ae49f0aa9ca293412005fe3dca8063dfa3c1c61b45a76ae1b5940185476,True,present
WQC0101,samtools recal primary report,TOV1369,data/cluster_wes_retrieval/2026-09-05/ovcan_human_wes_handoff_2026-09-05/sarek_3.5.1_run/reports/samtools/TOV1369_P65/TOV1369_P65.recal.cram.stats,sarek_3.5.1_run/reports/samtools/TOV1369_P65/TOV1369_P65.recal.cram.stats,629df3a0d5214e4c3303eac5c05baa95b7084f69508e7e0df47699cd912952af,117191,/project/6090753/active/ovcan_gq_analysis/wes_sarek_results_20251022/reports/samtools/TOV1369_P65/TOV1369_P65.recal.cram.stats,629df3a0d5214e4c3303eac5c05baa95b7084f69508e7e0df47699cd912952af,True,present
WQC0102,mosdepth recal integer depth-sum and target length,TOV1369,data/cluster_wes_retrieval/2026-09-05/ovcan_human_wes_handoff_2026-09-05/sarek_3.5.1_run/reports/mosdepth/TOV1369_P65/TOV1369_P65.recal.mosdepth.summary.txt,sarek_3.5.1_run/reports/mosdepth/TOV1369_P65/TOV1369_P65.recal.mosdepth.summary.txt,7e03cae488377c00c9da9b05ac74fce14663e3f5c508b3d4e517bc8700a7f4b4,3233,/project/6090753/active/ovcan_gq_analysis/wes_sarek_results_20251022/reports/mosdepth/TOV1369_P65/TOV1369_P65.recal.mosdepth.summary.txt,7e03cae488377c00c9da9b05ac74fce14663e3f5c508b3d4e517bc8700a7f4b4,True,present
WQC0103,mosdepth recal per-base target cumulative fractions,TOV1369,data/cluster_wes_retrieval/2026-09-05/ovcan_human_wes_handoff_2026-09-05/sarek_3.5.1_run/reports/mosdepth/TOV1369_P65/TOV1369_P65.recal.mosdepth.region.dist.txt,sarek_3.5.1_run/reports/mosdepth/TOV1369_P65/TOV1369_P65.recal.mosdepth.region.dist.txt,f8b0eb961e176a9f840dc4ef53c0b4375fc917a458764048967e6aee5048379b,950906,/project/6090753/active/ovcan_gq_analysis/wes_sarek_results_20251022/reports/mosdepth/TOV1369_P65/TOV1369_P65.recal.mosdepth.region.dist.txt,f8b0eb961e176a9f840dc4ef53c0b4375fc917a458764048967e6aee5048379b,True,present
WQC0104,Picard/GATK MarkDuplicates primary library metrics,TOV1369,data/cluster_wes_retrieval/2026-09-05/ovcan_human_wes_handoff_2026-09-05/sarek_3.5.1_run/reports/markduplicates/TOV1369_P65/TOV1369_P65.md.cram.metrics,sarek_3.5.1_run/reports/markduplicates/TOV1369_P65/TOV1369_P65.md.cram.metrics,5fdb20e1a24f41b590a51e35bec150b3020f9c61eef1494777c09c4689577a19,4263,/project/6090753/active/ovcan_gq_analysis/wes_sarek_results_20251022/reports/markduplicates/TOV1369_P65/TOV1369_P65.md.cram.metrics,5fdb20e1a24f41b590a51e35bec150b3020f9c61eef1494777c09c4689577a19,True,present
WQC0105,GATK CalculateContamination primary table,TOV1369,data/cluster_wes_retrieval/2026-09-05/ovcan_human_wes_handoff_2026-09-05/sarek_3.5.1_run/variant_calling/mutect2/TOV1369_P65/TOV1369_P65.mutect2.contamination.table,sarek_3.5.1_run/variant_calling/mutect2/TOV1369_P65/TOV1369_P65.mutect2.contamination.table,382306d2b4b5a451200ab12b54cde9bf73310c02a16e60e6636ae181fb208792,94,/project/6090753/active/ovcan_gq_analysis/wes_sarek_results_20251022/variant_calling/mutect2/TOV1369_P65/TOV1369_P65.mutect2.contamination.table,382306d2b4b5a451200ab12b54cde9bf73310c02a16e60e6636ae181fb208792,True,present
WQC0106,samtools md primary report,TOV21G,data/cluster_wes_retrieval/2026-09-05/ovcan_human_wes_handoff_2026-09-05/sarek_3.5.1_run/reports/samtools/TOV21G_P59/TOV21G_P59.md.cram.stats,sarek_3.5.1_run/reports/samtools/TOV21G_P59/TOV21G_P59.md.cram.stats,af97f0cbef5f1c468124f086b9674bd71e97d36f71e36c11d015feec18989d3b,93425,/project/6090753/active/ovcan_gq_analysis/wes_sarek_results_20251022/reports/samtools/TOV21G_P59/TOV21G_P59.md.cram.stats,af97f0cbef5f1c468124f086b9674bd71e97d36f71e36c11d015feec18989d3b,True,present
WQC0107,mosdepth md integer depth-sum and target length,TOV21G,data/cluster_wes_retrieval/2026-09-05/ovcan_human_wes_handoff_2026-09-05/sarek_3.5.1_run/reports/mosdepth/TOV21G_P59/TOV21G_P59.md.mosdepth.summary.txt,sarek_3.5.1_run/reports/mosdepth/TOV21G_P59/TOV21G_P59.md.mosdepth.summary.txt,f8c539f13fad0292fdf2530dd7344232ba9aafe2b5f0e744059f4402f697ccb9,202964,/project/6090753/active/ovcan_gq_analysis/wes_sarek_results_20251022/reports/mosdepth/TOV21G_P59/TOV21G_P59.md.mosdepth.summary.txt,f8c539f13fad0292fdf2530dd7344232ba9aafe2b5f0e744059f4402f697ccb9,True,present
WQC0108,mosdepth md per-base target cumulative fractions,TOV21G,data/cluster_wes_retrieval/2026-09-05/ovcan_human_wes_handoff_2026-09-05/sarek_3.5.1_run/reports/mosdepth/TOV21G_P59/TOV21G_P59.md.mosdepth.region.dist.txt,sarek_3.5.1_run/reports/mosdepth/TOV21G_P59/TOV21G_P59.md.mosdepth.region.dist.txt,60276b3d2df089de93ccc0c22840a802be0fe9c3d2decc670b4d7fff744cbd65,900493,/project/6090753/active/ovcan_gq_analysis/wes_sarek_results_20251022/reports/mosdepth/TOV21G_P59/TOV21G_P59.md.mosdepth.region.dist.txt,60276b3d2df089de93ccc0c22840a802be0fe9c3d2decc670b4d7fff744cbd65,True,present
WQC0109,samtools recal primary report,TOV21G,data/cluster_wes_retrieval/2026-09-05/ovcan_human_wes_handoff_2026-09-05/sarek_3.5.1_run/reports/samtools/TOV21G_P59/TOV21G_P59.recal.cram.stats,sarek_3.5.1_run/reports/samtools/TOV21G_P59/TOV21G_P59.recal.cram.stats,b3946d6457d1e8fa0714cb9f454858e2e643fce2241261d082af3499e448f641,116073,/project/6090753/active/ovcan_gq_analysis/wes_sarek_results_20251022/reports/samtools/TOV21G_P59/TOV21G_P59.recal.cram.stats,b3946d6457d1e8fa0714cb9f454858e2e643fce2241261d082af3499e448f641,True,present
WQC0110,mosdepth recal integer depth-sum and target length,TOV21G,data/cluster_wes_retrieval/2026-09-05/ovcan_human_wes_handoff_2026-09-05/sarek_3.5.1_run/reports/mosdepth/TOV21G_P59/TOV21G_P59.recal.mosdepth.summary.txt,sarek_3.5.1_run/reports/mosdepth/TOV21G_P59/TOV21G_P59.recal.mosdepth.summary.txt,3479f8962ed3d33d0f958d8de3386447c96e570bfecc044e1a8868e790bb7d80,3229,/project/6090753/active/ovcan_gq_analysis/wes_sarek_results_20251022/reports/mosdepth/TOV21G_P59/TOV21G_P59.recal.mosdepth.summary.txt,3479f8962ed3d33d0f958d8de3386447c96e570bfecc044e1a8868e790bb7d80,True,present
WQC0111,mosdepth recal per-base target cumulative fractions,TOV21G,data/cluster_wes_retrieval/2026-09-05/ovcan_human_wes_handoff_2026-09-05/sarek_3.5.1_run/reports/mosdepth/TOV21G_P59/TOV21G_P59.recal.mosdepth.region.dist.txt,sarek_3.5.1_run/reports/mosdepth/TOV21G_P59/TOV21G_P59.recal.mosdepth.region.dist.txt,ca05f2ead614cdf31c57da46b5096f8e4f79d86d00ecdc176df2db9d50c1faaa,900437,/project/6090753/active/ovcan_gq_analysis/wes_sarek_results_20251022/reports/mosdepth/TOV21G_P59/TOV21G_P59.recal.mosdepth.region.dist.txt,ca05f2ead614cdf31c57da46b5096f8e4f79d86d00ecdc176df2db9d50c1faaa,True,present
WQC0112,Picard/GATK MarkDuplicates primary library metrics,TOV21G,data/cluster_wes_retrieval/2026-09-05/ovcan_human_wes_handoff_2026-09-05/sarek_3.5.1_run/reports/markduplicates/TOV21G_P59/TOV21G_P59.md.cram.metrics,sarek_3.5.1_run/reports/markduplicates/TOV21G_P59/TOV21G_P59.md.cram.metrics,50e0a2b7c41cf4a207d5f3e36b173fff11f69dc28f2aaca2a6c3cbd939443aa7,4383,/project/6090753/active/ovcan_gq_analysis/wes_sarek_results_20251022/reports/markduplicates/TOV21G_P59/TOV21G_P59.md.cram.metrics,50e0a2b7c41cf4a207d5f3e36b173fff11f69dc28f2aaca2a6c3cbd939443aa7,True,present
WQC0113,GATK CalculateContamination primary table,TOV21G,data/cluster_wes_retrieval/2026-09-05/ovcan_human_wes_handoff_2026-09-05/sarek_3.5.1_run/variant_calling/mutect2/TOV21G_P59/TOV21G_P59.mutect2.contamination.table,sarek_3.5.1_run/variant_calling/mutect2/TOV21G_P59/TOV21G_P59.mutect2.contamination.table,b3e44aa90fe9a13df0c4fb324d784f17e4fefc25d8ba7a1134a6aa6537544251,91,/project/6090753/active/ovcan_gq_analysis/wes_sarek_results_20251022/variant_calling/mutect2/TOV21G_P59/TOV21G_P59.mutect2.contamination.table,b3e44aa90fe9a13df0c4fb324d784f17e4fefc25d8ba7a1134a6aa6537544251,True,present
WQC0114,samtools md primary report,TOV2295-R,data/cluster_wes_retrieval/2026-09-05/ovcan_human_wes_handoff_2026-09-05/sarek_3.5.1_run/reports/samtools/TOV2295_R_P57/TOV2295_R_P57.md.cram.stats,sarek_3.5.1_run/reports/samtools/TOV2295_R_P57/TOV2295_R_P57.md.cram.stats,ab57f9036f7301165f53acb5cc88744ec700988fba38ad9a22995da101de5fb2,94215,/project/6090753/active/ovcan_gq_analysis/wes_sarek_results_20251022/reports/samtools/TOV2295_R_P57/TOV2295_R_P57.md.cram.stats,ab57f9036f7301165f53acb5cc88744ec700988fba38ad9a22995da101de5fb2,True,present
WQC0115,mosdepth md integer depth-sum and target length,TOV2295-R,data/cluster_wes_retrieval/2026-09-05/ovcan_human_wes_handoff_2026-09-05/sarek_3.5.1_run/reports/mosdepth/TOV2295_R_P57/TOV2295_R_P57.md.mosdepth.summary.txt,sarek_3.5.1_run/reports/mosdepth/TOV2295_R_P57/TOV2295_R_P57.md.mosdepth.summary.txt,e59e0ae91ce790ad61e5522de0fcaee99585c4901d6c4c4b1c3b3b7c43d05d15,201473,/project/6090753/active/ovcan_gq_analysis/wes_sarek_results_20251022/reports/mosdepth/TOV2295_R_P57/TOV2295_R_P57.md.mosdepth.summary.txt,e59e0ae91ce790ad61e5522de0fcaee99585c4901d6c4c4b1c3b3b7c43d05d15,True,present
WQC0116,mosdepth md per-base target cumulative fractions,TOV2295-R,data/cluster_wes_retrieval/2026-09-05/ovcan_human_wes_handoff_2026-09-05/sarek_3.5.1_run/reports/mosdepth/TOV2295_R_P57/TOV2295_R_P57.md.mosdepth.region.dist.txt,sarek_3.5.1_run/reports/mosdepth/TOV2295_R_P57/TOV2295_R_P57.md.mosdepth.region.dist.txt,be3cf403ad4c7234ddcffc72c49cecbe5f2e98a16ee5c1dd38058c60ae9feb36,755610,/project/6090753/active/ovcan_gq_analysis/wes_sarek_results_20251022/reports/mosdepth/TOV2295_R_P57/TOV2295_R_P57.md.mosdepth.region.dist.txt,be3cf403ad4c7234ddcffc72c49cecbe5f2e98a16ee5c1dd38058c60ae9feb36,True,present
WQC0117,samtools recal primary report,TOV2295-R,data/cluster_wes_retrieval/2026-09-05/ovcan_human_wes_handoff_2026-09-05/sarek_3.5.1_run/reports/samtools/TOV2295_R_P57/TOV2295_R_P57.recal.cram.stats,sarek_3.5.1_run/reports/samtools/TOV2295_R_P57/TOV2295_R_P57.recal.cram.stats,4c58f88022cbf7b93193b6d7a024984c638291ccbbb32f33a337749ec2c83696,118344,/project/6090753/active/ovcan_gq_analysis/wes_sarek_results_20251022/reports/samtools/TOV2295_R_P57/TOV2295_R_P57.recal.cram.stats,4c58f88022cbf7b93193b6d7a024984c638291ccbbb32f33a337749ec2c83696,True,present
WQC0118,mosdepth recal integer depth-sum and target length,TOV2295-R,data/cluster_wes_retrieval/2026-09-05/ovcan_human_wes_handoff_2026-09-05/sarek_3.5.1_run/reports/mosdepth/TOV2295_R_P57/TOV2295_R_P57.recal.mosdepth.summary.txt,sarek_3.5.1_run/reports/mosdepth/TOV2295_R_P57/TOV2295_R_P57.recal.mosdepth.summary.txt,6264f137e59570e9146592165a1b01c7df490ee801f8ad2679c6d91c89b8d4f1,3199,/project/6090753/active/ovcan_gq_analysis/wes_sarek_results_20251022/reports/mosdepth/TOV2295_R_P57/TOV2295_R_P57.recal.mosdepth.summary.txt,6264f137e59570e9146592165a1b01c7df490ee801f8ad2679c6d91c89b8d4f1,True,present
WQC0119,mosdepth recal per-base target cumulative fractions,TOV2295-R,data/cluster_wes_retrieval/2026-09-05/ovcan_human_wes_handoff_2026-09-05/sarek_3.5.1_run/reports/mosdepth/TOV2295_R_P57/TOV2295_R_P57.recal.mosdepth.region.dist.txt,sarek_3.5.1_run/reports/mosdepth/TOV2295_R_P57/TOV2295_R_P57.recal.mosdepth.region.dist.txt,3cb38d6f890c69949ef2224c21d91bbdf4e1d2df806d48393861d7eab00cdc46,755554,/project/6090753/active/ovcan_gq_analysis/wes_sarek_results_20251022/reports/mosdepth/TOV2295_R_P57/TOV2295_R_P57.recal.mosdepth.region.dist.txt,3cb38d6f890c69949ef2224c21d91bbdf4e1d2df806d48393861d7eab00cdc46,True,present
WQC0120,Picard/GATK MarkDuplicates primary library metrics,TOV2295-R,data/cluster_wes_retrieval/2026-09-05/ovcan_human_wes_handoff_2026-09-05/sarek_3.5.1_run/reports/markduplicates/TOV2295_R_P57/TOV2295_R_P57.md.cram.metrics,sarek_3.5.1_run/reports/markduplicates/TOV2295_R_P57/TOV2295_R_P57.md.cram.metrics,c24706f7f5de3f04e9b9880c35cfce3d7d1ea15a71628f19fd17bc62934b0008,4329,/project/6090753/active/ovcan_gq_analysis/wes_sarek_results_20251022/reports/markduplicates/TOV2295_R_P57/TOV2295_R_P57.md.cram.metrics,c24706f7f5de3f04e9b9880c35cfce3d7d1ea15a71628f19fd17bc62934b0008,True,present
WQC0121,GATK CalculateContamination primary table,TOV2295-R,data/cluster_wes_retrieval/2026-09-05/ovcan_human_wes_handoff_2026-09-05/sarek_3.5.1_run/variant_calling/mutect2/TOV2295_R_P57/TOV2295_R_P57.mutect2.contamination.table,sarek_3.5.1_run/variant_calling/mutect2/TOV2295_R_P57/TOV2295_R_P57.mutect2.contamination.table,91ce16debca86d4ab9c5c8f9410b2fff0d14468e46305731004cc2aa5babf7b7,98,/project/6090753/active/ovcan_gq_analysis/wes_sarek_results_20251022/variant_calling/mutect2/TOV2295_R_P57/TOV2295_R_P57.mutect2.contamination.table,91ce16debca86d4ab9c5c8f9410b2fff0d14468e46305731004cc2aa5babf7b7,True,present
WQC0122,samtools md primary report,TOV2414,data/cluster_wes_retrieval/2026-09-05/ovcan_human_wes_handoff_2026-09-05/sarek_3.5.1_run/reports/samtools/TOV2414_P65/TOV2414_P65.md.cram.stats,sarek_3.5.1_run/reports/samtools/TOV2414_P65/TOV2414_P65.md.cram.stats,083db616fc2acf959aca7bedcbe7e6ecadb485b21c8d1be04fd2cd2a07ab58e6,95339,/project/6090753/active/ovcan_gq_analysis/wes_sarek_results_20251022/reports/samtools/TOV2414_P65/TOV2414_P65.md.cram.stats,083db616fc2acf959aca7bedcbe7e6ecadb485b21c8d1be04fd2cd2a07ab58e6,True,present
WQC0123,mosdepth md integer depth-sum and target length,TOV2414,data/cluster_wes_retrieval/2026-09-05/ovcan_human_wes_handoff_2026-09-05/sarek_3.5.1_run/reports/mosdepth/TOV2414_P65/TOV2414_P65.md.mosdepth.summary.txt,sarek_3.5.1_run/reports/mosdepth/TOV2414_P65/TOV2414_P65.md.mosdepth.summary.txt,91e054eb7e3d9a4bf8fa201798002ab9f565f46440407e3918c7c7180f99e6d9,208476,/project/6090753/active/ovcan_gq_analysis/wes_sarek_results_20251022/reports/mosdepth/TOV2414_P65/TOV2414_P65.md.mosdepth.summary.txt,91e054eb7e3d9a4bf8fa201798002ab9f565f46440407e3918c7c7180f99e6d9,True,present
WQC0124,mosdepth md per-base target cumulative fractions,TOV2414,data/cluster_wes_retrieval/2026-09-05/ovcan_human_wes_handoff_2026-09-05/sarek_3.5.1_run/reports/mosdepth/TOV2414_P65/TOV2414_P65.md.mosdepth.region.dist.txt,sarek_3.5.1_run/reports/mosdepth/TOV2414_P65/TOV2414_P65.md.mosdepth.region.dist.txt,ff99d86b238b23e43458ee3367e48d9b17fc0bebf3f5f65def96916fb34b3ce1,706584,/project/6090753/active/ovcan_gq_analysis/wes_sarek_results_20251022/reports/mosdepth/TOV2414_P65/TOV2414_P65.md.mosdepth.region.dist.txt,ff99d86b238b23e43458ee3367e48d9b17fc0bebf3f5f65def96916fb34b3ce1,True,present
WQC0125,samtools recal primary report,TOV2414,data/cluster_wes_retrieval/2026-09-05/ovcan_human_wes_handoff_2026-09-05/sarek_3.5.1_run/reports/samtools/TOV2414_P65/TOV2414_P65.recal.cram.stats,sarek_3.5.1_run/reports/samtools/TOV2414_P65/TOV2414_P65.recal.cram.stats,0f02eb09e4ab726932d9f549f1134d892c1e8454e061746f2dffc728e2517859,118690,/project/6090753/active/ovcan_gq_analysis/wes_sarek_results_20251022/reports/samtools/TOV2414_P65/TOV2414_P65.recal.cram.stats,0f02eb09e4ab726932d9f549f1134d892c1e8454e061746f2dffc728e2517859,True,present
WQC0126,mosdepth recal integer depth-sum and target length,TOV2414,data/cluster_wes_retrieval/2026-09-05/ovcan_human_wes_handoff_2026-09-05/sarek_3.5.1_run/reports/mosdepth/TOV2414_P65/TOV2414_P65.recal.mosdepth.summary.txt,sarek_3.5.1_run/reports/mosdepth/TOV2414_P65/TOV2414_P65.recal.mosdepth.summary.txt,3eded59ae840582fb463d259ac4628d0f4d22d369db4ceb8871c500b9efafb2f,3228,/project/6090753/active/ovcan_gq_analysis/wes_sarek_results_20251022/reports/mosdepth/TOV2414_P65/TOV2414_P65.recal.mosdepth.summary.txt,3eded59ae840582fb463d259ac4628d0f4d22d369db4ceb8871c500b9efafb2f,True,present
WQC0127,mosdepth recal per-base target cumulative fractions,TOV2414,data/cluster_wes_retrieval/2026-09-05/ovcan_human_wes_handoff_2026-09-05/sarek_3.5.1_run/reports/mosdepth/TOV2414_P65/TOV2414_P65.recal.mosdepth.region.dist.txt,sarek_3.5.1_run/reports/mosdepth/TOV2414_P65/TOV2414_P65.recal.mosdepth.region.dist.txt,049ae333fb62c8111fe0236371c9b1c9a59c5b63501a3587ac77074968d76015,706528,/project/6090753/active/ovcan_gq_analysis/wes_sarek_results_20251022/reports/mosdepth/TOV2414_P65/TOV2414_P65.recal.mosdepth.region.dist.txt,049ae333fb62c8111fe0236371c9b1c9a59c5b63501a3587ac77074968d76015,True,present
WQC0128,Picard/GATK MarkDuplicates primary library metrics,TOV2414,data/cluster_wes_retrieval/2026-09-05/ovcan_human_wes_handoff_2026-09-05/sarek_3.5.1_run/reports/markduplicates/TOV2414_P65/TOV2414_P65.md.cram.metrics,sarek_3.5.1_run/reports/markduplicates/TOV2414_P65/TOV2414_P65.md.cram.metrics,25071d2891e09f8713b172e64a5a051de4ec7b69ec1a3157c7c0ecba19365c8b,4236,/project/6090753/active/ovcan_gq_analysis/wes_sarek_results_20251022/reports/markduplicates/TOV2414_P65/TOV2414_P65.md.cram.metrics,25071d2891e09f8713b172e64a5a051de4ec7b69ec1a3157c7c0ecba19365c8b,True,present
WQC0129,GATK CalculateContamination primary table,TOV2414,data/cluster_wes_retrieval/2026-09-05/ovcan_human_wes_handoff_2026-09-05/sarek_3.5.1_run/variant_calling/mutect2/TOV2414_P65/TOV2414_P65.mutect2.contamination.table,sarek_3.5.1_run/variant_calling/mutect2/TOV2414_P65/TOV2414_P65.mutect2.contamination.table,d5e66bd61575010f1781e02bf8c38c39c8b8caccd807c08c5a10e4bc6c687dd3,94,/project/6090753/active/ovcan_gq_analysis/wes_sarek_results_20251022/variant_calling/mutect2/TOV2414_P65/TOV2414_P65.mutect2.contamination.table,d5e66bd61575010f1781e02bf8c38c39c8b8caccd807c08c5a10e4bc6c687dd3,True,present
WQC0130,samtools md primary report,TOV2835EP,data/cluster_wes_retrieval/2026-09-05/ovcan_human_wes_handoff_2026-09-05/sarek_3.5.1_run/reports/samtools/TOV2835EP_P64/TOV2835EP_P64.md.cram.stats,sarek_3.5.1_run/reports/samtools/TOV2835EP_P64/TOV2835EP_P64.md.cram.stats,bbcdd0dbb3cb107fdec9ae059ffa157679394f220b5bf525732395425617ea9c,94968,/project/6090753/active/ovcan_gq_analysis/wes_sarek_results_20251022/reports/samtools/TOV2835EP_P64/TOV2835EP_P64.md.cram.stats,bbcdd0dbb3cb107fdec9ae059ffa157679394f220b5bf525732395425617ea9c,True,present
WQC0131,mosdepth md integer depth-sum and target length,TOV2835EP,data/cluster_wes_retrieval/2026-09-05/ovcan_human_wes_handoff_2026-09-05/sarek_3.5.1_run/reports/mosdepth/TOV2835EP_P64/TOV2835EP_P64.md.mosdepth.summary.txt,sarek_3.5.1_run/reports/mosdepth/TOV2835EP_P64/TOV2835EP_P64.md.mosdepth.summary.txt,ba9710fb379af323234d7ede5649a8c8d9422064d4684c482e6cc00dfb4ae595,204872,/project/6090753/active/ovcan_gq_analysis/wes_sarek_results_20251022/reports/mosdepth/TOV2835EP_P64/TOV2835EP_P64.md.mosdepth.summary.txt,ba9710fb379af323234d7ede5649a8c8d9422064d4684c482e6cc00dfb4ae595,True,present
WQC0132,mosdepth md per-base target cumulative fractions,TOV2835EP,data/cluster_wes_retrieval/2026-09-05/ovcan_human_wes_handoff_2026-09-05/sarek_3.5.1_run/reports/mosdepth/TOV2835EP_P64/TOV2835EP_P64.md.mosdepth.region.dist.txt,sarek_3.5.1_run/reports/mosdepth/TOV2835EP_P64/TOV2835EP_P64.md.mosdepth.region.dist.txt,a6014409c04ab2f009092c148d121f2d6ccda1da44acfd01543fcb42aad410d4,792646,/project/6090753/active/ovcan_gq_analysis/wes_sarek_results_20251022/reports/mosdepth/TOV2835EP_P64/TOV2835EP_P64.md.mosdepth.region.dist.txt,a6014409c04ab2f009092c148d121f2d6ccda1da44acfd01543fcb42aad410d4,True,present
WQC0133,samtools recal primary report,TOV2835EP,data/cluster_wes_retrieval/2026-09-05/ovcan_human_wes_handoff_2026-09-05/sarek_3.5.1_run/reports/samtools/TOV2835EP_P64/TOV2835EP_P64.recal.cram.stats,sarek_3.5.1_run/reports/samtools/TOV2835EP_P64/TOV2835EP_P64.recal.cram.stats,4c1a076d1ca68b01a5996a7a3c49ae2f6c66edb6a7b48e293787bfaec9f6d995,117839,/project/6090753/active/ovcan_gq_analysis/wes_sarek_results_20251022/reports/samtools/TOV2835EP_P64/TOV2835EP_P64.recal.cram.stats,4c1a076d1ca68b01a5996a7a3c49ae2f6c66edb6a7b48e293787bfaec9f6d995,True,present
WQC0134,mosdepth recal integer depth-sum and target length,TOV2835EP,data/cluster_wes_retrieval/2026-09-05/ovcan_human_wes_handoff_2026-09-05/sarek_3.5.1_run/reports/mosdepth/TOV2835EP_P64/TOV2835EP_P64.recal.mosdepth.summary.txt,sarek_3.5.1_run/reports/mosdepth/TOV2835EP_P64/TOV2835EP_P64.recal.mosdepth.summary.txt,431e4551724bef9bd99b65de04afc88643ed85bfd5782742ef720ca6f0d7ac55,3210,/project/6090753/active/ovcan_gq_analysis/wes_sarek_results_20251022/reports/mosdepth/TOV2835EP_P64/TOV2835EP_P64.recal.mosdepth.summary.txt,431e4551724bef9bd99b65de04afc88643ed85bfd5782742ef720ca6f0d7ac55,True,present
WQC0135,mosdepth recal per-base target cumulative fractions,TOV2835EP,data/cluster_wes_retrieval/2026-09-05/ovcan_human_wes_handoff_2026-09-05/sarek_3.5.1_run/reports/mosdepth/TOV2835EP_P64/TOV2835EP_P64.recal.mosdepth.region.dist.txt,sarek_3.5.1_run/reports/mosdepth/TOV2835EP_P64/TOV2835EP_P64.recal.mosdepth.region.dist.txt,256776cee990c04ae920aaa2429d303a27ab51a69ff83ffe1cdd34ba4ff54b48,792590,/project/6090753/active/ovcan_gq_analysis/wes_sarek_results_20251022/reports/mosdepth/TOV2835EP_P64/TOV2835EP_P64.recal.mosdepth.region.dist.txt,256776cee990c04ae920aaa2429d303a27ab51a69ff83ffe1cdd34ba4ff54b48,True,present
WQC0136,Picard/GATK MarkDuplicates primary library metrics,TOV2835EP,data/cluster_wes_retrieval/2026-09-05/ovcan_human_wes_handoff_2026-09-05/sarek_3.5.1_run/reports/markduplicates/TOV2835EP_P64/TOV2835EP_P64.md.cram.metrics,sarek_3.5.1_run/reports/markduplicates/TOV2835EP_P64/TOV2835EP_P64.md.cram.metrics,40ba62a720da4228bbc13c633f31fb25c61d6cd6ffa2e6bd2d749a70ae893af5,4553,/project/6090753/active/ovcan_gq_analysis/wes_sarek_results_20251022/reports/markduplicates/TOV2835EP_P64/TOV2835EP_P64.md.cram.metrics,40ba62a720da4228bbc13c633f31fb25c61d6cd6ffa2e6bd2d749a70ae893af5,True,present
WQC0137,GATK CalculateContamination primary table,TOV2835EP,data/cluster_wes_retrieval/2026-09-05/ovcan_human_wes_handoff_2026-09-05/sarek_3.5.1_run/variant_calling/mutect2/TOV2835EP_P64/TOV2835EP_P64.mutect2.contamination.table,sarek_3.5.1_run/variant_calling/mutect2/TOV2835EP_P64/TOV2835EP_P64.mutect2.contamination.table,0ec38f4f2130500c9376f508fcc5e1e39fe3641e9604b0bc435ccc26182a884e,99,/project/6090753/active/ovcan_gq_analysis/wes_sarek_results_20251022/variant_calling/mutect2/TOV2835EP_P64/TOV2835EP_P64.mutect2.contamination.table,0ec38f4f2130500c9376f508fcc5e1e39fe3641e9604b0bc435ccc26182a884e,True,present
WQC0138,samtools md primary report,TOV2881EP,data/cluster_wes_retrieval/2026-09-05/ovcan_human_wes_handoff_2026-09-05/sarek_3.5.1_run/reports/samtools/TOV2881EP_P64/TOV2881EP_P64.md.cram.stats,sarek_3.5.1_run/reports/samtools/TOV2881EP_P64/TOV2881EP_P64.md.cram.stats,4019fbd4341354b940f4aca7090a81ba811d3b41ad8aba82ff50f1a3798825ef,94235,/project/6090753/active/ovcan_gq_analysis/wes_sarek_results_20251022/reports/samtools/TOV2881EP_P64/TOV2881EP_P64.md.cram.stats,4019fbd4341354b940f4aca7090a81ba811d3b41ad8aba82ff50f1a3798825ef,True,present
WQC0139,mosdepth md integer depth-sum and target length,TOV2881EP,data/cluster_wes_retrieval/2026-09-05/ovcan_human_wes_handoff_2026-09-05/sarek_3.5.1_run/reports/mosdepth/TOV2881EP_P64/TOV2881EP_P64.md.mosdepth.summary.txt,sarek_3.5.1_run/reports/mosdepth/TOV2881EP_P64/TOV2881EP_P64.md.mosdepth.summary.txt,413d5c7425ce7250086b291425e3fa58329257c6fdcce4d1bd53589d16552818,196105,/project/6090753/active/ovcan_gq_analysis/wes_sarek_results_20251022/reports/mosdepth/TOV2881EP_P64/TOV2881EP_P64.md.mosdepth.summary.txt,413d5c7425ce7250086b291425e3fa58329257c6fdcce4d1bd53589d16552818,True,present
WQC0140,mosdepth md per-base target cumulative fractions,TOV2881EP,data/cluster_wes_retrieval/2026-09-05/ovcan_human_wes_handoff_2026-09-05/sarek_3.5.1_run/reports/mosdepth/TOV2881EP_P64/TOV2881EP_P64.md.mosdepth.region.dist.txt,sarek_3.5.1_run/reports/mosdepth/TOV2881EP_P64/TOV2881EP_P64.md.mosdepth.region.dist.txt,61d21451d5f2005a843daa220a592718ae2c850daa57d7f7658d00efec66e66d,814429,/project/6090753/active/ovcan_gq_analysis/wes_sarek_results_20251022/reports/mosdepth/TOV2881EP_P64/TOV2881EP_P64.md.mosdepth.region.dist.txt,61d21451d5f2005a843daa220a592718ae2c850daa57d7f7658d00efec66e66d,True,present
WQC0141,samtools recal primary report,TOV2881EP,data/cluster_wes_retrieval/2026-09-05/ovcan_human_wes_handoff_2026-09-05/sarek_3.5.1_run/reports/samtools/TOV2881EP_P64/TOV2881EP_P64.recal.cram.stats,sarek_3.5.1_run/reports/samtools/TOV2881EP_P64/TOV2881EP_P64.recal.cram.stats,7765415475160b95d041bd50bc755528198d771a4b87eab7db74fa1b208df202,118402,/project/6090753/active/ovcan_gq_analysis/wes_sarek_results_20251022/reports/samtools/TOV2881EP_P64/TOV2881EP_P64.recal.cram.stats,7765415475160b95d041bd50bc755528198d771a4b87eab7db74fa1b208df202,True,present
WQC0142,mosdepth recal integer depth-sum and target length,TOV2881EP,data/cluster_wes_retrieval/2026-09-05/ovcan_human_wes_handoff_2026-09-05/sarek_3.5.1_run/reports/mosdepth/TOV2881EP_P64/TOV2881EP_P64.recal.mosdepth.summary.txt,sarek_3.5.1_run/reports/mosdepth/TOV2881EP_P64/TOV2881EP_P64.recal.mosdepth.summary.txt,d75c1d47b2944f12115d107fdd7d1675c6c96a004b93f9103728c58431b852db,3220,/project/6090753/active/ovcan_gq_analysis/wes_sarek_results_20251022/reports/mosdepth/TOV2881EP_P64/TOV2881EP_P64.recal.mosdepth.summary.txt,d75c1d47b2944f12115d107fdd7d1675c6c96a004b93f9103728c58431b852db,True,present
WQC0143,mosdepth recal per-base target cumulative fractions,TOV2881EP,data/cluster_wes_retrieval/2026-09-05/ovcan_human_wes_handoff_2026-09-05/sarek_3.5.1_run/reports/mosdepth/TOV2881EP_P64/TOV2881EP_P64.recal.mosdepth.region.dist.txt,sarek_3.5.1_run/reports/mosdepth/TOV2881EP_P64/TOV2881EP_P64.recal.mosdepth.region.dist.txt,f7bd21c02c24d7732cf637c7405aabd9a5ba580f1d3f7e260f994f682d7be467,814373,/project/6090753/active/ovcan_gq_analysis/wes_sarek_results_20251022/reports/mosdepth/TOV2881EP_P64/TOV2881EP_P64.recal.mosdepth.region.dist.txt,f7bd21c02c24d7732cf637c7405aabd9a5ba580f1d3f7e260f994f682d7be467,True,present
WQC0144,Picard/GATK MarkDuplicates primary library metrics,TOV2881EP,data/cluster_wes_retrieval/2026-09-05/ovcan_human_wes_handoff_2026-09-05/sarek_3.5.1_run/reports/markduplicates/TOV2881EP_P64/TOV2881EP_P64.md.cram.metrics,sarek_3.5.1_run/reports/markduplicates/TOV2881EP_P64/TOV2881EP_P64.md.cram.metrics,bee372a8ac5d91c5fdc5cd7c3679e8eb55cb4396d339e518b8c1f2a7a0de3e00,4294,/project/6090753/active/ovcan_gq_analysis/wes_sarek_results_20251022/reports/markduplicates/TOV2881EP_P64/TOV2881EP_P64.md.cram.metrics,bee372a8ac5d91c5fdc5cd7c3679e8eb55cb4396d339e518b8c1f2a7a0de3e00,True,present
WQC0145,GATK CalculateContamination primary table,TOV2881EP,data/cluster_wes_retrieval/2026-09-05/ovcan_human_wes_handoff_2026-09-05/sarek_3.5.1_run/variant_calling/mutect2/TOV2881EP_P64/TOV2881EP_P64.mutect2.contamination.table,sarek_3.5.1_run/variant_calling/mutect2/TOV2881EP_P64/TOV2881EP_P64.mutect2.contamination.table,322ebb29975da571238ddec53cd800852c42e97a9edd18e28c0ee8d1f7dc40ec,99,/project/6090753/active/ovcan_gq_analysis/wes_sarek_results_20251022/variant_calling/mutect2/TOV2881EP_P64/TOV2881EP_P64.mutect2.contamination.table,322ebb29975da571238ddec53cd800852c42e97a9edd18e28c0ee8d1f7dc40ec,True,present
WQC0146,samtools md primary report,TOV2929D,data/cluster_wes_retrieval/2026-09-05/ovcan_human_wes_handoff_2026-09-05/sarek_3.5.1_run/reports/samtools/TOV2929D_P57/TOV2929D_P57.md.cram.stats,sarek_3.5.1_run/reports/samtools/TOV2929D_P57/TOV2929D_P57.md.cram.stats,d9dc4f30595d67dfc3144da8acca5b1135f552a8b612185a105514cc4db5ef60,91998,/project/6090753/active/ovcan_gq_analysis/wes_sarek_results_20251022/reports/samtools/TOV2929D_P57/TOV2929D_P57.md.cram.stats,d9dc4f30595d67dfc3144da8acca5b1135f552a8b612185a105514cc4db5ef60,True,present
WQC0147,mosdepth md integer depth-sum and target length,TOV2929D,data/cluster_wes_retrieval/2026-09-05/ovcan_human_wes_handoff_2026-09-05/sarek_3.5.1_run/reports/mosdepth/TOV2929D_P57/TOV2929D_P57.md.mosdepth.summary.txt,sarek_3.5.1_run/reports/mosdepth/TOV2929D_P57/TOV2929D_P57.md.mosdepth.summary.txt,1b5f1d0119b9fa02f84ff94793edad500065b7140d444587c98d01fc76cce44b,205171,/project/6090753/active/ovcan_gq_analysis/wes_sarek_results_20251022/reports/mosdepth/TOV2929D_P57/TOV2929D_P57.md.mosdepth.summary.txt,1b5f1d0119b9fa02f84ff94793edad500065b7140d444587c98d01fc76cce44b,True,present
WQC0148,mosdepth md per-base target cumulative fractions,TOV2929D,data/cluster_wes_retrieval/2026-09-05/ovcan_human_wes_handoff_2026-09-05/sarek_3.5.1_run/reports/mosdepth/TOV2929D_P57/TOV2929D_P57.md.mosdepth.region.dist.txt,sarek_3.5.1_run/reports/mosdepth/TOV2929D_P57/TOV2929D_P57.md.mosdepth.region.dist.txt,45d445012855ec31c30967d42b881cd7aa8e6b63d5faceab0ae4b100b9b26e3c,724747,/project/6090753/active/ovcan_gq_analysis/wes_sarek_results_20251022/reports/mosdepth/TOV2929D_P57/TOV2929D_P57.md.mosdepth.region.dist.txt,45d445012855ec31c30967d42b881cd7aa8e6b63d5faceab0ae4b100b9b26e3c,True,present
WQC0149,samtools recal primary report,TOV2929D,data/cluster_wes_retrieval/2026-09-05/ovcan_human_wes_handoff_2026-09-05/sarek_3.5.1_run/reports/samtools/TOV2929D_P57/TOV2929D_P57.recal.cram.stats,sarek_3.5.1_run/reports/samtools/TOV2929D_P57/TOV2929D_P57.recal.cram.stats,aeba48c5a076bfb6d9dbdf6981d6b9277c26e09ba947135a87084844a13688ed,113805,/project/6090753/active/ovcan_gq_analysis/wes_sarek_results_20251022/reports/samtools/TOV2929D_P57/TOV2929D_P57.recal.cram.stats,aeba48c5a076bfb6d9dbdf6981d6b9277c26e09ba947135a87084844a13688ed,True,present
WQC0150,mosdepth recal integer depth-sum and target length,TOV2929D,data/cluster_wes_retrieval/2026-09-05/ovcan_human_wes_handoff_2026-09-05/sarek_3.5.1_run/reports/mosdepth/TOV2929D_P57/TOV2929D_P57.recal.mosdepth.summary.txt,sarek_3.5.1_run/reports/mosdepth/TOV2929D_P57/TOV2929D_P57.recal.mosdepth.summary.txt,1b122b95f0a70fd7a29a1678d3412562a4f917bf601fdffcf9f86481b77701c8,3214,/project/6090753/active/ovcan_gq_analysis/wes_sarek_results_20251022/reports/mosdepth/TOV2929D_P57/TOV2929D_P57.recal.mosdepth.summary.txt,1b122b95f0a70fd7a29a1678d3412562a4f917bf601fdffcf9f86481b77701c8,True,present
WQC0151,mosdepth recal per-base target cumulative fractions,TOV2929D,data/cluster_wes_retrieval/2026-09-05/ovcan_human_wes_handoff_2026-09-05/sarek_3.5.1_run/reports/mosdepth/TOV2929D_P57/TOV2929D_P57.recal.mosdepth.region.dist.txt,sarek_3.5.1_run/reports/mosdepth/TOV2929D_P57/TOV2929D_P57.recal.mosdepth.region.dist.txt,acac69d05533f965dc4fb3342c46404fca77c102ce5e523388eb3234b4bc9edd,724691,/project/6090753/active/ovcan_gq_analysis/wes_sarek_results_20251022/reports/mosdepth/TOV2929D_P57/TOV2929D_P57.recal.mosdepth.region.dist.txt,acac69d05533f965dc4fb3342c46404fca77c102ce5e523388eb3234b4bc9edd,True,present
WQC0152,Picard/GATK MarkDuplicates primary library metrics,TOV2929D,data/cluster_wes_retrieval/2026-09-05/ovcan_human_wes_handoff_2026-09-05/sarek_3.5.1_run/reports/markduplicates/TOV2929D_P57/TOV2929D_P57.md.cram.metrics,sarek_3.5.1_run/reports/markduplicates/TOV2929D_P57/TOV2929D_P57.md.cram.metrics,3792122f26778966a8334878e44c8fab1c1d298e63a20fba1b8b1f9ace2622d7,4658,/project/6090753/active/ovcan_gq_analysis/wes_sarek_results_20251022/reports/markduplicates/TOV2929D_P57/TOV2929D_P57.md.cram.metrics,3792122f26778966a8334878e44c8fab1c1d298e63a20fba1b8b1f9ace2622d7,True,present
WQC0153,GATK CalculateContamination primary table,TOV2929D,data/cluster_wes_retrieval/2026-09-05/ovcan_human_wes_handoff_2026-09-05/sarek_3.5.1_run/variant_calling/mutect2/TOV2929D_P57/TOV2929D_P57.mutect2.contamination.table,sarek_3.5.1_run/variant_calling/mutect2/TOV2929D_P57/TOV2929D_P57.mutect2.contamination.table,81d0b01c89cb08cb7b750f52f7c8737ec7136ca077ae0d87c200d54582ee4eb9,96,/project/6090753/active/ovcan_gq_analysis/wes_sarek_results_20251022/variant_calling/mutect2/TOV2929D_P57/TOV2929D_P57.mutect2.contamination.table,81d0b01c89cb08cb7b750f52f7c8737ec7136ca077ae0d87c200d54582ee4eb9,True,present
WQC0154,samtools md primary report,TOV3121D,data/cluster_wes_retrieval/2026-09-05/ovcan_human_wes_handoff_2026-09-05/sarek_3.5.1_run/reports/samtools/TOV3121D_P68/TOV3121D_P68.md.cram.stats,sarek_3.5.1_run/reports/samtools/TOV3121D_P68/TOV3121D_P68.md.cram.stats,1a07712cfd420b3d5e75878ec875c6c8a99fe80ef86e5437d24323420b2c9a0e,94611,/project/6090753/active/ovcan_gq_analysis/wes_sarek_results_20251022/reports/samtools/TOV3121D_P68/TOV3121D_P68.md.cram.stats,1a07712cfd420b3d5e75878ec875c6c8a99fe80ef86e5437d24323420b2c9a0e,True,present
WQC0155,mosdepth md integer depth-sum and target length,TOV3121D,data/cluster_wes_retrieval/2026-09-05/ovcan_human_wes_handoff_2026-09-05/sarek_3.5.1_run/reports/mosdepth/TOV3121D_P68/TOV3121D_P68.md.mosdepth.summary.txt,sarek_3.5.1_run/reports/mosdepth/TOV3121D_P68/TOV3121D_P68.md.mosdepth.summary.txt,5055268d90172199cff4f7440ac24f178ee35466ee35c677268463d0ec1dee1f,196014,/project/6090753/active/ovcan_gq_analysis/wes_sarek_results_20251022/reports/mosdepth/TOV3121D_P68/TOV3121D_P68.md.mosdepth.summary.txt,5055268d90172199cff4f7440ac24f178ee35466ee35c677268463d0ec1dee1f,True,present
WQC0156,mosdepth md per-base target cumulative fractions,TOV3121D,data/cluster_wes_retrieval/2026-09-05/ovcan_human_wes_handoff_2026-09-05/sarek_3.5.1_run/reports/mosdepth/TOV3121D_P68/TOV3121D_P68.md.mosdepth.region.dist.txt,sarek_3.5.1_run/reports/mosdepth/TOV3121D_P68/TOV3121D_P68.md.mosdepth.region.dist.txt,a9d65c7a28895464b9a870521022147a6e0cf6a84234426276ffcc48e5570e8e,772614,/project/6090753/active/ovcan_gq_analysis/wes_sarek_results_20251022/reports/mosdepth/TOV3121D_P68/TOV3121D_P68.md.mosdepth.region.dist.txt,a9d65c7a28895464b9a870521022147a6e0cf6a84234426276ffcc48e5570e8e,True,present
WQC0157,samtools recal primary report,TOV3121D,data/cluster_wes_retrieval/2026-09-05/ovcan_human_wes_handoff_2026-09-05/sarek_3.5.1_run/reports/samtools/TOV3121D_P68/TOV3121D_P68.recal.cram.stats,sarek_3.5.1_run/reports/samtools/TOV3121D_P68/TOV3121D_P68.recal.cram.stats,345527053632c5eae4c73cadccc83667ca92c3664828400124e000c73d4a4b68,117932,/project/6090753/active/ovcan_gq_analysis/wes_sarek_results_20251022/reports/samtools/TOV3121D_P68/TOV3121D_P68.recal.cram.stats,345527053632c5eae4c73cadccc83667ca92c3664828400124e000c73d4a4b68,True,present
WQC0158,mosdepth recal integer depth-sum and target length,TOV3121D,data/cluster_wes_retrieval/2026-09-05/ovcan_human_wes_handoff_2026-09-05/sarek_3.5.1_run/reports/mosdepth/TOV3121D_P68/TOV3121D_P68.recal.mosdepth.summary.txt,sarek_3.5.1_run/reports/mosdepth/TOV3121D_P68/TOV3121D_P68.recal.mosdepth.summary.txt,919854eb1843d8c4cf7d756f609ddc16a978bf40614a66f667ff64ba3555521f,3204,/project/6090753/active/ovcan_gq_analysis/wes_sarek_results_20251022/reports/mosdepth/TOV3121D_P68/TOV3121D_P68.recal.mosdepth.summary.txt,919854eb1843d8c4cf7d756f609ddc16a978bf40614a66f667ff64ba3555521f,True,present
WQC0159,mosdepth recal per-base target cumulative fractions,TOV3121D,data/cluster_wes_retrieval/2026-09-05/ovcan_human_wes_handoff_2026-09-05/sarek_3.5.1_run/reports/mosdepth/TOV3121D_P68/TOV3121D_P68.recal.mosdepth.region.dist.txt,sarek_3.5.1_run/reports/mosdepth/TOV3121D_P68/TOV3121D_P68.recal.mosdepth.region.dist.txt,a25d7d02fdd1174b192e6a44da8b35535b17b41d934e3447209e13c05a801d31,772558,/project/6090753/active/ovcan_gq_analysis/wes_sarek_results_20251022/reports/mosdepth/TOV3121D_P68/TOV3121D_P68.recal.mosdepth.region.dist.txt,a25d7d02fdd1174b192e6a44da8b35535b17b41d934e3447209e13c05a801d31,True,present
WQC0160,Picard/GATK MarkDuplicates primary library metrics,TOV3121D,data/cluster_wes_retrieval/2026-09-05/ovcan_human_wes_handoff_2026-09-05/sarek_3.5.1_run/reports/markduplicates/TOV3121D_P68/TOV3121D_P68.md.cram.metrics,sarek_3.5.1_run/reports/markduplicates/TOV3121D_P68/TOV3121D_P68.md.cram.metrics,b248b6cd6f8de01b4182a68c10e9d6bdda9ba759d2d6d31ee9bdc935b9321547,4202,/project/6090753/active/ovcan_gq_analysis/wes_sarek_results_20251022/reports/markduplicates/TOV3121D_P68/TOV3121D_P68.md.cram.metrics,b248b6cd6f8de01b4182a68c10e9d6bdda9ba759d2d6d31ee9bdc935b9321547,True,present
WQC0161,GATK CalculateContamination primary table,TOV3121D,data/cluster_wes_retrieval/2026-09-05/ovcan_human_wes_handoff_2026-09-05/sarek_3.5.1_run/variant_calling/mutect2/TOV3121D_P68/TOV3121D_P68.mutect2.contamination.table,sarek_3.5.1_run/variant_calling/mutect2/TOV3121D_P68/TOV3121D_P68.mutect2.contamination.table,dd1c8e57664df258e7e7214f472e141a75078ded24043d7a24057ee44e8955e9,96,/project/6090753/active/ovcan_gq_analysis/wes_sarek_results_20251022/variant_calling/mutect2/TOV3121D_P68/TOV3121D_P68.mutect2.contamination.table,dd1c8e57664df258e7e7214f472e141a75078ded24043d7a24057ee44e8955e9,True,present
WQC0162,samtools md primary report,TOV3121EP,data/cluster_wes_retrieval/2026-09-05/ovcan_human_wes_handoff_2026-09-05/sarek_3.5.1_run/reports/samtools/TOV3121EP_P68/TOV3121EP_P68.md.cram.stats,sarek_3.5.1_run/reports/samtools/TOV3121EP_P68/TOV3121EP_P68.md.cram.stats,0db26f6401926ce24c5bc4287ed4ee6fd56e9859f81910d9357009c320a8aec4,93675,/project/6090753/active/ovcan_gq_analysis/wes_sarek_results_20251022/reports/samtools/TOV3121EP_P68/TOV3121EP_P68.md.cram.stats,0db26f6401926ce24c5bc4287ed4ee6fd56e9859f81910d9357009c320a8aec4,True,present
WQC0163,mosdepth md integer depth-sum and target length,TOV3121EP,data/cluster_wes_retrieval/2026-09-05/ovcan_human_wes_handoff_2026-09-05/sarek_3.5.1_run/reports/mosdepth/TOV3121EP_P68/TOV3121EP_P68.md.mosdepth.summary.txt,sarek_3.5.1_run/reports/mosdepth/TOV3121EP_P68/TOV3121EP_P68.md.mosdepth.summary.txt,eba9c60d4301b1c47241aa47f78b507acaed4d93704d20874811d2efc9cbe0f3,197192,/project/6090753/active/ovcan_gq_analysis/wes_sarek_results_20251022/reports/mosdepth/TOV3121EP_P68/TOV3121EP_P68.md.mosdepth.summary.txt,eba9c60d4301b1c47241aa47f78b507acaed4d93704d20874811d2efc9cbe0f3,True,present
WQC0164,mosdepth md per-base target cumulative fractions,TOV3121EP,data/cluster_wes_retrieval/2026-09-05/ovcan_human_wes_handoff_2026-09-05/sarek_3.5.1_run/reports/mosdepth/TOV3121EP_P68/TOV3121EP_P68.md.mosdepth.region.dist.txt,sarek_3.5.1_run/reports/mosdepth/TOV3121EP_P68/TOV3121EP_P68.md.mosdepth.region.dist.txt,a3b44034bf35e46552bc83f9399068aaea1f0808aa553f48a5ff4f84180aafc9,774260,/project/6090753/active/ovcan_gq_analysis/wes_sarek_results_20251022/reports/mosdepth/TOV3121EP_P68/TOV3121EP_P68.md.mosdepth.region.dist.txt,a3b44034bf35e46552bc83f9399068aaea1f0808aa553f48a5ff4f84180aafc9,True,present
WQC0165,samtools recal primary report,TOV3121EP,data/cluster_wes_retrieval/2026-09-05/ovcan_human_wes_handoff_2026-09-05/sarek_3.5.1_run/reports/samtools/TOV3121EP_P68/TOV3121EP_P68.recal.cram.stats,sarek_3.5.1_run/reports/samtools/TOV3121EP_P68/TOV3121EP_P68.recal.cram.stats,da9d6dc3c0af8c20d492f53161dc09dd7716e0fd03d0e9f4c619233a49372287,119154,/project/6090753/active/ovcan_gq_analysis/wes_sarek_results_20251022/reports/samtools/TOV3121EP_P68/TOV3121EP_P68.recal.cram.stats,da9d6dc3c0af8c20d492f53161dc09dd7716e0fd03d0e9f4c619233a49372287,True,present
WQC0166,mosdepth recal integer depth-sum and target length,TOV3121EP,data/cluster_wes_retrieval/2026-09-05/ovcan_human_wes_handoff_2026-09-05/sarek_3.5.1_run/reports/mosdepth/TOV3121EP_P68/TOV3121EP_P68.recal.mosdepth.summary.txt,sarek_3.5.1_run/reports/mosdepth/TOV3121EP_P68/TOV3121EP_P68.recal.mosdepth.summary.txt,100727bb2c7c6b383833243255ad49ff359f4feba0c3593762df2f020096f398,3207,/project/6090753/active/ovcan_gq_analysis/wes_sarek_results_20251022/reports/mosdepth/TOV3121EP_P68/TOV3121EP_P68.recal.mosdepth.summary.txt,100727bb2c7c6b383833243255ad49ff359f4feba0c3593762df2f020096f398,True,present
WQC0167,mosdepth recal per-base target cumulative fractions,TOV3121EP,data/cluster_wes_retrieval/2026-09-05/ovcan_human_wes_handoff_2026-09-05/sarek_3.5.1_run/reports/mosdepth/TOV3121EP_P68/TOV3121EP_P68.recal.mosdepth.region.dist.txt,sarek_3.5.1_run/reports/mosdepth/TOV3121EP_P68/TOV3121EP_P68.recal.mosdepth.region.dist.txt,31a634448d010411f98bc1421a9ad8041e1f40366716304bcb58489b3a3dd888,774204,/project/6090753/active/ovcan_gq_analysis/wes_sarek_results_20251022/reports/mosdepth/TOV3121EP_P68/TOV3121EP_P68.recal.mosdepth.region.dist.txt,31a634448d010411f98bc1421a9ad8041e1f40366716304bcb58489b3a3dd888,True,present
WQC0168,Picard/GATK MarkDuplicates primary library metrics,TOV3121EP,data/cluster_wes_retrieval/2026-09-05/ovcan_human_wes_handoff_2026-09-05/sarek_3.5.1_run/reports/markduplicates/TOV3121EP_P68/TOV3121EP_P68.md.cram.metrics,sarek_3.5.1_run/reports/markduplicates/TOV3121EP_P68/TOV3121EP_P68.md.cram.metrics,d6534057d166292d5ce30631664c63b2de8053a77f7c6aed8627ce28dce6b32e,4279,/project/6090753/active/ovcan_gq_analysis/wes_sarek_results_20251022/reports/markduplicates/TOV3121EP_P68/TOV3121EP_P68.md.cram.metrics,d6534057d166292d5ce30631664c63b2de8053a77f7c6aed8627ce28dce6b32e,True,present
WQC0169,GATK CalculateContamination primary table,TOV3121EP,data/cluster_wes_retrieval/2026-09-05/ovcan_human_wes_handoff_2026-09-05/sarek_3.5.1_run/variant_calling/mutect2/TOV3121EP_P68/TOV3121EP_P68.mutect2.contamination.table,sarek_3.5.1_run/variant_calling/mutect2/TOV3121EP_P68/TOV3121EP_P68.mutect2.contamination.table,519076bcc5f5a62513ec86d874585421e4f1c6bba388493d469f295d660af8bd,97,/project/6090753/active/ovcan_gq_analysis/wes_sarek_results_20251022/variant_calling/mutect2/TOV3121EP_P68/TOV3121EP_P68.mutect2.contamination.table,519076bcc5f5a62513ec86d874585421e4f1c6bba388493d469f295d660af8bd,True,present
WQC0170,samtools md primary report,TOV3133D,data/cluster_wes_retrieval/2026-09-05/ovcan_human_wes_handoff_2026-09-05/sarek_3.5.1_run/reports/samtools/TOV3133D_P66/TOV3133D_P66.md.cram.stats,sarek_3.5.1_run/reports/samtools/TOV3133D_P66/TOV3133D_P66.md.cram.stats,1c419942f727df2e6476d583b0810d8e1ebe5b1dd7cc8e9ca160c95407b58598,93703,/project/6090753/active/ovcan_gq_analysis/wes_sarek_results_20251022/reports/samtools/TOV3133D_P66/TOV3133D_P66.md.cram.stats,1c419942f727df2e6476d583b0810d8e1ebe5b1dd7cc8e9ca160c95407b58598,True,present
WQC0171,mosdepth md integer depth-sum and target length,TOV3133D,data/cluster_wes_retrieval/2026-09-05/ovcan_human_wes_handoff_2026-09-05/sarek_3.5.1_run/reports/mosdepth/TOV3133D_P66/TOV3133D_P66.md.mosdepth.summary.txt,sarek_3.5.1_run/reports/mosdepth/TOV3133D_P66/TOV3133D_P66.md.mosdepth.summary.txt,21e44a9ddb4fde2230fd6a5a5de9edd508c5d4337ed56b907f2576326caa5228,197177,/project/6090753/active/ovcan_gq_analysis/wes_sarek_results_20251022/reports/mosdepth/TOV3133D_P66/TOV3133D_P66.md.mosdepth.summary.txt,21e44a9ddb4fde2230fd6a5a5de9edd508c5d4337ed56b907f2576326caa5228,True,present
WQC0172,mosdepth md per-base target cumulative fractions,TOV3133D,data/cluster_wes_retrieval/2026-09-05/ovcan_human_wes_handoff_2026-09-05/sarek_3.5.1_run/reports/mosdepth/TOV3133D_P66/TOV3133D_P66.md.mosdepth.region.dist.txt,sarek_3.5.1_run/reports/mosdepth/TOV3133D_P66/TOV3133D_P66.md.mosdepth.region.dist.txt,c96cd79fa2fe971fc38edc5b0e5de3371943f83ba16f722b9df454e348904b63,849206,/project/6090753/active/ovcan_gq_analysis/wes_sarek_results_20251022/reports/mosdepth/TOV3133D_P66/TOV3133D_P66.md.mosdepth.region.dist.txt,c96cd79fa2fe971fc38edc5b0e5de3371943f83ba16f722b9df454e348904b63,True,present
WQC0173,samtools recal primary report,TOV3133D,data/cluster_wes_retrieval/2026-09-05/ovcan_human_wes_handoff_2026-09-05/sarek_3.5.1_run/reports/samtools/TOV3133D_P66/TOV3133D_P66.recal.cram.stats,sarek_3.5.1_run/reports/samtools/TOV3133D_P66/TOV3133D_P66.recal.cram.stats,45de0bc3fa6377f53bca6c16eac424fc82fbba688e40340fae3f57a6b7841100,116961,/project/6090753/active/ovcan_gq_analysis/wes_sarek_results_20251022/reports/samtools/TOV3133D_P66/TOV3133D_P66.recal.cram.stats,45de0bc3fa6377f53bca6c16eac424fc82fbba688e40340fae3f57a6b7841100,True,present
WQC0174,mosdepth recal integer depth-sum and target length,TOV3133D,data/cluster_wes_retrieval/2026-09-05/ovcan_human_wes_handoff_2026-09-05/sarek_3.5.1_run/reports/mosdepth/TOV3133D_P66/TOV3133D_P66.recal.mosdepth.summary.txt,sarek_3.5.1_run/reports/mosdepth/TOV3133D_P66/TOV3133D_P66.recal.mosdepth.summary.txt,51be3fbb5c0fdc1d46aaf34112f297c9e0f72aa7384b8ea626bb10aeb99b52e7,3134,/project/6090753/active/ovcan_gq_analysis/wes_sarek_results_20251022/reports/mosdepth/TOV3133D_P66/TOV3133D_P66.recal.mosdepth.summary.txt,51be3fbb5c0fdc1d46aaf34112f297c9e0f72aa7384b8ea626bb10aeb99b52e7,True,present
WQC0175,mosdepth recal per-base target cumulative fractions,TOV3133D,data/cluster_wes_retrieval/2026-09-05/ovcan_human_wes_handoff_2026-09-05/sarek_3.5.1_run/reports/mosdepth/TOV3133D_P66/TOV3133D_P66.recal.mosdepth.region.dist.txt,sarek_3.5.1_run/reports/mosdepth/TOV3133D_P66/TOV3133D_P66.recal.mosdepth.region.dist.txt,187dfeb6a9978d517f8a72fde0dae260dd91b471ef208885b88827f763e8afc9,849122,/project/6090753/active/ovcan_gq_analysis/wes_sarek_results_20251022/reports/mosdepth/TOV3133D_P66/TOV3133D_P66.recal.mosdepth.region.dist.txt,187dfeb6a9978d517f8a72fde0dae260dd91b471ef208885b88827f763e8afc9,True,present
WQC0176,Picard/GATK MarkDuplicates primary library metrics,TOV3133D,data/cluster_wes_retrieval/2026-09-05/ovcan_human_wes_handoff_2026-09-05/sarek_3.5.1_run/reports/markduplicates/TOV3133D_P66/TOV3133D_P66.md.cram.metrics,sarek_3.5.1_run/reports/markduplicates/TOV3133D_P66/TOV3133D_P66.md.cram.metrics,fb954219f99679613677264f87ea7f7bf1111a7a6a8561141274ee6e676c6bdf,4439,/project/6090753/active/ovcan_gq_analysis/wes_sarek_results_20251022/reports/markduplicates/TOV3133D_P66/TOV3133D_P66.md.cram.metrics,fb954219f99679613677264f87ea7f7bf1111a7a6a8561141274ee6e676c6bdf,True,present
WQC0177,GATK CalculateContamination primary table,TOV3133D,data/cluster_wes_retrieval/2026-09-05/ovcan_human_wes_handoff_2026-09-05/sarek_3.5.1_run/variant_calling/mutect2/TOV3133D_P66/TOV3133D_P66.mutect2.contamination.table,sarek_3.5.1_run/variant_calling/mutect2/TOV3133D_P66/TOV3133D_P66.mutect2.contamination.table,43879f7fbec4f25dde2556734b1cdff07c0a756f088c803a7f0c6b12d2a9dbf8,77,/project/6090753/active/ovcan_gq_analysis/wes_sarek_results_20251022/variant_calling/mutect2/TOV3133D_P66/TOV3133D_P66.mutect2.contamination.table,43879f7fbec4f25dde2556734b1cdff07c0a756f088c803a7f0c6b12d2a9dbf8,True,present
WQC0178,samtools md primary report,TOV3133G,data/cluster_wes_retrieval/2026-09-05/ovcan_human_wes_handoff_2026-09-05/sarek_3.5.1_run/reports/samtools/TOV3133G_P65/TOV3133G_P65.md.cram.stats,sarek_3.5.1_run/reports/samtools/TOV3133G_P65/TOV3133G_P65.md.cram.stats,e5479fe9595aca3732edfdac61f14f89d8d9940cb2da4b942cf48cf61d15aecd,93325,/project/6090753/active/ovcan_gq_analysis/wes_sarek_results_20251022/reports/samtools/TOV3133G_P65/TOV3133G_P65.md.cram.stats,e5479fe9595aca3732edfdac61f14f89d8d9940cb2da4b942cf48cf61d15aecd,True,present
WQC0179,mosdepth md integer depth-sum and target length,TOV3133G,data/cluster_wes_retrieval/2026-09-05/ovcan_human_wes_handoff_2026-09-05/sarek_3.5.1_run/reports/mosdepth/TOV3133G_P65/TOV3133G_P65.md.mosdepth.summary.txt,sarek_3.5.1_run/reports/mosdepth/TOV3133G_P65/TOV3133G_P65.md.mosdepth.summary.txt,6af19cc25c3877251783dce92493d5e536a401eb3a5931be6910bd1433d52b2d,199578,/project/6090753/active/ovcan_gq_analysis/wes_sarek_results_20251022/reports/mosdepth/TOV3133G_P65/TOV3133G_P65.md.mosdepth.summary.txt,6af19cc25c3877251783dce92493d5e536a401eb3a5931be6910bd1433d52b2d,True,present
WQC0180,mosdepth md per-base target cumulative fractions,TOV3133G,data/cluster_wes_retrieval/2026-09-05/ovcan_human_wes_handoff_2026-09-05/sarek_3.5.1_run/reports/mosdepth/TOV3133G_P65/TOV3133G_P65.md.mosdepth.region.dist.txt,sarek_3.5.1_run/reports/mosdepth/TOV3133G_P65/TOV3133G_P65.md.mosdepth.region.dist.txt,477eab592414172d860b6e22bd8fda168e3cbbad9f88a20c2a50d74a3f793a1c,794898,/project/6090753/active/ovcan_gq_analysis/wes_sarek_results_20251022/reports/mosdepth/TOV3133G_P65/TOV3133G_P65.md.mosdepth.region.dist.txt,477eab592414172d860b6e22bd8fda168e3cbbad9f88a20c2a50d74a3f793a1c,True,present
WQC0181,samtools recal primary report,TOV3133G,data/cluster_wes_retrieval/2026-09-05/ovcan_human_wes_handoff_2026-09-05/sarek_3.5.1_run/reports/samtools/TOV3133G_P65/TOV3133G_P65.recal.cram.stats,sarek_3.5.1_run/reports/samtools/TOV3133G_P65/TOV3133G_P65.recal.cram.stats,6f9740bda8af0a1edd902107690f590081d511e6cfb59a65f14056ae16844969,115891,/project/6090753/active/ovcan_gq_analysis/wes_sarek_results_20251022/reports/samtools/TOV3133G_P65/TOV3133G_P65.recal.cram.stats,6f9740bda8af0a1edd902107690f590081d511e6cfb59a65f14056ae16844969,True,present
WQC0182,mosdepth recal integer depth-sum and target length,TOV3133G,data/cluster_wes_retrieval/2026-09-05/ovcan_human_wes_handoff_2026-09-05/sarek_3.5.1_run/reports/mosdepth/TOV3133G_P65/TOV3133G_P65.recal.mosdepth.summary.txt,sarek_3.5.1_run/reports/mosdepth/TOV3133G_P65/TOV3133G_P65.recal.mosdepth.summary.txt,95732937cd8cc9bdd67faf77f4042b8b3cf213bd4cf5436b857e302d473c017b,3217,/project/6090753/active/ovcan_gq_analysis/wes_sarek_results_20251022/reports/mosdepth/TOV3133G_P65/TOV3133G_P65.recal.mosdepth.summary.txt,95732937cd8cc9bdd67faf77f4042b8b3cf213bd4cf5436b857e302d473c017b,True,present
WQC0183,mosdepth recal per-base target cumulative fractions,TOV3133G,data/cluster_wes_retrieval/2026-09-05/ovcan_human_wes_handoff_2026-09-05/sarek_3.5.1_run/reports/mosdepth/TOV3133G_P65/TOV3133G_P65.recal.mosdepth.region.dist.txt,sarek_3.5.1_run/reports/mosdepth/TOV3133G_P65/TOV3133G_P65.recal.mosdepth.region.dist.txt,24ae5ee0622e5988f9a3b4bb7320bf9875263e1613f4906a18e704bfa2752d4e,794842,/project/6090753/active/ovcan_gq_analysis/wes_sarek_results_20251022/reports/mosdepth/TOV3133G_P65/TOV3133G_P65.recal.mosdepth.region.dist.txt,24ae5ee0622e5988f9a3b4bb7320bf9875263e1613f4906a18e704bfa2752d4e,True,present
WQC0184,Picard/GATK MarkDuplicates primary library metrics,TOV3133G,data/cluster_wes_retrieval/2026-09-05/ovcan_human_wes_handoff_2026-09-05/sarek_3.5.1_run/reports/markduplicates/TOV3133G_P65/TOV3133G_P65.md.cram.metrics,sarek_3.5.1_run/reports/markduplicates/TOV3133G_P65/TOV3133G_P65.md.cram.metrics,5c87567bdd9301938da0237ed0e2a99d3df1e40b80279962b5a0e50916e485c2,4656,/project/6090753/active/ovcan_gq_analysis/wes_sarek_results_20251022/reports/markduplicates/TOV3133G_P65/TOV3133G_P65.md.cram.metrics,5c87567bdd9301938da0237ed0e2a99d3df1e40b80279962b5a0e50916e485c2,True,present
WQC0185,GATK CalculateContamination primary table,TOV3133G,data/cluster_wes_retrieval/2026-09-05/ovcan_human_wes_handoff_2026-09-05/sarek_3.5.1_run/variant_calling/mutect2/TOV3133G_P65/TOV3133G_P65.mutect2.contamination.table,sarek_3.5.1_run/variant_calling/mutect2/TOV3133G_P65/TOV3133G_P65.mutect2.contamination.table,de6721c96e776acd2a157b841d9f52dee0b778d8082049d34a59a67fc72ee6b2,96,/project/6090753/active/ovcan_gq_analysis/wes_sarek_results_20251022/variant_calling/mutect2/TOV3133G_P65/TOV3133G_P65.mutect2.contamination.table,de6721c96e776acd2a157b841d9f52dee0b778d8082049d34a59a67fc72ee6b2,True,present
WQC0186,samtools md primary report,TOV3392D,data/cluster_wes_retrieval/2026-09-05/ovcan_human_wes_handoff_2026-09-05/sarek_3.5.1_run/reports/samtools/TOV3392D_P69/TOV3392D_P69.md.cram.stats,sarek_3.5.1_run/reports/samtools/TOV3392D_P69/TOV3392D_P69.md.cram.stats,9dcb55f2f7a2c1a80496a184be11b50daf7b1c4562edd679d9a099f66d104ca2,97197,/project/6090753/active/ovcan_gq_analysis/wes_sarek_results_20251022/reports/samtools/TOV3392D_P69/TOV3392D_P69.md.cram.stats,9dcb55f2f7a2c1a80496a184be11b50daf7b1c4562edd679d9a099f66d104ca2,True,present
WQC0187,mosdepth md integer depth-sum and target length,TOV3392D,data/cluster_wes_retrieval/2026-09-05/ovcan_human_wes_handoff_2026-09-05/sarek_3.5.1_run/reports/mosdepth/TOV3392D_P69/TOV3392D_P69.md.mosdepth.summary.txt,sarek_3.5.1_run/reports/mosdepth/TOV3392D_P69/TOV3392D_P69.md.mosdepth.summary.txt,86467516a24eea0486eebf50c905561673f7cdd1b70feca95f0bc2626caeb188,208119,/project/6090753/active/ovcan_gq_analysis/wes_sarek_results_20251022/reports/mosdepth/TOV3392D_P69/TOV3392D_P69.md.mosdepth.summary.txt,86467516a24eea0486eebf50c905561673f7cdd1b70feca95f0bc2626caeb188,True,present
WQC0188,mosdepth md per-base target cumulative fractions,TOV3392D,data/cluster_wes_retrieval/2026-09-05/ovcan_human_wes_handoff_2026-09-05/sarek_3.5.1_run/reports/mosdepth/TOV3392D_P69/TOV3392D_P69.md.mosdepth.region.dist.txt,sarek_3.5.1_run/reports/mosdepth/TOV3392D_P69/TOV3392D_P69.md.mosdepth.region.dist.txt,ff4156e344a1d747118a7cb01aad660fa3a911ee5995be81b348edcb95cc945a,814075,/project/6090753/active/ovcan_gq_analysis/wes_sarek_results_20251022/reports/mosdepth/TOV3392D_P69/TOV3392D_P69.md.mosdepth.region.dist.txt,ff4156e344a1d747118a7cb01aad660fa3a911ee5995be81b348edcb95cc945a,True,present
WQC0189,samtools recal primary report,TOV3392D,data/cluster_wes_retrieval/2026-09-05/ovcan_human_wes_handoff_2026-09-05/sarek_3.5.1_run/reports/samtools/TOV3392D_P69/TOV3392D_P69.recal.cram.stats,sarek_3.5.1_run/reports/samtools/TOV3392D_P69/TOV3392D_P69.recal.cram.stats,906743f14da5a5efbdb72468800066392fdc97a1703c2ac39ae284684d08d325,117578,/project/6090753/active/ovcan_gq_analysis/wes_sarek_results_20251022/reports/samtools/TOV3392D_P69/TOV3392D_P69.recal.cram.stats,906743f14da5a5efbdb72468800066392fdc97a1703c2ac39ae284684d08d325,True,present
WQC0190,mosdepth recal integer depth-sum and target length,TOV3392D,data/cluster_wes_retrieval/2026-09-05/ovcan_human_wes_handoff_2026-09-05/sarek_3.5.1_run/reports/mosdepth/TOV3392D_P69/TOV3392D_P69.recal.mosdepth.summary.txt,sarek_3.5.1_run/reports/mosdepth/TOV3392D_P69/TOV3392D_P69.recal.mosdepth.summary.txt,4c3e2a26a1fd897ed71534499014ec4b2d701ef32e50acf0bca01fad9292b519,3142,/project/6090753/active/ovcan_gq_analysis/wes_sarek_results_20251022/reports/mosdepth/TOV3392D_P69/TOV3392D_P69.recal.mosdepth.summary.txt,4c3e2a26a1fd897ed71534499014ec4b2d701ef32e50acf0bca01fad9292b519,True,present
WQC0191,mosdepth recal per-base target cumulative fractions,TOV3392D,data/cluster_wes_retrieval/2026-09-05/ovcan_human_wes_handoff_2026-09-05/sarek_3.5.1_run/reports/mosdepth/TOV3392D_P69/TOV3392D_P69.recal.mosdepth.region.dist.txt,sarek_3.5.1_run/reports/mosdepth/TOV3392D_P69/TOV3392D_P69.recal.mosdepth.region.dist.txt,654c4685b8a1bf8f8e990fbf4f8a6e09569f4f1b8f2a2d3c6a40e7ef4b502400,813991,/project/6090753/active/ovcan_gq_analysis/wes_sarek_results_20251022/reports/mosdepth/TOV3392D_P69/TOV3392D_P69.recal.mosdepth.region.dist.txt,654c4685b8a1bf8f8e990fbf4f8a6e09569f4f1b8f2a2d3c6a40e7ef4b502400,True,present
WQC0192,Picard/GATK MarkDuplicates primary library metrics,TOV3392D,data/cluster_wes_retrieval/2026-09-05/ovcan_human_wes_handoff_2026-09-05/sarek_3.5.1_run/reports/markduplicates/TOV3392D_P69/TOV3392D_P69.md.cram.metrics,sarek_3.5.1_run/reports/markduplicates/TOV3392D_P69/TOV3392D_P69.md.cram.metrics,e79905289d66b63f8e90d4f0bb3ec06f4e51fdd5ca9f94e2fee63b7c314e0752,4257,/project/6090753/active/ovcan_gq_analysis/wes_sarek_results_20251022/reports/markduplicates/TOV3392D_P69/TOV3392D_P69.md.cram.metrics,e79905289d66b63f8e90d4f0bb3ec06f4e51fdd5ca9f94e2fee63b7c314e0752,True,present
WQC0193,GATK CalculateContamination primary table,TOV3392D,data/cluster_wes_retrieval/2026-09-05/ovcan_human_wes_handoff_2026-09-05/sarek_3.5.1_run/variant_calling/mutect2/TOV3392D_P69/TOV3392D_P69.mutect2.contamination.table,sarek_3.5.1_run/variant_calling/mutect2/TOV3392D_P69/TOV3392D_P69.mutect2.contamination.table,bdb8a920db28fb1af635d42a5e545b3c6298bd343bfed164888f6b5b3abf1136,95,/project/6090753/active/ovcan_gq_analysis/wes_sarek_results_20251022/variant_calling/mutect2/TOV3392D_P69/TOV3392D_P69.mutect2.contamination.table,bdb8a920db28fb1af635d42a5e545b3c6298bd343bfed164888f6b5b3abf1136,True,present
WQC0194,samtools md primary report,TOV81D,data/cluster_wes_retrieval/2026-09-05/ovcan_human_wes_handoff_2026-09-05/sarek_3.5.1_run/reports/samtools/TOV81D_P23/TOV81D_P23.md.cram.stats,sarek_3.5.1_run/reports/samtools/TOV81D_P23/TOV81D_P23.md.cram.stats,8d854d3d82bb92b1d255decbd1d38e77b3f5aaba0e4d51c01327e14db9fb9ec1,99656,/project/6090753/active/ovcan_gq_analysis/wes_sarek_results_20251022/reports/samtools/TOV81D_P23/TOV81D_P23.md.cram.stats,8d854d3d82bb92b1d255decbd1d38e77b3f5aaba0e4d51c01327e14db9fb9ec1,True,present
WQC0195,mosdepth md integer depth-sum and target length,TOV81D,data/cluster_wes_retrieval/2026-09-05/ovcan_human_wes_handoff_2026-09-05/sarek_3.5.1_run/reports/mosdepth/TOV81D_P23/TOV81D_P23.md.mosdepth.summary.txt,sarek_3.5.1_run/reports/mosdepth/TOV81D_P23/TOV81D_P23.md.mosdepth.summary.txt,3b20ba03daa2d87813d87b4b52699b9983e77253a0b6d17098dcd5a10b434cd0,207323,/project/6090753/active/ovcan_gq_analysis/wes_sarek_results_20251022/reports/mosdepth/TOV81D_P23/TOV81D_P23.md.mosdepth.summary.txt,3b20ba03daa2d87813d87b4b52699b9983e77253a0b6d17098dcd5a10b434cd0,True,present
WQC0196,mosdepth md per-base target cumulative fractions,TOV81D,data/cluster_wes_retrieval/2026-09-05/ovcan_human_wes_handoff_2026-09-05/sarek_3.5.1_run/reports/mosdepth/TOV81D_P23/TOV81D_P23.md.mosdepth.region.dist.txt,sarek_3.5.1_run/reports/mosdepth/TOV81D_P23/TOV81D_P23.md.mosdepth.region.dist.txt,d6c7a9ec0729d82af0e8433122eb3a0d6500f8d1ef0ee94e118057d04150fd1d,905486,/project/6090753/active/ovcan_gq_analysis/wes_sarek_results_20251022/reports/mosdepth/TOV81D_P23/TOV81D_P23.md.mosdepth.region.dist.txt,d6c7a9ec0729d82af0e8433122eb3a0d6500f8d1ef0ee94e118057d04150fd1d,True,present
WQC0197,samtools recal primary report,TOV81D,data/cluster_wes_retrieval/2026-09-05/ovcan_human_wes_handoff_2026-09-05/sarek_3.5.1_run/reports/samtools/TOV81D_P23/TOV81D_P23.recal.cram.stats,sarek_3.5.1_run/reports/samtools/TOV81D_P23/TOV81D_P23.recal.cram.stats,be17d113f534366a574a585be9d9979bfc875df62edb427bf056d3911233a489,119980,/project/6090753/active/ovcan_gq_analysis/wes_sarek_results_20251022/reports/samtools/TOV81D_P23/TOV81D_P23.recal.cram.stats,be17d113f534366a574a585be9d9979bfc875df62edb427bf056d3911233a489,True,present
WQC0198,mosdepth recal integer depth-sum and target length,TOV81D,data/cluster_wes_retrieval/2026-09-05/ovcan_human_wes_handoff_2026-09-05/sarek_3.5.1_run/reports/mosdepth/TOV81D_P23/TOV81D_P23.recal.mosdepth.summary.txt,sarek_3.5.1_run/reports/mosdepth/TOV81D_P23/TOV81D_P23.recal.mosdepth.summary.txt,2bda13e70a08f8db6ab315604906f295374a7d73dc9aae3817fcd52ffc927d58,3232,/project/6090753/active/ovcan_gq_analysis/wes_sarek_results_20251022/reports/mosdepth/TOV81D_P23/TOV81D_P23.recal.mosdepth.summary.txt,2bda13e70a08f8db6ab315604906f295374a7d73dc9aae3817fcd52ffc927d58,True,present
WQC0199,mosdepth recal per-base target cumulative fractions,TOV81D,data/cluster_wes_retrieval/2026-09-05/ovcan_human_wes_handoff_2026-09-05/sarek_3.5.1_run/reports/mosdepth/TOV81D_P23/TOV81D_P23.recal.mosdepth.region.dist.txt,sarek_3.5.1_run/reports/mosdepth/TOV81D_P23/TOV81D_P23.recal.mosdepth.region.dist.txt,e4f68fe63ebf3d8f24c4c2ca8d1681f3a65fb4fdacb35a6bb55e67da78baa434,905430,/project/6090753/active/ovcan_gq_analysis/wes_sarek_results_20251022/reports/mosdepth/TOV81D_P23/TOV81D_P23.recal.mosdepth.region.dist.txt,e4f68fe63ebf3d8f24c4c2ca8d1681f3a65fb4fdacb35a6bb55e67da78baa434,True,present
WQC0200,Picard/GATK MarkDuplicates primary library metrics,TOV81D,data/cluster_wes_retrieval/2026-09-05/ovcan_human_wes_handoff_2026-09-05/sarek_3.5.1_run/reports/markduplicates/TOV81D_P23/TOV81D_P23.md.cram.metrics,sarek_3.5.1_run/reports/markduplicates/TOV81D_P23/TOV81D_P23.md.cram.metrics,80d713944eff2371e0150dd383f84ab7f46d843411ac5961392830c1ba31e913,4531,/project/6090753/active/ovcan_gq_analysis/wes_sarek_results_20251022/reports/markduplicates/TOV81D_P23/TOV81D_P23.md.cram.metrics,80d713944eff2371e0150dd383f84ab7f46d843411ac5961392830c1ba31e913,True,present
WQC0201,GATK CalculateContamination primary table,TOV81D,data/cluster_wes_retrieval/2026-09-05/ovcan_human_wes_handoff_2026-09-05/sarek_3.5.1_run/variant_calling/mutect2/TOV81D_P23/TOV81D_P23.mutect2.contamination.table,sarek_3.5.1_run/variant_calling/mutect2/TOV81D_P23/TOV81D_P23.mutect2.contamination.table,426bfd78461f1a88b1c7db2a6ae40f0b4ad340f1803661fcb36b6fd61d082118,93,/project/6090753/active/ovcan_gq_analysis/wes_sarek_results_20251022/variant_calling/mutect2/TOV81D_P23/TOV81D_P23.mutect2.contamination.table,426bfd78461f1a88b1c7db2a6ae40f0b4ad340f1803661fcb36b6fd61d082118,True,present
WQC0202,cluster-produced recovery table; secondary evidence only for omitted normal CNNs,,data/cluster_wes_retrieval/2026-09-05/ovcan_human_wes_handoff_2026-09-05/recovery/qc_metrics.tsv,recovery/qc_metrics.tsv,085f494b937b7575c1b14d8b78f57b9365cff63cd8e093e08c7f3d6d2cda601c,560684,,,,present
WQC0203,CNV-reference targetcoverage CNN required for independent validation,SRR4039087,data/cluster_wes_retrieval/2026-09-05/ovcan_human_wes_handoff_2026-09-05/cnvkit_0.9.10_manual/OV1369_R2_P66_new/SRR4039087.sorted.targetcoverage.cnn,cnvkit_0.9.10_manual/OV1369_R2_P66_new/SRR4039087.sorted.targetcoverage.cnn,,,/project/6090753/active/ovcan_gq_analysis/cnvkit/OV1369_R2_P66_new/SRR4039087.sorted.targetcoverage.cnn,1e12a7b4427c7c1173bdcf4f00ee26d17cb3983ac87522e469770f1fa363f162,,not_in_local_bundle
WQC0204,CNV-reference targetcoverage CNN required for independent validation,SRR4039088,data/cluster_wes_retrieval/2026-09-05/ovcan_human_wes_handoff_2026-09-05/cnvkit_0.9.10_manual/OV1369_R2_P66_new/SRR4039088.sorted.targetcoverage.cnn,cnvkit_0.9.10_manual/OV1369_R2_P66_new/SRR4039088.sorted.targetcoverage.cnn,,,/project/6090753/active/ovcan_gq_analysis/cnvkit/OV1369_R2_P66_new/SRR4039088.sorted.targetcoverage.cnn,d4a99f14b7a9e470cd2873a1bd5cf10fe7d7bfb5e64c838e6063e8e93cfacdad,,not_in_local_bundle
WQC0205,CNV-reference targetcoverage CNN required for independent validation,SRR4039089,data/cluster_wes_retrieval/2026-09-05/ovcan_human_wes_handoff_2026-09-05/cnvkit_0.9.10_manual/OV1369_R2_P66_new/SRR4039089.sorted.targetcoverage.cnn,cnvkit_0.9.10_manual/OV1369_R2_P66_new/SRR4039089.sorted.targetcoverage.cnn,,,/project/6090753/active/ovcan_gq_analysis/cnvkit/OV1369_R2_P66_new/SRR4039089.sorted.targetcoverage.cnn,26317acb4ef31e79c3a39177b56d2ee32e990dbe69f6adbdb57592d0e97b72a3,,not_in_local_bundle
WQC0206,CNV-reference targetcoverage CNN required for independent validation,SRR4039096,data/cluster_wes_retrieval/2026-09-05/ovcan_human_wes_handoff_2026-09-05/cnvkit_0.9.10_manual/OV1369_R2_P66_new/SRR4039096.sorted.targetcoverage.cnn,cnvkit_0.9.10_manual/OV1369_R2_P66_new/SRR4039096.sorted.targetcoverage.cnn,,,/project/6090753/active/ovcan_gq_analysis/cnvkit/OV1369_R2_P66_new/SRR4039096.sorted.targetcoverage.cnn,2bd1229de933bda1c54d7d3438bcc7c44169381c83e2f8dbb488237c5ccc49b2,,not_in_local_bundle
WQC0207,CNV-reference targetcoverage CNN required for independent validation,SRR4039097,data/cluster_wes_retrieval/2026-09-05/ovcan_human_wes_handoff_2026-09-05/cnvkit_0.9.10_manual/OV1369_R2_P66_new/SRR4039097.sorted.targetcoverage.cnn,cnvkit_0.9.10_manual/OV1369_R2_P66_new/SRR4039097.sorted.targetcoverage.cnn,,,/project/6090753/active/ovcan_gq_analysis/cnvkit/OV1369_R2_P66_new/SRR4039097.sorted.targetcoverage.cnn,796281ccf50c05345ddeb3dd2b0b333f5012ed24a6c1512b03ed58e29320dfab,,not_in_local_bundle
