context,SBS1,SBS2,SBS3,SBS4,SBS5,SBS6,SBS7a,SBS7b,SBS7c,SBS7d,SBS8,SBS9,SBS10a,SBS10b,SBS10c,SBS10d,SBS11,SBS12,SBS13,SBS14,SBS15,SBS16,SBS17a,SBS17b,SBS18,SBS19,SBS20,SBS21,SBS22,SBS23,SBS24,SBS25,SBS26,SBS28,SBS29,SBS30,SBS31,SBS32,SBS33,SBS34,SBS35,SBS36,SBS37,SBS38,SBS39,SBS40,SBS41,SBS42,SBS44,SBS84,SBS85,SBS86,SBS87,SBS88,SBS89,SBS90,SBS91,SBS92,SBS93,SBS94
A[C>A]A,3.245516527330171e-4,4.911495811919099e-7,0.016721377424177036,0.028988794277547827,0.009399295717478365,1.9032275544309364e-4,4.7633565563517306e-5,0.0015271473076524803,0.004999385342425365,4.0633586226574854e-5,0.03629268566888597,5.329401155516988e-4,0.0019260502833620293,1.0232135690128047e-4,0.0037026647994874927,0.008974376962301857,1.0319976474693307e-4,0.004503582312359016,0.001561723288748308,8.361829486954063e-4,4.372476293776225e-4,0.016712479991840824,0.0017181272611531929,5.767605365508036e-4,0.036021294348774734,8.924559039275096e-4,4.2574676502856205e-4,1.4141009610519467e-4,0.0056771294286852,5.313808645165067e-4,0.021627256989242047,0.007976643395755054,8.152331597738797e-4,8.796448678853198e-4,0.03951868105826981,0.0012616062253968414,0.00692640026430135,0.01637029316543396,0.0026975500709017536,0.005708083398347066,0.006411616753646699,0.019001161875431574,0.003909952716830021,0.008529842231419628,0.008588419489553118,0.023574194772719385,0.0020690689349599214,8.201590837503893e-4,5.464125555628317e-18,0.0024640838469391743,0.006929289756166675,0.002139850388432753,0.0040211211378607245,0,0.025893949203698974,0.002755947540870533,0.0018169948098748876,0.009331332625551782,0.010802561476276859,0.011078906688007378
A[C>A]C,0.001175264248162748,1.763591815679165e-4,0.018665654967812244,0.032189372425960504,0.010404869475028777,3.302050025357375e-4,1.7907785944413528e-4,4.251836051800464e-4,0.0016750119008336678,0.001082719101469402,0.05535527202232618,0.005496903282460676,0.002190520628778685,0.005173961895257996,0.017839348022879512,0.023032275965358888,5.490545616031499e-4,0.001584341099064399,8.705997501957864e-4,0.013762747910530792,3.2393840002131166e-4,0.0042625500400278295,0.0010722060151648594,1.7219964152787994e-4,0.015551051047009313,6.338575246721823e-4,0.0013453214998520552,0.0029911854720843212,1.2680993298409517e-4,3.5730813662640504e-4,0.022156262708553653,0.007936583634591413,6.938284279434541e-4,0.003994499825848218,0.04505115182084031,4.990595951201375e-4,0.018900857750160566,0.01942048260434181,0.0027218523549636473,0.011479452173750895,0.04720623911110247,0.008827820993903042,0.0020197284682417723,0.009471155727570488,0.007385569744511977,0.015763154501428567,0.0016834604213957197,0.020495471101604552,1.5017625983252056e-4,0.005000706409607136,0.0014111362233045124,0.003847147344693881,0.0028836505907368563,0,0.020041610742977774,0.0012475071927761615,0.046019009796355814,0.011294303282161258,0.010634370567801758,0.0247627022725122
A[C>A]G,1.49216662013725e-4,1.0192516528655206e-4,0.0032377306338114854,0.024662451867883742,0.0033348764343432867,5.359189097790995e-5,1.1649632716930242e-4,2.8056397443101597e-4,8.980588211551812e-4,5.786790348390758e-4,0.008750169068477273,9.363705862412595e-4,3.0360485789908116e-4,6.922175977204874e-5,0.001292757117913742,0.0014836548998335187,1.5307681798932464e-4,0.0012382472748017456,5.213514389632039e-4,7.096223530238647e-4,4.914171916326864e-5,0.00245196936888418,9.092553959539048e-5,1.2706001246029052e-4,0.003911580836763256,3.978433508427181e-4,3.4507313730087916e-5,6.094274984487022e-4,0.0016630668609421745,1.442612254612697e-7,0.020237446964688537,0.002688728406676528,2.450001752631267e-4,9.115069134567916e-4,0.027629978245464284,1.4727059682044145e-4,0.0027737112590788004,0.007534950501406526,8.264249454117565e-4,1.4026801245225476e-4,0.002322820246099256,0.003887063061356099,0.0024147614063073745,0.0029139264180199284,0.004510582176378617,0.005617777851925191,1.385654087229756e-4,5.434761972547492e-5,1.499853616955867e-6,7.393076341188848e-4,8.025974488895333e-4,6.425928411791634e-4,0.006403486244287142,0,0.0179151559214514,3.9918315143590993e-4,2.8999101945556386e-4,0.008902537482837194,0.003782091174195796,0.0025763927465717925
A[C>A]T,4.6600723985055847e-4,8.231087725919294e-5,0.00974767714542211,0.020140595550831277,0.005145743308582469,8.011371715685713e-5,1.7523568905473e-4,4.6250448616128384e-4,0.002016313900994826,0.004048474452431449,0.038442441917222896,0.002895187154805742,0.014859528137768224,9.10783382672159e-6,0.011153318597786253,0.012519910187623178,1.8687021239779283e-4,0.001208125613028469,2.9678676753631917e-4,0.061290889326937444,5.109883974598337e-4,0.011004222778812797,5.0980729949101865e-5,4.299217250187284e-4,0.014876420633373633,3.987968738953299e-4,8.476469115099562e-4,5.559106014324112e-4,0.0016147874352880822,3.5482555267732234e-18,0.012991381285275534,0.0039799165146170035,5.745010579432903e-4,0.004427049810246958,0.02212421918068539,3.8730999169964885e-4,0.004531598716983419,0.010652144295383392,0.0016379299254022743,0.0014328444673835745,0.01558810037756039,0.01341421426747114,0.0018200307657890253,0.005861474644220775,0.005398731114967935,0.012296515613447516,0.0012962140871233903,0.005600554432946867,0.004087143438461696,0.006556962010116252,0.0030777519090070676,0.0026088529204976187,0.0022081275855109442,0.001958475414212205,0.016595258192255952,0.002183595934885767,8.022447356733262e-5,0.006350681126076571,0.007811944638491656,0.007828163153433747
C[C>A]A,1.5629770738255535e-4,2.408779408717701e-4,0.024736550837224633,0.07581220818521102,0.007958858650387776,0.0011146052520708423,4.4238215092985624e-4,0.0010218279357514823,1.5429217113477e-4,0.019944341484756947,0.04513077599315849,0.006269506554038221,0.003824710223593917,4.005719518451484e-4,0.02037976712893115,0.012139211776074327,5.973958992429886e-4,0.007385278326147087,0.0016428906004121522,0.016642508962556136,0.026477663686469054,0.014856009467656832,3.3485355174242104e-4,3.51567855044574e-4,0.07078344820928556,0.0012685421077511677,0.035366856734445784,2.7345234371698495e-16,0.00236403185199586,1.3141480451987043e-4,0.020638668923763922,0.01630777114744957,0.0018006720182454621,0.003114836527440767,0.046348166698149146,7.361400541811737e-4,0.010624069389240433,0.001244861941345334,0.0032027334841518845,0.0031256753691909986,0.029691076935216925,0.05753892272258327,0.0043589129108247485,0.34721934625381873,0.010139036146781976,0.02377929663753087,0.0031916655247573584,0.011216206846738725,2.7632851341704015e-5,0,0.006645930981853672,0.006058307369944924,0.00524473642650027,0,0.02715849050375963,0.0020294281760446114,0.006912364580986265,0.020894841390254562,0.008295306428447011,0.077727014726327
C[C>A]C,0.0011554499316233059,1.4220886891684557e-4,0.035840761866918064,0.0964770509482365,0.00847481907857204,0.003227550838171843,3.0067514390049783e-4,0.0017902129939599447,0.005636064548244292,0.005706997174077365,0.05626783956517324,0.003231420223133607,3.1305660614195334e-4,0.0031504313452329806,0.014567138198607726,0.023217660386041592,0.0012281481645073675,0.007514696341884701,0.0014637134144950415,0.02591776261675311,0.004121875258229979,0.016620981459952788,0.0016966449531230774,6.870396109788079e-5,0.024157731699481693,9.497874067599673e-4,0.11986847947789592,0.004126692513055955,0.007374049469519437,7.064931934218958e-4,0.036540415485632916,0.011102984471682195,0.00248480628586416,2.1550919543980715e-4,0.04065928399161409,4.7921570331038775e-4,0.014841069423578015,0.006364505905261707,0.002919379068871331,7.58010828727472e-5,0.04222491542991549,0.026839781969675888,0.001419864208692395,0.08161384342989066,0.011719351540355978,0.02165474584407517,0.001588020166914399,0.04086598308261974,0.037988318944468226,0.006526435758617971,6.14992200810912e-4,0.004022737409347788,0.004770265433316303,0,0.020587881411932657,9.84875188406049e-4,0.004979676009918418,0.02025503886013773,0.007888150061415945,0.09522844598963805
C[C>A]G,1.227475350511552e-4,6.789494043392709e-16,0.007254862741627598,0.0605104732779199,0.009743992259346497,0.0026566387005597593,5.700197664348776e-16,0.00096146158550993995,0.0071080359093594865,3.077372814545409e-4,0.010089779164673686,0.004704479106295059,1.4671963937477425e-4,1.6938918774846132e-4,0.007390460236465993,0.0032528378841560203,2.3380857927320362e-5,0.004191334245593824,1.3358797268555093e-5,0.0037043254472869554,1.1024533533055981e-4,0.006534568727937635,6.624982292834704e-16,7.605776951305571e-16,0.030177280196448476,5.962684261546459e-4,0.01837368580559585,0.006411988272707837,4.6189152742293917e-4,2.9744697184620094e-4,0.03417958646596928,0.0037080169954691418,0.0012154103415304132,8.955524969193119e-16,0.03327314424225042,0.001025634194115743,8.588194517411637e-4,4.38133485035335e-5,0.0011569905168653304,0.0012558112714939926,0.005743495648837885,0.019247960992425074,0.0026585312875501395,0.12219346188229215,0.015149072483206601,0.007634282731985457,9.201948034772519e-4,0.004779084654273294,0.009567044991453196,1.7657501394824547e-4,6.443525273299782e-4,0.0014430434407001229,0.032237220186741446,0,0.009521138744504115,9.72153005943997e-4,0.0051612723533964585,0.015641798530735225,0.0050616939897512245,0.0159155877015773
C[C>A]T,1.1511267663997262e-16,5.023843089060807e-4,0.017446070440695113,0.0667936194981568,0.007163527795961601,0.006058166510188851,3.72691437265205e-4,0.0013761933800575362,0.01969116614192561,1.6582798999208252e-4,0.03827036849054638,0.004118450262477299,0.021440642502374617,0.00659945528119548,0.054072120796124966,0.02319498600879311,1.4941193723659585e-4,0.0015444737852971795,2.6844409754456165e-16,0.2735425043819141,0.018732923179902262,0.0036651221307138116,1.6024103323540503e-4,2.4329407471561788e-4,0.0357788927560843,3.406510051268402e-5,0.24424711053205128,0.024242774312423995,1.4642498723468908e-4,5.201344452112549e-4,0.014317406438830928,0.014306180941224564,0.009395804908118763,3.2096341681613614e-4,0.045732075022055604,2.9334315169169127e-4,0.028545102038710718,0.002762046854199247,0.0030924154399818186,0.001024050146994926,0.08441681962064412,0.06428404225439432,0.0024689702812986567,0.17278937671312852,0.006237533417705453,0.01731702484410492,0.003661900714693102,0.021022809338108944,0.08692540718195817,0.005640959969799133,0.0013824930614548198,0.0033832035484729355,0.003085424633287855,0,0.018981163269438082,0.0017924492425927556,0.0028170703534893425,0.01455834916025165,0.013235233048115724,0.03998746043076858
G[C>A]A,8.106016399779085e-4,1.0223352565284506e-4,0.008027836752029229,0.03040220421127011,0.011189599103798152,2.678119486929977e-4,4.042635731125957e-5,6.848005890239858e-4,0.0015221556667351225,2.366537324171922e-4,0.027893060688374303,0.01032670571928941,0.0014904216977984115,5.755891087631601e-4,0.010078014271969795,0.003006295775764741,1.6334659413865213e-4,0.002763027123142059,0.0011405102665114602,0.0021749381314189026,0.0014855635656263217,0.012595759422261973,0.0020692133587288434,0.001325936686886091,0.10677728428284398,8.011387505364976e-4,0.01040362647372615,0.0026995714487238623,0.0029502544525314756,3.003652069277305e-4,0.05175957835534513,0.01523417845699639,6.487084530678462e-4,2.451411374220881e-4,0.08503640292606163,9.256851546029534e-4,0.01332081491043373,0.0046369074077068344,0.005357325117645107,0.004612835383685602,0.010037470735067253,0.07149383170568457,0.0028281657936515747,0.011199859197344607,0.00707320284958432,0.01662556416509895,0.00424376446868994,0.0076347492165983995,7.652810475576942e-18,0.0026871911128937285,0.0022979468704428735,0.004912456670343435,0.004458191538744781,0.013799262472610395,0.007645756137902657,0.001700496270834024,0.003046160375169779,0.010312010492651319,0.0029312175131475287,0.013836433226490178
G[C>A]C,2.2618555474287637e-4,3.439582348887636e-16,0.015960639068156035,0.043542364525113564,0.010914166292945084,7.4471075894961e-4,1.7870324516649727e-4,2.566720231208516e-4,0.0013989057366872555,4.066978038437993e-16,0.03927325280721562,0.011620792307661693,7.064430546209978e-4,0.0026112601870323304,0.011575486542069418,0.04046945997925753,5.214299093129248e-4,7.567819915343974e-4,7.048947964002911e-4,0.030461155030521096,0.002100728272453989,0.008085835687458453,0.0019351294260913374,4.803433890151261e-6,0.022040084353526966,3.481504926285386e-4,0.007078222650769389,0.011598858301279213,0.0029765658216390533,6.270927282045054e-4,0.13852402143577744,0.009495204595217646,0.0011328095089489906,0.0020845223039996047,0.10284618288839882,6.306571606909041e-4,0.028432348538358933,0.004840332863236174,0.0015293241511090694,9.991306127322124e-4,0.06639351057045782,0.026369136587841367,0.0011340706719548607,0.007622645741617897,0.009292386296587962,0.015531127854462977,0.0012913556478351585,0.034513576690835435,0.006051895142541226,0.013222654396402184,0.0010467506983727942,0.004787875125320869,0.0038088042041011737,0,0.008834575092720244,9.477930623644324e-4,0.006597953500206474,0.011739079137141303,0.00289067826628438,0.03944032048428301
G[C>A]G,7.69832471506496e-4,4.214136570631663e-5,0.004115785884317894,0.03762852141362133,0.006562025988657691,5.723715304719459e-4,1.0817707640515423e-4,1.710647627470175e-4,8.226791250968308e-16,6.553649305259402e-5,0.008073077133105113,5.847205326055968e-4,3.3061368522990804e-5,1.7149146831286932e-4,0.0027305910580223153,2.7743294904167016e-4,3.517617984274691e-5,0.0015945392514040424,5.038306316097704e-4,0.002966977716884263,6.699538012619394e-4,0.005085900357943019,3.149915255541368e-4,3.1381373681281706e-4,0.01893136382695967,5.157567591721739e-4,0.0038660581440943032,0.005449736332560542,0.0017416848485310367,2.711280297997218e-4,0.14018240063687168,0.0018980991607930062,4.3128596375866635e-4,1.5867058664229084e-4,0.05148980184835012,5.570732619330673e-16,0.0025265825743513545,0.0023049377912637468,0.0010620458174142296,9.525663308924727e-4,0.0013180225239311507,0.013038714292198904,0.0017932174152234521,0.003268583750100273,0.011905115422145847,0.00763195780786662,7.723661056366558e-4,0.0026832058777796907,0.0015410717026857956,0.0019402196576597654,0.0014781644814696418,5.783884250813356e-4,0.013297848258428254,0.0023516479098206365,0.004841317161211537,5.512482716499106e-4,1.3046130276489278e-4,0.013139139466810404,9.881132919016974e-4,0.004492308270792894
G[C>A]T,1.204660324790005e-16,6.393893327431549e-5,0.01185545852717207,0.02147648500900421,0.007877856815988305,8.123001604861216e-4,2.338044607139372e-16,1.4208622814985424e-4,5.540969349690536e-4,1.0976026564078956e-4,0.03264693682347065,0.012056676783605742,0.014396473626396478,0.0023214673239694296,0.01520018971169981,0.01294075727515053,2.314133806781202e-16,4.0407502156449575e-5,7.782470003014323e-5,0.1387277909104836,0.012431871091759132,0.008934259285949172,5.752974939408367e-5,7.470382787027204e-4,0.06426133932436008,2.8291458297707774e-4,0.002525629815142475,0.011821713027681636,7.67565707107458e-4,2.8999302747586754e-5,0.04766598784052628,0.01247624579832453,0.0011251211540235697,2.6143157448687654e-4,0.0780127104653016,8.909805530833167e-4,0.0037581660743389897,0.0035400466701376557,0.004080463051111505,2.3334836272538754e-5,0.02452177903983284,0.07672525645804958,0.0018831016379958461,0.008933148489964479,0.006376058937176004,0.013314386368677801,0.0028199198023186054,0.018872451846915928,0.011856255085276156,0.010653645179255797,0.0012822443570123837,0.008941184272269257,7.055151985927749e-4,0.0058119941639453105,0.008590993083776621,7.389540009376686e-4,0.0010619925557534909,0.007963309733327317,0.0042680057917358705,0.011896614958739848
T[C>A]A,2.5701694846691344e-5,5.76995477049237e-4,0.007209256482327703,0.02915322064178308,0.006564813301851657,1.6999554915365543e-4,2.956573377059276e-4,0.0020267900981684466,0.0027813509327866857,0.01222628193367427,0.026150653608671297,0.01731326196607397,0.08815300594775874,2.673717555752922e-4,0.0548606123628284,0.24503089721524338,1.356700930205802e-4,0.0036972999090134962,0.07228456238397579,2.76247607578741e-4,0.008495123214609995,0.012029025328304858,1.6816063955446602e-4,1.2542941861039627e-5,0.055042000909662055,0.0010340651421825067,0.0012541300795730506,0.0014022304280902642,7.896891160372681e-4,0.0014453891994444103,0.018880004237817122,0.005962525081496433,9.34020046067618e-4,0.017108546486880028,0.030137662440416307,5.20171224939357e-4,0.001439984842688581,0.007616407997452027,0.011006312846967962,0.005336727033186656,0.004080404641014145,0.11336643660555133,0.0021110094220796326,0.012577376494156817,0.0046807380500011415,0.02317644778914551,0.003461037181575942,0.0038449974168549813,6.471340438352832e-4,0.0015767723727590618,0.0023628451492434185,0.006612635553368832,0.0019141296544546134,0,0.013509946818240715,0.0026921048250283896,0.21969276203453048,0.013040965606537227,0.00984426181148645,0.019138319778885086
T[C>A]C,0.0013260127757551152,2.0597370921234516e-4,0.019323913305826612,0.04609646565029444,0.010276861109079818,3.1908634064085623e-4,6.46952638497209e-4,0.0033009941702791413,0.0210297887574748,0.01116715628206,0.02955502447722875,0.003361680260124079,0.012545724564518086,0.003056719471431472,0.010449036500841929,0.018290519837279782,9.486494820272319e-4,0.004105719182779878,0.03609583669324781,0.025957725901272516,0.003850425152715671,0.008772757063420643,3.075826479511372e-5,3.0267315585628043e-16,0.04363305871689595,0.0011361575884232646,0.0033164060033054315,3.0413741617323845e-4,0.0023516931590326045,6.045950664431168e-4,0.04412091384501781,0.011758779270639395,8.417540723828086e-4,7.256159648419256e-4,0.036770900797644786,2.4368829866662793e-4,0.009744041675131744,0.009757631031922143,0.006341720681592052,0.002045965297991114,0.02399915305235551,0.0832863829389497,0.002251897497202756,0.010964932266298215,0.008255188931391554,0.025117946892521725,0.0024132262232062726,0.054627453242228535,0.0022599014903014877,9.199869615932943e-6,2.762670270179284e-4,0.004092126406446194,0.0026796514299887294,0.0037592512564704993,0.01933104338435525,0.0014063132877995788,0.03994115965417431,0.01512178466134808,0.005392044787800769,0.02065812153940282
T[C>A]G,2.0961145103474074e-16,1.8535096601350455e-4,0.002908625889745508,0.019213400577611478,0.004622766331685334,2.2982211680849958e-4,6.275621893684755e-5,5.045524306585363e-4,5.896339676835734e-16,5.729501023685275e-16,0.004012307013643725,0.0010905969077543759,0.0026178305621115156,8.266269551558266e-4,0.005828990550906861,0.017527030836257382,4.0266034760671104e-16,0.0012911333118345398,0.02664269218062746,1.356365018213677e-5,9.139908483242057e-5,0.00399362446584202,4.728223486245077e-16,2.3149014822483713e-4,0.022793753340205523,5.139110360880611e-4,3.9180837988898015e-16,1.578561501474082e-4,5.381053824203014e-16,1.4892729865646995e-4,0.014925977656631765,0,2.94735699401929e-4,3.713992813196882e-4,0.027918665135211115,1.4855641273661037e-4,0.0017791911927636612,0.004483204909238296,0.0030492268193846594,6.676892148982042e-16,1.764480522305925e-4,0.028441794222905183,0.0028448047910663767,0.004069752738545701,0.005669619596031165,0.006799970982871006,5.208622571056872e-4,0.0016400933917014005,5.750823543059967e-7,0,1.166808863963119e-8,0.0020026549685848564,0.003648069795338475,0.0016854827664420484,0.004027549449789671,2.4733459815646657e-4,0.5041870891153062,0.0050579280646414196,4.184308518190242e-4,0.004758289172196863
T[C>A]T,2.313780264156819e-6,4.002516621231127e-4,0.008609908895629117,0.03047631375819756,0.01068593360525437,3.5934952203941866e-4,4.6815907498130367e-4,9.927475080317835e-4,0.004147372051882988,2.063630029907029e-4,0.028201089314676006,0.028009254065176858,0.6329843783284661,0.049281026414404315,0.17337505934401884,0.325871613675774,3.5915480025893835e-5,0.0025152561256810476,0.03272319759684246,0.12110300368776479,0.004005401284185857,0.010379043533029968,2.5678648005041273e-4,0.0026189051177976973,0.09166564505962578,0.0010417339439043804,6.679190360881554e-4,2.1479710443538643e-16,4.01831697980364e-4,1.6406855772813114e-4,0.01455223124353283,0.021291917390597118,0.0014043983529277914,6.713379357169895e-4,0.02760716864293248,5.00688534799618e-4,0.00350187173141441,0.007601920280602382,0.011926521031775723,4.02908110696242e-5,0.011934190483284285,0.16847584183532902,0.002594531329828848,0.01990079875108603,0.005164917277531816,0.021642104253106184,0.006214972333836029,0.020734684917584022,0.012687095857604124,9.177361446504489e-4,0.0025188344482331283,0.007067054951845543,0.0019900912644412352,0.012700812603753454,0.016181632951298697,0.0019460650141362224,0.05070254857660005,0.011666897382177587,0.008772346758186332,0.006227897640787542
A[C>G]A,6.813386840670592e-4,1.88838545872062e-16,0.015837073810398443,0.004733004563324744,0.007911073895544298,2.1092239485575784e-4,4.614057321003395e-5,5.610463928543015e-6,0.0011592777605624023,0.0011868225680039203,0.0035634314953804165,0.004622634694032653,1.9612292839713829e-16,1.7147260359829958e-4,2.971686122595293e-4,1.1437328711491975e-4,1.2016410963683997e-4,0.0012155686772296432,0.003320807212887881,1.6574340590212588e-16,5.234002343185518e-5,0.0018174821991127,8.383133013356194e-4,1.3849841831647526e-4,0.0012100357130753448,0.0022416805775816945,0.006031985669306122,1.5221851109412715e-5,0.0015680590435303461,3.652845703382929e-18,0.001984479075386494,0.00646994408766799,3.9874519956866714e-4,1.7278738476318836e-4,0.0019634281411861896,7.499548117636788e-4,0.006040634192765966,0.0014608467892024029,0.0012230050160679995,8.931333777290475e-4,0.0025995003372655903,0.0013873864226505571,0.033952247642346806,0.0017925996564467789,0.034720704432124994,0.010198765114438832,0.0052266054139035,2.870556793126377e-4,0.00226248948787735,0.004796224756104535,0.008245195153381464,0.038038243576798116,0.003525416203885315,0,0.011926909892345138,6.35988279215532e-4,1.501452260806168e-4,0.0025169379784805482,0.0082670203409388,0.004980545098848016
A[C>G]C,6.288694661221736e-4,1.584849401927894e-4,0.013235646249903204,0.0027452798105023395,0.006282601271998297,1.8211688116951893e-4,2.1609395329571673e-5,1.7431605505212263e-4,4.646337359703821e-4,0.0036090636715646694,0.0034162772482397926,0.0026342128199567036,3.0073249310351462e-5,1.0601084005574442e-4,3.9110218544535856e-4,3.6471877962014073e-4,2.884525776538279e-4,9.001300757516314e-4,0.0011483222779974937,6.072418543730395e-6,1.753308442771291e-4,0.0029543881311917194,6.645808525368242e-4,5.7933832886123686e-5,0.002549191279224942,0.0017700545540767672,0.0014614643631486405,9.112976078087398e-4,2.592026932064844e-4,3.653677186555724e-5,0.0030684333637883876,0.0018594281658185486,4.967180790958829e-4,3.53663225687748e-4,0.002314150962672066,4.605945275120631e-4,0.0032284708373247085,0.0020969989195113743,0.0015867300724003305,0.001863761631657831,0.004649099306396451,0.0017719304158435188,0.015600661271936456,0.0014816263415407293,0.023241303391820848,0.010210759781522418,0.004360438468533191,5.034324455054321e-4,2.3327379027318106e-4,0.010797700455533507,0.004091553666920582,0.07982843480825795,0.002480925824248523,0.006470128305838714,0.006663890315982012,4.8815445236642e-4,1.081711198634493e-4,0.001958575696237147,0.007116557065902252,0.003992748805357135
A[C>G]G,9.69486787094826e-5,2.962261017888308e-5,4.6808334305960535e-4,0.002023585794287899,0.0031005337659840253,2.287961499441542e-16,8.311816601405302e-5,7.617462746648557e-4,5.288303933592848e-16,0.002097132822256817,5.416771328104983e-4,0.002989352106310115,4.513592220766335e-16,2.8723795643728695e-16,8.348038978061834e-5,5.498705659235745e-5,9.695407388059249e-5,1.7220809321779855e-4,5.213514389632039e-4,6.718216465673888e-5,3.272561341241535e-5,0.0020360961327891185,2.903504625735157e-4,4.868450649251688e-16,0.0030906317722573756,9.96225626500463e-4,7.423821164867521e-4,4.601799478082054e-16,5.021809736962653e-4,4.188701571768838e-18,0.0012580034599671253,0,1.4678519272343552e-4,5.732423081796241e-16,0.001289398984788335,2.1130830430972372e-4,0.0050127311911062665,0.0019090793871276775,5.050374666405186e-4,5.988365147000102e-16,5.781984209714736e-4,8.676480047669881e-4,0.012187710871457013,9.753985272950929e-4,0.022975250036984682,0.0043287671804217885,0.002730686393400674,2.8800984106015268e-5,5.14141960397536e-5,7.513255767133553e-5,0.001107326975595042,0.008276910514687553,0.031624471736354874,0,0.011208624886724479,1.3309754186818248e-4,6.711542878287707e-5,0.0017198236709296787,0.0035048607829354897,9.006686732678405e-4
A[C>G]T,4.150376979919e-4,7.675615548096515e-5,0.013902424781175742,0.0024236987866254616,0.007862633497228865,1.1304935643245382e-4,6.755053174851679e-5,1.856532092337545e-4,0.0019854519535306213,0.0029089038658211123,0.004670347730794538,0.0060846392335425475,1.9492204557190115e-16,1.240453441430793e-16,4.3865216787426667e-4,9.399269722534308e-5,3.7584798358202665e-4,0.0014259843301319783,0.0034113421555898725,1.5137217218759362e-4,1.4961371997697796e-4,0.011938543580787464,1.6168645744375325e-5,3.007566453530134e-4,0.0028362521581385184,0.0014946152541786448,0.0030214510878016085,5.5412022912506084e-5,5.820745406270996e-5,3.5482555267732234e-18,0.0016829743937743326,0.0027467029467075077,6.756652183888779e-4,9.288998720241096e-5,0.0015474524089861442,5.092151149864092e-4,0.0027276183360186866,0.0012767981175973268,0.0011206888963278757,0.002364775828283458,0.0068414440545959635,0.0014313491201603345,0.01849544778207226,0.0016160449866552224,0.03166282843102818,0.012130346483536144,0.008059917669556677,3.0286561613552073e-4,0.0023264190160102024,0.0208744874682146,0.014746956154508207,0.0662881883623791,0.004329578090206872,0.004569775966495126,0.008720655021567738,0.0011492613457642674,4.960072661249693e-5,0.0033692832352790127,0.012896521725858248,0.005034692095378829
C[C>G]A,1.2072995986921708e-5,2.582489462230996e-16,0.021218463607041545,0.0073557570023569056,0.007455404603862577,2.517048124181962e-5,2.1681586737880895e-16,4.1052385488963113e-4,2.915980481996595e-4,0.001815622811026154,0.005627278802139461,0.0011663894484908583,5.496517522586221e-5,2.2988678234491197e-5,1.288301363511847e-4,9.918449604257467e-5,2.5229826812689317e-4,0.001825880619379533,0.006583297334508699,8.729659609193587e-5,5.295532737293804e-5,0.0050710416932867085,6.277085224188441e-4,2.5167588147102316e-4,5.86354780436379e-4,0.0017009996444845212,7.233274688507646e-5,2.426581608659722e-5,0.0013564117183582768,1.5143162904938639e-4,0.002120745113819829,0.007933510287948427,4.6485433662507065e-4,2.2095392115836035e-5,0.002813385026511268,0.0012173149333464719,0.002035452546536729,0.0011545090585057508,0.001779296380084383,1.9074634304293837e-4,0.003833028661201921,0.0012786427271685146,5.983352504920934e-4,0.001540159304905388,0.028911310992803946,0.008642859739410287,0.0027893547443257538,0.0041190552730264885,5.21521419688499e-5,6.910417632495209e-6,0.0019075529363613527,0.021017505563265974,0.004146574728690957,0.007186247584889139,0.01698039792755765,5.798356434902914e-4,5.6021904418709586e-5,0.002714126734295768,0.0043120871285357194,0.008942814990155232
C[C>G]C,4.9574611591435756e-5,5.23770335674845e-4,0.01997449574401379,0.008316152321385006,0.012518991700757084,2.93557191149126e-5,1.641185160456888e-4,0.0011087770801300285,0.0041221701873890276,5.06894780057802e-4,0.007918103196542424,0.002591868303971753,3.456020948992855e-16,2.1993577315777449e-16,3.1269417408289477e-4,1.9522226858622362e-4,2.2046878815193082e-4,0.0015643912244437562,9.798412113561853e-4,1.0340792597344115e-4,1.387561968117026e-5,0.008356506736233194,3.437168655033809e-4,7.789792182874064e-5,0.002785534369430024,0.0022413496821845347,5.30863437930418e-6,4.333027138708771e-4,0.0013066882242827895,2.8596153067076714e-4,0.005465357273209285,0.006531167336283628,5.298725987074558e-4,1.4927471794225176e-4,0.006985904078775968,9.794279709410762e-4,0.002379688717918535,0.0010659253792552096,6.266729938414873e-4,2.437201029695948e-4,0.008061120218438411,0.0018203218464582114,5.459674414259439e-4,0.001479617880887225,0.04876595508514562,0.013773596846401568,0.0020735845487456763,0.008247951463626318,3.1218123489018536e-5,0.004303106058161521,4.220890681151274e-4,0.0754552043114552,0.002637055548461993,0.0023149534949543373,0.015061690495026769,1.6985284685944806e-4,2.197136595797332e-4,0.005750765293762993,0.005277272808232514,0.018890229981922396
C[C>G]G,4.635958405365523e-4,1.4827280713597478e-4,0.0043355753436021705,0.008397371801833805,0.0070122950074487655,1.3573008633769015e-4,1.9810103990449782e-4,0.0018640100836724621,9.750290095561135e-4,0.004773363237602759,3.1068234964537825e-5,0.001500625817117477,6.355742998777931e-5,4.487398529851853e-16,5.539067705537651e-4,9.260075993439859e-5,2.8463653128911562e-5,6.197442944339597e-4,0.0015055642187193712,5.127001162549353e-5,8.359993706335506e-5,0.005483028932637309,6.923404918638071e-4,7.605776951305571e-16,0.00900288859194043,1.215275902459255e-4,4.6490618189125413e-4,3.27076169466411e-5,8.117064342211942e-4,4.255779751030266e-18,0.0020187318256463106,0.0023870359408332724,1.4000721337518885e-4,8.955524969193119e-16,0.0029226410483057788,3.0239828819137387e-4,0.002229276023668555,0.0014173354305058723,9.917061573131414e-4,0.00080068503887200835,0.002271291461131348,0.001135900796595228,0.0011424210753729514,0.0022929243729677166,0.032462298178299785,0.0050494468463525705,0.0014490423916825675,0.0011947711635683222,1.9645696666941342e-17,5.613656512805484e-6,1.6471744722756405e-4,0.008218878760646761,0.1385473773057911,0,0.012067826311423165,6.931090875711836e-5,1.1851579970584267e-4,0.004741108222727311,0.0026030147051247228,0.004711244368111501
C[C>G]T,1.1511267663997262e-16,7.589463668984977e-5,0.025262816287500205,0.00660192007213666,0.010519016933053023,9.087249765283293e-6,9.577769194234831e-5,8.220215491618815e-4,0.006184484773464056,3.14647981010618e-16,0.006366797667063605,0.004078073299119682,3.730423926713733e-5,1.7587984062729905e-16,2.8702145586299047e-4,2.886004248097825e-4,9.602207166405242e-6,0.0021903446409669127,0.0077389289382215985,1.8727140684608048e-4,5.515442539030449e-5,0.01416003007930398,4.5616060556064366e-5,2.579986616489794e-4,0.0037355923841751936,0.0031886518503151983,9.789269112594167e-6,2.1958114953137998e-4,4.259635992281874e-4,2.0356986045337046e-4,0.003943566334906072,2.2254059241904854e-4,8.22461914226082e-4,3.510043277496647e-16,0.0058949437745193,0.0010074411270219736,0.003499077024100032,5.120648662279494e-4,8.091616684853614e-4,1.2156466261101055e-4,0.016576393670962863,0.0022207214596972583,8.104360075901267e-4,0.0011926223284003952,0.041583556118036324,0.016374601723337254,0.006950702111285389,0.006814977055576526,8.66246272263113e-5,0.013309615055635295,7.774199845981422e-4,0.041065717843996694,0.006069487989835352,0.004628097170214548,0.017960195729524432,5.160079281993414e-4,8.752067606702792e-5,0.006228133523125103,0.007960279933469705,0.008569311605308307
G[C>G]A,4.92004413125834e-6,7.756464707304024e-5,0.014299232363362006,0.005089482920177803,0.005134051353507408,1.2167568629143214e-5,1.9516172495090864e-5,4.690792238488694e-5,2.638403155674218e-4,2.760960211533911e-4,0.002973722999008503,0.0018192124065069383,1.8476302038823264e-5,1.354327314736849e-5,2.036592576290448e-4,1.296198345423182e-4,4.623203603803049e-5,7.87044089622286e-4,0.0018027032663510958,2.3213281979567065e-16,6.448254079618193e-4,0.001536068222227069,0.0010206569263842237,7.958277309065806e-5,6.220511515560199e-4,0.0012893019203965713,6.44446862122479e-4,4.894550103293742e-4,0.0018521776832036163,3.850378913732334e-18,0.002263441368593871,0.004705668456716663,5.166125785520153e-4,2.875694112066824e-4,0.001987977699713284,5.055438543165651e-4,0.001860846663060591,9.006498645568039e-4,9.366207858740106e-4,5.482871950715261e-5,0.003437350667125357,9.356504415249109e-4,0.001829989631186318,0.0011199859197344607,0.024673963428782465,0.005924320751788785,0.0028017085812710213,0.0023765756316259583,2.1822467371762318e-4,0.01108390592961377,0.0025472952138494488,0.00563910462346001,0.0016429805389168155,0,0.007352634240676044,7.557763151719923e-4,3.24652441137386e-5,0.002709488021474178,0.004617512609013534,0.0031014058871947233
G[C>G]C,1.0942310022959222e-4,4.025699520446951e-4,0.01263672616130144,0.007194499885615017,0.007247577093877251,5.587369878209012e-4,4.2992374924113644e-5,5.396081602354647e-4,8.917552741955154e-4,4.066978038437993e-16,0.003582560084322329,0.004923179974653076,1.3311886131293625e-4,1.3926720997505722e-4,6.046740618422924e-4,5.255106801660365e-4,1.4677286336215752e-4,5.244844018068128e-4,7.486576662433241e-4,5.88825005723913e-5,5.129489115068356e-4,0.005878878182175675,0.0012623695865517644,9.589589241129311e-5,0.0017071510424119132,0.0016511549098927037,0.0035829587223363637,0.0023296151043587635,0.0016001191989157943,1.472103077300771e-4,0.006266047532133995,0.003507502161139126,9.848298884106094e-4,4.536901485175598e-16,0.001867859799966495,3.2681828570216965e-4,0.009931485466189565,0.0012033976731802621,0.0012259871294014856,4.1203463302845597e-4,0.028303209685414315,0.0014832639330660759,0.0016911896507053445,0.0013109008600234587,0.028478824189543023,0.008176682017496684,0.004804628897201346,0.0018287044366039594,0.0015421317386775319,0.02037051347821971,0.010504210970196702,0.1442523673094107,9.781590393858636e-4,0.0035892242798883896,0.006730225456458767,6.669653194360666e-4,2.128502803380417e-4,0.0032424493184193873,0.007930760776340041,0.008920442336177527
G[C>G]G,2.1770390165260352e-4,6.760809030581757e-16,0.006965176111922592,0.008115955599016365,0.004234469761911586,3.5592851474726067e-16,1.1479496813817564e-4,7.907932105040453e-4,6.670371284568891e-4,0.0019624938853661476,0.0014378327156771137,0.0017815169443714384,7.021604933930357e-16,4.468439667307161e-16,1.0052918302258838e-4,6.0692405137989144e-5,8.19933976190645e-6,3.403110617090508e-4,7.403852574265563e-4,5.933955433768499e-16,1.6748845031548445e-5,3.0403213169174223e-4,7.042735052483989e-5,7.573643215287694e-16,0.0016001509901358779,0.0015019843181745777,0.001704020532301438,3.772894384080368e-4,7.135835010486384e-4,4.169447853222641e-18,0.006679404218509511,0.0012057833574642518,2.467356908944938e-4,8.917688666984409e-16,1.540216681376735e-5,2.9359266507283303e-4,0.0011879097083112853,1.802950199323752e-4,1.447115061155058e-4,9.31584693648149e-16,0.0015363931196120508,4.6431860419424744e-4,0.0020448348786243718,0.0024335441059140837,0.02591267948396431,0.0035615803103377667,5.476777839969014e-4,5.644857648536485e-4,1.9562695333267638e-17,0.004314332945422501,1.093476870385484e-4,0.001980689916952676,0.008753292290430047,0.0023516479098206365,0.005994011723404774,2.070542288636262e-4,1.4117048087146548e-4,0.002634380153569192,0.0030447502364639666,0.0017926497769229213
G[C>G]T,1.204660324790005e-16,1.6734017692887266e-4,0.01742752403494286,0.0030796469069515413,0.0077623457189796895,2.119905296878415e-4,4.403492085195218e-5,2.6774071562931745e-4,0.0019538404318467963,0.0013082237066915727,0.00589829416215865,0.012070761686390307,4.5913078051750744e-5,9.368778843162329e-5,1.949950723144402e-4,4.842506827729642e-4,1.9388688651410073e-4,7.405593122491134e-4,0.0034166941476648275,8.841144135009385e-5,3.080644979331508e-4,0.004975458188554454,9.633172930456127e-4,3.1196542350319545e-16,0.0012687230717329564,3.316214892039002e-4,0.003063213671377619,2.749544490707973e-4,6.338337508782094e-4,3.791494598713612e-18,0.0029615999797974095,0.0023645456322538825,4.200268690051264e-4,3.6732790845624366e-16,0.002960056744605414,4.124144323436702e-4,0.003597560686546735,2.4682894213803885e-4,0.0011908812227538618,4.649682190602155e-5,0.009358967196861944,0.001167558250448582,0.00185390626376335,9.011768058633028e-4,0.03507373676816685,0.008605038597534325,0.00514816128013037,0.0028882150064064535,0.0019410683104213082,0.07960281501388276,0.005354715170063694,0.013302930366621417,0.002973540029516278,0.0116239900065884,0.006785903136677202,4.8316329641187697e-4,1.4368909072137753e-4,0.0018553431010652434,0.007810002483257235,0.003871586578994272
T[C>G]A,8.710452812784498e-17,2.0136148886068888e-16,0.011401083378710814,0.00262232487179858,0.006523052402984916,2.373252469926034e-5,1.6905534950877378e-16,1.775188568740642e-4,0.0021411987339707084,0.00401107845894229,0.0012899819061995593,0.002739569099337579,5.20477854266023e-5,1.330863895464459e-16,2.3585630700121685e-4,1.1439743126285778e-4,1.1758074728450322e-5,0.0010295067850097936,0.2900532439964598,1.5683221525363647e-5,1.0569513767014778e-4,0.0027956345901893804,0.0033189599912065667,1.6184441111018937e-4,0.0015960688610660834,0.001311314491898105,9.460981302042289e-5,6.281223972404341e-4,0.0035858332309855615,1.4318174698721653e-4,0.0023758394594568456,0.008419704005571332,0.0013044416421626572,1.3758621300637863e-4,7.134358144080868e-5,9.491630110244025e-5,3.0657741812079514e-4,3.6868737582732875e-18,0.012023703110133187,7.72388127988138e-7,0.0051334122903081226,0.003199988777943925,0.001889353432761272,0.0018901594053365636,0.02716080440385277,0.011142522975550729,0.020808048312193708,4.2144187372979163e-4,5.105758634245549e-4,0,0.0011520162330117488,0.03261251109487585,3.0562039176380075e-4,0,0.019287835068599313,8.631170170730585e-4,3.2099477518352685e-5,0.017083243553744062,0.012750607780367355,0.004619897567011302
T[C>G]C,1.0639549149339485e-4,1.1958591234857894e-4,0.023349728577873836,0.005848059075037354,0.008517354899564516,7.240312548678048e-5,5.177655550237097e-5,0.0015192075442761893,0.006827276490982998,8.461711203416603e-4,0.0015778379601389017,0.0027330733822147025,2.8061149226554947e-16,1.785767691204702e-16,4.839474953767046e-4,8.306851609664968e-5,2.2654315988709987e-4,0.0022096752546211175,0.07796209625922554,1.602328759337809e-4,4.0558695240309625e-5,0.007816272477289617,8.586187431222873e-4,8.387982525523814e-5,0.004643518175376082,0.0031370014830801795,2.775152798018192e-5,8.13180972903874e-4,0.0020543526446721505,2.4220224047269428e-4,0.004743635823799595,0.0037697262955873226,9.954075935320525e-4,2.1832692747456172e-4,0.006110590083890846,9.887928497337244e-4,0.0030333264063309826,0.0011553707357496686,0.0031150134854786796,2.3478290304816148e-4,0.005849144228777562,0.0026000023689490693,0.0015720793848396618,0.0020785697687417362,0.03854522058296055,0.016864907199264666,0.01992314672647053,0.0018917284733882863,9.568952256231508e-6,1.1570206883534758e-4,0.003048226749076025,0.049109455002346585,0.0018218295388571374,0,0.01910793394105302,5.790708094696006e-4,1.3541488500940277e-4,0.004816969649047944,0.009431827844234733,0.005442198414080767
T[C>G]G,6.523333947000429e-5,8.95247338775663e-5,0.001072684725296213,0.0032257360602778776,0.0034369262726877898,2.2407656388828716e-6,1.158436018165642e-5,6.121902825323573e-4,2.324007755509578e-5,0.0022530875647194747,1.6513810971944184e-4,9.901149454668928e-4,5.03255358061095e-16,3.20263846500163e-16,2.2784279276056668e-5,4.45665849956006e-5,4.0266034760671104e-16,5.471337202625573e-4,0.030385880338236273,3.505858733518401e-5,6.941100850732587e-5,0.0011766450607413768,8.093355516996085e-4,3.7729729731703196e-5,0.0016135105710901347,7.952097084731027e-4,2.188479239019534e-4,1.4491333256577623e-4,9.23505183342953e-4,4.1804154008833496e-18,0.002058229809647891,0.0042590451185680655,2.2548479116846735e-4,7.082497922840564e-5,0.0014392553233496766,1.9064140133269686e-4,7.750194096227047e-4,0.0018780484430716772,1.7894732575074996e-4,6.676892148982042e-16,2.8880093026126583e-4,5.843144119263504e-4,0.0021844036788545326,0.0018809781564707068,0.01812017957269762,0.003732476186181556,0.004856348580743825,3.75552358497998e-4,1.4021055495460506e-17,1.3130210649021406e-6,4.971278357071132e-4,0.008616341688039486,0.03003393085296321,0.0016854827664420484,0.007518092306274077,1.9786767852517353e-4,4.08323853842508e-5,6.306638201586194e-4,0.001677004051673671,0.0019026244881710944
T[C>G]T,6.138600700824196e-4,0.0010734021847847125,0.020294168409958426,0.0024941874213730694,0.01051765118627402,6.157528623968612e-5,2.1460473094575197e-4,5.027104402373703e-4,0.013676320707281746,9.216106887490537e-5,2.201276250581293e-4,0.005776267413441235,5.1489027789405056e-5,2.6210741990014055e-5,3.187797517369976e-4,1.608271497023441e-4,1.4047280771226935e-4,0.0032644813546073323,0.3401368989643629,2.574441336673675e-4,8.657637558364451e-5,0.03197867466933555,2.523283814384269e-4,0.0015285438430725897,0.0023893176335213935,0.0012153562678884438,8.275103101977116e-4,6.647099583203172e-4,3.937138858999532e-4,3.185664495887887e-4,0.002597700928121861,0.014194611593731381,0.0022169431142645673,1.7235426356827414e-4,2.2569364146047015e-4,8.206774480174157e-5,0.0033068900091752966,5.456980118440717e-4,0.01872836505771026,0.002707038868740368,0.01653626393762268,0.006147748266971859,0.0027114979061735847,0.002827631477222662,0.03997882533906312,0.021282899203262134,0.04698097730323504,2.8937417412452406e-4,0.0019794926669394414,0.003776356471908129,0.0076442399232141585,0.0862422375353758,0.006080807673607136,0.004939204425924009,0.02255102413267242,0.0019253631962170478,1.7713949948607662e-4,0.02034038238667725,0.025796338121987287,0.00963325015897205
A[C>T]A,0.00915777801165397,5.174006794969947e-5,0.011415555741505505,0.005976362801295392,0.025534753365816266,0.02870514970329956,8.673574624998637e-5,9.241535209399122e-4,0.0013766423406678537,0.003349253518180549,0.005604380712134093,0.007736227483814987,9.14654015843159e-4,3.0865068647694e-4,0.004160525010300744,0.0012137734716752798,0.018236670756649812,0.0054899864028978415,0.00616108418308398,0.009257739789127736,0.0023390895427510476,0.0018383727991024966,0.001012616066959854,5.416616223199147e-4,0.006434872000169472,0.01967619315745685,0.03390842571229089,0.0019545217104985526,0.0016625204316948307,0.014382284476734198,0.007011033859149924,0.01692015265766221,0.002483986489116294,8.717908958506291e-4,0.0031827545345979942,0.07429458882892488,0.012850868414898808,0.06342570984275736,0.00460578484774544,0.004125760485047575,0.0016047194819432834,0.004493925586411574,0.006176735431144142,0.0022990590389373156,0.007046908299120506,0.016468497766757906,0.00968834174284552,0.01583755472069725,0.063961573886847,0.038242869869569485,0.0015667521784478093,0.006319160797415256,0.004223911557012585,0.0118232487028122,0.04016490808397202,8.862726876443668e-4,0.009727133159888303,0.019575006467449606,0.008345621196822074,0.005354938561940423
A[C>T]C,0.003257750021223039,0.0016444302065116508,0.014027522521264988,0.004040587890105547,0.019729572415573566,0.014430714805474,0.017707698950621194,0.03513990316130097,0.011186166433393497,0.0019814467216433627,0.003265729437300407,0.007284404838859868,0.0010321436183058864,0.004153409778303438,0.006314574204022602,0.002451584798816988,0.14621561694866458,0.0029723921504571037,2.680626137912129e-16,0.010610973579874903,0.004503851799089067,0.00548252125838063,0.0019972464988365054,9.384213022798377e-5,0.004576733377759071,0.013942887828202414,0.012582143523796167,0.004968409767190903,2.9243380772013555e-4,0.07244668735106803,0.009364156314558617,0.014852749373306785,0.003337735240485557,0.005336525459038343,0.0037923918817933913,0.0891600541479455,0.00948107891467511,0.12705954044330017,0.00259979619554823,0.006119075799513787,0.004076902468686125,0.003480198661057928,0.00426232352608263,0.00201613711032441,0.004173105142353623,0.014233893243827327,0.004636415586794789,0.03959804610892533,0.016919858607797312,0.04205131032869167,0.002370945943010433,0.0020889464784607592,0.00224229279631369,0,0.01531610393528928,5.152746334724032e-4,0.0010549650807325764,0.016339282082972,0.0066609208882198526,0.014299624703240848
A[C>T]G,0.3077066759040087,6.372758900325526e-5,0.004754838702226033,0.0012378653725995442,0.01114028992661702,0.12367359456440827,3.6486911458924744e-16,8.190657963228056e-4,0.00220822421010836,0.0028008065286211354,0.006117542443978691,0.009627472224734078,0.01127386038998586,5.356599728154802e-4,0.025614463891550178,0.0014354528340783774,0.012330736241860577,2.7057996004926883e-4,5.983692651736777e-4,0.045532669140756536,0.07941557652198526,0.007860725329658095,7.54529162608806e-5,6.265674153969674e-4,0.019638389386218792,0.0025067365601878526,0.021052627183952614,0.015339331593606833,0.0029565633083416553,0.0127711460509875,7.028410635033729e-4,0.036529620421743306,0.011454832755723454,0.018204316543542175,0.028925133475720552,0.02322778306916069,0.012682209913498837,0.06183389873351554,0.01429275992547869,3.183004897955002e-4,9.692343472932222e-4,0.012268542787405221,0.01442022613389214,0.007944283602812238,0.010136139722199134,5.136803720767206e-4,0.00774070605732584,7.15956667042184e-4,0.023414745330206245,0.004149723058619683,0.0011639237984203247,0.04015851030337291,0.12554075728097042,0.03325683718329941,0.011310635973190224,2.6619508373636473e-4,0.003163401079185929,0.01854933989034517,0.03788864240205554,0.037803563123799934
A[C>T]T,0.0034877729357564954,0.0015654215920460019,0.009667778152426854,0.0029016112234248512,0.017126528409805428,0.009480123196894723,0.0052429387612342535,0.007035279507805462,0.007694912234408807,0.03288760728024554,0.01022405370138907,0.0061605785687505596,0.0026135287724662953,0.004430989094840619,0.005230305278290672,0.0022115384382233602,0.07657463590736607,0.0023568352123014523,2.7120170136939496e-4,0.011946529275589526,8.194228355662192e-4,0.006228805346497852,6.079740772247246e-4,1.3859318767051092e-4,0.00554042394616765,0.025701795025128087,0.008886620846475273,3.7329262608263356e-5,5.783192210101506e-4,0.022137066566321306,0.005403233580012332,0.004588515418260649,0.0025894312627815497,0.0056425370377454894,0.0011372843005801707,0.020410400641726133,0.0072880807390975156,0.1108990364998821,0.0026465499320973557,0.004508217958353197,6.495041823983507e-4,0.0032299029884246136,0.005558472338761088,0.0016160449866552224,0.00933834571237694,0.01404129147751785,0.006188691318220663,0.024735196491810496,0.021425682731036205,0.03833324274453395,0.005168985698620655,0.0032935328356977576,0.004766794033310752,0,0.023709511308962556,8.044823199686448e-4,0.0014266354460346696,0.01346766174105765,0.006038383660338709,0.01166858826038824
C[C>T]A,0.0010019083806574055,0.005002849541182896,0.017700376376858454,0.011930793605355362,0.020780869154444513,0.008328918367122785,0.04861342317910514,0.09590841151351562,0.00383607141078192,0.04896679702464446,0.003004966880342477,0.009456505719007637,4.426079755605527e-5,1.1609666934475462e-4,0.004396955658350536,0.0011014565470384352,0.003934306326729715,0.008979517374411312,2.2648420419967537e-5,0.0027873649980232136,0.006841118847221691,0.01024207575799033,9.319144609509397e-4,5.928653496508133e-4,0.011191437081738417,0.11436099304726417,0.009970443653859726,0.0016628858739546383,0.0015631030278223984,0.054132455901562314,0.0043714975909389655,0.015756832933008728,0.002158252277187832,4.480454512377841e-4,0.006507556246732747,0.10543672651032474,0.04090763166698198,0.016966263555432293,0.0054446469230582115,0.007613824617260159,0.005064364293297877,0.0069603535551512,0.004886855778906011,0.0038640683152655897,0.009145209831404294,0.02240741413921184,0.009266558309274519,0.01808129896844959,0.0034735661721789894,0.01749745890911731,0.0025513092902627182,0.003509125045170432,0.0051379111201445655,0,0.010396244149387295,0.0010542481808135243,0.030898030725846,0.04123398059699888,0.011107344195392322,0.013281791887799349
C[C>T]C,1.7428574387614158e-4,2.536779403553393e-4,0.028615944257381315,0.013920778995040331,0.026225010177991614,0.011679157067223243,0.06928056440707295,0.21020565477465186,0.010889095583501106,0.004608134364161846,0.005829812243608161,0.014743354768047116,3.456020948992855e-16,8.361522186718985e-5,0.010007989410085067,0.003444337609747115,0.15694388309120444,4.459656240277368e-4,0.00204133585699206,0.0018155590056405677,0.009059963438881753,0.005227418310771415,0.002515714930492822,9.845896128139075e-5,0.008331952361657971,0.11392495622153441,0.015756220760491803,0.008189897448987996,0.005309981446448527,0.21194795802656854,0.009265979285038731,0.008433724777722775,0.0046569548271493755,4.152012022234819e-4,0.0018070792885161867,0.12721447794064356,0.20982201598851577,0.03673820481899028,0.0023385601965304243,0.0010616282451387507,0.1064579685990596,0.008875729879080906,0.003663040341835403,0.005554438552854423,0.004993012907922078,0.02548483694574832,0.0031967761793162677,0.05992846909371994,0.0035856961115900772,0.0508016990971583,7.417882155538347e-4,0.006178272180076784,0.006353588585302236,0,0.016395703167708737,6.792238875419087e-4,2.944445086561216e-4,0.05045255819054378,0.006565290617872006,0.022487974321228957
C[C>T]G,0.25813859302603503,0.008433586771389128,0.006474459179779232,0.008175088430608782,0.049283197843515265,0.19643025543532833,0.017151715842053942,0.05207916921512189,0.03327007383752549,0.009546726475205481,0.004408730485443926,0.022354860570788934,7.051396461330734e-16,0.007478997549753075,0.02911056483135161,0.0018884776196372835,0.002338085792732036,1.4651758174768212e-4,0.006139493432892513,0.03113780810762945,0.041300367314167356,0.0025950499948303994,0.005670029890263932,0.0018519896343313581,0.04224819227502767,0.03966700970605061,0.04080293617662609,0.020142710634466095,0.0014468072844277368,0.03249036154012355,0.013565023378681557,0.0336039040214393,0.011214007018540305,0.010286751653802939,0.03439723695313725,0.04233576034679235,0.02140522645677066,0.029560813448167172,0.018337208191827853,0.03982354535442363,0.006970515173816906,0.014449525646426131,0.01163774740333191,0.00838582581545143,0.019978829041441465,0.007093270569876227,0.03560907093915788,0.004880767306491863,0.039649518012707226,0,9.87485193578181e-5,0.015403366316056238,0.301151419648223,0,0.006754243734014635,9.007942748826906e-4,0.0028322083367737726,0.03205324498814592,0.02431489077792374,0.04813108952511117
C[C>T]T,1.0117526736069284e-4,0.001730302251576765,0.02605581948934997,0.015488375535804568,0.025497302324609002,0.008708614358396444,0.056705202551641326,0.11637608448808626,0.0300472609276792,1.9559198819578906e-4,0.01681576797311894,0.014939476442319726,1.2765238021644992e-4,4.713896629425346e-4,0.011850131850383984,0.003177375017007929,0.06484478076068276,0.004745746722094973,0.001753351087565825,0.00143083771522848,0.010182355456671623,0.028408376354528843,0.0020351780863474807,1.8180216572156067e-4,0.006554535449806074,0.25548825384513113,0.011340044417559545,4.125079398710894e-4,0.0021298179961409367,0.1398982300913031,0.0035919107381628588,0.01544159212703605,0.0021712994535568655,0.005249253910490486,5.930190075114345e-4,0.04563115692981864,0.14835268084634587,0.04427550762536614,0.0033002062007711033,5.830479062729169e-5,0.048092006329336724,0.0061096403795498746,0.0084530846919039,0.0038501980680642712,0.007230573563807813,0.025445424260725616,0.010681695292293458,0.03277964110065322,0.005053103254868155,0.042241630543680776,0.0037744995792484766,0.002407212710046029,0.004396805886567335,0.0064793360383003625,0.014616995884622383,6.518000453091948e-4,0.0010625898540251527,0.05260542027072129,0.00908358971223237,0.02510054342804356
G[C>T]A,0.002277893216140455,2.6447884246617796e-16,0.018465150453475368,0.003934968836205527,0.021282178687616112,0.058705382664319794,8.453689004251074e-5,7.848585839349971e-4,2.2759851397849076e-4,5.141584067397334e-4,3.181192045450952e-4,0.009336840145160624,5.19799964025561e-5,2.858260553776016e-4,0.004326665375549887,0.0014347292180583724,0.019502593360796582,0.006251697733169919,0.008628939634933911,0.017880500984261215,0.047810495540026234,0.009508993756643765,0.0019064662406265698,8.117708574022049e-5,0.009482606530806728,0.06003619629327558,0.04065120714733724,0.011757012103788095,0.0031487020614461435,0.04786234899708947,0.024881212103292888,0.011284576634812143,0.0035966698506785856,0.005107107029626861,0.0091079154524309,0.048787436037928664,0.006914621480225147,0.023235943994273776,0.006499249292381263,3.8248777380738187e-4,0.00741369419033844,0.0039284646077569685,0.003535207242064475,0.0022119721914755698,0.008255496930546813,0.016742645602881318,0.00825405322227393,0.03327205884276334,0.09516190109604138,0.08864051463774635,0.0014158161136911974,0.004599094178764897,0.0011810805623776598,9.199507252223778e-4,0.0077265859803862125,7.827687647310967e-4,0.00977219570908781,0.014795335829830515,0.007993103906846275,0.005568730851189418
G[C>T]C,6.191746159333014e-5,1.989713556082979e-7,0.01962133610213661,0.005580429476494442,0.03081646953302137,0.09053986226002923,0.015150927307594195,0.03139755445617854,1.7929371369131828e-5,3.3158694817895314e-4,3.6724988312090973e-4,0.011359846372609426,0.02002389610603734,0.015462756401642339,0.014059801343281567,0.008997194836212388,0.14806034461971976,0.003302981353939087,0.0014394858259083538,0.011096563618261265,0.10883291050062821,0.01006448724391887,3.3562400983771483e-16,2.7127306501933376e-4,0.010408525385451728,0.05081461234320943,0.06664804336653653,0.03215525073621955,0.0032174439806156234,0.17850698732623685,0.04729296669330836,0.01019964017569747,0.009269987723381392,3.842060717175737e-4,0.009065953663251984,0.07787466963997003,0.015075756899408958,0.0506764131261466,0.00812058485196345,4.73946572706305e-16,0.023541922074783894,0.004669534604096924,0.004164870035319119,0.0035928393941383747,0.006016652997790771,0.01766285128546764,0.015431967907739643,0.1957486439181706,0.10548699456163932,0.14430142925017828,0.0010054384747159,0.004451717239913523,0.002137126079459335,0,0.012505155470187676,7.371733952057616e-4,1.4774971726240986e-4,0.020269298817725104,0.008725419164781633,0.021725151894892807
G[C>T]G,0.28590030457992577,6.760809030581757e-16,0.0015196747880558382,0.0011854213935533011,0.03449270070961113,0.2853841244369924,1.4050293217798887e-5,4.129958606786702e-4,1.2710763058928467e-4,5.653422752339153e-4,0.005627582965047721,0.01627643120001548,0.04691565628500562,0.025361414327959457,0.02823044506231545,0.006501728599577971,0.004504575548207864,2.6611326209114453e-4,5.468405635764582e-4,5.132069564340309e-5,0.45934951225138004,0.0043753701608774615,0.004784305246624147,0.00290379594128743,0.03706140008452399,0.008075996082647233,0.05048037704072175,1.3995180877699866e-4,7.50784536648328e-16,0.02802415770198811,0.05403084941087323,0.03028881639563293,0.0223332576582008,8.636500285593017e-4,0.04096797277499168,0.013148936452834555,0.005120748633201809,0.02733335579149707,0.01813551922134237,0.07007866839605431,0.006577114369912835,0.015387302580855884,0.015309682280168622,0.01068850744558335,0.014401773181757033,1.1762193798006249e-17,0.06003391093812209,0.011517534664054311,0.12634240736068683,0.02343690043069532,4.750259371558158e-4,0.02067302961239423,0.028413903981527888,0.02586812700802704,0.00541766444230817,7.574061618604509e-4,0.0026331056886014447,0.017512640458521102,0.030123159629742675,0.04311028268884476
G[C>T]T,2.0743926669029655e-5,6.29398874419043e-5,0.01339666813570436,0.0038596890511465023,0.0214850640436044,0.04913425360989225,0.0168800529932483,0.005209828365494672,0.0011570398807342743,0.06244469166861129,0.005594883968631971,0.015070845979507244,0.017509224680752358,0.0264481455837946,0.013089354334267745,0.0029418200711099243,0.072551222050438,0.003923201118462562,0.0016071116916793768,0.011560649242540263,0.05273299166394514,0.010351417655444539,8.07864565959473e-5,3.1196542350319545e-16,0.006900615731620693,0.1129585697600782,0.033573633285628915,0.010692673019419901,0.0024517525308695586,0.10041829754018687,0.017787124139019866,0.01166826035614732,0.006858143631624703,1.687722822636791e-4,0.0047213366144485186,0.01829507632201245,0.0061030047361060645,0.05759341983220895,0.005027028147607608,8.936378039187052e-4,0.006457044873807501,0.004036415665836521,0.0033866634109692884,0.003144782746742165,0.009320520789318408,0.01565673211872292,0.01216180796794843,0.09019155164410064,0.06987845917516737,0.18885128646169244,0.0070034312623656735,0.007622427420604667,9.559317875827623e-4,0.0058119941639453105,0.010951630550588306,9.379047880815896e-4,1.369013713023779e-4,0.02046203621333704,0.006210757499812423,0.008848968829934297
T[C>T]A,4.335696243134872e-4,0.4839899463198605,0.004937612049727416,0.0027395237487504755,0.01695492493989672,0.005730187050123247,0.1804267855743867,0.004619683637549469,0.0190941948957181,2.2200354037461262e-4,0.004422795106969906,0.00434868403500798,3.432340444348906e-4,0.0016366028984765616,0.0021907804278022617,0.0012603134575911925,0.007371408387451537,0.0058646826142972714,0.006340911611657627,0.002818203258872459,0.013088416580649107,0.007083759360001765,4.708497907525047e-4,1.0924497749937726e-4,0.008502422904744547,0.032895260682472484,0.005918613884300881,0.003457554480222569,0.0016015378756368045,0.010382373122769703,0.0015205372540523798,0.009536603516514504,0.0032760404600879187,0.005790584964790183,0.004260612013147345,0.07324250006330014,0.005790906786726126,0.01941283847243679,0.01359603351684287,0.002324663297828383,0.0022918401778751177,0.008602984905527612,0.004243128938380061,0.004583281264819868,0.00303700060769305,0.026742055141321712,0.012233877650887738,0.0036338995194590247,0.0010621191809723322,5.3579100037887916e-5,0.004646503347298537,0.006634261374817186,4.1670729214440695e-6,0,0.008127967847804908,0.0028164518412240797,0.023986693360554263,0.015022336809575173,0.008524018561769207,0.007189953528161344
T[C>T]C,1.9549516417259184e-5,0.11788965827271267,0.015298098033779397,0.0068702408293296,0.025776205617103067,0.006727724049656595,0.3367001939348688,0.19787209372980089,0.020289303237845342,0.008130725901242144,2.9672773578731616e-4,0.010016713945816871,0.003473039097098283,0.039013393253796415,0.01102994759905964,0.004550190081840265,0.159793835991794,0.00376357591754823,0.005500317972304421,1.463460266861868e-4,0.006335639321852289,0.005499786370253477,1.075945478933321e-4,8.197963503910009e-4,0.01140864379294987,0.025136229832373312,0.00904384901198128,1.0399953171686611e-4,0.0017840430861626713,0.039699314603795034,0.010371390152393339,0.007435698656433721,0.003380377465283333,0.006630075076984853,3.2297555201824247e-18,0.1343795556433259,0.025554736162925473,0.04064804315773815,0.0039341006967997675,4.846589927208454e-4,0.013090447119466631,0.0074008366186683215,0.003540719335224459,0.00689360524220311,0.005545470427194326,0.027629741581773996,0.009077659107060826,0.03307995779668279,0.002290440699629884,0.02732476426618,0.004888695937566525,0.008417120361777691,0.003959715595982149,0,0.012143639159318565,0.0017647858642392707,1.1820917444675604e-4,0.020469204311235063,0.010452689830330158,0.02009105433326268
T[C>T]G,0.10339578302162128,0.09604352517933076,0.0020401638333037513,4.953179414962193e-4,0.0319573846407812,0.0597537503702098,0.13518127393082527,0.09653769839933322,1.2323881126359394e-4,0.004516498554706858,8.805958024681223e-5,0.007989541391638797,0.006296333851975115,0.6304292834259961,0.01884540894161935,0.012099785590925899,5.332528927764555e-7,2.2626791702446878e-4,0.0026202317103261657,0.010191895334599937,0.025197146923892327,0.008094460326740226,3.7697998066007934e-4,1.5189258937150187e-4,0.02117844798538771,0.007789809389124274,0.004659342895977036,7.326559238173983e-4,9.138095908669125e-5,0.004686637578334086,0.004101213472557658,0.02915171658825712,0.0063020722717648196,0.005009571701521385,0.02310510218086434,0.026438005656515315,0.01566806066088209,0.01855444048571311,0.008568995076372985,9.022827228354148e-4,0.001425372333224956,0.007526433981435457,0.0087122146726407515,0.005933631093593935,0.009154269513857624,0.004547614663623511,0.012379914516714887,6.60391586924015e-4,1.4021055495460506e-17,1.2602088445385324e-5,4.6192471514473966e-4,0.025446263735401736,0.06848798812570646,0.026967727184014623,0.005041244403512239,9.396112898458616e-4,0.0032420398632534253,0.007607805027593764,0.023185200511727407,0.009279736142575348
T[C>T]T,8.775051001819253e-17,0.2728988605384863,0.007055461953589795,0.005327820468140097,0.017669653992940338,0.003362587896995361,0.0817178156982046,0.07181577717676728,0.0025795987025116736,0.05402172853159744,0.0046589260403869185,0.005601850813035372,0.021540363919237377,0.07730357084612427,0.011755166052738294,0.007733401914919927,0.09035818442032519,0.00655036914432683,0.0013089279038737004,2.879203862510441e-4,8.657637558364453e-4,0.024797498603239203,3.102836633942484e-4,9.120311596999739e-4,0.002817591548963913,0.047481931211293765,3.694242456239798e-5,7.072823573975988e-5,2.2526928523141613e-16,0.017979179451041095,0.003006184612150851,0.010732511205016377,0.002136691779811555,0.002398496395110964,0.0028749070995559866,0.03952804222102247,0.01520857433465055,0.05283492311207052,0.008423105478691583,0.001017342979508008,0.006271300097098424,0.006747133473501407,0.006209861871393621,0.004710332941803827,0.0033355114631999356,0.02011548279126876,0.012113929125273645,0.011468635247454914,0.0023081343066243677,0.012838214410825994,0.04731741031647723,0.010103351266662362,0.00527057892571064,0,0.008199137375644292,0.0037265087613666367,9.265637961721393e-5,0.021750247729206397,0.010480246640677444,0.009874942012907636
A[T>A]A,1.874198473704856e-4,5.193736130398634e-5,0.0028226468705643106,0.004138510808554102,0.003696969936404781,2.812475604932399e-5,8.8209530057172e-4,0.001043758070699213,0.00820855394617363,5.718485699868705e-5,0.010263384963186182,0.007757529280320853,2.851720484425166e-5,6.54397724425304e-4,0.0021978023944041504,0.0010804864844962186,1.8851130337840856e-4,0.0032944711047582474,1.2183194084812164e-16,2.926976588940307e-4,6.043118721683313e-4,0.015431508673400197,5.361444896384336e-4,3.797884743422055e-5,0.0011138505457428264,3.532491143652445e-4,2.247797053282808e-4,0.001993114981165029,0.0386038546142605,3.369964004225603e-18,6.00388871597066e-4,0.010512127976531062,9.077926671187433e-4,1.2342275807044183e-4,2.4754348566550794e-4,1.6271718897984522e-4,0.0036497006599406,3.3474693829397027e-4,4.8150892400408376e-4,0.0772100907616409,0.00227086439116125,0.001176643589585039,0.0014244014847023402,8.481244726505006e-4,0.0024928571805091487,0.0032613175220477485,0.004678502028700938,0.006014052857203395,0.002175017904501479,7.091321155686827e-4,0.08152899883486829,8.559251033707512e-4,0.0028366927415669533,0.03486726612594493,0.005928564501332187,0.049117778005101656,8.495388440767826e-5,0.005305564034778913,0.006216498145547778,0.004786623665365259
A[T>A]C,8.626814167389315e-4,7.851918390193685e-4,0.006121240683366272,0.0025608720687300703,0.005732483042126554,2.5822001736493043e-4,5.030470054627723e-4,3.2324913175984393e-4,0.0037384455927017422,0.0011471574261673328,0.01851209617732023,0.002844387738302346,1.8018586244049415e-4,2.0008764851930764e-4,0.012315894615941219,0.0029861358450230372,3.2920006904414056e-4,0.0028515726293822396,5.9084800170383e-5,2.93306509171411e-4,4.1138356908029155e-4,0.008538023680968072,8.7392792800307e-4,2.895244713668618e-4,6.485479303419526e-4,1.8924251148666097e-4,0.003769845416562733,0.005374334449977707,0.0069930690759708826,3.736712663236656e-18,0.0014118158457757347,0.007564534708986729,0.0034714085821468768,5.663888351750381e-4,0.00132072024644291,2.908970689011879e-4,0.0046541821701160495,6.876551350751158e-4,0.0010442619495255893,0.0549591231782679,0.00564391081567467,0.001138704747127105,0.0017353136164658034,0.0013653004565288701,0.0022326227791511816,0.003919820734613207,0.004453038369108616,0.002994194162922311,0.0019535668389700504,2.978971773716861e-4,0.01570776774238655,0.002906674895916038,3.2871183114236135e-4,0.028440920493593893,0.0026077591474729105,4.6812082795410326e-4,1.1028656730645417e-4,0.003121081626000773,0.005706387344726753,0.00421201678713018
A[T>A]G,4.215243910700292e-4,2.179684922697934e-5,0.007822642870569007,0.00859819205590497,0.007210687277261695,1.0035118754744343e-16,4.212541041910411e-4,0.0010320895085350198,2.2045486754823868e-4,0.0037564124215483637,0.018940137172196926,0.002660854027094788,1.97968514579183e-16,1.327940191164871e-5,0.0010614167093312462,5.915484276926526e-4,2.8040526060655214e-5,0.003137921097871856,5.110371417922488e-4,2.667806349021823e-4,2.524741880826893e-4,0.00928890628351636,1.6756477747660855e-4,6.291078185703656e-5,0.0018356639892727063,6.752860054092302e-4,2.1036384073965287e-4,2.2547593733465075e-4,0.05778228377896859,2.2739999602487793e-4,0.0011994932490864592,0.005075014964317013,5.891357333855027e-4,1.7214826644997786e-4,0.001565326001171298,4.513773392417826e-4,0.0036863362806763703,5.275933862947614e-4,6.093770869765246e-4,0.04093598101382561,9.748240779332917e-4,0.0019256080525144905,0.002487949220861417,7.264781212197324e-4,0.005142266882632813,0.005847749343752015,0.0029991824674851066,0.0035755725224131626,7.756235031600262e-7,5.071978495729294e-5,0.024280985999578404,0.0014579529337028648,0.001738650101810561,6.630282505225438e-4,0.008669977438530872,4.474352985828574e-4,9.978487060939404e-5,0.005829509303966086,0.005010062184519177,0.002891985984906768
A[T>A]T,4.76956082150006e-5,1.3435933507978882e-16,0.0034948385958460024,0.0020576760159109354,0.0034552776841354597,5.28916448409624e-4,0.0018766764178086825,0.0038659545037793208,0.03733830849100203,0.029411881599101075,0.01463853868954176,0.01284349483427511,0.004167493525317711,0.0011400317881284736,0.04365577213939543,0.01399277867499486,1.709944312132008e-6,0.0019991527408029066,3.6998364036096624e-4,9.827254682930869e-4,0.0031439891770286776,0.00817505722201459,8.622139347408083e-4,4.2724094432270663e-4,0.00390162339076791,3.2699265134006984e-4,0.012527888268059425,0.001025363717965506,0.0016869617803486252,7.289915763334353e-5,7.609388551944105e-4,0.0085417813265014,0.002039779235897273,0.0013571174361472174,8.720043129739646e-4,2.443568942543606e-4,0.002148966965012901,4.408300983312626e-4,0.0031289187323940565,0.26352731039877764,0.003807601925057114,0.0016470060364743217,0.0019508836873679308,0.0012896656459463892,0.003196362358274612,0.006364272038858308,0.04856002961787684,0.0034459413381676433,0.015591480825077554,0.005379210061063405,0.05699381091941956,0.003740648596660219,0.0013412074797357946,0.03458384107631726,0.0025477232751889944,0.020897630683496867,1.641402847548614e-4,0.005380437596107693,0.008817152471953775,0.008049948279119801
C[T>A]A,1.2187028674400216e-5,1.592103629150921e-4,0.004938652755332785,0.007653489092615194,0.00214534233830365,2.3075721562819838e-5,9.736230102357341e-5,5.679659585125748e-4,0.0027789339902645517,0.0012528784491971023,0.012097994786243528,0.003539639235588674,1.5174264275562307e-16,3.084042911279288e-5,4.452344089933454e-4,8.34909963832519e-4,1.0062895176130277e-4,4.209122708392532e-4,1.3875807268932407e-4,8.953529254758363e-5,1.247136492781137e-4,0.0025942105687297543,2.78710921379611e-4,6.869847252603424e-5,2.933125502311772e-4,5.219555901103074e-5,7.663064376385047e-5,4.3137074477690275e-6,0.09354995164693149,2.274786725833429e-4,6.068107453386528e-4,0.016395324056765137,6.820541585214183e-4,1.215342318629241e-4,9.4340733554277e-4,1.1604979184675176e-4,0.011571927523097434,1.8459257544253463e-4,5.006419383834276e-4,0.021492600628951444,0.029550978766319354,7.350712489278338e-4,0.0012024120959648994,4.6249042521642693e-4,0.002805650759812658,7.050071657896011e-4,0.0027465047199584603,0.006892708775089933,6.825907668336567e-6,7.498033377853853e-5,0.00872609204906866,0.0011869544293323106,0.0028960696933058552,0,0.019650820923933297,0.09884670220319978,1.5147425572978692e-4,0.0044901002986197786,0.0076790892566740016,0.006565290943981332
C[T>A]C,1.937085143697582e-4,2.7802360328094784e-4,0.019254612097042743,0.011276740556974568,0.005470001961340632,3.3201632814847565e-4,2.496806307940897e-4,8.448830077908989e-4,0.01866295191044829,1.1002728362422481e-4,0.03233474393938179,0.004022486610685379,2.6389698354335104e-16,8.018752790543558e-5,0.003210995655374887,7.342553307772826e-4,2.0163585876440402e-4,0.007507818304676305,3.9487974859663954e-4,0.0029635438480423385,1.5207273348684855e-4,0.008011278510528925,0.04523202834644123,0.0028592098614287145,0.002879914327693326,3.8106068946424504e-4,0.005997106624783732,8.338256680020639e-4,0.07003449141062469,3.827657019314815e-18,0.0014950224715264268,0.017129635670049843,0.0018219718038646484,0.002038126500362732,0.001186343711991118,7.327880760456828e-4,0.020613309423644623,6.420531889936167e-4,0.0011577821633054297,6.450460399717018e-4,0.03224236188607336,0.0014812846746131139,0.0015450354762461976,0.0018112919422390798,0.0063609108846835035,0.00857134127489342,0.004209100009334961,0.0016363440204957632,0.0031113499971809457,0,0.0017420381958529075,4.950967042629558e-4,0.002961392668579188,0.005302999490263097,0.019181444997687782,5.964424488299469e-4,1.1782701802642785e-4,0.004357591110925035,0.010697538137742924,0.008408856183844349
C[T>A]G,1.7704790584339484e-4,1.8822085146866284e-4,0.015829905661128813,0.03330402647304514,0.005853929314749299,7.682371554738112e-5,1.1878237162582099e-4,8.633390681727677e-4,0.0014838450433789967,0.0018004485509189492,0.033883267210263454,0.007565443891842954,2.9256613208944217e-16,1.8618451511303134e-16,0.001147915138675546,0.0013287254755551836,3.2160394813184116e-4,0.00209572581707733,2.8929226290078043e-4,3.530516354444228e-4,5.665849084336097e-5,0.001604921604162891,0.01535332168020763,0.0010146278862807876,0.0033492903518983303,3.081953324905682e-4,1.262006233291779e-4,1.6795249461933236e-4,0.23673326400001662,1.2531095725530495e-4,0.0044582428638359544,0.07560165600999323,0.001588064453589454,0.0013490313216431194,0.0018469121329610435,6.13740948724603e-4,0.02025333273796364,0.0015440678751820179,6.197839419389251e-4,0.0020457044559320263,0.06304135176596512,0.002407071945702447,0.0023625993130530947,0.0017694842932374903,0.007446153427620889,0.004314788759784883,0.004563969987004109,0.015715277686752127,6.177007313420697e-4,1.3252357439680394e-4,3.0360056890421725e-4,0.0028343658056003682,0.001850038529479245,0,0.044277759447696435,6.899885453256901e-4,2.2666486516765937e-4,0.01258741438985268,0.010449000296883637,0.008204920399766415
C[T>A]T,1.077088046849298e-4,2.1355925771131912e-16,0.011546229637449258,0.009167004904808145,0.0038089939083523414,9.065308179551939e-5,2.982908649507357e-4,8.301771730115007e-5,0.05700673896465193,0.001308065177262933,0.03890313092270319,0.004795732360450655,3.7397201663023975e-4,1.4877793116296144e-4,0.003241633222388066,0.0021164523858607995,1.2949965790743346e-4,0.0016902022836978825,5.075304957815287e-4,0.0011651722319627271,5.500124540713798e-4,0.007713684187608994,0.06786580981360543,0.008357130245940418,0.0017876738174601762,1.7324762698419077e-4,7.933934935503568e-5,2.26131724437589e-16,0.0644168361862404,2.6988482036465134e-4,0.0032252920768031552,0.0333498452326752,6.780010647035568e-4,0.0013069419267813386,0.0014001620702068218,4.850991297548432e-4,0.025453567434045775,5.504183162594634e-4,0.0010986387259398125,3.552416656625383e-4,0.054525880317371565,0.0016713347519651158,0.0023060535357791946,0.0017785692807136735,0.006865317893639521,0.00877331030800244,0.00999183033763779,0.00605290342494132,1.1103663492332399e-5,0,0.013598610793023167,0.002731084843594795,0.005165543455738353,0,0.018158618108464877,0.14230144771195533,3.2123572433698965e-4,0.006006723512605385,0.02595556235268983,0.011613177779918476
G[T>A]A,2.8977550412035066e-5,1.8396965129549427e-16,0.005529284715427421,0.006170269880236893,0.0028005005950219927,2.2249871152588868e-5,2.777398515019284e-4,3.3586619298139485e-4,0.0017445005977105008,2.3222430531029886e-5,0.01026233116273441,0.0024657305973846324,2.8360052966690156e-6,1.2159155564237549e-16,0.0015842321892522316,0.001336751022611801,1.060479090558943e-6,8.017800667182389e-4,5.6009673237364845e-6,4.1967648454781136e-5,2.3058545386636892e-4,9.565425837890878e-4,5.223637595485974e-5,8.992083597802379e-5,0.0010902537909904628,1.2938990314008606e-4,3.7255554949176166e-5,0.0010266494158825074,0.04941788413691762,3.8810506126378545e-18,9.087726479053624e-4,0.028415093567330484,7.12335998534267e-4,1.267957910217825e-4,0.0020894646156053276,2.2464810207255715e-4,0.001343904316705225,0.006286313081032388,6.844625361175524e-4,0.021695541148924385,5.072026859916005e-4,6.464245277551708e-4,0.0011089904029754855,5.797463530825293e-4,0.003547027872577829,0.002158187489216716,0.002225891359417722,0.008265647757504602,8.040313393497674e-4,7.596034700943063e-4,0.019139926379372552,8.885442649379375e-4,0.004104788416374858,0,0.0045564675329284815,0.047520671790572434,1.645565537820813e-4,0.004512703719495484,0.005254679499168687,0.003927746579396778
G[T>A]C,6.814491057754536e-5,1.5997447465588072e-4,0.008671693612449747,0.003566266668689206,0.0032870073022234097,3.157942792088697e-4,2.2965712278640268e-4,2.4196836372103927e-4,0.0033883553603273726,1.6244839465015832e-4,0.01602167429969218,0.002919938377988716,2.8282772603692583e-16,9.972260773270047e-5,0.008492878936803228,0.004290470511495394,3.8225284966449173e-4,0.002600709579439758,1.6086800037153106e-4,0.002939270420427278,3.934271950319383e-4,9.158368404148321e-4,0.004069654239370627,4.746954239994983e-4,0.001966891072138943,7.884174999546105e-5,0.0025391846589013973,0.004234400941913804,0.013894665875030599,1.2848164361729353e-4,0.0020135458903116988,0.006797269055379759,0.0015486705705938183,1.9092681612047814e-4,7.114689952761068e-4,1.8395700013663398e-4,0.003046813083307333,0.008701958824507522,4.528050988841635e-4,0.00409044282922824,0.005822040947112851,6.861239652030178e-4,0.0011048644069198562,0.0010763231070417614,0.0037261785635022155,0.004134999788066018,0.003238333703047799,0.0018760808291752834,0.0024213917898388833,6.713884141597332e-5,0.001651861229762231,3.723762397629773e-4,0.002196714549078567,0.008525118022576992,0.0029266044163699695,3.0571772208324097e-4,2.8319986806665825e-4,0.0022864114279317386,0.005886393498834053,0.0015291546322782619
G[T>A]G,1.1643698215851791e-4,6.980912486990356e-5,0.012049594564785797,0.011627724342419453,0.004159696260540075,1.1283455708412557e-4,2.6640478254843066e-4,5.555646185924809e-4,2.96912298327194e-16,0.0017544592589252724,0.016588642456704272,9.724698841580023e-4,8.295682019551597e-5,1.6127000808491537e-16,0.0021320953482814177,6.186554517718252e-4,1.0868723573178972e-4,0.00323146251116753,5.211182551470446e-5,1.1576313010737726e-4,1.1191873848627156e-4,0.007490652175329834,7.453761945664639e-4,2.954028839886675e-4,0.0016538986983332614,4.412909750831982e-4,0.0018929800702834575,8.635557907845955e-4,0.04577109704095357,3.848318593664003e-18,0.0019116357104097214,0.039769861239726347,7.336296959368755e-4,1.0394801411116459e-4,0.002957141997008128,8.929640269350421e-5,0.005413033987828537,0.012425921913033478,9.268732868411363e-4,0.009889634933679241,0.0010508255036950282,0.0011399116948236213,0.0013813505210579422,0.001041890623616073,0.006326433560142201,0.0047635648178692164,0.0018119001999223913,0.0070985044576516235,0.0020316900525221265,3.093874851409558e-4,0.005183649880196762,0.0028656658529942576,0.0039438460516644895,0.004243654448379279,0.009498486016313328,2.490228954575404e-4,9.490431602584147e-5,0.0063814724809623125,0.005353116015939739,0.002045326270396573
G[T>A]T,9.207126532259222e-5,5.1808346386261575e-5,0.009633145691329939,0.0036941207021264997,0.0024571079755187825,1.081951441746471e-4,2.1194053081085735e-4,3.5693663103330876e-5,0.020470093305772916,0.008583456240814955,0.022528959808824515,0.0023819820292067325,3.649954140399272e-4,5.915248046253254e-5,0.010672194316596434,0.005942860914579195,1.1293381573538087e-4,8.88167886960136e-4,2.9927471631670466e-4,6.233305448655905e-4,3.79043503706758e-4,9.829973489944713e-4,0.003881329589808946,0.0014601697511662838,0.002357667117863484,1.9374200238108071e-4,0.0028812667388605478,8.221946725356916e-4,0.00857678529414419,3.5834518760016034e-18,7.58273110211544e-4,0.015855891095699556,7.587312046086252e-4,3.5415275392717107e-4,6.518136385880507e-4,1.3041843607113107e-4,5.580723633178604e-4,0.004405412792964126,0.0014872230093419616,0.008541167698262532,0.0020231458249290596,8.227197864368921e-4,0.0016200857203369232,0.0011945467591427561,0.0029248594234664587,0.0046991344896443535,0.004318025893263751,0.002238606567776369,0.0022041486100121705,9.386267465034865e-5,0.012943859870232487,0.0018631009773631133,0.003036767247659532,0.01663764899008966,0.0030386246765221198,0.020277432490405475,4.376327215223275e-4,0.0033041814242747306,0.0047255085470278456,0.005026975176132449
T[T>A]A,0.001694640551195128,2.460120917744514e-4,0.003602864436834373,0.004199415871592804,0.0034025275072491184,1.3996384277038609e-4,1.742394553746339e-4,0.0014619355879219643,0.010973582193237451,0.011563211735134799,0.006515332383936627,0.01709526270452801,0.001235127785909819,0.0011843349551853624,0.005862920235140719,0.005452397049438627,9.051009358727837e-5,0.0025722261906715197,1.7485684095344467e-4,1.0279488345321711e-4,3.475683205814805e-4,0.008844723227731794,6.799706430109728e-5,7.771361966213019e-4,0.0052003677804917684,2.3898366281594778e-4,0.005681986165873578,1.5935735273735232e-4,0.04669140966741054,3.4040714925827206e-18,0.001685215680496101,0.012092043313432525,7.264475349122356e-4,1.4521362871372655e-4,3.288796033996737e-4,1.3606882822258406e-4,0.003348823289187905,2.587496512801608e-4,0.0024482242793488996,0.21947672487217013,0.002149480577826815,0.0012769472065705353,0.001669547241935513,0.0011193839444251187,0.0033807396183177583,0.004103321135290328,0.054410881890734425,0.004137302294618418,0.0034089992674390056,0.0032099172073129785,0.047214617996783205,0.001955815310825401,0.0025544750709100782,0.016731090993637576,0.003928716449370218,0.3076525665466602,9.743310921978369e-4,0.00463716287606784,0.013278246956607289,0.005047487236224724
T[T>A]C,9.109804001989471e-17,1.8131806687711854e-4,0.00941352067296085,0.0033017868871972984,0.003616333508373327,5.693255900830721e-5,3.084195910828841e-4,0.0016372956015704926,0.03947750115025429,0.0013796310726023058,0.01789654497551531,0.0019704708212042346,3.5308565529182097e-4,4.169371707739996e-4,0.002359126148944617,7.534086025048687e-4,1.592323438851567e-4,0.007166934767517275,2.2201113164078208e-4,0.0014404011342471165,8.109782160467076e-5,0.0054399118864895,0.005276110783616118,2.560126298571115e-4,0.002129456629227163,3.722465852979289e-4,2.4391690159412613e-4,7.985497180106058e-4,0.024861103033872494,3.740107781307484e-18,0.002166715433635782,0.003064032928618991,0.0013121763463155767,0.0015640671351537122,0.001345850249088924,1.883746367286837e-4,0.0030362990594591326,0.002005726651383874,2.0990506897725937e-4,2.9018061045514085e-16,0.004291773442846039,8.576969304077552e-4,0.0012474033910268396,6.896568783760216e-4,0.003020701562324868,0.009602383587069276,0.015638050432970223,0.0017819791415977543,1.6424186295709135e-5,6.842250528657117e-4,0.009906748145706884,0.0013831291651461477,0.0018604983505312298,0,0.002840865583921884,0.0012250787445455603,1.5427104536933965e-4,0.002615163820015819,0.010795408755990346,0.003317975281916407
T[T>A]G,9.884812490408912e-6,4.088686490005356e-5,0.005198661446350587,0.006315771030419328,0.003615845635605127,1.2731632773144462e-5,1.5279299808250728e-16,0.0010738267837478012,0.012169972962630362,0.0054281534533994315,0.01023129316511169,0.015371667607918001,5.873771419003976e-4,3.825250712489584e-5,4.6613082227367036e-4,0.003234133082710173,1.3692482981064337e-4,0.002659865888773266,1.5547152151973464e-4,2.5686906303345786e-4,6.651231110588766e-5,0.005214479666625875,0.0014638493152354277,2.0387178332518018e-16,0.001206605823486418,2.5261095379766044e-4,1.1666314404944398e-4,8.550220137514517e-5,0.06663857559795787,1.1346226914996808e-4,0.001139497651635955,0.007920369723077487,2.501915798296719e-4,3.471016225678058e-4,5.568236019596805e-4,1.2834094125343536e-4,0.0022880592364333753,0.0012451582850557356,5.517131838086459e-4,0.008776930678513133,9.657089108145441e-4,6.336601602902161e-4,0.0012210815812159004,5.163538012055748e-4,0.0038626052873292705,0.004044378351991639,0.008779474460967092,0.0036318476308904897,3.4420998792716567e-6,5.362539203762814e-4,0.007395397146394073,9.720404105145072e-4,0.0021017837464897015,0.004431212926854223,0.007806095783288301,7.243687155805009e-4,4.411277008861632e-4,0.005359164155450313,0.009280486493342633,0.002935116695686684
T[T>A]T,6.154662001423999e-4,1.2963170459367882e-4,0.007804114870159505,0.002882873613489771,0.005117922518374417,1.4245673027196506e-4,4.2365541946828936e-4,1.0865496357598107e-16,0.2156479189070548,0.02050397303624863,0.023291170472630036,0.012124524640749078,0.0034741675902326486,6.381313440010057e-4,0.003083996043264899,0.004618223346785782,3.557601784719139e-4,0.003906164778086995,3.972793342492201e-5,0.0010146733614239357,1.6429360725534855e-4,0.005584773011463777,0.001227218122189692,9.279719306205952e-4,0.0037083611291240945,3.5315852677107485e-4,0.0034463137609346836,5.1386106171085736e-5,0.02123207332547107,3.478580858857315e-18,9.716632076067127e-4,0.00872417906213677,9.135040446919795e-4,0.004792464732620627,5.60322672182627e-4,3.6689426435293596e-4,0.004814417648253662,3.8975597433807353e-4,0.0017617716450575008,0.04026157559283205,0.0029334298222712264,0.0015202498438876028,0.0014413870222657731,0.0012440637161208001,0.005865198988725103,0.013109273977278452,0.039175799945613377,0.0018584648857791768,0.007384920706953793,0.003741536371417101,0.05344242063978093,0.0012793419286356415,0.0017605656619734636,0.06327404656241697,0.0038172063599227887,0.15206073509969384,2.3425980461617006e-4,0.003717474823249852,0.021598337090635387,0.00919872549054093
A[T>C]A,2.5535954204228815e-4,3.3415382611636646e-5,0.008483364911532072,0.003492692242888014,0.023143632935216915,6.329502125153363e-4,2.2279726663924863e-4,4.275635470334131e-4,1.9065028520145216e-4,0.002804566664952484,0.005142219030273285,0.012399830266969588,4.1903979504866857e-4,0.003361878419437678,0.009962427548440166,0.0029593424805711317,5.153546423294646e-4,0.04690001417992395,0.0010481937253149203,0.006016297719518424,0.0011523397954582425,0.16166342419752652,5.1225686386246267e-5,5.9031020053509036e-5,9.036056636146633e-4,0.0011640142572595209,0.004706737469692028,0.00961994803047861,0.015103229504796678,3.606024284714836e-4,0.0024319549229248234,0.010666718093832924,0.050645275112940535,3.939482219806558e-4,7.838210531573458e-4,2.7388485528012435e-4,0.00947250552961683,4.3944338603528173e-4,0.00693417229268554,0.0034632098962988182,9.473544699323012e-4,0.002531712641525194,0.04640383503496972,0.0011890790345200509,0.0052580038458950006,0.009997809452834914,0.009030888634489708,0.005245339334102207,0.008781976057924393,0,0.021550127565467363,0.0016726602604595503,0.0026412188704583776,0.08107689571213354,0.008124723853370439,0.004572821643882283,1.1833182033744214e-4,0.046980887707052735,0.020562046096810713,0.0062006310628354416
A[T>C]C,0.0011760320658683195,1.9227362800588224e-5,0.0065881869213484465,5.187035493320114e-4,0.011084454944371635,5.344113912497661e-4,1.7043532871649175e-4,3.156351265149655e-4,5.826290938333418e-4,0.004174378411886712,0.004354253607904912,0.010590805408572546,0.003362231041415411,3.0280326630518334e-4,0.008196734065688408,0.0030248623694930318,7.002033214589662e-4,0.042405305152805946,1.2868162000298123e-4,0.004967287655322274,9.587536211621574e-4,0.01423003946828016,0.011132281530229654,2.5245732451366457e-4,0.001543809993638585,4.408237326395166e-4,0.0033049704518998916,0.009512096371641972,8.968286874889913e-4,1.1962857087340398e-4,0.0013678926861293778,0.008083586021976818,0.025739705680123078,5.225470215736226e-4,0.0015122246821771387,3.3900981566601567e-4,0.005673961788938845,5.434568767617329e-4,0.0034350722023868047,0.0015225162502087756,6.295721168028401e-4,0.0013457419738774855,0.040142194501377765,0.0011541715199522408,0.004372219609171061,0.006480064007220934,0.005996067943520667,0.0026208532448521982,0.0024344448301011406,2.4218831184857155e-4,0.024564934385781338,0.0015791309390060424,0.0014761813043828557,0.05480079820016618,0.002935651097984032,2.44237126149225e-4,9.698584863734118e-5,0.00403371628531442,0.003244842893746913,0.003870485153445881
A[T>C]G,3.9194373204757325e-5,1.1283074893965861e-5,0.009981172957261303,0.0034670129257681303,0.030202659428881184,0.0019166172756808959,1.3419849656511903e-4,9.92393758206751e-4,0.0011179464847233006,0.009330116257845796,0.005798340239558543,0.01378630890849831,0.0018997875390109927,3.013402741489508e-4,0.01461974372465469,0.007663282720034018,2.2831980507403768e-4,0.07090494788460416,3.707184689611566e-4,0.009344858397703586,1.1221075025897325e-4,0.067373565438898525,3.1502178165602367e-4,2.1353279077806888e-16,0.0014685311914181623,0.0016385616307723926,0.01291342388698863,0.0035276074066872823,0.007389648503085924,3.019152489595832e-4,0.00105555405919608,0.016184743235562238,0.073995448113219,4.58684525738425e-4,0.0017357445577504348,1.9597417393412805e-4,0.00595090469166842,8.076921222770866e-4,0.0642647675058576,2.3070856351722513e-5,6.743143997734064e-4,0.002922662024369825,0.01678616341786015,0.0014596828917100195,0.007142860626596582,0.013079381649084627,0.007958226745405996,0.006109161834701929,0.019534221561067287,8.238383149842767e-6,0.005833416865967898,0.0025749052915675047,4.4025837854089504e-4,0.007293310755747986,0.011936137374423863,1.361757406856618e-4,3.803314654677158e-4,0.03334886239281814,0.005929039297113135,0.002030513847069885
A[T>C]T,0.001496026181169962,9.3388775503889e-5,0.009895369510333148,7.62464271928993e-4,0.021344699242320717,1.5994943198893453e-4,3.110932606340542e-4,0.0010026299376508486,0.0019516078402594754,0.03649649541494295,0.008724569058966927,0.01970694974571313,0.0021025192560161455,6.000167305939329e-5,0.007772387948159212,0.0035868793329222617,5.984805092462039e-4,0.04522905846213674,5.855021635415288e-4,0.0031712816463295955,3.0615995235426014e-4,0.1010734347449076,0.004600442843582787,3.6717073256169473e-4,0.002110061629701011,8.699804485194564e-4,5.040517545352022e-5,0.01640581948744808,5.07432726758252e-4,1.1817813752982994e-4,0.001031494892596862,0.008312471760689298,0.024716543184162356,4.7499110265152364e-4,5.116351836326874e-4,2.7178470891556466e-4,0.004375420719629629,3.186094312583766e-4,0.0056838937919820995,0.0019514364124466445,0.0010487695940116636,0.002746798340960434,0.03380592671251287,0.0016547548177767992,0.007103027462832495,0.01153896051905154,0.012349317876960041,0.0013582542500806761,1.3515991494466564e-4,0.004737578553460778,0.04803033677296314,0.0023029643425404376,0.0017778604022668624,0.13740066677338567,0.0067649809079883315,0.0025504982225056185,1.0326927182491454e-4,0.017326970602866358,0.007090629683002544,0.011605540170676094
C[T>C]A,6.320249754398276e-17,1.9786637695620528e-4,0.00549222970145952,0.0027531301041490786,0.008060184491366825,5.751606275417564e-4,2.480813432860546e-4,7.758820683252153e-4,0.006062400664640527,0.007937490796155572,0.0015218003967958865,0.010123811592393511,8.301615433267269e-5,5.74180062466665e-4,0.007917868004857295,0.0017844782300861924,1.7938204444406118e-4,0.034998932410443426,3.1469534188870675e-5,0.0018253646738733197,2.6877941654765886e-4,0.008647368562432515,0.007128320800261972,4.748708517558132e-4,2.088904878030151e-4,2.4575409034360287e-4,0.006226239805812871,0.008014157617018404,0.004925989641408713,3.3777136232072175e-18,0.0010435305999384377,0.005629269058273342,0.03757077991855268,0.0011458941861361464,5.708823876617807e-4,6.887067086232481e-4,0.0045782140443322485,3.3681045303822537e-4,0.010133637090602898,5.386753069028321e-4,7.472015543575021e-4,8.750848201521842e-4,0.038293378852385276,0.0010054139678617976,0.004168719954863342,0.00705007165789601,0.007814640501539252,0.0019365229415728828,0.008036955803041472,0.0012462857139934026,0.006334530610129727,7.195701073006057e-4,0.001776019368443354,0,0.00304521045916938,0.004622488942773855,7.382453302911697e-5,0.01960511824515679,0.02134709503306392,0.0034633920915005715
C[T>C]C,0.0012322424578228878,3.247406841601238e-5,0.015684936820624662,0.002181402271677051,0.01096108292831266,6.206475825643007e-4,2.477673692554379e-4,7.408159984805366e-4,0.004986072226821273,1.2031273695195063e-4,0.007751479711495637,0.019662634231145868,4.875585525554299e-5,9.380427792711334e-5,0.011253089067776818,0.0027052693394890195,6.781432419765092e-4,0.06663188745400228,1.408635360490933e-4,0.0053645166605241,0.0013399851516259205,0.004455395241820462,0.19321335565270012,0.008245757011084579,0.0023152252438318863,7.696858591163658e-5,0.004470065586065654,0.003417715674078223,0.0017031981577175503,3.827657019314815e-18,0.0017908290568017084,0.011708864888388553,0.03920380709005321,0.003955475134037288,0.0015481364752224563,0.001301476891818596,0.009681416890441646,9.156666249185872e-4,0.03513028539868289,6.37160391561289e-5,0.001973623363935394,0.0019074076632004512,0.02903601153635112,0.002080295696036965,0.007812857934448214,0.011102249131653287,0.006927202209720543,0.002977765572181261,0.0030634830741474027,3.1036004664473245e-6,0.009521362913205997,0.002876977817110219,0.0011059468028618423,0.0026514997451315483,0.004566264124767091,3.630513395033252e-4,1.2129324966046864e-4,0.004445022438541235,0.010494997058126995,0.014282422746210116
C[T>C]G,1.9671989538155033e-4,2.816996636074607e-16,0.012112276301318368,0.005636066018515329,0.02430373847241226,0.0035539318844527335,1.1029791650969101e-4,7.137457754995703e-4,0.003350617839888051,0.0014028494959243505,0.0015468448074250653,0.021941212040373217,0.0013775535367440235,2.121832537098954e-5,0.018653277197995716,0.004391246839385648,1.3813153182056206e-4,0.05558875571538436,2.8417204585828946e-16,0.004978362178033351,9.604305155155086e-4,0.014974074384471247,0.10809233731307528,0.005547198485663461,0.0016902960654440124,5.220451550350461e-4,0.02677915665765469,0.019348127380147004,0.0028605269400002013,3.692875937296494e-4,0.003740315086558203,0.01610591717859944,0.10963216885744756,0.0041676029663664585,0.0036471850706452915,0.0013278552042252933,0.004830474011300411,0.0020149538229325566,0.05175648784458662,0.001418005396376804,0.0016897681916650455,0.002080879953060524,0.014692414478048945,0.00252499444091192,0.008508325313619754,0.013094012132295123,0.008147856675516948,0.0037547911788481433,0.03587334144220261,0.0038412896468775055,0.001427962936294241,6.0271332343014e-4,5.589626041620348e-4,0,0.009723259017175927,3.7374426222661723e-4,1.3850293777872906e-4,0.01735225245092671,0.0033113185312918262,0.007472450648734607
C[T>C]T,1.7647673382992374e-5,1.781256588982295e-4,0.014364600651314844,0.001988773945449916,0.013198606798709277,6.431810831302206e-4,0.0014633136771168185,0.0042472457154963455,0.05045154926851122,0.04515668481507672,0.006012302051690498,0.035535944742978935,2.4268396823877263e-6,5.181795465718514e-4,0.018608718158283324,0.004763465176734541,6.75476610690008e-5,0.05172018988115517,1.08687218981896e-4,0.001739315070900888,9.16687423452298e-4,0.018309663845013688,0.3998732362461399,0.019632282862735478,0.002024975651636311,3.107331291321955e-4,0.005367073632840657,0.022103866758088602,5.725940994332485e-4,3.389753343780019e-5,0.0024391271330823877,0.008164333696305185,0.05861224157484014,4.656773661444206e-4,0.0012587315580647144,0.003249847111102708,0.011330942922252608,9.049109573496408e-4,0.0030114472219957287,0.0021075904791173004,0.002611329810380144,0.0018418791144105403,0.05641995058411236,0.0032180045884099137,0.007130965018907312,0.012857437520348382,0.008727603191699162,0.0025906746495125313,0.0062035685163683236,7.372623849130048e-4,0.02179810723545523,0.001468385078620328,0.004489035664851418,0,0.003926839531892267,0.009001454984953666,1.1405657525801312e-4,0.012733460610628036,0.015684464185103584,0.012952801630945329
G[T>C]A,3.7470970360390206e-4,1.8396965129549427e-16,0.00781618434277133,0.0019407573376016233,0.010759416454989068,0.0011212189972971242,6.995442643814193e-5,1.6984868314268278e-4,2.238607703420419e-16,7.838795115959449e-4,0.0020845360174304253,0.008858020863057267,0.0018849582032241152,0.008051332738481604,0.010609236742588504,0.0021020309971922346,5.570958339364863e-4,0.0690152091327685,2.3992203312124964e-4,0.008000764870062262,0.0058210417903643,0.0020962528963888592,9.945935359826239e-5,5.498756156929514e-5,4.824373025132798e-4,6.531109396594844e-4,0.001849376468700105,0.19567762371094044,6.635064145757463e-4,1.351547976925008e-4,0.00214169350143302,0.013736578381996753,0.07596431146565946,5.366959775146165e-4,6.579072259048835e-4,6.38437615312585e-4,0.00320415081824982,0.006536621337956322,0.010309188815597699,1.24463893959619e-4,3.996785461440088e-4,0.001718901585167165,0.02960522206204125,0.001103660470593844,0.0053419956064831384,0.004894606343468852,0.005789228170846073,0.0040088391623897615,0.018714522553830906,0,0.023971167537361095,0.0031389068088654997,0.0013139933435359352,0,0.003959981413737685,0.004000032219179639,1.0304280383856842e-4,0.023437772897034824,0.010367273900289803,0.0028713730016334434
G[T>C]C,0.001003684729436708,3.346030996619188e-5,0.006538549729173338,0.0011689429636259087,0.008968672845241905,7.168336399219726e-4,7.597139642175184e-5,2.0983194041433915e-16,6.31398377717391e-4,0.0033650024606104146,0.0031093916048291507,0.013470281762608324,0.007964834616645274,0.004321313001750381,0.00748240722403817,0.0035032250958962996,8.766332018972354e-4,0.04368042608561798,2.2521520052014345e-4,0.007041329139045569,0.007748311481104413,0.0017925096054171887,0.017834661225477128,0.0020519975100842997,0.002279576319504617,3.759677281274553e-4,0.0022416239566863845,0.08611680443217373,0.0016891554593174518,3.8360947880020573e-4,0.003127422340271364,0.00470580165372445,0.03339741752237101,9.497800090061094e-4,0.0032372290152613697,5.609677751419356e-4,0.0068788872705598594,0.008119710971286219,0.009931691947901267,0.0010919115982154716,0.002125673223496245,0.0015223035678038422,0.025980015769950033,0.0020757659921519797,0.007293571108673382,0.005521369979400112,0.005288807008471072,0.003374906274222913,0.001190175625514021,8.862582931395573e-4,0.019074273968183002,0.007165918528106382,0.0025171414609447503,0.0056834120150513435,0.0019093656873762526,1.6680140015524637e-4,1.2053504220655236e-4,0.003190067511367479,0.0037837329417922407,0.0011676942887392148
G[T>C]G,5.537856468514885e-4,1.1707799938996346e-4,0.011322463858290124,0.0021036417321781712,0.015181373213649908,0.001417664947980032,6.660119563710757e-5,4.480086634686319e-4,3.1028672617976926e-4,0.0033399705892133134,0.002988082391239663,0.007787163666290597,2.5341603977534396e-16,0.0010024892394467735,0.014060881077775382,0.004051263904562297,5.123826827355807e-4,0.05342856343165435,2.1620863777377464e-4,0.010611620259843005,0.00356105077001773,0.005776575010884985,0.0038287669274852873,0.0012379954889151549,0.0035970037264296995,8.653298338565597e-4,0.00360821553302857,0.13616715299433546,7.09146863487842e-4,3.848318593664003e-18,0.002049826243692353,0.013950684309223312,0.08591189860313403,0.0010597768244806325,0.0024158072598508954,4.5372715770228825e-4,0.004812628138225366,0.00912498998499096,0.2319985131512875,6.663766264653715e-4,1.792032778622767e-4,0.0017926816397226186,0.012572847798147735,0.0016101946001339357,0.005444337126719077,0.006102979868698651,0.004447391399809513,0.0029325867836630234,0.015904180049155076,1.8148606181673244e-4,0.009516685257726205,0.0025088965845134325,0.0022941780881984464,8.487308896758558e-4,0.007550723776015634,1.2454622362237944e-4,1.1547684799714683e-4,0.00985477847535767,2.4999074798803583e-4,8.70680296648018e-4
G[T>C]T,2.544450084302645e-5,1.0312170857138117e-5,0.007988462280615128,5.05264697482882e-4,0.010454155051120234,3.9526129283157333e-4,5.617116682601485e-4,0.004373910416061116,0.007129239392700221,0.3115912197008165,0.0050429593308721175,0.00917435265936655,0.0045324547893690606,0.006298643752954868,0.00880253796661158,0.0018730830961901548,1.6320313615417848e-4,0.044942265755469196,1.8558376263214676e-16,0.00814621015460283,0.0026442796806209565,0.002442229438495574,0.004237118135541431,0.0013585123634268547,0.002146431046609823,0.0016156576877008834,6.218175659680433e-4,0.11670425981563168,7.674934479953062e-4,4.953595240355169e-4,0.0023095493967511998,0.011146220473214506,0.05021818044891623,9.301975110864864e-4,9.442160185153983e-4,3.038544714746243e-4,0.0033173122737145317,0.009225620946304783,0.008205076943585504,2.534945493334608e-16,2.9781272457871935e-4,0.0019466137804087138,0.0385734695318316,0.001980091095318158,0.00537058539614501,0.005953322897625684,0.0037161771515035504,0.0016462368298417018,0.007693726280231196,0.002532241516936036,0.06005235574152026,0.0060331504171332396,0.0028557967891511774,0.014717920388421218,0.0031832074995983674,0.0016146840235111543,9.16973358350953e-5,0.010168832274308724,0.005345927869702874,0.007444345143160273
T[T>C]A,6.430555663017223e-5,1.3000165039266078e-16,0.008412218039920503,0.0011397063345201198,0.009706100654593354,4.5626979581535543e-4,0.00105228884566141,0.0027072881257814187,0.021519622223102133,0.056223520532511714,0.001178425335529403,0.009205141456284332,4.4198200182067e-4,0.003429152844098796,0.01000360479226544,0.003450335066032254,5.498731492130349e-5,0.05905831333781803,1.3055189814429487e-5,0.003222619596258359,0.001090535464576755,0.00934808146020439,0.0011942341545318799,6.922389650576385e-4,8.667279634152997e-4,5.998780200238391e-4,0.0065342840907546456,0.0522096852158952,0.0030108805955447178,3.4040714925827206e-18,5.971880809525013e-4,0.008042872846090409,0.027193567014856094,0.0010118609234839426,0.0011149190743522967,2.6248738494002066e-4,0.002294193865279478,4.533172601529377e-4,0.006568406603131189,0.001129659613312641,1.8395554712564364e-4,0.0015416801640302821,0.032505062628703674,9.679918535807375e-4,0.0030017329346498462,0.005870108776993159,0.0429346412934331,0.003319576664623247,0.00974699503190178,2.1152481242380912e-4,0.010170654879391162,7.648637547548834e-4,0.0030139578689711696,0.0031653412428213393,0.004165490603483981,0.008716827889453445,1.3540219826754687e-4,0.01958263253800452,0.06062300922383963,0.004348913286029081
T[T>C]C,0.0013848536128584878,4.107987452684741e-5,0.008059766747611257,3.8533614948033513e-4,0.008481787045001217,5.443551694653931e-4,4.7254004186477936e-4,0.0012645184779986407,0.02412513959182216,0.016039613283099996,0.002422916858223614,0.014485623334258133,0.005070702327385311,5.078482831984054e-5,0.015977218875152535,0.006411341243291562,3.681262603681609e-4,0.051446368951325545,2.3827918870066696e-5,0.0023978932177061802,0.0030579560757939507,0.004275048527498174,0.014162192103390644,0.0011636937720777816,0.004820528193635122,4.3337339298895656e-4,0.012732769076926075,0.05504468496475611,2.338629183694779e-16,1.3484259553101036e-4,0.0019878123244364975,0.0066582064519257285,0.03270026767802329,0.002565070101652104,0.0010459976029188545,2.2354832408466168e-4,0.008339701416647756,9.987700059952381e-4,0.01209130581666244,0.008156427969549896,6.656297679281982e-4,0.0019172049032643908,0.04978574596045189,0.00162753077978824,0.005271901913650988,0.007038640396346943,0.029307674937314777,0.0023891136278943377,0.008331108990577096,4.261749680353488e-4,0.02964368756392956,0.001611483200646233,0.0035779083548106217,0.002930072298096586,0.0022951953059387495,6.232858484891803e-4,1.2243396771895637e-4,0.00399578719893536,0.013833642817599742,0.003851809315574441
T[T>C]G,1.4686007128607477e-4,9.54842952755745e-5,0.005369109362624378,0.001151933081019874,0.00958689761423486,9.192670442982258e-4,2.1856935600143417e-4,0.0024066353212230094,0.012868250099830478,0.02210033906026903,1.7607341726006223e-16,0.008569474576629692,3.0767374099544616e-4,3.619359031080794e-4,0.01245255224259962,0.004248587003291247,1.0558879910770975e-4,0.03840961572235754,8.253222259398661e-5,0.0031011363072106558,5.892365816092086e-4,0.007278125094537658,0.0018798064977066902,0.001106210124768916,0.0021975055779696745,7.3142045603612e-4,0.007954305276098519,0.023957977238111668,0.0011106429266326356,1.8521948801778528e-4,0.001162402127045725,0.003797118426063643,0.027269082262010993,0.0015246519869800842,2.2839409647480434e-4,1.371221635497227e-4,0.0028058463419259466,0.001195634944172843,0.26749730124055626,0.0012425513187084272,3.065076108237471e-4,0.0010028108041290104,0.009539699853249246,0.0012330837043715243,0.0035230355917398822,0.004841974879575653,0.019373436646913354,0.0023235648070049856,0.01309643579563517,1.5320915238700344e-5,0.004199447504698652,0.001288538164286341,7.391205896405553e-4,0,0.006741719605981307,1.6716238249044098e-4,8.936996567437365e-5,0.010267747852570175,0.009855281207577013,0.0014393799272658587
T[T>C]T,0.001184430509607371,2.2638122070505938e-5,0.008344399745785989,3.2624690714937567e-4,0.010820750467420143,5.818655180122537e-4,4.31087970687031e-4,0.0014536272154084008,0.06809527475165411,0.032370741313637916,0.002808460397359346,0.02738716154145664,0.0021344129807667513,1.0537563641069228e-5,0.012716257107223582,0.005005908907610285,5.595041382495945e-5,0.044418673762246355,3.402505265908652e-4,0.0016279374809658655,4.6693972588362495e-4,0.006544168375164962,0.01301594978079975,7.083755195577043e-4,0.0017601657753729852,7.713863809115613e-4,0.009912646138008822,0.02737453561731915,1.565953580815473e-16,3.478580858857315e-18,0.0016283123159436712,0.010228347865953419,0.04002681844680893,0.0017259575785312062,3.838210304451011e-4,2.3290720062347549e-4,0.006560186209895192,3.74955114553083e-4,0.005907116692251614,0.006196781634722838,5.747570446594246e-4,0.0015765553936612194,0.04538521188057347,0.0015227339885318576,0.0051964566741227874,0.006367361646106683,0.0337570911680893,0.0012460162302383128,0.019710831527193298,0.005204670638330285,0.08004189889669816,0.0018602463514803848,0.002204656034813868,0.08191291318933754,0.004081197316031303,0.0037390879937261074,0.00058694104124935875,0.00878716852030159,0.009814074550459488,0.008903045716786897
A[T>G]A,4.029526718465437e-5,1.2889564119237485e-4,0.002030866145487981,4.6129897547577477e-4,0.0019336455222930158,7.360552245087843e-6,2.1506756555176446e-4,3.537878761727455e-5,0.007877563867698901,0.0023800221697991247,8.631769917756594e-4,0.027548391381296958,0.0010799414852260948,1.2476703866790115e-5,0.001377289187157542,0.003933973320874431,9.855027370861683e-5,0.0012808291915984682,3.3695861117453455e-5,1.012265965506273e-4,1.386362530268523e-4,0.007481943599224345,4.517415452300057e-4,8.554341035503369e-4,3.2252459577533237e-4,0.0010471634051794144,4.618761068389331e-6,2.258095585597378e-4,0.0014076209898470564,3.369964004225603e-18,0.001219777391029481,0.002720786064513911,0.001743917492096533,0.007082457105553863,1.6276284114032566e-4,1.748201203915689e-5,0.001708765703381859,1.812234476598491e-4,5.430843739631316e-4,0.0021139073392992818,0.0014163878104379978,5.256317674785625e-4,0.01373756098579588,4.901221826874768e-4,0.0018215227608993374,0.0038654632269516783,0.004722402181785259,5.426213104243665e-4,1.0920591989128719e-8,5.770683501415e-5,0.017374652828025167,0.0022147878506932396,0.0022800794604923933,0.005881225848428252,0.0026964277683077537,0.004350960029073981,9.424796851085337e-4,0.0010902185220080351,0.01521285216258314,0.0016916625341304046
A[T>G]C,8.007849922195471e-5,6.671447743831992e-5,0.0022073822159157236,1.1534806201928682e-4,0.002150715138460172,9.647780868579836e-5,1.8545165723776822e-4,6.451138989297094e-4,0.0011477683837242227,0.00282540625333807,5.805671477206547e-4,0.006989931569657882,0.0011517034506505828,3.1645909988365225e-5,8.83690929228443e-4,5.750313667934601e-4,3.4860868989481496e-5,6.986879062397807e-4,2.0117830732860407e-16,0.0023417213232233645,2.0300140448076257e-4,0.004864687911249254,6.135903205638417e-4,0.0044881302135762555,6.337746289674206e-4,0.0014026209674893688,1.5471619917685166e-5,4.156786114407536e-4,5.0777063618675945e-5,3.6493434822616974e-18,8.78463192927127e-4,0,0.0024950749184180646,0.020499010143364343,5.395142206719302e-4,8.142157144816997e-5,0.0019015439508876114,3.325863054647412e-4,2.766378146988841e-4,5.718719573954907e-4,7.407632945573008e-4,4.960930471749554e-4,0.011080918273817799,7.530265404566459e-4,0.0023023922409996546,0.006224039679960158,0.0016983681221716571,3.024061436367923e-4,2.4494722673239826e-5,9.525820268242925e-4,0.004134080120405167,5.5916717516635196e-5,3.1872074831596804e-4,0.006243128361064878,0.0011053053319560171,6.107613696471525e-5,8.575182034735882e-5,3.1224298629809155e-4,0.002358927686547841,6.889439357486776e-4
A[T>G]G,9.909520772523493e-5,1.752295722168927e-6,0.005112308100060653,9.84631670918149e-4,0.00627772554621248,4.836746426836213e-5,1.9806836926188659e-4,9.725458830426167e-4,6.310651184793197e-4,0.010761613964435821,0.003962476066288578,0.005138533320440304,2.8408037966519536e-4,2.968003076834297e-4,8.963280458237126e-4,8.416719534465663e-4,1.2771639096328992e-4,8.126411048334786e-4,7.145858338620425e-5,5.343148874170832e-4,8.649578665795842e-5,0.004871140412014255,6.023953750284084e-4,9.47970685516988e-4,0.0014049889764048734,0.0012555212495528776,1.8675865729031892e-5,1.7001613016766004e-4,0.002812833946335929,3.648677902320075e-18,0.0012354780465590497,0.0058069882764781216,0.002158593327124474,0.00869801767326198,2.6509553245643026e-4,2.9007007694221136e-4,0.0029461375443974136,9.410724727448732e-4,4.158823510256453e-4,2.330748051943246e-4,0.0032836179467226755,7.123988684401445e-4,0.01678616341786015,0.001392416399004486,0.005675758547689815,0.006801278457523985,0.002672538832412464,4.546187019515339e-4,5.364729230190163e-6,6.824955989975706e-4,0.005159950065612259,0.001259011560020227,0.0012158879491196422,0.002652113002090178,0.004152278479148657,2.9180551963426017e-4,7.602207064678375e-4,0.0010295732204110095,0.004841668723921864,0.001490958653081516
A[T>G]T,2.9190754754535953e-5,2.265430941255626e-6,0.0022707871072845534,1.0557197611324483e-4,0.002691772776511982,1.2298900547356325e-4,1.5630539436735396e-4,3.4182685781305734e-4,1.6349318510853014e-16,0.010233331067327154,4.333007452104364e-4,0.01624124479043252,0.005769412958472872,8.880247612790238e-17,0.007940785227661586,0.0030655769805743097,1.433335673404772e-4,9.074168468892626e-4,1.9537089920051035e-4,0.005896352809758553,0.001196297768617829,0.005915768680657823,0.007381968619356224,0.046638782389729905,9.156871223230831e-4,8.099817968974214e-4,2.848137098441632e-5,4.4539236499126775e-5,2.809362646158268e-5,3.3642282063089544e-18,0.0019911233377587,0,0.0039400295989807195,0.09180500303348768,3.603691293412817e-4,3.959579061999233e-4,4.0448104173199513e-4,3.3689030026500526e-18,4.67794950523608e-4,9.590392625271998e-4,0.0013587507548032856,5.279003061533335e-4,0.01739596645414728,0.0013560454953701023,0.0033530467876017995,0.010706252027985988,0.005309508985517849,4.582850451198141e-4,7.188280120652662e-4,8.912353280026137e-4,0.002577385119262311,5.815774745578947e-4,6.932112265098237e-4,0.00607554003161068,0.0022875547858207308,0.0018237430030922726,9.393220109132212e-5,0.0020752322796633777,0.005288422381146781,0.0011584680318719597
C[T>G]A,1.006138413816765e-5,1.0024356183542822e-4,0.002718125005139081,4.6239829934550155e-4,0.0015696148746345902,1.715087413452826e-5,4.631585167336089e-5,1.8205337420179856e-4,0.0026267733395007905,0.0011517143508147296,7.768186125903714e-4,0.019213073095053337,1.0547134361937928e-4,9.874157134843422e-5,0.007152408182783088,0.004354234922922128,1.2141101788591909e-16,6.884151242847126e-4,2.7486048848507275e-5,2.8015881861663305e-5,7.38247464117569e-5,0.0032003345333862392,1.9907922955686528e-4,0.0015046139816065215,6.0069544420038345e-5,3.882044701445407e-4,5.124674301707524e-4,3.0314422290460833e-6,0.0035885176764564935,3.372789842415368e-18,6.573783074502044e-4,0,0.0010259712977758672,0.012674284179990645,3.77846732850721e-4,1.073731718955924e-4,0.0011066357874030064,3.299947271757319e-5,4.885621060899932e-4,9.612724331936006e-4,0.0020842990726814593,2.788603626884962e-4,0.001991255700324037,5.068317591836647e-4,0.0030101111390702586,0.002166765142564368,0.002632699275761288,4.7592512970859e-4,1.288114834186103e-4,4.926534646925521e-4,0.003294641320111303,0.002281833026398656,0.002952658205787298,0,0.004299133506543482,0.008663438166715734,3.6199894610876526e-4,5.916344660794631e-4,0.006731311672954644,0.00122588263409343
C[T>G]C,1.0449416042338082e-4,1.7661335454322597e-4,0.007615307256358452,4.0762644144473706e-4,0.0048587107980308875,4.724152473110801e-4,1.6454049232407492e-4,6.984836557102209e-4,0.007771587437335944,6.739678627904544e-5,0.002159340776773786,0.009522883637437257,2.6389698354335104e-16,8.699590291627483e-4,0.002642086373538423,5.908386351653426e-4,2.111469841778185e-16,0.0015283772977376744,3.256025997200346e-6,0.0012155552732648284,9.785007851407846e-5,0.0015179264546265328,0.0011615138143283594,0.04007999537895601,0.0018728854614737584,0.001976220449082562,0.0014807670678478372,6.593040165597713e-5,0.0011185181931279442,1.2673226820102688e-4,7.035399866006712e-4,0.0031332055118002628,0.006207269455925071,0.03336488567260458,4.787443773921624e-6,2.0276632734854817e-4,0.001397015757147477,4.444983616109655e-4,0.0011075960413073117,3.501227894222923e-16,5.061073774844239e-4,5.742514560486455e-4,0.0031699865805741084,0.0012643176428500532,0.007299244012082473,0.006377887799034873,0.0031799156810336238,7.163761903682068e-4,0.002422066305497788,0.0020520748446572552,0.0038001779866117824,1.5992523121027632e-4,6.53618178637922e-4,0.0035353329935087214,0.003487387468822733,7.781837192657346e-5,4.88338319196684e-5,4.6412081859695617e-4,0.007996361137961745,0.0019640005977683006
C[T>G]G,6.994485169121811e-5,1.528504901188459e-4,0.012831817467733335,0.003883761856395116,0.00716259215557149,6.172618536154749e-4,2.365041863621257e-16,0.0012612767813622555,0.0018374355896160325,3.87096438447574e-5,0.005769976662617319,0.02023150720605846,7.018963258648061e-5,4.017224447709087e-4,0.00875399366165768,0.004072646247288601,2.340854966730117e-16,8.813939074658547e-4,2.8417204585828946e-16,4.844714871240513e-4,1.879403598706608e-4,0.003490314944975609,2.402051940290562e-6,0.019386892666731898,0.0030571404146610952,0.0013942169803144793,0.0027805177985534193,2.700676113478857e-5,0.011315286368572266,6.189601828065079e-5,0.0026944449912646774,0.014182822590110042,0.007745296808734544,0.025942910031598435,3.0968425663791216e-4,8.207608939502794e-5,0.0016245988827243547,0.00119364112336765,0.001384486049842682,7.623308912703897e-4,0.006889054935249796,9.976975774944263e-4,0.00556687463138135,0.001580606756318888,0.010764071793163734,0.006971002649479044,0.00444694511554247,0.005990790420184675,0.0036828548758710954,8.349643697122557e-4,0.0019045677009727991,0.0019112952399841729,0.0013096612146315334,0.003919403267408421,0.010843049721745218,2.2999618177522998e-4,3.9477145617417973e-4,0.0025685561721577586,0.0035540798739112896,0.002666368568813463
C[T>G]T,7.083925231201144e-5,1.9440596105559462e-4,0.006391338137895149,9.322377869296432e-4,0.006466431518830721,6.583743370624332e-4,2.1306490353624e-5,2.727724997037787e-6,0.00397993660122827,1.7744188491566738e-4,5.34220027503149e-4,0.06102677440663558,0.0012929883553705066,0.003325250341804642,0.029014172312995374,0.005945559866055538,1.063176203807942e-4,3.8761972372804875e-4,5.385839869192139e-5,8.12243251556627e-4,0.0013043152482264055,0.003000422333311914,0.004984335409546947,0.5900412882242924,0.003274765311630601,0.001748370547546883,0.003974745835335611,1.8844310369799062e-4,0.001271244362547702,1.7776413501351685e-4,0.003164817850363094,0.00779074253386265,0.008237396113220783,0.1281564413639961,5.423860140649665e-4,2.100510937663943e-4,7.79207596609981e-4,5.612108322645511e-4,1.8833806730396784e-4,8.682212351080689e-7,0.0022253785490975444,9.124123390829941e-4,0.004600912636918692,0.005184981631911053,0.00410092749632155,0.012384737611512002,0.011644197396803111,0.0027825764754023526,3.0897150587359676e-4,0,0.002264301049879233,0.001983376542933956,0.001562130890823855,0,0.003804961516948312,0.013731993763576523,8.532844311322223e-5,5.078257243090574e-4,0.04034539974946306,0.002249300499547101
G[T>G]A,7.958120371778119e-17,1.7241998708860212e-4,0.0034616768331712736,4.0019754754681776e-4,0.001922959536636351,1.8977831277208176e-5,6.275119836926358e-5,2.0624482953040052e-4,0.0025007869840011844,7.329273433422078e-5,0.0010502854549361003,0.007722854323883963,1.7478703338987298e-4,2.634483705584795e-4,2.9569160202371056e-4,3.397919721064466e-4,6.590120062759183e-5,3.9991935531224424e-4,7.33141543718939e-5,5.66599621252591e-5,9.160244057705072e-5,9.178738410401671e-4,4.0026325228569005e-4,2.596891563188567e-4,5.928254988510644e-4,4.3540729310632314e-4,1.487541942215311e-16,2.5095874610461463e-4,0.0014632110945567696,3.8810506126378545e-18,6.193546071711679e-4,0.00435645771543327,0.001246360559376683,0.0012679579102178246,2.735188374363832e-5,1.2837034404146043e-4,2.150246906728357e-4,8.224414156071983e-4,4.909539919559235e-4,4.1678276417670513e-4,0.0012450163561300118,1.358960654939846e-4,0.01137920587400935,3.272028689289974e-4,0.002381371535420196,0.0020278818294904213,0.0017195727240136827,7.852365369629426e-4,5.323241970867453e-18,1.3067536820358989e-5,0.008548537890801145,9.84652690036846e-4,0.0015403271251976207,0,0.010007152975755641,0.007754262458490696,6.0567138083271764e-5,4.417169166468233e-4,0.003400750963187626,8.860179097541614e-4
G[T>G]C,1.178008919286245e-16,1.6241683304757425e-4,0.0027128025472102145,2.506292964384351e-4,0.0019315403734714918,1.3755456333637868e-4,1.240558565051551e-4,3.034056435720843e-4,0.00247782814896187,3.2344635720522476e-5,7.785346918961529e-4,0.008057377127940567,0.0010564820438957823,7.637292397089792e-4,7.646840892628868e-4,0.0020127694828253216,2.2629368700137887e-16,3.060503538235733e-4,2.7471304678830677e-16,0.0022609772464825136,3.874155740552193e-4,0.001357185844101586,2.441792543622374e-4,0.008549989625351192,3.732049726622609e-5,7.124132422469044e-4,6.595928899099324e-5,6.923115650429635e-4,3.2148442612816e-4,7.975039164530611e-5,0.0013109468987986882,0,0.0016294707742769822,0.0031227860602756345,8.268910882993537e-5,3.567957200452309e-4,9.129969101869411e-4,7.833880206977572e-4,7.967868728983764e-4,3.752389702845747e-16,0.00530894741040686,3.4034358337328756e-4,0.00979246748251964,9.023816049216212e-4,0.0061397260421343375,0.002700408024859439,0.0013434135449324916,7.188244481350927e-5,1.877604650595403e-5,0.0012582760462665997,0.001314883570213189,7.178452931688875e-4,8.005502535874149e-4,0.002841706007525664,0.0014744024898786774,8.340070007762327e-5,0.0012381969305935115,3.4947782522252703e-4,0.00364005976223643,6.490695429817458e-4
G[T>G]G,1.6471573085839137e-4,4.059433436792191e-5,0.011322463858290124,0.0021568984848915483,0.005364085202156307,1.5854701867205255e-4,2.9855708389048166e-4,0.0020410224554998175,0.008064779995103482,0.004938477914011908,0.004221596830327925,0.004899372385922935,2.5341603977534396e-16,0.0012567437566977646,6.784663218637931e-4,2.2937727846551547e-4,1.1873395500111453e-4,6.385678906530253e-4,4.7233271636732115e-4,7.534250384488477e-4,2.076780869237231e-4,9.110252645671425e-4,8.955239172129451e-4,0.001814092399598453,0.00526897782037316,4.630831220008877e-4,7.731890427918369e-5,2.478940477589194e-4,5.492531644914438e-4,1.2909957675325847e-4,0.00240297982874796,0.009047122884115763,0.002835575305019173,0.004537758496066176,6.221309665836753e-4,0.0012497873804973223,0.002392242057012608,0.002855116409025242,0.006074550440966091,8.55688168074851e-5,0.0037904777097570665,0.0014906537547693583,0.012572847798147735,0.001859903923149359,0.00732234888820057,0.004806771754992753,0.001520475692242568,3.745671592840623e-4,9.468962688225276e-5,1.950984105543096e-4,0.002866355468151606,4.253528256536232e-4,0.00187417521895459,0.004243654448379279,0.05042626796491592,3.7353515192802526e-4,5.847223968764753e-5,0.001643578770883918,0.001044456610937227,0.0018141915326833223
G[T>G]T,5.210234394224197e-6,1.8396912809134361e-16,0.004565954421175107,1.6864464074925353e-4,0.0017932309759220906,3.433450744574488e-4,5.783344549904119e-4,0.0011685045345097569,0.0068065581189146384,0.0067021507633760625,0.0010342476211168542,0.018050957565082206,0.001893520809925447,0.002826174066543228,0.006223995911048104,8.193505556858739e-4,1.0604760745883299e-4,1.6016142223871315e-4,2.4159327657968642e-6,0.0016365154328443175,6.2722675018142e-4,0.0024320534825018523,0.0058543387979618205,0.1053540200208586,0.0014582102983317483,2.3344884385847467e-4,0.0023854208349636205,0.002272661901672829,1.8037016283822547e-5,3.5834518760016034e-18,0.0015512762865396502,0.002174297937380583,0.005503985357172881,0.02251711953981387,7.005473685759419e-4,1.0925104592346012e-4,0.0019875581000293897,5.61404065337149e-4,3.811008961438784e-4,4.761586805047425e-4,0.0023697687110183145,3.592053353282484e-4,0.016490158224857953,0.002168362051922185,0.004247839847283798,0.004462956153076433,0.0033149446569967307,6.336978591859254e-4,0.0019407597824006577,9.265334324032202e-4,0.003250709930651727,0.0015579822928909696,0.001074296526431034,0.014717920388421218,0.0029562549449098792,0.0035122134233049338,3.2425754019997145e-5,1.6015994081504511e-4,0.005590561824062354,0.0014697224815933526
T[T>G]A,5.623583971971948e-17,9.735549603396538e-6,0.004012406630883132,1.7828601166559535e-4,0.0028147691898320784,3.23704922706838e-5,6.264789406728394e-5,4.3091002668687516e-4,0.013752606255161285,1.4609806443793087e-4,1.2577424254208045e-16,0.043198413834134294,0.0016286734039693146,0.004373524507710648,0.005137969553705528,0.012154649261948109,4.141080088321176e-5,0.0011180609842118899,1.0869479302511414e-4,5.098626219279568e-5,7.365897436176333e-5,0.007032633590830683,1.2685166617515635e-16,7.967278654436899e-6,3.351348125205829e-4,8.03062510677072e-4,1.0511674406866135e-16,2.8833139697614365e-4,0.003290508815001359,8.14874256911696e-5,5.031105065558721e-5,0.001153736242749526,9.193097123225589e-4,0.03267306646058836,2.0102980993147597e-4,5.693660188037204e-5,0.0011246048359213135,1.1421371326038324e-5,2.7945584456958155e-4,1.7913173868243325e-16,0.0021444817857853627,4.0903837348682135e-4,0.012470495725477492,5.36753776630079e-4,0.004239821434631685,0.0048687372797414,0.02828555770746622,5.597526633895483e-4,3.761654364070626e-18,9.164262577723747e-4,0.005575390945188618,0.003558045062946393,0.002531274166851668,0.0239661566915149,0.0038044670513435034,0.016014020156391952,0.0025295988215169314,0.0012522208091554298,0.034489808186318124,0.0019933514010220606
T[T>G]C,2.2508977601328193e-5,6.648329118827712e-5,0.005630181888208976,1.3329719683812763e-4,0.005730228940804107,1.4333021434547523e-4,9.197088063140045e-5,0.001132950081443865,0.020085044444866303,1.2898989703192306e-4,0.001046259552414741,0.00918132890744894,2.187169475835445e-16,0.003479701199692784,9.077005987649541e-4,7.306005894940705e-4,5.305117199738156e-5,0.0012556025251619458,2.1244168631143735e-16,9.991221740442363e-4,1.5186471052084838e-4,0.0064183971080422186,1.0737348261394232e-4,0.009256655005164142,0.0016380435609439738,0.0015830275837932922,1.7028161054684312e-16,3.8069225550442585e-4,7.921843000623778e-4,3.740107781307484e-18,0.0017492748455041228,5.202566174986501e-4,0.001791224853700639,0.04466975737999025,6.924504131322799e-5,7.534985469147341e-5,0.0019270378030700566,1.8338072241224e-4,1.5863793231461098e-4,2.9018061045514085e-16,0.0015709510337964785,6.256142315915391e-4,0.021525987721259677,6.710777598852885e-4,0.004158581012631523,0.010627880863358299,0.016950334385387223,2.16045258760082e-4,6.093611147393523e-18,5.840337884314495e-4,0.008139598132978695,0.0019131819352033242,0.0012481122147911773,0.026370653221777143,0.0026292882725154833,2.5791124116702005e-4,9.871173715811103e-5,2.760916087205156e-4,0.013819556323592844,9.79743747864911e-4
T[T>G]G,2.058159172110135e-4,7.785642537854525e-5,0.00623684420910913,0.001535910774693172,0.005238824365574017,1.3983217011860407e-4,1.5279299808250728e-16,8.527447988585484e-4,0.007621196183155387,1.2116413958480835e-4,0.002450751618619781,0.010033004606365666,1.830785896832408e-5,0.001495423791284875,9.131078189117477e-4,0.0026919850003233816,6.880302393470091e-5,8.402103439265721e-4,3.0350025743480033e-5,8.202541508631455e-5,6.606591975618395e-5,0.0052748790450037825,7.359242459107042e-4,0.004369987104459016,9.77418125170562e-4,0.001401889207402569,0.0018493759766928962,1.1371358761567559e-4,0.005070722214216194,1.1162234046104958e-4,0.001740740131142369,0.0073224594596687466,0.002555913980993772,0.015138388523206437,1.0847213025188602e-4,5.491641328370667e-4,0.00374346083025033,5.787156120315878e-4,8.016559746552908e-4,0.001716980004033452,0.0033729832971928332,6.554603951625862e-4,0.028809893556812592,0.0012202390824509787,0.005150140383105701,0.006976955483714672,0.01833388638781074,0.001996494101033613,6.287660536438471e-4,0,0.003745255631509162,0.0014035774889921185,8.620842031920446e-4,0,0.003907670035695752,3.528974247176081e-4,3.736150365118971e-4,0.0013834290148627118,0.011429174398404478,0.0020892029000826374
T[T>G]T,6.099953894744656e-17,1.4101400060678248e-16,0.006303323548975022,2.913651623598199e-4,0.007896223314063366,3.377495248232041e-4,4.4011321145264586e-5,8.663030879706641e-4,0.016772615914993117,1.246761730409251e-4,6.120845855076385e-4,0.045573948502580265,0.012412432411228125,0.038161933664270634,0.016031734302467633,0.009626453418104449,2.9294792144200594e-5,0.0016443093637280512,1.2110611963403664e-5,3.3729526574806504e-4,0.0020718288578095516,0.012323940444291555,0.002838716666479178,0.08642181338604014,0.002695090623419759,0.0022197036675210215,7.755489983623496e-4,1.4931564882174125e-16,4.1970377503838184e-4,3.478580858857315e-18,0.0017569800466313145,0.004735123394414922,0.006589781085755134,0.4013270291827412,4.3331619982123383e-4,0.004652910142792581,0.003957798291920243,3.4809429494328634e-4,0.0014573478681541782,2.0305838125080406e-4,0.0019628495298746446,0.0010191304509024296,0.021509929409196864,0.0026324388233116094,0.005974828876364784,0.015606278544379057,0.06436547318167135,9.186729833112933e-4,0.004781603335437732,0.0034994362608408484,0.010815375908621428,0.002643385563619029,0.0020918764902417373,0.08681787764377413,0.0034200313296344764,0.007786650746934603,4.647939231392052e-4,0.0011036155357878733,0.038303627409240815,0.0017700856154935728
