cell_line,patient_id,wes_sample_id,stage,depth_x,fraction_ge_depth,fraction_decimal_places,target_summed_bp,source_id
OV1369-R2,1369,OV1369_R2_P66,md,0,1.0,2,63709951,WQC0020
OV1369-R2,1369,OV1369_R2_P66,md,1,0.99,2,63709951,WQC0020
OV1369-R2,1369,OV1369_R2_P66,md,2,0.99,2,63709951,WQC0020
OV1369-R2,1369,OV1369_R2_P66,md,3,0.98,2,63709951,WQC0020
OV1369-R2,1369,OV1369_R2_P66,md,4,0.98,2,63709951,WQC0020
OV1369-R2,1369,OV1369_R2_P66,md,5,0.98,2,63709951,WQC0020
OV1369-R2,1369,OV1369_R2_P66,md,6,0.97,2,63709951,WQC0020
OV1369-R2,1369,OV1369_R2_P66,md,7,0.97,2,63709951,WQC0020
OV1369-R2,1369,OV1369_R2_P66,md,8,0.96,2,63709951,WQC0020
OV1369-R2,1369,OV1369_R2_P66,md,9,0.96,2,63709951,WQC0020
OV1369-R2,1369,OV1369_R2_P66,md,10,0.95,2,63709951,WQC0020
OV1369-R2,1369,OV1369_R2_P66,md,11,0.94,2,63709951,WQC0020
OV1369-R2,1369,OV1369_R2_P66,md,12,0.94,2,63709951,WQC0020
OV1369-R2,1369,OV1369_R2_P66,md,13,0.93,2,63709951,WQC0020
OV1369-R2,1369,OV1369_R2_P66,md,14,0.92,2,63709951,WQC0020
OV1369-R2,1369,OV1369_R2_P66,md,15,0.91,2,63709951,WQC0020
OV1369-R2,1369,OV1369_R2_P66,md,16,0.91,2,63709951,WQC0020
OV1369-R2,1369,OV1369_R2_P66,md,17,0.9,2,63709951,WQC0020
OV1369-R2,1369,OV1369_R2_P66,md,18,0.89,2,63709951,WQC0020
OV1369-R2,1369,OV1369_R2_P66,md,19,0.88,2,63709951,WQC0020
OV1369-R2,1369,OV1369_R2_P66,md,20,0.87,2,63709951,WQC0020
OV1369-R2,1369,OV1369_R2_P66,md,21,0.86,2,63709951,WQC0020
OV1369-R2,1369,OV1369_R2_P66,md,22,0.85,2,63709951,WQC0020
OV1369-R2,1369,OV1369_R2_P66,md,23,0.84,2,63709951,WQC0020
OV1369-R2,1369,OV1369_R2_P66,md,24,0.83,2,63709951,WQC0020
OV1369-R2,1369,OV1369_R2_P66,md,25,0.82,2,63709951,WQC0020
OV1369-R2,1369,OV1369_R2_P66,md,26,0.81,2,63709951,WQC0020
OV1369-R2,1369,OV1369_R2_P66,md,27,0.8,2,63709951,WQC0020
OV1369-R2,1369,OV1369_R2_P66,md,28,0.79,2,63709951,WQC0020
OV1369-R2,1369,OV1369_R2_P66,md,29,0.78,2,63709951,WQC0020
OV1369-R2,1369,OV1369_R2_P66,md,30,0.77,2,63709951,WQC0020
OV1369-R2,1369,OV1369_R2_P66,md,31,0.76,2,63709951,WQC0020
OV1369-R2,1369,OV1369_R2_P66,md,32,0.75,2,63709951,WQC0020
OV1369-R2,1369,OV1369_R2_P66,md,33,0.73,2,63709951,WQC0020
OV1369-R2,1369,OV1369_R2_P66,md,34,0.72,2,63709951,WQC0020
OV1369-R2,1369,OV1369_R2_P66,md,35,0.71,2,63709951,WQC0020
OV1369-R2,1369,OV1369_R2_P66,md,36,0.7,2,63709951,WQC0020
OV1369-R2,1369,OV1369_R2_P66,md,37,0.69,2,63709951,WQC0020
OV1369-R2,1369,OV1369_R2_P66,md,38,0.68,2,63709951,WQC0020
OV1369-R2,1369,OV1369_R2_P66,md,39,0.67,2,63709951,WQC0020
OV1369-R2,1369,OV1369_R2_P66,md,40,0.66,2,63709951,WQC0020
OV1369-R2,1369,OV1369_R2_P66,md,41,0.65,2,63709951,WQC0020
OV1369-R2,1369,OV1369_R2_P66,md,42,0.64,2,63709951,WQC0020
OV1369-R2,1369,OV1369_R2_P66,md,43,0.63,2,63709951,WQC0020
OV1369-R2,1369,OV1369_R2_P66,md,44,0.62,2,63709951,WQC0020
OV1369-R2,1369,OV1369_R2_P66,md,45,0.61,2,63709951,WQC0020
OV1369-R2,1369,OV1369_R2_P66,md,46,0.6,2,63709951,WQC0020
OV1369-R2,1369,OV1369_R2_P66,md,47,0.59,2,63709951,WQC0020
OV1369-R2,1369,OV1369_R2_P66,md,48,0.58,2,63709951,WQC0020
OV1369-R2,1369,OV1369_R2_P66,md,49,0.57,2,63709951,WQC0020
OV1369-R2,1369,OV1369_R2_P66,md,50,0.56,2,63709951,WQC0020
OV1369-R2,1369,OV1369_R2_P66,md,51,0.55,2,63709951,WQC0020
OV1369-R2,1369,OV1369_R2_P66,md,52,0.54,2,63709951,WQC0020
OV1369-R2,1369,OV1369_R2_P66,md,53,0.53,2,63709951,WQC0020
OV1369-R2,1369,OV1369_R2_P66,md,54,0.53,2,63709951,WQC0020
OV1369-R2,1369,OV1369_R2_P66,md,55,0.52,2,63709951,WQC0020
OV1369-R2,1369,OV1369_R2_P66,md,56,0.51,2,63709951,WQC0020
OV1369-R2,1369,OV1369_R2_P66,md,57,0.5,2,63709951,WQC0020
OV1369-R2,1369,OV1369_R2_P66,md,58,0.49,2,63709951,WQC0020
OV1369-R2,1369,OV1369_R2_P66,md,59,0.48,2,63709951,WQC0020
OV1369-R2,1369,OV1369_R2_P66,md,60,0.47,2,63709951,WQC0020
OV1369-R2,1369,OV1369_R2_P66,md,61,0.47,2,63709951,WQC0020
OV1369-R2,1369,OV1369_R2_P66,md,62,0.46,2,63709951,WQC0020
OV1369-R2,1369,OV1369_R2_P66,md,63,0.45,2,63709951,WQC0020
OV1369-R2,1369,OV1369_R2_P66,md,64,0.44,2,63709951,WQC0020
OV1369-R2,1369,OV1369_R2_P66,md,65,0.43,2,63709951,WQC0020
OV1369-R2,1369,OV1369_R2_P66,md,66,0.43,2,63709951,WQC0020
OV1369-R2,1369,OV1369_R2_P66,md,67,0.42,2,63709951,WQC0020
OV1369-R2,1369,OV1369_R2_P66,md,68,0.41,2,63709951,WQC0020
OV1369-R2,1369,OV1369_R2_P66,md,69,0.41,2,63709951,WQC0020
OV1369-R2,1369,OV1369_R2_P66,md,70,0.4,2,63709951,WQC0020
OV1369-R2,1369,OV1369_R2_P66,md,71,0.39,2,63709951,WQC0020
OV1369-R2,1369,OV1369_R2_P66,md,72,0.38,2,63709951,WQC0020
OV1369-R2,1369,OV1369_R2_P66,md,73,0.38,2,63709951,WQC0020
OV1369-R2,1369,OV1369_R2_P66,md,74,0.37,2,63709951,WQC0020
OV1369-R2,1369,OV1369_R2_P66,md,75,0.37,2,63709951,WQC0020
OV1369-R2,1369,OV1369_R2_P66,md,76,0.36,2,63709951,WQC0020
OV1369-R2,1369,OV1369_R2_P66,md,77,0.35,2,63709951,WQC0020
OV1369-R2,1369,OV1369_R2_P66,md,78,0.35,2,63709951,WQC0020
OV1369-R2,1369,OV1369_R2_P66,md,79,0.34,2,63709951,WQC0020
OV1369-R2,1369,OV1369_R2_P66,md,80,0.33,2,63709951,WQC0020
OV1369-R2,1369,OV1369_R2_P66,md,81,0.33,2,63709951,WQC0020
OV1369-R2,1369,OV1369_R2_P66,md,82,0.32,2,63709951,WQC0020
OV1369-R2,1369,OV1369_R2_P66,md,83,0.32,2,63709951,WQC0020
OV1369-R2,1369,OV1369_R2_P66,md,84,0.31,2,63709951,WQC0020
OV1369-R2,1369,OV1369_R2_P66,md,85,0.31,2,63709951,WQC0020
OV1369-R2,1369,OV1369_R2_P66,md,86,0.3,2,63709951,WQC0020
OV1369-R2,1369,OV1369_R2_P66,md,87,0.3,2,63709951,WQC0020
OV1369-R2,1369,OV1369_R2_P66,md,88,0.29,2,63709951,WQC0020
OV1369-R2,1369,OV1369_R2_P66,md,89,0.29,2,63709951,WQC0020
OV1369-R2,1369,OV1369_R2_P66,md,90,0.28,2,63709951,WQC0020
OV1369-R2,1369,OV1369_R2_P66,md,91,0.28,2,63709951,WQC0020
OV1369-R2,1369,OV1369_R2_P66,md,92,0.27,2,63709951,WQC0020
OV1369-R2,1369,OV1369_R2_P66,md,93,0.27,2,63709951,WQC0020
OV1369-R2,1369,OV1369_R2_P66,md,94,0.26,2,63709951,WQC0020
OV1369-R2,1369,OV1369_R2_P66,md,95,0.26,2,63709951,WQC0020
OV1369-R2,1369,OV1369_R2_P66,md,96,0.26,2,63709951,WQC0020
OV1369-R2,1369,OV1369_R2_P66,md,97,0.25,2,63709951,WQC0020
OV1369-R2,1369,OV1369_R2_P66,md,98,0.25,2,63709951,WQC0020
OV1369-R2,1369,OV1369_R2_P66,md,99,0.24,2,63709951,WQC0020
OV1369-R2,1369,OV1369_R2_P66,md,100,0.24,2,63709951,WQC0020
OV1369-R2,1369,OV1369_R2_P66,md,101,0.23,2,63709951,WQC0020
OV1369-R2,1369,OV1369_R2_P66,md,102,0.23,2,63709951,WQC0020
OV1369-R2,1369,OV1369_R2_P66,md,103,0.23,2,63709951,WQC0020
OV1369-R2,1369,OV1369_R2_P66,md,104,0.22,2,63709951,WQC0020
OV1369-R2,1369,OV1369_R2_P66,md,105,0.22,2,63709951,WQC0020
OV1369-R2,1369,OV1369_R2_P66,md,106,0.22,2,63709951,WQC0020
OV1369-R2,1369,OV1369_R2_P66,md,107,0.21,2,63709951,WQC0020
OV1369-R2,1369,OV1369_R2_P66,md,108,0.21,2,63709951,WQC0020
OV1369-R2,1369,OV1369_R2_P66,md,109,0.21,2,63709951,WQC0020
OV1369-R2,1369,OV1369_R2_P66,md,110,0.2,2,63709951,WQC0020
OV1369-R2,1369,OV1369_R2_P66,md,111,0.2,2,63709951,WQC0020
OV1369-R2,1369,OV1369_R2_P66,md,112,0.2,2,63709951,WQC0020
OV1369-R2,1369,OV1369_R2_P66,md,113,0.19,2,63709951,WQC0020
OV1369-R2,1369,OV1369_R2_P66,md,114,0.19,2,63709951,WQC0020
OV1369-R2,1369,OV1369_R2_P66,md,115,0.19,2,63709951,WQC0020
OV1369-R2,1369,OV1369_R2_P66,md,116,0.18,2,63709951,WQC0020
OV1369-R2,1369,OV1369_R2_P66,md,117,0.18,2,63709951,WQC0020
OV1369-R2,1369,OV1369_R2_P66,md,118,0.18,2,63709951,WQC0020
OV1369-R2,1369,OV1369_R2_P66,md,119,0.18,2,63709951,WQC0020
OV1369-R2,1369,OV1369_R2_P66,md,120,0.17,2,63709951,WQC0020
OV1369-R2,1369,OV1369_R2_P66,md,121,0.17,2,63709951,WQC0020
OV1369-R2,1369,OV1369_R2_P66,md,122,0.17,2,63709951,WQC0020
OV1369-R2,1369,OV1369_R2_P66,md,123,0.17,2,63709951,WQC0020
OV1369-R2,1369,OV1369_R2_P66,md,124,0.16,2,63709951,WQC0020
OV1369-R2,1369,OV1369_R2_P66,md,125,0.16,2,63709951,WQC0020
OV1369-R2,1369,OV1369_R2_P66,md,126,0.16,2,63709951,WQC0020
OV1369-R2,1369,OV1369_R2_P66,md,127,0.16,2,63709951,WQC0020
OV1369-R2,1369,OV1369_R2_P66,md,128,0.15,2,63709951,WQC0020
OV1369-R2,1369,OV1369_R2_P66,md,129,0.15,2,63709951,WQC0020
OV1369-R2,1369,OV1369_R2_P66,md,130,0.15,2,63709951,WQC0020
OV1369-R2,1369,OV1369_R2_P66,md,131,0.15,2,63709951,WQC0020
OV1369-R2,1369,OV1369_R2_P66,md,132,0.15,2,63709951,WQC0020
OV1369-R2,1369,OV1369_R2_P66,md,133,0.14,2,63709951,WQC0020
OV1369-R2,1369,OV1369_R2_P66,md,134,0.14,2,63709951,WQC0020
OV1369-R2,1369,OV1369_R2_P66,md,135,0.14,2,63709951,WQC0020
OV1369-R2,1369,OV1369_R2_P66,md,136,0.14,2,63709951,WQC0020
OV1369-R2,1369,OV1369_R2_P66,md,137,0.14,2,63709951,WQC0020
OV1369-R2,1369,OV1369_R2_P66,md,138,0.13,2,63709951,WQC0020
OV1369-R2,1369,OV1369_R2_P66,md,139,0.13,2,63709951,WQC0020
OV1369-R2,1369,OV1369_R2_P66,md,140,0.13,2,63709951,WQC0020
OV1369-R2,1369,OV1369_R2_P66,md,141,0.13,2,63709951,WQC0020
OV1369-R2,1369,OV1369_R2_P66,md,142,0.13,2,63709951,WQC0020
OV1369-R2,1369,OV1369_R2_P66,md,143,0.12,2,63709951,WQC0020
OV1369-R2,1369,OV1369_R2_P66,md,144,0.12,2,63709951,WQC0020
OV1369-R2,1369,OV1369_R2_P66,md,145,0.12,2,63709951,WQC0020
OV1369-R2,1369,OV1369_R2_P66,md,146,0.12,2,63709951,WQC0020
OV1369-R2,1369,OV1369_R2_P66,md,147,0.12,2,63709951,WQC0020
OV1369-R2,1369,OV1369_R2_P66,md,148,0.12,2,63709951,WQC0020
OV1369-R2,1369,OV1369_R2_P66,md,149,0.11,2,63709951,WQC0020
OV1369-R2,1369,OV1369_R2_P66,md,150,0.11,2,63709951,WQC0020
OV1369-R2,1369,OV1369_R2_P66,recal,0,1.0,2,63709444,WQC0023
OV1369-R2,1369,OV1369_R2_P66,recal,1,0.99,2,63709444,WQC0023
OV1369-R2,1369,OV1369_R2_P66,recal,2,0.99,2,63709444,WQC0023
OV1369-R2,1369,OV1369_R2_P66,recal,3,0.98,2,63709444,WQC0023
OV1369-R2,1369,OV1369_R2_P66,recal,4,0.98,2,63709444,WQC0023
OV1369-R2,1369,OV1369_R2_P66,recal,5,0.98,2,63709444,WQC0023
OV1369-R2,1369,OV1369_R2_P66,recal,6,0.97,2,63709444,WQC0023
OV1369-R2,1369,OV1369_R2_P66,recal,7,0.97,2,63709444,WQC0023
OV1369-R2,1369,OV1369_R2_P66,recal,8,0.96,2,63709444,WQC0023
OV1369-R2,1369,OV1369_R2_P66,recal,9,0.96,2,63709444,WQC0023
OV1369-R2,1369,OV1369_R2_P66,recal,10,0.95,2,63709444,WQC0023
OV1369-R2,1369,OV1369_R2_P66,recal,11,0.94,2,63709444,WQC0023
OV1369-R2,1369,OV1369_R2_P66,recal,12,0.94,2,63709444,WQC0023
OV1369-R2,1369,OV1369_R2_P66,recal,13,0.93,2,63709444,WQC0023
OV1369-R2,1369,OV1369_R2_P66,recal,14,0.92,2,63709444,WQC0023
OV1369-R2,1369,OV1369_R2_P66,recal,15,0.91,2,63709444,WQC0023
OV1369-R2,1369,OV1369_R2_P66,recal,16,0.91,2,63709444,WQC0023
OV1369-R2,1369,OV1369_R2_P66,recal,17,0.9,2,63709444,WQC0023
OV1369-R2,1369,OV1369_R2_P66,recal,18,0.89,2,63709444,WQC0023
OV1369-R2,1369,OV1369_R2_P66,recal,19,0.88,2,63709444,WQC0023
OV1369-R2,1369,OV1369_R2_P66,recal,20,0.87,2,63709444,WQC0023
OV1369-R2,1369,OV1369_R2_P66,recal,21,0.86,2,63709444,WQC0023
OV1369-R2,1369,OV1369_R2_P66,recal,22,0.85,2,63709444,WQC0023
OV1369-R2,1369,OV1369_R2_P66,recal,23,0.84,2,63709444,WQC0023
OV1369-R2,1369,OV1369_R2_P66,recal,24,0.83,2,63709444,WQC0023
OV1369-R2,1369,OV1369_R2_P66,recal,25,0.82,2,63709444,WQC0023
OV1369-R2,1369,OV1369_R2_P66,recal,26,0.81,2,63709444,WQC0023
OV1369-R2,1369,OV1369_R2_P66,recal,27,0.8,2,63709444,WQC0023
OV1369-R2,1369,OV1369_R2_P66,recal,28,0.79,2,63709444,WQC0023
OV1369-R2,1369,OV1369_R2_P66,recal,29,0.78,2,63709444,WQC0023
OV1369-R2,1369,OV1369_R2_P66,recal,30,0.77,2,63709444,WQC0023
OV1369-R2,1369,OV1369_R2_P66,recal,31,0.76,2,63709444,WQC0023
OV1369-R2,1369,OV1369_R2_P66,recal,32,0.75,2,63709444,WQC0023
OV1369-R2,1369,OV1369_R2_P66,recal,33,0.73,2,63709444,WQC0023
OV1369-R2,1369,OV1369_R2_P66,recal,34,0.72,2,63709444,WQC0023
OV1369-R2,1369,OV1369_R2_P66,recal,35,0.71,2,63709444,WQC0023
OV1369-R2,1369,OV1369_R2_P66,recal,36,0.7,2,63709444,WQC0023
OV1369-R2,1369,OV1369_R2_P66,recal,37,0.69,2,63709444,WQC0023
OV1369-R2,1369,OV1369_R2_P66,recal,38,0.68,2,63709444,WQC0023
OV1369-R2,1369,OV1369_R2_P66,recal,39,0.67,2,63709444,WQC0023
OV1369-R2,1369,OV1369_R2_P66,recal,40,0.66,2,63709444,WQC0023
OV1369-R2,1369,OV1369_R2_P66,recal,41,0.65,2,63709444,WQC0023
OV1369-R2,1369,OV1369_R2_P66,recal,42,0.64,2,63709444,WQC0023
OV1369-R2,1369,OV1369_R2_P66,recal,43,0.63,2,63709444,WQC0023
OV1369-R2,1369,OV1369_R2_P66,recal,44,0.62,2,63709444,WQC0023
OV1369-R2,1369,OV1369_R2_P66,recal,45,0.61,2,63709444,WQC0023
OV1369-R2,1369,OV1369_R2_P66,recal,46,0.6,2,63709444,WQC0023
OV1369-R2,1369,OV1369_R2_P66,recal,47,0.59,2,63709444,WQC0023
OV1369-R2,1369,OV1369_R2_P66,recal,48,0.58,2,63709444,WQC0023
OV1369-R2,1369,OV1369_R2_P66,recal,49,0.57,2,63709444,WQC0023
OV1369-R2,1369,OV1369_R2_P66,recal,50,0.56,2,63709444,WQC0023
OV1369-R2,1369,OV1369_R2_P66,recal,51,0.55,2,63709444,WQC0023
OV1369-R2,1369,OV1369_R2_P66,recal,52,0.54,2,63709444,WQC0023
OV1369-R2,1369,OV1369_R2_P66,recal,53,0.53,2,63709444,WQC0023
OV1369-R2,1369,OV1369_R2_P66,recal,54,0.53,2,63709444,WQC0023
OV1369-R2,1369,OV1369_R2_P66,recal,55,0.52,2,63709444,WQC0023
OV1369-R2,1369,OV1369_R2_P66,recal,56,0.51,2,63709444,WQC0023
OV1369-R2,1369,OV1369_R2_P66,recal,57,0.5,2,63709444,WQC0023
OV1369-R2,1369,OV1369_R2_P66,recal,58,0.49,2,63709444,WQC0023
OV1369-R2,1369,OV1369_R2_P66,recal,59,0.48,2,63709444,WQC0023
OV1369-R2,1369,OV1369_R2_P66,recal,60,0.47,2,63709444,WQC0023
OV1369-R2,1369,OV1369_R2_P66,recal,61,0.47,2,63709444,WQC0023
OV1369-R2,1369,OV1369_R2_P66,recal,62,0.46,2,63709444,WQC0023
OV1369-R2,1369,OV1369_R2_P66,recal,63,0.45,2,63709444,WQC0023
OV1369-R2,1369,OV1369_R2_P66,recal,64,0.44,2,63709444,WQC0023
OV1369-R2,1369,OV1369_R2_P66,recal,65,0.43,2,63709444,WQC0023
OV1369-R2,1369,OV1369_R2_P66,recal,66,0.43,2,63709444,WQC0023
OV1369-R2,1369,OV1369_R2_P66,recal,67,0.42,2,63709444,WQC0023
OV1369-R2,1369,OV1369_R2_P66,recal,68,0.41,2,63709444,WQC0023
OV1369-R2,1369,OV1369_R2_P66,recal,69,0.41,2,63709444,WQC0023
OV1369-R2,1369,OV1369_R2_P66,recal,70,0.4,2,63709444,WQC0023
OV1369-R2,1369,OV1369_R2_P66,recal,71,0.39,2,63709444,WQC0023
OV1369-R2,1369,OV1369_R2_P66,recal,72,0.38,2,63709444,WQC0023
OV1369-R2,1369,OV1369_R2_P66,recal,73,0.38,2,63709444,WQC0023
OV1369-R2,1369,OV1369_R2_P66,recal,74,0.37,2,63709444,WQC0023
OV1369-R2,1369,OV1369_R2_P66,recal,75,0.37,2,63709444,WQC0023
OV1369-R2,1369,OV1369_R2_P66,recal,76,0.36,2,63709444,WQC0023
OV1369-R2,1369,OV1369_R2_P66,recal,77,0.35,2,63709444,WQC0023
OV1369-R2,1369,OV1369_R2_P66,recal,78,0.35,2,63709444,WQC0023
OV1369-R2,1369,OV1369_R2_P66,recal,79,0.34,2,63709444,WQC0023
OV1369-R2,1369,OV1369_R2_P66,recal,80,0.33,2,63709444,WQC0023
OV1369-R2,1369,OV1369_R2_P66,recal,81,0.33,2,63709444,WQC0023
OV1369-R2,1369,OV1369_R2_P66,recal,82,0.32,2,63709444,WQC0023
OV1369-R2,1369,OV1369_R2_P66,recal,83,0.32,2,63709444,WQC0023
OV1369-R2,1369,OV1369_R2_P66,recal,84,0.31,2,63709444,WQC0023
OV1369-R2,1369,OV1369_R2_P66,recal,85,0.31,2,63709444,WQC0023
OV1369-R2,1369,OV1369_R2_P66,recal,86,0.3,2,63709444,WQC0023
OV1369-R2,1369,OV1369_R2_P66,recal,87,0.3,2,63709444,WQC0023
OV1369-R2,1369,OV1369_R2_P66,recal,88,0.29,2,63709444,WQC0023
OV1369-R2,1369,OV1369_R2_P66,recal,89,0.29,2,63709444,WQC0023
OV1369-R2,1369,OV1369_R2_P66,recal,90,0.28,2,63709444,WQC0023
OV1369-R2,1369,OV1369_R2_P66,recal,91,0.28,2,63709444,WQC0023
OV1369-R2,1369,OV1369_R2_P66,recal,92,0.27,2,63709444,WQC0023
OV1369-R2,1369,OV1369_R2_P66,recal,93,0.27,2,63709444,WQC0023
OV1369-R2,1369,OV1369_R2_P66,recal,94,0.26,2,63709444,WQC0023
OV1369-R2,1369,OV1369_R2_P66,recal,95,0.26,2,63709444,WQC0023
OV1369-R2,1369,OV1369_R2_P66,recal,96,0.26,2,63709444,WQC0023
OV1369-R2,1369,OV1369_R2_P66,recal,97,0.25,2,63709444,WQC0023
OV1369-R2,1369,OV1369_R2_P66,recal,98,0.25,2,63709444,WQC0023
OV1369-R2,1369,OV1369_R2_P66,recal,99,0.24,2,63709444,WQC0023
OV1369-R2,1369,OV1369_R2_P66,recal,100,0.24,2,63709444,WQC0023
OV1369-R2,1369,OV1369_R2_P66,recal,101,0.23,2,63709444,WQC0023
OV1369-R2,1369,OV1369_R2_P66,recal,102,0.23,2,63709444,WQC0023
OV1369-R2,1369,OV1369_R2_P66,recal,103,0.23,2,63709444,WQC0023
OV1369-R2,1369,OV1369_R2_P66,recal,104,0.22,2,63709444,WQC0023
OV1369-R2,1369,OV1369_R2_P66,recal,105,0.22,2,63709444,WQC0023
OV1369-R2,1369,OV1369_R2_P66,recal,106,0.22,2,63709444,WQC0023
OV1369-R2,1369,OV1369_R2_P66,recal,107,0.21,2,63709444,WQC0023
OV1369-R2,1369,OV1369_R2_P66,recal,108,0.21,2,63709444,WQC0023
OV1369-R2,1369,OV1369_R2_P66,recal,109,0.21,2,63709444,WQC0023
OV1369-R2,1369,OV1369_R2_P66,recal,110,0.2,2,63709444,WQC0023
OV1369-R2,1369,OV1369_R2_P66,recal,111,0.2,2,63709444,WQC0023
OV1369-R2,1369,OV1369_R2_P66,recal,112,0.2,2,63709444,WQC0023
OV1369-R2,1369,OV1369_R2_P66,recal,113,0.19,2,63709444,WQC0023
OV1369-R2,1369,OV1369_R2_P66,recal,114,0.19,2,63709444,WQC0023
OV1369-R2,1369,OV1369_R2_P66,recal,115,0.19,2,63709444,WQC0023
OV1369-R2,1369,OV1369_R2_P66,recal,116,0.18,2,63709444,WQC0023
OV1369-R2,1369,OV1369_R2_P66,recal,117,0.18,2,63709444,WQC0023
OV1369-R2,1369,OV1369_R2_P66,recal,118,0.18,2,63709444,WQC0023
OV1369-R2,1369,OV1369_R2_P66,recal,119,0.18,2,63709444,WQC0023
OV1369-R2,1369,OV1369_R2_P66,recal,120,0.17,2,63709444,WQC0023
OV1369-R2,1369,OV1369_R2_P66,recal,121,0.17,2,63709444,WQC0023
OV1369-R2,1369,OV1369_R2_P66,recal,122,0.17,2,63709444,WQC0023
OV1369-R2,1369,OV1369_R2_P66,recal,123,0.17,2,63709444,WQC0023
OV1369-R2,1369,OV1369_R2_P66,recal,124,0.16,2,63709444,WQC0023
OV1369-R2,1369,OV1369_R2_P66,recal,125,0.16,2,63709444,WQC0023
OV1369-R2,1369,OV1369_R2_P66,recal,126,0.16,2,63709444,WQC0023
OV1369-R2,1369,OV1369_R2_P66,recal,127,0.16,2,63709444,WQC0023
OV1369-R2,1369,OV1369_R2_P66,recal,128,0.15,2,63709444,WQC0023
OV1369-R2,1369,OV1369_R2_P66,recal,129,0.15,2,63709444,WQC0023
OV1369-R2,1369,OV1369_R2_P66,recal,130,0.15,2,63709444,WQC0023
OV1369-R2,1369,OV1369_R2_P66,recal,131,0.15,2,63709444,WQC0023
OV1369-R2,1369,OV1369_R2_P66,recal,132,0.15,2,63709444,WQC0023
OV1369-R2,1369,OV1369_R2_P66,recal,133,0.14,2,63709444,WQC0023
OV1369-R2,1369,OV1369_R2_P66,recal,134,0.14,2,63709444,WQC0023
OV1369-R2,1369,OV1369_R2_P66,recal,135,0.14,2,63709444,WQC0023
OV1369-R2,1369,OV1369_R2_P66,recal,136,0.14,2,63709444,WQC0023
OV1369-R2,1369,OV1369_R2_P66,recal,137,0.14,2,63709444,WQC0023
OV1369-R2,1369,OV1369_R2_P66,recal,138,0.13,2,63709444,WQC0023
OV1369-R2,1369,OV1369_R2_P66,recal,139,0.13,2,63709444,WQC0023
OV1369-R2,1369,OV1369_R2_P66,recal,140,0.13,2,63709444,WQC0023
OV1369-R2,1369,OV1369_R2_P66,recal,141,0.13,2,63709444,WQC0023
OV1369-R2,1369,OV1369_R2_P66,recal,142,0.13,2,63709444,WQC0023
OV1369-R2,1369,OV1369_R2_P66,recal,143,0.12,2,63709444,WQC0023
OV1369-R2,1369,OV1369_R2_P66,recal,144,0.12,2,63709444,WQC0023
OV1369-R2,1369,OV1369_R2_P66,recal,145,0.12,2,63709444,WQC0023
OV1369-R2,1369,OV1369_R2_P66,recal,146,0.12,2,63709444,WQC0023
OV1369-R2,1369,OV1369_R2_P66,recal,147,0.12,2,63709444,WQC0023
OV1369-R2,1369,OV1369_R2_P66,recal,148,0.12,2,63709444,WQC0023
OV1369-R2,1369,OV1369_R2_P66,recal,149,0.11,2,63709444,WQC0023
OV1369-R2,1369,OV1369_R2_P66,recal,150,0.11,2,63709444,WQC0023
OV2085,OV2085,OV2085_P64,md,0,1.0,2,63709951,WQC0028
OV2085,OV2085,OV2085_P64,md,1,0.99,2,63709951,WQC0028
OV2085,OV2085,OV2085_P64,md,2,0.99,2,63709951,WQC0028
OV2085,OV2085,OV2085_P64,md,3,0.99,2,63709951,WQC0028
OV2085,OV2085,OV2085_P64,md,4,0.98,2,63709951,WQC0028
OV2085,OV2085,OV2085_P64,md,5,0.98,2,63709951,WQC0028
OV2085,OV2085,OV2085_P64,md,6,0.98,2,63709951,WQC0028
OV2085,OV2085,OV2085_P64,md,7,0.97,2,63709951,WQC0028
OV2085,OV2085,OV2085_P64,md,8,0.97,2,63709951,WQC0028
OV2085,OV2085,OV2085_P64,md,9,0.97,2,63709951,WQC0028
OV2085,OV2085,OV2085_P64,md,10,0.96,2,63709951,WQC0028
OV2085,OV2085,OV2085_P64,md,11,0.96,2,63709951,WQC0028
OV2085,OV2085,OV2085_P64,md,12,0.95,2,63709951,WQC0028
OV2085,OV2085,OV2085_P64,md,13,0.95,2,63709951,WQC0028
OV2085,OV2085,OV2085_P64,md,14,0.94,2,63709951,WQC0028
OV2085,OV2085,OV2085_P64,md,15,0.93,2,63709951,WQC0028
OV2085,OV2085,OV2085_P64,md,16,0.93,2,63709951,WQC0028
OV2085,OV2085,OV2085_P64,md,17,0.92,2,63709951,WQC0028
OV2085,OV2085,OV2085_P64,md,18,0.91,2,63709951,WQC0028
OV2085,OV2085,OV2085_P64,md,19,0.91,2,63709951,WQC0028
OV2085,OV2085,OV2085_P64,md,20,0.9,2,63709951,WQC0028
OV2085,OV2085,OV2085_P64,md,21,0.89,2,63709951,WQC0028
OV2085,OV2085,OV2085_P64,md,22,0.88,2,63709951,WQC0028
OV2085,OV2085,OV2085_P64,md,23,0.87,2,63709951,WQC0028
OV2085,OV2085,OV2085_P64,md,24,0.86,2,63709951,WQC0028
OV2085,OV2085,OV2085_P64,md,25,0.85,2,63709951,WQC0028
OV2085,OV2085,OV2085_P64,md,26,0.84,2,63709951,WQC0028
OV2085,OV2085,OV2085_P64,md,27,0.83,2,63709951,WQC0028
OV2085,OV2085,OV2085_P64,md,28,0.82,2,63709951,WQC0028
OV2085,OV2085,OV2085_P64,md,29,0.8,2,63709951,WQC0028
OV2085,OV2085,OV2085_P64,md,30,0.79,2,63709951,WQC0028
OV2085,OV2085,OV2085_P64,md,31,0.78,2,63709951,WQC0028
OV2085,OV2085,OV2085_P64,md,32,0.77,2,63709951,WQC0028
OV2085,OV2085,OV2085_P64,md,33,0.76,2,63709951,WQC0028
OV2085,OV2085,OV2085_P64,md,34,0.75,2,63709951,WQC0028
OV2085,OV2085,OV2085_P64,md,35,0.73,2,63709951,WQC0028
OV2085,OV2085,OV2085_P64,md,36,0.72,2,63709951,WQC0028
OV2085,OV2085,OV2085_P64,md,37,0.71,2,63709951,WQC0028
OV2085,OV2085,OV2085_P64,md,38,0.7,2,63709951,WQC0028
OV2085,OV2085,OV2085_P64,md,39,0.68,2,63709951,WQC0028
OV2085,OV2085,OV2085_P64,md,40,0.67,2,63709951,WQC0028
OV2085,OV2085,OV2085_P64,md,41,0.66,2,63709951,WQC0028
OV2085,OV2085,OV2085_P64,md,42,0.65,2,63709951,WQC0028
OV2085,OV2085,OV2085_P64,md,43,0.63,2,63709951,WQC0028
OV2085,OV2085,OV2085_P64,md,44,0.62,2,63709951,WQC0028
OV2085,OV2085,OV2085_P64,md,45,0.61,2,63709951,WQC0028
OV2085,OV2085,OV2085_P64,md,46,0.6,2,63709951,WQC0028
OV2085,OV2085,OV2085_P64,md,47,0.59,2,63709951,WQC0028
OV2085,OV2085,OV2085_P64,md,48,0.58,2,63709951,WQC0028
OV2085,OV2085,OV2085_P64,md,49,0.56,2,63709951,WQC0028
OV2085,OV2085,OV2085_P64,md,50,0.55,2,63709951,WQC0028
OV2085,OV2085,OV2085_P64,md,51,0.54,2,63709951,WQC0028
OV2085,OV2085,OV2085_P64,md,52,0.53,2,63709951,WQC0028
OV2085,OV2085,OV2085_P64,md,53,0.52,2,63709951,WQC0028
OV2085,OV2085,OV2085_P64,md,54,0.51,2,63709951,WQC0028
OV2085,OV2085,OV2085_P64,md,55,0.5,2,63709951,WQC0028
OV2085,OV2085,OV2085_P64,md,56,0.49,2,63709951,WQC0028
OV2085,OV2085,OV2085_P64,md,57,0.48,2,63709951,WQC0028
OV2085,OV2085,OV2085_P64,md,58,0.47,2,63709951,WQC0028
OV2085,OV2085,OV2085_P64,md,59,0.46,2,63709951,WQC0028
OV2085,OV2085,OV2085_P64,md,60,0.45,2,63709951,WQC0028
OV2085,OV2085,OV2085_P64,md,61,0.44,2,63709951,WQC0028
OV2085,OV2085,OV2085_P64,md,62,0.43,2,63709951,WQC0028
OV2085,OV2085,OV2085_P64,md,63,0.42,2,63709951,WQC0028
OV2085,OV2085,OV2085_P64,md,64,0.41,2,63709951,WQC0028
OV2085,OV2085,OV2085_P64,md,65,0.4,2,63709951,WQC0028
OV2085,OV2085,OV2085_P64,md,66,0.39,2,63709951,WQC0028
OV2085,OV2085,OV2085_P64,md,67,0.38,2,63709951,WQC0028
OV2085,OV2085,OV2085_P64,md,68,0.38,2,63709951,WQC0028
OV2085,OV2085,OV2085_P64,md,69,0.37,2,63709951,WQC0028
OV2085,OV2085,OV2085_P64,md,70,0.36,2,63709951,WQC0028
OV2085,OV2085,OV2085_P64,md,71,0.35,2,63709951,WQC0028
OV2085,OV2085,OV2085_P64,md,72,0.34,2,63709951,WQC0028
OV2085,OV2085,OV2085_P64,md,73,0.34,2,63709951,WQC0028
OV2085,OV2085,OV2085_P64,md,74,0.33,2,63709951,WQC0028
OV2085,OV2085,OV2085_P64,md,75,0.32,2,63709951,WQC0028
OV2085,OV2085,OV2085_P64,md,76,0.31,2,63709951,WQC0028
OV2085,OV2085,OV2085_P64,md,77,0.31,2,63709951,WQC0028
OV2085,OV2085,OV2085_P64,md,78,0.3,2,63709951,WQC0028
OV2085,OV2085,OV2085_P64,md,79,0.29,2,63709951,WQC0028
OV2085,OV2085,OV2085_P64,md,80,0.29,2,63709951,WQC0028
OV2085,OV2085,OV2085_P64,md,81,0.28,2,63709951,WQC0028
OV2085,OV2085,OV2085_P64,md,82,0.27,2,63709951,WQC0028
OV2085,OV2085,OV2085_P64,md,83,0.27,2,63709951,WQC0028
OV2085,OV2085,OV2085_P64,md,84,0.26,2,63709951,WQC0028
OV2085,OV2085,OV2085_P64,md,85,0.26,2,63709951,WQC0028
OV2085,OV2085,OV2085_P64,md,86,0.25,2,63709951,WQC0028
OV2085,OV2085,OV2085_P64,md,87,0.25,2,63709951,WQC0028
OV2085,OV2085,OV2085_P64,md,88,0.24,2,63709951,WQC0028
OV2085,OV2085,OV2085_P64,md,89,0.24,2,63709951,WQC0028
OV2085,OV2085,OV2085_P64,md,90,0.23,2,63709951,WQC0028
OV2085,OV2085,OV2085_P64,md,91,0.23,2,63709951,WQC0028
OV2085,OV2085,OV2085_P64,md,92,0.22,2,63709951,WQC0028
OV2085,OV2085,OV2085_P64,md,93,0.22,2,63709951,WQC0028
OV2085,OV2085,OV2085_P64,md,94,0.21,2,63709951,WQC0028
OV2085,OV2085,OV2085_P64,md,95,0.21,2,63709951,WQC0028
OV2085,OV2085,OV2085_P64,md,96,0.2,2,63709951,WQC0028
OV2085,OV2085,OV2085_P64,md,97,0.2,2,63709951,WQC0028
OV2085,OV2085,OV2085_P64,md,98,0.19,2,63709951,WQC0028
OV2085,OV2085,OV2085_P64,md,99,0.19,2,63709951,WQC0028
OV2085,OV2085,OV2085_P64,md,100,0.19,2,63709951,WQC0028
OV2085,OV2085,OV2085_P64,md,101,0.18,2,63709951,WQC0028
OV2085,OV2085,OV2085_P64,md,102,0.18,2,63709951,WQC0028
OV2085,OV2085,OV2085_P64,md,103,0.18,2,63709951,WQC0028
OV2085,OV2085,OV2085_P64,md,104,0.17,2,63709951,WQC0028
OV2085,OV2085,OV2085_P64,md,105,0.17,2,63709951,WQC0028
OV2085,OV2085,OV2085_P64,md,106,0.17,2,63709951,WQC0028
OV2085,OV2085,OV2085_P64,md,107,0.16,2,63709951,WQC0028
OV2085,OV2085,OV2085_P64,md,108,0.16,2,63709951,WQC0028
OV2085,OV2085,OV2085_P64,md,109,0.16,2,63709951,WQC0028
OV2085,OV2085,OV2085_P64,md,110,0.15,2,63709951,WQC0028
OV2085,OV2085,OV2085_P64,md,111,0.15,2,63709951,WQC0028
OV2085,OV2085,OV2085_P64,md,112,0.15,2,63709951,WQC0028
OV2085,OV2085,OV2085_P64,md,113,0.14,2,63709951,WQC0028
OV2085,OV2085,OV2085_P64,md,114,0.14,2,63709951,WQC0028
OV2085,OV2085,OV2085_P64,md,115,0.14,2,63709951,WQC0028
OV2085,OV2085,OV2085_P64,md,116,0.14,2,63709951,WQC0028
OV2085,OV2085,OV2085_P64,md,117,0.13,2,63709951,WQC0028
OV2085,OV2085,OV2085_P64,md,118,0.13,2,63709951,WQC0028
OV2085,OV2085,OV2085_P64,md,119,0.13,2,63709951,WQC0028
OV2085,OV2085,OV2085_P64,md,120,0.13,2,63709951,WQC0028
OV2085,OV2085,OV2085_P64,md,121,0.12,2,63709951,WQC0028
OV2085,OV2085,OV2085_P64,md,122,0.12,2,63709951,WQC0028
OV2085,OV2085,OV2085_P64,md,123,0.12,2,63709951,WQC0028
OV2085,OV2085,OV2085_P64,md,124,0.12,2,63709951,WQC0028
OV2085,OV2085,OV2085_P64,md,125,0.11,2,63709951,WQC0028
OV2085,OV2085,OV2085_P64,md,126,0.11,2,63709951,WQC0028
OV2085,OV2085,OV2085_P64,md,127,0.11,2,63709951,WQC0028
OV2085,OV2085,OV2085_P64,md,128,0.11,2,63709951,WQC0028
OV2085,OV2085,OV2085_P64,md,129,0.11,2,63709951,WQC0028
OV2085,OV2085,OV2085_P64,md,130,0.1,2,63709951,WQC0028
OV2085,OV2085,OV2085_P64,md,131,0.1,2,63709951,WQC0028
OV2085,OV2085,OV2085_P64,md,132,0.1,2,63709951,WQC0028
OV2085,OV2085,OV2085_P64,md,133,0.1,2,63709951,WQC0028
OV2085,OV2085,OV2085_P64,md,134,0.1,2,63709951,WQC0028
OV2085,OV2085,OV2085_P64,md,135,0.1,2,63709951,WQC0028
OV2085,OV2085,OV2085_P64,md,136,0.09,2,63709951,WQC0028
OV2085,OV2085,OV2085_P64,md,137,0.09,2,63709951,WQC0028
OV2085,OV2085,OV2085_P64,md,138,0.09,2,63709951,WQC0028
OV2085,OV2085,OV2085_P64,md,139,0.09,2,63709951,WQC0028
OV2085,OV2085,OV2085_P64,md,140,0.09,2,63709951,WQC0028
OV2085,OV2085,OV2085_P64,md,141,0.09,2,63709951,WQC0028
OV2085,OV2085,OV2085_P64,md,142,0.09,2,63709951,WQC0028
OV2085,OV2085,OV2085_P64,md,143,0.08,2,63709951,WQC0028
OV2085,OV2085,OV2085_P64,md,144,0.08,2,63709951,WQC0028
OV2085,OV2085,OV2085_P64,md,145,0.08,2,63709951,WQC0028
OV2085,OV2085,OV2085_P64,md,146,0.08,2,63709951,WQC0028
OV2085,OV2085,OV2085_P64,md,147,0.08,2,63709951,WQC0028
OV2085,OV2085,OV2085_P64,md,148,0.08,2,63709951,WQC0028
OV2085,OV2085,OV2085_P64,md,149,0.08,2,63709951,WQC0028
OV2085,OV2085,OV2085_P64,md,150,0.08,2,63709951,WQC0028
OV2085,OV2085,OV2085_P64,recal,0,1.0,2,63709444,WQC0031
OV2085,OV2085,OV2085_P64,recal,1,0.99,2,63709444,WQC0031
OV2085,OV2085,OV2085_P64,recal,2,0.99,2,63709444,WQC0031
OV2085,OV2085,OV2085_P64,recal,3,0.99,2,63709444,WQC0031
OV2085,OV2085,OV2085_P64,recal,4,0.98,2,63709444,WQC0031
OV2085,OV2085,OV2085_P64,recal,5,0.98,2,63709444,WQC0031
OV2085,OV2085,OV2085_P64,recal,6,0.98,2,63709444,WQC0031
OV2085,OV2085,OV2085_P64,recal,7,0.97,2,63709444,WQC0031
OV2085,OV2085,OV2085_P64,recal,8,0.97,2,63709444,WQC0031
OV2085,OV2085,OV2085_P64,recal,9,0.97,2,63709444,WQC0031
OV2085,OV2085,OV2085_P64,recal,10,0.96,2,63709444,WQC0031
OV2085,OV2085,OV2085_P64,recal,11,0.96,2,63709444,WQC0031
OV2085,OV2085,OV2085_P64,recal,12,0.95,2,63709444,WQC0031
OV2085,OV2085,OV2085_P64,recal,13,0.95,2,63709444,WQC0031
OV2085,OV2085,OV2085_P64,recal,14,0.94,2,63709444,WQC0031
OV2085,OV2085,OV2085_P64,recal,15,0.93,2,63709444,WQC0031
OV2085,OV2085,OV2085_P64,recal,16,0.93,2,63709444,WQC0031
OV2085,OV2085,OV2085_P64,recal,17,0.92,2,63709444,WQC0031
OV2085,OV2085,OV2085_P64,recal,18,0.91,2,63709444,WQC0031
OV2085,OV2085,OV2085_P64,recal,19,0.91,2,63709444,WQC0031
OV2085,OV2085,OV2085_P64,recal,20,0.9,2,63709444,WQC0031
OV2085,OV2085,OV2085_P64,recal,21,0.89,2,63709444,WQC0031
OV2085,OV2085,OV2085_P64,recal,22,0.88,2,63709444,WQC0031
OV2085,OV2085,OV2085_P64,recal,23,0.87,2,63709444,WQC0031
OV2085,OV2085,OV2085_P64,recal,24,0.86,2,63709444,WQC0031
OV2085,OV2085,OV2085_P64,recal,25,0.85,2,63709444,WQC0031
OV2085,OV2085,OV2085_P64,recal,26,0.84,2,63709444,WQC0031
OV2085,OV2085,OV2085_P64,recal,27,0.83,2,63709444,WQC0031
OV2085,OV2085,OV2085_P64,recal,28,0.82,2,63709444,WQC0031
OV2085,OV2085,OV2085_P64,recal,29,0.8,2,63709444,WQC0031
OV2085,OV2085,OV2085_P64,recal,30,0.79,2,63709444,WQC0031
OV2085,OV2085,OV2085_P64,recal,31,0.78,2,63709444,WQC0031
OV2085,OV2085,OV2085_P64,recal,32,0.77,2,63709444,WQC0031
OV2085,OV2085,OV2085_P64,recal,33,0.76,2,63709444,WQC0031
OV2085,OV2085,OV2085_P64,recal,34,0.75,2,63709444,WQC0031
OV2085,OV2085,OV2085_P64,recal,35,0.73,2,63709444,WQC0031
OV2085,OV2085,OV2085_P64,recal,36,0.72,2,63709444,WQC0031
OV2085,OV2085,OV2085_P64,recal,37,0.71,2,63709444,WQC0031
OV2085,OV2085,OV2085_P64,recal,38,0.7,2,63709444,WQC0031
OV2085,OV2085,OV2085_P64,recal,39,0.68,2,63709444,WQC0031
OV2085,OV2085,OV2085_P64,recal,40,0.67,2,63709444,WQC0031
OV2085,OV2085,OV2085_P64,recal,41,0.66,2,63709444,WQC0031
OV2085,OV2085,OV2085_P64,recal,42,0.65,2,63709444,WQC0031
OV2085,OV2085,OV2085_P64,recal,43,0.63,2,63709444,WQC0031
OV2085,OV2085,OV2085_P64,recal,44,0.62,2,63709444,WQC0031
OV2085,OV2085,OV2085_P64,recal,45,0.61,2,63709444,WQC0031
OV2085,OV2085,OV2085_P64,recal,46,0.6,2,63709444,WQC0031
OV2085,OV2085,OV2085_P64,recal,47,0.59,2,63709444,WQC0031
OV2085,OV2085,OV2085_P64,recal,48,0.58,2,63709444,WQC0031
OV2085,OV2085,OV2085_P64,recal,49,0.56,2,63709444,WQC0031
OV2085,OV2085,OV2085_P64,recal,50,0.55,2,63709444,WQC0031
OV2085,OV2085,OV2085_P64,recal,51,0.54,2,63709444,WQC0031
OV2085,OV2085,OV2085_P64,recal,52,0.53,2,63709444,WQC0031
OV2085,OV2085,OV2085_P64,recal,53,0.52,2,63709444,WQC0031
OV2085,OV2085,OV2085_P64,recal,54,0.51,2,63709444,WQC0031
OV2085,OV2085,OV2085_P64,recal,55,0.5,2,63709444,WQC0031
OV2085,OV2085,OV2085_P64,recal,56,0.49,2,63709444,WQC0031
OV2085,OV2085,OV2085_P64,recal,57,0.48,2,63709444,WQC0031
OV2085,OV2085,OV2085_P64,recal,58,0.47,2,63709444,WQC0031
OV2085,OV2085,OV2085_P64,recal,59,0.46,2,63709444,WQC0031
OV2085,OV2085,OV2085_P64,recal,60,0.45,2,63709444,WQC0031
OV2085,OV2085,OV2085_P64,recal,61,0.44,2,63709444,WQC0031
OV2085,OV2085,OV2085_P64,recal,62,0.43,2,63709444,WQC0031
OV2085,OV2085,OV2085_P64,recal,63,0.42,2,63709444,WQC0031
OV2085,OV2085,OV2085_P64,recal,64,0.41,2,63709444,WQC0031
OV2085,OV2085,OV2085_P64,recal,65,0.4,2,63709444,WQC0031
OV2085,OV2085,OV2085_P64,recal,66,0.39,2,63709444,WQC0031
OV2085,OV2085,OV2085_P64,recal,67,0.38,2,63709444,WQC0031
OV2085,OV2085,OV2085_P64,recal,68,0.38,2,63709444,WQC0031
OV2085,OV2085,OV2085_P64,recal,69,0.37,2,63709444,WQC0031
OV2085,OV2085,OV2085_P64,recal,70,0.36,2,63709444,WQC0031
OV2085,OV2085,OV2085_P64,recal,71,0.35,2,63709444,WQC0031
OV2085,OV2085,OV2085_P64,recal,72,0.34,2,63709444,WQC0031
OV2085,OV2085,OV2085_P64,recal,73,0.34,2,63709444,WQC0031
OV2085,OV2085,OV2085_P64,recal,74,0.33,2,63709444,WQC0031
OV2085,OV2085,OV2085_P64,recal,75,0.32,2,63709444,WQC0031
OV2085,OV2085,OV2085_P64,recal,76,0.31,2,63709444,WQC0031
OV2085,OV2085,OV2085_P64,recal,77,0.31,2,63709444,WQC0031
OV2085,OV2085,OV2085_P64,recal,78,0.3,2,63709444,WQC0031
OV2085,OV2085,OV2085_P64,recal,79,0.29,2,63709444,WQC0031
OV2085,OV2085,OV2085_P64,recal,80,0.29,2,63709444,WQC0031
OV2085,OV2085,OV2085_P64,recal,81,0.28,2,63709444,WQC0031
OV2085,OV2085,OV2085_P64,recal,82,0.28,2,63709444,WQC0031
OV2085,OV2085,OV2085_P64,recal,83,0.27,2,63709444,WQC0031
OV2085,OV2085,OV2085_P64,recal,84,0.26,2,63709444,WQC0031
OV2085,OV2085,OV2085_P64,recal,85,0.26,2,63709444,WQC0031
OV2085,OV2085,OV2085_P64,recal,86,0.25,2,63709444,WQC0031
OV2085,OV2085,OV2085_P64,recal,87,0.25,2,63709444,WQC0031
OV2085,OV2085,OV2085_P64,recal,88,0.24,2,63709444,WQC0031
OV2085,OV2085,OV2085_P64,recal,89,0.24,2,63709444,WQC0031
OV2085,OV2085,OV2085_P64,recal,90,0.23,2,63709444,WQC0031
OV2085,OV2085,OV2085_P64,recal,91,0.23,2,63709444,WQC0031
OV2085,OV2085,OV2085_P64,recal,92,0.22,2,63709444,WQC0031
OV2085,OV2085,OV2085_P64,recal,93,0.22,2,63709444,WQC0031
OV2085,OV2085,OV2085_P64,recal,94,0.21,2,63709444,WQC0031
OV2085,OV2085,OV2085_P64,recal,95,0.21,2,63709444,WQC0031
OV2085,OV2085,OV2085_P64,recal,96,0.2,2,63709444,WQC0031
OV2085,OV2085,OV2085_P64,recal,97,0.2,2,63709444,WQC0031
OV2085,OV2085,OV2085_P64,recal,98,0.19,2,63709444,WQC0031
OV2085,OV2085,OV2085_P64,recal,99,0.19,2,63709444,WQC0031
OV2085,OV2085,OV2085_P64,recal,100,0.19,2,63709444,WQC0031
OV2085,OV2085,OV2085_P64,recal,101,0.18,2,63709444,WQC0031
OV2085,OV2085,OV2085_P64,recal,102,0.18,2,63709444,WQC0031
OV2085,OV2085,OV2085_P64,recal,103,0.18,2,63709444,WQC0031
OV2085,OV2085,OV2085_P64,recal,104,0.17,2,63709444,WQC0031
OV2085,OV2085,OV2085_P64,recal,105,0.17,2,63709444,WQC0031
OV2085,OV2085,OV2085_P64,recal,106,0.17,2,63709444,WQC0031
OV2085,OV2085,OV2085_P64,recal,107,0.16,2,63709444,WQC0031
OV2085,OV2085,OV2085_P64,recal,108,0.16,2,63709444,WQC0031
OV2085,OV2085,OV2085_P64,recal,109,0.16,2,63709444,WQC0031
OV2085,OV2085,OV2085_P64,recal,110,0.15,2,63709444,WQC0031
OV2085,OV2085,OV2085_P64,recal,111,0.15,2,63709444,WQC0031
OV2085,OV2085,OV2085_P64,recal,112,0.15,2,63709444,WQC0031
OV2085,OV2085,OV2085_P64,recal,113,0.14,2,63709444,WQC0031
OV2085,OV2085,OV2085_P64,recal,114,0.14,2,63709444,WQC0031
OV2085,OV2085,OV2085_P64,recal,115,0.14,2,63709444,WQC0031
OV2085,OV2085,OV2085_P64,recal,116,0.14,2,63709444,WQC0031
OV2085,OV2085,OV2085_P64,recal,117,0.13,2,63709444,WQC0031
OV2085,OV2085,OV2085_P64,recal,118,0.13,2,63709444,WQC0031
OV2085,OV2085,OV2085_P64,recal,119,0.13,2,63709444,WQC0031
OV2085,OV2085,OV2085_P64,recal,120,0.13,2,63709444,WQC0031
OV2085,OV2085,OV2085_P64,recal,121,0.12,2,63709444,WQC0031
OV2085,OV2085,OV2085_P64,recal,122,0.12,2,63709444,WQC0031
OV2085,OV2085,OV2085_P64,recal,123,0.12,2,63709444,WQC0031
OV2085,OV2085,OV2085_P64,recal,124,0.12,2,63709444,WQC0031
OV2085,OV2085,OV2085_P64,recal,125,0.11,2,63709444,WQC0031
OV2085,OV2085,OV2085_P64,recal,126,0.11,2,63709444,WQC0031
OV2085,OV2085,OV2085_P64,recal,127,0.11,2,63709444,WQC0031
OV2085,OV2085,OV2085_P64,recal,128,0.11,2,63709444,WQC0031
OV2085,OV2085,OV2085_P64,recal,129,0.11,2,63709444,WQC0031
OV2085,OV2085,OV2085_P64,recal,130,0.1,2,63709444,WQC0031
OV2085,OV2085,OV2085_P64,recal,131,0.1,2,63709444,WQC0031
OV2085,OV2085,OV2085_P64,recal,132,0.1,2,63709444,WQC0031
OV2085,OV2085,OV2085_P64,recal,133,0.1,2,63709444,WQC0031
OV2085,OV2085,OV2085_P64,recal,134,0.1,2,63709444,WQC0031
OV2085,OV2085,OV2085_P64,recal,135,0.1,2,63709444,WQC0031
OV2085,OV2085,OV2085_P64,recal,136,0.09,2,63709444,WQC0031
OV2085,OV2085,OV2085_P64,recal,137,0.09,2,63709444,WQC0031
OV2085,OV2085,OV2085_P64,recal,138,0.09,2,63709444,WQC0031
OV2085,OV2085,OV2085_P64,recal,139,0.09,2,63709444,WQC0031
OV2085,OV2085,OV2085_P64,recal,140,0.09,2,63709444,WQC0031
OV2085,OV2085,OV2085_P64,recal,141,0.09,2,63709444,WQC0031
OV2085,OV2085,OV2085_P64,recal,142,0.09,2,63709444,WQC0031
OV2085,OV2085,OV2085_P64,recal,143,0.08,2,63709444,WQC0031
OV2085,OV2085,OV2085_P64,recal,144,0.08,2,63709444,WQC0031
OV2085,OV2085,OV2085_P64,recal,145,0.08,2,63709444,WQC0031
OV2085,OV2085,OV2085_P64,recal,146,0.08,2,63709444,WQC0031
OV2085,OV2085,OV2085_P64,recal,147,0.08,2,63709444,WQC0031
OV2085,OV2085,OV2085_P64,recal,148,0.08,2,63709444,WQC0031
OV2085,OV2085,OV2085_P64,recal,149,0.08,2,63709444,WQC0031
OV2085,OV2085,OV2085_P64,recal,150,0.08,2,63709444,WQC0031
OV2295,2295,OV2295_P61,md,0,1.0,2,63709951,WQC0036
OV2295,2295,OV2295_P61,md,1,0.99,2,63709951,WQC0036
OV2295,2295,OV2295_P61,md,2,0.99,2,63709951,WQC0036
OV2295,2295,OV2295_P61,md,3,0.98,2,63709951,WQC0036
OV2295,2295,OV2295_P61,md,4,0.98,2,63709951,WQC0036
OV2295,2295,OV2295_P61,md,5,0.98,2,63709951,WQC0036
OV2295,2295,OV2295_P61,md,6,0.97,2,63709951,WQC0036
OV2295,2295,OV2295_P61,md,7,0.96,2,63709951,WQC0036
OV2295,2295,OV2295_P61,md,8,0.96,2,63709951,WQC0036
OV2295,2295,OV2295_P61,md,9,0.95,2,63709951,WQC0036
OV2295,2295,OV2295_P61,md,10,0.95,2,63709951,WQC0036
OV2295,2295,OV2295_P61,md,11,0.94,2,63709951,WQC0036
OV2295,2295,OV2295_P61,md,12,0.93,2,63709951,WQC0036
OV2295,2295,OV2295_P61,md,13,0.92,2,63709951,WQC0036
OV2295,2295,OV2295_P61,md,14,0.91,2,63709951,WQC0036
OV2295,2295,OV2295_P61,md,15,0.91,2,63709951,WQC0036
OV2295,2295,OV2295_P61,md,16,0.9,2,63709951,WQC0036
OV2295,2295,OV2295_P61,md,17,0.89,2,63709951,WQC0036
OV2295,2295,OV2295_P61,md,18,0.88,2,63709951,WQC0036
OV2295,2295,OV2295_P61,md,19,0.87,2,63709951,WQC0036
OV2295,2295,OV2295_P61,md,20,0.86,2,63709951,WQC0036
OV2295,2295,OV2295_P61,md,21,0.85,2,63709951,WQC0036
OV2295,2295,OV2295_P61,md,22,0.84,2,63709951,WQC0036
OV2295,2295,OV2295_P61,md,23,0.82,2,63709951,WQC0036
OV2295,2295,OV2295_P61,md,24,0.81,2,63709951,WQC0036
OV2295,2295,OV2295_P61,md,25,0.8,2,63709951,WQC0036
OV2295,2295,OV2295_P61,md,26,0.79,2,63709951,WQC0036
OV2295,2295,OV2295_P61,md,27,0.78,2,63709951,WQC0036
OV2295,2295,OV2295_P61,md,28,0.77,2,63709951,WQC0036
OV2295,2295,OV2295_P61,md,29,0.76,2,63709951,WQC0036
OV2295,2295,OV2295_P61,md,30,0.75,2,63709951,WQC0036
OV2295,2295,OV2295_P61,md,31,0.73,2,63709951,WQC0036
OV2295,2295,OV2295_P61,md,32,0.72,2,63709951,WQC0036
OV2295,2295,OV2295_P61,md,33,0.71,2,63709951,WQC0036
OV2295,2295,OV2295_P61,md,34,0.7,2,63709951,WQC0036
OV2295,2295,OV2295_P61,md,35,0.69,2,63709951,WQC0036
OV2295,2295,OV2295_P61,md,36,0.68,2,63709951,WQC0036
OV2295,2295,OV2295_P61,md,37,0.67,2,63709951,WQC0036
OV2295,2295,OV2295_P61,md,38,0.66,2,63709951,WQC0036
OV2295,2295,OV2295_P61,md,39,0.64,2,63709951,WQC0036
OV2295,2295,OV2295_P61,md,40,0.63,2,63709951,WQC0036
OV2295,2295,OV2295_P61,md,41,0.62,2,63709951,WQC0036
OV2295,2295,OV2295_P61,md,42,0.61,2,63709951,WQC0036
OV2295,2295,OV2295_P61,md,43,0.6,2,63709951,WQC0036
OV2295,2295,OV2295_P61,md,44,0.59,2,63709951,WQC0036
OV2295,2295,OV2295_P61,md,45,0.58,2,63709951,WQC0036
OV2295,2295,OV2295_P61,md,46,0.57,2,63709951,WQC0036
OV2295,2295,OV2295_P61,md,47,0.56,2,63709951,WQC0036
OV2295,2295,OV2295_P61,md,48,0.55,2,63709951,WQC0036
OV2295,2295,OV2295_P61,md,49,0.54,2,63709951,WQC0036
OV2295,2295,OV2295_P61,md,50,0.53,2,63709951,WQC0036
OV2295,2295,OV2295_P61,md,51,0.52,2,63709951,WQC0036
OV2295,2295,OV2295_P61,md,52,0.51,2,63709951,WQC0036
OV2295,2295,OV2295_P61,md,53,0.5,2,63709951,WQC0036
OV2295,2295,OV2295_P61,md,54,0.49,2,63709951,WQC0036
OV2295,2295,OV2295_P61,md,55,0.48,2,63709951,WQC0036
OV2295,2295,OV2295_P61,md,56,0.48,2,63709951,WQC0036
OV2295,2295,OV2295_P61,md,57,0.47,2,63709951,WQC0036
OV2295,2295,OV2295_P61,md,58,0.46,2,63709951,WQC0036
OV2295,2295,OV2295_P61,md,59,0.45,2,63709951,WQC0036
OV2295,2295,OV2295_P61,md,60,0.44,2,63709951,WQC0036
OV2295,2295,OV2295_P61,md,61,0.43,2,63709951,WQC0036
OV2295,2295,OV2295_P61,md,62,0.42,2,63709951,WQC0036
OV2295,2295,OV2295_P61,md,63,0.42,2,63709951,WQC0036
OV2295,2295,OV2295_P61,md,64,0.41,2,63709951,WQC0036
OV2295,2295,OV2295_P61,md,65,0.4,2,63709951,WQC0036
OV2295,2295,OV2295_P61,md,66,0.39,2,63709951,WQC0036
OV2295,2295,OV2295_P61,md,67,0.39,2,63709951,WQC0036
OV2295,2295,OV2295_P61,md,68,0.38,2,63709951,WQC0036
OV2295,2295,OV2295_P61,md,69,0.37,2,63709951,WQC0036
OV2295,2295,OV2295_P61,md,70,0.36,2,63709951,WQC0036
OV2295,2295,OV2295_P61,md,71,0.36,2,63709951,WQC0036
OV2295,2295,OV2295_P61,md,72,0.35,2,63709951,WQC0036
OV2295,2295,OV2295_P61,md,73,0.34,2,63709951,WQC0036
OV2295,2295,OV2295_P61,md,74,0.34,2,63709951,WQC0036
OV2295,2295,OV2295_P61,md,75,0.33,2,63709951,WQC0036
OV2295,2295,OV2295_P61,md,76,0.32,2,63709951,WQC0036
OV2295,2295,OV2295_P61,md,77,0.32,2,63709951,WQC0036
OV2295,2295,OV2295_P61,md,78,0.31,2,63709951,WQC0036
OV2295,2295,OV2295_P61,md,79,0.31,2,63709951,WQC0036
OV2295,2295,OV2295_P61,md,80,0.3,2,63709951,WQC0036
OV2295,2295,OV2295_P61,md,81,0.29,2,63709951,WQC0036
OV2295,2295,OV2295_P61,md,82,0.29,2,63709951,WQC0036
OV2295,2295,OV2295_P61,md,83,0.28,2,63709951,WQC0036
OV2295,2295,OV2295_P61,md,84,0.28,2,63709951,WQC0036
OV2295,2295,OV2295_P61,md,85,0.27,2,63709951,WQC0036
OV2295,2295,OV2295_P61,md,86,0.27,2,63709951,WQC0036
OV2295,2295,OV2295_P61,md,87,0.26,2,63709951,WQC0036
OV2295,2295,OV2295_P61,md,88,0.26,2,63709951,WQC0036
OV2295,2295,OV2295_P61,md,89,0.25,2,63709951,WQC0036
OV2295,2295,OV2295_P61,md,90,0.25,2,63709951,WQC0036
OV2295,2295,OV2295_P61,md,91,0.24,2,63709951,WQC0036
OV2295,2295,OV2295_P61,md,92,0.24,2,63709951,WQC0036
OV2295,2295,OV2295_P61,md,93,0.23,2,63709951,WQC0036
OV2295,2295,OV2295_P61,md,94,0.23,2,63709951,WQC0036
OV2295,2295,OV2295_P61,md,95,0.22,2,63709951,WQC0036
OV2295,2295,OV2295_P61,md,96,0.22,2,63709951,WQC0036
OV2295,2295,OV2295_P61,md,97,0.21,2,63709951,WQC0036
OV2295,2295,OV2295_P61,md,98,0.21,2,63709951,WQC0036
OV2295,2295,OV2295_P61,md,99,0.21,2,63709951,WQC0036
OV2295,2295,OV2295_P61,md,100,0.2,2,63709951,WQC0036
OV2295,2295,OV2295_P61,md,101,0.2,2,63709951,WQC0036
OV2295,2295,OV2295_P61,md,102,0.19,2,63709951,WQC0036
OV2295,2295,OV2295_P61,md,103,0.19,2,63709951,WQC0036
OV2295,2295,OV2295_P61,md,104,0.19,2,63709951,WQC0036
OV2295,2295,OV2295_P61,md,105,0.18,2,63709951,WQC0036
OV2295,2295,OV2295_P61,md,106,0.18,2,63709951,WQC0036
OV2295,2295,OV2295_P61,md,107,0.18,2,63709951,WQC0036
OV2295,2295,OV2295_P61,md,108,0.17,2,63709951,WQC0036
OV2295,2295,OV2295_P61,md,109,0.17,2,63709951,WQC0036
OV2295,2295,OV2295_P61,md,110,0.17,2,63709951,WQC0036
OV2295,2295,OV2295_P61,md,111,0.16,2,63709951,WQC0036
OV2295,2295,OV2295_P61,md,112,0.16,2,63709951,WQC0036
OV2295,2295,OV2295_P61,md,113,0.16,2,63709951,WQC0036
OV2295,2295,OV2295_P61,md,114,0.15,2,63709951,WQC0036
OV2295,2295,OV2295_P61,md,115,0.15,2,63709951,WQC0036
OV2295,2295,OV2295_P61,md,116,0.15,2,63709951,WQC0036
OV2295,2295,OV2295_P61,md,117,0.15,2,63709951,WQC0036
OV2295,2295,OV2295_P61,md,118,0.14,2,63709951,WQC0036
OV2295,2295,OV2295_P61,md,119,0.14,2,63709951,WQC0036
OV2295,2295,OV2295_P61,md,120,0.14,2,63709951,WQC0036
OV2295,2295,OV2295_P61,md,121,0.14,2,63709951,WQC0036
OV2295,2295,OV2295_P61,md,122,0.13,2,63709951,WQC0036
OV2295,2295,OV2295_P61,md,123,0.13,2,63709951,WQC0036
OV2295,2295,OV2295_P61,md,124,0.13,2,63709951,WQC0036
OV2295,2295,OV2295_P61,md,125,0.13,2,63709951,WQC0036
OV2295,2295,OV2295_P61,md,126,0.12,2,63709951,WQC0036
OV2295,2295,OV2295_P61,md,127,0.12,2,63709951,WQC0036
OV2295,2295,OV2295_P61,md,128,0.12,2,63709951,WQC0036
OV2295,2295,OV2295_P61,md,129,0.12,2,63709951,WQC0036
OV2295,2295,OV2295_P61,md,130,0.12,2,63709951,WQC0036
OV2295,2295,OV2295_P61,md,131,0.11,2,63709951,WQC0036
OV2295,2295,OV2295_P61,md,132,0.11,2,63709951,WQC0036
OV2295,2295,OV2295_P61,md,133,0.11,2,63709951,WQC0036
OV2295,2295,OV2295_P61,md,134,0.11,2,63709951,WQC0036
OV2295,2295,OV2295_P61,md,135,0.11,2,63709951,WQC0036
OV2295,2295,OV2295_P61,md,136,0.1,2,63709951,WQC0036
OV2295,2295,OV2295_P61,md,137,0.1,2,63709951,WQC0036
OV2295,2295,OV2295_P61,md,138,0.1,2,63709951,WQC0036
OV2295,2295,OV2295_P61,md,139,0.1,2,63709951,WQC0036
OV2295,2295,OV2295_P61,md,140,0.1,2,63709951,WQC0036
OV2295,2295,OV2295_P61,md,141,0.1,2,63709951,WQC0036
OV2295,2295,OV2295_P61,md,142,0.09,2,63709951,WQC0036
OV2295,2295,OV2295_P61,md,143,0.09,2,63709951,WQC0036
OV2295,2295,OV2295_P61,md,144,0.09,2,63709951,WQC0036
OV2295,2295,OV2295_P61,md,145,0.09,2,63709951,WQC0036
OV2295,2295,OV2295_P61,md,146,0.09,2,63709951,WQC0036
OV2295,2295,OV2295_P61,md,147,0.09,2,63709951,WQC0036
OV2295,2295,OV2295_P61,md,148,0.09,2,63709951,WQC0036
OV2295,2295,OV2295_P61,md,149,0.08,2,63709951,WQC0036
OV2295,2295,OV2295_P61,md,150,0.08,2,63709951,WQC0036
OV2295,2295,OV2295_P61,recal,0,1.0,2,63709444,WQC0039
OV2295,2295,OV2295_P61,recal,1,0.99,2,63709444,WQC0039
OV2295,2295,OV2295_P61,recal,2,0.99,2,63709444,WQC0039
OV2295,2295,OV2295_P61,recal,3,0.98,2,63709444,WQC0039
OV2295,2295,OV2295_P61,recal,4,0.98,2,63709444,WQC0039
OV2295,2295,OV2295_P61,recal,5,0.98,2,63709444,WQC0039
OV2295,2295,OV2295_P61,recal,6,0.97,2,63709444,WQC0039
OV2295,2295,OV2295_P61,recal,7,0.96,2,63709444,WQC0039
OV2295,2295,OV2295_P61,recal,8,0.96,2,63709444,WQC0039
OV2295,2295,OV2295_P61,recal,9,0.95,2,63709444,WQC0039
OV2295,2295,OV2295_P61,recal,10,0.95,2,63709444,WQC0039
OV2295,2295,OV2295_P61,recal,11,0.94,2,63709444,WQC0039
OV2295,2295,OV2295_P61,recal,12,0.93,2,63709444,WQC0039
OV2295,2295,OV2295_P61,recal,13,0.92,2,63709444,WQC0039
OV2295,2295,OV2295_P61,recal,14,0.91,2,63709444,WQC0039
OV2295,2295,OV2295_P61,recal,15,0.91,2,63709444,WQC0039
OV2295,2295,OV2295_P61,recal,16,0.9,2,63709444,WQC0039
OV2295,2295,OV2295_P61,recal,17,0.89,2,63709444,WQC0039
OV2295,2295,OV2295_P61,recal,18,0.88,2,63709444,WQC0039
OV2295,2295,OV2295_P61,recal,19,0.87,2,63709444,WQC0039
OV2295,2295,OV2295_P61,recal,20,0.86,2,63709444,WQC0039
OV2295,2295,OV2295_P61,recal,21,0.85,2,63709444,WQC0039
OV2295,2295,OV2295_P61,recal,22,0.84,2,63709444,WQC0039
OV2295,2295,OV2295_P61,recal,23,0.82,2,63709444,WQC0039
OV2295,2295,OV2295_P61,recal,24,0.81,2,63709444,WQC0039
OV2295,2295,OV2295_P61,recal,25,0.8,2,63709444,WQC0039
OV2295,2295,OV2295_P61,recal,26,0.79,2,63709444,WQC0039
OV2295,2295,OV2295_P61,recal,27,0.78,2,63709444,WQC0039
OV2295,2295,OV2295_P61,recal,28,0.77,2,63709444,WQC0039
OV2295,2295,OV2295_P61,recal,29,0.76,2,63709444,WQC0039
OV2295,2295,OV2295_P61,recal,30,0.75,2,63709444,WQC0039
OV2295,2295,OV2295_P61,recal,31,0.73,2,63709444,WQC0039
OV2295,2295,OV2295_P61,recal,32,0.72,2,63709444,WQC0039
OV2295,2295,OV2295_P61,recal,33,0.71,2,63709444,WQC0039
OV2295,2295,OV2295_P61,recal,34,0.7,2,63709444,WQC0039
OV2295,2295,OV2295_P61,recal,35,0.69,2,63709444,WQC0039
OV2295,2295,OV2295_P61,recal,36,0.68,2,63709444,WQC0039
OV2295,2295,OV2295_P61,recal,37,0.67,2,63709444,WQC0039
OV2295,2295,OV2295_P61,recal,38,0.66,2,63709444,WQC0039
OV2295,2295,OV2295_P61,recal,39,0.64,2,63709444,WQC0039
OV2295,2295,OV2295_P61,recal,40,0.63,2,63709444,WQC0039
OV2295,2295,OV2295_P61,recal,41,0.62,2,63709444,WQC0039
OV2295,2295,OV2295_P61,recal,42,0.61,2,63709444,WQC0039
OV2295,2295,OV2295_P61,recal,43,0.6,2,63709444,WQC0039
OV2295,2295,OV2295_P61,recal,44,0.59,2,63709444,WQC0039
OV2295,2295,OV2295_P61,recal,45,0.58,2,63709444,WQC0039
OV2295,2295,OV2295_P61,recal,46,0.57,2,63709444,WQC0039
OV2295,2295,OV2295_P61,recal,47,0.56,2,63709444,WQC0039
OV2295,2295,OV2295_P61,recal,48,0.55,2,63709444,WQC0039
OV2295,2295,OV2295_P61,recal,49,0.54,2,63709444,WQC0039
OV2295,2295,OV2295_P61,recal,50,0.53,2,63709444,WQC0039
OV2295,2295,OV2295_P61,recal,51,0.52,2,63709444,WQC0039
OV2295,2295,OV2295_P61,recal,52,0.51,2,63709444,WQC0039
OV2295,2295,OV2295_P61,recal,53,0.5,2,63709444,WQC0039
OV2295,2295,OV2295_P61,recal,54,0.49,2,63709444,WQC0039
OV2295,2295,OV2295_P61,recal,55,0.48,2,63709444,WQC0039
OV2295,2295,OV2295_P61,recal,56,0.48,2,63709444,WQC0039
OV2295,2295,OV2295_P61,recal,57,0.47,2,63709444,WQC0039
OV2295,2295,OV2295_P61,recal,58,0.46,2,63709444,WQC0039
OV2295,2295,OV2295_P61,recal,59,0.45,2,63709444,WQC0039
OV2295,2295,OV2295_P61,recal,60,0.44,2,63709444,WQC0039
OV2295,2295,OV2295_P61,recal,61,0.43,2,63709444,WQC0039
OV2295,2295,OV2295_P61,recal,62,0.42,2,63709444,WQC0039
OV2295,2295,OV2295_P61,recal,63,0.42,2,63709444,WQC0039
OV2295,2295,OV2295_P61,recal,64,0.41,2,63709444,WQC0039
OV2295,2295,OV2295_P61,recal,65,0.4,2,63709444,WQC0039
OV2295,2295,OV2295_P61,recal,66,0.39,2,63709444,WQC0039
OV2295,2295,OV2295_P61,recal,67,0.39,2,63709444,WQC0039
OV2295,2295,OV2295_P61,recal,68,0.38,2,63709444,WQC0039
OV2295,2295,OV2295_P61,recal,69,0.37,2,63709444,WQC0039
OV2295,2295,OV2295_P61,recal,70,0.36,2,63709444,WQC0039
OV2295,2295,OV2295_P61,recal,71,0.36,2,63709444,WQC0039
OV2295,2295,OV2295_P61,recal,72,0.35,2,63709444,WQC0039
OV2295,2295,OV2295_P61,recal,73,0.34,2,63709444,WQC0039
OV2295,2295,OV2295_P61,recal,74,0.34,2,63709444,WQC0039
OV2295,2295,OV2295_P61,recal,75,0.33,2,63709444,WQC0039
OV2295,2295,OV2295_P61,recal,76,0.32,2,63709444,WQC0039
OV2295,2295,OV2295_P61,recal,77,0.32,2,63709444,WQC0039
OV2295,2295,OV2295_P61,recal,78,0.31,2,63709444,WQC0039
OV2295,2295,OV2295_P61,recal,79,0.31,2,63709444,WQC0039
OV2295,2295,OV2295_P61,recal,80,0.3,2,63709444,WQC0039
OV2295,2295,OV2295_P61,recal,81,0.29,2,63709444,WQC0039
OV2295,2295,OV2295_P61,recal,82,0.29,2,63709444,WQC0039
OV2295,2295,OV2295_P61,recal,83,0.28,2,63709444,WQC0039
OV2295,2295,OV2295_P61,recal,84,0.28,2,63709444,WQC0039
OV2295,2295,OV2295_P61,recal,85,0.27,2,63709444,WQC0039
OV2295,2295,OV2295_P61,recal,86,0.27,2,63709444,WQC0039
OV2295,2295,OV2295_P61,recal,87,0.26,2,63709444,WQC0039
OV2295,2295,OV2295_P61,recal,88,0.26,2,63709444,WQC0039
OV2295,2295,OV2295_P61,recal,89,0.25,2,63709444,WQC0039
OV2295,2295,OV2295_P61,recal,90,0.25,2,63709444,WQC0039
OV2295,2295,OV2295_P61,recal,91,0.24,2,63709444,WQC0039
OV2295,2295,OV2295_P61,recal,92,0.24,2,63709444,WQC0039
OV2295,2295,OV2295_P61,recal,93,0.23,2,63709444,WQC0039
OV2295,2295,OV2295_P61,recal,94,0.23,2,63709444,WQC0039
OV2295,2295,OV2295_P61,recal,95,0.22,2,63709444,WQC0039
OV2295,2295,OV2295_P61,recal,96,0.22,2,63709444,WQC0039
OV2295,2295,OV2295_P61,recal,97,0.21,2,63709444,WQC0039
OV2295,2295,OV2295_P61,recal,98,0.21,2,63709444,WQC0039
OV2295,2295,OV2295_P61,recal,99,0.21,2,63709444,WQC0039
OV2295,2295,OV2295_P61,recal,100,0.2,2,63709444,WQC0039
OV2295,2295,OV2295_P61,recal,101,0.2,2,63709444,WQC0039
OV2295,2295,OV2295_P61,recal,102,0.19,2,63709444,WQC0039
OV2295,2295,OV2295_P61,recal,103,0.19,2,63709444,WQC0039
OV2295,2295,OV2295_P61,recal,104,0.19,2,63709444,WQC0039
OV2295,2295,OV2295_P61,recal,105,0.18,2,63709444,WQC0039
OV2295,2295,OV2295_P61,recal,106,0.18,2,63709444,WQC0039
OV2295,2295,OV2295_P61,recal,107,0.18,2,63709444,WQC0039
OV2295,2295,OV2295_P61,recal,108,0.17,2,63709444,WQC0039
OV2295,2295,OV2295_P61,recal,109,0.17,2,63709444,WQC0039
OV2295,2295,OV2295_P61,recal,110,0.17,2,63709444,WQC0039
OV2295,2295,OV2295_P61,recal,111,0.16,2,63709444,WQC0039
OV2295,2295,OV2295_P61,recal,112,0.16,2,63709444,WQC0039
OV2295,2295,OV2295_P61,recal,113,0.16,2,63709444,WQC0039
OV2295,2295,OV2295_P61,recal,114,0.15,2,63709444,WQC0039
OV2295,2295,OV2295_P61,recal,115,0.15,2,63709444,WQC0039
OV2295,2295,OV2295_P61,recal,116,0.15,2,63709444,WQC0039
OV2295,2295,OV2295_P61,recal,117,0.15,2,63709444,WQC0039
OV2295,2295,OV2295_P61,recal,118,0.14,2,63709444,WQC0039
OV2295,2295,OV2295_P61,recal,119,0.14,2,63709444,WQC0039
OV2295,2295,OV2295_P61,recal,120,0.14,2,63709444,WQC0039
OV2295,2295,OV2295_P61,recal,121,0.14,2,63709444,WQC0039
OV2295,2295,OV2295_P61,recal,122,0.13,2,63709444,WQC0039
OV2295,2295,OV2295_P61,recal,123,0.13,2,63709444,WQC0039
OV2295,2295,OV2295_P61,recal,124,0.13,2,63709444,WQC0039
OV2295,2295,OV2295_P61,recal,125,0.13,2,63709444,WQC0039
OV2295,2295,OV2295_P61,recal,126,0.12,2,63709444,WQC0039
OV2295,2295,OV2295_P61,recal,127,0.12,2,63709444,WQC0039
OV2295,2295,OV2295_P61,recal,128,0.12,2,63709444,WQC0039
OV2295,2295,OV2295_P61,recal,129,0.12,2,63709444,WQC0039
OV2295,2295,OV2295_P61,recal,130,0.12,2,63709444,WQC0039
OV2295,2295,OV2295_P61,recal,131,0.11,2,63709444,WQC0039
OV2295,2295,OV2295_P61,recal,132,0.11,2,63709444,WQC0039
OV2295,2295,OV2295_P61,recal,133,0.11,2,63709444,WQC0039
OV2295,2295,OV2295_P61,recal,134,0.11,2,63709444,WQC0039
OV2295,2295,OV2295_P61,recal,135,0.11,2,63709444,WQC0039
OV2295,2295,OV2295_P61,recal,136,0.1,2,63709444,WQC0039
OV2295,2295,OV2295_P61,recal,137,0.1,2,63709444,WQC0039
OV2295,2295,OV2295_P61,recal,138,0.1,2,63709444,WQC0039
OV2295,2295,OV2295_P61,recal,139,0.1,2,63709444,WQC0039
OV2295,2295,OV2295_P61,recal,140,0.1,2,63709444,WQC0039
OV2295,2295,OV2295_P61,recal,141,0.1,2,63709444,WQC0039
OV2295,2295,OV2295_P61,recal,142,0.09,2,63709444,WQC0039
OV2295,2295,OV2295_P61,recal,143,0.09,2,63709444,WQC0039
OV2295,2295,OV2295_P61,recal,144,0.09,2,63709444,WQC0039
OV2295,2295,OV2295_P61,recal,145,0.09,2,63709444,WQC0039
OV2295,2295,OV2295_P61,recal,146,0.09,2,63709444,WQC0039
OV2295,2295,OV2295_P61,recal,147,0.09,2,63709444,WQC0039
OV2295,2295,OV2295_P61,recal,148,0.09,2,63709444,WQC0039
OV2295,2295,OV2295_P61,recal,149,0.08,2,63709444,WQC0039
OV2295,2295,OV2295_P61,recal,150,0.08,2,63709444,WQC0039
OV2295-R2,2295,OV2295_R2_P70,md,0,1.0,2,63709951,WQC0044
OV2295-R2,2295,OV2295_R2_P70,md,1,0.99,2,63709951,WQC0044
OV2295-R2,2295,OV2295_R2_P70,md,2,0.99,2,63709951,WQC0044
OV2295-R2,2295,OV2295_R2_P70,md,3,0.99,2,63709951,WQC0044
OV2295-R2,2295,OV2295_R2_P70,md,4,0.98,2,63709951,WQC0044
OV2295-R2,2295,OV2295_R2_P70,md,5,0.98,2,63709951,WQC0044
OV2295-R2,2295,OV2295_R2_P70,md,6,0.97,2,63709951,WQC0044
OV2295-R2,2295,OV2295_R2_P70,md,7,0.97,2,63709951,WQC0044
OV2295-R2,2295,OV2295_R2_P70,md,8,0.96,2,63709951,WQC0044
OV2295-R2,2295,OV2295_R2_P70,md,9,0.96,2,63709951,WQC0044
OV2295-R2,2295,OV2295_R2_P70,md,10,0.95,2,63709951,WQC0044
OV2295-R2,2295,OV2295_R2_P70,md,11,0.95,2,63709951,WQC0044
OV2295-R2,2295,OV2295_R2_P70,md,12,0.94,2,63709951,WQC0044
OV2295-R2,2295,OV2295_R2_P70,md,13,0.93,2,63709951,WQC0044
OV2295-R2,2295,OV2295_R2_P70,md,14,0.92,2,63709951,WQC0044
OV2295-R2,2295,OV2295_R2_P70,md,15,0.92,2,63709951,WQC0044
OV2295-R2,2295,OV2295_R2_P70,md,16,0.91,2,63709951,WQC0044
OV2295-R2,2295,OV2295_R2_P70,md,17,0.9,2,63709951,WQC0044
OV2295-R2,2295,OV2295_R2_P70,md,18,0.89,2,63709951,WQC0044
OV2295-R2,2295,OV2295_R2_P70,md,19,0.88,2,63709951,WQC0044
OV2295-R2,2295,OV2295_R2_P70,md,20,0.87,2,63709951,WQC0044
OV2295-R2,2295,OV2295_R2_P70,md,21,0.86,2,63709951,WQC0044
OV2295-R2,2295,OV2295_R2_P70,md,22,0.85,2,63709951,WQC0044
OV2295-R2,2295,OV2295_R2_P70,md,23,0.84,2,63709951,WQC0044
OV2295-R2,2295,OV2295_R2_P70,md,24,0.83,2,63709951,WQC0044
OV2295-R2,2295,OV2295_R2_P70,md,25,0.82,2,63709951,WQC0044
OV2295-R2,2295,OV2295_R2_P70,md,26,0.81,2,63709951,WQC0044
OV2295-R2,2295,OV2295_R2_P70,md,27,0.8,2,63709951,WQC0044
OV2295-R2,2295,OV2295_R2_P70,md,28,0.79,2,63709951,WQC0044
OV2295-R2,2295,OV2295_R2_P70,md,29,0.78,2,63709951,WQC0044
OV2295-R2,2295,OV2295_R2_P70,md,30,0.77,2,63709951,WQC0044
OV2295-R2,2295,OV2295_R2_P70,md,31,0.76,2,63709951,WQC0044
OV2295-R2,2295,OV2295_R2_P70,md,32,0.75,2,63709951,WQC0044
OV2295-R2,2295,OV2295_R2_P70,md,33,0.74,2,63709951,WQC0044
OV2295-R2,2295,OV2295_R2_P70,md,34,0.73,2,63709951,WQC0044
OV2295-R2,2295,OV2295_R2_P70,md,35,0.72,2,63709951,WQC0044
OV2295-R2,2295,OV2295_R2_P70,md,36,0.71,2,63709951,WQC0044
OV2295-R2,2295,OV2295_R2_P70,md,37,0.7,2,63709951,WQC0044
OV2295-R2,2295,OV2295_R2_P70,md,38,0.69,2,63709951,WQC0044
OV2295-R2,2295,OV2295_R2_P70,md,39,0.68,2,63709951,WQC0044
OV2295-R2,2295,OV2295_R2_P70,md,40,0.67,2,63709951,WQC0044
OV2295-R2,2295,OV2295_R2_P70,md,41,0.66,2,63709951,WQC0044
OV2295-R2,2295,OV2295_R2_P70,md,42,0.65,2,63709951,WQC0044
OV2295-R2,2295,OV2295_R2_P70,md,43,0.64,2,63709951,WQC0044
OV2295-R2,2295,OV2295_R2_P70,md,44,0.63,2,63709951,WQC0044
OV2295-R2,2295,OV2295_R2_P70,md,45,0.62,2,63709951,WQC0044
OV2295-R2,2295,OV2295_R2_P70,md,46,0.61,2,63709951,WQC0044
OV2295-R2,2295,OV2295_R2_P70,md,47,0.6,2,63709951,WQC0044
OV2295-R2,2295,OV2295_R2_P70,md,48,0.59,2,63709951,WQC0044
OV2295-R2,2295,OV2295_R2_P70,md,49,0.58,2,63709951,WQC0044
OV2295-R2,2295,OV2295_R2_P70,md,50,0.57,2,63709951,WQC0044
OV2295-R2,2295,OV2295_R2_P70,md,51,0.56,2,63709951,WQC0044
OV2295-R2,2295,OV2295_R2_P70,md,52,0.55,2,63709951,WQC0044
OV2295-R2,2295,OV2295_R2_P70,md,53,0.54,2,63709951,WQC0044
OV2295-R2,2295,OV2295_R2_P70,md,54,0.53,2,63709951,WQC0044
OV2295-R2,2295,OV2295_R2_P70,md,55,0.52,2,63709951,WQC0044
OV2295-R2,2295,OV2295_R2_P70,md,56,0.51,2,63709951,WQC0044
OV2295-R2,2295,OV2295_R2_P70,md,57,0.5,2,63709951,WQC0044
OV2295-R2,2295,OV2295_R2_P70,md,58,0.5,2,63709951,WQC0044
OV2295-R2,2295,OV2295_R2_P70,md,59,0.49,2,63709951,WQC0044
OV2295-R2,2295,OV2295_R2_P70,md,60,0.48,2,63709951,WQC0044
OV2295-R2,2295,OV2295_R2_P70,md,61,0.47,2,63709951,WQC0044
OV2295-R2,2295,OV2295_R2_P70,md,62,0.46,2,63709951,WQC0044
OV2295-R2,2295,OV2295_R2_P70,md,63,0.45,2,63709951,WQC0044
OV2295-R2,2295,OV2295_R2_P70,md,64,0.45,2,63709951,WQC0044
OV2295-R2,2295,OV2295_R2_P70,md,65,0.44,2,63709951,WQC0044
OV2295-R2,2295,OV2295_R2_P70,md,66,0.43,2,63709951,WQC0044
OV2295-R2,2295,OV2295_R2_P70,md,67,0.42,2,63709951,WQC0044
OV2295-R2,2295,OV2295_R2_P70,md,68,0.42,2,63709951,WQC0044
OV2295-R2,2295,OV2295_R2_P70,md,69,0.41,2,63709951,WQC0044
OV2295-R2,2295,OV2295_R2_P70,md,70,0.4,2,63709951,WQC0044
OV2295-R2,2295,OV2295_R2_P70,md,71,0.39,2,63709951,WQC0044
OV2295-R2,2295,OV2295_R2_P70,md,72,0.39,2,63709951,WQC0044
OV2295-R2,2295,OV2295_R2_P70,md,73,0.38,2,63709951,WQC0044
OV2295-R2,2295,OV2295_R2_P70,md,74,0.37,2,63709951,WQC0044
OV2295-R2,2295,OV2295_R2_P70,md,75,0.37,2,63709951,WQC0044
OV2295-R2,2295,OV2295_R2_P70,md,76,0.36,2,63709951,WQC0044
OV2295-R2,2295,OV2295_R2_P70,md,77,0.35,2,63709951,WQC0044
OV2295-R2,2295,OV2295_R2_P70,md,78,0.35,2,63709951,WQC0044
OV2295-R2,2295,OV2295_R2_P70,md,79,0.34,2,63709951,WQC0044
OV2295-R2,2295,OV2295_R2_P70,md,80,0.34,2,63709951,WQC0044
OV2295-R2,2295,OV2295_R2_P70,md,81,0.33,2,63709951,WQC0044
OV2295-R2,2295,OV2295_R2_P70,md,82,0.32,2,63709951,WQC0044
OV2295-R2,2295,OV2295_R2_P70,md,83,0.32,2,63709951,WQC0044
OV2295-R2,2295,OV2295_R2_P70,md,84,0.31,2,63709951,WQC0044
OV2295-R2,2295,OV2295_R2_P70,md,85,0.31,2,63709951,WQC0044
OV2295-R2,2295,OV2295_R2_P70,md,86,0.3,2,63709951,WQC0044
OV2295-R2,2295,OV2295_R2_P70,md,87,0.3,2,63709951,WQC0044
OV2295-R2,2295,OV2295_R2_P70,md,88,0.29,2,63709951,WQC0044
OV2295-R2,2295,OV2295_R2_P70,md,89,0.29,2,63709951,WQC0044
OV2295-R2,2295,OV2295_R2_P70,md,90,0.28,2,63709951,WQC0044
OV2295-R2,2295,OV2295_R2_P70,md,91,0.28,2,63709951,WQC0044
OV2295-R2,2295,OV2295_R2_P70,md,92,0.27,2,63709951,WQC0044
OV2295-R2,2295,OV2295_R2_P70,md,93,0.27,2,63709951,WQC0044
OV2295-R2,2295,OV2295_R2_P70,md,94,0.26,2,63709951,WQC0044
OV2295-R2,2295,OV2295_R2_P70,md,95,0.26,2,63709951,WQC0044
OV2295-R2,2295,OV2295_R2_P70,md,96,0.25,2,63709951,WQC0044
OV2295-R2,2295,OV2295_R2_P70,md,97,0.25,2,63709951,WQC0044
OV2295-R2,2295,OV2295_R2_P70,md,98,0.24,2,63709951,WQC0044
OV2295-R2,2295,OV2295_R2_P70,md,99,0.24,2,63709951,WQC0044
OV2295-R2,2295,OV2295_R2_P70,md,100,0.23,2,63709951,WQC0044
OV2295-R2,2295,OV2295_R2_P70,md,101,0.23,2,63709951,WQC0044
OV2295-R2,2295,OV2295_R2_P70,md,102,0.23,2,63709951,WQC0044
OV2295-R2,2295,OV2295_R2_P70,md,103,0.22,2,63709951,WQC0044
OV2295-R2,2295,OV2295_R2_P70,md,104,0.22,2,63709951,WQC0044
OV2295-R2,2295,OV2295_R2_P70,md,105,0.22,2,63709951,WQC0044
OV2295-R2,2295,OV2295_R2_P70,md,106,0.21,2,63709951,WQC0044
OV2295-R2,2295,OV2295_R2_P70,md,107,0.21,2,63709951,WQC0044
OV2295-R2,2295,OV2295_R2_P70,md,108,0.2,2,63709951,WQC0044
OV2295-R2,2295,OV2295_R2_P70,md,109,0.2,2,63709951,WQC0044
OV2295-R2,2295,OV2295_R2_P70,md,110,0.2,2,63709951,WQC0044
OV2295-R2,2295,OV2295_R2_P70,md,111,0.19,2,63709951,WQC0044
OV2295-R2,2295,OV2295_R2_P70,md,112,0.19,2,63709951,WQC0044
OV2295-R2,2295,OV2295_R2_P70,md,113,0.19,2,63709951,WQC0044
OV2295-R2,2295,OV2295_R2_P70,md,114,0.18,2,63709951,WQC0044
OV2295-R2,2295,OV2295_R2_P70,md,115,0.18,2,63709951,WQC0044
OV2295-R2,2295,OV2295_R2_P70,md,116,0.18,2,63709951,WQC0044
OV2295-R2,2295,OV2295_R2_P70,md,117,0.18,2,63709951,WQC0044
OV2295-R2,2295,OV2295_R2_P70,md,118,0.17,2,63709951,WQC0044
OV2295-R2,2295,OV2295_R2_P70,md,119,0.17,2,63709951,WQC0044
OV2295-R2,2295,OV2295_R2_P70,md,120,0.17,2,63709951,WQC0044
OV2295-R2,2295,OV2295_R2_P70,md,121,0.16,2,63709951,WQC0044
OV2295-R2,2295,OV2295_R2_P70,md,122,0.16,2,63709951,WQC0044
OV2295-R2,2295,OV2295_R2_P70,md,123,0.16,2,63709951,WQC0044
OV2295-R2,2295,OV2295_R2_P70,md,124,0.16,2,63709951,WQC0044
OV2295-R2,2295,OV2295_R2_P70,md,125,0.15,2,63709951,WQC0044
OV2295-R2,2295,OV2295_R2_P70,md,126,0.15,2,63709951,WQC0044
OV2295-R2,2295,OV2295_R2_P70,md,127,0.15,2,63709951,WQC0044
OV2295-R2,2295,OV2295_R2_P70,md,128,0.15,2,63709951,WQC0044
OV2295-R2,2295,OV2295_R2_P70,md,129,0.14,2,63709951,WQC0044
OV2295-R2,2295,OV2295_R2_P70,md,130,0.14,2,63709951,WQC0044
OV2295-R2,2295,OV2295_R2_P70,md,131,0.14,2,63709951,WQC0044
OV2295-R2,2295,OV2295_R2_P70,md,132,0.14,2,63709951,WQC0044
OV2295-R2,2295,OV2295_R2_P70,md,133,0.14,2,63709951,WQC0044
OV2295-R2,2295,OV2295_R2_P70,md,134,0.13,2,63709951,WQC0044
OV2295-R2,2295,OV2295_R2_P70,md,135,0.13,2,63709951,WQC0044
OV2295-R2,2295,OV2295_R2_P70,md,136,0.13,2,63709951,WQC0044
OV2295-R2,2295,OV2295_R2_P70,md,137,0.13,2,63709951,WQC0044
OV2295-R2,2295,OV2295_R2_P70,md,138,0.13,2,63709951,WQC0044
OV2295-R2,2295,OV2295_R2_P70,md,139,0.12,2,63709951,WQC0044
OV2295-R2,2295,OV2295_R2_P70,md,140,0.12,2,63709951,WQC0044
OV2295-R2,2295,OV2295_R2_P70,md,141,0.12,2,63709951,WQC0044
OV2295-R2,2295,OV2295_R2_P70,md,142,0.12,2,63709951,WQC0044
OV2295-R2,2295,OV2295_R2_P70,md,143,0.12,2,63709951,WQC0044
OV2295-R2,2295,OV2295_R2_P70,md,144,0.11,2,63709951,WQC0044
OV2295-R2,2295,OV2295_R2_P70,md,145,0.11,2,63709951,WQC0044
OV2295-R2,2295,OV2295_R2_P70,md,146,0.11,2,63709951,WQC0044
OV2295-R2,2295,OV2295_R2_P70,md,147,0.11,2,63709951,WQC0044
OV2295-R2,2295,OV2295_R2_P70,md,148,0.11,2,63709951,WQC0044
OV2295-R2,2295,OV2295_R2_P70,md,149,0.11,2,63709951,WQC0044
OV2295-R2,2295,OV2295_R2_P70,md,150,0.1,2,63709951,WQC0044
OV2295-R2,2295,OV2295_R2_P70,recal,0,1.0,2,63709444,WQC0047
OV2295-R2,2295,OV2295_R2_P70,recal,1,0.99,2,63709444,WQC0047
OV2295-R2,2295,OV2295_R2_P70,recal,2,0.99,2,63709444,WQC0047
OV2295-R2,2295,OV2295_R2_P70,recal,3,0.99,2,63709444,WQC0047
OV2295-R2,2295,OV2295_R2_P70,recal,4,0.98,2,63709444,WQC0047
OV2295-R2,2295,OV2295_R2_P70,recal,5,0.98,2,63709444,WQC0047
OV2295-R2,2295,OV2295_R2_P70,recal,6,0.97,2,63709444,WQC0047
OV2295-R2,2295,OV2295_R2_P70,recal,7,0.97,2,63709444,WQC0047
OV2295-R2,2295,OV2295_R2_P70,recal,8,0.96,2,63709444,WQC0047
OV2295-R2,2295,OV2295_R2_P70,recal,9,0.96,2,63709444,WQC0047
OV2295-R2,2295,OV2295_R2_P70,recal,10,0.95,2,63709444,WQC0047
OV2295-R2,2295,OV2295_R2_P70,recal,11,0.95,2,63709444,WQC0047
OV2295-R2,2295,OV2295_R2_P70,recal,12,0.94,2,63709444,WQC0047
OV2295-R2,2295,OV2295_R2_P70,recal,13,0.93,2,63709444,WQC0047
OV2295-R2,2295,OV2295_R2_P70,recal,14,0.92,2,63709444,WQC0047
OV2295-R2,2295,OV2295_R2_P70,recal,15,0.92,2,63709444,WQC0047
OV2295-R2,2295,OV2295_R2_P70,recal,16,0.91,2,63709444,WQC0047
OV2295-R2,2295,OV2295_R2_P70,recal,17,0.9,2,63709444,WQC0047
OV2295-R2,2295,OV2295_R2_P70,recal,18,0.89,2,63709444,WQC0047
OV2295-R2,2295,OV2295_R2_P70,recal,19,0.88,2,63709444,WQC0047
OV2295-R2,2295,OV2295_R2_P70,recal,20,0.87,2,63709444,WQC0047
OV2295-R2,2295,OV2295_R2_P70,recal,21,0.86,2,63709444,WQC0047
OV2295-R2,2295,OV2295_R2_P70,recal,22,0.85,2,63709444,WQC0047
OV2295-R2,2295,OV2295_R2_P70,recal,23,0.84,2,63709444,WQC0047
OV2295-R2,2295,OV2295_R2_P70,recal,24,0.83,2,63709444,WQC0047
OV2295-R2,2295,OV2295_R2_P70,recal,25,0.82,2,63709444,WQC0047
OV2295-R2,2295,OV2295_R2_P70,recal,26,0.81,2,63709444,WQC0047
OV2295-R2,2295,OV2295_R2_P70,recal,27,0.8,2,63709444,WQC0047
OV2295-R2,2295,OV2295_R2_P70,recal,28,0.79,2,63709444,WQC0047
OV2295-R2,2295,OV2295_R2_P70,recal,29,0.78,2,63709444,WQC0047
OV2295-R2,2295,OV2295_R2_P70,recal,30,0.77,2,63709444,WQC0047
OV2295-R2,2295,OV2295_R2_P70,recal,31,0.76,2,63709444,WQC0047
OV2295-R2,2295,OV2295_R2_P70,recal,32,0.75,2,63709444,WQC0047
OV2295-R2,2295,OV2295_R2_P70,recal,33,0.74,2,63709444,WQC0047
OV2295-R2,2295,OV2295_R2_P70,recal,34,0.73,2,63709444,WQC0047
OV2295-R2,2295,OV2295_R2_P70,recal,35,0.72,2,63709444,WQC0047
OV2295-R2,2295,OV2295_R2_P70,recal,36,0.71,2,63709444,WQC0047
OV2295-R2,2295,OV2295_R2_P70,recal,37,0.7,2,63709444,WQC0047
OV2295-R2,2295,OV2295_R2_P70,recal,38,0.69,2,63709444,WQC0047
OV2295-R2,2295,OV2295_R2_P70,recal,39,0.68,2,63709444,WQC0047
OV2295-R2,2295,OV2295_R2_P70,recal,40,0.67,2,63709444,WQC0047
OV2295-R2,2295,OV2295_R2_P70,recal,41,0.66,2,63709444,WQC0047
OV2295-R2,2295,OV2295_R2_P70,recal,42,0.65,2,63709444,WQC0047
OV2295-R2,2295,OV2295_R2_P70,recal,43,0.64,2,63709444,WQC0047
OV2295-R2,2295,OV2295_R2_P70,recal,44,0.63,2,63709444,WQC0047
OV2295-R2,2295,OV2295_R2_P70,recal,45,0.62,2,63709444,WQC0047
OV2295-R2,2295,OV2295_R2_P70,recal,46,0.61,2,63709444,WQC0047
OV2295-R2,2295,OV2295_R2_P70,recal,47,0.6,2,63709444,WQC0047
OV2295-R2,2295,OV2295_R2_P70,recal,48,0.59,2,63709444,WQC0047
OV2295-R2,2295,OV2295_R2_P70,recal,49,0.58,2,63709444,WQC0047
OV2295-R2,2295,OV2295_R2_P70,recal,50,0.57,2,63709444,WQC0047
OV2295-R2,2295,OV2295_R2_P70,recal,51,0.56,2,63709444,WQC0047
OV2295-R2,2295,OV2295_R2_P70,recal,52,0.55,2,63709444,WQC0047
OV2295-R2,2295,OV2295_R2_P70,recal,53,0.54,2,63709444,WQC0047
OV2295-R2,2295,OV2295_R2_P70,recal,54,0.53,2,63709444,WQC0047
OV2295-R2,2295,OV2295_R2_P70,recal,55,0.52,2,63709444,WQC0047
OV2295-R2,2295,OV2295_R2_P70,recal,56,0.51,2,63709444,WQC0047
OV2295-R2,2295,OV2295_R2_P70,recal,57,0.5,2,63709444,WQC0047
OV2295-R2,2295,OV2295_R2_P70,recal,58,0.5,2,63709444,WQC0047
OV2295-R2,2295,OV2295_R2_P70,recal,59,0.49,2,63709444,WQC0047
OV2295-R2,2295,OV2295_R2_P70,recal,60,0.48,2,63709444,WQC0047
OV2295-R2,2295,OV2295_R2_P70,recal,61,0.47,2,63709444,WQC0047
OV2295-R2,2295,OV2295_R2_P70,recal,62,0.46,2,63709444,WQC0047
OV2295-R2,2295,OV2295_R2_P70,recal,63,0.45,2,63709444,WQC0047
OV2295-R2,2295,OV2295_R2_P70,recal,64,0.45,2,63709444,WQC0047
OV2295-R2,2295,OV2295_R2_P70,recal,65,0.44,2,63709444,WQC0047
OV2295-R2,2295,OV2295_R2_P70,recal,66,0.43,2,63709444,WQC0047
OV2295-R2,2295,OV2295_R2_P70,recal,67,0.42,2,63709444,WQC0047
OV2295-R2,2295,OV2295_R2_P70,recal,68,0.42,2,63709444,WQC0047
OV2295-R2,2295,OV2295_R2_P70,recal,69,0.41,2,63709444,WQC0047
OV2295-R2,2295,OV2295_R2_P70,recal,70,0.4,2,63709444,WQC0047
OV2295-R2,2295,OV2295_R2_P70,recal,71,0.39,2,63709444,WQC0047
OV2295-R2,2295,OV2295_R2_P70,recal,72,0.39,2,63709444,WQC0047
OV2295-R2,2295,OV2295_R2_P70,recal,73,0.38,2,63709444,WQC0047
OV2295-R2,2295,OV2295_R2_P70,recal,74,0.37,2,63709444,WQC0047
OV2295-R2,2295,OV2295_R2_P70,recal,75,0.37,2,63709444,WQC0047
OV2295-R2,2295,OV2295_R2_P70,recal,76,0.36,2,63709444,WQC0047
OV2295-R2,2295,OV2295_R2_P70,recal,77,0.35,2,63709444,WQC0047
OV2295-R2,2295,OV2295_R2_P70,recal,78,0.35,2,63709444,WQC0047
OV2295-R2,2295,OV2295_R2_P70,recal,79,0.34,2,63709444,WQC0047
OV2295-R2,2295,OV2295_R2_P70,recal,80,0.34,2,63709444,WQC0047
OV2295-R2,2295,OV2295_R2_P70,recal,81,0.33,2,63709444,WQC0047
OV2295-R2,2295,OV2295_R2_P70,recal,82,0.32,2,63709444,WQC0047
OV2295-R2,2295,OV2295_R2_P70,recal,83,0.32,2,63709444,WQC0047
OV2295-R2,2295,OV2295_R2_P70,recal,84,0.31,2,63709444,WQC0047
OV2295-R2,2295,OV2295_R2_P70,recal,85,0.31,2,63709444,WQC0047
OV2295-R2,2295,OV2295_R2_P70,recal,86,0.3,2,63709444,WQC0047
OV2295-R2,2295,OV2295_R2_P70,recal,87,0.3,2,63709444,WQC0047
OV2295-R2,2295,OV2295_R2_P70,recal,88,0.29,2,63709444,WQC0047
OV2295-R2,2295,OV2295_R2_P70,recal,89,0.29,2,63709444,WQC0047
OV2295-R2,2295,OV2295_R2_P70,recal,90,0.28,2,63709444,WQC0047
OV2295-R2,2295,OV2295_R2_P70,recal,91,0.28,2,63709444,WQC0047
OV2295-R2,2295,OV2295_R2_P70,recal,92,0.27,2,63709444,WQC0047
OV2295-R2,2295,OV2295_R2_P70,recal,93,0.27,2,63709444,WQC0047
OV2295-R2,2295,OV2295_R2_P70,recal,94,0.26,2,63709444,WQC0047
OV2295-R2,2295,OV2295_R2_P70,recal,95,0.26,2,63709444,WQC0047
OV2295-R2,2295,OV2295_R2_P70,recal,96,0.25,2,63709444,WQC0047
OV2295-R2,2295,OV2295_R2_P70,recal,97,0.25,2,63709444,WQC0047
OV2295-R2,2295,OV2295_R2_P70,recal,98,0.24,2,63709444,WQC0047
OV2295-R2,2295,OV2295_R2_P70,recal,99,0.24,2,63709444,WQC0047
OV2295-R2,2295,OV2295_R2_P70,recal,100,0.23,2,63709444,WQC0047
OV2295-R2,2295,OV2295_R2_P70,recal,101,0.23,2,63709444,WQC0047
OV2295-R2,2295,OV2295_R2_P70,recal,102,0.23,2,63709444,WQC0047
OV2295-R2,2295,OV2295_R2_P70,recal,103,0.22,2,63709444,WQC0047
OV2295-R2,2295,OV2295_R2_P70,recal,104,0.22,2,63709444,WQC0047
OV2295-R2,2295,OV2295_R2_P70,recal,105,0.22,2,63709444,WQC0047
OV2295-R2,2295,OV2295_R2_P70,recal,106,0.21,2,63709444,WQC0047
OV2295-R2,2295,OV2295_R2_P70,recal,107,0.21,2,63709444,WQC0047
OV2295-R2,2295,OV2295_R2_P70,recal,108,0.2,2,63709444,WQC0047
OV2295-R2,2295,OV2295_R2_P70,recal,109,0.2,2,63709444,WQC0047
OV2295-R2,2295,OV2295_R2_P70,recal,110,0.2,2,63709444,WQC0047
OV2295-R2,2295,OV2295_R2_P70,recal,111,0.19,2,63709444,WQC0047
OV2295-R2,2295,OV2295_R2_P70,recal,112,0.19,2,63709444,WQC0047
OV2295-R2,2295,OV2295_R2_P70,recal,113,0.19,2,63709444,WQC0047
OV2295-R2,2295,OV2295_R2_P70,recal,114,0.18,2,63709444,WQC0047
OV2295-R2,2295,OV2295_R2_P70,recal,115,0.18,2,63709444,WQC0047
OV2295-R2,2295,OV2295_R2_P70,recal,116,0.18,2,63709444,WQC0047
OV2295-R2,2295,OV2295_R2_P70,recal,117,0.18,2,63709444,WQC0047
OV2295-R2,2295,OV2295_R2_P70,recal,118,0.17,2,63709444,WQC0047
OV2295-R2,2295,OV2295_R2_P70,recal,119,0.17,2,63709444,WQC0047
OV2295-R2,2295,OV2295_R2_P70,recal,120,0.17,2,63709444,WQC0047
OV2295-R2,2295,OV2295_R2_P70,recal,121,0.16,2,63709444,WQC0047
OV2295-R2,2295,OV2295_R2_P70,recal,122,0.16,2,63709444,WQC0047
OV2295-R2,2295,OV2295_R2_P70,recal,123,0.16,2,63709444,WQC0047
OV2295-R2,2295,OV2295_R2_P70,recal,124,0.16,2,63709444,WQC0047
OV2295-R2,2295,OV2295_R2_P70,recal,125,0.15,2,63709444,WQC0047
OV2295-R2,2295,OV2295_R2_P70,recal,126,0.15,2,63709444,WQC0047
OV2295-R2,2295,OV2295_R2_P70,recal,127,0.15,2,63709444,WQC0047
OV2295-R2,2295,OV2295_R2_P70,recal,128,0.15,2,63709444,WQC0047
OV2295-R2,2295,OV2295_R2_P70,recal,129,0.14,2,63709444,WQC0047
OV2295-R2,2295,OV2295_R2_P70,recal,130,0.14,2,63709444,WQC0047
OV2295-R2,2295,OV2295_R2_P70,recal,131,0.14,2,63709444,WQC0047
OV2295-R2,2295,OV2295_R2_P70,recal,132,0.14,2,63709444,WQC0047
OV2295-R2,2295,OV2295_R2_P70,recal,133,0.14,2,63709444,WQC0047
OV2295-R2,2295,OV2295_R2_P70,recal,134,0.13,2,63709444,WQC0047
OV2295-R2,2295,OV2295_R2_P70,recal,135,0.13,2,63709444,WQC0047
OV2295-R2,2295,OV2295_R2_P70,recal,136,0.13,2,63709444,WQC0047
OV2295-R2,2295,OV2295_R2_P70,recal,137,0.13,2,63709444,WQC0047
OV2295-R2,2295,OV2295_R2_P70,recal,138,0.13,2,63709444,WQC0047
OV2295-R2,2295,OV2295_R2_P70,recal,139,0.12,2,63709444,WQC0047
OV2295-R2,2295,OV2295_R2_P70,recal,140,0.12,2,63709444,WQC0047
OV2295-R2,2295,OV2295_R2_P70,recal,141,0.12,2,63709444,WQC0047
OV2295-R2,2295,OV2295_R2_P70,recal,142,0.12,2,63709444,WQC0047
OV2295-R2,2295,OV2295_R2_P70,recal,143,0.12,2,63709444,WQC0047
OV2295-R2,2295,OV2295_R2_P70,recal,144,0.11,2,63709444,WQC0047
OV2295-R2,2295,OV2295_R2_P70,recal,145,0.11,2,63709444,WQC0047
OV2295-R2,2295,OV2295_R2_P70,recal,146,0.11,2,63709444,WQC0047
OV2295-R2,2295,OV2295_R2_P70,recal,147,0.11,2,63709444,WQC0047
OV2295-R2,2295,OV2295_R2_P70,recal,148,0.11,2,63709444,WQC0047
OV2295-R2,2295,OV2295_R2_P70,recal,149,0.11,2,63709444,WQC0047
OV2295-R2,2295,OV2295_R2_P70,recal,150,0.1,2,63709444,WQC0047
OV3133-R,3133,OV3133_R_P71,md,0,1.0,2,63709951,WQC0052
OV3133-R,3133,OV3133_R_P71,md,1,0.99,2,63709951,WQC0052
OV3133-R,3133,OV3133_R_P71,md,2,0.99,2,63709951,WQC0052
OV3133-R,3133,OV3133_R_P71,md,3,0.99,2,63709951,WQC0052
OV3133-R,3133,OV3133_R_P71,md,4,0.98,2,63709951,WQC0052
OV3133-R,3133,OV3133_R_P71,md,5,0.98,2,63709951,WQC0052
OV3133-R,3133,OV3133_R_P71,md,6,0.98,2,63709951,WQC0052
OV3133-R,3133,OV3133_R_P71,md,7,0.97,2,63709951,WQC0052
OV3133-R,3133,OV3133_R_P71,md,8,0.97,2,63709951,WQC0052
OV3133-R,3133,OV3133_R_P71,md,9,0.96,2,63709951,WQC0052
OV3133-R,3133,OV3133_R_P71,md,10,0.96,2,63709951,WQC0052
OV3133-R,3133,OV3133_R_P71,md,11,0.95,2,63709951,WQC0052
OV3133-R,3133,OV3133_R_P71,md,12,0.95,2,63709951,WQC0052
OV3133-R,3133,OV3133_R_P71,md,13,0.94,2,63709951,WQC0052
OV3133-R,3133,OV3133_R_P71,md,14,0.93,2,63709951,WQC0052
OV3133-R,3133,OV3133_R_P71,md,15,0.93,2,63709951,WQC0052
OV3133-R,3133,OV3133_R_P71,md,16,0.92,2,63709951,WQC0052
OV3133-R,3133,OV3133_R_P71,md,17,0.91,2,63709951,WQC0052
OV3133-R,3133,OV3133_R_P71,md,18,0.9,2,63709951,WQC0052
OV3133-R,3133,OV3133_R_P71,md,19,0.9,2,63709951,WQC0052
OV3133-R,3133,OV3133_R_P71,md,20,0.89,2,63709951,WQC0052
OV3133-R,3133,OV3133_R_P71,md,21,0.88,2,63709951,WQC0052
OV3133-R,3133,OV3133_R_P71,md,22,0.87,2,63709951,WQC0052
OV3133-R,3133,OV3133_R_P71,md,23,0.86,2,63709951,WQC0052
OV3133-R,3133,OV3133_R_P71,md,24,0.85,2,63709951,WQC0052
OV3133-R,3133,OV3133_R_P71,md,25,0.84,2,63709951,WQC0052
OV3133-R,3133,OV3133_R_P71,md,26,0.83,2,63709951,WQC0052
OV3133-R,3133,OV3133_R_P71,md,27,0.82,2,63709951,WQC0052
OV3133-R,3133,OV3133_R_P71,md,28,0.81,2,63709951,WQC0052
OV3133-R,3133,OV3133_R_P71,md,29,0.8,2,63709951,WQC0052
OV3133-R,3133,OV3133_R_P71,md,30,0.79,2,63709951,WQC0052
OV3133-R,3133,OV3133_R_P71,md,31,0.78,2,63709951,WQC0052
OV3133-R,3133,OV3133_R_P71,md,32,0.77,2,63709951,WQC0052
OV3133-R,3133,OV3133_R_P71,md,33,0.76,2,63709951,WQC0052
OV3133-R,3133,OV3133_R_P71,md,34,0.75,2,63709951,WQC0052
OV3133-R,3133,OV3133_R_P71,md,35,0.74,2,63709951,WQC0052
OV3133-R,3133,OV3133_R_P71,md,36,0.73,2,63709951,WQC0052
OV3133-R,3133,OV3133_R_P71,md,37,0.72,2,63709951,WQC0052
OV3133-R,3133,OV3133_R_P71,md,38,0.7,2,63709951,WQC0052
OV3133-R,3133,OV3133_R_P71,md,39,0.69,2,63709951,WQC0052
OV3133-R,3133,OV3133_R_P71,md,40,0.68,2,63709951,WQC0052
OV3133-R,3133,OV3133_R_P71,md,41,0.67,2,63709951,WQC0052
OV3133-R,3133,OV3133_R_P71,md,42,0.66,2,63709951,WQC0052
OV3133-R,3133,OV3133_R_P71,md,43,0.65,2,63709951,WQC0052
OV3133-R,3133,OV3133_R_P71,md,44,0.64,2,63709951,WQC0052
OV3133-R,3133,OV3133_R_P71,md,45,0.63,2,63709951,WQC0052
OV3133-R,3133,OV3133_R_P71,md,46,0.62,2,63709951,WQC0052
OV3133-R,3133,OV3133_R_P71,md,47,0.61,2,63709951,WQC0052
OV3133-R,3133,OV3133_R_P71,md,48,0.6,2,63709951,WQC0052
OV3133-R,3133,OV3133_R_P71,md,49,0.59,2,63709951,WQC0052
OV3133-R,3133,OV3133_R_P71,md,50,0.58,2,63709951,WQC0052
OV3133-R,3133,OV3133_R_P71,md,51,0.57,2,63709951,WQC0052
OV3133-R,3133,OV3133_R_P71,md,52,0.56,2,63709951,WQC0052
OV3133-R,3133,OV3133_R_P71,md,53,0.55,2,63709951,WQC0052
OV3133-R,3133,OV3133_R_P71,md,54,0.54,2,63709951,WQC0052
OV3133-R,3133,OV3133_R_P71,md,55,0.53,2,63709951,WQC0052
OV3133-R,3133,OV3133_R_P71,md,56,0.52,2,63709951,WQC0052
OV3133-R,3133,OV3133_R_P71,md,57,0.51,2,63709951,WQC0052
OV3133-R,3133,OV3133_R_P71,md,58,0.5,2,63709951,WQC0052
OV3133-R,3133,OV3133_R_P71,md,59,0.5,2,63709951,WQC0052
OV3133-R,3133,OV3133_R_P71,md,60,0.49,2,63709951,WQC0052
OV3133-R,3133,OV3133_R_P71,md,61,0.48,2,63709951,WQC0052
OV3133-R,3133,OV3133_R_P71,md,62,0.47,2,63709951,WQC0052
OV3133-R,3133,OV3133_R_P71,md,63,0.46,2,63709951,WQC0052
OV3133-R,3133,OV3133_R_P71,md,64,0.45,2,63709951,WQC0052
OV3133-R,3133,OV3133_R_P71,md,65,0.44,2,63709951,WQC0052
OV3133-R,3133,OV3133_R_P71,md,66,0.44,2,63709951,WQC0052
OV3133-R,3133,OV3133_R_P71,md,67,0.43,2,63709951,WQC0052
OV3133-R,3133,OV3133_R_P71,md,68,0.42,2,63709951,WQC0052
OV3133-R,3133,OV3133_R_P71,md,69,0.41,2,63709951,WQC0052
OV3133-R,3133,OV3133_R_P71,md,70,0.41,2,63709951,WQC0052
OV3133-R,3133,OV3133_R_P71,md,71,0.4,2,63709951,WQC0052
OV3133-R,3133,OV3133_R_P71,md,72,0.39,2,63709951,WQC0052
OV3133-R,3133,OV3133_R_P71,md,73,0.38,2,63709951,WQC0052
OV3133-R,3133,OV3133_R_P71,md,74,0.38,2,63709951,WQC0052
OV3133-R,3133,OV3133_R_P71,md,75,0.37,2,63709951,WQC0052
OV3133-R,3133,OV3133_R_P71,md,76,0.36,2,63709951,WQC0052
OV3133-R,3133,OV3133_R_P71,md,77,0.36,2,63709951,WQC0052
OV3133-R,3133,OV3133_R_P71,md,78,0.35,2,63709951,WQC0052
OV3133-R,3133,OV3133_R_P71,md,79,0.34,2,63709951,WQC0052
OV3133-R,3133,OV3133_R_P71,md,80,0.34,2,63709951,WQC0052
OV3133-R,3133,OV3133_R_P71,md,81,0.33,2,63709951,WQC0052
OV3133-R,3133,OV3133_R_P71,md,82,0.33,2,63709951,WQC0052
OV3133-R,3133,OV3133_R_P71,md,83,0.32,2,63709951,WQC0052
OV3133-R,3133,OV3133_R_P71,md,84,0.31,2,63709951,WQC0052
OV3133-R,3133,OV3133_R_P71,md,85,0.31,2,63709951,WQC0052
OV3133-R,3133,OV3133_R_P71,md,86,0.3,2,63709951,WQC0052
OV3133-R,3133,OV3133_R_P71,md,87,0.3,2,63709951,WQC0052
OV3133-R,3133,OV3133_R_P71,md,88,0.29,2,63709951,WQC0052
OV3133-R,3133,OV3133_R_P71,md,89,0.29,2,63709951,WQC0052
OV3133-R,3133,OV3133_R_P71,md,90,0.28,2,63709951,WQC0052
OV3133-R,3133,OV3133_R_P71,md,91,0.28,2,63709951,WQC0052
OV3133-R,3133,OV3133_R_P71,md,92,0.27,2,63709951,WQC0052
OV3133-R,3133,OV3133_R_P71,md,93,0.27,2,63709951,WQC0052
OV3133-R,3133,OV3133_R_P71,md,94,0.26,2,63709951,WQC0052
OV3133-R,3133,OV3133_R_P71,md,95,0.26,2,63709951,WQC0052
OV3133-R,3133,OV3133_R_P71,md,96,0.25,2,63709951,WQC0052
OV3133-R,3133,OV3133_R_P71,md,97,0.25,2,63709951,WQC0052
OV3133-R,3133,OV3133_R_P71,md,98,0.24,2,63709951,WQC0052
OV3133-R,3133,OV3133_R_P71,md,99,0.24,2,63709951,WQC0052
OV3133-R,3133,OV3133_R_P71,md,100,0.24,2,63709951,WQC0052
OV3133-R,3133,OV3133_R_P71,md,101,0.23,2,63709951,WQC0052
OV3133-R,3133,OV3133_R_P71,md,102,0.23,2,63709951,WQC0052
OV3133-R,3133,OV3133_R_P71,md,103,0.22,2,63709951,WQC0052
OV3133-R,3133,OV3133_R_P71,md,104,0.22,2,63709951,WQC0052
OV3133-R,3133,OV3133_R_P71,md,105,0.22,2,63709951,WQC0052
OV3133-R,3133,OV3133_R_P71,md,106,0.21,2,63709951,WQC0052
OV3133-R,3133,OV3133_R_P71,md,107,0.21,2,63709951,WQC0052
OV3133-R,3133,OV3133_R_P71,md,108,0.21,2,63709951,WQC0052
OV3133-R,3133,OV3133_R_P71,md,109,0.2,2,63709951,WQC0052
OV3133-R,3133,OV3133_R_P71,md,110,0.2,2,63709951,WQC0052
OV3133-R,3133,OV3133_R_P71,md,111,0.2,2,63709951,WQC0052
OV3133-R,3133,OV3133_R_P71,md,112,0.19,2,63709951,WQC0052
OV3133-R,3133,OV3133_R_P71,md,113,0.19,2,63709951,WQC0052
OV3133-R,3133,OV3133_R_P71,md,114,0.19,2,63709951,WQC0052
OV3133-R,3133,OV3133_R_P71,md,115,0.18,2,63709951,WQC0052
OV3133-R,3133,OV3133_R_P71,md,116,0.18,2,63709951,WQC0052
OV3133-R,3133,OV3133_R_P71,md,117,0.18,2,63709951,WQC0052
OV3133-R,3133,OV3133_R_P71,md,118,0.17,2,63709951,WQC0052
OV3133-R,3133,OV3133_R_P71,md,119,0.17,2,63709951,WQC0052
OV3133-R,3133,OV3133_R_P71,md,120,0.17,2,63709951,WQC0052
OV3133-R,3133,OV3133_R_P71,md,121,0.17,2,63709951,WQC0052
OV3133-R,3133,OV3133_R_P71,md,122,0.16,2,63709951,WQC0052
OV3133-R,3133,OV3133_R_P71,md,123,0.16,2,63709951,WQC0052
OV3133-R,3133,OV3133_R_P71,md,124,0.16,2,63709951,WQC0052
OV3133-R,3133,OV3133_R_P71,md,125,0.16,2,63709951,WQC0052
OV3133-R,3133,OV3133_R_P71,md,126,0.15,2,63709951,WQC0052
OV3133-R,3133,OV3133_R_P71,md,127,0.15,2,63709951,WQC0052
OV3133-R,3133,OV3133_R_P71,md,128,0.15,2,63709951,WQC0052
OV3133-R,3133,OV3133_R_P71,md,129,0.15,2,63709951,WQC0052
OV3133-R,3133,OV3133_R_P71,md,130,0.14,2,63709951,WQC0052
OV3133-R,3133,OV3133_R_P71,md,131,0.14,2,63709951,WQC0052
OV3133-R,3133,OV3133_R_P71,md,132,0.14,2,63709951,WQC0052
OV3133-R,3133,OV3133_R_P71,md,133,0.14,2,63709951,WQC0052
OV3133-R,3133,OV3133_R_P71,md,134,0.14,2,63709951,WQC0052
OV3133-R,3133,OV3133_R_P71,md,135,0.13,2,63709951,WQC0052
OV3133-R,3133,OV3133_R_P71,md,136,0.13,2,63709951,WQC0052
OV3133-R,3133,OV3133_R_P71,md,137,0.13,2,63709951,WQC0052
OV3133-R,3133,OV3133_R_P71,md,138,0.13,2,63709951,WQC0052
OV3133-R,3133,OV3133_R_P71,md,139,0.13,2,63709951,WQC0052
OV3133-R,3133,OV3133_R_P71,md,140,0.12,2,63709951,WQC0052
OV3133-R,3133,OV3133_R_P71,md,141,0.12,2,63709951,WQC0052
OV3133-R,3133,OV3133_R_P71,md,142,0.12,2,63709951,WQC0052
OV3133-R,3133,OV3133_R_P71,md,143,0.12,2,63709951,WQC0052
OV3133-R,3133,OV3133_R_P71,md,144,0.12,2,63709951,WQC0052
OV3133-R,3133,OV3133_R_P71,md,145,0.11,2,63709951,WQC0052
OV3133-R,3133,OV3133_R_P71,md,146,0.11,2,63709951,WQC0052
OV3133-R,3133,OV3133_R_P71,md,147,0.11,2,63709951,WQC0052
OV3133-R,3133,OV3133_R_P71,md,148,0.11,2,63709951,WQC0052
OV3133-R,3133,OV3133_R_P71,md,149,0.11,2,63709951,WQC0052
OV3133-R,3133,OV3133_R_P71,md,150,0.11,2,63709951,WQC0052
OV3133-R,3133,OV3133_R_P71,recal,0,1.0,2,63709444,WQC0055
OV3133-R,3133,OV3133_R_P71,recal,1,0.99,2,63709444,WQC0055
OV3133-R,3133,OV3133_R_P71,recal,2,0.99,2,63709444,WQC0055
OV3133-R,3133,OV3133_R_P71,recal,3,0.99,2,63709444,WQC0055
OV3133-R,3133,OV3133_R_P71,recal,4,0.98,2,63709444,WQC0055
OV3133-R,3133,OV3133_R_P71,recal,5,0.98,2,63709444,WQC0055
OV3133-R,3133,OV3133_R_P71,recal,6,0.98,2,63709444,WQC0055
OV3133-R,3133,OV3133_R_P71,recal,7,0.97,2,63709444,WQC0055
OV3133-R,3133,OV3133_R_P71,recal,8,0.97,2,63709444,WQC0055
OV3133-R,3133,OV3133_R_P71,recal,9,0.96,2,63709444,WQC0055
OV3133-R,3133,OV3133_R_P71,recal,10,0.96,2,63709444,WQC0055
OV3133-R,3133,OV3133_R_P71,recal,11,0.95,2,63709444,WQC0055
OV3133-R,3133,OV3133_R_P71,recal,12,0.95,2,63709444,WQC0055
OV3133-R,3133,OV3133_R_P71,recal,13,0.94,2,63709444,WQC0055
OV3133-R,3133,OV3133_R_P71,recal,14,0.93,2,63709444,WQC0055
OV3133-R,3133,OV3133_R_P71,recal,15,0.93,2,63709444,WQC0055
OV3133-R,3133,OV3133_R_P71,recal,16,0.92,2,63709444,WQC0055
OV3133-R,3133,OV3133_R_P71,recal,17,0.91,2,63709444,WQC0055
OV3133-R,3133,OV3133_R_P71,recal,18,0.9,2,63709444,WQC0055
OV3133-R,3133,OV3133_R_P71,recal,19,0.9,2,63709444,WQC0055
OV3133-R,3133,OV3133_R_P71,recal,20,0.89,2,63709444,WQC0055
OV3133-R,3133,OV3133_R_P71,recal,21,0.88,2,63709444,WQC0055
OV3133-R,3133,OV3133_R_P71,recal,22,0.87,2,63709444,WQC0055
OV3133-R,3133,OV3133_R_P71,recal,23,0.86,2,63709444,WQC0055
OV3133-R,3133,OV3133_R_P71,recal,24,0.85,2,63709444,WQC0055
OV3133-R,3133,OV3133_R_P71,recal,25,0.84,2,63709444,WQC0055
OV3133-R,3133,OV3133_R_P71,recal,26,0.83,2,63709444,WQC0055
OV3133-R,3133,OV3133_R_P71,recal,27,0.82,2,63709444,WQC0055
OV3133-R,3133,OV3133_R_P71,recal,28,0.81,2,63709444,WQC0055
OV3133-R,3133,OV3133_R_P71,recal,29,0.8,2,63709444,WQC0055
OV3133-R,3133,OV3133_R_P71,recal,30,0.79,2,63709444,WQC0055
OV3133-R,3133,OV3133_R_P71,recal,31,0.78,2,63709444,WQC0055
OV3133-R,3133,OV3133_R_P71,recal,32,0.77,2,63709444,WQC0055
OV3133-R,3133,OV3133_R_P71,recal,33,0.76,2,63709444,WQC0055
OV3133-R,3133,OV3133_R_P71,recal,34,0.75,2,63709444,WQC0055
OV3133-R,3133,OV3133_R_P71,recal,35,0.74,2,63709444,WQC0055
OV3133-R,3133,OV3133_R_P71,recal,36,0.73,2,63709444,WQC0055
OV3133-R,3133,OV3133_R_P71,recal,37,0.72,2,63709444,WQC0055
OV3133-R,3133,OV3133_R_P71,recal,38,0.7,2,63709444,WQC0055
OV3133-R,3133,OV3133_R_P71,recal,39,0.69,2,63709444,WQC0055
OV3133-R,3133,OV3133_R_P71,recal,40,0.68,2,63709444,WQC0055
OV3133-R,3133,OV3133_R_P71,recal,41,0.67,2,63709444,WQC0055
OV3133-R,3133,OV3133_R_P71,recal,42,0.66,2,63709444,WQC0055
OV3133-R,3133,OV3133_R_P71,recal,43,0.65,2,63709444,WQC0055
OV3133-R,3133,OV3133_R_P71,recal,44,0.64,2,63709444,WQC0055
OV3133-R,3133,OV3133_R_P71,recal,45,0.63,2,63709444,WQC0055
OV3133-R,3133,OV3133_R_P71,recal,46,0.62,2,63709444,WQC0055
OV3133-R,3133,OV3133_R_P71,recal,47,0.61,2,63709444,WQC0055
OV3133-R,3133,OV3133_R_P71,recal,48,0.6,2,63709444,WQC0055
OV3133-R,3133,OV3133_R_P71,recal,49,0.59,2,63709444,WQC0055
OV3133-R,3133,OV3133_R_P71,recal,50,0.58,2,63709444,WQC0055
OV3133-R,3133,OV3133_R_P71,recal,51,0.57,2,63709444,WQC0055
OV3133-R,3133,OV3133_R_P71,recal,52,0.56,2,63709444,WQC0055
OV3133-R,3133,OV3133_R_P71,recal,53,0.55,2,63709444,WQC0055
OV3133-R,3133,OV3133_R_P71,recal,54,0.54,2,63709444,WQC0055
OV3133-R,3133,OV3133_R_P71,recal,55,0.53,2,63709444,WQC0055
OV3133-R,3133,OV3133_R_P71,recal,56,0.52,2,63709444,WQC0055
OV3133-R,3133,OV3133_R_P71,recal,57,0.51,2,63709444,WQC0055
OV3133-R,3133,OV3133_R_P71,recal,58,0.5,2,63709444,WQC0055
OV3133-R,3133,OV3133_R_P71,recal,59,0.5,2,63709444,WQC0055
OV3133-R,3133,OV3133_R_P71,recal,60,0.49,2,63709444,WQC0055
OV3133-R,3133,OV3133_R_P71,recal,61,0.48,2,63709444,WQC0055
OV3133-R,3133,OV3133_R_P71,recal,62,0.47,2,63709444,WQC0055
OV3133-R,3133,OV3133_R_P71,recal,63,0.46,2,63709444,WQC0055
OV3133-R,3133,OV3133_R_P71,recal,64,0.45,2,63709444,WQC0055
OV3133-R,3133,OV3133_R_P71,recal,65,0.44,2,63709444,WQC0055
OV3133-R,3133,OV3133_R_P71,recal,66,0.44,2,63709444,WQC0055
OV3133-R,3133,OV3133_R_P71,recal,67,0.43,2,63709444,WQC0055
OV3133-R,3133,OV3133_R_P71,recal,68,0.42,2,63709444,WQC0055
OV3133-R,3133,OV3133_R_P71,recal,69,0.41,2,63709444,WQC0055
OV3133-R,3133,OV3133_R_P71,recal,70,0.41,2,63709444,WQC0055
OV3133-R,3133,OV3133_R_P71,recal,71,0.4,2,63709444,WQC0055
OV3133-R,3133,OV3133_R_P71,recal,72,0.39,2,63709444,WQC0055
OV3133-R,3133,OV3133_R_P71,recal,73,0.38,2,63709444,WQC0055
OV3133-R,3133,OV3133_R_P71,recal,74,0.38,2,63709444,WQC0055
OV3133-R,3133,OV3133_R_P71,recal,75,0.37,2,63709444,WQC0055
OV3133-R,3133,OV3133_R_P71,recal,76,0.36,2,63709444,WQC0055
OV3133-R,3133,OV3133_R_P71,recal,77,0.36,2,63709444,WQC0055
OV3133-R,3133,OV3133_R_P71,recal,78,0.35,2,63709444,WQC0055
OV3133-R,3133,OV3133_R_P71,recal,79,0.34,2,63709444,WQC0055
OV3133-R,3133,OV3133_R_P71,recal,80,0.34,2,63709444,WQC0055
OV3133-R,3133,OV3133_R_P71,recal,81,0.33,2,63709444,WQC0055
OV3133-R,3133,OV3133_R_P71,recal,82,0.33,2,63709444,WQC0055
OV3133-R,3133,OV3133_R_P71,recal,83,0.32,2,63709444,WQC0055
OV3133-R,3133,OV3133_R_P71,recal,84,0.31,2,63709444,WQC0055
OV3133-R,3133,OV3133_R_P71,recal,85,0.31,2,63709444,WQC0055
OV3133-R,3133,OV3133_R_P71,recal,86,0.3,2,63709444,WQC0055
OV3133-R,3133,OV3133_R_P71,recal,87,0.3,2,63709444,WQC0055
OV3133-R,3133,OV3133_R_P71,recal,88,0.29,2,63709444,WQC0055
OV3133-R,3133,OV3133_R_P71,recal,89,0.29,2,63709444,WQC0055
OV3133-R,3133,OV3133_R_P71,recal,90,0.28,2,63709444,WQC0055
OV3133-R,3133,OV3133_R_P71,recal,91,0.28,2,63709444,WQC0055
OV3133-R,3133,OV3133_R_P71,recal,92,0.27,2,63709444,WQC0055
OV3133-R,3133,OV3133_R_P71,recal,93,0.27,2,63709444,WQC0055
OV3133-R,3133,OV3133_R_P71,recal,94,0.26,2,63709444,WQC0055
OV3133-R,3133,OV3133_R_P71,recal,95,0.26,2,63709444,WQC0055
OV3133-R,3133,OV3133_R_P71,recal,96,0.25,2,63709444,WQC0055
OV3133-R,3133,OV3133_R_P71,recal,97,0.25,2,63709444,WQC0055
OV3133-R,3133,OV3133_R_P71,recal,98,0.24,2,63709444,WQC0055
OV3133-R,3133,OV3133_R_P71,recal,99,0.24,2,63709444,WQC0055
OV3133-R,3133,OV3133_R_P71,recal,100,0.24,2,63709444,WQC0055
OV3133-R,3133,OV3133_R_P71,recal,101,0.23,2,63709444,WQC0055
OV3133-R,3133,OV3133_R_P71,recal,102,0.23,2,63709444,WQC0055
OV3133-R,3133,OV3133_R_P71,recal,103,0.22,2,63709444,WQC0055
OV3133-R,3133,OV3133_R_P71,recal,104,0.22,2,63709444,WQC0055
OV3133-R,3133,OV3133_R_P71,recal,105,0.22,2,63709444,WQC0055
OV3133-R,3133,OV3133_R_P71,recal,106,0.21,2,63709444,WQC0055
OV3133-R,3133,OV3133_R_P71,recal,107,0.21,2,63709444,WQC0055
OV3133-R,3133,OV3133_R_P71,recal,108,0.21,2,63709444,WQC0055
OV3133-R,3133,OV3133_R_P71,recal,109,0.2,2,63709444,WQC0055
OV3133-R,3133,OV3133_R_P71,recal,110,0.2,2,63709444,WQC0055
OV3133-R,3133,OV3133_R_P71,recal,111,0.2,2,63709444,WQC0055
OV3133-R,3133,OV3133_R_P71,recal,112,0.19,2,63709444,WQC0055
OV3133-R,3133,OV3133_R_P71,recal,113,0.19,2,63709444,WQC0055
OV3133-R,3133,OV3133_R_P71,recal,114,0.19,2,63709444,WQC0055
OV3133-R,3133,OV3133_R_P71,recal,115,0.18,2,63709444,WQC0055
OV3133-R,3133,OV3133_R_P71,recal,116,0.18,2,63709444,WQC0055
OV3133-R,3133,OV3133_R_P71,recal,117,0.18,2,63709444,WQC0055
OV3133-R,3133,OV3133_R_P71,recal,118,0.17,2,63709444,WQC0055
OV3133-R,3133,OV3133_R_P71,recal,119,0.17,2,63709444,WQC0055
OV3133-R,3133,OV3133_R_P71,recal,120,0.17,2,63709444,WQC0055
OV3133-R,3133,OV3133_R_P71,recal,121,0.17,2,63709444,WQC0055
OV3133-R,3133,OV3133_R_P71,recal,122,0.16,2,63709444,WQC0055
OV3133-R,3133,OV3133_R_P71,recal,123,0.16,2,63709444,WQC0055
OV3133-R,3133,OV3133_R_P71,recal,124,0.16,2,63709444,WQC0055
OV3133-R,3133,OV3133_R_P71,recal,125,0.16,2,63709444,WQC0055
OV3133-R,3133,OV3133_R_P71,recal,126,0.15,2,63709444,WQC0055
OV3133-R,3133,OV3133_R_P71,recal,127,0.15,2,63709444,WQC0055
OV3133-R,3133,OV3133_R_P71,recal,128,0.15,2,63709444,WQC0055
OV3133-R,3133,OV3133_R_P71,recal,129,0.15,2,63709444,WQC0055
OV3133-R,3133,OV3133_R_P71,recal,130,0.14,2,63709444,WQC0055
OV3133-R,3133,OV3133_R_P71,recal,131,0.14,2,63709444,WQC0055
OV3133-R,3133,OV3133_R_P71,recal,132,0.14,2,63709444,WQC0055
OV3133-R,3133,OV3133_R_P71,recal,133,0.14,2,63709444,WQC0055
OV3133-R,3133,OV3133_R_P71,recal,134,0.14,2,63709444,WQC0055
OV3133-R,3133,OV3133_R_P71,recal,135,0.13,2,63709444,WQC0055
OV3133-R,3133,OV3133_R_P71,recal,136,0.13,2,63709444,WQC0055
OV3133-R,3133,OV3133_R_P71,recal,137,0.13,2,63709444,WQC0055
OV3133-R,3133,OV3133_R_P71,recal,138,0.13,2,63709444,WQC0055
OV3133-R,3133,OV3133_R_P71,recal,139,0.13,2,63709444,WQC0055
OV3133-R,3133,OV3133_R_P71,recal,140,0.12,2,63709444,WQC0055
OV3133-R,3133,OV3133_R_P71,recal,141,0.12,2,63709444,WQC0055
OV3133-R,3133,OV3133_R_P71,recal,142,0.12,2,63709444,WQC0055
OV3133-R,3133,OV3133_R_P71,recal,143,0.12,2,63709444,WQC0055
OV3133-R,3133,OV3133_R_P71,recal,144,0.12,2,63709444,WQC0055
OV3133-R,3133,OV3133_R_P71,recal,145,0.11,2,63709444,WQC0055
OV3133-R,3133,OV3133_R_P71,recal,146,0.11,2,63709444,WQC0055
OV3133-R,3133,OV3133_R_P71,recal,147,0.11,2,63709444,WQC0055
OV3133-R,3133,OV3133_R_P71,recal,148,0.11,2,63709444,WQC0055
OV3133-R,3133,OV3133_R_P71,recal,149,0.11,2,63709444,WQC0055
OV3133-R,3133,OV3133_R_P71,recal,150,0.11,2,63709444,WQC0055
OV3133-R2,3133,OV3133_R2_P58,md,0,1.0,2,63709951,WQC0060
OV3133-R2,3133,OV3133_R2_P58,md,1,0.99,2,63709951,WQC0060
OV3133-R2,3133,OV3133_R2_P58,md,2,0.99,2,63709951,WQC0060
OV3133-R2,3133,OV3133_R2_P58,md,3,0.99,2,63709951,WQC0060
OV3133-R2,3133,OV3133_R2_P58,md,4,0.98,2,63709951,WQC0060
OV3133-R2,3133,OV3133_R2_P58,md,5,0.98,2,63709951,WQC0060
OV3133-R2,3133,OV3133_R2_P58,md,6,0.97,2,63709951,WQC0060
OV3133-R2,3133,OV3133_R2_P58,md,7,0.97,2,63709951,WQC0060
OV3133-R2,3133,OV3133_R2_P58,md,8,0.96,2,63709951,WQC0060
OV3133-R2,3133,OV3133_R2_P58,md,9,0.96,2,63709951,WQC0060
OV3133-R2,3133,OV3133_R2_P58,md,10,0.95,2,63709951,WQC0060
OV3133-R2,3133,OV3133_R2_P58,md,11,0.95,2,63709951,WQC0060
OV3133-R2,3133,OV3133_R2_P58,md,12,0.94,2,63709951,WQC0060
OV3133-R2,3133,OV3133_R2_P58,md,13,0.93,2,63709951,WQC0060
OV3133-R2,3133,OV3133_R2_P58,md,14,0.93,2,63709951,WQC0060
OV3133-R2,3133,OV3133_R2_P58,md,15,0.92,2,63709951,WQC0060
OV3133-R2,3133,OV3133_R2_P58,md,16,0.91,2,63709951,WQC0060
OV3133-R2,3133,OV3133_R2_P58,md,17,0.9,2,63709951,WQC0060
OV3133-R2,3133,OV3133_R2_P58,md,18,0.89,2,63709951,WQC0060
OV3133-R2,3133,OV3133_R2_P58,md,19,0.88,2,63709951,WQC0060
OV3133-R2,3133,OV3133_R2_P58,md,20,0.88,2,63709951,WQC0060
OV3133-R2,3133,OV3133_R2_P58,md,21,0.87,2,63709951,WQC0060
OV3133-R2,3133,OV3133_R2_P58,md,22,0.86,2,63709951,WQC0060
OV3133-R2,3133,OV3133_R2_P58,md,23,0.85,2,63709951,WQC0060
OV3133-R2,3133,OV3133_R2_P58,md,24,0.84,2,63709951,WQC0060
OV3133-R2,3133,OV3133_R2_P58,md,25,0.83,2,63709951,WQC0060
OV3133-R2,3133,OV3133_R2_P58,md,26,0.82,2,63709951,WQC0060
OV3133-R2,3133,OV3133_R2_P58,md,27,0.81,2,63709951,WQC0060
OV3133-R2,3133,OV3133_R2_P58,md,28,0.8,2,63709951,WQC0060
OV3133-R2,3133,OV3133_R2_P58,md,29,0.79,2,63709951,WQC0060
OV3133-R2,3133,OV3133_R2_P58,md,30,0.78,2,63709951,WQC0060
OV3133-R2,3133,OV3133_R2_P58,md,31,0.77,2,63709951,WQC0060
OV3133-R2,3133,OV3133_R2_P58,md,32,0.76,2,63709951,WQC0060
OV3133-R2,3133,OV3133_R2_P58,md,33,0.75,2,63709951,WQC0060
OV3133-R2,3133,OV3133_R2_P58,md,34,0.74,2,63709951,WQC0060
OV3133-R2,3133,OV3133_R2_P58,md,35,0.73,2,63709951,WQC0060
OV3133-R2,3133,OV3133_R2_P58,md,36,0.72,2,63709951,WQC0060
OV3133-R2,3133,OV3133_R2_P58,md,37,0.71,2,63709951,WQC0060
OV3133-R2,3133,OV3133_R2_P58,md,38,0.7,2,63709951,WQC0060
OV3133-R2,3133,OV3133_R2_P58,md,39,0.69,2,63709951,WQC0060
OV3133-R2,3133,OV3133_R2_P58,md,40,0.68,2,63709951,WQC0060
OV3133-R2,3133,OV3133_R2_P58,md,41,0.67,2,63709951,WQC0060
OV3133-R2,3133,OV3133_R2_P58,md,42,0.66,2,63709951,WQC0060
OV3133-R2,3133,OV3133_R2_P58,md,43,0.65,2,63709951,WQC0060
OV3133-R2,3133,OV3133_R2_P58,md,44,0.64,2,63709951,WQC0060
OV3133-R2,3133,OV3133_R2_P58,md,45,0.63,2,63709951,WQC0060
OV3133-R2,3133,OV3133_R2_P58,md,46,0.62,2,63709951,WQC0060
OV3133-R2,3133,OV3133_R2_P58,md,47,0.61,2,63709951,WQC0060
OV3133-R2,3133,OV3133_R2_P58,md,48,0.6,2,63709951,WQC0060
OV3133-R2,3133,OV3133_R2_P58,md,49,0.59,2,63709951,WQC0060
OV3133-R2,3133,OV3133_R2_P58,md,50,0.58,2,63709951,WQC0060
OV3133-R2,3133,OV3133_R2_P58,md,51,0.57,2,63709951,WQC0060
OV3133-R2,3133,OV3133_R2_P58,md,52,0.57,2,63709951,WQC0060
OV3133-R2,3133,OV3133_R2_P58,md,53,0.56,2,63709951,WQC0060
OV3133-R2,3133,OV3133_R2_P58,md,54,0.55,2,63709951,WQC0060
OV3133-R2,3133,OV3133_R2_P58,md,55,0.54,2,63709951,WQC0060
OV3133-R2,3133,OV3133_R2_P58,md,56,0.53,2,63709951,WQC0060
OV3133-R2,3133,OV3133_R2_P58,md,57,0.52,2,63709951,WQC0060
OV3133-R2,3133,OV3133_R2_P58,md,58,0.51,2,63709951,WQC0060
OV3133-R2,3133,OV3133_R2_P58,md,59,0.51,2,63709951,WQC0060
OV3133-R2,3133,OV3133_R2_P58,md,60,0.5,2,63709951,WQC0060
OV3133-R2,3133,OV3133_R2_P58,md,61,0.49,2,63709951,WQC0060
OV3133-R2,3133,OV3133_R2_P58,md,62,0.48,2,63709951,WQC0060
OV3133-R2,3133,OV3133_R2_P58,md,63,0.48,2,63709951,WQC0060
OV3133-R2,3133,OV3133_R2_P58,md,64,0.47,2,63709951,WQC0060
OV3133-R2,3133,OV3133_R2_P58,md,65,0.46,2,63709951,WQC0060
OV3133-R2,3133,OV3133_R2_P58,md,66,0.45,2,63709951,WQC0060
OV3133-R2,3133,OV3133_R2_P58,md,67,0.45,2,63709951,WQC0060
OV3133-R2,3133,OV3133_R2_P58,md,68,0.44,2,63709951,WQC0060
OV3133-R2,3133,OV3133_R2_P58,md,69,0.43,2,63709951,WQC0060
OV3133-R2,3133,OV3133_R2_P58,md,70,0.43,2,63709951,WQC0060
OV3133-R2,3133,OV3133_R2_P58,md,71,0.42,2,63709951,WQC0060
OV3133-R2,3133,OV3133_R2_P58,md,72,0.41,2,63709951,WQC0060
OV3133-R2,3133,OV3133_R2_P58,md,73,0.41,2,63709951,WQC0060
OV3133-R2,3133,OV3133_R2_P58,md,74,0.4,2,63709951,WQC0060
OV3133-R2,3133,OV3133_R2_P58,md,75,0.39,2,63709951,WQC0060
OV3133-R2,3133,OV3133_R2_P58,md,76,0.39,2,63709951,WQC0060
OV3133-R2,3133,OV3133_R2_P58,md,77,0.38,2,63709951,WQC0060
OV3133-R2,3133,OV3133_R2_P58,md,78,0.37,2,63709951,WQC0060
OV3133-R2,3133,OV3133_R2_P58,md,79,0.37,2,63709951,WQC0060
OV3133-R2,3133,OV3133_R2_P58,md,80,0.36,2,63709951,WQC0060
OV3133-R2,3133,OV3133_R2_P58,md,81,0.36,2,63709951,WQC0060
OV3133-R2,3133,OV3133_R2_P58,md,82,0.35,2,63709951,WQC0060
OV3133-R2,3133,OV3133_R2_P58,md,83,0.35,2,63709951,WQC0060
OV3133-R2,3133,OV3133_R2_P58,md,84,0.34,2,63709951,WQC0060
OV3133-R2,3133,OV3133_R2_P58,md,85,0.34,2,63709951,WQC0060
OV3133-R2,3133,OV3133_R2_P58,md,86,0.33,2,63709951,WQC0060
OV3133-R2,3133,OV3133_R2_P58,md,87,0.32,2,63709951,WQC0060
OV3133-R2,3133,OV3133_R2_P58,md,88,0.32,2,63709951,WQC0060
OV3133-R2,3133,OV3133_R2_P58,md,89,0.31,2,63709951,WQC0060
OV3133-R2,3133,OV3133_R2_P58,md,90,0.31,2,63709951,WQC0060
OV3133-R2,3133,OV3133_R2_P58,md,91,0.31,2,63709951,WQC0060
OV3133-R2,3133,OV3133_R2_P58,md,92,0.3,2,63709951,WQC0060
OV3133-R2,3133,OV3133_R2_P58,md,93,0.3,2,63709951,WQC0060
OV3133-R2,3133,OV3133_R2_P58,md,94,0.29,2,63709951,WQC0060
OV3133-R2,3133,OV3133_R2_P58,md,95,0.29,2,63709951,WQC0060
OV3133-R2,3133,OV3133_R2_P58,md,96,0.28,2,63709951,WQC0060
OV3133-R2,3133,OV3133_R2_P58,md,97,0.28,2,63709951,WQC0060
OV3133-R2,3133,OV3133_R2_P58,md,98,0.27,2,63709951,WQC0060
OV3133-R2,3133,OV3133_R2_P58,md,99,0.27,2,63709951,WQC0060
OV3133-R2,3133,OV3133_R2_P58,md,100,0.27,2,63709951,WQC0060
OV3133-R2,3133,OV3133_R2_P58,md,101,0.26,2,63709951,WQC0060
OV3133-R2,3133,OV3133_R2_P58,md,102,0.26,2,63709951,WQC0060
OV3133-R2,3133,OV3133_R2_P58,md,103,0.25,2,63709951,WQC0060
OV3133-R2,3133,OV3133_R2_P58,md,104,0.25,2,63709951,WQC0060
OV3133-R2,3133,OV3133_R2_P58,md,105,0.25,2,63709951,WQC0060
OV3133-R2,3133,OV3133_R2_P58,md,106,0.24,2,63709951,WQC0060
OV3133-R2,3133,OV3133_R2_P58,md,107,0.24,2,63709951,WQC0060
OV3133-R2,3133,OV3133_R2_P58,md,108,0.24,2,63709951,WQC0060
OV3133-R2,3133,OV3133_R2_P58,md,109,0.23,2,63709951,WQC0060
OV3133-R2,3133,OV3133_R2_P58,md,110,0.23,2,63709951,WQC0060
OV3133-R2,3133,OV3133_R2_P58,md,111,0.23,2,63709951,WQC0060
OV3133-R2,3133,OV3133_R2_P58,md,112,0.22,2,63709951,WQC0060
OV3133-R2,3133,OV3133_R2_P58,md,113,0.22,2,63709951,WQC0060
OV3133-R2,3133,OV3133_R2_P58,md,114,0.22,2,63709951,WQC0060
OV3133-R2,3133,OV3133_R2_P58,md,115,0.21,2,63709951,WQC0060
OV3133-R2,3133,OV3133_R2_P58,md,116,0.21,2,63709951,WQC0060
OV3133-R2,3133,OV3133_R2_P58,md,117,0.21,2,63709951,WQC0060
OV3133-R2,3133,OV3133_R2_P58,md,118,0.2,2,63709951,WQC0060
OV3133-R2,3133,OV3133_R2_P58,md,119,0.2,2,63709951,WQC0060
OV3133-R2,3133,OV3133_R2_P58,md,120,0.2,2,63709951,WQC0060
OV3133-R2,3133,OV3133_R2_P58,md,121,0.19,2,63709951,WQC0060
OV3133-R2,3133,OV3133_R2_P58,md,122,0.19,2,63709951,WQC0060
OV3133-R2,3133,OV3133_R2_P58,md,123,0.19,2,63709951,WQC0060
OV3133-R2,3133,OV3133_R2_P58,md,124,0.19,2,63709951,WQC0060
OV3133-R2,3133,OV3133_R2_P58,md,125,0.18,2,63709951,WQC0060
OV3133-R2,3133,OV3133_R2_P58,md,126,0.18,2,63709951,WQC0060
OV3133-R2,3133,OV3133_R2_P58,md,127,0.18,2,63709951,WQC0060
OV3133-R2,3133,OV3133_R2_P58,md,128,0.18,2,63709951,WQC0060
OV3133-R2,3133,OV3133_R2_P58,md,129,0.17,2,63709951,WQC0060
OV3133-R2,3133,OV3133_R2_P58,md,130,0.17,2,63709951,WQC0060
OV3133-R2,3133,OV3133_R2_P58,md,131,0.17,2,63709951,WQC0060
OV3133-R2,3133,OV3133_R2_P58,md,132,0.17,2,63709951,WQC0060
OV3133-R2,3133,OV3133_R2_P58,md,133,0.16,2,63709951,WQC0060
OV3133-R2,3133,OV3133_R2_P58,md,134,0.16,2,63709951,WQC0060
OV3133-R2,3133,OV3133_R2_P58,md,135,0.16,2,63709951,WQC0060
OV3133-R2,3133,OV3133_R2_P58,md,136,0.16,2,63709951,WQC0060
OV3133-R2,3133,OV3133_R2_P58,md,137,0.16,2,63709951,WQC0060
OV3133-R2,3133,OV3133_R2_P58,md,138,0.15,2,63709951,WQC0060
OV3133-R2,3133,OV3133_R2_P58,md,139,0.15,2,63709951,WQC0060
OV3133-R2,3133,OV3133_R2_P58,md,140,0.15,2,63709951,WQC0060
OV3133-R2,3133,OV3133_R2_P58,md,141,0.15,2,63709951,WQC0060
OV3133-R2,3133,OV3133_R2_P58,md,142,0.15,2,63709951,WQC0060
OV3133-R2,3133,OV3133_R2_P58,md,143,0.14,2,63709951,WQC0060
OV3133-R2,3133,OV3133_R2_P58,md,144,0.14,2,63709951,WQC0060
OV3133-R2,3133,OV3133_R2_P58,md,145,0.14,2,63709951,WQC0060
OV3133-R2,3133,OV3133_R2_P58,md,146,0.14,2,63709951,WQC0060
OV3133-R2,3133,OV3133_R2_P58,md,147,0.14,2,63709951,WQC0060
OV3133-R2,3133,OV3133_R2_P58,md,148,0.13,2,63709951,WQC0060
OV3133-R2,3133,OV3133_R2_P58,md,149,0.13,2,63709951,WQC0060
OV3133-R2,3133,OV3133_R2_P58,md,150,0.13,2,63709951,WQC0060
OV3133-R2,3133,OV3133_R2_P58,recal,0,1.0,2,63709444,WQC0063
OV3133-R2,3133,OV3133_R2_P58,recal,1,0.99,2,63709444,WQC0063
OV3133-R2,3133,OV3133_R2_P58,recal,2,0.99,2,63709444,WQC0063
OV3133-R2,3133,OV3133_R2_P58,recal,3,0.99,2,63709444,WQC0063
OV3133-R2,3133,OV3133_R2_P58,recal,4,0.98,2,63709444,WQC0063
OV3133-R2,3133,OV3133_R2_P58,recal,5,0.98,2,63709444,WQC0063
OV3133-R2,3133,OV3133_R2_P58,recal,6,0.97,2,63709444,WQC0063
OV3133-R2,3133,OV3133_R2_P58,recal,7,0.97,2,63709444,WQC0063
OV3133-R2,3133,OV3133_R2_P58,recal,8,0.96,2,63709444,WQC0063
OV3133-R2,3133,OV3133_R2_P58,recal,9,0.96,2,63709444,WQC0063
OV3133-R2,3133,OV3133_R2_P58,recal,10,0.95,2,63709444,WQC0063
OV3133-R2,3133,OV3133_R2_P58,recal,11,0.95,2,63709444,WQC0063
OV3133-R2,3133,OV3133_R2_P58,recal,12,0.94,2,63709444,WQC0063
OV3133-R2,3133,OV3133_R2_P58,recal,13,0.93,2,63709444,WQC0063
OV3133-R2,3133,OV3133_R2_P58,recal,14,0.93,2,63709444,WQC0063
OV3133-R2,3133,OV3133_R2_P58,recal,15,0.92,2,63709444,WQC0063
OV3133-R2,3133,OV3133_R2_P58,recal,16,0.91,2,63709444,WQC0063
OV3133-R2,3133,OV3133_R2_P58,recal,17,0.9,2,63709444,WQC0063
OV3133-R2,3133,OV3133_R2_P58,recal,18,0.89,2,63709444,WQC0063
OV3133-R2,3133,OV3133_R2_P58,recal,19,0.88,2,63709444,WQC0063
OV3133-R2,3133,OV3133_R2_P58,recal,20,0.88,2,63709444,WQC0063
OV3133-R2,3133,OV3133_R2_P58,recal,21,0.87,2,63709444,WQC0063
OV3133-R2,3133,OV3133_R2_P58,recal,22,0.86,2,63709444,WQC0063
OV3133-R2,3133,OV3133_R2_P58,recal,23,0.85,2,63709444,WQC0063
OV3133-R2,3133,OV3133_R2_P58,recal,24,0.84,2,63709444,WQC0063
OV3133-R2,3133,OV3133_R2_P58,recal,25,0.83,2,63709444,WQC0063
OV3133-R2,3133,OV3133_R2_P58,recal,26,0.82,2,63709444,WQC0063
OV3133-R2,3133,OV3133_R2_P58,recal,27,0.81,2,63709444,WQC0063
OV3133-R2,3133,OV3133_R2_P58,recal,28,0.8,2,63709444,WQC0063
OV3133-R2,3133,OV3133_R2_P58,recal,29,0.79,2,63709444,WQC0063
OV3133-R2,3133,OV3133_R2_P58,recal,30,0.78,2,63709444,WQC0063
OV3133-R2,3133,OV3133_R2_P58,recal,31,0.77,2,63709444,WQC0063
OV3133-R2,3133,OV3133_R2_P58,recal,32,0.76,2,63709444,WQC0063
OV3133-R2,3133,OV3133_R2_P58,recal,33,0.75,2,63709444,WQC0063
OV3133-R2,3133,OV3133_R2_P58,recal,34,0.74,2,63709444,WQC0063
OV3133-R2,3133,OV3133_R2_P58,recal,35,0.73,2,63709444,WQC0063
OV3133-R2,3133,OV3133_R2_P58,recal,36,0.72,2,63709444,WQC0063
OV3133-R2,3133,OV3133_R2_P58,recal,37,0.71,2,63709444,WQC0063
OV3133-R2,3133,OV3133_R2_P58,recal,38,0.7,2,63709444,WQC0063
OV3133-R2,3133,OV3133_R2_P58,recal,39,0.69,2,63709444,WQC0063
OV3133-R2,3133,OV3133_R2_P58,recal,40,0.68,2,63709444,WQC0063
OV3133-R2,3133,OV3133_R2_P58,recal,41,0.67,2,63709444,WQC0063
OV3133-R2,3133,OV3133_R2_P58,recal,42,0.66,2,63709444,WQC0063
OV3133-R2,3133,OV3133_R2_P58,recal,43,0.65,2,63709444,WQC0063
OV3133-R2,3133,OV3133_R2_P58,recal,44,0.64,2,63709444,WQC0063
OV3133-R2,3133,OV3133_R2_P58,recal,45,0.63,2,63709444,WQC0063
OV3133-R2,3133,OV3133_R2_P58,recal,46,0.62,2,63709444,WQC0063
OV3133-R2,3133,OV3133_R2_P58,recal,47,0.61,2,63709444,WQC0063
OV3133-R2,3133,OV3133_R2_P58,recal,48,0.6,2,63709444,WQC0063
OV3133-R2,3133,OV3133_R2_P58,recal,49,0.59,2,63709444,WQC0063
OV3133-R2,3133,OV3133_R2_P58,recal,50,0.58,2,63709444,WQC0063
OV3133-R2,3133,OV3133_R2_P58,recal,51,0.57,2,63709444,WQC0063
OV3133-R2,3133,OV3133_R2_P58,recal,52,0.57,2,63709444,WQC0063
OV3133-R2,3133,OV3133_R2_P58,recal,53,0.56,2,63709444,WQC0063
OV3133-R2,3133,OV3133_R2_P58,recal,54,0.55,2,63709444,WQC0063
OV3133-R2,3133,OV3133_R2_P58,recal,55,0.54,2,63709444,WQC0063
OV3133-R2,3133,OV3133_R2_P58,recal,56,0.53,2,63709444,WQC0063
OV3133-R2,3133,OV3133_R2_P58,recal,57,0.52,2,63709444,WQC0063
OV3133-R2,3133,OV3133_R2_P58,recal,58,0.51,2,63709444,WQC0063
OV3133-R2,3133,OV3133_R2_P58,recal,59,0.51,2,63709444,WQC0063
OV3133-R2,3133,OV3133_R2_P58,recal,60,0.5,2,63709444,WQC0063
OV3133-R2,3133,OV3133_R2_P58,recal,61,0.49,2,63709444,WQC0063
OV3133-R2,3133,OV3133_R2_P58,recal,62,0.48,2,63709444,WQC0063
OV3133-R2,3133,OV3133_R2_P58,recal,63,0.48,2,63709444,WQC0063
OV3133-R2,3133,OV3133_R2_P58,recal,64,0.47,2,63709444,WQC0063
OV3133-R2,3133,OV3133_R2_P58,recal,65,0.46,2,63709444,WQC0063
OV3133-R2,3133,OV3133_R2_P58,recal,66,0.45,2,63709444,WQC0063
OV3133-R2,3133,OV3133_R2_P58,recal,67,0.45,2,63709444,WQC0063
OV3133-R2,3133,OV3133_R2_P58,recal,68,0.44,2,63709444,WQC0063
OV3133-R2,3133,OV3133_R2_P58,recal,69,0.43,2,63709444,WQC0063
OV3133-R2,3133,OV3133_R2_P58,recal,70,0.43,2,63709444,WQC0063
OV3133-R2,3133,OV3133_R2_P58,recal,71,0.42,2,63709444,WQC0063
OV3133-R2,3133,OV3133_R2_P58,recal,72,0.41,2,63709444,WQC0063
OV3133-R2,3133,OV3133_R2_P58,recal,73,0.41,2,63709444,WQC0063
OV3133-R2,3133,OV3133_R2_P58,recal,74,0.4,2,63709444,WQC0063
OV3133-R2,3133,OV3133_R2_P58,recal,75,0.39,2,63709444,WQC0063
OV3133-R2,3133,OV3133_R2_P58,recal,76,0.39,2,63709444,WQC0063
OV3133-R2,3133,OV3133_R2_P58,recal,77,0.38,2,63709444,WQC0063
OV3133-R2,3133,OV3133_R2_P58,recal,78,0.37,2,63709444,WQC0063
OV3133-R2,3133,OV3133_R2_P58,recal,79,0.37,2,63709444,WQC0063
OV3133-R2,3133,OV3133_R2_P58,recal,80,0.36,2,63709444,WQC0063
OV3133-R2,3133,OV3133_R2_P58,recal,81,0.36,2,63709444,WQC0063
OV3133-R2,3133,OV3133_R2_P58,recal,82,0.35,2,63709444,WQC0063
OV3133-R2,3133,OV3133_R2_P58,recal,83,0.35,2,63709444,WQC0063
OV3133-R2,3133,OV3133_R2_P58,recal,84,0.34,2,63709444,WQC0063
OV3133-R2,3133,OV3133_R2_P58,recal,85,0.34,2,63709444,WQC0063
OV3133-R2,3133,OV3133_R2_P58,recal,86,0.33,2,63709444,WQC0063
OV3133-R2,3133,OV3133_R2_P58,recal,87,0.32,2,63709444,WQC0063
OV3133-R2,3133,OV3133_R2_P58,recal,88,0.32,2,63709444,WQC0063
OV3133-R2,3133,OV3133_R2_P58,recal,89,0.31,2,63709444,WQC0063
OV3133-R2,3133,OV3133_R2_P58,recal,90,0.31,2,63709444,WQC0063
OV3133-R2,3133,OV3133_R2_P58,recal,91,0.31,2,63709444,WQC0063
OV3133-R2,3133,OV3133_R2_P58,recal,92,0.3,2,63709444,WQC0063
OV3133-R2,3133,OV3133_R2_P58,recal,93,0.3,2,63709444,WQC0063
OV3133-R2,3133,OV3133_R2_P58,recal,94,0.29,2,63709444,WQC0063
OV3133-R2,3133,OV3133_R2_P58,recal,95,0.29,2,63709444,WQC0063
OV3133-R2,3133,OV3133_R2_P58,recal,96,0.28,2,63709444,WQC0063
OV3133-R2,3133,OV3133_R2_P58,recal,97,0.28,2,63709444,WQC0063
OV3133-R2,3133,OV3133_R2_P58,recal,98,0.27,2,63709444,WQC0063
OV3133-R2,3133,OV3133_R2_P58,recal,99,0.27,2,63709444,WQC0063
OV3133-R2,3133,OV3133_R2_P58,recal,100,0.27,2,63709444,WQC0063
OV3133-R2,3133,OV3133_R2_P58,recal,101,0.26,2,63709444,WQC0063
OV3133-R2,3133,OV3133_R2_P58,recal,102,0.26,2,63709444,WQC0063
OV3133-R2,3133,OV3133_R2_P58,recal,103,0.25,2,63709444,WQC0063
OV3133-R2,3133,OV3133_R2_P58,recal,104,0.25,2,63709444,WQC0063
OV3133-R2,3133,OV3133_R2_P58,recal,105,0.25,2,63709444,WQC0063
OV3133-R2,3133,OV3133_R2_P58,recal,106,0.24,2,63709444,WQC0063
OV3133-R2,3133,OV3133_R2_P58,recal,107,0.24,2,63709444,WQC0063
OV3133-R2,3133,OV3133_R2_P58,recal,108,0.24,2,63709444,WQC0063
OV3133-R2,3133,OV3133_R2_P58,recal,109,0.23,2,63709444,WQC0063
OV3133-R2,3133,OV3133_R2_P58,recal,110,0.23,2,63709444,WQC0063
OV3133-R2,3133,OV3133_R2_P58,recal,111,0.23,2,63709444,WQC0063
OV3133-R2,3133,OV3133_R2_P58,recal,112,0.22,2,63709444,WQC0063
OV3133-R2,3133,OV3133_R2_P58,recal,113,0.22,2,63709444,WQC0063
OV3133-R2,3133,OV3133_R2_P58,recal,114,0.22,2,63709444,WQC0063
OV3133-R2,3133,OV3133_R2_P58,recal,115,0.21,2,63709444,WQC0063
OV3133-R2,3133,OV3133_R2_P58,recal,116,0.21,2,63709444,WQC0063
OV3133-R2,3133,OV3133_R2_P58,recal,117,0.21,2,63709444,WQC0063
OV3133-R2,3133,OV3133_R2_P58,recal,118,0.2,2,63709444,WQC0063
OV3133-R2,3133,OV3133_R2_P58,recal,119,0.2,2,63709444,WQC0063
OV3133-R2,3133,OV3133_R2_P58,recal,120,0.2,2,63709444,WQC0063
OV3133-R2,3133,OV3133_R2_P58,recal,121,0.19,2,63709444,WQC0063
OV3133-R2,3133,OV3133_R2_P58,recal,122,0.19,2,63709444,WQC0063
OV3133-R2,3133,OV3133_R2_P58,recal,123,0.19,2,63709444,WQC0063
OV3133-R2,3133,OV3133_R2_P58,recal,124,0.19,2,63709444,WQC0063
OV3133-R2,3133,OV3133_R2_P58,recal,125,0.18,2,63709444,WQC0063
OV3133-R2,3133,OV3133_R2_P58,recal,126,0.18,2,63709444,WQC0063
OV3133-R2,3133,OV3133_R2_P58,recal,127,0.18,2,63709444,WQC0063
OV3133-R2,3133,OV3133_R2_P58,recal,128,0.18,2,63709444,WQC0063
OV3133-R2,3133,OV3133_R2_P58,recal,129,0.17,2,63709444,WQC0063
OV3133-R2,3133,OV3133_R2_P58,recal,130,0.17,2,63709444,WQC0063
OV3133-R2,3133,OV3133_R2_P58,recal,131,0.17,2,63709444,WQC0063
OV3133-R2,3133,OV3133_R2_P58,recal,132,0.17,2,63709444,WQC0063
OV3133-R2,3133,OV3133_R2_P58,recal,133,0.16,2,63709444,WQC0063
OV3133-R2,3133,OV3133_R2_P58,recal,134,0.16,2,63709444,WQC0063
OV3133-R2,3133,OV3133_R2_P58,recal,135,0.16,2,63709444,WQC0063
OV3133-R2,3133,OV3133_R2_P58,recal,136,0.16,2,63709444,WQC0063
OV3133-R2,3133,OV3133_R2_P58,recal,137,0.16,2,63709444,WQC0063
OV3133-R2,3133,OV3133_R2_P58,recal,138,0.15,2,63709444,WQC0063
OV3133-R2,3133,OV3133_R2_P58,recal,139,0.15,2,63709444,WQC0063
OV3133-R2,3133,OV3133_R2_P58,recal,140,0.15,2,63709444,WQC0063
OV3133-R2,3133,OV3133_R2_P58,recal,141,0.15,2,63709444,WQC0063
OV3133-R2,3133,OV3133_R2_P58,recal,142,0.15,2,63709444,WQC0063
OV3133-R2,3133,OV3133_R2_P58,recal,143,0.14,2,63709444,WQC0063
OV3133-R2,3133,OV3133_R2_P58,recal,144,0.14,2,63709444,WQC0063
OV3133-R2,3133,OV3133_R2_P58,recal,145,0.14,2,63709444,WQC0063
OV3133-R2,3133,OV3133_R2_P58,recal,146,0.14,2,63709444,WQC0063
OV3133-R2,3133,OV3133_R2_P58,recal,147,0.14,2,63709444,WQC0063
OV3133-R2,3133,OV3133_R2_P58,recal,148,0.13,2,63709444,WQC0063
OV3133-R2,3133,OV3133_R2_P58,recal,149,0.13,2,63709444,WQC0063
OV3133-R2,3133,OV3133_R2_P58,recal,150,0.13,2,63709444,WQC0063
OV3291,3291,OV3291_P46,md,0,1.0,2,63709951,WQC0068
OV3291,3291,OV3291_P46,md,1,0.99,2,63709951,WQC0068
OV3291,3291,OV3291_P46,md,2,0.99,2,63709951,WQC0068
OV3291,3291,OV3291_P46,md,3,0.99,2,63709951,WQC0068
OV3291,3291,OV3291_P46,md,4,0.98,2,63709951,WQC0068
OV3291,3291,OV3291_P46,md,5,0.98,2,63709951,WQC0068
OV3291,3291,OV3291_P46,md,6,0.98,2,63709951,WQC0068
OV3291,3291,OV3291_P46,md,7,0.97,2,63709951,WQC0068
OV3291,3291,OV3291_P46,md,8,0.97,2,63709951,WQC0068
OV3291,3291,OV3291_P46,md,9,0.97,2,63709951,WQC0068
OV3291,3291,OV3291_P46,md,10,0.96,2,63709951,WQC0068
OV3291,3291,OV3291_P46,md,11,0.96,2,63709951,WQC0068
OV3291,3291,OV3291_P46,md,12,0.96,2,63709951,WQC0068
OV3291,3291,OV3291_P46,md,13,0.95,2,63709951,WQC0068
OV3291,3291,OV3291_P46,md,14,0.95,2,63709951,WQC0068
OV3291,3291,OV3291_P46,md,15,0.94,2,63709951,WQC0068
OV3291,3291,OV3291_P46,md,16,0.94,2,63709951,WQC0068
OV3291,3291,OV3291_P46,md,17,0.93,2,63709951,WQC0068
OV3291,3291,OV3291_P46,md,18,0.92,2,63709951,WQC0068
OV3291,3291,OV3291_P46,md,19,0.92,2,63709951,WQC0068
OV3291,3291,OV3291_P46,md,20,0.91,2,63709951,WQC0068
OV3291,3291,OV3291_P46,md,21,0.9,2,63709951,WQC0068
OV3291,3291,OV3291_P46,md,22,0.89,2,63709951,WQC0068
OV3291,3291,OV3291_P46,md,23,0.88,2,63709951,WQC0068
OV3291,3291,OV3291_P46,md,24,0.88,2,63709951,WQC0068
OV3291,3291,OV3291_P46,md,25,0.87,2,63709951,WQC0068
OV3291,3291,OV3291_P46,md,26,0.86,2,63709951,WQC0068
OV3291,3291,OV3291_P46,md,27,0.85,2,63709951,WQC0068
OV3291,3291,OV3291_P46,md,28,0.84,2,63709951,WQC0068
OV3291,3291,OV3291_P46,md,29,0.83,2,63709951,WQC0068
OV3291,3291,OV3291_P46,md,30,0.81,2,63709951,WQC0068
OV3291,3291,OV3291_P46,md,31,0.8,2,63709951,WQC0068
OV3291,3291,OV3291_P46,md,32,0.79,2,63709951,WQC0068
OV3291,3291,OV3291_P46,md,33,0.78,2,63709951,WQC0068
OV3291,3291,OV3291_P46,md,34,0.77,2,63709951,WQC0068
OV3291,3291,OV3291_P46,md,35,0.76,2,63709951,WQC0068
OV3291,3291,OV3291_P46,md,36,0.75,2,63709951,WQC0068
OV3291,3291,OV3291_P46,md,37,0.73,2,63709951,WQC0068
OV3291,3291,OV3291_P46,md,38,0.72,2,63709951,WQC0068
OV3291,3291,OV3291_P46,md,39,0.71,2,63709951,WQC0068
OV3291,3291,OV3291_P46,md,40,0.7,2,63709951,WQC0068
OV3291,3291,OV3291_P46,md,41,0.68,2,63709951,WQC0068
OV3291,3291,OV3291_P46,md,42,0.67,2,63709951,WQC0068
OV3291,3291,OV3291_P46,md,43,0.66,2,63709951,WQC0068
OV3291,3291,OV3291_P46,md,44,0.65,2,63709951,WQC0068
OV3291,3291,OV3291_P46,md,45,0.63,2,63709951,WQC0068
OV3291,3291,OV3291_P46,md,46,0.62,2,63709951,WQC0068
OV3291,3291,OV3291_P46,md,47,0.61,2,63709951,WQC0068
OV3291,3291,OV3291_P46,md,48,0.6,2,63709951,WQC0068
OV3291,3291,OV3291_P46,md,49,0.59,2,63709951,WQC0068
OV3291,3291,OV3291_P46,md,50,0.57,2,63709951,WQC0068
OV3291,3291,OV3291_P46,md,51,0.56,2,63709951,WQC0068
OV3291,3291,OV3291_P46,md,52,0.55,2,63709951,WQC0068
OV3291,3291,OV3291_P46,md,53,0.54,2,63709951,WQC0068
OV3291,3291,OV3291_P46,md,54,0.53,2,63709951,WQC0068
OV3291,3291,OV3291_P46,md,55,0.52,2,63709951,WQC0068
OV3291,3291,OV3291_P46,md,56,0.51,2,63709951,WQC0068
OV3291,3291,OV3291_P46,md,57,0.49,2,63709951,WQC0068
OV3291,3291,OV3291_P46,md,58,0.48,2,63709951,WQC0068
OV3291,3291,OV3291_P46,md,59,0.47,2,63709951,WQC0068
OV3291,3291,OV3291_P46,md,60,0.46,2,63709951,WQC0068
OV3291,3291,OV3291_P46,md,61,0.45,2,63709951,WQC0068
OV3291,3291,OV3291_P46,md,62,0.44,2,63709951,WQC0068
OV3291,3291,OV3291_P46,md,63,0.43,2,63709951,WQC0068
OV3291,3291,OV3291_P46,md,64,0.42,2,63709951,WQC0068
OV3291,3291,OV3291_P46,md,65,0.41,2,63709951,WQC0068
OV3291,3291,OV3291_P46,md,66,0.41,2,63709951,WQC0068
OV3291,3291,OV3291_P46,md,67,0.4,2,63709951,WQC0068
OV3291,3291,OV3291_P46,md,68,0.39,2,63709951,WQC0068
OV3291,3291,OV3291_P46,md,69,0.38,2,63709951,WQC0068
OV3291,3291,OV3291_P46,md,70,0.37,2,63709951,WQC0068
OV3291,3291,OV3291_P46,md,71,0.36,2,63709951,WQC0068
OV3291,3291,OV3291_P46,md,72,0.35,2,63709951,WQC0068
OV3291,3291,OV3291_P46,md,73,0.35,2,63709951,WQC0068
OV3291,3291,OV3291_P46,md,74,0.34,2,63709951,WQC0068
OV3291,3291,OV3291_P46,md,75,0.33,2,63709951,WQC0068
OV3291,3291,OV3291_P46,md,76,0.32,2,63709951,WQC0068
OV3291,3291,OV3291_P46,md,77,0.32,2,63709951,WQC0068
OV3291,3291,OV3291_P46,md,78,0.31,2,63709951,WQC0068
OV3291,3291,OV3291_P46,md,79,0.3,2,63709951,WQC0068
OV3291,3291,OV3291_P46,md,80,0.3,2,63709951,WQC0068
OV3291,3291,OV3291_P46,md,81,0.29,2,63709951,WQC0068
OV3291,3291,OV3291_P46,md,82,0.28,2,63709951,WQC0068
OV3291,3291,OV3291_P46,md,83,0.28,2,63709951,WQC0068
OV3291,3291,OV3291_P46,md,84,0.27,2,63709951,WQC0068
OV3291,3291,OV3291_P46,md,85,0.27,2,63709951,WQC0068
OV3291,3291,OV3291_P46,md,86,0.26,2,63709951,WQC0068
OV3291,3291,OV3291_P46,md,87,0.25,2,63709951,WQC0068
OV3291,3291,OV3291_P46,md,88,0.25,2,63709951,WQC0068
OV3291,3291,OV3291_P46,md,89,0.24,2,63709951,WQC0068
OV3291,3291,OV3291_P46,md,90,0.24,2,63709951,WQC0068
OV3291,3291,OV3291_P46,md,91,0.23,2,63709951,WQC0068
OV3291,3291,OV3291_P46,md,92,0.23,2,63709951,WQC0068
OV3291,3291,OV3291_P46,md,93,0.22,2,63709951,WQC0068
OV3291,3291,OV3291_P46,md,94,0.22,2,63709951,WQC0068
OV3291,3291,OV3291_P46,md,95,0.21,2,63709951,WQC0068
OV3291,3291,OV3291_P46,md,96,0.21,2,63709951,WQC0068
OV3291,3291,OV3291_P46,md,97,0.21,2,63709951,WQC0068
OV3291,3291,OV3291_P46,md,98,0.2,2,63709951,WQC0068
OV3291,3291,OV3291_P46,md,99,0.2,2,63709951,WQC0068
OV3291,3291,OV3291_P46,md,100,0.19,2,63709951,WQC0068
OV3291,3291,OV3291_P46,md,101,0.19,2,63709951,WQC0068
OV3291,3291,OV3291_P46,md,102,0.18,2,63709951,WQC0068
OV3291,3291,OV3291_P46,md,103,0.18,2,63709951,WQC0068
OV3291,3291,OV3291_P46,md,104,0.18,2,63709951,WQC0068
OV3291,3291,OV3291_P46,md,105,0.17,2,63709951,WQC0068
OV3291,3291,OV3291_P46,md,106,0.17,2,63709951,WQC0068
OV3291,3291,OV3291_P46,md,107,0.17,2,63709951,WQC0068
OV3291,3291,OV3291_P46,md,108,0.16,2,63709951,WQC0068
OV3291,3291,OV3291_P46,md,109,0.16,2,63709951,WQC0068
OV3291,3291,OV3291_P46,md,110,0.16,2,63709951,WQC0068
OV3291,3291,OV3291_P46,md,111,0.15,2,63709951,WQC0068
OV3291,3291,OV3291_P46,md,112,0.15,2,63709951,WQC0068
OV3291,3291,OV3291_P46,md,113,0.15,2,63709951,WQC0068
OV3291,3291,OV3291_P46,md,114,0.15,2,63709951,WQC0068
OV3291,3291,OV3291_P46,md,115,0.14,2,63709951,WQC0068
OV3291,3291,OV3291_P46,md,116,0.14,2,63709951,WQC0068
OV3291,3291,OV3291_P46,md,117,0.14,2,63709951,WQC0068
OV3291,3291,OV3291_P46,md,118,0.14,2,63709951,WQC0068
OV3291,3291,OV3291_P46,md,119,0.13,2,63709951,WQC0068
OV3291,3291,OV3291_P46,md,120,0.13,2,63709951,WQC0068
OV3291,3291,OV3291_P46,md,121,0.13,2,63709951,WQC0068
OV3291,3291,OV3291_P46,md,122,0.13,2,63709951,WQC0068
OV3291,3291,OV3291_P46,md,123,0.12,2,63709951,WQC0068
OV3291,3291,OV3291_P46,md,124,0.12,2,63709951,WQC0068
OV3291,3291,OV3291_P46,md,125,0.12,2,63709951,WQC0068
OV3291,3291,OV3291_P46,md,126,0.12,2,63709951,WQC0068
OV3291,3291,OV3291_P46,md,127,0.11,2,63709951,WQC0068
OV3291,3291,OV3291_P46,md,128,0.11,2,63709951,WQC0068
OV3291,3291,OV3291_P46,md,129,0.11,2,63709951,WQC0068
OV3291,3291,OV3291_P46,md,130,0.11,2,63709951,WQC0068
OV3291,3291,OV3291_P46,md,131,0.11,2,63709951,WQC0068
OV3291,3291,OV3291_P46,md,132,0.11,2,63709951,WQC0068
OV3291,3291,OV3291_P46,md,133,0.1,2,63709951,WQC0068
OV3291,3291,OV3291_P46,md,134,0.1,2,63709951,WQC0068
OV3291,3291,OV3291_P46,md,135,0.1,2,63709951,WQC0068
OV3291,3291,OV3291_P46,md,136,0.1,2,63709951,WQC0068
OV3291,3291,OV3291_P46,md,137,0.1,2,63709951,WQC0068
OV3291,3291,OV3291_P46,md,138,0.1,2,63709951,WQC0068
OV3291,3291,OV3291_P46,md,139,0.09,2,63709951,WQC0068
OV3291,3291,OV3291_P46,md,140,0.09,2,63709951,WQC0068
OV3291,3291,OV3291_P46,md,141,0.09,2,63709951,WQC0068
OV3291,3291,OV3291_P46,md,142,0.09,2,63709951,WQC0068
OV3291,3291,OV3291_P46,md,143,0.09,2,63709951,WQC0068
OV3291,3291,OV3291_P46,md,144,0.09,2,63709951,WQC0068
OV3291,3291,OV3291_P46,md,145,0.09,2,63709951,WQC0068
OV3291,3291,OV3291_P46,md,146,0.08,2,63709951,WQC0068
OV3291,3291,OV3291_P46,md,147,0.08,2,63709951,WQC0068
OV3291,3291,OV3291_P46,md,148,0.08,2,63709951,WQC0068
OV3291,3291,OV3291_P46,md,149,0.08,2,63709951,WQC0068
OV3291,3291,OV3291_P46,md,150,0.08,2,63709951,WQC0068
OV3291,3291,OV3291_P46,recal,0,1.0,2,63709444,WQC0071
OV3291,3291,OV3291_P46,recal,1,0.99,2,63709444,WQC0071
OV3291,3291,OV3291_P46,recal,2,0.99,2,63709444,WQC0071
OV3291,3291,OV3291_P46,recal,3,0.99,2,63709444,WQC0071
OV3291,3291,OV3291_P46,recal,4,0.98,2,63709444,WQC0071
OV3291,3291,OV3291_P46,recal,5,0.98,2,63709444,WQC0071
OV3291,3291,OV3291_P46,recal,6,0.98,2,63709444,WQC0071
OV3291,3291,OV3291_P46,recal,7,0.97,2,63709444,WQC0071
OV3291,3291,OV3291_P46,recal,8,0.97,2,63709444,WQC0071
OV3291,3291,OV3291_P46,recal,9,0.97,2,63709444,WQC0071
OV3291,3291,OV3291_P46,recal,10,0.96,2,63709444,WQC0071
OV3291,3291,OV3291_P46,recal,11,0.96,2,63709444,WQC0071
OV3291,3291,OV3291_P46,recal,12,0.96,2,63709444,WQC0071
OV3291,3291,OV3291_P46,recal,13,0.95,2,63709444,WQC0071
OV3291,3291,OV3291_P46,recal,14,0.95,2,63709444,WQC0071
OV3291,3291,OV3291_P46,recal,15,0.94,2,63709444,WQC0071
OV3291,3291,OV3291_P46,recal,16,0.94,2,63709444,WQC0071
OV3291,3291,OV3291_P46,recal,17,0.93,2,63709444,WQC0071
OV3291,3291,OV3291_P46,recal,18,0.92,2,63709444,WQC0071
OV3291,3291,OV3291_P46,recal,19,0.92,2,63709444,WQC0071
OV3291,3291,OV3291_P46,recal,20,0.91,2,63709444,WQC0071
OV3291,3291,OV3291_P46,recal,21,0.9,2,63709444,WQC0071
OV3291,3291,OV3291_P46,recal,22,0.89,2,63709444,WQC0071
OV3291,3291,OV3291_P46,recal,23,0.88,2,63709444,WQC0071
OV3291,3291,OV3291_P46,recal,24,0.88,2,63709444,WQC0071
OV3291,3291,OV3291_P46,recal,25,0.87,2,63709444,WQC0071
OV3291,3291,OV3291_P46,recal,26,0.86,2,63709444,WQC0071
OV3291,3291,OV3291_P46,recal,27,0.85,2,63709444,WQC0071
OV3291,3291,OV3291_P46,recal,28,0.84,2,63709444,WQC0071
OV3291,3291,OV3291_P46,recal,29,0.83,2,63709444,WQC0071
OV3291,3291,OV3291_P46,recal,30,0.81,2,63709444,WQC0071
OV3291,3291,OV3291_P46,recal,31,0.8,2,63709444,WQC0071
OV3291,3291,OV3291_P46,recal,32,0.79,2,63709444,WQC0071
OV3291,3291,OV3291_P46,recal,33,0.78,2,63709444,WQC0071
OV3291,3291,OV3291_P46,recal,34,0.77,2,63709444,WQC0071
OV3291,3291,OV3291_P46,recal,35,0.76,2,63709444,WQC0071
OV3291,3291,OV3291_P46,recal,36,0.75,2,63709444,WQC0071
OV3291,3291,OV3291_P46,recal,37,0.73,2,63709444,WQC0071
OV3291,3291,OV3291_P46,recal,38,0.72,2,63709444,WQC0071
OV3291,3291,OV3291_P46,recal,39,0.71,2,63709444,WQC0071
OV3291,3291,OV3291_P46,recal,40,0.7,2,63709444,WQC0071
OV3291,3291,OV3291_P46,recal,41,0.68,2,63709444,WQC0071
OV3291,3291,OV3291_P46,recal,42,0.67,2,63709444,WQC0071
OV3291,3291,OV3291_P46,recal,43,0.66,2,63709444,WQC0071
OV3291,3291,OV3291_P46,recal,44,0.65,2,63709444,WQC0071
OV3291,3291,OV3291_P46,recal,45,0.63,2,63709444,WQC0071
OV3291,3291,OV3291_P46,recal,46,0.62,2,63709444,WQC0071
OV3291,3291,OV3291_P46,recal,47,0.61,2,63709444,WQC0071
OV3291,3291,OV3291_P46,recal,48,0.6,2,63709444,WQC0071
OV3291,3291,OV3291_P46,recal,49,0.59,2,63709444,WQC0071
OV3291,3291,OV3291_P46,recal,50,0.57,2,63709444,WQC0071
OV3291,3291,OV3291_P46,recal,51,0.56,2,63709444,WQC0071
OV3291,3291,OV3291_P46,recal,52,0.55,2,63709444,WQC0071
OV3291,3291,OV3291_P46,recal,53,0.54,2,63709444,WQC0071
OV3291,3291,OV3291_P46,recal,54,0.53,2,63709444,WQC0071
OV3291,3291,OV3291_P46,recal,55,0.52,2,63709444,WQC0071
OV3291,3291,OV3291_P46,recal,56,0.51,2,63709444,WQC0071
OV3291,3291,OV3291_P46,recal,57,0.49,2,63709444,WQC0071
OV3291,3291,OV3291_P46,recal,58,0.48,2,63709444,WQC0071
OV3291,3291,OV3291_P46,recal,59,0.47,2,63709444,WQC0071
OV3291,3291,OV3291_P46,recal,60,0.46,2,63709444,WQC0071
OV3291,3291,OV3291_P46,recal,61,0.45,2,63709444,WQC0071
OV3291,3291,OV3291_P46,recal,62,0.44,2,63709444,WQC0071
OV3291,3291,OV3291_P46,recal,63,0.43,2,63709444,WQC0071
OV3291,3291,OV3291_P46,recal,64,0.42,2,63709444,WQC0071
OV3291,3291,OV3291_P46,recal,65,0.41,2,63709444,WQC0071
OV3291,3291,OV3291_P46,recal,66,0.41,2,63709444,WQC0071
OV3291,3291,OV3291_P46,recal,67,0.4,2,63709444,WQC0071
OV3291,3291,OV3291_P46,recal,68,0.39,2,63709444,WQC0071
OV3291,3291,OV3291_P46,recal,69,0.38,2,63709444,WQC0071
OV3291,3291,OV3291_P46,recal,70,0.37,2,63709444,WQC0071
OV3291,3291,OV3291_P46,recal,71,0.36,2,63709444,WQC0071
OV3291,3291,OV3291_P46,recal,72,0.35,2,63709444,WQC0071
OV3291,3291,OV3291_P46,recal,73,0.35,2,63709444,WQC0071
OV3291,3291,OV3291_P46,recal,74,0.34,2,63709444,WQC0071
OV3291,3291,OV3291_P46,recal,75,0.33,2,63709444,WQC0071
OV3291,3291,OV3291_P46,recal,76,0.32,2,63709444,WQC0071
OV3291,3291,OV3291_P46,recal,77,0.32,2,63709444,WQC0071
OV3291,3291,OV3291_P46,recal,78,0.31,2,63709444,WQC0071
OV3291,3291,OV3291_P46,recal,79,0.3,2,63709444,WQC0071
OV3291,3291,OV3291_P46,recal,80,0.3,2,63709444,WQC0071
OV3291,3291,OV3291_P46,recal,81,0.29,2,63709444,WQC0071
OV3291,3291,OV3291_P46,recal,82,0.28,2,63709444,WQC0071
OV3291,3291,OV3291_P46,recal,83,0.28,2,63709444,WQC0071
OV3291,3291,OV3291_P46,recal,84,0.27,2,63709444,WQC0071
OV3291,3291,OV3291_P46,recal,85,0.27,2,63709444,WQC0071
OV3291,3291,OV3291_P46,recal,86,0.26,2,63709444,WQC0071
OV3291,3291,OV3291_P46,recal,87,0.25,2,63709444,WQC0071
OV3291,3291,OV3291_P46,recal,88,0.25,2,63709444,WQC0071
OV3291,3291,OV3291_P46,recal,89,0.24,2,63709444,WQC0071
OV3291,3291,OV3291_P46,recal,90,0.24,2,63709444,WQC0071
OV3291,3291,OV3291_P46,recal,91,0.23,2,63709444,WQC0071
OV3291,3291,OV3291_P46,recal,92,0.23,2,63709444,WQC0071
OV3291,3291,OV3291_P46,recal,93,0.22,2,63709444,WQC0071
OV3291,3291,OV3291_P46,recal,94,0.22,2,63709444,WQC0071
OV3291,3291,OV3291_P46,recal,95,0.21,2,63709444,WQC0071
OV3291,3291,OV3291_P46,recal,96,0.21,2,63709444,WQC0071
OV3291,3291,OV3291_P46,recal,97,0.21,2,63709444,WQC0071
OV3291,3291,OV3291_P46,recal,98,0.2,2,63709444,WQC0071
OV3291,3291,OV3291_P46,recal,99,0.2,2,63709444,WQC0071
OV3291,3291,OV3291_P46,recal,100,0.19,2,63709444,WQC0071
OV3291,3291,OV3291_P46,recal,101,0.19,2,63709444,WQC0071
OV3291,3291,OV3291_P46,recal,102,0.18,2,63709444,WQC0071
OV3291,3291,OV3291_P46,recal,103,0.18,2,63709444,WQC0071
OV3291,3291,OV3291_P46,recal,104,0.18,2,63709444,WQC0071
OV3291,3291,OV3291_P46,recal,105,0.17,2,63709444,WQC0071
OV3291,3291,OV3291_P46,recal,106,0.17,2,63709444,WQC0071
OV3291,3291,OV3291_P46,recal,107,0.17,2,63709444,WQC0071
OV3291,3291,OV3291_P46,recal,108,0.16,2,63709444,WQC0071
OV3291,3291,OV3291_P46,recal,109,0.16,2,63709444,WQC0071
OV3291,3291,OV3291_P46,recal,110,0.16,2,63709444,WQC0071
OV3291,3291,OV3291_P46,recal,111,0.15,2,63709444,WQC0071
OV3291,3291,OV3291_P46,recal,112,0.15,2,63709444,WQC0071
OV3291,3291,OV3291_P46,recal,113,0.15,2,63709444,WQC0071
OV3291,3291,OV3291_P46,recal,114,0.15,2,63709444,WQC0071
OV3291,3291,OV3291_P46,recal,115,0.14,2,63709444,WQC0071
OV3291,3291,OV3291_P46,recal,116,0.14,2,63709444,WQC0071
OV3291,3291,OV3291_P46,recal,117,0.14,2,63709444,WQC0071
OV3291,3291,OV3291_P46,recal,118,0.14,2,63709444,WQC0071
OV3291,3291,OV3291_P46,recal,119,0.13,2,63709444,WQC0071
OV3291,3291,OV3291_P46,recal,120,0.13,2,63709444,WQC0071
OV3291,3291,OV3291_P46,recal,121,0.13,2,63709444,WQC0071
OV3291,3291,OV3291_P46,recal,122,0.13,2,63709444,WQC0071
OV3291,3291,OV3291_P46,recal,123,0.12,2,63709444,WQC0071
OV3291,3291,OV3291_P46,recal,124,0.12,2,63709444,WQC0071
OV3291,3291,OV3291_P46,recal,125,0.12,2,63709444,WQC0071
OV3291,3291,OV3291_P46,recal,126,0.12,2,63709444,WQC0071
OV3291,3291,OV3291_P46,recal,127,0.11,2,63709444,WQC0071
OV3291,3291,OV3291_P46,recal,128,0.11,2,63709444,WQC0071
OV3291,3291,OV3291_P46,recal,129,0.11,2,63709444,WQC0071
OV3291,3291,OV3291_P46,recal,130,0.11,2,63709444,WQC0071
OV3291,3291,OV3291_P46,recal,131,0.11,2,63709444,WQC0071
OV3291,3291,OV3291_P46,recal,132,0.11,2,63709444,WQC0071
OV3291,3291,OV3291_P46,recal,133,0.1,2,63709444,WQC0071
OV3291,3291,OV3291_P46,recal,134,0.1,2,63709444,WQC0071
OV3291,3291,OV3291_P46,recal,135,0.1,2,63709444,WQC0071
OV3291,3291,OV3291_P46,recal,136,0.1,2,63709444,WQC0071
OV3291,3291,OV3291_P46,recal,137,0.1,2,63709444,WQC0071
OV3291,3291,OV3291_P46,recal,138,0.1,2,63709444,WQC0071
OV3291,3291,OV3291_P46,recal,139,0.09,2,63709444,WQC0071
OV3291,3291,OV3291_P46,recal,140,0.09,2,63709444,WQC0071
OV3291,3291,OV3291_P46,recal,141,0.09,2,63709444,WQC0071
OV3291,3291,OV3291_P46,recal,142,0.09,2,63709444,WQC0071
OV3291,3291,OV3291_P46,recal,143,0.09,2,63709444,WQC0071
OV3291,3291,OV3291_P46,recal,144,0.09,2,63709444,WQC0071
OV3291,3291,OV3291_P46,recal,145,0.09,2,63709444,WQC0071
OV3291,3291,OV3291_P46,recal,146,0.08,2,63709444,WQC0071
OV3291,3291,OV3291_P46,recal,147,0.08,2,63709444,WQC0071
OV3291,3291,OV3291_P46,recal,148,0.08,2,63709444,WQC0071
OV3291,3291,OV3291_P46,recal,149,0.08,2,63709444,WQC0071
OV3291,3291,OV3291_P46,recal,150,0.08,2,63709444,WQC0071
OV3331,OV3331,OV3331_P54,md,0,1.0,2,63709951,WQC0076
OV3331,OV3331,OV3331_P54,md,1,0.99,2,63709951,WQC0076
OV3331,OV3331,OV3331_P54,md,2,0.99,2,63709951,WQC0076
OV3331,OV3331,OV3331_P54,md,3,0.98,2,63709951,WQC0076
OV3331,OV3331,OV3331_P54,md,4,0.98,2,63709951,WQC0076
OV3331,OV3331,OV3331_P54,md,5,0.97,2,63709951,WQC0076
OV3331,OV3331,OV3331_P54,md,6,0.97,2,63709951,WQC0076
OV3331,OV3331,OV3331_P54,md,7,0.96,2,63709951,WQC0076
OV3331,OV3331,OV3331_P54,md,8,0.95,2,63709951,WQC0076
OV3331,OV3331,OV3331_P54,md,9,0.95,2,63709951,WQC0076
OV3331,OV3331,OV3331_P54,md,10,0.94,2,63709951,WQC0076
OV3331,OV3331,OV3331_P54,md,11,0.93,2,63709951,WQC0076
OV3331,OV3331,OV3331_P54,md,12,0.92,2,63709951,WQC0076
OV3331,OV3331,OV3331_P54,md,13,0.92,2,63709951,WQC0076
OV3331,OV3331,OV3331_P54,md,14,0.91,2,63709951,WQC0076
OV3331,OV3331,OV3331_P54,md,15,0.9,2,63709951,WQC0076
OV3331,OV3331,OV3331_P54,md,16,0.89,2,63709951,WQC0076
OV3331,OV3331,OV3331_P54,md,17,0.88,2,63709951,WQC0076
OV3331,OV3331,OV3331_P54,md,18,0.87,2,63709951,WQC0076
OV3331,OV3331,OV3331_P54,md,19,0.86,2,63709951,WQC0076
OV3331,OV3331,OV3331_P54,md,20,0.85,2,63709951,WQC0076
OV3331,OV3331,OV3331_P54,md,21,0.84,2,63709951,WQC0076
OV3331,OV3331,OV3331_P54,md,22,0.82,2,63709951,WQC0076
OV3331,OV3331,OV3331_P54,md,23,0.81,2,63709951,WQC0076
OV3331,OV3331,OV3331_P54,md,24,0.8,2,63709951,WQC0076
OV3331,OV3331,OV3331_P54,md,25,0.79,2,63709951,WQC0076
OV3331,OV3331,OV3331_P54,md,26,0.78,2,63709951,WQC0076
OV3331,OV3331,OV3331_P54,md,27,0.77,2,63709951,WQC0076
OV3331,OV3331,OV3331_P54,md,28,0.76,2,63709951,WQC0076
OV3331,OV3331,OV3331_P54,md,29,0.74,2,63709951,WQC0076
OV3331,OV3331,OV3331_P54,md,30,0.73,2,63709951,WQC0076
OV3331,OV3331,OV3331_P54,md,31,0.72,2,63709951,WQC0076
OV3331,OV3331,OV3331_P54,md,32,0.71,2,63709951,WQC0076
OV3331,OV3331,OV3331_P54,md,33,0.7,2,63709951,WQC0076
OV3331,OV3331,OV3331_P54,md,34,0.69,2,63709951,WQC0076
OV3331,OV3331,OV3331_P54,md,35,0.68,2,63709951,WQC0076
OV3331,OV3331,OV3331_P54,md,36,0.67,2,63709951,WQC0076
OV3331,OV3331,OV3331_P54,md,37,0.65,2,63709951,WQC0076
OV3331,OV3331,OV3331_P54,md,38,0.64,2,63709951,WQC0076
OV3331,OV3331,OV3331_P54,md,39,0.63,2,63709951,WQC0076
OV3331,OV3331,OV3331_P54,md,40,0.62,2,63709951,WQC0076
OV3331,OV3331,OV3331_P54,md,41,0.61,2,63709951,WQC0076
OV3331,OV3331,OV3331_P54,md,42,0.6,2,63709951,WQC0076
OV3331,OV3331,OV3331_P54,md,43,0.59,2,63709951,WQC0076
OV3331,OV3331,OV3331_P54,md,44,0.58,2,63709951,WQC0076
OV3331,OV3331,OV3331_P54,md,45,0.57,2,63709951,WQC0076
OV3331,OV3331,OV3331_P54,md,46,0.56,2,63709951,WQC0076
OV3331,OV3331,OV3331_P54,md,47,0.55,2,63709951,WQC0076
OV3331,OV3331,OV3331_P54,md,48,0.54,2,63709951,WQC0076
OV3331,OV3331,OV3331_P54,md,49,0.53,2,63709951,WQC0076
OV3331,OV3331,OV3331_P54,md,50,0.52,2,63709951,WQC0076
OV3331,OV3331,OV3331_P54,md,51,0.51,2,63709951,WQC0076
OV3331,OV3331,OV3331_P54,md,52,0.5,2,63709951,WQC0076
OV3331,OV3331,OV3331_P54,md,53,0.49,2,63709951,WQC0076
OV3331,OV3331,OV3331_P54,md,54,0.49,2,63709951,WQC0076
OV3331,OV3331,OV3331_P54,md,55,0.48,2,63709951,WQC0076
OV3331,OV3331,OV3331_P54,md,56,0.47,2,63709951,WQC0076
OV3331,OV3331,OV3331_P54,md,57,0.46,2,63709951,WQC0076
OV3331,OV3331,OV3331_P54,md,58,0.45,2,63709951,WQC0076
OV3331,OV3331,OV3331_P54,md,59,0.44,2,63709951,WQC0076
OV3331,OV3331,OV3331_P54,md,60,0.44,2,63709951,WQC0076
OV3331,OV3331,OV3331_P54,md,61,0.43,2,63709951,WQC0076
OV3331,OV3331,OV3331_P54,md,62,0.42,2,63709951,WQC0076
OV3331,OV3331,OV3331_P54,md,63,0.41,2,63709951,WQC0076
OV3331,OV3331,OV3331_P54,md,64,0.4,2,63709951,WQC0076
OV3331,OV3331,OV3331_P54,md,65,0.4,2,63709951,WQC0076
OV3331,OV3331,OV3331_P54,md,66,0.39,2,63709951,WQC0076
OV3331,OV3331,OV3331_P54,md,67,0.38,2,63709951,WQC0076
OV3331,OV3331,OV3331_P54,md,68,0.38,2,63709951,WQC0076
OV3331,OV3331,OV3331_P54,md,69,0.37,2,63709951,WQC0076
OV3331,OV3331,OV3331_P54,md,70,0.36,2,63709951,WQC0076
OV3331,OV3331,OV3331_P54,md,71,0.35,2,63709951,WQC0076
OV3331,OV3331,OV3331_P54,md,72,0.35,2,63709951,WQC0076
OV3331,OV3331,OV3331_P54,md,73,0.34,2,63709951,WQC0076
OV3331,OV3331,OV3331_P54,md,74,0.34,2,63709951,WQC0076
OV3331,OV3331,OV3331_P54,md,75,0.33,2,63709951,WQC0076
OV3331,OV3331,OV3331_P54,md,76,0.32,2,63709951,WQC0076
OV3331,OV3331,OV3331_P54,md,77,0.32,2,63709951,WQC0076
OV3331,OV3331,OV3331_P54,md,78,0.31,2,63709951,WQC0076
OV3331,OV3331,OV3331_P54,md,79,0.31,2,63709951,WQC0076
OV3331,OV3331,OV3331_P54,md,80,0.3,2,63709951,WQC0076
OV3331,OV3331,OV3331_P54,md,81,0.29,2,63709951,WQC0076
OV3331,OV3331,OV3331_P54,md,82,0.29,2,63709951,WQC0076
OV3331,OV3331,OV3331_P54,md,83,0.28,2,63709951,WQC0076
OV3331,OV3331,OV3331_P54,md,84,0.28,2,63709951,WQC0076
OV3331,OV3331,OV3331_P54,md,85,0.27,2,63709951,WQC0076
OV3331,OV3331,OV3331_P54,md,86,0.27,2,63709951,WQC0076
OV3331,OV3331,OV3331_P54,md,87,0.26,2,63709951,WQC0076
OV3331,OV3331,OV3331_P54,md,88,0.26,2,63709951,WQC0076
OV3331,OV3331,OV3331_P54,md,89,0.25,2,63709951,WQC0076
OV3331,OV3331,OV3331_P54,md,90,0.25,2,63709951,WQC0076
OV3331,OV3331,OV3331_P54,md,91,0.25,2,63709951,WQC0076
OV3331,OV3331,OV3331_P54,md,92,0.24,2,63709951,WQC0076
OV3331,OV3331,OV3331_P54,md,93,0.24,2,63709951,WQC0076
OV3331,OV3331,OV3331_P54,md,94,0.23,2,63709951,WQC0076
OV3331,OV3331,OV3331_P54,md,95,0.23,2,63709951,WQC0076
OV3331,OV3331,OV3331_P54,md,96,0.22,2,63709951,WQC0076
OV3331,OV3331,OV3331_P54,md,97,0.22,2,63709951,WQC0076
OV3331,OV3331,OV3331_P54,md,98,0.22,2,63709951,WQC0076
OV3331,OV3331,OV3331_P54,md,99,0.21,2,63709951,WQC0076
OV3331,OV3331,OV3331_P54,md,100,0.21,2,63709951,WQC0076
OV3331,OV3331,OV3331_P54,md,101,0.21,2,63709951,WQC0076
OV3331,OV3331,OV3331_P54,md,102,0.2,2,63709951,WQC0076
OV3331,OV3331,OV3331_P54,md,103,0.2,2,63709951,WQC0076
OV3331,OV3331,OV3331_P54,md,104,0.2,2,63709951,WQC0076
OV3331,OV3331,OV3331_P54,md,105,0.19,2,63709951,WQC0076
OV3331,OV3331,OV3331_P54,md,106,0.19,2,63709951,WQC0076
OV3331,OV3331,OV3331_P54,md,107,0.19,2,63709951,WQC0076
OV3331,OV3331,OV3331_P54,md,108,0.18,2,63709951,WQC0076
OV3331,OV3331,OV3331_P54,md,109,0.18,2,63709951,WQC0076
OV3331,OV3331,OV3331_P54,md,110,0.18,2,63709951,WQC0076
OV3331,OV3331,OV3331_P54,md,111,0.17,2,63709951,WQC0076
OV3331,OV3331,OV3331_P54,md,112,0.17,2,63709951,WQC0076
OV3331,OV3331,OV3331_P54,md,113,0.17,2,63709951,WQC0076
OV3331,OV3331,OV3331_P54,md,114,0.17,2,63709951,WQC0076
OV3331,OV3331,OV3331_P54,md,115,0.16,2,63709951,WQC0076
OV3331,OV3331,OV3331_P54,md,116,0.16,2,63709951,WQC0076
OV3331,OV3331,OV3331_P54,md,117,0.16,2,63709951,WQC0076
OV3331,OV3331,OV3331_P54,md,118,0.16,2,63709951,WQC0076
OV3331,OV3331,OV3331_P54,md,119,0.15,2,63709951,WQC0076
OV3331,OV3331,OV3331_P54,md,120,0.15,2,63709951,WQC0076
OV3331,OV3331,OV3331_P54,md,121,0.15,2,63709951,WQC0076
OV3331,OV3331,OV3331_P54,md,122,0.15,2,63709951,WQC0076
OV3331,OV3331,OV3331_P54,md,123,0.14,2,63709951,WQC0076
OV3331,OV3331,OV3331_P54,md,124,0.14,2,63709951,WQC0076
OV3331,OV3331,OV3331_P54,md,125,0.14,2,63709951,WQC0076
OV3331,OV3331,OV3331_P54,md,126,0.14,2,63709951,WQC0076
OV3331,OV3331,OV3331_P54,md,127,0.14,2,63709951,WQC0076
OV3331,OV3331,OV3331_P54,md,128,0.13,2,63709951,WQC0076
OV3331,OV3331,OV3331_P54,md,129,0.13,2,63709951,WQC0076
OV3331,OV3331,OV3331_P54,md,130,0.13,2,63709951,WQC0076
OV3331,OV3331,OV3331_P54,md,131,0.13,2,63709951,WQC0076
OV3331,OV3331,OV3331_P54,md,132,0.13,2,63709951,WQC0076
OV3331,OV3331,OV3331_P54,md,133,0.12,2,63709951,WQC0076
OV3331,OV3331,OV3331_P54,md,134,0.12,2,63709951,WQC0076
OV3331,OV3331,OV3331_P54,md,135,0.12,2,63709951,WQC0076
OV3331,OV3331,OV3331_P54,md,136,0.12,2,63709951,WQC0076
OV3331,OV3331,OV3331_P54,md,137,0.12,2,63709951,WQC0076
OV3331,OV3331,OV3331_P54,md,138,0.12,2,63709951,WQC0076
OV3331,OV3331,OV3331_P54,md,139,0.11,2,63709951,WQC0076
OV3331,OV3331,OV3331_P54,md,140,0.11,2,63709951,WQC0076
OV3331,OV3331,OV3331_P54,md,141,0.11,2,63709951,WQC0076
OV3331,OV3331,OV3331_P54,md,142,0.11,2,63709951,WQC0076
OV3331,OV3331,OV3331_P54,md,143,0.11,2,63709951,WQC0076
OV3331,OV3331,OV3331_P54,md,144,0.11,2,63709951,WQC0076
OV3331,OV3331,OV3331_P54,md,145,0.1,2,63709951,WQC0076
OV3331,OV3331,OV3331_P54,md,146,0.1,2,63709951,WQC0076
OV3331,OV3331,OV3331_P54,md,147,0.1,2,63709951,WQC0076
OV3331,OV3331,OV3331_P54,md,148,0.1,2,63709951,WQC0076
OV3331,OV3331,OV3331_P54,md,149,0.1,2,63709951,WQC0076
OV3331,OV3331,OV3331_P54,md,150,0.1,2,63709951,WQC0076
OV3331,OV3331,OV3331_P54,recal,0,1.0,2,63706108,WQC0079
OV3331,OV3331,OV3331_P54,recal,1,0.99,2,63706108,WQC0079
OV3331,OV3331,OV3331_P54,recal,2,0.99,2,63706108,WQC0079
OV3331,OV3331,OV3331_P54,recal,3,0.98,2,63706108,WQC0079
OV3331,OV3331,OV3331_P54,recal,4,0.98,2,63706108,WQC0079
OV3331,OV3331,OV3331_P54,recal,5,0.97,2,63706108,WQC0079
OV3331,OV3331,OV3331_P54,recal,6,0.97,2,63706108,WQC0079
OV3331,OV3331,OV3331_P54,recal,7,0.96,2,63706108,WQC0079
OV3331,OV3331,OV3331_P54,recal,8,0.95,2,63706108,WQC0079
OV3331,OV3331,OV3331_P54,recal,9,0.95,2,63706108,WQC0079
OV3331,OV3331,OV3331_P54,recal,10,0.94,2,63706108,WQC0079
OV3331,OV3331,OV3331_P54,recal,11,0.93,2,63706108,WQC0079
OV3331,OV3331,OV3331_P54,recal,12,0.92,2,63706108,WQC0079
OV3331,OV3331,OV3331_P54,recal,13,0.92,2,63706108,WQC0079
OV3331,OV3331,OV3331_P54,recal,14,0.91,2,63706108,WQC0079
OV3331,OV3331,OV3331_P54,recal,15,0.9,2,63706108,WQC0079
OV3331,OV3331,OV3331_P54,recal,16,0.89,2,63706108,WQC0079
OV3331,OV3331,OV3331_P54,recal,17,0.88,2,63706108,WQC0079
OV3331,OV3331,OV3331_P54,recal,18,0.87,2,63706108,WQC0079
OV3331,OV3331,OV3331_P54,recal,19,0.86,2,63706108,WQC0079
OV3331,OV3331,OV3331_P54,recal,20,0.85,2,63706108,WQC0079
OV3331,OV3331,OV3331_P54,recal,21,0.84,2,63706108,WQC0079
OV3331,OV3331,OV3331_P54,recal,22,0.82,2,63706108,WQC0079
OV3331,OV3331,OV3331_P54,recal,23,0.81,2,63706108,WQC0079
OV3331,OV3331,OV3331_P54,recal,24,0.8,2,63706108,WQC0079
OV3331,OV3331,OV3331_P54,recal,25,0.79,2,63706108,WQC0079
OV3331,OV3331,OV3331_P54,recal,26,0.78,2,63706108,WQC0079
OV3331,OV3331,OV3331_P54,recal,27,0.77,2,63706108,WQC0079
OV3331,OV3331,OV3331_P54,recal,28,0.76,2,63706108,WQC0079
OV3331,OV3331,OV3331_P54,recal,29,0.74,2,63706108,WQC0079
OV3331,OV3331,OV3331_P54,recal,30,0.73,2,63706108,WQC0079
OV3331,OV3331,OV3331_P54,recal,31,0.72,2,63706108,WQC0079
OV3331,OV3331,OV3331_P54,recal,32,0.71,2,63706108,WQC0079
OV3331,OV3331,OV3331_P54,recal,33,0.7,2,63706108,WQC0079
OV3331,OV3331,OV3331_P54,recal,34,0.69,2,63706108,WQC0079
OV3331,OV3331,OV3331_P54,recal,35,0.68,2,63706108,WQC0079
OV3331,OV3331,OV3331_P54,recal,36,0.67,2,63706108,WQC0079
OV3331,OV3331,OV3331_P54,recal,37,0.65,2,63706108,WQC0079
OV3331,OV3331,OV3331_P54,recal,38,0.64,2,63706108,WQC0079
OV3331,OV3331,OV3331_P54,recal,39,0.63,2,63706108,WQC0079
OV3331,OV3331,OV3331_P54,recal,40,0.62,2,63706108,WQC0079
OV3331,OV3331,OV3331_P54,recal,41,0.61,2,63706108,WQC0079
OV3331,OV3331,OV3331_P54,recal,42,0.6,2,63706108,WQC0079
OV3331,OV3331,OV3331_P54,recal,43,0.59,2,63706108,WQC0079
OV3331,OV3331,OV3331_P54,recal,44,0.58,2,63706108,WQC0079
OV3331,OV3331,OV3331_P54,recal,45,0.57,2,63706108,WQC0079
OV3331,OV3331,OV3331_P54,recal,46,0.56,2,63706108,WQC0079
OV3331,OV3331,OV3331_P54,recal,47,0.55,2,63706108,WQC0079
OV3331,OV3331,OV3331_P54,recal,48,0.54,2,63706108,WQC0079
OV3331,OV3331,OV3331_P54,recal,49,0.53,2,63706108,WQC0079
OV3331,OV3331,OV3331_P54,recal,50,0.52,2,63706108,WQC0079
OV3331,OV3331,OV3331_P54,recal,51,0.51,2,63706108,WQC0079
OV3331,OV3331,OV3331_P54,recal,52,0.5,2,63706108,WQC0079
OV3331,OV3331,OV3331_P54,recal,53,0.49,2,63706108,WQC0079
OV3331,OV3331,OV3331_P54,recal,54,0.49,2,63706108,WQC0079
OV3331,OV3331,OV3331_P54,recal,55,0.48,2,63706108,WQC0079
OV3331,OV3331,OV3331_P54,recal,56,0.47,2,63706108,WQC0079
OV3331,OV3331,OV3331_P54,recal,57,0.46,2,63706108,WQC0079
OV3331,OV3331,OV3331_P54,recal,58,0.45,2,63706108,WQC0079
OV3331,OV3331,OV3331_P54,recal,59,0.44,2,63706108,WQC0079
OV3331,OV3331,OV3331_P54,recal,60,0.44,2,63706108,WQC0079
OV3331,OV3331,OV3331_P54,recal,61,0.43,2,63706108,WQC0079
OV3331,OV3331,OV3331_P54,recal,62,0.42,2,63706108,WQC0079
OV3331,OV3331,OV3331_P54,recal,63,0.41,2,63706108,WQC0079
OV3331,OV3331,OV3331_P54,recal,64,0.4,2,63706108,WQC0079
OV3331,OV3331,OV3331_P54,recal,65,0.4,2,63706108,WQC0079
OV3331,OV3331,OV3331_P54,recal,66,0.39,2,63706108,WQC0079
OV3331,OV3331,OV3331_P54,recal,67,0.38,2,63706108,WQC0079
OV3331,OV3331,OV3331_P54,recal,68,0.38,2,63706108,WQC0079
OV3331,OV3331,OV3331_P54,recal,69,0.37,2,63706108,WQC0079
OV3331,OV3331,OV3331_P54,recal,70,0.36,2,63706108,WQC0079
OV3331,OV3331,OV3331_P54,recal,71,0.35,2,63706108,WQC0079
OV3331,OV3331,OV3331_P54,recal,72,0.35,2,63706108,WQC0079
OV3331,OV3331,OV3331_P54,recal,73,0.34,2,63706108,WQC0079
OV3331,OV3331,OV3331_P54,recal,74,0.34,2,63706108,WQC0079
OV3331,OV3331,OV3331_P54,recal,75,0.33,2,63706108,WQC0079
OV3331,OV3331,OV3331_P54,recal,76,0.32,2,63706108,WQC0079
OV3331,OV3331,OV3331_P54,recal,77,0.32,2,63706108,WQC0079
OV3331,OV3331,OV3331_P54,recal,78,0.31,2,63706108,WQC0079
OV3331,OV3331,OV3331_P54,recal,79,0.31,2,63706108,WQC0079
OV3331,OV3331,OV3331_P54,recal,80,0.3,2,63706108,WQC0079
OV3331,OV3331,OV3331_P54,recal,81,0.29,2,63706108,WQC0079
OV3331,OV3331,OV3331_P54,recal,82,0.29,2,63706108,WQC0079
OV3331,OV3331,OV3331_P54,recal,83,0.28,2,63706108,WQC0079
OV3331,OV3331,OV3331_P54,recal,84,0.28,2,63706108,WQC0079
OV3331,OV3331,OV3331_P54,recal,85,0.27,2,63706108,WQC0079
OV3331,OV3331,OV3331_P54,recal,86,0.27,2,63706108,WQC0079
OV3331,OV3331,OV3331_P54,recal,87,0.26,2,63706108,WQC0079
OV3331,OV3331,OV3331_P54,recal,88,0.26,2,63706108,WQC0079
OV3331,OV3331,OV3331_P54,recal,89,0.25,2,63706108,WQC0079
OV3331,OV3331,OV3331_P54,recal,90,0.25,2,63706108,WQC0079
OV3331,OV3331,OV3331_P54,recal,91,0.25,2,63706108,WQC0079
OV3331,OV3331,OV3331_P54,recal,92,0.24,2,63706108,WQC0079
OV3331,OV3331,OV3331_P54,recal,93,0.24,2,63706108,WQC0079
OV3331,OV3331,OV3331_P54,recal,94,0.23,2,63706108,WQC0079
OV3331,OV3331,OV3331_P54,recal,95,0.23,2,63706108,WQC0079
OV3331,OV3331,OV3331_P54,recal,96,0.22,2,63706108,WQC0079
OV3331,OV3331,OV3331_P54,recal,97,0.22,2,63706108,WQC0079
OV3331,OV3331,OV3331_P54,recal,98,0.22,2,63706108,WQC0079
OV3331,OV3331,OV3331_P54,recal,99,0.21,2,63706108,WQC0079
OV3331,OV3331,OV3331_P54,recal,100,0.21,2,63706108,WQC0079
OV3331,OV3331,OV3331_P54,recal,101,0.21,2,63706108,WQC0079
OV3331,OV3331,OV3331_P54,recal,102,0.2,2,63706108,WQC0079
OV3331,OV3331,OV3331_P54,recal,103,0.2,2,63706108,WQC0079
OV3331,OV3331,OV3331_P54,recal,104,0.2,2,63706108,WQC0079
OV3331,OV3331,OV3331_P54,recal,105,0.19,2,63706108,WQC0079
OV3331,OV3331,OV3331_P54,recal,106,0.19,2,63706108,WQC0079
OV3331,OV3331,OV3331_P54,recal,107,0.19,2,63706108,WQC0079
OV3331,OV3331,OV3331_P54,recal,108,0.18,2,63706108,WQC0079
OV3331,OV3331,OV3331_P54,recal,109,0.18,2,63706108,WQC0079
OV3331,OV3331,OV3331_P54,recal,110,0.18,2,63706108,WQC0079
OV3331,OV3331,OV3331_P54,recal,111,0.17,2,63706108,WQC0079
OV3331,OV3331,OV3331_P54,recal,112,0.17,2,63706108,WQC0079
OV3331,OV3331,OV3331_P54,recal,113,0.17,2,63706108,WQC0079
OV3331,OV3331,OV3331_P54,recal,114,0.17,2,63706108,WQC0079
OV3331,OV3331,OV3331_P54,recal,115,0.16,2,63706108,WQC0079
OV3331,OV3331,OV3331_P54,recal,116,0.16,2,63706108,WQC0079
OV3331,OV3331,OV3331_P54,recal,117,0.16,2,63706108,WQC0079
OV3331,OV3331,OV3331_P54,recal,118,0.16,2,63706108,WQC0079
OV3331,OV3331,OV3331_P54,recal,119,0.15,2,63706108,WQC0079
OV3331,OV3331,OV3331_P54,recal,120,0.15,2,63706108,WQC0079
OV3331,OV3331,OV3331_P54,recal,121,0.15,2,63706108,WQC0079
OV3331,OV3331,OV3331_P54,recal,122,0.15,2,63706108,WQC0079
OV3331,OV3331,OV3331_P54,recal,123,0.14,2,63706108,WQC0079
OV3331,OV3331,OV3331_P54,recal,124,0.14,2,63706108,WQC0079
OV3331,OV3331,OV3331_P54,recal,125,0.14,2,63706108,WQC0079
OV3331,OV3331,OV3331_P54,recal,126,0.14,2,63706108,WQC0079
OV3331,OV3331,OV3331_P54,recal,127,0.14,2,63706108,WQC0079
OV3331,OV3331,OV3331_P54,recal,128,0.13,2,63706108,WQC0079
OV3331,OV3331,OV3331_P54,recal,129,0.13,2,63706108,WQC0079
OV3331,OV3331,OV3331_P54,recal,130,0.13,2,63706108,WQC0079
OV3331,OV3331,OV3331_P54,recal,131,0.13,2,63706108,WQC0079
OV3331,OV3331,OV3331_P54,recal,132,0.13,2,63706108,WQC0079
OV3331,OV3331,OV3331_P54,recal,133,0.12,2,63706108,WQC0079
OV3331,OV3331,OV3331_P54,recal,134,0.12,2,63706108,WQC0079
OV3331,OV3331,OV3331_P54,recal,135,0.12,2,63706108,WQC0079
OV3331,OV3331,OV3331_P54,recal,136,0.12,2,63706108,WQC0079
OV3331,OV3331,OV3331_P54,recal,137,0.12,2,63706108,WQC0079
OV3331,OV3331,OV3331_P54,recal,138,0.12,2,63706108,WQC0079
OV3331,OV3331,OV3331_P54,recal,139,0.11,2,63706108,WQC0079
OV3331,OV3331,OV3331_P54,recal,140,0.11,2,63706108,WQC0079
OV3331,OV3331,OV3331_P54,recal,141,0.11,2,63706108,WQC0079
OV3331,OV3331,OV3331_P54,recal,142,0.11,2,63706108,WQC0079
OV3331,OV3331,OV3331_P54,recal,143,0.11,2,63706108,WQC0079
OV3331,OV3331,OV3331_P54,recal,144,0.11,2,63706108,WQC0079
OV3331,OV3331,OV3331_P54,recal,145,0.1,2,63706108,WQC0079
OV3331,OV3331,OV3331_P54,recal,146,0.1,2,63706108,WQC0079
OV3331,OV3331,OV3331_P54,recal,147,0.1,2,63706108,WQC0079
OV3331,OV3331,OV3331_P54,recal,148,0.1,2,63706108,WQC0079
OV3331,OV3331,OV3331_P54,recal,149,0.1,2,63706108,WQC0079
OV3331,OV3331,OV3331_P54,recal,150,0.1,2,63706108,WQC0079
OV90,OV90,OV90_P63,md,0,1.0,2,63709951,WQC0084
OV90,OV90,OV90_P63,md,1,0.99,2,63709951,WQC0084
OV90,OV90,OV90_P63,md,2,0.99,2,63709951,WQC0084
OV90,OV90,OV90_P63,md,3,0.99,2,63709951,WQC0084
OV90,OV90,OV90_P63,md,4,0.99,2,63709951,WQC0084
OV90,OV90,OV90_P63,md,5,0.99,2,63709951,WQC0084
OV90,OV90,OV90_P63,md,6,0.98,2,63709951,WQC0084
OV90,OV90,OV90_P63,md,7,0.98,2,63709951,WQC0084
OV90,OV90,OV90_P63,md,8,0.98,2,63709951,WQC0084
OV90,OV90,OV90_P63,md,9,0.97,2,63709951,WQC0084
OV90,OV90,OV90_P63,md,10,0.97,2,63709951,WQC0084
OV90,OV90,OV90_P63,md,11,0.97,2,63709951,WQC0084
OV90,OV90,OV90_P63,md,12,0.96,2,63709951,WQC0084
OV90,OV90,OV90_P63,md,13,0.96,2,63709951,WQC0084
OV90,OV90,OV90_P63,md,14,0.95,2,63709951,WQC0084
OV90,OV90,OV90_P63,md,15,0.94,2,63709951,WQC0084
OV90,OV90,OV90_P63,md,16,0.94,2,63709951,WQC0084
OV90,OV90,OV90_P63,md,17,0.93,2,63709951,WQC0084
OV90,OV90,OV90_P63,md,18,0.92,2,63709951,WQC0084
OV90,OV90,OV90_P63,md,19,0.92,2,63709951,WQC0084
OV90,OV90,OV90_P63,md,20,0.91,2,63709951,WQC0084
OV90,OV90,OV90_P63,md,21,0.9,2,63709951,WQC0084
OV90,OV90,OV90_P63,md,22,0.89,2,63709951,WQC0084
OV90,OV90,OV90_P63,md,23,0.88,2,63709951,WQC0084
OV90,OV90,OV90_P63,md,24,0.87,2,63709951,WQC0084
OV90,OV90,OV90_P63,md,25,0.86,2,63709951,WQC0084
OV90,OV90,OV90_P63,md,26,0.85,2,63709951,WQC0084
OV90,OV90,OV90_P63,md,27,0.84,2,63709951,WQC0084
OV90,OV90,OV90_P63,md,28,0.83,2,63709951,WQC0084
OV90,OV90,OV90_P63,md,29,0.81,2,63709951,WQC0084
OV90,OV90,OV90_P63,md,30,0.8,2,63709951,WQC0084
OV90,OV90,OV90_P63,md,31,0.79,2,63709951,WQC0084
OV90,OV90,OV90_P63,md,32,0.78,2,63709951,WQC0084
OV90,OV90,OV90_P63,md,33,0.76,2,63709951,WQC0084
OV90,OV90,OV90_P63,md,34,0.75,2,63709951,WQC0084
OV90,OV90,OV90_P63,md,35,0.74,2,63709951,WQC0084
OV90,OV90,OV90_P63,md,36,0.72,2,63709951,WQC0084
OV90,OV90,OV90_P63,md,37,0.71,2,63709951,WQC0084
OV90,OV90,OV90_P63,md,38,0.7,2,63709951,WQC0084
OV90,OV90,OV90_P63,md,39,0.68,2,63709951,WQC0084
OV90,OV90,OV90_P63,md,40,0.67,2,63709951,WQC0084
OV90,OV90,OV90_P63,md,41,0.66,2,63709951,WQC0084
OV90,OV90,OV90_P63,md,42,0.64,2,63709951,WQC0084
OV90,OV90,OV90_P63,md,43,0.63,2,63709951,WQC0084
OV90,OV90,OV90_P63,md,44,0.61,2,63709951,WQC0084
OV90,OV90,OV90_P63,md,45,0.6,2,63709951,WQC0084
OV90,OV90,OV90_P63,md,46,0.58,2,63709951,WQC0084
OV90,OV90,OV90_P63,md,47,0.57,2,63709951,WQC0084
OV90,OV90,OV90_P63,md,48,0.56,2,63709951,WQC0084
OV90,OV90,OV90_P63,md,49,0.54,2,63709951,WQC0084
OV90,OV90,OV90_P63,md,50,0.53,2,63709951,WQC0084
OV90,OV90,OV90_P63,md,51,0.52,2,63709951,WQC0084
OV90,OV90,OV90_P63,md,52,0.5,2,63709951,WQC0084
OV90,OV90,OV90_P63,md,53,0.49,2,63709951,WQC0084
OV90,OV90,OV90_P63,md,54,0.48,2,63709951,WQC0084
OV90,OV90,OV90_P63,md,55,0.46,2,63709951,WQC0084
OV90,OV90,OV90_P63,md,56,0.45,2,63709951,WQC0084
OV90,OV90,OV90_P63,md,57,0.44,2,63709951,WQC0084
OV90,OV90,OV90_P63,md,58,0.42,2,63709951,WQC0084
OV90,OV90,OV90_P63,md,59,0.41,2,63709951,WQC0084
OV90,OV90,OV90_P63,md,60,0.4,2,63709951,WQC0084
OV90,OV90,OV90_P63,md,61,0.39,2,63709951,WQC0084
OV90,OV90,OV90_P63,md,62,0.38,2,63709951,WQC0084
OV90,OV90,OV90_P63,md,63,0.37,2,63709951,WQC0084
OV90,OV90,OV90_P63,md,64,0.36,2,63709951,WQC0084
OV90,OV90,OV90_P63,md,65,0.35,2,63709951,WQC0084
OV90,OV90,OV90_P63,md,66,0.34,2,63709951,WQC0084
OV90,OV90,OV90_P63,md,67,0.33,2,63709951,WQC0084
OV90,OV90,OV90_P63,md,68,0.32,2,63709951,WQC0084
OV90,OV90,OV90_P63,md,69,0.31,2,63709951,WQC0084
OV90,OV90,OV90_P63,md,70,0.3,2,63709951,WQC0084
OV90,OV90,OV90_P63,md,71,0.29,2,63709951,WQC0084
OV90,OV90,OV90_P63,md,72,0.28,2,63709951,WQC0084
OV90,OV90,OV90_P63,md,73,0.27,2,63709951,WQC0084
OV90,OV90,OV90_P63,md,74,0.26,2,63709951,WQC0084
OV90,OV90,OV90_P63,md,75,0.26,2,63709951,WQC0084
OV90,OV90,OV90_P63,md,76,0.25,2,63709951,WQC0084
OV90,OV90,OV90_P63,md,77,0.24,2,63709951,WQC0084
OV90,OV90,OV90_P63,md,78,0.23,2,63709951,WQC0084
OV90,OV90,OV90_P63,md,79,0.23,2,63709951,WQC0084
OV90,OV90,OV90_P63,md,80,0.22,2,63709951,WQC0084
OV90,OV90,OV90_P63,md,81,0.21,2,63709951,WQC0084
OV90,OV90,OV90_P63,md,82,0.21,2,63709951,WQC0084
OV90,OV90,OV90_P63,md,83,0.2,2,63709951,WQC0084
OV90,OV90,OV90_P63,md,84,0.2,2,63709951,WQC0084
OV90,OV90,OV90_P63,md,85,0.19,2,63709951,WQC0084
OV90,OV90,OV90_P63,md,86,0.18,2,63709951,WQC0084
OV90,OV90,OV90_P63,md,87,0.18,2,63709951,WQC0084
OV90,OV90,OV90_P63,md,88,0.17,2,63709951,WQC0084
OV90,OV90,OV90_P63,md,89,0.17,2,63709951,WQC0084
OV90,OV90,OV90_P63,md,90,0.17,2,63709951,WQC0084
OV90,OV90,OV90_P63,md,91,0.16,2,63709951,WQC0084
OV90,OV90,OV90_P63,md,92,0.16,2,63709951,WQC0084
OV90,OV90,OV90_P63,md,93,0.15,2,63709951,WQC0084
OV90,OV90,OV90_P63,md,94,0.15,2,63709951,WQC0084
OV90,OV90,OV90_P63,md,95,0.14,2,63709951,WQC0084
OV90,OV90,OV90_P63,md,96,0.14,2,63709951,WQC0084
OV90,OV90,OV90_P63,md,97,0.14,2,63709951,WQC0084
OV90,OV90,OV90_P63,md,98,0.13,2,63709951,WQC0084
OV90,OV90,OV90_P63,md,99,0.13,2,63709951,WQC0084
OV90,OV90,OV90_P63,md,100,0.13,2,63709951,WQC0084
OV90,OV90,OV90_P63,md,101,0.12,2,63709951,WQC0084
OV90,OV90,OV90_P63,md,102,0.12,2,63709951,WQC0084
OV90,OV90,OV90_P63,md,103,0.12,2,63709951,WQC0084
OV90,OV90,OV90_P63,md,104,0.12,2,63709951,WQC0084
OV90,OV90,OV90_P63,md,105,0.11,2,63709951,WQC0084
OV90,OV90,OV90_P63,md,106,0.11,2,63709951,WQC0084
OV90,OV90,OV90_P63,md,107,0.11,2,63709951,WQC0084
OV90,OV90,OV90_P63,md,108,0.11,2,63709951,WQC0084
OV90,OV90,OV90_P63,md,109,0.1,2,63709951,WQC0084
OV90,OV90,OV90_P63,md,110,0.1,2,63709951,WQC0084
OV90,OV90,OV90_P63,md,111,0.1,2,63709951,WQC0084
OV90,OV90,OV90_P63,md,112,0.1,2,63709951,WQC0084
OV90,OV90,OV90_P63,md,113,0.1,2,63709951,WQC0084
OV90,OV90,OV90_P63,md,114,0.09,2,63709951,WQC0084
OV90,OV90,OV90_P63,md,115,0.09,2,63709951,WQC0084
OV90,OV90,OV90_P63,md,116,0.09,2,63709951,WQC0084
OV90,OV90,OV90_P63,md,117,0.09,2,63709951,WQC0084
OV90,OV90,OV90_P63,md,118,0.09,2,63709951,WQC0084
OV90,OV90,OV90_P63,md,119,0.08,2,63709951,WQC0084
OV90,OV90,OV90_P63,md,120,0.08,2,63709951,WQC0084
OV90,OV90,OV90_P63,md,121,0.08,2,63709951,WQC0084
OV90,OV90,OV90_P63,md,122,0.08,2,63709951,WQC0084
OV90,OV90,OV90_P63,md,123,0.08,2,63709951,WQC0084
OV90,OV90,OV90_P63,md,124,0.08,2,63709951,WQC0084
OV90,OV90,OV90_P63,md,125,0.08,2,63709951,WQC0084
OV90,OV90,OV90_P63,md,126,0.07,2,63709951,WQC0084
OV90,OV90,OV90_P63,md,127,0.07,2,63709951,WQC0084
OV90,OV90,OV90_P63,md,128,0.07,2,63709951,WQC0084
OV90,OV90,OV90_P63,md,129,0.07,2,63709951,WQC0084
OV90,OV90,OV90_P63,md,130,0.07,2,63709951,WQC0084
OV90,OV90,OV90_P63,md,131,0.07,2,63709951,WQC0084
OV90,OV90,OV90_P63,md,132,0.07,2,63709951,WQC0084
OV90,OV90,OV90_P63,md,133,0.07,2,63709951,WQC0084
OV90,OV90,OV90_P63,md,134,0.07,2,63709951,WQC0084
OV90,OV90,OV90_P63,md,135,0.06,2,63709951,WQC0084
OV90,OV90,OV90_P63,md,136,0.06,2,63709951,WQC0084
OV90,OV90,OV90_P63,md,137,0.06,2,63709951,WQC0084
OV90,OV90,OV90_P63,md,138,0.06,2,63709951,WQC0084
OV90,OV90,OV90_P63,md,139,0.06,2,63709951,WQC0084
OV90,OV90,OV90_P63,md,140,0.06,2,63709951,WQC0084
OV90,OV90,OV90_P63,md,141,0.06,2,63709951,WQC0084
OV90,OV90,OV90_P63,md,142,0.06,2,63709951,WQC0084
OV90,OV90,OV90_P63,md,143,0.06,2,63709951,WQC0084
OV90,OV90,OV90_P63,md,144,0.06,2,63709951,WQC0084
OV90,OV90,OV90_P63,md,145,0.06,2,63709951,WQC0084
OV90,OV90,OV90_P63,md,146,0.06,2,63709951,WQC0084
OV90,OV90,OV90_P63,md,147,0.05,2,63709951,WQC0084
OV90,OV90,OV90_P63,md,148,0.05,2,63709951,WQC0084
OV90,OV90,OV90_P63,md,149,0.05,2,63709951,WQC0084
OV90,OV90,OV90_P63,md,150,0.05,2,63709951,WQC0084
OV90,OV90,OV90_P63,recal,0,1.0,2,63709444,WQC0087
OV90,OV90,OV90_P63,recal,1,0.99,2,63709444,WQC0087
OV90,OV90,OV90_P63,recal,2,0.99,2,63709444,WQC0087
OV90,OV90,OV90_P63,recal,3,0.99,2,63709444,WQC0087
OV90,OV90,OV90_P63,recal,4,0.99,2,63709444,WQC0087
OV90,OV90,OV90_P63,recal,5,0.99,2,63709444,WQC0087
OV90,OV90,OV90_P63,recal,6,0.98,2,63709444,WQC0087
OV90,OV90,OV90_P63,recal,7,0.98,2,63709444,WQC0087
OV90,OV90,OV90_P63,recal,8,0.98,2,63709444,WQC0087
OV90,OV90,OV90_P63,recal,9,0.97,2,63709444,WQC0087
OV90,OV90,OV90_P63,recal,10,0.97,2,63709444,WQC0087
OV90,OV90,OV90_P63,recal,11,0.97,2,63709444,WQC0087
OV90,OV90,OV90_P63,recal,12,0.96,2,63709444,WQC0087
OV90,OV90,OV90_P63,recal,13,0.96,2,63709444,WQC0087
OV90,OV90,OV90_P63,recal,14,0.95,2,63709444,WQC0087
OV90,OV90,OV90_P63,recal,15,0.94,2,63709444,WQC0087
OV90,OV90,OV90_P63,recal,16,0.94,2,63709444,WQC0087
OV90,OV90,OV90_P63,recal,17,0.93,2,63709444,WQC0087
OV90,OV90,OV90_P63,recal,18,0.92,2,63709444,WQC0087
OV90,OV90,OV90_P63,recal,19,0.92,2,63709444,WQC0087
OV90,OV90,OV90_P63,recal,20,0.91,2,63709444,WQC0087
OV90,OV90,OV90_P63,recal,21,0.9,2,63709444,WQC0087
OV90,OV90,OV90_P63,recal,22,0.89,2,63709444,WQC0087
OV90,OV90,OV90_P63,recal,23,0.88,2,63709444,WQC0087
OV90,OV90,OV90_P63,recal,24,0.87,2,63709444,WQC0087
OV90,OV90,OV90_P63,recal,25,0.86,2,63709444,WQC0087
OV90,OV90,OV90_P63,recal,26,0.85,2,63709444,WQC0087
OV90,OV90,OV90_P63,recal,27,0.84,2,63709444,WQC0087
OV90,OV90,OV90_P63,recal,28,0.83,2,63709444,WQC0087
OV90,OV90,OV90_P63,recal,29,0.81,2,63709444,WQC0087
OV90,OV90,OV90_P63,recal,30,0.8,2,63709444,WQC0087
OV90,OV90,OV90_P63,recal,31,0.79,2,63709444,WQC0087
OV90,OV90,OV90_P63,recal,32,0.78,2,63709444,WQC0087
OV90,OV90,OV90_P63,recal,33,0.76,2,63709444,WQC0087
OV90,OV90,OV90_P63,recal,34,0.75,2,63709444,WQC0087
OV90,OV90,OV90_P63,recal,35,0.74,2,63709444,WQC0087
OV90,OV90,OV90_P63,recal,36,0.72,2,63709444,WQC0087
OV90,OV90,OV90_P63,recal,37,0.71,2,63709444,WQC0087
OV90,OV90,OV90_P63,recal,38,0.7,2,63709444,WQC0087
OV90,OV90,OV90_P63,recal,39,0.68,2,63709444,WQC0087
OV90,OV90,OV90_P63,recal,40,0.67,2,63709444,WQC0087
OV90,OV90,OV90_P63,recal,41,0.66,2,63709444,WQC0087
OV90,OV90,OV90_P63,recal,42,0.64,2,63709444,WQC0087
OV90,OV90,OV90_P63,recal,43,0.63,2,63709444,WQC0087
OV90,OV90,OV90_P63,recal,44,0.61,2,63709444,WQC0087
OV90,OV90,OV90_P63,recal,45,0.6,2,63709444,WQC0087
OV90,OV90,OV90_P63,recal,46,0.58,2,63709444,WQC0087
OV90,OV90,OV90_P63,recal,47,0.57,2,63709444,WQC0087
OV90,OV90,OV90_P63,recal,48,0.56,2,63709444,WQC0087
OV90,OV90,OV90_P63,recal,49,0.54,2,63709444,WQC0087
OV90,OV90,OV90_P63,recal,50,0.53,2,63709444,WQC0087
OV90,OV90,OV90_P63,recal,51,0.52,2,63709444,WQC0087
OV90,OV90,OV90_P63,recal,52,0.5,2,63709444,WQC0087
OV90,OV90,OV90_P63,recal,53,0.49,2,63709444,WQC0087
OV90,OV90,OV90_P63,recal,54,0.48,2,63709444,WQC0087
OV90,OV90,OV90_P63,recal,55,0.46,2,63709444,WQC0087
OV90,OV90,OV90_P63,recal,56,0.45,2,63709444,WQC0087
OV90,OV90,OV90_P63,recal,57,0.44,2,63709444,WQC0087
OV90,OV90,OV90_P63,recal,58,0.42,2,63709444,WQC0087
OV90,OV90,OV90_P63,recal,59,0.41,2,63709444,WQC0087
OV90,OV90,OV90_P63,recal,60,0.4,2,63709444,WQC0087
OV90,OV90,OV90_P63,recal,61,0.39,2,63709444,WQC0087
OV90,OV90,OV90_P63,recal,62,0.38,2,63709444,WQC0087
OV90,OV90,OV90_P63,recal,63,0.37,2,63709444,WQC0087
OV90,OV90,OV90_P63,recal,64,0.36,2,63709444,WQC0087
OV90,OV90,OV90_P63,recal,65,0.35,2,63709444,WQC0087
OV90,OV90,OV90_P63,recal,66,0.34,2,63709444,WQC0087
OV90,OV90,OV90_P63,recal,67,0.33,2,63709444,WQC0087
OV90,OV90,OV90_P63,recal,68,0.32,2,63709444,WQC0087
OV90,OV90,OV90_P63,recal,69,0.31,2,63709444,WQC0087
OV90,OV90,OV90_P63,recal,70,0.3,2,63709444,WQC0087
OV90,OV90,OV90_P63,recal,71,0.29,2,63709444,WQC0087
OV90,OV90,OV90_P63,recal,72,0.28,2,63709444,WQC0087
OV90,OV90,OV90_P63,recal,73,0.27,2,63709444,WQC0087
OV90,OV90,OV90_P63,recal,74,0.26,2,63709444,WQC0087
OV90,OV90,OV90_P63,recal,75,0.26,2,63709444,WQC0087
OV90,OV90,OV90_P63,recal,76,0.25,2,63709444,WQC0087
OV90,OV90,OV90_P63,recal,77,0.24,2,63709444,WQC0087
OV90,OV90,OV90_P63,recal,78,0.23,2,63709444,WQC0087
OV90,OV90,OV90_P63,recal,79,0.23,2,63709444,WQC0087
OV90,OV90,OV90_P63,recal,80,0.22,2,63709444,WQC0087
OV90,OV90,OV90_P63,recal,81,0.21,2,63709444,WQC0087
OV90,OV90,OV90_P63,recal,82,0.21,2,63709444,WQC0087
OV90,OV90,OV90_P63,recal,83,0.2,2,63709444,WQC0087
OV90,OV90,OV90_P63,recal,84,0.2,2,63709444,WQC0087
OV90,OV90,OV90_P63,recal,85,0.19,2,63709444,WQC0087
OV90,OV90,OV90_P63,recal,86,0.18,2,63709444,WQC0087
OV90,OV90,OV90_P63,recal,87,0.18,2,63709444,WQC0087
OV90,OV90,OV90_P63,recal,88,0.17,2,63709444,WQC0087
OV90,OV90,OV90_P63,recal,89,0.17,2,63709444,WQC0087
OV90,OV90,OV90_P63,recal,90,0.17,2,63709444,WQC0087
OV90,OV90,OV90_P63,recal,91,0.16,2,63709444,WQC0087
OV90,OV90,OV90_P63,recal,92,0.16,2,63709444,WQC0087
OV90,OV90,OV90_P63,recal,93,0.15,2,63709444,WQC0087
OV90,OV90,OV90_P63,recal,94,0.15,2,63709444,WQC0087
OV90,OV90,OV90_P63,recal,95,0.14,2,63709444,WQC0087
OV90,OV90,OV90_P63,recal,96,0.14,2,63709444,WQC0087
OV90,OV90,OV90_P63,recal,97,0.14,2,63709444,WQC0087
OV90,OV90,OV90_P63,recal,98,0.13,2,63709444,WQC0087
OV90,OV90,OV90_P63,recal,99,0.13,2,63709444,WQC0087
OV90,OV90,OV90_P63,recal,100,0.13,2,63709444,WQC0087
OV90,OV90,OV90_P63,recal,101,0.12,2,63709444,WQC0087
OV90,OV90,OV90_P63,recal,102,0.12,2,63709444,WQC0087
OV90,OV90,OV90_P63,recal,103,0.12,2,63709444,WQC0087
OV90,OV90,OV90_P63,recal,104,0.12,2,63709444,WQC0087
OV90,OV90,OV90_P63,recal,105,0.11,2,63709444,WQC0087
OV90,OV90,OV90_P63,recal,106,0.11,2,63709444,WQC0087
OV90,OV90,OV90_P63,recal,107,0.11,2,63709444,WQC0087
OV90,OV90,OV90_P63,recal,108,0.11,2,63709444,WQC0087
OV90,OV90,OV90_P63,recal,109,0.1,2,63709444,WQC0087
OV90,OV90,OV90_P63,recal,110,0.1,2,63709444,WQC0087
OV90,OV90,OV90_P63,recal,111,0.1,2,63709444,WQC0087
OV90,OV90,OV90_P63,recal,112,0.1,2,63709444,WQC0087
OV90,OV90,OV90_P63,recal,113,0.1,2,63709444,WQC0087
OV90,OV90,OV90_P63,recal,114,0.09,2,63709444,WQC0087
OV90,OV90,OV90_P63,recal,115,0.09,2,63709444,WQC0087
OV90,OV90,OV90_P63,recal,116,0.09,2,63709444,WQC0087
OV90,OV90,OV90_P63,recal,117,0.09,2,63709444,WQC0087
OV90,OV90,OV90_P63,recal,118,0.09,2,63709444,WQC0087
OV90,OV90,OV90_P63,recal,119,0.08,2,63709444,WQC0087
OV90,OV90,OV90_P63,recal,120,0.08,2,63709444,WQC0087
OV90,OV90,OV90_P63,recal,121,0.08,2,63709444,WQC0087
OV90,OV90,OV90_P63,recal,122,0.08,2,63709444,WQC0087
OV90,OV90,OV90_P63,recal,123,0.08,2,63709444,WQC0087
OV90,OV90,OV90_P63,recal,124,0.08,2,63709444,WQC0087
OV90,OV90,OV90_P63,recal,125,0.08,2,63709444,WQC0087
OV90,OV90,OV90_P63,recal,126,0.07,2,63709444,WQC0087
OV90,OV90,OV90_P63,recal,127,0.07,2,63709444,WQC0087
OV90,OV90,OV90_P63,recal,128,0.07,2,63709444,WQC0087
OV90,OV90,OV90_P63,recal,129,0.07,2,63709444,WQC0087
OV90,OV90,OV90_P63,recal,130,0.07,2,63709444,WQC0087
OV90,OV90,OV90_P63,recal,131,0.07,2,63709444,WQC0087
OV90,OV90,OV90_P63,recal,132,0.07,2,63709444,WQC0087
OV90,OV90,OV90_P63,recal,133,0.07,2,63709444,WQC0087
OV90,OV90,OV90_P63,recal,134,0.07,2,63709444,WQC0087
OV90,OV90,OV90_P63,recal,135,0.06,2,63709444,WQC0087
OV90,OV90,OV90_P63,recal,136,0.06,2,63709444,WQC0087
OV90,OV90,OV90_P63,recal,137,0.06,2,63709444,WQC0087
OV90,OV90,OV90_P63,recal,138,0.06,2,63709444,WQC0087
OV90,OV90,OV90_P63,recal,139,0.06,2,63709444,WQC0087
OV90,OV90,OV90_P63,recal,140,0.06,2,63709444,WQC0087
OV90,OV90,OV90_P63,recal,141,0.06,2,63709444,WQC0087
OV90,OV90,OV90_P63,recal,142,0.06,2,63709444,WQC0087
OV90,OV90,OV90_P63,recal,143,0.06,2,63709444,WQC0087
OV90,OV90,OV90_P63,recal,144,0.06,2,63709444,WQC0087
OV90,OV90,OV90_P63,recal,145,0.06,2,63709444,WQC0087
OV90,OV90,OV90_P63,recal,146,0.06,2,63709444,WQC0087
OV90,OV90,OV90_P63,recal,147,0.05,2,63709444,WQC0087
OV90,OV90,OV90_P63,recal,148,0.05,2,63709444,WQC0087
OV90,OV90,OV90_P63,recal,149,0.05,2,63709444,WQC0087
OV90,OV90,OV90_P63,recal,150,0.05,2,63709444,WQC0087
TOV112D,TOV112D,TOV112D_P83,md,0,1.0,2,63709951,WQC0092
TOV112D,TOV112D,TOV112D_P83,md,1,0.99,2,63709951,WQC0092
TOV112D,TOV112D,TOV112D_P83,md,2,0.99,2,63709951,WQC0092
TOV112D,TOV112D,TOV112D_P83,md,3,0.99,2,63709951,WQC0092
TOV112D,TOV112D,TOV112D_P83,md,4,0.98,2,63709951,WQC0092
TOV112D,TOV112D,TOV112D_P83,md,5,0.98,2,63709951,WQC0092
TOV112D,TOV112D,TOV112D_P83,md,6,0.97,2,63709951,WQC0092
TOV112D,TOV112D,TOV112D_P83,md,7,0.97,2,63709951,WQC0092
TOV112D,TOV112D,TOV112D_P83,md,8,0.96,2,63709951,WQC0092
TOV112D,TOV112D,TOV112D_P83,md,9,0.96,2,63709951,WQC0092
TOV112D,TOV112D,TOV112D_P83,md,10,0.95,2,63709951,WQC0092
TOV112D,TOV112D,TOV112D_P83,md,11,0.95,2,63709951,WQC0092
TOV112D,TOV112D,TOV112D_P83,md,12,0.94,2,63709951,WQC0092
TOV112D,TOV112D,TOV112D_P83,md,13,0.93,2,63709951,WQC0092
TOV112D,TOV112D,TOV112D_P83,md,14,0.93,2,63709951,WQC0092
TOV112D,TOV112D,TOV112D_P83,md,15,0.92,2,63709951,WQC0092
TOV112D,TOV112D,TOV112D_P83,md,16,0.91,2,63709951,WQC0092
TOV112D,TOV112D,TOV112D_P83,md,17,0.9,2,63709951,WQC0092
TOV112D,TOV112D,TOV112D_P83,md,18,0.9,2,63709951,WQC0092
TOV112D,TOV112D,TOV112D_P83,md,19,0.89,2,63709951,WQC0092
TOV112D,TOV112D,TOV112D_P83,md,20,0.88,2,63709951,WQC0092
TOV112D,TOV112D,TOV112D_P83,md,21,0.87,2,63709951,WQC0092
TOV112D,TOV112D,TOV112D_P83,md,22,0.86,2,63709951,WQC0092
TOV112D,TOV112D,TOV112D_P83,md,23,0.85,2,63709951,WQC0092
TOV112D,TOV112D,TOV112D_P83,md,24,0.84,2,63709951,WQC0092
TOV112D,TOV112D,TOV112D_P83,md,25,0.83,2,63709951,WQC0092
TOV112D,TOV112D,TOV112D_P83,md,26,0.82,2,63709951,WQC0092
TOV112D,TOV112D,TOV112D_P83,md,27,0.81,2,63709951,WQC0092
TOV112D,TOV112D,TOV112D_P83,md,28,0.8,2,63709951,WQC0092
TOV112D,TOV112D,TOV112D_P83,md,29,0.79,2,63709951,WQC0092
TOV112D,TOV112D,TOV112D_P83,md,30,0.78,2,63709951,WQC0092
TOV112D,TOV112D,TOV112D_P83,md,31,0.77,2,63709951,WQC0092
TOV112D,TOV112D,TOV112D_P83,md,32,0.76,2,63709951,WQC0092
TOV112D,TOV112D,TOV112D_P83,md,33,0.75,2,63709951,WQC0092
TOV112D,TOV112D,TOV112D_P83,md,34,0.74,2,63709951,WQC0092
TOV112D,TOV112D,TOV112D_P83,md,35,0.72,2,63709951,WQC0092
TOV112D,TOV112D,TOV112D_P83,md,36,0.71,2,63709951,WQC0092
TOV112D,TOV112D,TOV112D_P83,md,37,0.7,2,63709951,WQC0092
TOV112D,TOV112D,TOV112D_P83,md,38,0.69,2,63709951,WQC0092
TOV112D,TOV112D,TOV112D_P83,md,39,0.68,2,63709951,WQC0092
TOV112D,TOV112D,TOV112D_P83,md,40,0.67,2,63709951,WQC0092
TOV112D,TOV112D,TOV112D_P83,md,41,0.66,2,63709951,WQC0092
TOV112D,TOV112D,TOV112D_P83,md,42,0.65,2,63709951,WQC0092
TOV112D,TOV112D,TOV112D_P83,md,43,0.64,2,63709951,WQC0092
TOV112D,TOV112D,TOV112D_P83,md,44,0.63,2,63709951,WQC0092
TOV112D,TOV112D,TOV112D_P83,md,45,0.62,2,63709951,WQC0092
TOV112D,TOV112D,TOV112D_P83,md,46,0.61,2,63709951,WQC0092
TOV112D,TOV112D,TOV112D_P83,md,47,0.6,2,63709951,WQC0092
TOV112D,TOV112D,TOV112D_P83,md,48,0.59,2,63709951,WQC0092
TOV112D,TOV112D,TOV112D_P83,md,49,0.58,2,63709951,WQC0092
TOV112D,TOV112D,TOV112D_P83,md,50,0.57,2,63709951,WQC0092
TOV112D,TOV112D,TOV112D_P83,md,51,0.56,2,63709951,WQC0092
TOV112D,TOV112D,TOV112D_P83,md,52,0.55,2,63709951,WQC0092
TOV112D,TOV112D,TOV112D_P83,md,53,0.54,2,63709951,WQC0092
TOV112D,TOV112D,TOV112D_P83,md,54,0.53,2,63709951,WQC0092
TOV112D,TOV112D,TOV112D_P83,md,55,0.52,2,63709951,WQC0092
TOV112D,TOV112D,TOV112D_P83,md,56,0.51,2,63709951,WQC0092
TOV112D,TOV112D,TOV112D_P83,md,57,0.5,2,63709951,WQC0092
TOV112D,TOV112D,TOV112D_P83,md,58,0.49,2,63709951,WQC0092
TOV112D,TOV112D,TOV112D_P83,md,59,0.48,2,63709951,WQC0092
TOV112D,TOV112D,TOV112D_P83,md,60,0.48,2,63709951,WQC0092
TOV112D,TOV112D,TOV112D_P83,md,61,0.47,2,63709951,WQC0092
TOV112D,TOV112D,TOV112D_P83,md,62,0.46,2,63709951,WQC0092
TOV112D,TOV112D,TOV112D_P83,md,63,0.45,2,63709951,WQC0092
TOV112D,TOV112D,TOV112D_P83,md,64,0.44,2,63709951,WQC0092
TOV112D,TOV112D,TOV112D_P83,md,65,0.43,2,63709951,WQC0092
TOV112D,TOV112D,TOV112D_P83,md,66,0.43,2,63709951,WQC0092
TOV112D,TOV112D,TOV112D_P83,md,67,0.42,2,63709951,WQC0092
TOV112D,TOV112D,TOV112D_P83,md,68,0.41,2,63709951,WQC0092
TOV112D,TOV112D,TOV112D_P83,md,69,0.4,2,63709951,WQC0092
TOV112D,TOV112D,TOV112D_P83,md,70,0.39,2,63709951,WQC0092
TOV112D,TOV112D,TOV112D_P83,md,71,0.39,2,63709951,WQC0092
TOV112D,TOV112D,TOV112D_P83,md,72,0.38,2,63709951,WQC0092
TOV112D,TOV112D,TOV112D_P83,md,73,0.37,2,63709951,WQC0092
TOV112D,TOV112D,TOV112D_P83,md,74,0.37,2,63709951,WQC0092
TOV112D,TOV112D,TOV112D_P83,md,75,0.36,2,63709951,WQC0092
TOV112D,TOV112D,TOV112D_P83,md,76,0.35,2,63709951,WQC0092
TOV112D,TOV112D,TOV112D_P83,md,77,0.34,2,63709951,WQC0092
TOV112D,TOV112D,TOV112D_P83,md,78,0.34,2,63709951,WQC0092
TOV112D,TOV112D,TOV112D_P83,md,79,0.33,2,63709951,WQC0092
TOV112D,TOV112D,TOV112D_P83,md,80,0.33,2,63709951,WQC0092
TOV112D,TOV112D,TOV112D_P83,md,81,0.32,2,63709951,WQC0092
TOV112D,TOV112D,TOV112D_P83,md,82,0.31,2,63709951,WQC0092
TOV112D,TOV112D,TOV112D_P83,md,83,0.31,2,63709951,WQC0092
TOV112D,TOV112D,TOV112D_P83,md,84,0.3,2,63709951,WQC0092
TOV112D,TOV112D,TOV112D_P83,md,85,0.3,2,63709951,WQC0092
TOV112D,TOV112D,TOV112D_P83,md,86,0.29,2,63709951,WQC0092
TOV112D,TOV112D,TOV112D_P83,md,87,0.28,2,63709951,WQC0092
TOV112D,TOV112D,TOV112D_P83,md,88,0.28,2,63709951,WQC0092
TOV112D,TOV112D,TOV112D_P83,md,89,0.27,2,63709951,WQC0092
TOV112D,TOV112D,TOV112D_P83,md,90,0.27,2,63709951,WQC0092
TOV112D,TOV112D,TOV112D_P83,md,91,0.26,2,63709951,WQC0092
TOV112D,TOV112D,TOV112D_P83,md,92,0.26,2,63709951,WQC0092
TOV112D,TOV112D,TOV112D_P83,md,93,0.25,2,63709951,WQC0092
TOV112D,TOV112D,TOV112D_P83,md,94,0.25,2,63709951,WQC0092
TOV112D,TOV112D,TOV112D_P83,md,95,0.24,2,63709951,WQC0092
TOV112D,TOV112D,TOV112D_P83,md,96,0.24,2,63709951,WQC0092
TOV112D,TOV112D,TOV112D_P83,md,97,0.23,2,63709951,WQC0092
TOV112D,TOV112D,TOV112D_P83,md,98,0.23,2,63709951,WQC0092
TOV112D,TOV112D,TOV112D_P83,md,99,0.23,2,63709951,WQC0092
TOV112D,TOV112D,TOV112D_P83,md,100,0.22,2,63709951,WQC0092
TOV112D,TOV112D,TOV112D_P83,md,101,0.22,2,63709951,WQC0092
TOV112D,TOV112D,TOV112D_P83,md,102,0.21,2,63709951,WQC0092
TOV112D,TOV112D,TOV112D_P83,md,103,0.21,2,63709951,WQC0092
TOV112D,TOV112D,TOV112D_P83,md,104,0.2,2,63709951,WQC0092
TOV112D,TOV112D,TOV112D_P83,md,105,0.2,2,63709951,WQC0092
TOV112D,TOV112D,TOV112D_P83,md,106,0.2,2,63709951,WQC0092
TOV112D,TOV112D,TOV112D_P83,md,107,0.19,2,63709951,WQC0092
TOV112D,TOV112D,TOV112D_P83,md,108,0.19,2,63709951,WQC0092
TOV112D,TOV112D,TOV112D_P83,md,109,0.19,2,63709951,WQC0092
TOV112D,TOV112D,TOV112D_P83,md,110,0.18,2,63709951,WQC0092
TOV112D,TOV112D,TOV112D_P83,md,111,0.18,2,63709951,WQC0092
TOV112D,TOV112D,TOV112D_P83,md,112,0.18,2,63709951,WQC0092
TOV112D,TOV112D,TOV112D_P83,md,113,0.17,2,63709951,WQC0092
TOV112D,TOV112D,TOV112D_P83,md,114,0.17,2,63709951,WQC0092
TOV112D,TOV112D,TOV112D_P83,md,115,0.17,2,63709951,WQC0092
TOV112D,TOV112D,TOV112D_P83,md,116,0.16,2,63709951,WQC0092
TOV112D,TOV112D,TOV112D_P83,md,117,0.16,2,63709951,WQC0092
TOV112D,TOV112D,TOV112D_P83,md,118,0.16,2,63709951,WQC0092
TOV112D,TOV112D,TOV112D_P83,md,119,0.16,2,63709951,WQC0092
TOV112D,TOV112D,TOV112D_P83,md,120,0.15,2,63709951,WQC0092
TOV112D,TOV112D,TOV112D_P83,md,121,0.15,2,63709951,WQC0092
TOV112D,TOV112D,TOV112D_P83,md,122,0.15,2,63709951,WQC0092
TOV112D,TOV112D,TOV112D_P83,md,123,0.15,2,63709951,WQC0092
TOV112D,TOV112D,TOV112D_P83,md,124,0.14,2,63709951,WQC0092
TOV112D,TOV112D,TOV112D_P83,md,125,0.14,2,63709951,WQC0092
TOV112D,TOV112D,TOV112D_P83,md,126,0.14,2,63709951,WQC0092
TOV112D,TOV112D,TOV112D_P83,md,127,0.14,2,63709951,WQC0092
TOV112D,TOV112D,TOV112D_P83,md,128,0.13,2,63709951,WQC0092
TOV112D,TOV112D,TOV112D_P83,md,129,0.13,2,63709951,WQC0092
TOV112D,TOV112D,TOV112D_P83,md,130,0.13,2,63709951,WQC0092
TOV112D,TOV112D,TOV112D_P83,md,131,0.13,2,63709951,WQC0092
TOV112D,TOV112D,TOV112D_P83,md,132,0.12,2,63709951,WQC0092
TOV112D,TOV112D,TOV112D_P83,md,133,0.12,2,63709951,WQC0092
TOV112D,TOV112D,TOV112D_P83,md,134,0.12,2,63709951,WQC0092
TOV112D,TOV112D,TOV112D_P83,md,135,0.12,2,63709951,WQC0092
TOV112D,TOV112D,TOV112D_P83,md,136,0.12,2,63709951,WQC0092
TOV112D,TOV112D,TOV112D_P83,md,137,0.12,2,63709951,WQC0092
TOV112D,TOV112D,TOV112D_P83,md,138,0.11,2,63709951,WQC0092
TOV112D,TOV112D,TOV112D_P83,md,139,0.11,2,63709951,WQC0092
TOV112D,TOV112D,TOV112D_P83,md,140,0.11,2,63709951,WQC0092
TOV112D,TOV112D,TOV112D_P83,md,141,0.11,2,63709951,WQC0092
TOV112D,TOV112D,TOV112D_P83,md,142,0.11,2,63709951,WQC0092
TOV112D,TOV112D,TOV112D_P83,md,143,0.1,2,63709951,WQC0092
TOV112D,TOV112D,TOV112D_P83,md,144,0.1,2,63709951,WQC0092
TOV112D,TOV112D,TOV112D_P83,md,145,0.1,2,63709951,WQC0092
TOV112D,TOV112D,TOV112D_P83,md,146,0.1,2,63709951,WQC0092
TOV112D,TOV112D,TOV112D_P83,md,147,0.1,2,63709951,WQC0092
TOV112D,TOV112D,TOV112D_P83,md,148,0.1,2,63709951,WQC0092
TOV112D,TOV112D,TOV112D_P83,md,149,0.1,2,63709951,WQC0092
TOV112D,TOV112D,TOV112D_P83,md,150,0.09,2,63709951,WQC0092
TOV112D,TOV112D,TOV112D_P83,recal,0,1.0,2,63709402,WQC0095
TOV112D,TOV112D,TOV112D_P83,recal,1,0.99,2,63709402,WQC0095
TOV112D,TOV112D,TOV112D_P83,recal,2,0.99,2,63709402,WQC0095
TOV112D,TOV112D,TOV112D_P83,recal,3,0.99,2,63709402,WQC0095
TOV112D,TOV112D,TOV112D_P83,recal,4,0.98,2,63709402,WQC0095
TOV112D,TOV112D,TOV112D_P83,recal,5,0.98,2,63709402,WQC0095
TOV112D,TOV112D,TOV112D_P83,recal,6,0.97,2,63709402,WQC0095
TOV112D,TOV112D,TOV112D_P83,recal,7,0.97,2,63709402,WQC0095
TOV112D,TOV112D,TOV112D_P83,recal,8,0.96,2,63709402,WQC0095
TOV112D,TOV112D,TOV112D_P83,recal,9,0.96,2,63709402,WQC0095
TOV112D,TOV112D,TOV112D_P83,recal,10,0.95,2,63709402,WQC0095
TOV112D,TOV112D,TOV112D_P83,recal,11,0.95,2,63709402,WQC0095
TOV112D,TOV112D,TOV112D_P83,recal,12,0.94,2,63709402,WQC0095
TOV112D,TOV112D,TOV112D_P83,recal,13,0.93,2,63709402,WQC0095
TOV112D,TOV112D,TOV112D_P83,recal,14,0.93,2,63709402,WQC0095
TOV112D,TOV112D,TOV112D_P83,recal,15,0.92,2,63709402,WQC0095
TOV112D,TOV112D,TOV112D_P83,recal,16,0.91,2,63709402,WQC0095
TOV112D,TOV112D,TOV112D_P83,recal,17,0.9,2,63709402,WQC0095
TOV112D,TOV112D,TOV112D_P83,recal,18,0.9,2,63709402,WQC0095
TOV112D,TOV112D,TOV112D_P83,recal,19,0.89,2,63709402,WQC0095
TOV112D,TOV112D,TOV112D_P83,recal,20,0.88,2,63709402,WQC0095
TOV112D,TOV112D,TOV112D_P83,recal,21,0.87,2,63709402,WQC0095
TOV112D,TOV112D,TOV112D_P83,recal,22,0.86,2,63709402,WQC0095
TOV112D,TOV112D,TOV112D_P83,recal,23,0.85,2,63709402,WQC0095
TOV112D,TOV112D,TOV112D_P83,recal,24,0.84,2,63709402,WQC0095
TOV112D,TOV112D,TOV112D_P83,recal,25,0.83,2,63709402,WQC0095
TOV112D,TOV112D,TOV112D_P83,recal,26,0.82,2,63709402,WQC0095
TOV112D,TOV112D,TOV112D_P83,recal,27,0.81,2,63709402,WQC0095
TOV112D,TOV112D,TOV112D_P83,recal,28,0.8,2,63709402,WQC0095
TOV112D,TOV112D,TOV112D_P83,recal,29,0.79,2,63709402,WQC0095
TOV112D,TOV112D,TOV112D_P83,recal,30,0.78,2,63709402,WQC0095
TOV112D,TOV112D,TOV112D_P83,recal,31,0.77,2,63709402,WQC0095
TOV112D,TOV112D,TOV112D_P83,recal,32,0.76,2,63709402,WQC0095
TOV112D,TOV112D,TOV112D_P83,recal,33,0.75,2,63709402,WQC0095
TOV112D,TOV112D,TOV112D_P83,recal,34,0.74,2,63709402,WQC0095
TOV112D,TOV112D,TOV112D_P83,recal,35,0.72,2,63709402,WQC0095
TOV112D,TOV112D,TOV112D_P83,recal,36,0.71,2,63709402,WQC0095
TOV112D,TOV112D,TOV112D_P83,recal,37,0.7,2,63709402,WQC0095
TOV112D,TOV112D,TOV112D_P83,recal,38,0.69,2,63709402,WQC0095
TOV112D,TOV112D,TOV112D_P83,recal,39,0.68,2,63709402,WQC0095
TOV112D,TOV112D,TOV112D_P83,recal,40,0.67,2,63709402,WQC0095
TOV112D,TOV112D,TOV112D_P83,recal,41,0.66,2,63709402,WQC0095
TOV112D,TOV112D,TOV112D_P83,recal,42,0.65,2,63709402,WQC0095
TOV112D,TOV112D,TOV112D_P83,recal,43,0.64,2,63709402,WQC0095
TOV112D,TOV112D,TOV112D_P83,recal,44,0.63,2,63709402,WQC0095
TOV112D,TOV112D,TOV112D_P83,recal,45,0.62,2,63709402,WQC0095
TOV112D,TOV112D,TOV112D_P83,recal,46,0.61,2,63709402,WQC0095
TOV112D,TOV112D,TOV112D_P83,recal,47,0.6,2,63709402,WQC0095
TOV112D,TOV112D,TOV112D_P83,recal,48,0.59,2,63709402,WQC0095
TOV112D,TOV112D,TOV112D_P83,recal,49,0.58,2,63709402,WQC0095
TOV112D,TOV112D,TOV112D_P83,recal,50,0.57,2,63709402,WQC0095
TOV112D,TOV112D,TOV112D_P83,recal,51,0.56,2,63709402,WQC0095
TOV112D,TOV112D,TOV112D_P83,recal,52,0.55,2,63709402,WQC0095
TOV112D,TOV112D,TOV112D_P83,recal,53,0.54,2,63709402,WQC0095
TOV112D,TOV112D,TOV112D_P83,recal,54,0.53,2,63709402,WQC0095
TOV112D,TOV112D,TOV112D_P83,recal,55,0.52,2,63709402,WQC0095
TOV112D,TOV112D,TOV112D_P83,recal,56,0.51,2,63709402,WQC0095
TOV112D,TOV112D,TOV112D_P83,recal,57,0.5,2,63709402,WQC0095
TOV112D,TOV112D,TOV112D_P83,recal,58,0.49,2,63709402,WQC0095
TOV112D,TOV112D,TOV112D_P83,recal,59,0.48,2,63709402,WQC0095
TOV112D,TOV112D,TOV112D_P83,recal,60,0.48,2,63709402,WQC0095
TOV112D,TOV112D,TOV112D_P83,recal,61,0.47,2,63709402,WQC0095
TOV112D,TOV112D,TOV112D_P83,recal,62,0.46,2,63709402,WQC0095
TOV112D,TOV112D,TOV112D_P83,recal,63,0.45,2,63709402,WQC0095
TOV112D,TOV112D,TOV112D_P83,recal,64,0.44,2,63709402,WQC0095
TOV112D,TOV112D,TOV112D_P83,recal,65,0.43,2,63709402,WQC0095
TOV112D,TOV112D,TOV112D_P83,recal,66,0.43,2,63709402,WQC0095
TOV112D,TOV112D,TOV112D_P83,recal,67,0.42,2,63709402,WQC0095
TOV112D,TOV112D,TOV112D_P83,recal,68,0.41,2,63709402,WQC0095
TOV112D,TOV112D,TOV112D_P83,recal,69,0.4,2,63709402,WQC0095
TOV112D,TOV112D,TOV112D_P83,recal,70,0.39,2,63709402,WQC0095
TOV112D,TOV112D,TOV112D_P83,recal,71,0.39,2,63709402,WQC0095
TOV112D,TOV112D,TOV112D_P83,recal,72,0.38,2,63709402,WQC0095
TOV112D,TOV112D,TOV112D_P83,recal,73,0.37,2,63709402,WQC0095
TOV112D,TOV112D,TOV112D_P83,recal,74,0.37,2,63709402,WQC0095
TOV112D,TOV112D,TOV112D_P83,recal,75,0.36,2,63709402,WQC0095
TOV112D,TOV112D,TOV112D_P83,recal,76,0.35,2,63709402,WQC0095
TOV112D,TOV112D,TOV112D_P83,recal,77,0.34,2,63709402,WQC0095
TOV112D,TOV112D,TOV112D_P83,recal,78,0.34,2,63709402,WQC0095
TOV112D,TOV112D,TOV112D_P83,recal,79,0.33,2,63709402,WQC0095
TOV112D,TOV112D,TOV112D_P83,recal,80,0.33,2,63709402,WQC0095
TOV112D,TOV112D,TOV112D_P83,recal,81,0.32,2,63709402,WQC0095
TOV112D,TOV112D,TOV112D_P83,recal,82,0.31,2,63709402,WQC0095
TOV112D,TOV112D,TOV112D_P83,recal,83,0.31,2,63709402,WQC0095
TOV112D,TOV112D,TOV112D_P83,recal,84,0.3,2,63709402,WQC0095
TOV112D,TOV112D,TOV112D_P83,recal,85,0.3,2,63709402,WQC0095
TOV112D,TOV112D,TOV112D_P83,recal,86,0.29,2,63709402,WQC0095
TOV112D,TOV112D,TOV112D_P83,recal,87,0.28,2,63709402,WQC0095
TOV112D,TOV112D,TOV112D_P83,recal,88,0.28,2,63709402,WQC0095
TOV112D,TOV112D,TOV112D_P83,recal,89,0.27,2,63709402,WQC0095
TOV112D,TOV112D,TOV112D_P83,recal,90,0.27,2,63709402,WQC0095
TOV112D,TOV112D,TOV112D_P83,recal,91,0.26,2,63709402,WQC0095
TOV112D,TOV112D,TOV112D_P83,recal,92,0.26,2,63709402,WQC0095
TOV112D,TOV112D,TOV112D_P83,recal,93,0.25,2,63709402,WQC0095
TOV112D,TOV112D,TOV112D_P83,recal,94,0.25,2,63709402,WQC0095
TOV112D,TOV112D,TOV112D_P83,recal,95,0.24,2,63709402,WQC0095
TOV112D,TOV112D,TOV112D_P83,recal,96,0.24,2,63709402,WQC0095
TOV112D,TOV112D,TOV112D_P83,recal,97,0.23,2,63709402,WQC0095
TOV112D,TOV112D,TOV112D_P83,recal,98,0.23,2,63709402,WQC0095
TOV112D,TOV112D,TOV112D_P83,recal,99,0.23,2,63709402,WQC0095
TOV112D,TOV112D,TOV112D_P83,recal,100,0.22,2,63709402,WQC0095
TOV112D,TOV112D,TOV112D_P83,recal,101,0.22,2,63709402,WQC0095
TOV112D,TOV112D,TOV112D_P83,recal,102,0.21,2,63709402,WQC0095
TOV112D,TOV112D,TOV112D_P83,recal,103,0.21,2,63709402,WQC0095
TOV112D,TOV112D,TOV112D_P83,recal,104,0.2,2,63709402,WQC0095
TOV112D,TOV112D,TOV112D_P83,recal,105,0.2,2,63709402,WQC0095
TOV112D,TOV112D,TOV112D_P83,recal,106,0.2,2,63709402,WQC0095
TOV112D,TOV112D,TOV112D_P83,recal,107,0.19,2,63709402,WQC0095
TOV112D,TOV112D,TOV112D_P83,recal,108,0.19,2,63709402,WQC0095
TOV112D,TOV112D,TOV112D_P83,recal,109,0.19,2,63709402,WQC0095
TOV112D,TOV112D,TOV112D_P83,recal,110,0.18,2,63709402,WQC0095
TOV112D,TOV112D,TOV112D_P83,recal,111,0.18,2,63709402,WQC0095
TOV112D,TOV112D,TOV112D_P83,recal,112,0.18,2,63709402,WQC0095
TOV112D,TOV112D,TOV112D_P83,recal,113,0.17,2,63709402,WQC0095
TOV112D,TOV112D,TOV112D_P83,recal,114,0.17,2,63709402,WQC0095
TOV112D,TOV112D,TOV112D_P83,recal,115,0.17,2,63709402,WQC0095
TOV112D,TOV112D,TOV112D_P83,recal,116,0.16,2,63709402,WQC0095
TOV112D,TOV112D,TOV112D_P83,recal,117,0.16,2,63709402,WQC0095
TOV112D,TOV112D,TOV112D_P83,recal,118,0.16,2,63709402,WQC0095
TOV112D,TOV112D,TOV112D_P83,recal,119,0.16,2,63709402,WQC0095
TOV112D,TOV112D,TOV112D_P83,recal,120,0.15,2,63709402,WQC0095
TOV112D,TOV112D,TOV112D_P83,recal,121,0.15,2,63709402,WQC0095
TOV112D,TOV112D,TOV112D_P83,recal,122,0.15,2,63709402,WQC0095
TOV112D,TOV112D,TOV112D_P83,recal,123,0.15,2,63709402,WQC0095
TOV112D,TOV112D,TOV112D_P83,recal,124,0.14,2,63709402,WQC0095
TOV112D,TOV112D,TOV112D_P83,recal,125,0.14,2,63709402,WQC0095
TOV112D,TOV112D,TOV112D_P83,recal,126,0.14,2,63709402,WQC0095
TOV112D,TOV112D,TOV112D_P83,recal,127,0.14,2,63709402,WQC0095
TOV112D,TOV112D,TOV112D_P83,recal,128,0.13,2,63709402,WQC0095
TOV112D,TOV112D,TOV112D_P83,recal,129,0.13,2,63709402,WQC0095
TOV112D,TOV112D,TOV112D_P83,recal,130,0.13,2,63709402,WQC0095
TOV112D,TOV112D,TOV112D_P83,recal,131,0.13,2,63709402,WQC0095
TOV112D,TOV112D,TOV112D_P83,recal,132,0.12,2,63709402,WQC0095
TOV112D,TOV112D,TOV112D_P83,recal,133,0.12,2,63709402,WQC0095
TOV112D,TOV112D,TOV112D_P83,recal,134,0.12,2,63709402,WQC0095
TOV112D,TOV112D,TOV112D_P83,recal,135,0.12,2,63709402,WQC0095
TOV112D,TOV112D,TOV112D_P83,recal,136,0.12,2,63709402,WQC0095
TOV112D,TOV112D,TOV112D_P83,recal,137,0.12,2,63709402,WQC0095
TOV112D,TOV112D,TOV112D_P83,recal,138,0.11,2,63709402,WQC0095
TOV112D,TOV112D,TOV112D_P83,recal,139,0.11,2,63709402,WQC0095
TOV112D,TOV112D,TOV112D_P83,recal,140,0.11,2,63709402,WQC0095
TOV112D,TOV112D,TOV112D_P83,recal,141,0.11,2,63709402,WQC0095
TOV112D,TOV112D,TOV112D_P83,recal,142,0.11,2,63709402,WQC0095
TOV112D,TOV112D,TOV112D_P83,recal,143,0.1,2,63709402,WQC0095
TOV112D,TOV112D,TOV112D_P83,recal,144,0.1,2,63709402,WQC0095
TOV112D,TOV112D,TOV112D_P83,recal,145,0.1,2,63709402,WQC0095
TOV112D,TOV112D,TOV112D_P83,recal,146,0.1,2,63709402,WQC0095
TOV112D,TOV112D,TOV112D_P83,recal,147,0.1,2,63709402,WQC0095
TOV112D,TOV112D,TOV112D_P83,recal,148,0.1,2,63709402,WQC0095
TOV112D,TOV112D,TOV112D_P83,recal,149,0.1,2,63709402,WQC0095
TOV112D,TOV112D,TOV112D_P83,recal,150,0.09,2,63709402,WQC0095
TOV1369,1369,TOV1369_P65,md,0,1.0,2,63709951,WQC0100
TOV1369,1369,TOV1369_P65,md,1,0.99,2,63709951,WQC0100
TOV1369,1369,TOV1369_P65,md,2,0.99,2,63709951,WQC0100
TOV1369,1369,TOV1369_P65,md,3,0.99,2,63709951,WQC0100
TOV1369,1369,TOV1369_P65,md,4,0.98,2,63709951,WQC0100
TOV1369,1369,TOV1369_P65,md,5,0.98,2,63709951,WQC0100
TOV1369,1369,TOV1369_P65,md,6,0.97,2,63709951,WQC0100
TOV1369,1369,TOV1369_P65,md,7,0.97,2,63709951,WQC0100
TOV1369,1369,TOV1369_P65,md,8,0.96,2,63709951,WQC0100
TOV1369,1369,TOV1369_P65,md,9,0.96,2,63709951,WQC0100
TOV1369,1369,TOV1369_P65,md,10,0.95,2,63709951,WQC0100
TOV1369,1369,TOV1369_P65,md,11,0.95,2,63709951,WQC0100
TOV1369,1369,TOV1369_P65,md,12,0.94,2,63709951,WQC0100
TOV1369,1369,TOV1369_P65,md,13,0.94,2,63709951,WQC0100
TOV1369,1369,TOV1369_P65,md,14,0.93,2,63709951,WQC0100
TOV1369,1369,TOV1369_P65,md,15,0.92,2,63709951,WQC0100
TOV1369,1369,TOV1369_P65,md,16,0.91,2,63709951,WQC0100
TOV1369,1369,TOV1369_P65,md,17,0.91,2,63709951,WQC0100
TOV1369,1369,TOV1369_P65,md,18,0.9,2,63709951,WQC0100
TOV1369,1369,TOV1369_P65,md,19,0.89,2,63709951,WQC0100
TOV1369,1369,TOV1369_P65,md,20,0.88,2,63709951,WQC0100
TOV1369,1369,TOV1369_P65,md,21,0.87,2,63709951,WQC0100
TOV1369,1369,TOV1369_P65,md,22,0.86,2,63709951,WQC0100
TOV1369,1369,TOV1369_P65,md,23,0.85,2,63709951,WQC0100
TOV1369,1369,TOV1369_P65,md,24,0.84,2,63709951,WQC0100
TOV1369,1369,TOV1369_P65,md,25,0.83,2,63709951,WQC0100
TOV1369,1369,TOV1369_P65,md,26,0.82,2,63709951,WQC0100
TOV1369,1369,TOV1369_P65,md,27,0.81,2,63709951,WQC0100
TOV1369,1369,TOV1369_P65,md,28,0.8,2,63709951,WQC0100
TOV1369,1369,TOV1369_P65,md,29,0.79,2,63709951,WQC0100
TOV1369,1369,TOV1369_P65,md,30,0.78,2,63709951,WQC0100
TOV1369,1369,TOV1369_P65,md,31,0.77,2,63709951,WQC0100
TOV1369,1369,TOV1369_P65,md,32,0.76,2,63709951,WQC0100
TOV1369,1369,TOV1369_P65,md,33,0.75,2,63709951,WQC0100
TOV1369,1369,TOV1369_P65,md,34,0.74,2,63709951,WQC0100
TOV1369,1369,TOV1369_P65,md,35,0.73,2,63709951,WQC0100
TOV1369,1369,TOV1369_P65,md,36,0.71,2,63709951,WQC0100
TOV1369,1369,TOV1369_P65,md,37,0.7,2,63709951,WQC0100
TOV1369,1369,TOV1369_P65,md,38,0.69,2,63709951,WQC0100
TOV1369,1369,TOV1369_P65,md,39,0.68,2,63709951,WQC0100
TOV1369,1369,TOV1369_P65,md,40,0.67,2,63709951,WQC0100
TOV1369,1369,TOV1369_P65,md,41,0.66,2,63709951,WQC0100
TOV1369,1369,TOV1369_P65,md,42,0.65,2,63709951,WQC0100
TOV1369,1369,TOV1369_P65,md,43,0.64,2,63709951,WQC0100
TOV1369,1369,TOV1369_P65,md,44,0.63,2,63709951,WQC0100
TOV1369,1369,TOV1369_P65,md,45,0.62,2,63709951,WQC0100
TOV1369,1369,TOV1369_P65,md,46,0.61,2,63709951,WQC0100
TOV1369,1369,TOV1369_P65,md,47,0.6,2,63709951,WQC0100
TOV1369,1369,TOV1369_P65,md,48,0.59,2,63709951,WQC0100
TOV1369,1369,TOV1369_P65,md,49,0.58,2,63709951,WQC0100
TOV1369,1369,TOV1369_P65,md,50,0.57,2,63709951,WQC0100
TOV1369,1369,TOV1369_P65,md,51,0.56,2,63709951,WQC0100
TOV1369,1369,TOV1369_P65,md,52,0.55,2,63709951,WQC0100
TOV1369,1369,TOV1369_P65,md,53,0.54,2,63709951,WQC0100
TOV1369,1369,TOV1369_P65,md,54,0.53,2,63709951,WQC0100
TOV1369,1369,TOV1369_P65,md,55,0.53,2,63709951,WQC0100
TOV1369,1369,TOV1369_P65,md,56,0.52,2,63709951,WQC0100
TOV1369,1369,TOV1369_P65,md,57,0.51,2,63709951,WQC0100
TOV1369,1369,TOV1369_P65,md,58,0.5,2,63709951,WQC0100
TOV1369,1369,TOV1369_P65,md,59,0.49,2,63709951,WQC0100
TOV1369,1369,TOV1369_P65,md,60,0.48,2,63709951,WQC0100
TOV1369,1369,TOV1369_P65,md,61,0.47,2,63709951,WQC0100
TOV1369,1369,TOV1369_P65,md,62,0.47,2,63709951,WQC0100
TOV1369,1369,TOV1369_P65,md,63,0.46,2,63709951,WQC0100
TOV1369,1369,TOV1369_P65,md,64,0.45,2,63709951,WQC0100
TOV1369,1369,TOV1369_P65,md,65,0.44,2,63709951,WQC0100
TOV1369,1369,TOV1369_P65,md,66,0.43,2,63709951,WQC0100
TOV1369,1369,TOV1369_P65,md,67,0.43,2,63709951,WQC0100
TOV1369,1369,TOV1369_P65,md,68,0.42,2,63709951,WQC0100
TOV1369,1369,TOV1369_P65,md,69,0.41,2,63709951,WQC0100
TOV1369,1369,TOV1369_P65,md,70,0.4,2,63709951,WQC0100
TOV1369,1369,TOV1369_P65,md,71,0.4,2,63709951,WQC0100
TOV1369,1369,TOV1369_P65,md,72,0.39,2,63709951,WQC0100
TOV1369,1369,TOV1369_P65,md,73,0.38,2,63709951,WQC0100
TOV1369,1369,TOV1369_P65,md,74,0.38,2,63709951,WQC0100
TOV1369,1369,TOV1369_P65,md,75,0.37,2,63709951,WQC0100
TOV1369,1369,TOV1369_P65,md,76,0.36,2,63709951,WQC0100
TOV1369,1369,TOV1369_P65,md,77,0.36,2,63709951,WQC0100
TOV1369,1369,TOV1369_P65,md,78,0.35,2,63709951,WQC0100
TOV1369,1369,TOV1369_P65,md,79,0.35,2,63709951,WQC0100
TOV1369,1369,TOV1369_P65,md,80,0.34,2,63709951,WQC0100
TOV1369,1369,TOV1369_P65,md,81,0.33,2,63709951,WQC0100
TOV1369,1369,TOV1369_P65,md,82,0.33,2,63709951,WQC0100
TOV1369,1369,TOV1369_P65,md,83,0.32,2,63709951,WQC0100
TOV1369,1369,TOV1369_P65,md,84,0.32,2,63709951,WQC0100
TOV1369,1369,TOV1369_P65,md,85,0.31,2,63709951,WQC0100
TOV1369,1369,TOV1369_P65,md,86,0.31,2,63709951,WQC0100
TOV1369,1369,TOV1369_P65,md,87,0.3,2,63709951,WQC0100
TOV1369,1369,TOV1369_P65,md,88,0.3,2,63709951,WQC0100
TOV1369,1369,TOV1369_P65,md,89,0.29,2,63709951,WQC0100
TOV1369,1369,TOV1369_P65,md,90,0.29,2,63709951,WQC0100
TOV1369,1369,TOV1369_P65,md,91,0.28,2,63709951,WQC0100
TOV1369,1369,TOV1369_P65,md,92,0.28,2,63709951,WQC0100
TOV1369,1369,TOV1369_P65,md,93,0.27,2,63709951,WQC0100
TOV1369,1369,TOV1369_P65,md,94,0.27,2,63709951,WQC0100
TOV1369,1369,TOV1369_P65,md,95,0.26,2,63709951,WQC0100
TOV1369,1369,TOV1369_P65,md,96,0.26,2,63709951,WQC0100
TOV1369,1369,TOV1369_P65,md,97,0.25,2,63709951,WQC0100
TOV1369,1369,TOV1369_P65,md,98,0.25,2,63709951,WQC0100
TOV1369,1369,TOV1369_P65,md,99,0.25,2,63709951,WQC0100
TOV1369,1369,TOV1369_P65,md,100,0.24,2,63709951,WQC0100
TOV1369,1369,TOV1369_P65,md,101,0.24,2,63709951,WQC0100
TOV1369,1369,TOV1369_P65,md,102,0.23,2,63709951,WQC0100
TOV1369,1369,TOV1369_P65,md,103,0.23,2,63709951,WQC0100
TOV1369,1369,TOV1369_P65,md,104,0.23,2,63709951,WQC0100
TOV1369,1369,TOV1369_P65,md,105,0.22,2,63709951,WQC0100
TOV1369,1369,TOV1369_P65,md,106,0.22,2,63709951,WQC0100
TOV1369,1369,TOV1369_P65,md,107,0.22,2,63709951,WQC0100
TOV1369,1369,TOV1369_P65,md,108,0.21,2,63709951,WQC0100
TOV1369,1369,TOV1369_P65,md,109,0.21,2,63709951,WQC0100
TOV1369,1369,TOV1369_P65,md,110,0.21,2,63709951,WQC0100
TOV1369,1369,TOV1369_P65,md,111,0.2,2,63709951,WQC0100
TOV1369,1369,TOV1369_P65,md,112,0.2,2,63709951,WQC0100
TOV1369,1369,TOV1369_P65,md,113,0.2,2,63709951,WQC0100
TOV1369,1369,TOV1369_P65,md,114,0.19,2,63709951,WQC0100
TOV1369,1369,TOV1369_P65,md,115,0.19,2,63709951,WQC0100
TOV1369,1369,TOV1369_P65,md,116,0.19,2,63709951,WQC0100
TOV1369,1369,TOV1369_P65,md,117,0.19,2,63709951,WQC0100
TOV1369,1369,TOV1369_P65,md,118,0.18,2,63709951,WQC0100
TOV1369,1369,TOV1369_P65,md,119,0.18,2,63709951,WQC0100
TOV1369,1369,TOV1369_P65,md,120,0.18,2,63709951,WQC0100
TOV1369,1369,TOV1369_P65,md,121,0.17,2,63709951,WQC0100
TOV1369,1369,TOV1369_P65,md,122,0.17,2,63709951,WQC0100
TOV1369,1369,TOV1369_P65,md,123,0.17,2,63709951,WQC0100
TOV1369,1369,TOV1369_P65,md,124,0.17,2,63709951,WQC0100
TOV1369,1369,TOV1369_P65,md,125,0.16,2,63709951,WQC0100
TOV1369,1369,TOV1369_P65,md,126,0.16,2,63709951,WQC0100
TOV1369,1369,TOV1369_P65,md,127,0.16,2,63709951,WQC0100
TOV1369,1369,TOV1369_P65,md,128,0.16,2,63709951,WQC0100
TOV1369,1369,TOV1369_P65,md,129,0.16,2,63709951,WQC0100
TOV1369,1369,TOV1369_P65,md,130,0.15,2,63709951,WQC0100
TOV1369,1369,TOV1369_P65,md,131,0.15,2,63709951,WQC0100
TOV1369,1369,TOV1369_P65,md,132,0.15,2,63709951,WQC0100
TOV1369,1369,TOV1369_P65,md,133,0.15,2,63709951,WQC0100
TOV1369,1369,TOV1369_P65,md,134,0.14,2,63709951,WQC0100
TOV1369,1369,TOV1369_P65,md,135,0.14,2,63709951,WQC0100
TOV1369,1369,TOV1369_P65,md,136,0.14,2,63709951,WQC0100
TOV1369,1369,TOV1369_P65,md,137,0.14,2,63709951,WQC0100
TOV1369,1369,TOV1369_P65,md,138,0.14,2,63709951,WQC0100
TOV1369,1369,TOV1369_P65,md,139,0.14,2,63709951,WQC0100
TOV1369,1369,TOV1369_P65,md,140,0.13,2,63709951,WQC0100
TOV1369,1369,TOV1369_P65,md,141,0.13,2,63709951,WQC0100
TOV1369,1369,TOV1369_P65,md,142,0.13,2,63709951,WQC0100
TOV1369,1369,TOV1369_P65,md,143,0.13,2,63709951,WQC0100
TOV1369,1369,TOV1369_P65,md,144,0.13,2,63709951,WQC0100
TOV1369,1369,TOV1369_P65,md,145,0.12,2,63709951,WQC0100
TOV1369,1369,TOV1369_P65,md,146,0.12,2,63709951,WQC0100
TOV1369,1369,TOV1369_P65,md,147,0.12,2,63709951,WQC0100
TOV1369,1369,TOV1369_P65,md,148,0.12,2,63709951,WQC0100
TOV1369,1369,TOV1369_P65,md,149,0.12,2,63709951,WQC0100
TOV1369,1369,TOV1369_P65,md,150,0.12,2,63709951,WQC0100
TOV1369,1369,TOV1369_P65,recal,0,1.0,2,63709444,WQC0103
TOV1369,1369,TOV1369_P65,recal,1,0.99,2,63709444,WQC0103
TOV1369,1369,TOV1369_P65,recal,2,0.99,2,63709444,WQC0103
TOV1369,1369,TOV1369_P65,recal,3,0.99,2,63709444,WQC0103
TOV1369,1369,TOV1369_P65,recal,4,0.98,2,63709444,WQC0103
TOV1369,1369,TOV1369_P65,recal,5,0.98,2,63709444,WQC0103
TOV1369,1369,TOV1369_P65,recal,6,0.97,2,63709444,WQC0103
TOV1369,1369,TOV1369_P65,recal,7,0.97,2,63709444,WQC0103
TOV1369,1369,TOV1369_P65,recal,8,0.96,2,63709444,WQC0103
TOV1369,1369,TOV1369_P65,recal,9,0.96,2,63709444,WQC0103
TOV1369,1369,TOV1369_P65,recal,10,0.95,2,63709444,WQC0103
TOV1369,1369,TOV1369_P65,recal,11,0.95,2,63709444,WQC0103
TOV1369,1369,TOV1369_P65,recal,12,0.94,2,63709444,WQC0103
TOV1369,1369,TOV1369_P65,recal,13,0.94,2,63709444,WQC0103
TOV1369,1369,TOV1369_P65,recal,14,0.93,2,63709444,WQC0103
TOV1369,1369,TOV1369_P65,recal,15,0.92,2,63709444,WQC0103
TOV1369,1369,TOV1369_P65,recal,16,0.91,2,63709444,WQC0103
TOV1369,1369,TOV1369_P65,recal,17,0.91,2,63709444,WQC0103
TOV1369,1369,TOV1369_P65,recal,18,0.9,2,63709444,WQC0103
TOV1369,1369,TOV1369_P65,recal,19,0.89,2,63709444,WQC0103
TOV1369,1369,TOV1369_P65,recal,20,0.88,2,63709444,WQC0103
TOV1369,1369,TOV1369_P65,recal,21,0.87,2,63709444,WQC0103
TOV1369,1369,TOV1369_P65,recal,22,0.86,2,63709444,WQC0103
TOV1369,1369,TOV1369_P65,recal,23,0.85,2,63709444,WQC0103
TOV1369,1369,TOV1369_P65,recal,24,0.84,2,63709444,WQC0103
TOV1369,1369,TOV1369_P65,recal,25,0.83,2,63709444,WQC0103
TOV1369,1369,TOV1369_P65,recal,26,0.82,2,63709444,WQC0103
TOV1369,1369,TOV1369_P65,recal,27,0.81,2,63709444,WQC0103
TOV1369,1369,TOV1369_P65,recal,28,0.8,2,63709444,WQC0103
TOV1369,1369,TOV1369_P65,recal,29,0.79,2,63709444,WQC0103
TOV1369,1369,TOV1369_P65,recal,30,0.78,2,63709444,WQC0103
TOV1369,1369,TOV1369_P65,recal,31,0.77,2,63709444,WQC0103
TOV1369,1369,TOV1369_P65,recal,32,0.76,2,63709444,WQC0103
TOV1369,1369,TOV1369_P65,recal,33,0.75,2,63709444,WQC0103
TOV1369,1369,TOV1369_P65,recal,34,0.74,2,63709444,WQC0103
TOV1369,1369,TOV1369_P65,recal,35,0.73,2,63709444,WQC0103
TOV1369,1369,TOV1369_P65,recal,36,0.71,2,63709444,WQC0103
TOV1369,1369,TOV1369_P65,recal,37,0.7,2,63709444,WQC0103
TOV1369,1369,TOV1369_P65,recal,38,0.69,2,63709444,WQC0103
TOV1369,1369,TOV1369_P65,recal,39,0.68,2,63709444,WQC0103
TOV1369,1369,TOV1369_P65,recal,40,0.67,2,63709444,WQC0103
TOV1369,1369,TOV1369_P65,recal,41,0.66,2,63709444,WQC0103
TOV1369,1369,TOV1369_P65,recal,42,0.65,2,63709444,WQC0103
TOV1369,1369,TOV1369_P65,recal,43,0.64,2,63709444,WQC0103
TOV1369,1369,TOV1369_P65,recal,44,0.63,2,63709444,WQC0103
TOV1369,1369,TOV1369_P65,recal,45,0.62,2,63709444,WQC0103
TOV1369,1369,TOV1369_P65,recal,46,0.61,2,63709444,WQC0103
TOV1369,1369,TOV1369_P65,recal,47,0.6,2,63709444,WQC0103
TOV1369,1369,TOV1369_P65,recal,48,0.59,2,63709444,WQC0103
TOV1369,1369,TOV1369_P65,recal,49,0.58,2,63709444,WQC0103
TOV1369,1369,TOV1369_P65,recal,50,0.57,2,63709444,WQC0103
TOV1369,1369,TOV1369_P65,recal,51,0.56,2,63709444,WQC0103
TOV1369,1369,TOV1369_P65,recal,52,0.55,2,63709444,WQC0103
TOV1369,1369,TOV1369_P65,recal,53,0.54,2,63709444,WQC0103
TOV1369,1369,TOV1369_P65,recal,54,0.53,2,63709444,WQC0103
TOV1369,1369,TOV1369_P65,recal,55,0.53,2,63709444,WQC0103
TOV1369,1369,TOV1369_P65,recal,56,0.52,2,63709444,WQC0103
TOV1369,1369,TOV1369_P65,recal,57,0.51,2,63709444,WQC0103
TOV1369,1369,TOV1369_P65,recal,58,0.5,2,63709444,WQC0103
TOV1369,1369,TOV1369_P65,recal,59,0.49,2,63709444,WQC0103
TOV1369,1369,TOV1369_P65,recal,60,0.48,2,63709444,WQC0103
TOV1369,1369,TOV1369_P65,recal,61,0.47,2,63709444,WQC0103
TOV1369,1369,TOV1369_P65,recal,62,0.47,2,63709444,WQC0103
TOV1369,1369,TOV1369_P65,recal,63,0.46,2,63709444,WQC0103
TOV1369,1369,TOV1369_P65,recal,64,0.45,2,63709444,WQC0103
TOV1369,1369,TOV1369_P65,recal,65,0.44,2,63709444,WQC0103
TOV1369,1369,TOV1369_P65,recal,66,0.43,2,63709444,WQC0103
TOV1369,1369,TOV1369_P65,recal,67,0.43,2,63709444,WQC0103
TOV1369,1369,TOV1369_P65,recal,68,0.42,2,63709444,WQC0103
TOV1369,1369,TOV1369_P65,recal,69,0.41,2,63709444,WQC0103
TOV1369,1369,TOV1369_P65,recal,70,0.4,2,63709444,WQC0103
TOV1369,1369,TOV1369_P65,recal,71,0.4,2,63709444,WQC0103
TOV1369,1369,TOV1369_P65,recal,72,0.39,2,63709444,WQC0103
TOV1369,1369,TOV1369_P65,recal,73,0.38,2,63709444,WQC0103
TOV1369,1369,TOV1369_P65,recal,74,0.38,2,63709444,WQC0103
TOV1369,1369,TOV1369_P65,recal,75,0.37,2,63709444,WQC0103
TOV1369,1369,TOV1369_P65,recal,76,0.36,2,63709444,WQC0103
TOV1369,1369,TOV1369_P65,recal,77,0.36,2,63709444,WQC0103
TOV1369,1369,TOV1369_P65,recal,78,0.35,2,63709444,WQC0103
TOV1369,1369,TOV1369_P65,recal,79,0.35,2,63709444,WQC0103
TOV1369,1369,TOV1369_P65,recal,80,0.34,2,63709444,WQC0103
TOV1369,1369,TOV1369_P65,recal,81,0.33,2,63709444,WQC0103
TOV1369,1369,TOV1369_P65,recal,82,0.33,2,63709444,WQC0103
TOV1369,1369,TOV1369_P65,recal,83,0.32,2,63709444,WQC0103
TOV1369,1369,TOV1369_P65,recal,84,0.32,2,63709444,WQC0103
TOV1369,1369,TOV1369_P65,recal,85,0.31,2,63709444,WQC0103
TOV1369,1369,TOV1369_P65,recal,86,0.31,2,63709444,WQC0103
TOV1369,1369,TOV1369_P65,recal,87,0.3,2,63709444,WQC0103
TOV1369,1369,TOV1369_P65,recal,88,0.3,2,63709444,WQC0103
TOV1369,1369,TOV1369_P65,recal,89,0.29,2,63709444,WQC0103
TOV1369,1369,TOV1369_P65,recal,90,0.29,2,63709444,WQC0103
TOV1369,1369,TOV1369_P65,recal,91,0.28,2,63709444,WQC0103
TOV1369,1369,TOV1369_P65,recal,92,0.28,2,63709444,WQC0103
TOV1369,1369,TOV1369_P65,recal,93,0.27,2,63709444,WQC0103
TOV1369,1369,TOV1369_P65,recal,94,0.27,2,63709444,WQC0103
TOV1369,1369,TOV1369_P65,recal,95,0.26,2,63709444,WQC0103
TOV1369,1369,TOV1369_P65,recal,96,0.26,2,63709444,WQC0103
TOV1369,1369,TOV1369_P65,recal,97,0.25,2,63709444,WQC0103
TOV1369,1369,TOV1369_P65,recal,98,0.25,2,63709444,WQC0103
TOV1369,1369,TOV1369_P65,recal,99,0.25,2,63709444,WQC0103
TOV1369,1369,TOV1369_P65,recal,100,0.24,2,63709444,WQC0103
TOV1369,1369,TOV1369_P65,recal,101,0.24,2,63709444,WQC0103
TOV1369,1369,TOV1369_P65,recal,102,0.23,2,63709444,WQC0103
TOV1369,1369,TOV1369_P65,recal,103,0.23,2,63709444,WQC0103
TOV1369,1369,TOV1369_P65,recal,104,0.23,2,63709444,WQC0103
TOV1369,1369,TOV1369_P65,recal,105,0.22,2,63709444,WQC0103
TOV1369,1369,TOV1369_P65,recal,106,0.22,2,63709444,WQC0103
TOV1369,1369,TOV1369_P65,recal,107,0.22,2,63709444,WQC0103
TOV1369,1369,TOV1369_P65,recal,108,0.21,2,63709444,WQC0103
TOV1369,1369,TOV1369_P65,recal,109,0.21,2,63709444,WQC0103
TOV1369,1369,TOV1369_P65,recal,110,0.21,2,63709444,WQC0103
TOV1369,1369,TOV1369_P65,recal,111,0.2,2,63709444,WQC0103
TOV1369,1369,TOV1369_P65,recal,112,0.2,2,63709444,WQC0103
TOV1369,1369,TOV1369_P65,recal,113,0.2,2,63709444,WQC0103
TOV1369,1369,TOV1369_P65,recal,114,0.19,2,63709444,WQC0103
TOV1369,1369,TOV1369_P65,recal,115,0.19,2,63709444,WQC0103
TOV1369,1369,TOV1369_P65,recal,116,0.19,2,63709444,WQC0103
TOV1369,1369,TOV1369_P65,recal,117,0.19,2,63709444,WQC0103
TOV1369,1369,TOV1369_P65,recal,118,0.18,2,63709444,WQC0103
TOV1369,1369,TOV1369_P65,recal,119,0.18,2,63709444,WQC0103
TOV1369,1369,TOV1369_P65,recal,120,0.18,2,63709444,WQC0103
TOV1369,1369,TOV1369_P65,recal,121,0.17,2,63709444,WQC0103
TOV1369,1369,TOV1369_P65,recal,122,0.17,2,63709444,WQC0103
TOV1369,1369,TOV1369_P65,recal,123,0.17,2,63709444,WQC0103
TOV1369,1369,TOV1369_P65,recal,124,0.17,2,63709444,WQC0103
TOV1369,1369,TOV1369_P65,recal,125,0.16,2,63709444,WQC0103
TOV1369,1369,TOV1369_P65,recal,126,0.16,2,63709444,WQC0103
TOV1369,1369,TOV1369_P65,recal,127,0.16,2,63709444,WQC0103
TOV1369,1369,TOV1369_P65,recal,128,0.16,2,63709444,WQC0103
TOV1369,1369,TOV1369_P65,recal,129,0.16,2,63709444,WQC0103
TOV1369,1369,TOV1369_P65,recal,130,0.15,2,63709444,WQC0103
TOV1369,1369,TOV1369_P65,recal,131,0.15,2,63709444,WQC0103
TOV1369,1369,TOV1369_P65,recal,132,0.15,2,63709444,WQC0103
TOV1369,1369,TOV1369_P65,recal,133,0.15,2,63709444,WQC0103
TOV1369,1369,TOV1369_P65,recal,134,0.14,2,63709444,WQC0103
TOV1369,1369,TOV1369_P65,recal,135,0.14,2,63709444,WQC0103
TOV1369,1369,TOV1369_P65,recal,136,0.14,2,63709444,WQC0103
TOV1369,1369,TOV1369_P65,recal,137,0.14,2,63709444,WQC0103
TOV1369,1369,TOV1369_P65,recal,138,0.14,2,63709444,WQC0103
TOV1369,1369,TOV1369_P65,recal,139,0.14,2,63709444,WQC0103
TOV1369,1369,TOV1369_P65,recal,140,0.13,2,63709444,WQC0103
TOV1369,1369,TOV1369_P65,recal,141,0.13,2,63709444,WQC0103
TOV1369,1369,TOV1369_P65,recal,142,0.13,2,63709444,WQC0103
TOV1369,1369,TOV1369_P65,recal,143,0.13,2,63709444,WQC0103
TOV1369,1369,TOV1369_P65,recal,144,0.13,2,63709444,WQC0103
TOV1369,1369,TOV1369_P65,recal,145,0.12,2,63709444,WQC0103
TOV1369,1369,TOV1369_P65,recal,146,0.12,2,63709444,WQC0103
TOV1369,1369,TOV1369_P65,recal,147,0.12,2,63709444,WQC0103
TOV1369,1369,TOV1369_P65,recal,148,0.12,2,63709444,WQC0103
TOV1369,1369,TOV1369_P65,recal,149,0.12,2,63709444,WQC0103
TOV1369,1369,TOV1369_P65,recal,150,0.12,2,63709444,WQC0103
TOV21G,TOV21G,TOV21G_P59,md,0,1.0,2,63709951,WQC0108
TOV21G,TOV21G,TOV21G_P59,md,1,0.99,2,63709951,WQC0108
TOV21G,TOV21G,TOV21G_P59,md,2,0.99,2,63709951,WQC0108
TOV21G,TOV21G,TOV21G_P59,md,3,0.99,2,63709951,WQC0108
TOV21G,TOV21G,TOV21G_P59,md,4,0.99,2,63709951,WQC0108
TOV21G,TOV21G,TOV21G_P59,md,5,0.98,2,63709951,WQC0108
TOV21G,TOV21G,TOV21G_P59,md,6,0.98,2,63709951,WQC0108
TOV21G,TOV21G,TOV21G_P59,md,7,0.98,2,63709951,WQC0108
TOV21G,TOV21G,TOV21G_P59,md,8,0.97,2,63709951,WQC0108
TOV21G,TOV21G,TOV21G_P59,md,9,0.97,2,63709951,WQC0108
TOV21G,TOV21G,TOV21G_P59,md,10,0.96,2,63709951,WQC0108
TOV21G,TOV21G,TOV21G_P59,md,11,0.96,2,63709951,WQC0108
TOV21G,TOV21G,TOV21G_P59,md,12,0.96,2,63709951,WQC0108
TOV21G,TOV21G,TOV21G_P59,md,13,0.95,2,63709951,WQC0108
TOV21G,TOV21G,TOV21G_P59,md,14,0.95,2,63709951,WQC0108
TOV21G,TOV21G,TOV21G_P59,md,15,0.94,2,63709951,WQC0108
TOV21G,TOV21G,TOV21G_P59,md,16,0.94,2,63709951,WQC0108
TOV21G,TOV21G,TOV21G_P59,md,17,0.93,2,63709951,WQC0108
TOV21G,TOV21G,TOV21G_P59,md,18,0.93,2,63709951,WQC0108
TOV21G,TOV21G,TOV21G_P59,md,19,0.92,2,63709951,WQC0108
TOV21G,TOV21G,TOV21G_P59,md,20,0.91,2,63709951,WQC0108
TOV21G,TOV21G,TOV21G_P59,md,21,0.91,2,63709951,WQC0108
TOV21G,TOV21G,TOV21G_P59,md,22,0.9,2,63709951,WQC0108
TOV21G,TOV21G,TOV21G_P59,md,23,0.89,2,63709951,WQC0108
TOV21G,TOV21G,TOV21G_P59,md,24,0.89,2,63709951,WQC0108
TOV21G,TOV21G,TOV21G_P59,md,25,0.88,2,63709951,WQC0108
TOV21G,TOV21G,TOV21G_P59,md,26,0.87,2,63709951,WQC0108
TOV21G,TOV21G,TOV21G_P59,md,27,0.86,2,63709951,WQC0108
TOV21G,TOV21G,TOV21G_P59,md,28,0.85,2,63709951,WQC0108
TOV21G,TOV21G,TOV21G_P59,md,29,0.85,2,63709951,WQC0108
TOV21G,TOV21G,TOV21G_P59,md,30,0.84,2,63709951,WQC0108
TOV21G,TOV21G,TOV21G_P59,md,31,0.83,2,63709951,WQC0108
TOV21G,TOV21G,TOV21G_P59,md,32,0.82,2,63709951,WQC0108
TOV21G,TOV21G,TOV21G_P59,md,33,0.81,2,63709951,WQC0108
TOV21G,TOV21G,TOV21G_P59,md,34,0.8,2,63709951,WQC0108
TOV21G,TOV21G,TOV21G_P59,md,35,0.79,2,63709951,WQC0108
TOV21G,TOV21G,TOV21G_P59,md,36,0.78,2,63709951,WQC0108
TOV21G,TOV21G,TOV21G_P59,md,37,0.77,2,63709951,WQC0108
TOV21G,TOV21G,TOV21G_P59,md,38,0.77,2,63709951,WQC0108
TOV21G,TOV21G,TOV21G_P59,md,39,0.76,2,63709951,WQC0108
TOV21G,TOV21G,TOV21G_P59,md,40,0.75,2,63709951,WQC0108
TOV21G,TOV21G,TOV21G_P59,md,41,0.74,2,63709951,WQC0108
TOV21G,TOV21G,TOV21G_P59,md,42,0.73,2,63709951,WQC0108
TOV21G,TOV21G,TOV21G_P59,md,43,0.72,2,63709951,WQC0108
TOV21G,TOV21G,TOV21G_P59,md,44,0.71,2,63709951,WQC0108
TOV21G,TOV21G,TOV21G_P59,md,45,0.7,2,63709951,WQC0108
TOV21G,TOV21G,TOV21G_P59,md,46,0.69,2,63709951,WQC0108
TOV21G,TOV21G,TOV21G_P59,md,47,0.68,2,63709951,WQC0108
TOV21G,TOV21G,TOV21G_P59,md,48,0.67,2,63709951,WQC0108
TOV21G,TOV21G,TOV21G_P59,md,49,0.66,2,63709951,WQC0108
TOV21G,TOV21G,TOV21G_P59,md,50,0.65,2,63709951,WQC0108
TOV21G,TOV21G,TOV21G_P59,md,51,0.64,2,63709951,WQC0108
TOV21G,TOV21G,TOV21G_P59,md,52,0.63,2,63709951,WQC0108
TOV21G,TOV21G,TOV21G_P59,md,53,0.62,2,63709951,WQC0108
TOV21G,TOV21G,TOV21G_P59,md,54,0.61,2,63709951,WQC0108
TOV21G,TOV21G,TOV21G_P59,md,55,0.6,2,63709951,WQC0108
TOV21G,TOV21G,TOV21G_P59,md,56,0.59,2,63709951,WQC0108
TOV21G,TOV21G,TOV21G_P59,md,57,0.58,2,63709951,WQC0108
TOV21G,TOV21G,TOV21G_P59,md,58,0.57,2,63709951,WQC0108
TOV21G,TOV21G,TOV21G_P59,md,59,0.56,2,63709951,WQC0108
TOV21G,TOV21G,TOV21G_P59,md,60,0.55,2,63709951,WQC0108
TOV21G,TOV21G,TOV21G_P59,md,61,0.54,2,63709951,WQC0108
TOV21G,TOV21G,TOV21G_P59,md,62,0.53,2,63709951,WQC0108
TOV21G,TOV21G,TOV21G_P59,md,63,0.52,2,63709951,WQC0108
TOV21G,TOV21G,TOV21G_P59,md,64,0.51,2,63709951,WQC0108
TOV21G,TOV21G,TOV21G_P59,md,65,0.51,2,63709951,WQC0108
TOV21G,TOV21G,TOV21G_P59,md,66,0.5,2,63709951,WQC0108
TOV21G,TOV21G,TOV21G_P59,md,67,0.49,2,63709951,WQC0108
TOV21G,TOV21G,TOV21G_P59,md,68,0.48,2,63709951,WQC0108
TOV21G,TOV21G,TOV21G_P59,md,69,0.47,2,63709951,WQC0108
TOV21G,TOV21G,TOV21G_P59,md,70,0.46,2,63709951,WQC0108
TOV21G,TOV21G,TOV21G_P59,md,71,0.45,2,63709951,WQC0108
TOV21G,TOV21G,TOV21G_P59,md,72,0.45,2,63709951,WQC0108
TOV21G,TOV21G,TOV21G_P59,md,73,0.44,2,63709951,WQC0108
TOV21G,TOV21G,TOV21G_P59,md,74,0.43,2,63709951,WQC0108
TOV21G,TOV21G,TOV21G_P59,md,75,0.42,2,63709951,WQC0108
TOV21G,TOV21G,TOV21G_P59,md,76,0.41,2,63709951,WQC0108
TOV21G,TOV21G,TOV21G_P59,md,77,0.4,2,63709951,WQC0108
TOV21G,TOV21G,TOV21G_P59,md,78,0.4,2,63709951,WQC0108
TOV21G,TOV21G,TOV21G_P59,md,79,0.39,2,63709951,WQC0108
TOV21G,TOV21G,TOV21G_P59,md,80,0.38,2,63709951,WQC0108
TOV21G,TOV21G,TOV21G_P59,md,81,0.37,2,63709951,WQC0108
TOV21G,TOV21G,TOV21G_P59,md,82,0.37,2,63709951,WQC0108
TOV21G,TOV21G,TOV21G_P59,md,83,0.36,2,63709951,WQC0108
TOV21G,TOV21G,TOV21G_P59,md,84,0.35,2,63709951,WQC0108
TOV21G,TOV21G,TOV21G_P59,md,85,0.35,2,63709951,WQC0108
TOV21G,TOV21G,TOV21G_P59,md,86,0.34,2,63709951,WQC0108
TOV21G,TOV21G,TOV21G_P59,md,87,0.33,2,63709951,WQC0108
TOV21G,TOV21G,TOV21G_P59,md,88,0.33,2,63709951,WQC0108
TOV21G,TOV21G,TOV21G_P59,md,89,0.32,2,63709951,WQC0108
TOV21G,TOV21G,TOV21G_P59,md,90,0.31,2,63709951,WQC0108
TOV21G,TOV21G,TOV21G_P59,md,91,0.31,2,63709951,WQC0108
TOV21G,TOV21G,TOV21G_P59,md,92,0.3,2,63709951,WQC0108
TOV21G,TOV21G,TOV21G_P59,md,93,0.29,2,63709951,WQC0108
TOV21G,TOV21G,TOV21G_P59,md,94,0.29,2,63709951,WQC0108
TOV21G,TOV21G,TOV21G_P59,md,95,0.28,2,63709951,WQC0108
TOV21G,TOV21G,TOV21G_P59,md,96,0.28,2,63709951,WQC0108
TOV21G,TOV21G,TOV21G_P59,md,97,0.27,2,63709951,WQC0108
TOV21G,TOV21G,TOV21G_P59,md,98,0.27,2,63709951,WQC0108
TOV21G,TOV21G,TOV21G_P59,md,99,0.26,2,63709951,WQC0108
TOV21G,TOV21G,TOV21G_P59,md,100,0.25,2,63709951,WQC0108
TOV21G,TOV21G,TOV21G_P59,md,101,0.25,2,63709951,WQC0108
TOV21G,TOV21G,TOV21G_P59,md,102,0.24,2,63709951,WQC0108
TOV21G,TOV21G,TOV21G_P59,md,103,0.24,2,63709951,WQC0108
TOV21G,TOV21G,TOV21G_P59,md,104,0.23,2,63709951,WQC0108
TOV21G,TOV21G,TOV21G_P59,md,105,0.23,2,63709951,WQC0108
TOV21G,TOV21G,TOV21G_P59,md,106,0.23,2,63709951,WQC0108
TOV21G,TOV21G,TOV21G_P59,md,107,0.22,2,63709951,WQC0108
TOV21G,TOV21G,TOV21G_P59,md,108,0.22,2,63709951,WQC0108
TOV21G,TOV21G,TOV21G_P59,md,109,0.21,2,63709951,WQC0108
TOV21G,TOV21G,TOV21G_P59,md,110,0.21,2,63709951,WQC0108
TOV21G,TOV21G,TOV21G_P59,md,111,0.2,2,63709951,WQC0108
TOV21G,TOV21G,TOV21G_P59,md,112,0.2,2,63709951,WQC0108
TOV21G,TOV21G,TOV21G_P59,md,113,0.2,2,63709951,WQC0108
TOV21G,TOV21G,TOV21G_P59,md,114,0.19,2,63709951,WQC0108
TOV21G,TOV21G,TOV21G_P59,md,115,0.19,2,63709951,WQC0108
TOV21G,TOV21G,TOV21G_P59,md,116,0.18,2,63709951,WQC0108
TOV21G,TOV21G,TOV21G_P59,md,117,0.18,2,63709951,WQC0108
TOV21G,TOV21G,TOV21G_P59,md,118,0.18,2,63709951,WQC0108
TOV21G,TOV21G,TOV21G_P59,md,119,0.17,2,63709951,WQC0108
TOV21G,TOV21G,TOV21G_P59,md,120,0.17,2,63709951,WQC0108
TOV21G,TOV21G,TOV21G_P59,md,121,0.17,2,63709951,WQC0108
TOV21G,TOV21G,TOV21G_P59,md,122,0.16,2,63709951,WQC0108
TOV21G,TOV21G,TOV21G_P59,md,123,0.16,2,63709951,WQC0108
TOV21G,TOV21G,TOV21G_P59,md,124,0.16,2,63709951,WQC0108
TOV21G,TOV21G,TOV21G_P59,md,125,0.15,2,63709951,WQC0108
TOV21G,TOV21G,TOV21G_P59,md,126,0.15,2,63709951,WQC0108
TOV21G,TOV21G,TOV21G_P59,md,127,0.15,2,63709951,WQC0108
TOV21G,TOV21G,TOV21G_P59,md,128,0.15,2,63709951,WQC0108
TOV21G,TOV21G,TOV21G_P59,md,129,0.14,2,63709951,WQC0108
TOV21G,TOV21G,TOV21G_P59,md,130,0.14,2,63709951,WQC0108
TOV21G,TOV21G,TOV21G_P59,md,131,0.14,2,63709951,WQC0108
TOV21G,TOV21G,TOV21G_P59,md,132,0.14,2,63709951,WQC0108
TOV21G,TOV21G,TOV21G_P59,md,133,0.13,2,63709951,WQC0108
TOV21G,TOV21G,TOV21G_P59,md,134,0.13,2,63709951,WQC0108
TOV21G,TOV21G,TOV21G_P59,md,135,0.13,2,63709951,WQC0108
TOV21G,TOV21G,TOV21G_P59,md,136,0.13,2,63709951,WQC0108
TOV21G,TOV21G,TOV21G_P59,md,137,0.12,2,63709951,WQC0108
TOV21G,TOV21G,TOV21G_P59,md,138,0.12,2,63709951,WQC0108
TOV21G,TOV21G,TOV21G_P59,md,139,0.12,2,63709951,WQC0108
TOV21G,TOV21G,TOV21G_P59,md,140,0.12,2,63709951,WQC0108
TOV21G,TOV21G,TOV21G_P59,md,141,0.12,2,63709951,WQC0108
TOV21G,TOV21G,TOV21G_P59,md,142,0.11,2,63709951,WQC0108
TOV21G,TOV21G,TOV21G_P59,md,143,0.11,2,63709951,WQC0108
TOV21G,TOV21G,TOV21G_P59,md,144,0.11,2,63709951,WQC0108
TOV21G,TOV21G,TOV21G_P59,md,145,0.11,2,63709951,WQC0108
TOV21G,TOV21G,TOV21G_P59,md,146,0.11,2,63709951,WQC0108
TOV21G,TOV21G,TOV21G_P59,md,147,0.1,2,63709951,WQC0108
TOV21G,TOV21G,TOV21G_P59,md,148,0.1,2,63709951,WQC0108
TOV21G,TOV21G,TOV21G_P59,md,149,0.1,2,63709951,WQC0108
TOV21G,TOV21G,TOV21G_P59,md,150,0.1,2,63709951,WQC0108
TOV21G,TOV21G,TOV21G_P59,recal,0,1.0,2,63709444,WQC0111
TOV21G,TOV21G,TOV21G_P59,recal,1,0.99,2,63709444,WQC0111
TOV21G,TOV21G,TOV21G_P59,recal,2,0.99,2,63709444,WQC0111
TOV21G,TOV21G,TOV21G_P59,recal,3,0.99,2,63709444,WQC0111
TOV21G,TOV21G,TOV21G_P59,recal,4,0.99,2,63709444,WQC0111
TOV21G,TOV21G,TOV21G_P59,recal,5,0.98,2,63709444,WQC0111
TOV21G,TOV21G,TOV21G_P59,recal,6,0.98,2,63709444,WQC0111
TOV21G,TOV21G,TOV21G_P59,recal,7,0.98,2,63709444,WQC0111
TOV21G,TOV21G,TOV21G_P59,recal,8,0.97,2,63709444,WQC0111
TOV21G,TOV21G,TOV21G_P59,recal,9,0.97,2,63709444,WQC0111
TOV21G,TOV21G,TOV21G_P59,recal,10,0.96,2,63709444,WQC0111
TOV21G,TOV21G,TOV21G_P59,recal,11,0.96,2,63709444,WQC0111
TOV21G,TOV21G,TOV21G_P59,recal,12,0.96,2,63709444,WQC0111
TOV21G,TOV21G,TOV21G_P59,recal,13,0.95,2,63709444,WQC0111
TOV21G,TOV21G,TOV21G_P59,recal,14,0.95,2,63709444,WQC0111
TOV21G,TOV21G,TOV21G_P59,recal,15,0.94,2,63709444,WQC0111
TOV21G,TOV21G,TOV21G_P59,recal,16,0.94,2,63709444,WQC0111
TOV21G,TOV21G,TOV21G_P59,recal,17,0.93,2,63709444,WQC0111
TOV21G,TOV21G,TOV21G_P59,recal,18,0.93,2,63709444,WQC0111
TOV21G,TOV21G,TOV21G_P59,recal,19,0.92,2,63709444,WQC0111
TOV21G,TOV21G,TOV21G_P59,recal,20,0.91,2,63709444,WQC0111
TOV21G,TOV21G,TOV21G_P59,recal,21,0.91,2,63709444,WQC0111
TOV21G,TOV21G,TOV21G_P59,recal,22,0.9,2,63709444,WQC0111
TOV21G,TOV21G,TOV21G_P59,recal,23,0.89,2,63709444,WQC0111
TOV21G,TOV21G,TOV21G_P59,recal,24,0.89,2,63709444,WQC0111
TOV21G,TOV21G,TOV21G_P59,recal,25,0.88,2,63709444,WQC0111
TOV21G,TOV21G,TOV21G_P59,recal,26,0.87,2,63709444,WQC0111
TOV21G,TOV21G,TOV21G_P59,recal,27,0.86,2,63709444,WQC0111
TOV21G,TOV21G,TOV21G_P59,recal,28,0.85,2,63709444,WQC0111
TOV21G,TOV21G,TOV21G_P59,recal,29,0.85,2,63709444,WQC0111
TOV21G,TOV21G,TOV21G_P59,recal,30,0.84,2,63709444,WQC0111
TOV21G,TOV21G,TOV21G_P59,recal,31,0.83,2,63709444,WQC0111
TOV21G,TOV21G,TOV21G_P59,recal,32,0.82,2,63709444,WQC0111
TOV21G,TOV21G,TOV21G_P59,recal,33,0.81,2,63709444,WQC0111
TOV21G,TOV21G,TOV21G_P59,recal,34,0.8,2,63709444,WQC0111
TOV21G,TOV21G,TOV21G_P59,recal,35,0.79,2,63709444,WQC0111
TOV21G,TOV21G,TOV21G_P59,recal,36,0.78,2,63709444,WQC0111
TOV21G,TOV21G,TOV21G_P59,recal,37,0.77,2,63709444,WQC0111
TOV21G,TOV21G,TOV21G_P59,recal,38,0.77,2,63709444,WQC0111
TOV21G,TOV21G,TOV21G_P59,recal,39,0.76,2,63709444,WQC0111
TOV21G,TOV21G,TOV21G_P59,recal,40,0.75,2,63709444,WQC0111
TOV21G,TOV21G,TOV21G_P59,recal,41,0.74,2,63709444,WQC0111
TOV21G,TOV21G,TOV21G_P59,recal,42,0.73,2,63709444,WQC0111
TOV21G,TOV21G,TOV21G_P59,recal,43,0.72,2,63709444,WQC0111
TOV21G,TOV21G,TOV21G_P59,recal,44,0.71,2,63709444,WQC0111
TOV21G,TOV21G,TOV21G_P59,recal,45,0.7,2,63709444,WQC0111
TOV21G,TOV21G,TOV21G_P59,recal,46,0.69,2,63709444,WQC0111
TOV21G,TOV21G,TOV21G_P59,recal,47,0.68,2,63709444,WQC0111
TOV21G,TOV21G,TOV21G_P59,recal,48,0.67,2,63709444,WQC0111
TOV21G,TOV21G,TOV21G_P59,recal,49,0.66,2,63709444,WQC0111
TOV21G,TOV21G,TOV21G_P59,recal,50,0.65,2,63709444,WQC0111
TOV21G,TOV21G,TOV21G_P59,recal,51,0.64,2,63709444,WQC0111
TOV21G,TOV21G,TOV21G_P59,recal,52,0.63,2,63709444,WQC0111
TOV21G,TOV21G,TOV21G_P59,recal,53,0.62,2,63709444,WQC0111
TOV21G,TOV21G,TOV21G_P59,recal,54,0.61,2,63709444,WQC0111
TOV21G,TOV21G,TOV21G_P59,recal,55,0.6,2,63709444,WQC0111
TOV21G,TOV21G,TOV21G_P59,recal,56,0.59,2,63709444,WQC0111
TOV21G,TOV21G,TOV21G_P59,recal,57,0.58,2,63709444,WQC0111
TOV21G,TOV21G,TOV21G_P59,recal,58,0.57,2,63709444,WQC0111
TOV21G,TOV21G,TOV21G_P59,recal,59,0.56,2,63709444,WQC0111
TOV21G,TOV21G,TOV21G_P59,recal,60,0.55,2,63709444,WQC0111
TOV21G,TOV21G,TOV21G_P59,recal,61,0.54,2,63709444,WQC0111
TOV21G,TOV21G,TOV21G_P59,recal,62,0.53,2,63709444,WQC0111
TOV21G,TOV21G,TOV21G_P59,recal,63,0.52,2,63709444,WQC0111
TOV21G,TOV21G,TOV21G_P59,recal,64,0.51,2,63709444,WQC0111
TOV21G,TOV21G,TOV21G_P59,recal,65,0.51,2,63709444,WQC0111
TOV21G,TOV21G,TOV21G_P59,recal,66,0.5,2,63709444,WQC0111
TOV21G,TOV21G,TOV21G_P59,recal,67,0.49,2,63709444,WQC0111
TOV21G,TOV21G,TOV21G_P59,recal,68,0.48,2,63709444,WQC0111
TOV21G,TOV21G,TOV21G_P59,recal,69,0.47,2,63709444,WQC0111
TOV21G,TOV21G,TOV21G_P59,recal,70,0.46,2,63709444,WQC0111
TOV21G,TOV21G,TOV21G_P59,recal,71,0.45,2,63709444,WQC0111
TOV21G,TOV21G,TOV21G_P59,recal,72,0.45,2,63709444,WQC0111
TOV21G,TOV21G,TOV21G_P59,recal,73,0.44,2,63709444,WQC0111
TOV21G,TOV21G,TOV21G_P59,recal,74,0.43,2,63709444,WQC0111
TOV21G,TOV21G,TOV21G_P59,recal,75,0.42,2,63709444,WQC0111
TOV21G,TOV21G,TOV21G_P59,recal,76,0.41,2,63709444,WQC0111
TOV21G,TOV21G,TOV21G_P59,recal,77,0.4,2,63709444,WQC0111
TOV21G,TOV21G,TOV21G_P59,recal,78,0.4,2,63709444,WQC0111
TOV21G,TOV21G,TOV21G_P59,recal,79,0.39,2,63709444,WQC0111
TOV21G,TOV21G,TOV21G_P59,recal,80,0.38,2,63709444,WQC0111
TOV21G,TOV21G,TOV21G_P59,recal,81,0.37,2,63709444,WQC0111
TOV21G,TOV21G,TOV21G_P59,recal,82,0.37,2,63709444,WQC0111
TOV21G,TOV21G,TOV21G_P59,recal,83,0.36,2,63709444,WQC0111
TOV21G,TOV21G,TOV21G_P59,recal,84,0.35,2,63709444,WQC0111
TOV21G,TOV21G,TOV21G_P59,recal,85,0.35,2,63709444,WQC0111
TOV21G,TOV21G,TOV21G_P59,recal,86,0.34,2,63709444,WQC0111
TOV21G,TOV21G,TOV21G_P59,recal,87,0.33,2,63709444,WQC0111
TOV21G,TOV21G,TOV21G_P59,recal,88,0.33,2,63709444,WQC0111
TOV21G,TOV21G,TOV21G_P59,recal,89,0.32,2,63709444,WQC0111
TOV21G,TOV21G,TOV21G_P59,recal,90,0.31,2,63709444,WQC0111
TOV21G,TOV21G,TOV21G_P59,recal,91,0.31,2,63709444,WQC0111
TOV21G,TOV21G,TOV21G_P59,recal,92,0.3,2,63709444,WQC0111
TOV21G,TOV21G,TOV21G_P59,recal,93,0.29,2,63709444,WQC0111
TOV21G,TOV21G,TOV21G_P59,recal,94,0.29,2,63709444,WQC0111
TOV21G,TOV21G,TOV21G_P59,recal,95,0.28,2,63709444,WQC0111
TOV21G,TOV21G,TOV21G_P59,recal,96,0.28,2,63709444,WQC0111
TOV21G,TOV21G,TOV21G_P59,recal,97,0.27,2,63709444,WQC0111
TOV21G,TOV21G,TOV21G_P59,recal,98,0.27,2,63709444,WQC0111
TOV21G,TOV21G,TOV21G_P59,recal,99,0.26,2,63709444,WQC0111
TOV21G,TOV21G,TOV21G_P59,recal,100,0.25,2,63709444,WQC0111
TOV21G,TOV21G,TOV21G_P59,recal,101,0.25,2,63709444,WQC0111
TOV21G,TOV21G,TOV21G_P59,recal,102,0.24,2,63709444,WQC0111
TOV21G,TOV21G,TOV21G_P59,recal,103,0.24,2,63709444,WQC0111
TOV21G,TOV21G,TOV21G_P59,recal,104,0.23,2,63709444,WQC0111
TOV21G,TOV21G,TOV21G_P59,recal,105,0.23,2,63709444,WQC0111
TOV21G,TOV21G,TOV21G_P59,recal,106,0.23,2,63709444,WQC0111
TOV21G,TOV21G,TOV21G_P59,recal,107,0.22,2,63709444,WQC0111
TOV21G,TOV21G,TOV21G_P59,recal,108,0.22,2,63709444,WQC0111
TOV21G,TOV21G,TOV21G_P59,recal,109,0.21,2,63709444,WQC0111
TOV21G,TOV21G,TOV21G_P59,recal,110,0.21,2,63709444,WQC0111
TOV21G,TOV21G,TOV21G_P59,recal,111,0.2,2,63709444,WQC0111
TOV21G,TOV21G,TOV21G_P59,recal,112,0.2,2,63709444,WQC0111
TOV21G,TOV21G,TOV21G_P59,recal,113,0.2,2,63709444,WQC0111
TOV21G,TOV21G,TOV21G_P59,recal,114,0.19,2,63709444,WQC0111
TOV21G,TOV21G,TOV21G_P59,recal,115,0.19,2,63709444,WQC0111
TOV21G,TOV21G,TOV21G_P59,recal,116,0.18,2,63709444,WQC0111
TOV21G,TOV21G,TOV21G_P59,recal,117,0.18,2,63709444,WQC0111
TOV21G,TOV21G,TOV21G_P59,recal,118,0.18,2,63709444,WQC0111
TOV21G,TOV21G,TOV21G_P59,recal,119,0.17,2,63709444,WQC0111
TOV21G,TOV21G,TOV21G_P59,recal,120,0.17,2,63709444,WQC0111
TOV21G,TOV21G,TOV21G_P59,recal,121,0.17,2,63709444,WQC0111
TOV21G,TOV21G,TOV21G_P59,recal,122,0.16,2,63709444,WQC0111
TOV21G,TOV21G,TOV21G_P59,recal,123,0.16,2,63709444,WQC0111
TOV21G,TOV21G,TOV21G_P59,recal,124,0.16,2,63709444,WQC0111
TOV21G,TOV21G,TOV21G_P59,recal,125,0.15,2,63709444,WQC0111
TOV21G,TOV21G,TOV21G_P59,recal,126,0.15,2,63709444,WQC0111
TOV21G,TOV21G,TOV21G_P59,recal,127,0.15,2,63709444,WQC0111
TOV21G,TOV21G,TOV21G_P59,recal,128,0.15,2,63709444,WQC0111
TOV21G,TOV21G,TOV21G_P59,recal,129,0.14,2,63709444,WQC0111
TOV21G,TOV21G,TOV21G_P59,recal,130,0.14,2,63709444,WQC0111
TOV21G,TOV21G,TOV21G_P59,recal,131,0.14,2,63709444,WQC0111
TOV21G,TOV21G,TOV21G_P59,recal,132,0.14,2,63709444,WQC0111
TOV21G,TOV21G,TOV21G_P59,recal,133,0.13,2,63709444,WQC0111
TOV21G,TOV21G,TOV21G_P59,recal,134,0.13,2,63709444,WQC0111
TOV21G,TOV21G,TOV21G_P59,recal,135,0.13,2,63709444,WQC0111
TOV21G,TOV21G,TOV21G_P59,recal,136,0.13,2,63709444,WQC0111
TOV21G,TOV21G,TOV21G_P59,recal,137,0.12,2,63709444,WQC0111
TOV21G,TOV21G,TOV21G_P59,recal,138,0.12,2,63709444,WQC0111
TOV21G,TOV21G,TOV21G_P59,recal,139,0.12,2,63709444,WQC0111
TOV21G,TOV21G,TOV21G_P59,recal,140,0.12,2,63709444,WQC0111
TOV21G,TOV21G,TOV21G_P59,recal,141,0.12,2,63709444,WQC0111
TOV21G,TOV21G,TOV21G_P59,recal,142,0.11,2,63709444,WQC0111
TOV21G,TOV21G,TOV21G_P59,recal,143,0.11,2,63709444,WQC0111
TOV21G,TOV21G,TOV21G_P59,recal,144,0.11,2,63709444,WQC0111
TOV21G,TOV21G,TOV21G_P59,recal,145,0.11,2,63709444,WQC0111
TOV21G,TOV21G,TOV21G_P59,recal,146,0.11,2,63709444,WQC0111
TOV21G,TOV21G,TOV21G_P59,recal,147,0.1,2,63709444,WQC0111
TOV21G,TOV21G,TOV21G_P59,recal,148,0.1,2,63709444,WQC0111
TOV21G,TOV21G,TOV21G_P59,recal,149,0.1,2,63709444,WQC0111
TOV21G,TOV21G,TOV21G_P59,recal,150,0.1,2,63709444,WQC0111
TOV2295-R,2295,TOV2295_R_P57,md,0,1.0,2,63709951,WQC0116
TOV2295-R,2295,TOV2295_R_P57,md,1,0.99,2,63709951,WQC0116
TOV2295-R,2295,TOV2295_R_P57,md,2,0.99,2,63709951,WQC0116
TOV2295-R,2295,TOV2295_R_P57,md,3,0.99,2,63709951,WQC0116
TOV2295-R,2295,TOV2295_R_P57,md,4,0.98,2,63709951,WQC0116
TOV2295-R,2295,TOV2295_R_P57,md,5,0.98,2,63709951,WQC0116
TOV2295-R,2295,TOV2295_R_P57,md,6,0.97,2,63709951,WQC0116
TOV2295-R,2295,TOV2295_R_P57,md,7,0.97,2,63709951,WQC0116
TOV2295-R,2295,TOV2295_R_P57,md,8,0.96,2,63709951,WQC0116
TOV2295-R,2295,TOV2295_R_P57,md,9,0.96,2,63709951,WQC0116
TOV2295-R,2295,TOV2295_R_P57,md,10,0.95,2,63709951,WQC0116
TOV2295-R,2295,TOV2295_R_P57,md,11,0.95,2,63709951,WQC0116
TOV2295-R,2295,TOV2295_R_P57,md,12,0.94,2,63709951,WQC0116
TOV2295-R,2295,TOV2295_R_P57,md,13,0.93,2,63709951,WQC0116
TOV2295-R,2295,TOV2295_R_P57,md,14,0.92,2,63709951,WQC0116
TOV2295-R,2295,TOV2295_R_P57,md,15,0.92,2,63709951,WQC0116
TOV2295-R,2295,TOV2295_R_P57,md,16,0.91,2,63709951,WQC0116
TOV2295-R,2295,TOV2295_R_P57,md,17,0.9,2,63709951,WQC0116
TOV2295-R,2295,TOV2295_R_P57,md,18,0.89,2,63709951,WQC0116
TOV2295-R,2295,TOV2295_R_P57,md,19,0.88,2,63709951,WQC0116
TOV2295-R,2295,TOV2295_R_P57,md,20,0.87,2,63709951,WQC0116
TOV2295-R,2295,TOV2295_R_P57,md,21,0.86,2,63709951,WQC0116
TOV2295-R,2295,TOV2295_R_P57,md,22,0.85,2,63709951,WQC0116
TOV2295-R,2295,TOV2295_R_P57,md,23,0.84,2,63709951,WQC0116
TOV2295-R,2295,TOV2295_R_P57,md,24,0.83,2,63709951,WQC0116
TOV2295-R,2295,TOV2295_R_P57,md,25,0.82,2,63709951,WQC0116
TOV2295-R,2295,TOV2295_R_P57,md,26,0.81,2,63709951,WQC0116
TOV2295-R,2295,TOV2295_R_P57,md,27,0.8,2,63709951,WQC0116
TOV2295-R,2295,TOV2295_R_P57,md,28,0.79,2,63709951,WQC0116
TOV2295-R,2295,TOV2295_R_P57,md,29,0.78,2,63709951,WQC0116
TOV2295-R,2295,TOV2295_R_P57,md,30,0.77,2,63709951,WQC0116
TOV2295-R,2295,TOV2295_R_P57,md,31,0.76,2,63709951,WQC0116
TOV2295-R,2295,TOV2295_R_P57,md,32,0.75,2,63709951,WQC0116
TOV2295-R,2295,TOV2295_R_P57,md,33,0.73,2,63709951,WQC0116
TOV2295-R,2295,TOV2295_R_P57,md,34,0.72,2,63709951,WQC0116
TOV2295-R,2295,TOV2295_R_P57,md,35,0.71,2,63709951,WQC0116
TOV2295-R,2295,TOV2295_R_P57,md,36,0.7,2,63709951,WQC0116
TOV2295-R,2295,TOV2295_R_P57,md,37,0.69,2,63709951,WQC0116
TOV2295-R,2295,TOV2295_R_P57,md,38,0.68,2,63709951,WQC0116
TOV2295-R,2295,TOV2295_R_P57,md,39,0.67,2,63709951,WQC0116
TOV2295-R,2295,TOV2295_R_P57,md,40,0.66,2,63709951,WQC0116
TOV2295-R,2295,TOV2295_R_P57,md,41,0.65,2,63709951,WQC0116
TOV2295-R,2295,TOV2295_R_P57,md,42,0.64,2,63709951,WQC0116
TOV2295-R,2295,TOV2295_R_P57,md,43,0.63,2,63709951,WQC0116
TOV2295-R,2295,TOV2295_R_P57,md,44,0.62,2,63709951,WQC0116
TOV2295-R,2295,TOV2295_R_P57,md,45,0.61,2,63709951,WQC0116
TOV2295-R,2295,TOV2295_R_P57,md,46,0.59,2,63709951,WQC0116
TOV2295-R,2295,TOV2295_R_P57,md,47,0.58,2,63709951,WQC0116
TOV2295-R,2295,TOV2295_R_P57,md,48,0.57,2,63709951,WQC0116
TOV2295-R,2295,TOV2295_R_P57,md,49,0.56,2,63709951,WQC0116
TOV2295-R,2295,TOV2295_R_P57,md,50,0.55,2,63709951,WQC0116
TOV2295-R,2295,TOV2295_R_P57,md,51,0.55,2,63709951,WQC0116
TOV2295-R,2295,TOV2295_R_P57,md,52,0.54,2,63709951,WQC0116
TOV2295-R,2295,TOV2295_R_P57,md,53,0.53,2,63709951,WQC0116
TOV2295-R,2295,TOV2295_R_P57,md,54,0.52,2,63709951,WQC0116
TOV2295-R,2295,TOV2295_R_P57,md,55,0.51,2,63709951,WQC0116
TOV2295-R,2295,TOV2295_R_P57,md,56,0.5,2,63709951,WQC0116
TOV2295-R,2295,TOV2295_R_P57,md,57,0.49,2,63709951,WQC0116
TOV2295-R,2295,TOV2295_R_P57,md,58,0.48,2,63709951,WQC0116
TOV2295-R,2295,TOV2295_R_P57,md,59,0.47,2,63709951,WQC0116
TOV2295-R,2295,TOV2295_R_P57,md,60,0.46,2,63709951,WQC0116
TOV2295-R,2295,TOV2295_R_P57,md,61,0.46,2,63709951,WQC0116
TOV2295-R,2295,TOV2295_R_P57,md,62,0.45,2,63709951,WQC0116
TOV2295-R,2295,TOV2295_R_P57,md,63,0.44,2,63709951,WQC0116
TOV2295-R,2295,TOV2295_R_P57,md,64,0.43,2,63709951,WQC0116
TOV2295-R,2295,TOV2295_R_P57,md,65,0.42,2,63709951,WQC0116
TOV2295-R,2295,TOV2295_R_P57,md,66,0.42,2,63709951,WQC0116
TOV2295-R,2295,TOV2295_R_P57,md,67,0.41,2,63709951,WQC0116
TOV2295-R,2295,TOV2295_R_P57,md,68,0.4,2,63709951,WQC0116
TOV2295-R,2295,TOV2295_R_P57,md,69,0.39,2,63709951,WQC0116
TOV2295-R,2295,TOV2295_R_P57,md,70,0.39,2,63709951,WQC0116
TOV2295-R,2295,TOV2295_R_P57,md,71,0.38,2,63709951,WQC0116
TOV2295-R,2295,TOV2295_R_P57,md,72,0.37,2,63709951,WQC0116
TOV2295-R,2295,TOV2295_R_P57,md,73,0.36,2,63709951,WQC0116
TOV2295-R,2295,TOV2295_R_P57,md,74,0.36,2,63709951,WQC0116
TOV2295-R,2295,TOV2295_R_P57,md,75,0.35,2,63709951,WQC0116
TOV2295-R,2295,TOV2295_R_P57,md,76,0.34,2,63709951,WQC0116
TOV2295-R,2295,TOV2295_R_P57,md,77,0.34,2,63709951,WQC0116
TOV2295-R,2295,TOV2295_R_P57,md,78,0.33,2,63709951,WQC0116
TOV2295-R,2295,TOV2295_R_P57,md,79,0.33,2,63709951,WQC0116
TOV2295-R,2295,TOV2295_R_P57,md,80,0.32,2,63709951,WQC0116
TOV2295-R,2295,TOV2295_R_P57,md,81,0.31,2,63709951,WQC0116
TOV2295-R,2295,TOV2295_R_P57,md,82,0.31,2,63709951,WQC0116
TOV2295-R,2295,TOV2295_R_P57,md,83,0.3,2,63709951,WQC0116
TOV2295-R,2295,TOV2295_R_P57,md,84,0.3,2,63709951,WQC0116
TOV2295-R,2295,TOV2295_R_P57,md,85,0.29,2,63709951,WQC0116
TOV2295-R,2295,TOV2295_R_P57,md,86,0.28,2,63709951,WQC0116
TOV2295-R,2295,TOV2295_R_P57,md,87,0.28,2,63709951,WQC0116
TOV2295-R,2295,TOV2295_R_P57,md,88,0.27,2,63709951,WQC0116
TOV2295-R,2295,TOV2295_R_P57,md,89,0.27,2,63709951,WQC0116
TOV2295-R,2295,TOV2295_R_P57,md,90,0.26,2,63709951,WQC0116
TOV2295-R,2295,TOV2295_R_P57,md,91,0.26,2,63709951,WQC0116
TOV2295-R,2295,TOV2295_R_P57,md,92,0.25,2,63709951,WQC0116
TOV2295-R,2295,TOV2295_R_P57,md,93,0.25,2,63709951,WQC0116
TOV2295-R,2295,TOV2295_R_P57,md,94,0.25,2,63709951,WQC0116
TOV2295-R,2295,TOV2295_R_P57,md,95,0.24,2,63709951,WQC0116
TOV2295-R,2295,TOV2295_R_P57,md,96,0.24,2,63709951,WQC0116
TOV2295-R,2295,TOV2295_R_P57,md,97,0.23,2,63709951,WQC0116
TOV2295-R,2295,TOV2295_R_P57,md,98,0.23,2,63709951,WQC0116
TOV2295-R,2295,TOV2295_R_P57,md,99,0.22,2,63709951,WQC0116
TOV2295-R,2295,TOV2295_R_P57,md,100,0.22,2,63709951,WQC0116
TOV2295-R,2295,TOV2295_R_P57,md,101,0.22,2,63709951,WQC0116
TOV2295-R,2295,TOV2295_R_P57,md,102,0.21,2,63709951,WQC0116
TOV2295-R,2295,TOV2295_R_P57,md,103,0.21,2,63709951,WQC0116
TOV2295-R,2295,TOV2295_R_P57,md,104,0.2,2,63709951,WQC0116
TOV2295-R,2295,TOV2295_R_P57,md,105,0.2,2,63709951,WQC0116
TOV2295-R,2295,TOV2295_R_P57,md,106,0.2,2,63709951,WQC0116
TOV2295-R,2295,TOV2295_R_P57,md,107,0.19,2,63709951,WQC0116
TOV2295-R,2295,TOV2295_R_P57,md,108,0.19,2,63709951,WQC0116
TOV2295-R,2295,TOV2295_R_P57,md,109,0.19,2,63709951,WQC0116
TOV2295-R,2295,TOV2295_R_P57,md,110,0.18,2,63709951,WQC0116
TOV2295-R,2295,TOV2295_R_P57,md,111,0.18,2,63709951,WQC0116
TOV2295-R,2295,TOV2295_R_P57,md,112,0.18,2,63709951,WQC0116
TOV2295-R,2295,TOV2295_R_P57,md,113,0.17,2,63709951,WQC0116
TOV2295-R,2295,TOV2295_R_P57,md,114,0.17,2,63709951,WQC0116
TOV2295-R,2295,TOV2295_R_P57,md,115,0.17,2,63709951,WQC0116
TOV2295-R,2295,TOV2295_R_P57,md,116,0.16,2,63709951,WQC0116
TOV2295-R,2295,TOV2295_R_P57,md,117,0.16,2,63709951,WQC0116
TOV2295-R,2295,TOV2295_R_P57,md,118,0.16,2,63709951,WQC0116
TOV2295-R,2295,TOV2295_R_P57,md,119,0.16,2,63709951,WQC0116
TOV2295-R,2295,TOV2295_R_P57,md,120,0.15,2,63709951,WQC0116
TOV2295-R,2295,TOV2295_R_P57,md,121,0.15,2,63709951,WQC0116
TOV2295-R,2295,TOV2295_R_P57,md,122,0.15,2,63709951,WQC0116
TOV2295-R,2295,TOV2295_R_P57,md,123,0.15,2,63709951,WQC0116
TOV2295-R,2295,TOV2295_R_P57,md,124,0.14,2,63709951,WQC0116
TOV2295-R,2295,TOV2295_R_P57,md,125,0.14,2,63709951,WQC0116
TOV2295-R,2295,TOV2295_R_P57,md,126,0.14,2,63709951,WQC0116
TOV2295-R,2295,TOV2295_R_P57,md,127,0.14,2,63709951,WQC0116
TOV2295-R,2295,TOV2295_R_P57,md,128,0.13,2,63709951,WQC0116
TOV2295-R,2295,TOV2295_R_P57,md,129,0.13,2,63709951,WQC0116
TOV2295-R,2295,TOV2295_R_P57,md,130,0.13,2,63709951,WQC0116
TOV2295-R,2295,TOV2295_R_P57,md,131,0.13,2,63709951,WQC0116
TOV2295-R,2295,TOV2295_R_P57,md,132,0.12,2,63709951,WQC0116
TOV2295-R,2295,TOV2295_R_P57,md,133,0.12,2,63709951,WQC0116
TOV2295-R,2295,TOV2295_R_P57,md,134,0.12,2,63709951,WQC0116
TOV2295-R,2295,TOV2295_R_P57,md,135,0.12,2,63709951,WQC0116
TOV2295-R,2295,TOV2295_R_P57,md,136,0.12,2,63709951,WQC0116
TOV2295-R,2295,TOV2295_R_P57,md,137,0.12,2,63709951,WQC0116
TOV2295-R,2295,TOV2295_R_P57,md,138,0.11,2,63709951,WQC0116
TOV2295-R,2295,TOV2295_R_P57,md,139,0.11,2,63709951,WQC0116
TOV2295-R,2295,TOV2295_R_P57,md,140,0.11,2,63709951,WQC0116
TOV2295-R,2295,TOV2295_R_P57,md,141,0.11,2,63709951,WQC0116
TOV2295-R,2295,TOV2295_R_P57,md,142,0.11,2,63709951,WQC0116
TOV2295-R,2295,TOV2295_R_P57,md,143,0.1,2,63709951,WQC0116
TOV2295-R,2295,TOV2295_R_P57,md,144,0.1,2,63709951,WQC0116
TOV2295-R,2295,TOV2295_R_P57,md,145,0.1,2,63709951,WQC0116
TOV2295-R,2295,TOV2295_R_P57,md,146,0.1,2,63709951,WQC0116
TOV2295-R,2295,TOV2295_R_P57,md,147,0.1,2,63709951,WQC0116
TOV2295-R,2295,TOV2295_R_P57,md,148,0.1,2,63709951,WQC0116
TOV2295-R,2295,TOV2295_R_P57,md,149,0.1,2,63709951,WQC0116
TOV2295-R,2295,TOV2295_R_P57,md,150,0.09,2,63709951,WQC0116
TOV2295-R,2295,TOV2295_R_P57,recal,0,1.0,2,63709444,WQC0119
TOV2295-R,2295,TOV2295_R_P57,recal,1,0.99,2,63709444,WQC0119
TOV2295-R,2295,TOV2295_R_P57,recal,2,0.99,2,63709444,WQC0119
TOV2295-R,2295,TOV2295_R_P57,recal,3,0.99,2,63709444,WQC0119
TOV2295-R,2295,TOV2295_R_P57,recal,4,0.98,2,63709444,WQC0119
TOV2295-R,2295,TOV2295_R_P57,recal,5,0.98,2,63709444,WQC0119
TOV2295-R,2295,TOV2295_R_P57,recal,6,0.97,2,63709444,WQC0119
TOV2295-R,2295,TOV2295_R_P57,recal,7,0.97,2,63709444,WQC0119
TOV2295-R,2295,TOV2295_R_P57,recal,8,0.96,2,63709444,WQC0119
TOV2295-R,2295,TOV2295_R_P57,recal,9,0.96,2,63709444,WQC0119
TOV2295-R,2295,TOV2295_R_P57,recal,10,0.95,2,63709444,WQC0119
TOV2295-R,2295,TOV2295_R_P57,recal,11,0.95,2,63709444,WQC0119
TOV2295-R,2295,TOV2295_R_P57,recal,12,0.94,2,63709444,WQC0119
TOV2295-R,2295,TOV2295_R_P57,recal,13,0.93,2,63709444,WQC0119
TOV2295-R,2295,TOV2295_R_P57,recal,14,0.92,2,63709444,WQC0119
TOV2295-R,2295,TOV2295_R_P57,recal,15,0.92,2,63709444,WQC0119
TOV2295-R,2295,TOV2295_R_P57,recal,16,0.91,2,63709444,WQC0119
TOV2295-R,2295,TOV2295_R_P57,recal,17,0.9,2,63709444,WQC0119
TOV2295-R,2295,TOV2295_R_P57,recal,18,0.89,2,63709444,WQC0119
TOV2295-R,2295,TOV2295_R_P57,recal,19,0.88,2,63709444,WQC0119
TOV2295-R,2295,TOV2295_R_P57,recal,20,0.87,2,63709444,WQC0119
TOV2295-R,2295,TOV2295_R_P57,recal,21,0.86,2,63709444,WQC0119
TOV2295-R,2295,TOV2295_R_P57,recal,22,0.85,2,63709444,WQC0119
TOV2295-R,2295,TOV2295_R_P57,recal,23,0.84,2,63709444,WQC0119
TOV2295-R,2295,TOV2295_R_P57,recal,24,0.83,2,63709444,WQC0119
TOV2295-R,2295,TOV2295_R_P57,recal,25,0.82,2,63709444,WQC0119
TOV2295-R,2295,TOV2295_R_P57,recal,26,0.81,2,63709444,WQC0119
TOV2295-R,2295,TOV2295_R_P57,recal,27,0.8,2,63709444,WQC0119
TOV2295-R,2295,TOV2295_R_P57,recal,28,0.79,2,63709444,WQC0119
TOV2295-R,2295,TOV2295_R_P57,recal,29,0.78,2,63709444,WQC0119
TOV2295-R,2295,TOV2295_R_P57,recal,30,0.77,2,63709444,WQC0119
TOV2295-R,2295,TOV2295_R_P57,recal,31,0.76,2,63709444,WQC0119
TOV2295-R,2295,TOV2295_R_P57,recal,32,0.75,2,63709444,WQC0119
TOV2295-R,2295,TOV2295_R_P57,recal,33,0.73,2,63709444,WQC0119
TOV2295-R,2295,TOV2295_R_P57,recal,34,0.72,2,63709444,WQC0119
TOV2295-R,2295,TOV2295_R_P57,recal,35,0.71,2,63709444,WQC0119
TOV2295-R,2295,TOV2295_R_P57,recal,36,0.7,2,63709444,WQC0119
TOV2295-R,2295,TOV2295_R_P57,recal,37,0.69,2,63709444,WQC0119
TOV2295-R,2295,TOV2295_R_P57,recal,38,0.68,2,63709444,WQC0119
TOV2295-R,2295,TOV2295_R_P57,recal,39,0.67,2,63709444,WQC0119
TOV2295-R,2295,TOV2295_R_P57,recal,40,0.66,2,63709444,WQC0119
TOV2295-R,2295,TOV2295_R_P57,recal,41,0.65,2,63709444,WQC0119
TOV2295-R,2295,TOV2295_R_P57,recal,42,0.64,2,63709444,WQC0119
TOV2295-R,2295,TOV2295_R_P57,recal,43,0.63,2,63709444,WQC0119
TOV2295-R,2295,TOV2295_R_P57,recal,44,0.62,2,63709444,WQC0119
TOV2295-R,2295,TOV2295_R_P57,recal,45,0.61,2,63709444,WQC0119
TOV2295-R,2295,TOV2295_R_P57,recal,46,0.59,2,63709444,WQC0119
TOV2295-R,2295,TOV2295_R_P57,recal,47,0.58,2,63709444,WQC0119
TOV2295-R,2295,TOV2295_R_P57,recal,48,0.57,2,63709444,WQC0119
TOV2295-R,2295,TOV2295_R_P57,recal,49,0.56,2,63709444,WQC0119
TOV2295-R,2295,TOV2295_R_P57,recal,50,0.55,2,63709444,WQC0119
TOV2295-R,2295,TOV2295_R_P57,recal,51,0.55,2,63709444,WQC0119
TOV2295-R,2295,TOV2295_R_P57,recal,52,0.54,2,63709444,WQC0119
TOV2295-R,2295,TOV2295_R_P57,recal,53,0.53,2,63709444,WQC0119
TOV2295-R,2295,TOV2295_R_P57,recal,54,0.52,2,63709444,WQC0119
TOV2295-R,2295,TOV2295_R_P57,recal,55,0.51,2,63709444,WQC0119
TOV2295-R,2295,TOV2295_R_P57,recal,56,0.5,2,63709444,WQC0119
TOV2295-R,2295,TOV2295_R_P57,recal,57,0.49,2,63709444,WQC0119
TOV2295-R,2295,TOV2295_R_P57,recal,58,0.48,2,63709444,WQC0119
TOV2295-R,2295,TOV2295_R_P57,recal,59,0.47,2,63709444,WQC0119
TOV2295-R,2295,TOV2295_R_P57,recal,60,0.46,2,63709444,WQC0119
TOV2295-R,2295,TOV2295_R_P57,recal,61,0.46,2,63709444,WQC0119
TOV2295-R,2295,TOV2295_R_P57,recal,62,0.45,2,63709444,WQC0119
TOV2295-R,2295,TOV2295_R_P57,recal,63,0.44,2,63709444,WQC0119
TOV2295-R,2295,TOV2295_R_P57,recal,64,0.43,2,63709444,WQC0119
TOV2295-R,2295,TOV2295_R_P57,recal,65,0.42,2,63709444,WQC0119
TOV2295-R,2295,TOV2295_R_P57,recal,66,0.42,2,63709444,WQC0119
TOV2295-R,2295,TOV2295_R_P57,recal,67,0.41,2,63709444,WQC0119
TOV2295-R,2295,TOV2295_R_P57,recal,68,0.4,2,63709444,WQC0119
TOV2295-R,2295,TOV2295_R_P57,recal,69,0.39,2,63709444,WQC0119
TOV2295-R,2295,TOV2295_R_P57,recal,70,0.39,2,63709444,WQC0119
TOV2295-R,2295,TOV2295_R_P57,recal,71,0.38,2,63709444,WQC0119
TOV2295-R,2295,TOV2295_R_P57,recal,72,0.37,2,63709444,WQC0119
TOV2295-R,2295,TOV2295_R_P57,recal,73,0.36,2,63709444,WQC0119
TOV2295-R,2295,TOV2295_R_P57,recal,74,0.36,2,63709444,WQC0119
TOV2295-R,2295,TOV2295_R_P57,recal,75,0.35,2,63709444,WQC0119
TOV2295-R,2295,TOV2295_R_P57,recal,76,0.34,2,63709444,WQC0119
TOV2295-R,2295,TOV2295_R_P57,recal,77,0.34,2,63709444,WQC0119
TOV2295-R,2295,TOV2295_R_P57,recal,78,0.33,2,63709444,WQC0119
TOV2295-R,2295,TOV2295_R_P57,recal,79,0.33,2,63709444,WQC0119
TOV2295-R,2295,TOV2295_R_P57,recal,80,0.32,2,63709444,WQC0119
TOV2295-R,2295,TOV2295_R_P57,recal,81,0.31,2,63709444,WQC0119
TOV2295-R,2295,TOV2295_R_P57,recal,82,0.31,2,63709444,WQC0119
TOV2295-R,2295,TOV2295_R_P57,recal,83,0.3,2,63709444,WQC0119
TOV2295-R,2295,TOV2295_R_P57,recal,84,0.3,2,63709444,WQC0119
TOV2295-R,2295,TOV2295_R_P57,recal,85,0.29,2,63709444,WQC0119
TOV2295-R,2295,TOV2295_R_P57,recal,86,0.28,2,63709444,WQC0119
TOV2295-R,2295,TOV2295_R_P57,recal,87,0.28,2,63709444,WQC0119
TOV2295-R,2295,TOV2295_R_P57,recal,88,0.27,2,63709444,WQC0119
TOV2295-R,2295,TOV2295_R_P57,recal,89,0.27,2,63709444,WQC0119
TOV2295-R,2295,TOV2295_R_P57,recal,90,0.26,2,63709444,WQC0119
TOV2295-R,2295,TOV2295_R_P57,recal,91,0.26,2,63709444,WQC0119
TOV2295-R,2295,TOV2295_R_P57,recal,92,0.25,2,63709444,WQC0119
TOV2295-R,2295,TOV2295_R_P57,recal,93,0.25,2,63709444,WQC0119
TOV2295-R,2295,TOV2295_R_P57,recal,94,0.25,2,63709444,WQC0119
TOV2295-R,2295,TOV2295_R_P57,recal,95,0.24,2,63709444,WQC0119
TOV2295-R,2295,TOV2295_R_P57,recal,96,0.24,2,63709444,WQC0119
TOV2295-R,2295,TOV2295_R_P57,recal,97,0.23,2,63709444,WQC0119
TOV2295-R,2295,TOV2295_R_P57,recal,98,0.23,2,63709444,WQC0119
TOV2295-R,2295,TOV2295_R_P57,recal,99,0.22,2,63709444,WQC0119
TOV2295-R,2295,TOV2295_R_P57,recal,100,0.22,2,63709444,WQC0119
TOV2295-R,2295,TOV2295_R_P57,recal,101,0.22,2,63709444,WQC0119
TOV2295-R,2295,TOV2295_R_P57,recal,102,0.21,2,63709444,WQC0119
TOV2295-R,2295,TOV2295_R_P57,recal,103,0.21,2,63709444,WQC0119
TOV2295-R,2295,TOV2295_R_P57,recal,104,0.2,2,63709444,WQC0119
TOV2295-R,2295,TOV2295_R_P57,recal,105,0.2,2,63709444,WQC0119
TOV2295-R,2295,TOV2295_R_P57,recal,106,0.2,2,63709444,WQC0119
TOV2295-R,2295,TOV2295_R_P57,recal,107,0.19,2,63709444,WQC0119
TOV2295-R,2295,TOV2295_R_P57,recal,108,0.19,2,63709444,WQC0119
TOV2295-R,2295,TOV2295_R_P57,recal,109,0.19,2,63709444,WQC0119
TOV2295-R,2295,TOV2295_R_P57,recal,110,0.18,2,63709444,WQC0119
TOV2295-R,2295,TOV2295_R_P57,recal,111,0.18,2,63709444,WQC0119
TOV2295-R,2295,TOV2295_R_P57,recal,112,0.18,2,63709444,WQC0119
TOV2295-R,2295,TOV2295_R_P57,recal,113,0.17,2,63709444,WQC0119
TOV2295-R,2295,TOV2295_R_P57,recal,114,0.17,2,63709444,WQC0119
TOV2295-R,2295,TOV2295_R_P57,recal,115,0.17,2,63709444,WQC0119
TOV2295-R,2295,TOV2295_R_P57,recal,116,0.16,2,63709444,WQC0119
TOV2295-R,2295,TOV2295_R_P57,recal,117,0.16,2,63709444,WQC0119
TOV2295-R,2295,TOV2295_R_P57,recal,118,0.16,2,63709444,WQC0119
TOV2295-R,2295,TOV2295_R_P57,recal,119,0.16,2,63709444,WQC0119
TOV2295-R,2295,TOV2295_R_P57,recal,120,0.15,2,63709444,WQC0119
TOV2295-R,2295,TOV2295_R_P57,recal,121,0.15,2,63709444,WQC0119
TOV2295-R,2295,TOV2295_R_P57,recal,122,0.15,2,63709444,WQC0119
TOV2295-R,2295,TOV2295_R_P57,recal,123,0.15,2,63709444,WQC0119
TOV2295-R,2295,TOV2295_R_P57,recal,124,0.14,2,63709444,WQC0119
TOV2295-R,2295,TOV2295_R_P57,recal,125,0.14,2,63709444,WQC0119
TOV2295-R,2295,TOV2295_R_P57,recal,126,0.14,2,63709444,WQC0119
TOV2295-R,2295,TOV2295_R_P57,recal,127,0.14,2,63709444,WQC0119
TOV2295-R,2295,TOV2295_R_P57,recal,128,0.13,2,63709444,WQC0119
TOV2295-R,2295,TOV2295_R_P57,recal,129,0.13,2,63709444,WQC0119
TOV2295-R,2295,TOV2295_R_P57,recal,130,0.13,2,63709444,WQC0119
TOV2295-R,2295,TOV2295_R_P57,recal,131,0.13,2,63709444,WQC0119
TOV2295-R,2295,TOV2295_R_P57,recal,132,0.12,2,63709444,WQC0119
TOV2295-R,2295,TOV2295_R_P57,recal,133,0.12,2,63709444,WQC0119
TOV2295-R,2295,TOV2295_R_P57,recal,134,0.12,2,63709444,WQC0119
TOV2295-R,2295,TOV2295_R_P57,recal,135,0.12,2,63709444,WQC0119
TOV2295-R,2295,TOV2295_R_P57,recal,136,0.12,2,63709444,WQC0119
TOV2295-R,2295,TOV2295_R_P57,recal,137,0.12,2,63709444,WQC0119
TOV2295-R,2295,TOV2295_R_P57,recal,138,0.11,2,63709444,WQC0119
TOV2295-R,2295,TOV2295_R_P57,recal,139,0.11,2,63709444,WQC0119
TOV2295-R,2295,TOV2295_R_P57,recal,140,0.11,2,63709444,WQC0119
TOV2295-R,2295,TOV2295_R_P57,recal,141,0.11,2,63709444,WQC0119
TOV2295-R,2295,TOV2295_R_P57,recal,142,0.11,2,63709444,WQC0119
TOV2295-R,2295,TOV2295_R_P57,recal,143,0.1,2,63709444,WQC0119
TOV2295-R,2295,TOV2295_R_P57,recal,144,0.1,2,63709444,WQC0119
TOV2295-R,2295,TOV2295_R_P57,recal,145,0.1,2,63709444,WQC0119
TOV2295-R,2295,TOV2295_R_P57,recal,146,0.1,2,63709444,WQC0119
TOV2295-R,2295,TOV2295_R_P57,recal,147,0.1,2,63709444,WQC0119
TOV2295-R,2295,TOV2295_R_P57,recal,148,0.1,2,63709444,WQC0119
TOV2295-R,2295,TOV2295_R_P57,recal,149,0.1,2,63709444,WQC0119
TOV2295-R,2295,TOV2295_R_P57,recal,150,0.09,2,63709444,WQC0119
TOV2414,TOV2414,TOV2414_P65,md,0,1.0,2,63709951,WQC0124
TOV2414,TOV2414,TOV2414_P65,md,1,0.99,2,63709951,WQC0124
TOV2414,TOV2414,TOV2414_P65,md,2,0.99,2,63709951,WQC0124
TOV2414,TOV2414,TOV2414_P65,md,3,0.99,2,63709951,WQC0124
TOV2414,TOV2414,TOV2414_P65,md,4,0.98,2,63709951,WQC0124
TOV2414,TOV2414,TOV2414_P65,md,5,0.98,2,63709951,WQC0124
TOV2414,TOV2414,TOV2414_P65,md,6,0.98,2,63709951,WQC0124
TOV2414,TOV2414,TOV2414_P65,md,7,0.97,2,63709951,WQC0124
TOV2414,TOV2414,TOV2414_P65,md,8,0.97,2,63709951,WQC0124
TOV2414,TOV2414,TOV2414_P65,md,9,0.97,2,63709951,WQC0124
TOV2414,TOV2414,TOV2414_P65,md,10,0.96,2,63709951,WQC0124
TOV2414,TOV2414,TOV2414_P65,md,11,0.96,2,63709951,WQC0124
TOV2414,TOV2414,TOV2414_P65,md,12,0.96,2,63709951,WQC0124
TOV2414,TOV2414,TOV2414_P65,md,13,0.95,2,63709951,WQC0124
TOV2414,TOV2414,TOV2414_P65,md,14,0.95,2,63709951,WQC0124
TOV2414,TOV2414,TOV2414_P65,md,15,0.94,2,63709951,WQC0124
TOV2414,TOV2414,TOV2414_P65,md,16,0.94,2,63709951,WQC0124
TOV2414,TOV2414,TOV2414_P65,md,17,0.93,2,63709951,WQC0124
TOV2414,TOV2414,TOV2414_P65,md,18,0.93,2,63709951,WQC0124
TOV2414,TOV2414,TOV2414_P65,md,19,0.92,2,63709951,WQC0124
TOV2414,TOV2414,TOV2414_P65,md,20,0.92,2,63709951,WQC0124
TOV2414,TOV2414,TOV2414_P65,md,21,0.91,2,63709951,WQC0124
TOV2414,TOV2414,TOV2414_P65,md,22,0.9,2,63709951,WQC0124
TOV2414,TOV2414,TOV2414_P65,md,23,0.89,2,63709951,WQC0124
TOV2414,TOV2414,TOV2414_P65,md,24,0.88,2,63709951,WQC0124
TOV2414,TOV2414,TOV2414_P65,md,25,0.87,2,63709951,WQC0124
TOV2414,TOV2414,TOV2414_P65,md,26,0.87,2,63709951,WQC0124
TOV2414,TOV2414,TOV2414_P65,md,27,0.86,2,63709951,WQC0124
TOV2414,TOV2414,TOV2414_P65,md,28,0.85,2,63709951,WQC0124
TOV2414,TOV2414,TOV2414_P65,md,29,0.83,2,63709951,WQC0124
TOV2414,TOV2414,TOV2414_P65,md,30,0.82,2,63709951,WQC0124
TOV2414,TOV2414,TOV2414_P65,md,31,0.81,2,63709951,WQC0124
TOV2414,TOV2414,TOV2414_P65,md,32,0.8,2,63709951,WQC0124
TOV2414,TOV2414,TOV2414_P65,md,33,0.79,2,63709951,WQC0124
TOV2414,TOV2414,TOV2414_P65,md,34,0.78,2,63709951,WQC0124
TOV2414,TOV2414,TOV2414_P65,md,35,0.77,2,63709951,WQC0124
TOV2414,TOV2414,TOV2414_P65,md,36,0.75,2,63709951,WQC0124
TOV2414,TOV2414,TOV2414_P65,md,37,0.74,2,63709951,WQC0124
TOV2414,TOV2414,TOV2414_P65,md,38,0.73,2,63709951,WQC0124
TOV2414,TOV2414,TOV2414_P65,md,39,0.71,2,63709951,WQC0124
TOV2414,TOV2414,TOV2414_P65,md,40,0.7,2,63709951,WQC0124
TOV2414,TOV2414,TOV2414_P65,md,41,0.69,2,63709951,WQC0124
TOV2414,TOV2414,TOV2414_P65,md,42,0.68,2,63709951,WQC0124
TOV2414,TOV2414,TOV2414_P65,md,43,0.66,2,63709951,WQC0124
TOV2414,TOV2414,TOV2414_P65,md,44,0.65,2,63709951,WQC0124
TOV2414,TOV2414,TOV2414_P65,md,45,0.64,2,63709951,WQC0124
TOV2414,TOV2414,TOV2414_P65,md,46,0.62,2,63709951,WQC0124
TOV2414,TOV2414,TOV2414_P65,md,47,0.61,2,63709951,WQC0124
TOV2414,TOV2414,TOV2414_P65,md,48,0.6,2,63709951,WQC0124
TOV2414,TOV2414,TOV2414_P65,md,49,0.58,2,63709951,WQC0124
TOV2414,TOV2414,TOV2414_P65,md,50,0.57,2,63709951,WQC0124
TOV2414,TOV2414,TOV2414_P65,md,51,0.56,2,63709951,WQC0124
TOV2414,TOV2414,TOV2414_P65,md,52,0.54,2,63709951,WQC0124
TOV2414,TOV2414,TOV2414_P65,md,53,0.53,2,63709951,WQC0124
TOV2414,TOV2414,TOV2414_P65,md,54,0.52,2,63709951,WQC0124
TOV2414,TOV2414,TOV2414_P65,md,55,0.51,2,63709951,WQC0124
TOV2414,TOV2414,TOV2414_P65,md,56,0.49,2,63709951,WQC0124
TOV2414,TOV2414,TOV2414_P65,md,57,0.48,2,63709951,WQC0124
TOV2414,TOV2414,TOV2414_P65,md,58,0.47,2,63709951,WQC0124
TOV2414,TOV2414,TOV2414_P65,md,59,0.46,2,63709951,WQC0124
TOV2414,TOV2414,TOV2414_P65,md,60,0.45,2,63709951,WQC0124
TOV2414,TOV2414,TOV2414_P65,md,61,0.44,2,63709951,WQC0124
TOV2414,TOV2414,TOV2414_P65,md,62,0.43,2,63709951,WQC0124
TOV2414,TOV2414,TOV2414_P65,md,63,0.41,2,63709951,WQC0124
TOV2414,TOV2414,TOV2414_P65,md,64,0.4,2,63709951,WQC0124
TOV2414,TOV2414,TOV2414_P65,md,65,0.39,2,63709951,WQC0124
TOV2414,TOV2414,TOV2414_P65,md,66,0.38,2,63709951,WQC0124
TOV2414,TOV2414,TOV2414_P65,md,67,0.37,2,63709951,WQC0124
TOV2414,TOV2414,TOV2414_P65,md,68,0.36,2,63709951,WQC0124
TOV2414,TOV2414,TOV2414_P65,md,69,0.35,2,63709951,WQC0124
TOV2414,TOV2414,TOV2414_P65,md,70,0.34,2,63709951,WQC0124
TOV2414,TOV2414,TOV2414_P65,md,71,0.33,2,63709951,WQC0124
TOV2414,TOV2414,TOV2414_P65,md,72,0.33,2,63709951,WQC0124
TOV2414,TOV2414,TOV2414_P65,md,73,0.32,2,63709951,WQC0124
TOV2414,TOV2414,TOV2414_P65,md,74,0.31,2,63709951,WQC0124
TOV2414,TOV2414,TOV2414_P65,md,75,0.3,2,63709951,WQC0124
TOV2414,TOV2414,TOV2414_P65,md,76,0.29,2,63709951,WQC0124
TOV2414,TOV2414,TOV2414_P65,md,77,0.28,2,63709951,WQC0124
TOV2414,TOV2414,TOV2414_P65,md,78,0.28,2,63709951,WQC0124
TOV2414,TOV2414,TOV2414_P65,md,79,0.27,2,63709951,WQC0124
TOV2414,TOV2414,TOV2414_P65,md,80,0.26,2,63709951,WQC0124
TOV2414,TOV2414,TOV2414_P65,md,81,0.25,2,63709951,WQC0124
TOV2414,TOV2414,TOV2414_P65,md,82,0.25,2,63709951,WQC0124
TOV2414,TOV2414,TOV2414_P65,md,83,0.24,2,63709951,WQC0124
TOV2414,TOV2414,TOV2414_P65,md,84,0.23,2,63709951,WQC0124
TOV2414,TOV2414,TOV2414_P65,md,85,0.23,2,63709951,WQC0124
TOV2414,TOV2414,TOV2414_P65,md,86,0.22,2,63709951,WQC0124
TOV2414,TOV2414,TOV2414_P65,md,87,0.22,2,63709951,WQC0124
TOV2414,TOV2414,TOV2414_P65,md,88,0.21,2,63709951,WQC0124
TOV2414,TOV2414,TOV2414_P65,md,89,0.2,2,63709951,WQC0124
TOV2414,TOV2414,TOV2414_P65,md,90,0.2,2,63709951,WQC0124
TOV2414,TOV2414,TOV2414_P65,md,91,0.19,2,63709951,WQC0124
TOV2414,TOV2414,TOV2414_P65,md,92,0.19,2,63709951,WQC0124
TOV2414,TOV2414,TOV2414_P65,md,93,0.18,2,63709951,WQC0124
TOV2414,TOV2414,TOV2414_P65,md,94,0.18,2,63709951,WQC0124
TOV2414,TOV2414,TOV2414_P65,md,95,0.17,2,63709951,WQC0124
TOV2414,TOV2414,TOV2414_P65,md,96,0.17,2,63709951,WQC0124
TOV2414,TOV2414,TOV2414_P65,md,97,0.17,2,63709951,WQC0124
TOV2414,TOV2414,TOV2414_P65,md,98,0.16,2,63709951,WQC0124
TOV2414,TOV2414,TOV2414_P65,md,99,0.16,2,63709951,WQC0124
TOV2414,TOV2414,TOV2414_P65,md,100,0.15,2,63709951,WQC0124
TOV2414,TOV2414,TOV2414_P65,md,101,0.15,2,63709951,WQC0124
TOV2414,TOV2414,TOV2414_P65,md,102,0.15,2,63709951,WQC0124
TOV2414,TOV2414,TOV2414_P65,md,103,0.14,2,63709951,WQC0124
TOV2414,TOV2414,TOV2414_P65,md,104,0.14,2,63709951,WQC0124
TOV2414,TOV2414,TOV2414_P65,md,105,0.14,2,63709951,WQC0124
TOV2414,TOV2414,TOV2414_P65,md,106,0.13,2,63709951,WQC0124
TOV2414,TOV2414,TOV2414_P65,md,107,0.13,2,63709951,WQC0124
TOV2414,TOV2414,TOV2414_P65,md,108,0.13,2,63709951,WQC0124
TOV2414,TOV2414,TOV2414_P65,md,109,0.12,2,63709951,WQC0124
TOV2414,TOV2414,TOV2414_P65,md,110,0.12,2,63709951,WQC0124
TOV2414,TOV2414,TOV2414_P65,md,111,0.12,2,63709951,WQC0124
TOV2414,TOV2414,TOV2414_P65,md,112,0.12,2,63709951,WQC0124
TOV2414,TOV2414,TOV2414_P65,md,113,0.11,2,63709951,WQC0124
TOV2414,TOV2414,TOV2414_P65,md,114,0.11,2,63709951,WQC0124
TOV2414,TOV2414,TOV2414_P65,md,115,0.11,2,63709951,WQC0124
TOV2414,TOV2414,TOV2414_P65,md,116,0.11,2,63709951,WQC0124
TOV2414,TOV2414,TOV2414_P65,md,117,0.1,2,63709951,WQC0124
TOV2414,TOV2414,TOV2414_P65,md,118,0.1,2,63709951,WQC0124
TOV2414,TOV2414,TOV2414_P65,md,119,0.1,2,63709951,WQC0124
TOV2414,TOV2414,TOV2414_P65,md,120,0.1,2,63709951,WQC0124
TOV2414,TOV2414,TOV2414_P65,md,121,0.1,2,63709951,WQC0124
TOV2414,TOV2414,TOV2414_P65,md,122,0.09,2,63709951,WQC0124
TOV2414,TOV2414,TOV2414_P65,md,123,0.09,2,63709951,WQC0124
TOV2414,TOV2414,TOV2414_P65,md,124,0.09,2,63709951,WQC0124
TOV2414,TOV2414,TOV2414_P65,md,125,0.09,2,63709951,WQC0124
TOV2414,TOV2414,TOV2414_P65,md,126,0.09,2,63709951,WQC0124
TOV2414,TOV2414,TOV2414_P65,md,127,0.08,2,63709951,WQC0124
TOV2414,TOV2414,TOV2414_P65,md,128,0.08,2,63709951,WQC0124
TOV2414,TOV2414,TOV2414_P65,md,129,0.08,2,63709951,WQC0124
TOV2414,TOV2414,TOV2414_P65,md,130,0.08,2,63709951,WQC0124
TOV2414,TOV2414,TOV2414_P65,md,131,0.08,2,63709951,WQC0124
TOV2414,TOV2414,TOV2414_P65,md,132,0.08,2,63709951,WQC0124
TOV2414,TOV2414,TOV2414_P65,md,133,0.08,2,63709951,WQC0124
TOV2414,TOV2414,TOV2414_P65,md,134,0.07,2,63709951,WQC0124
TOV2414,TOV2414,TOV2414_P65,md,135,0.07,2,63709951,WQC0124
TOV2414,TOV2414,TOV2414_P65,md,136,0.07,2,63709951,WQC0124
TOV2414,TOV2414,TOV2414_P65,md,137,0.07,2,63709951,WQC0124
TOV2414,TOV2414,TOV2414_P65,md,138,0.07,2,63709951,WQC0124
TOV2414,TOV2414,TOV2414_P65,md,139,0.07,2,63709951,WQC0124
TOV2414,TOV2414,TOV2414_P65,md,140,0.07,2,63709951,WQC0124
TOV2414,TOV2414,TOV2414_P65,md,141,0.07,2,63709951,WQC0124
TOV2414,TOV2414,TOV2414_P65,md,142,0.07,2,63709951,WQC0124
TOV2414,TOV2414,TOV2414_P65,md,143,0.06,2,63709951,WQC0124
TOV2414,TOV2414,TOV2414_P65,md,144,0.06,2,63709951,WQC0124
TOV2414,TOV2414,TOV2414_P65,md,145,0.06,2,63709951,WQC0124
TOV2414,TOV2414,TOV2414_P65,md,146,0.06,2,63709951,WQC0124
TOV2414,TOV2414,TOV2414_P65,md,147,0.06,2,63709951,WQC0124
TOV2414,TOV2414,TOV2414_P65,md,148,0.06,2,63709951,WQC0124
TOV2414,TOV2414,TOV2414_P65,md,149,0.06,2,63709951,WQC0124
TOV2414,TOV2414,TOV2414_P65,md,150,0.06,2,63709951,WQC0124
TOV2414,TOV2414,TOV2414_P65,recal,0,1.0,2,63709444,WQC0127
TOV2414,TOV2414,TOV2414_P65,recal,1,0.99,2,63709444,WQC0127
TOV2414,TOV2414,TOV2414_P65,recal,2,0.99,2,63709444,WQC0127
TOV2414,TOV2414,TOV2414_P65,recal,3,0.99,2,63709444,WQC0127
TOV2414,TOV2414,TOV2414_P65,recal,4,0.98,2,63709444,WQC0127
TOV2414,TOV2414,TOV2414_P65,recal,5,0.98,2,63709444,WQC0127
TOV2414,TOV2414,TOV2414_P65,recal,6,0.98,2,63709444,WQC0127
TOV2414,TOV2414,TOV2414_P65,recal,7,0.97,2,63709444,WQC0127
TOV2414,TOV2414,TOV2414_P65,recal,8,0.97,2,63709444,WQC0127
TOV2414,TOV2414,TOV2414_P65,recal,9,0.97,2,63709444,WQC0127
TOV2414,TOV2414,TOV2414_P65,recal,10,0.96,2,63709444,WQC0127
TOV2414,TOV2414,TOV2414_P65,recal,11,0.96,2,63709444,WQC0127
TOV2414,TOV2414,TOV2414_P65,recal,12,0.96,2,63709444,WQC0127
TOV2414,TOV2414,TOV2414_P65,recal,13,0.95,2,63709444,WQC0127
TOV2414,TOV2414,TOV2414_P65,recal,14,0.95,2,63709444,WQC0127
TOV2414,TOV2414,TOV2414_P65,recal,15,0.94,2,63709444,WQC0127
TOV2414,TOV2414,TOV2414_P65,recal,16,0.94,2,63709444,WQC0127
TOV2414,TOV2414,TOV2414_P65,recal,17,0.93,2,63709444,WQC0127
TOV2414,TOV2414,TOV2414_P65,recal,18,0.93,2,63709444,WQC0127
TOV2414,TOV2414,TOV2414_P65,recal,19,0.92,2,63709444,WQC0127
TOV2414,TOV2414,TOV2414_P65,recal,20,0.92,2,63709444,WQC0127
TOV2414,TOV2414,TOV2414_P65,recal,21,0.91,2,63709444,WQC0127
TOV2414,TOV2414,TOV2414_P65,recal,22,0.9,2,63709444,WQC0127
TOV2414,TOV2414,TOV2414_P65,recal,23,0.89,2,63709444,WQC0127
TOV2414,TOV2414,TOV2414_P65,recal,24,0.88,2,63709444,WQC0127
TOV2414,TOV2414,TOV2414_P65,recal,25,0.87,2,63709444,WQC0127
TOV2414,TOV2414,TOV2414_P65,recal,26,0.87,2,63709444,WQC0127
TOV2414,TOV2414,TOV2414_P65,recal,27,0.86,2,63709444,WQC0127
TOV2414,TOV2414,TOV2414_P65,recal,28,0.85,2,63709444,WQC0127
TOV2414,TOV2414,TOV2414_P65,recal,29,0.83,2,63709444,WQC0127
TOV2414,TOV2414,TOV2414_P65,recal,30,0.82,2,63709444,WQC0127
TOV2414,TOV2414,TOV2414_P65,recal,31,0.81,2,63709444,WQC0127
TOV2414,TOV2414,TOV2414_P65,recal,32,0.8,2,63709444,WQC0127
TOV2414,TOV2414,TOV2414_P65,recal,33,0.79,2,63709444,WQC0127
TOV2414,TOV2414,TOV2414_P65,recal,34,0.78,2,63709444,WQC0127
TOV2414,TOV2414,TOV2414_P65,recal,35,0.77,2,63709444,WQC0127
TOV2414,TOV2414,TOV2414_P65,recal,36,0.75,2,63709444,WQC0127
TOV2414,TOV2414,TOV2414_P65,recal,37,0.74,2,63709444,WQC0127
TOV2414,TOV2414,TOV2414_P65,recal,38,0.73,2,63709444,WQC0127
TOV2414,TOV2414,TOV2414_P65,recal,39,0.71,2,63709444,WQC0127
TOV2414,TOV2414,TOV2414_P65,recal,40,0.7,2,63709444,WQC0127
TOV2414,TOV2414,TOV2414_P65,recal,41,0.69,2,63709444,WQC0127
TOV2414,TOV2414,TOV2414_P65,recal,42,0.68,2,63709444,WQC0127
TOV2414,TOV2414,TOV2414_P65,recal,43,0.66,2,63709444,WQC0127
TOV2414,TOV2414,TOV2414_P65,recal,44,0.65,2,63709444,WQC0127
TOV2414,TOV2414,TOV2414_P65,recal,45,0.64,2,63709444,WQC0127
TOV2414,TOV2414,TOV2414_P65,recal,46,0.62,2,63709444,WQC0127
TOV2414,TOV2414,TOV2414_P65,recal,47,0.61,2,63709444,WQC0127
TOV2414,TOV2414,TOV2414_P65,recal,48,0.6,2,63709444,WQC0127
TOV2414,TOV2414,TOV2414_P65,recal,49,0.58,2,63709444,WQC0127
TOV2414,TOV2414,TOV2414_P65,recal,50,0.57,2,63709444,WQC0127
TOV2414,TOV2414,TOV2414_P65,recal,51,0.56,2,63709444,WQC0127
TOV2414,TOV2414,TOV2414_P65,recal,52,0.54,2,63709444,WQC0127
TOV2414,TOV2414,TOV2414_P65,recal,53,0.53,2,63709444,WQC0127
TOV2414,TOV2414,TOV2414_P65,recal,54,0.52,2,63709444,WQC0127
TOV2414,TOV2414,TOV2414_P65,recal,55,0.51,2,63709444,WQC0127
TOV2414,TOV2414,TOV2414_P65,recal,56,0.49,2,63709444,WQC0127
TOV2414,TOV2414,TOV2414_P65,recal,57,0.48,2,63709444,WQC0127
TOV2414,TOV2414,TOV2414_P65,recal,58,0.47,2,63709444,WQC0127
TOV2414,TOV2414,TOV2414_P65,recal,59,0.46,2,63709444,WQC0127
TOV2414,TOV2414,TOV2414_P65,recal,60,0.45,2,63709444,WQC0127
TOV2414,TOV2414,TOV2414_P65,recal,61,0.44,2,63709444,WQC0127
TOV2414,TOV2414,TOV2414_P65,recal,62,0.43,2,63709444,WQC0127
TOV2414,TOV2414,TOV2414_P65,recal,63,0.41,2,63709444,WQC0127
TOV2414,TOV2414,TOV2414_P65,recal,64,0.4,2,63709444,WQC0127
TOV2414,TOV2414,TOV2414_P65,recal,65,0.39,2,63709444,WQC0127
TOV2414,TOV2414,TOV2414_P65,recal,66,0.38,2,63709444,WQC0127
TOV2414,TOV2414,TOV2414_P65,recal,67,0.37,2,63709444,WQC0127
TOV2414,TOV2414,TOV2414_P65,recal,68,0.36,2,63709444,WQC0127
TOV2414,TOV2414,TOV2414_P65,recal,69,0.35,2,63709444,WQC0127
TOV2414,TOV2414,TOV2414_P65,recal,70,0.34,2,63709444,WQC0127
TOV2414,TOV2414,TOV2414_P65,recal,71,0.33,2,63709444,WQC0127
TOV2414,TOV2414,TOV2414_P65,recal,72,0.33,2,63709444,WQC0127
TOV2414,TOV2414,TOV2414_P65,recal,73,0.32,2,63709444,WQC0127
TOV2414,TOV2414,TOV2414_P65,recal,74,0.31,2,63709444,WQC0127
TOV2414,TOV2414,TOV2414_P65,recal,75,0.3,2,63709444,WQC0127
TOV2414,TOV2414,TOV2414_P65,recal,76,0.29,2,63709444,WQC0127
TOV2414,TOV2414,TOV2414_P65,recal,77,0.28,2,63709444,WQC0127
TOV2414,TOV2414,TOV2414_P65,recal,78,0.28,2,63709444,WQC0127
TOV2414,TOV2414,TOV2414_P65,recal,79,0.27,2,63709444,WQC0127
TOV2414,TOV2414,TOV2414_P65,recal,80,0.26,2,63709444,WQC0127
TOV2414,TOV2414,TOV2414_P65,recal,81,0.25,2,63709444,WQC0127
TOV2414,TOV2414,TOV2414_P65,recal,82,0.25,2,63709444,WQC0127
TOV2414,TOV2414,TOV2414_P65,recal,83,0.24,2,63709444,WQC0127
TOV2414,TOV2414,TOV2414_P65,recal,84,0.23,2,63709444,WQC0127
TOV2414,TOV2414,TOV2414_P65,recal,85,0.23,2,63709444,WQC0127
TOV2414,TOV2414,TOV2414_P65,recal,86,0.22,2,63709444,WQC0127
TOV2414,TOV2414,TOV2414_P65,recal,87,0.22,2,63709444,WQC0127
TOV2414,TOV2414,TOV2414_P65,recal,88,0.21,2,63709444,WQC0127
TOV2414,TOV2414,TOV2414_P65,recal,89,0.2,2,63709444,WQC0127
TOV2414,TOV2414,TOV2414_P65,recal,90,0.2,2,63709444,WQC0127
TOV2414,TOV2414,TOV2414_P65,recal,91,0.19,2,63709444,WQC0127
TOV2414,TOV2414,TOV2414_P65,recal,92,0.19,2,63709444,WQC0127
TOV2414,TOV2414,TOV2414_P65,recal,93,0.18,2,63709444,WQC0127
TOV2414,TOV2414,TOV2414_P65,recal,94,0.18,2,63709444,WQC0127
TOV2414,TOV2414,TOV2414_P65,recal,95,0.17,2,63709444,WQC0127
TOV2414,TOV2414,TOV2414_P65,recal,96,0.17,2,63709444,WQC0127
TOV2414,TOV2414,TOV2414_P65,recal,97,0.17,2,63709444,WQC0127
TOV2414,TOV2414,TOV2414_P65,recal,98,0.16,2,63709444,WQC0127
TOV2414,TOV2414,TOV2414_P65,recal,99,0.16,2,63709444,WQC0127
TOV2414,TOV2414,TOV2414_P65,recal,100,0.15,2,63709444,WQC0127
TOV2414,TOV2414,TOV2414_P65,recal,101,0.15,2,63709444,WQC0127
TOV2414,TOV2414,TOV2414_P65,recal,102,0.15,2,63709444,WQC0127
TOV2414,TOV2414,TOV2414_P65,recal,103,0.14,2,63709444,WQC0127
TOV2414,TOV2414,TOV2414_P65,recal,104,0.14,2,63709444,WQC0127
TOV2414,TOV2414,TOV2414_P65,recal,105,0.14,2,63709444,WQC0127
TOV2414,TOV2414,TOV2414_P65,recal,106,0.13,2,63709444,WQC0127
TOV2414,TOV2414,TOV2414_P65,recal,107,0.13,2,63709444,WQC0127
TOV2414,TOV2414,TOV2414_P65,recal,108,0.13,2,63709444,WQC0127
TOV2414,TOV2414,TOV2414_P65,recal,109,0.12,2,63709444,WQC0127
TOV2414,TOV2414,TOV2414_P65,recal,110,0.12,2,63709444,WQC0127
TOV2414,TOV2414,TOV2414_P65,recal,111,0.12,2,63709444,WQC0127
TOV2414,TOV2414,TOV2414_P65,recal,112,0.12,2,63709444,WQC0127
TOV2414,TOV2414,TOV2414_P65,recal,113,0.11,2,63709444,WQC0127
TOV2414,TOV2414,TOV2414_P65,recal,114,0.11,2,63709444,WQC0127
TOV2414,TOV2414,TOV2414_P65,recal,115,0.11,2,63709444,WQC0127
TOV2414,TOV2414,TOV2414_P65,recal,116,0.11,2,63709444,WQC0127
TOV2414,TOV2414,TOV2414_P65,recal,117,0.1,2,63709444,WQC0127
TOV2414,TOV2414,TOV2414_P65,recal,118,0.1,2,63709444,WQC0127
TOV2414,TOV2414,TOV2414_P65,recal,119,0.1,2,63709444,WQC0127
TOV2414,TOV2414,TOV2414_P65,recal,120,0.1,2,63709444,WQC0127
TOV2414,TOV2414,TOV2414_P65,recal,121,0.1,2,63709444,WQC0127
TOV2414,TOV2414,TOV2414_P65,recal,122,0.09,2,63709444,WQC0127
TOV2414,TOV2414,TOV2414_P65,recal,123,0.09,2,63709444,WQC0127
TOV2414,TOV2414,TOV2414_P65,recal,124,0.09,2,63709444,WQC0127
TOV2414,TOV2414,TOV2414_P65,recal,125,0.09,2,63709444,WQC0127
TOV2414,TOV2414,TOV2414_P65,recal,126,0.09,2,63709444,WQC0127
TOV2414,TOV2414,TOV2414_P65,recal,127,0.08,2,63709444,WQC0127
TOV2414,TOV2414,TOV2414_P65,recal,128,0.08,2,63709444,WQC0127
TOV2414,TOV2414,TOV2414_P65,recal,129,0.08,2,63709444,WQC0127
TOV2414,TOV2414,TOV2414_P65,recal,130,0.08,2,63709444,WQC0127
TOV2414,TOV2414,TOV2414_P65,recal,131,0.08,2,63709444,WQC0127
TOV2414,TOV2414,TOV2414_P65,recal,132,0.08,2,63709444,WQC0127
TOV2414,TOV2414,TOV2414_P65,recal,133,0.08,2,63709444,WQC0127
TOV2414,TOV2414,TOV2414_P65,recal,134,0.07,2,63709444,WQC0127
TOV2414,TOV2414,TOV2414_P65,recal,135,0.07,2,63709444,WQC0127
TOV2414,TOV2414,TOV2414_P65,recal,136,0.07,2,63709444,WQC0127
TOV2414,TOV2414,TOV2414_P65,recal,137,0.07,2,63709444,WQC0127
TOV2414,TOV2414,TOV2414_P65,recal,138,0.07,2,63709444,WQC0127
TOV2414,TOV2414,TOV2414_P65,recal,139,0.07,2,63709444,WQC0127
TOV2414,TOV2414,TOV2414_P65,recal,140,0.07,2,63709444,WQC0127
TOV2414,TOV2414,TOV2414_P65,recal,141,0.07,2,63709444,WQC0127
TOV2414,TOV2414,TOV2414_P65,recal,142,0.07,2,63709444,WQC0127
TOV2414,TOV2414,TOV2414_P65,recal,143,0.06,2,63709444,WQC0127
TOV2414,TOV2414,TOV2414_P65,recal,144,0.06,2,63709444,WQC0127
TOV2414,TOV2414,TOV2414_P65,recal,145,0.06,2,63709444,WQC0127
TOV2414,TOV2414,TOV2414_P65,recal,146,0.06,2,63709444,WQC0127
TOV2414,TOV2414,TOV2414_P65,recal,147,0.06,2,63709444,WQC0127
TOV2414,TOV2414,TOV2414_P65,recal,148,0.06,2,63709444,WQC0127
TOV2414,TOV2414,TOV2414_P65,recal,149,0.06,2,63709444,WQC0127
TOV2414,TOV2414,TOV2414_P65,recal,150,0.06,2,63709444,WQC0127
TOV2835EP,TOV2835EP,TOV2835EP_P64,md,0,1.0,2,63709951,WQC0132
TOV2835EP,TOV2835EP,TOV2835EP_P64,md,1,0.99,2,63709951,WQC0132
TOV2835EP,TOV2835EP,TOV2835EP_P64,md,2,0.99,2,63709951,WQC0132
TOV2835EP,TOV2835EP,TOV2835EP_P64,md,3,0.99,2,63709951,WQC0132
TOV2835EP,TOV2835EP,TOV2835EP_P64,md,4,0.98,2,63709951,WQC0132
TOV2835EP,TOV2835EP,TOV2835EP_P64,md,5,0.98,2,63709951,WQC0132
TOV2835EP,TOV2835EP,TOV2835EP_P64,md,6,0.97,2,63709951,WQC0132
TOV2835EP,TOV2835EP,TOV2835EP_P64,md,7,0.97,2,63709951,WQC0132
TOV2835EP,TOV2835EP,TOV2835EP_P64,md,8,0.96,2,63709951,WQC0132
TOV2835EP,TOV2835EP,TOV2835EP_P64,md,9,0.96,2,63709951,WQC0132
TOV2835EP,TOV2835EP,TOV2835EP_P64,md,10,0.95,2,63709951,WQC0132
TOV2835EP,TOV2835EP,TOV2835EP_P64,md,11,0.95,2,63709951,WQC0132
TOV2835EP,TOV2835EP,TOV2835EP_P64,md,12,0.94,2,63709951,WQC0132
TOV2835EP,TOV2835EP,TOV2835EP_P64,md,13,0.93,2,63709951,WQC0132
TOV2835EP,TOV2835EP,TOV2835EP_P64,md,14,0.92,2,63709951,WQC0132
TOV2835EP,TOV2835EP,TOV2835EP_P64,md,15,0.92,2,63709951,WQC0132
TOV2835EP,TOV2835EP,TOV2835EP_P64,md,16,0.91,2,63709951,WQC0132
TOV2835EP,TOV2835EP,TOV2835EP_P64,md,17,0.9,2,63709951,WQC0132
TOV2835EP,TOV2835EP,TOV2835EP_P64,md,18,0.89,2,63709951,WQC0132
TOV2835EP,TOV2835EP,TOV2835EP_P64,md,19,0.88,2,63709951,WQC0132
TOV2835EP,TOV2835EP,TOV2835EP_P64,md,20,0.87,2,63709951,WQC0132
TOV2835EP,TOV2835EP,TOV2835EP_P64,md,21,0.86,2,63709951,WQC0132
TOV2835EP,TOV2835EP,TOV2835EP_P64,md,22,0.85,2,63709951,WQC0132
TOV2835EP,TOV2835EP,TOV2835EP_P64,md,23,0.84,2,63709951,WQC0132
TOV2835EP,TOV2835EP,TOV2835EP_P64,md,24,0.83,2,63709951,WQC0132
TOV2835EP,TOV2835EP,TOV2835EP_P64,md,25,0.82,2,63709951,WQC0132
TOV2835EP,TOV2835EP,TOV2835EP_P64,md,26,0.81,2,63709951,WQC0132
TOV2835EP,TOV2835EP,TOV2835EP_P64,md,27,0.8,2,63709951,WQC0132
TOV2835EP,TOV2835EP,TOV2835EP_P64,md,28,0.79,2,63709951,WQC0132
TOV2835EP,TOV2835EP,TOV2835EP_P64,md,29,0.78,2,63709951,WQC0132
TOV2835EP,TOV2835EP,TOV2835EP_P64,md,30,0.77,2,63709951,WQC0132
TOV2835EP,TOV2835EP,TOV2835EP_P64,md,31,0.76,2,63709951,WQC0132
TOV2835EP,TOV2835EP,TOV2835EP_P64,md,32,0.75,2,63709951,WQC0132
TOV2835EP,TOV2835EP,TOV2835EP_P64,md,33,0.74,2,63709951,WQC0132
TOV2835EP,TOV2835EP,TOV2835EP_P64,md,34,0.72,2,63709951,WQC0132
TOV2835EP,TOV2835EP,TOV2835EP_P64,md,35,0.71,2,63709951,WQC0132
TOV2835EP,TOV2835EP,TOV2835EP_P64,md,36,0.7,2,63709951,WQC0132
TOV2835EP,TOV2835EP,TOV2835EP_P64,md,37,0.69,2,63709951,WQC0132
TOV2835EP,TOV2835EP,TOV2835EP_P64,md,38,0.68,2,63709951,WQC0132
TOV2835EP,TOV2835EP,TOV2835EP_P64,md,39,0.67,2,63709951,WQC0132
TOV2835EP,TOV2835EP,TOV2835EP_P64,md,40,0.66,2,63709951,WQC0132
TOV2835EP,TOV2835EP,TOV2835EP_P64,md,41,0.65,2,63709951,WQC0132
TOV2835EP,TOV2835EP,TOV2835EP_P64,md,42,0.64,2,63709951,WQC0132
TOV2835EP,TOV2835EP,TOV2835EP_P64,md,43,0.63,2,63709951,WQC0132
TOV2835EP,TOV2835EP,TOV2835EP_P64,md,44,0.62,2,63709951,WQC0132
TOV2835EP,TOV2835EP,TOV2835EP_P64,md,45,0.61,2,63709951,WQC0132
TOV2835EP,TOV2835EP,TOV2835EP_P64,md,46,0.6,2,63709951,WQC0132
TOV2835EP,TOV2835EP,TOV2835EP_P64,md,47,0.59,2,63709951,WQC0132
TOV2835EP,TOV2835EP,TOV2835EP_P64,md,48,0.58,2,63709951,WQC0132
TOV2835EP,TOV2835EP,TOV2835EP_P64,md,49,0.57,2,63709951,WQC0132
TOV2835EP,TOV2835EP,TOV2835EP_P64,md,50,0.56,2,63709951,WQC0132
TOV2835EP,TOV2835EP,TOV2835EP_P64,md,51,0.55,2,63709951,WQC0132
TOV2835EP,TOV2835EP,TOV2835EP_P64,md,52,0.54,2,63709951,WQC0132
TOV2835EP,TOV2835EP,TOV2835EP_P64,md,53,0.53,2,63709951,WQC0132
TOV2835EP,TOV2835EP,TOV2835EP_P64,md,54,0.52,2,63709951,WQC0132
TOV2835EP,TOV2835EP,TOV2835EP_P64,md,55,0.52,2,63709951,WQC0132
TOV2835EP,TOV2835EP,TOV2835EP_P64,md,56,0.51,2,63709951,WQC0132
TOV2835EP,TOV2835EP,TOV2835EP_P64,md,57,0.5,2,63709951,WQC0132
TOV2835EP,TOV2835EP,TOV2835EP_P64,md,58,0.49,2,63709951,WQC0132
TOV2835EP,TOV2835EP,TOV2835EP_P64,md,59,0.48,2,63709951,WQC0132
TOV2835EP,TOV2835EP,TOV2835EP_P64,md,60,0.47,2,63709951,WQC0132
TOV2835EP,TOV2835EP,TOV2835EP_P64,md,61,0.46,2,63709951,WQC0132
TOV2835EP,TOV2835EP,TOV2835EP_P64,md,62,0.46,2,63709951,WQC0132
TOV2835EP,TOV2835EP,TOV2835EP_P64,md,63,0.45,2,63709951,WQC0132
TOV2835EP,TOV2835EP,TOV2835EP_P64,md,64,0.44,2,63709951,WQC0132
TOV2835EP,TOV2835EP,TOV2835EP_P64,md,65,0.43,2,63709951,WQC0132
TOV2835EP,TOV2835EP,TOV2835EP_P64,md,66,0.43,2,63709951,WQC0132
TOV2835EP,TOV2835EP,TOV2835EP_P64,md,67,0.42,2,63709951,WQC0132
TOV2835EP,TOV2835EP,TOV2835EP_P64,md,68,0.41,2,63709951,WQC0132
TOV2835EP,TOV2835EP,TOV2835EP_P64,md,69,0.4,2,63709951,WQC0132
TOV2835EP,TOV2835EP,TOV2835EP_P64,md,70,0.4,2,63709951,WQC0132
TOV2835EP,TOV2835EP,TOV2835EP_P64,md,71,0.39,2,63709951,WQC0132
TOV2835EP,TOV2835EP,TOV2835EP_P64,md,72,0.38,2,63709951,WQC0132
TOV2835EP,TOV2835EP,TOV2835EP_P64,md,73,0.38,2,63709951,WQC0132
TOV2835EP,TOV2835EP,TOV2835EP_P64,md,74,0.37,2,63709951,WQC0132
TOV2835EP,TOV2835EP,TOV2835EP_P64,md,75,0.36,2,63709951,WQC0132
TOV2835EP,TOV2835EP,TOV2835EP_P64,md,76,0.36,2,63709951,WQC0132
TOV2835EP,TOV2835EP,TOV2835EP_P64,md,77,0.35,2,63709951,WQC0132
TOV2835EP,TOV2835EP,TOV2835EP_P64,md,78,0.34,2,63709951,WQC0132
TOV2835EP,TOV2835EP,TOV2835EP_P64,md,79,0.34,2,63709951,WQC0132
TOV2835EP,TOV2835EP,TOV2835EP_P64,md,80,0.33,2,63709951,WQC0132
TOV2835EP,TOV2835EP,TOV2835EP_P64,md,81,0.33,2,63709951,WQC0132
TOV2835EP,TOV2835EP,TOV2835EP_P64,md,82,0.32,2,63709951,WQC0132
TOV2835EP,TOV2835EP,TOV2835EP_P64,md,83,0.31,2,63709951,WQC0132
TOV2835EP,TOV2835EP,TOV2835EP_P64,md,84,0.31,2,63709951,WQC0132
TOV2835EP,TOV2835EP,TOV2835EP_P64,md,85,0.3,2,63709951,WQC0132
TOV2835EP,TOV2835EP,TOV2835EP_P64,md,86,0.3,2,63709951,WQC0132
TOV2835EP,TOV2835EP,TOV2835EP_P64,md,87,0.29,2,63709951,WQC0132
TOV2835EP,TOV2835EP,TOV2835EP_P64,md,88,0.29,2,63709951,WQC0132
TOV2835EP,TOV2835EP,TOV2835EP_P64,md,89,0.28,2,63709951,WQC0132
TOV2835EP,TOV2835EP,TOV2835EP_P64,md,90,0.28,2,63709951,WQC0132
TOV2835EP,TOV2835EP,TOV2835EP_P64,md,91,0.27,2,63709951,WQC0132
TOV2835EP,TOV2835EP,TOV2835EP_P64,md,92,0.27,2,63709951,WQC0132
TOV2835EP,TOV2835EP,TOV2835EP_P64,md,93,0.26,2,63709951,WQC0132
TOV2835EP,TOV2835EP,TOV2835EP_P64,md,94,0.26,2,63709951,WQC0132
TOV2835EP,TOV2835EP,TOV2835EP_P64,md,95,0.25,2,63709951,WQC0132
TOV2835EP,TOV2835EP,TOV2835EP_P64,md,96,0.25,2,63709951,WQC0132
TOV2835EP,TOV2835EP,TOV2835EP_P64,md,97,0.25,2,63709951,WQC0132
TOV2835EP,TOV2835EP,TOV2835EP_P64,md,98,0.24,2,63709951,WQC0132
TOV2835EP,TOV2835EP,TOV2835EP_P64,md,99,0.24,2,63709951,WQC0132
TOV2835EP,TOV2835EP,TOV2835EP_P64,md,100,0.23,2,63709951,WQC0132
TOV2835EP,TOV2835EP,TOV2835EP_P64,md,101,0.23,2,63709951,WQC0132
TOV2835EP,TOV2835EP,TOV2835EP_P64,md,102,0.23,2,63709951,WQC0132
TOV2835EP,TOV2835EP,TOV2835EP_P64,md,103,0.22,2,63709951,WQC0132
TOV2835EP,TOV2835EP,TOV2835EP_P64,md,104,0.22,2,63709951,WQC0132
TOV2835EP,TOV2835EP,TOV2835EP_P64,md,105,0.21,2,63709951,WQC0132
TOV2835EP,TOV2835EP,TOV2835EP_P64,md,106,0.21,2,63709951,WQC0132
TOV2835EP,TOV2835EP,TOV2835EP_P64,md,107,0.21,2,63709951,WQC0132
TOV2835EP,TOV2835EP,TOV2835EP_P64,md,108,0.2,2,63709951,WQC0132
TOV2835EP,TOV2835EP,TOV2835EP_P64,md,109,0.2,2,63709951,WQC0132
TOV2835EP,TOV2835EP,TOV2835EP_P64,md,110,0.2,2,63709951,WQC0132
TOV2835EP,TOV2835EP,TOV2835EP_P64,md,111,0.19,2,63709951,WQC0132
TOV2835EP,TOV2835EP,TOV2835EP_P64,md,112,0.19,2,63709951,WQC0132
TOV2835EP,TOV2835EP,TOV2835EP_P64,md,113,0.19,2,63709951,WQC0132
TOV2835EP,TOV2835EP,TOV2835EP_P64,md,114,0.18,2,63709951,WQC0132
TOV2835EP,TOV2835EP,TOV2835EP_P64,md,115,0.18,2,63709951,WQC0132
TOV2835EP,TOV2835EP,TOV2835EP_P64,md,116,0.18,2,63709951,WQC0132
TOV2835EP,TOV2835EP,TOV2835EP_P64,md,117,0.18,2,63709951,WQC0132
TOV2835EP,TOV2835EP,TOV2835EP_P64,md,118,0.17,2,63709951,WQC0132
TOV2835EP,TOV2835EP,TOV2835EP_P64,md,119,0.17,2,63709951,WQC0132
TOV2835EP,TOV2835EP,TOV2835EP_P64,md,120,0.17,2,63709951,WQC0132
TOV2835EP,TOV2835EP,TOV2835EP_P64,md,121,0.17,2,63709951,WQC0132
TOV2835EP,TOV2835EP,TOV2835EP_P64,md,122,0.16,2,63709951,WQC0132
TOV2835EP,TOV2835EP,TOV2835EP_P64,md,123,0.16,2,63709951,WQC0132
TOV2835EP,TOV2835EP,TOV2835EP_P64,md,124,0.16,2,63709951,WQC0132
TOV2835EP,TOV2835EP,TOV2835EP_P64,md,125,0.16,2,63709951,WQC0132
TOV2835EP,TOV2835EP,TOV2835EP_P64,md,126,0.15,2,63709951,WQC0132
TOV2835EP,TOV2835EP,TOV2835EP_P64,md,127,0.15,2,63709951,WQC0132
TOV2835EP,TOV2835EP,TOV2835EP_P64,md,128,0.15,2,63709951,WQC0132
TOV2835EP,TOV2835EP,TOV2835EP_P64,md,129,0.15,2,63709951,WQC0132
TOV2835EP,TOV2835EP,TOV2835EP_P64,md,130,0.14,2,63709951,WQC0132
TOV2835EP,TOV2835EP,TOV2835EP_P64,md,131,0.14,2,63709951,WQC0132
TOV2835EP,TOV2835EP,TOV2835EP_P64,md,132,0.14,2,63709951,WQC0132
TOV2835EP,TOV2835EP,TOV2835EP_P64,md,133,0.14,2,63709951,WQC0132
TOV2835EP,TOV2835EP,TOV2835EP_P64,md,134,0.14,2,63709951,WQC0132
TOV2835EP,TOV2835EP,TOV2835EP_P64,md,135,0.13,2,63709951,WQC0132
TOV2835EP,TOV2835EP,TOV2835EP_P64,md,136,0.13,2,63709951,WQC0132
TOV2835EP,TOV2835EP,TOV2835EP_P64,md,137,0.13,2,63709951,WQC0132
TOV2835EP,TOV2835EP,TOV2835EP_P64,md,138,0.13,2,63709951,WQC0132
TOV2835EP,TOV2835EP,TOV2835EP_P64,md,139,0.13,2,63709951,WQC0132
TOV2835EP,TOV2835EP,TOV2835EP_P64,md,140,0.12,2,63709951,WQC0132
TOV2835EP,TOV2835EP,TOV2835EP_P64,md,141,0.12,2,63709951,WQC0132
TOV2835EP,TOV2835EP,TOV2835EP_P64,md,142,0.12,2,63709951,WQC0132
TOV2835EP,TOV2835EP,TOV2835EP_P64,md,143,0.12,2,63709951,WQC0132
TOV2835EP,TOV2835EP,TOV2835EP_P64,md,144,0.12,2,63709951,WQC0132
TOV2835EP,TOV2835EP,TOV2835EP_P64,md,145,0.12,2,63709951,WQC0132
TOV2835EP,TOV2835EP,TOV2835EP_P64,md,146,0.11,2,63709951,WQC0132
TOV2835EP,TOV2835EP,TOV2835EP_P64,md,147,0.11,2,63709951,WQC0132
TOV2835EP,TOV2835EP,TOV2835EP_P64,md,148,0.11,2,63709951,WQC0132
TOV2835EP,TOV2835EP,TOV2835EP_P64,md,149,0.11,2,63709951,WQC0132
TOV2835EP,TOV2835EP,TOV2835EP_P64,md,150,0.11,2,63709951,WQC0132
TOV2835EP,TOV2835EP,TOV2835EP_P64,recal,0,1.0,2,63709444,WQC0135
TOV2835EP,TOV2835EP,TOV2835EP_P64,recal,1,0.99,2,63709444,WQC0135
TOV2835EP,TOV2835EP,TOV2835EP_P64,recal,2,0.99,2,63709444,WQC0135
TOV2835EP,TOV2835EP,TOV2835EP_P64,recal,3,0.99,2,63709444,WQC0135
TOV2835EP,TOV2835EP,TOV2835EP_P64,recal,4,0.98,2,63709444,WQC0135
TOV2835EP,TOV2835EP,TOV2835EP_P64,recal,5,0.98,2,63709444,WQC0135
TOV2835EP,TOV2835EP,TOV2835EP_P64,recal,6,0.97,2,63709444,WQC0135
TOV2835EP,TOV2835EP,TOV2835EP_P64,recal,7,0.97,2,63709444,WQC0135
TOV2835EP,TOV2835EP,TOV2835EP_P64,recal,8,0.96,2,63709444,WQC0135
TOV2835EP,TOV2835EP,TOV2835EP_P64,recal,9,0.96,2,63709444,WQC0135
TOV2835EP,TOV2835EP,TOV2835EP_P64,recal,10,0.95,2,63709444,WQC0135
TOV2835EP,TOV2835EP,TOV2835EP_P64,recal,11,0.95,2,63709444,WQC0135
TOV2835EP,TOV2835EP,TOV2835EP_P64,recal,12,0.94,2,63709444,WQC0135
TOV2835EP,TOV2835EP,TOV2835EP_P64,recal,13,0.93,2,63709444,WQC0135
TOV2835EP,TOV2835EP,TOV2835EP_P64,recal,14,0.92,2,63709444,WQC0135
TOV2835EP,TOV2835EP,TOV2835EP_P64,recal,15,0.92,2,63709444,WQC0135
TOV2835EP,TOV2835EP,TOV2835EP_P64,recal,16,0.91,2,63709444,WQC0135
TOV2835EP,TOV2835EP,TOV2835EP_P64,recal,17,0.9,2,63709444,WQC0135
TOV2835EP,TOV2835EP,TOV2835EP_P64,recal,18,0.89,2,63709444,WQC0135
TOV2835EP,TOV2835EP,TOV2835EP_P64,recal,19,0.88,2,63709444,WQC0135
TOV2835EP,TOV2835EP,TOV2835EP_P64,recal,20,0.87,2,63709444,WQC0135
TOV2835EP,TOV2835EP,TOV2835EP_P64,recal,21,0.86,2,63709444,WQC0135
TOV2835EP,TOV2835EP,TOV2835EP_P64,recal,22,0.85,2,63709444,WQC0135
TOV2835EP,TOV2835EP,TOV2835EP_P64,recal,23,0.84,2,63709444,WQC0135
TOV2835EP,TOV2835EP,TOV2835EP_P64,recal,24,0.83,2,63709444,WQC0135
TOV2835EP,TOV2835EP,TOV2835EP_P64,recal,25,0.82,2,63709444,WQC0135
TOV2835EP,TOV2835EP,TOV2835EP_P64,recal,26,0.81,2,63709444,WQC0135
TOV2835EP,TOV2835EP,TOV2835EP_P64,recal,27,0.8,2,63709444,WQC0135
TOV2835EP,TOV2835EP,TOV2835EP_P64,recal,28,0.79,2,63709444,WQC0135
TOV2835EP,TOV2835EP,TOV2835EP_P64,recal,29,0.78,2,63709444,WQC0135
TOV2835EP,TOV2835EP,TOV2835EP_P64,recal,30,0.77,2,63709444,WQC0135
TOV2835EP,TOV2835EP,TOV2835EP_P64,recal,31,0.76,2,63709444,WQC0135
TOV2835EP,TOV2835EP,TOV2835EP_P64,recal,32,0.75,2,63709444,WQC0135
TOV2835EP,TOV2835EP,TOV2835EP_P64,recal,33,0.74,2,63709444,WQC0135
TOV2835EP,TOV2835EP,TOV2835EP_P64,recal,34,0.72,2,63709444,WQC0135
TOV2835EP,TOV2835EP,TOV2835EP_P64,recal,35,0.71,2,63709444,WQC0135
TOV2835EP,TOV2835EP,TOV2835EP_P64,recal,36,0.7,2,63709444,WQC0135
TOV2835EP,TOV2835EP,TOV2835EP_P64,recal,37,0.69,2,63709444,WQC0135
TOV2835EP,TOV2835EP,TOV2835EP_P64,recal,38,0.68,2,63709444,WQC0135
TOV2835EP,TOV2835EP,TOV2835EP_P64,recal,39,0.67,2,63709444,WQC0135
TOV2835EP,TOV2835EP,TOV2835EP_P64,recal,40,0.66,2,63709444,WQC0135
TOV2835EP,TOV2835EP,TOV2835EP_P64,recal,41,0.65,2,63709444,WQC0135
TOV2835EP,TOV2835EP,TOV2835EP_P64,recal,42,0.64,2,63709444,WQC0135
TOV2835EP,TOV2835EP,TOV2835EP_P64,recal,43,0.63,2,63709444,WQC0135
TOV2835EP,TOV2835EP,TOV2835EP_P64,recal,44,0.62,2,63709444,WQC0135
TOV2835EP,TOV2835EP,TOV2835EP_P64,recal,45,0.61,2,63709444,WQC0135
TOV2835EP,TOV2835EP,TOV2835EP_P64,recal,46,0.6,2,63709444,WQC0135
TOV2835EP,TOV2835EP,TOV2835EP_P64,recal,47,0.59,2,63709444,WQC0135
TOV2835EP,TOV2835EP,TOV2835EP_P64,recal,48,0.58,2,63709444,WQC0135
TOV2835EP,TOV2835EP,TOV2835EP_P64,recal,49,0.57,2,63709444,WQC0135
TOV2835EP,TOV2835EP,TOV2835EP_P64,recal,50,0.56,2,63709444,WQC0135
TOV2835EP,TOV2835EP,TOV2835EP_P64,recal,51,0.55,2,63709444,WQC0135
TOV2835EP,TOV2835EP,TOV2835EP_P64,recal,52,0.54,2,63709444,WQC0135
TOV2835EP,TOV2835EP,TOV2835EP_P64,recal,53,0.53,2,63709444,WQC0135
TOV2835EP,TOV2835EP,TOV2835EP_P64,recal,54,0.52,2,63709444,WQC0135
TOV2835EP,TOV2835EP,TOV2835EP_P64,recal,55,0.52,2,63709444,WQC0135
TOV2835EP,TOV2835EP,TOV2835EP_P64,recal,56,0.51,2,63709444,WQC0135
TOV2835EP,TOV2835EP,TOV2835EP_P64,recal,57,0.5,2,63709444,WQC0135
TOV2835EP,TOV2835EP,TOV2835EP_P64,recal,58,0.49,2,63709444,WQC0135
TOV2835EP,TOV2835EP,TOV2835EP_P64,recal,59,0.48,2,63709444,WQC0135
TOV2835EP,TOV2835EP,TOV2835EP_P64,recal,60,0.47,2,63709444,WQC0135
TOV2835EP,TOV2835EP,TOV2835EP_P64,recal,61,0.46,2,63709444,WQC0135
TOV2835EP,TOV2835EP,TOV2835EP_P64,recal,62,0.46,2,63709444,WQC0135
TOV2835EP,TOV2835EP,TOV2835EP_P64,recal,63,0.45,2,63709444,WQC0135
TOV2835EP,TOV2835EP,TOV2835EP_P64,recal,64,0.44,2,63709444,WQC0135
TOV2835EP,TOV2835EP,TOV2835EP_P64,recal,65,0.43,2,63709444,WQC0135
TOV2835EP,TOV2835EP,TOV2835EP_P64,recal,66,0.43,2,63709444,WQC0135
TOV2835EP,TOV2835EP,TOV2835EP_P64,recal,67,0.42,2,63709444,WQC0135
TOV2835EP,TOV2835EP,TOV2835EP_P64,recal,68,0.41,2,63709444,WQC0135
TOV2835EP,TOV2835EP,TOV2835EP_P64,recal,69,0.4,2,63709444,WQC0135
TOV2835EP,TOV2835EP,TOV2835EP_P64,recal,70,0.4,2,63709444,WQC0135
TOV2835EP,TOV2835EP,TOV2835EP_P64,recal,71,0.39,2,63709444,WQC0135
TOV2835EP,TOV2835EP,TOV2835EP_P64,recal,72,0.38,2,63709444,WQC0135
TOV2835EP,TOV2835EP,TOV2835EP_P64,recal,73,0.38,2,63709444,WQC0135
TOV2835EP,TOV2835EP,TOV2835EP_P64,recal,74,0.37,2,63709444,WQC0135
TOV2835EP,TOV2835EP,TOV2835EP_P64,recal,75,0.36,2,63709444,WQC0135
TOV2835EP,TOV2835EP,TOV2835EP_P64,recal,76,0.36,2,63709444,WQC0135
TOV2835EP,TOV2835EP,TOV2835EP_P64,recal,77,0.35,2,63709444,WQC0135
TOV2835EP,TOV2835EP,TOV2835EP_P64,recal,78,0.34,2,63709444,WQC0135
TOV2835EP,TOV2835EP,TOV2835EP_P64,recal,79,0.34,2,63709444,WQC0135
TOV2835EP,TOV2835EP,TOV2835EP_P64,recal,80,0.33,2,63709444,WQC0135
TOV2835EP,TOV2835EP,TOV2835EP_P64,recal,81,0.33,2,63709444,WQC0135
TOV2835EP,TOV2835EP,TOV2835EP_P64,recal,82,0.32,2,63709444,WQC0135
TOV2835EP,TOV2835EP,TOV2835EP_P64,recal,83,0.31,2,63709444,WQC0135
TOV2835EP,TOV2835EP,TOV2835EP_P64,recal,84,0.31,2,63709444,WQC0135
TOV2835EP,TOV2835EP,TOV2835EP_P64,recal,85,0.3,2,63709444,WQC0135
TOV2835EP,TOV2835EP,TOV2835EP_P64,recal,86,0.3,2,63709444,WQC0135
TOV2835EP,TOV2835EP,TOV2835EP_P64,recal,87,0.29,2,63709444,WQC0135
TOV2835EP,TOV2835EP,TOV2835EP_P64,recal,88,0.29,2,63709444,WQC0135
TOV2835EP,TOV2835EP,TOV2835EP_P64,recal,89,0.28,2,63709444,WQC0135
TOV2835EP,TOV2835EP,TOV2835EP_P64,recal,90,0.28,2,63709444,WQC0135
TOV2835EP,TOV2835EP,TOV2835EP_P64,recal,91,0.27,2,63709444,WQC0135
TOV2835EP,TOV2835EP,TOV2835EP_P64,recal,92,0.27,2,63709444,WQC0135
TOV2835EP,TOV2835EP,TOV2835EP_P64,recal,93,0.26,2,63709444,WQC0135
TOV2835EP,TOV2835EP,TOV2835EP_P64,recal,94,0.26,2,63709444,WQC0135
TOV2835EP,TOV2835EP,TOV2835EP_P64,recal,95,0.25,2,63709444,WQC0135
TOV2835EP,TOV2835EP,TOV2835EP_P64,recal,96,0.25,2,63709444,WQC0135
TOV2835EP,TOV2835EP,TOV2835EP_P64,recal,97,0.25,2,63709444,WQC0135
TOV2835EP,TOV2835EP,TOV2835EP_P64,recal,98,0.24,2,63709444,WQC0135
TOV2835EP,TOV2835EP,TOV2835EP_P64,recal,99,0.24,2,63709444,WQC0135
TOV2835EP,TOV2835EP,TOV2835EP_P64,recal,100,0.23,2,63709444,WQC0135
TOV2835EP,TOV2835EP,TOV2835EP_P64,recal,101,0.23,2,63709444,WQC0135
TOV2835EP,TOV2835EP,TOV2835EP_P64,recal,102,0.23,2,63709444,WQC0135
TOV2835EP,TOV2835EP,TOV2835EP_P64,recal,103,0.22,2,63709444,WQC0135
TOV2835EP,TOV2835EP,TOV2835EP_P64,recal,104,0.22,2,63709444,WQC0135
TOV2835EP,TOV2835EP,TOV2835EP_P64,recal,105,0.21,2,63709444,WQC0135
TOV2835EP,TOV2835EP,TOV2835EP_P64,recal,106,0.21,2,63709444,WQC0135
TOV2835EP,TOV2835EP,TOV2835EP_P64,recal,107,0.21,2,63709444,WQC0135
TOV2835EP,TOV2835EP,TOV2835EP_P64,recal,108,0.2,2,63709444,WQC0135
TOV2835EP,TOV2835EP,TOV2835EP_P64,recal,109,0.2,2,63709444,WQC0135
TOV2835EP,TOV2835EP,TOV2835EP_P64,recal,110,0.2,2,63709444,WQC0135
TOV2835EP,TOV2835EP,TOV2835EP_P64,recal,111,0.19,2,63709444,WQC0135
TOV2835EP,TOV2835EP,TOV2835EP_P64,recal,112,0.19,2,63709444,WQC0135
TOV2835EP,TOV2835EP,TOV2835EP_P64,recal,113,0.19,2,63709444,WQC0135
TOV2835EP,TOV2835EP,TOV2835EP_P64,recal,114,0.18,2,63709444,WQC0135
TOV2835EP,TOV2835EP,TOV2835EP_P64,recal,115,0.18,2,63709444,WQC0135
TOV2835EP,TOV2835EP,TOV2835EP_P64,recal,116,0.18,2,63709444,WQC0135
TOV2835EP,TOV2835EP,TOV2835EP_P64,recal,117,0.18,2,63709444,WQC0135
TOV2835EP,TOV2835EP,TOV2835EP_P64,recal,118,0.17,2,63709444,WQC0135
TOV2835EP,TOV2835EP,TOV2835EP_P64,recal,119,0.17,2,63709444,WQC0135
TOV2835EP,TOV2835EP,TOV2835EP_P64,recal,120,0.17,2,63709444,WQC0135
TOV2835EP,TOV2835EP,TOV2835EP_P64,recal,121,0.17,2,63709444,WQC0135
TOV2835EP,TOV2835EP,TOV2835EP_P64,recal,122,0.16,2,63709444,WQC0135
TOV2835EP,TOV2835EP,TOV2835EP_P64,recal,123,0.16,2,63709444,WQC0135
TOV2835EP,TOV2835EP,TOV2835EP_P64,recal,124,0.16,2,63709444,WQC0135
TOV2835EP,TOV2835EP,TOV2835EP_P64,recal,125,0.16,2,63709444,WQC0135
TOV2835EP,TOV2835EP,TOV2835EP_P64,recal,126,0.15,2,63709444,WQC0135
TOV2835EP,TOV2835EP,TOV2835EP_P64,recal,127,0.15,2,63709444,WQC0135
TOV2835EP,TOV2835EP,TOV2835EP_P64,recal,128,0.15,2,63709444,WQC0135
TOV2835EP,TOV2835EP,TOV2835EP_P64,recal,129,0.15,2,63709444,WQC0135
TOV2835EP,TOV2835EP,TOV2835EP_P64,recal,130,0.14,2,63709444,WQC0135
TOV2835EP,TOV2835EP,TOV2835EP_P64,recal,131,0.14,2,63709444,WQC0135
TOV2835EP,TOV2835EP,TOV2835EP_P64,recal,132,0.14,2,63709444,WQC0135
TOV2835EP,TOV2835EP,TOV2835EP_P64,recal,133,0.14,2,63709444,WQC0135
TOV2835EP,TOV2835EP,TOV2835EP_P64,recal,134,0.14,2,63709444,WQC0135
TOV2835EP,TOV2835EP,TOV2835EP_P64,recal,135,0.13,2,63709444,WQC0135
TOV2835EP,TOV2835EP,TOV2835EP_P64,recal,136,0.13,2,63709444,WQC0135
TOV2835EP,TOV2835EP,TOV2835EP_P64,recal,137,0.13,2,63709444,WQC0135
TOV2835EP,TOV2835EP,TOV2835EP_P64,recal,138,0.13,2,63709444,WQC0135
TOV2835EP,TOV2835EP,TOV2835EP_P64,recal,139,0.13,2,63709444,WQC0135
TOV2835EP,TOV2835EP,TOV2835EP_P64,recal,140,0.12,2,63709444,WQC0135
TOV2835EP,TOV2835EP,TOV2835EP_P64,recal,141,0.12,2,63709444,WQC0135
TOV2835EP,TOV2835EP,TOV2835EP_P64,recal,142,0.12,2,63709444,WQC0135
TOV2835EP,TOV2835EP,TOV2835EP_P64,recal,143,0.12,2,63709444,WQC0135
TOV2835EP,TOV2835EP,TOV2835EP_P64,recal,144,0.12,2,63709444,WQC0135
TOV2835EP,TOV2835EP,TOV2835EP_P64,recal,145,0.12,2,63709444,WQC0135
TOV2835EP,TOV2835EP,TOV2835EP_P64,recal,146,0.11,2,63709444,WQC0135
TOV2835EP,TOV2835EP,TOV2835EP_P64,recal,147,0.11,2,63709444,WQC0135
TOV2835EP,TOV2835EP,TOV2835EP_P64,recal,148,0.11,2,63709444,WQC0135
TOV2835EP,TOV2835EP,TOV2835EP_P64,recal,149,0.11,2,63709444,WQC0135
TOV2835EP,TOV2835EP,TOV2835EP_P64,recal,150,0.11,2,63709444,WQC0135
TOV2881EP,TOV2881EP,TOV2881EP_P64,md,0,1.0,2,63709951,WQC0140
TOV2881EP,TOV2881EP,TOV2881EP_P64,md,1,0.99,2,63709951,WQC0140
TOV2881EP,TOV2881EP,TOV2881EP_P64,md,2,0.99,2,63709951,WQC0140
TOV2881EP,TOV2881EP,TOV2881EP_P64,md,3,0.99,2,63709951,WQC0140
TOV2881EP,TOV2881EP,TOV2881EP_P64,md,4,0.98,2,63709951,WQC0140
TOV2881EP,TOV2881EP,TOV2881EP_P64,md,5,0.98,2,63709951,WQC0140
TOV2881EP,TOV2881EP,TOV2881EP_P64,md,6,0.97,2,63709951,WQC0140
TOV2881EP,TOV2881EP,TOV2881EP_P64,md,7,0.97,2,63709951,WQC0140
TOV2881EP,TOV2881EP,TOV2881EP_P64,md,8,0.96,2,63709951,WQC0140
TOV2881EP,TOV2881EP,TOV2881EP_P64,md,9,0.96,2,63709951,WQC0140
TOV2881EP,TOV2881EP,TOV2881EP_P64,md,10,0.95,2,63709951,WQC0140
TOV2881EP,TOV2881EP,TOV2881EP_P64,md,11,0.95,2,63709951,WQC0140
TOV2881EP,TOV2881EP,TOV2881EP_P64,md,12,0.94,2,63709951,WQC0140
TOV2881EP,TOV2881EP,TOV2881EP_P64,md,13,0.94,2,63709951,WQC0140
TOV2881EP,TOV2881EP,TOV2881EP_P64,md,14,0.93,2,63709951,WQC0140
TOV2881EP,TOV2881EP,TOV2881EP_P64,md,15,0.92,2,63709951,WQC0140
TOV2881EP,TOV2881EP,TOV2881EP_P64,md,16,0.91,2,63709951,WQC0140
TOV2881EP,TOV2881EP,TOV2881EP_P64,md,17,0.91,2,63709951,WQC0140
TOV2881EP,TOV2881EP,TOV2881EP_P64,md,18,0.9,2,63709951,WQC0140
TOV2881EP,TOV2881EP,TOV2881EP_P64,md,19,0.89,2,63709951,WQC0140
TOV2881EP,TOV2881EP,TOV2881EP_P64,md,20,0.88,2,63709951,WQC0140
TOV2881EP,TOV2881EP,TOV2881EP_P64,md,21,0.87,2,63709951,WQC0140
TOV2881EP,TOV2881EP,TOV2881EP_P64,md,22,0.86,2,63709951,WQC0140
TOV2881EP,TOV2881EP,TOV2881EP_P64,md,23,0.85,2,63709951,WQC0140
TOV2881EP,TOV2881EP,TOV2881EP_P64,md,24,0.84,2,63709951,WQC0140
TOV2881EP,TOV2881EP,TOV2881EP_P64,md,25,0.83,2,63709951,WQC0140
TOV2881EP,TOV2881EP,TOV2881EP_P64,md,26,0.82,2,63709951,WQC0140
TOV2881EP,TOV2881EP,TOV2881EP_P64,md,27,0.81,2,63709951,WQC0140
TOV2881EP,TOV2881EP,TOV2881EP_P64,md,28,0.8,2,63709951,WQC0140
TOV2881EP,TOV2881EP,TOV2881EP_P64,md,29,0.79,2,63709951,WQC0140
TOV2881EP,TOV2881EP,TOV2881EP_P64,md,30,0.78,2,63709951,WQC0140
TOV2881EP,TOV2881EP,TOV2881EP_P64,md,31,0.77,2,63709951,WQC0140
TOV2881EP,TOV2881EP,TOV2881EP_P64,md,32,0.76,2,63709951,WQC0140
TOV2881EP,TOV2881EP,TOV2881EP_P64,md,33,0.75,2,63709951,WQC0140
TOV2881EP,TOV2881EP,TOV2881EP_P64,md,34,0.74,2,63709951,WQC0140
TOV2881EP,TOV2881EP,TOV2881EP_P64,md,35,0.73,2,63709951,WQC0140
TOV2881EP,TOV2881EP,TOV2881EP_P64,md,36,0.72,2,63709951,WQC0140
TOV2881EP,TOV2881EP,TOV2881EP_P64,md,37,0.71,2,63709951,WQC0140
TOV2881EP,TOV2881EP,TOV2881EP_P64,md,38,0.7,2,63709951,WQC0140
TOV2881EP,TOV2881EP,TOV2881EP_P64,md,39,0.69,2,63709951,WQC0140
TOV2881EP,TOV2881EP,TOV2881EP_P64,md,40,0.68,2,63709951,WQC0140
TOV2881EP,TOV2881EP,TOV2881EP_P64,md,41,0.67,2,63709951,WQC0140
TOV2881EP,TOV2881EP,TOV2881EP_P64,md,42,0.66,2,63709951,WQC0140
TOV2881EP,TOV2881EP,TOV2881EP_P64,md,43,0.65,2,63709951,WQC0140
TOV2881EP,TOV2881EP,TOV2881EP_P64,md,44,0.64,2,63709951,WQC0140
TOV2881EP,TOV2881EP,TOV2881EP_P64,md,45,0.63,2,63709951,WQC0140
TOV2881EP,TOV2881EP,TOV2881EP_P64,md,46,0.62,2,63709951,WQC0140
TOV2881EP,TOV2881EP,TOV2881EP_P64,md,47,0.61,2,63709951,WQC0140
TOV2881EP,TOV2881EP,TOV2881EP_P64,md,48,0.6,2,63709951,WQC0140
TOV2881EP,TOV2881EP,TOV2881EP_P64,md,49,0.59,2,63709951,WQC0140
TOV2881EP,TOV2881EP,TOV2881EP_P64,md,50,0.58,2,63709951,WQC0140
TOV2881EP,TOV2881EP,TOV2881EP_P64,md,51,0.57,2,63709951,WQC0140
TOV2881EP,TOV2881EP,TOV2881EP_P64,md,52,0.56,2,63709951,WQC0140
TOV2881EP,TOV2881EP,TOV2881EP_P64,md,53,0.55,2,63709951,WQC0140
TOV2881EP,TOV2881EP,TOV2881EP_P64,md,54,0.54,2,63709951,WQC0140
TOV2881EP,TOV2881EP,TOV2881EP_P64,md,55,0.53,2,63709951,WQC0140
TOV2881EP,TOV2881EP,TOV2881EP_P64,md,56,0.52,2,63709951,WQC0140
TOV2881EP,TOV2881EP,TOV2881EP_P64,md,57,0.51,2,63709951,WQC0140
TOV2881EP,TOV2881EP,TOV2881EP_P64,md,58,0.5,2,63709951,WQC0140
TOV2881EP,TOV2881EP,TOV2881EP_P64,md,59,0.5,2,63709951,WQC0140
TOV2881EP,TOV2881EP,TOV2881EP_P64,md,60,0.49,2,63709951,WQC0140
TOV2881EP,TOV2881EP,TOV2881EP_P64,md,61,0.48,2,63709951,WQC0140
TOV2881EP,TOV2881EP,TOV2881EP_P64,md,62,0.47,2,63709951,WQC0140
TOV2881EP,TOV2881EP,TOV2881EP_P64,md,63,0.46,2,63709951,WQC0140
TOV2881EP,TOV2881EP,TOV2881EP_P64,md,64,0.45,2,63709951,WQC0140
TOV2881EP,TOV2881EP,TOV2881EP_P64,md,65,0.45,2,63709951,WQC0140
TOV2881EP,TOV2881EP,TOV2881EP_P64,md,66,0.44,2,63709951,WQC0140
TOV2881EP,TOV2881EP,TOV2881EP_P64,md,67,0.43,2,63709951,WQC0140
TOV2881EP,TOV2881EP,TOV2881EP_P64,md,68,0.42,2,63709951,WQC0140
TOV2881EP,TOV2881EP,TOV2881EP_P64,md,69,0.42,2,63709951,WQC0140
TOV2881EP,TOV2881EP,TOV2881EP_P64,md,70,0.41,2,63709951,WQC0140
TOV2881EP,TOV2881EP,TOV2881EP_P64,md,71,0.4,2,63709951,WQC0140
TOV2881EP,TOV2881EP,TOV2881EP_P64,md,72,0.39,2,63709951,WQC0140
TOV2881EP,TOV2881EP,TOV2881EP_P64,md,73,0.39,2,63709951,WQC0140
TOV2881EP,TOV2881EP,TOV2881EP_P64,md,74,0.38,2,63709951,WQC0140
TOV2881EP,TOV2881EP,TOV2881EP_P64,md,75,0.37,2,63709951,WQC0140
TOV2881EP,TOV2881EP,TOV2881EP_P64,md,76,0.37,2,63709951,WQC0140
TOV2881EP,TOV2881EP,TOV2881EP_P64,md,77,0.36,2,63709951,WQC0140
TOV2881EP,TOV2881EP,TOV2881EP_P64,md,78,0.35,2,63709951,WQC0140
TOV2881EP,TOV2881EP,TOV2881EP_P64,md,79,0.35,2,63709951,WQC0140
TOV2881EP,TOV2881EP,TOV2881EP_P64,md,80,0.34,2,63709951,WQC0140
TOV2881EP,TOV2881EP,TOV2881EP_P64,md,81,0.33,2,63709951,WQC0140
TOV2881EP,TOV2881EP,TOV2881EP_P64,md,82,0.33,2,63709951,WQC0140
TOV2881EP,TOV2881EP,TOV2881EP_P64,md,83,0.32,2,63709951,WQC0140
TOV2881EP,TOV2881EP,TOV2881EP_P64,md,84,0.32,2,63709951,WQC0140
TOV2881EP,TOV2881EP,TOV2881EP_P64,md,85,0.31,2,63709951,WQC0140
TOV2881EP,TOV2881EP,TOV2881EP_P64,md,86,0.31,2,63709951,WQC0140
TOV2881EP,TOV2881EP,TOV2881EP_P64,md,87,0.3,2,63709951,WQC0140
TOV2881EP,TOV2881EP,TOV2881EP_P64,md,88,0.29,2,63709951,WQC0140
TOV2881EP,TOV2881EP,TOV2881EP_P64,md,89,0.29,2,63709951,WQC0140
TOV2881EP,TOV2881EP,TOV2881EP_P64,md,90,0.28,2,63709951,WQC0140
TOV2881EP,TOV2881EP,TOV2881EP_P64,md,91,0.28,2,63709951,WQC0140
TOV2881EP,TOV2881EP,TOV2881EP_P64,md,92,0.27,2,63709951,WQC0140
TOV2881EP,TOV2881EP,TOV2881EP_P64,md,93,0.27,2,63709951,WQC0140
TOV2881EP,TOV2881EP,TOV2881EP_P64,md,94,0.26,2,63709951,WQC0140
TOV2881EP,TOV2881EP,TOV2881EP_P64,md,95,0.26,2,63709951,WQC0140
TOV2881EP,TOV2881EP,TOV2881EP_P64,md,96,0.25,2,63709951,WQC0140
TOV2881EP,TOV2881EP,TOV2881EP_P64,md,97,0.25,2,63709951,WQC0140
TOV2881EP,TOV2881EP,TOV2881EP_P64,md,98,0.25,2,63709951,WQC0140
TOV2881EP,TOV2881EP,TOV2881EP_P64,md,99,0.24,2,63709951,WQC0140
TOV2881EP,TOV2881EP,TOV2881EP_P64,md,100,0.24,2,63709951,WQC0140
TOV2881EP,TOV2881EP,TOV2881EP_P64,md,101,0.23,2,63709951,WQC0140
TOV2881EP,TOV2881EP,TOV2881EP_P64,md,102,0.23,2,63709951,WQC0140
TOV2881EP,TOV2881EP,TOV2881EP_P64,md,103,0.22,2,63709951,WQC0140
TOV2881EP,TOV2881EP,TOV2881EP_P64,md,104,0.22,2,63709951,WQC0140
TOV2881EP,TOV2881EP,TOV2881EP_P64,md,105,0.22,2,63709951,WQC0140
TOV2881EP,TOV2881EP,TOV2881EP_P64,md,106,0.21,2,63709951,WQC0140
TOV2881EP,TOV2881EP,TOV2881EP_P64,md,107,0.21,2,63709951,WQC0140
TOV2881EP,TOV2881EP,TOV2881EP_P64,md,108,0.21,2,63709951,WQC0140
TOV2881EP,TOV2881EP,TOV2881EP_P64,md,109,0.2,2,63709951,WQC0140
TOV2881EP,TOV2881EP,TOV2881EP_P64,md,110,0.2,2,63709951,WQC0140
TOV2881EP,TOV2881EP,TOV2881EP_P64,md,111,0.2,2,63709951,WQC0140
TOV2881EP,TOV2881EP,TOV2881EP_P64,md,112,0.19,2,63709951,WQC0140
TOV2881EP,TOV2881EP,TOV2881EP_P64,md,113,0.19,2,63709951,WQC0140
TOV2881EP,TOV2881EP,TOV2881EP_P64,md,114,0.19,2,63709951,WQC0140
TOV2881EP,TOV2881EP,TOV2881EP_P64,md,115,0.18,2,63709951,WQC0140
TOV2881EP,TOV2881EP,TOV2881EP_P64,md,116,0.18,2,63709951,WQC0140
TOV2881EP,TOV2881EP,TOV2881EP_P64,md,117,0.18,2,63709951,WQC0140
TOV2881EP,TOV2881EP,TOV2881EP_P64,md,118,0.17,2,63709951,WQC0140
TOV2881EP,TOV2881EP,TOV2881EP_P64,md,119,0.17,2,63709951,WQC0140
TOV2881EP,TOV2881EP,TOV2881EP_P64,md,120,0.17,2,63709951,WQC0140
TOV2881EP,TOV2881EP,TOV2881EP_P64,md,121,0.17,2,63709951,WQC0140
TOV2881EP,TOV2881EP,TOV2881EP_P64,md,122,0.16,2,63709951,WQC0140
TOV2881EP,TOV2881EP,TOV2881EP_P64,md,123,0.16,2,63709951,WQC0140
TOV2881EP,TOV2881EP,TOV2881EP_P64,md,124,0.16,2,63709951,WQC0140
TOV2881EP,TOV2881EP,TOV2881EP_P64,md,125,0.15,2,63709951,WQC0140
TOV2881EP,TOV2881EP,TOV2881EP_P64,md,126,0.15,2,63709951,WQC0140
TOV2881EP,TOV2881EP,TOV2881EP_P64,md,127,0.15,2,63709951,WQC0140
TOV2881EP,TOV2881EP,TOV2881EP_P64,md,128,0.15,2,63709951,WQC0140
TOV2881EP,TOV2881EP,TOV2881EP_P64,md,129,0.15,2,63709951,WQC0140
TOV2881EP,TOV2881EP,TOV2881EP_P64,md,130,0.14,2,63709951,WQC0140
TOV2881EP,TOV2881EP,TOV2881EP_P64,md,131,0.14,2,63709951,WQC0140
TOV2881EP,TOV2881EP,TOV2881EP_P64,md,132,0.14,2,63709951,WQC0140
TOV2881EP,TOV2881EP,TOV2881EP_P64,md,133,0.14,2,63709951,WQC0140
TOV2881EP,TOV2881EP,TOV2881EP_P64,md,134,0.13,2,63709951,WQC0140
TOV2881EP,TOV2881EP,TOV2881EP_P64,md,135,0.13,2,63709951,WQC0140
TOV2881EP,TOV2881EP,TOV2881EP_P64,md,136,0.13,2,63709951,WQC0140
TOV2881EP,TOV2881EP,TOV2881EP_P64,md,137,0.13,2,63709951,WQC0140
TOV2881EP,TOV2881EP,TOV2881EP_P64,md,138,0.13,2,63709951,WQC0140
TOV2881EP,TOV2881EP,TOV2881EP_P64,md,139,0.12,2,63709951,WQC0140
TOV2881EP,TOV2881EP,TOV2881EP_P64,md,140,0.12,2,63709951,WQC0140
TOV2881EP,TOV2881EP,TOV2881EP_P64,md,141,0.12,2,63709951,WQC0140
TOV2881EP,TOV2881EP,TOV2881EP_P64,md,142,0.12,2,63709951,WQC0140
TOV2881EP,TOV2881EP,TOV2881EP_P64,md,143,0.12,2,63709951,WQC0140
TOV2881EP,TOV2881EP,TOV2881EP_P64,md,144,0.12,2,63709951,WQC0140
TOV2881EP,TOV2881EP,TOV2881EP_P64,md,145,0.11,2,63709951,WQC0140
TOV2881EP,TOV2881EP,TOV2881EP_P64,md,146,0.11,2,63709951,WQC0140
TOV2881EP,TOV2881EP,TOV2881EP_P64,md,147,0.11,2,63709951,WQC0140
TOV2881EP,TOV2881EP,TOV2881EP_P64,md,148,0.11,2,63709951,WQC0140
TOV2881EP,TOV2881EP,TOV2881EP_P64,md,149,0.11,2,63709951,WQC0140
TOV2881EP,TOV2881EP,TOV2881EP_P64,md,150,0.11,2,63709951,WQC0140
TOV2881EP,TOV2881EP,TOV2881EP_P64,recal,0,1.0,2,63709444,WQC0143
TOV2881EP,TOV2881EP,TOV2881EP_P64,recal,1,0.99,2,63709444,WQC0143
TOV2881EP,TOV2881EP,TOV2881EP_P64,recal,2,0.99,2,63709444,WQC0143
TOV2881EP,TOV2881EP,TOV2881EP_P64,recal,3,0.99,2,63709444,WQC0143
TOV2881EP,TOV2881EP,TOV2881EP_P64,recal,4,0.98,2,63709444,WQC0143
TOV2881EP,TOV2881EP,TOV2881EP_P64,recal,5,0.98,2,63709444,WQC0143
TOV2881EP,TOV2881EP,TOV2881EP_P64,recal,6,0.97,2,63709444,WQC0143
TOV2881EP,TOV2881EP,TOV2881EP_P64,recal,7,0.97,2,63709444,WQC0143
TOV2881EP,TOV2881EP,TOV2881EP_P64,recal,8,0.96,2,63709444,WQC0143
TOV2881EP,TOV2881EP,TOV2881EP_P64,recal,9,0.96,2,63709444,WQC0143
TOV2881EP,TOV2881EP,TOV2881EP_P64,recal,10,0.95,2,63709444,WQC0143
TOV2881EP,TOV2881EP,TOV2881EP_P64,recal,11,0.95,2,63709444,WQC0143
TOV2881EP,TOV2881EP,TOV2881EP_P64,recal,12,0.94,2,63709444,WQC0143
TOV2881EP,TOV2881EP,TOV2881EP_P64,recal,13,0.94,2,63709444,WQC0143
TOV2881EP,TOV2881EP,TOV2881EP_P64,recal,14,0.93,2,63709444,WQC0143
TOV2881EP,TOV2881EP,TOV2881EP_P64,recal,15,0.92,2,63709444,WQC0143
TOV2881EP,TOV2881EP,TOV2881EP_P64,recal,16,0.91,2,63709444,WQC0143
TOV2881EP,TOV2881EP,TOV2881EP_P64,recal,17,0.91,2,63709444,WQC0143
TOV2881EP,TOV2881EP,TOV2881EP_P64,recal,18,0.9,2,63709444,WQC0143
TOV2881EP,TOV2881EP,TOV2881EP_P64,recal,19,0.89,2,63709444,WQC0143
TOV2881EP,TOV2881EP,TOV2881EP_P64,recal,20,0.88,2,63709444,WQC0143
TOV2881EP,TOV2881EP,TOV2881EP_P64,recal,21,0.87,2,63709444,WQC0143
TOV2881EP,TOV2881EP,TOV2881EP_P64,recal,22,0.86,2,63709444,WQC0143
TOV2881EP,TOV2881EP,TOV2881EP_P64,recal,23,0.85,2,63709444,WQC0143
TOV2881EP,TOV2881EP,TOV2881EP_P64,recal,24,0.84,2,63709444,WQC0143
TOV2881EP,TOV2881EP,TOV2881EP_P64,recal,25,0.83,2,63709444,WQC0143
TOV2881EP,TOV2881EP,TOV2881EP_P64,recal,26,0.82,2,63709444,WQC0143
TOV2881EP,TOV2881EP,TOV2881EP_P64,recal,27,0.81,2,63709444,WQC0143
TOV2881EP,TOV2881EP,TOV2881EP_P64,recal,28,0.8,2,63709444,WQC0143
TOV2881EP,TOV2881EP,TOV2881EP_P64,recal,29,0.79,2,63709444,WQC0143
TOV2881EP,TOV2881EP,TOV2881EP_P64,recal,30,0.78,2,63709444,WQC0143
TOV2881EP,TOV2881EP,TOV2881EP_P64,recal,31,0.77,2,63709444,WQC0143
TOV2881EP,TOV2881EP,TOV2881EP_P64,recal,32,0.76,2,63709444,WQC0143
TOV2881EP,TOV2881EP,TOV2881EP_P64,recal,33,0.75,2,63709444,WQC0143
TOV2881EP,TOV2881EP,TOV2881EP_P64,recal,34,0.74,2,63709444,WQC0143
TOV2881EP,TOV2881EP,TOV2881EP_P64,recal,35,0.73,2,63709444,WQC0143
TOV2881EP,TOV2881EP,TOV2881EP_P64,recal,36,0.72,2,63709444,WQC0143
TOV2881EP,TOV2881EP,TOV2881EP_P64,recal,37,0.71,2,63709444,WQC0143
TOV2881EP,TOV2881EP,TOV2881EP_P64,recal,38,0.7,2,63709444,WQC0143
TOV2881EP,TOV2881EP,TOV2881EP_P64,recal,39,0.69,2,63709444,WQC0143
TOV2881EP,TOV2881EP,TOV2881EP_P64,recal,40,0.68,2,63709444,WQC0143
TOV2881EP,TOV2881EP,TOV2881EP_P64,recal,41,0.67,2,63709444,WQC0143
TOV2881EP,TOV2881EP,TOV2881EP_P64,recal,42,0.66,2,63709444,WQC0143
TOV2881EP,TOV2881EP,TOV2881EP_P64,recal,43,0.65,2,63709444,WQC0143
TOV2881EP,TOV2881EP,TOV2881EP_P64,recal,44,0.64,2,63709444,WQC0143
TOV2881EP,TOV2881EP,TOV2881EP_P64,recal,45,0.63,2,63709444,WQC0143
TOV2881EP,TOV2881EP,TOV2881EP_P64,recal,46,0.62,2,63709444,WQC0143
TOV2881EP,TOV2881EP,TOV2881EP_P64,recal,47,0.61,2,63709444,WQC0143
TOV2881EP,TOV2881EP,TOV2881EP_P64,recal,48,0.6,2,63709444,WQC0143
TOV2881EP,TOV2881EP,TOV2881EP_P64,recal,49,0.59,2,63709444,WQC0143
TOV2881EP,TOV2881EP,TOV2881EP_P64,recal,50,0.58,2,63709444,WQC0143
TOV2881EP,TOV2881EP,TOV2881EP_P64,recal,51,0.57,2,63709444,WQC0143
TOV2881EP,TOV2881EP,TOV2881EP_P64,recal,52,0.56,2,63709444,WQC0143
TOV2881EP,TOV2881EP,TOV2881EP_P64,recal,53,0.55,2,63709444,WQC0143
TOV2881EP,TOV2881EP,TOV2881EP_P64,recal,54,0.54,2,63709444,WQC0143
TOV2881EP,TOV2881EP,TOV2881EP_P64,recal,55,0.53,2,63709444,WQC0143
TOV2881EP,TOV2881EP,TOV2881EP_P64,recal,56,0.52,2,63709444,WQC0143
TOV2881EP,TOV2881EP,TOV2881EP_P64,recal,57,0.51,2,63709444,WQC0143
TOV2881EP,TOV2881EP,TOV2881EP_P64,recal,58,0.5,2,63709444,WQC0143
TOV2881EP,TOV2881EP,TOV2881EP_P64,recal,59,0.5,2,63709444,WQC0143
TOV2881EP,TOV2881EP,TOV2881EP_P64,recal,60,0.49,2,63709444,WQC0143
TOV2881EP,TOV2881EP,TOV2881EP_P64,recal,61,0.48,2,63709444,WQC0143
TOV2881EP,TOV2881EP,TOV2881EP_P64,recal,62,0.47,2,63709444,WQC0143
TOV2881EP,TOV2881EP,TOV2881EP_P64,recal,63,0.46,2,63709444,WQC0143
TOV2881EP,TOV2881EP,TOV2881EP_P64,recal,64,0.45,2,63709444,WQC0143
TOV2881EP,TOV2881EP,TOV2881EP_P64,recal,65,0.45,2,63709444,WQC0143
TOV2881EP,TOV2881EP,TOV2881EP_P64,recal,66,0.44,2,63709444,WQC0143
TOV2881EP,TOV2881EP,TOV2881EP_P64,recal,67,0.43,2,63709444,WQC0143
TOV2881EP,TOV2881EP,TOV2881EP_P64,recal,68,0.42,2,63709444,WQC0143
TOV2881EP,TOV2881EP,TOV2881EP_P64,recal,69,0.42,2,63709444,WQC0143
TOV2881EP,TOV2881EP,TOV2881EP_P64,recal,70,0.41,2,63709444,WQC0143
TOV2881EP,TOV2881EP,TOV2881EP_P64,recal,71,0.4,2,63709444,WQC0143
TOV2881EP,TOV2881EP,TOV2881EP_P64,recal,72,0.39,2,63709444,WQC0143
TOV2881EP,TOV2881EP,TOV2881EP_P64,recal,73,0.39,2,63709444,WQC0143
TOV2881EP,TOV2881EP,TOV2881EP_P64,recal,74,0.38,2,63709444,WQC0143
TOV2881EP,TOV2881EP,TOV2881EP_P64,recal,75,0.37,2,63709444,WQC0143
TOV2881EP,TOV2881EP,TOV2881EP_P64,recal,76,0.37,2,63709444,WQC0143
TOV2881EP,TOV2881EP,TOV2881EP_P64,recal,77,0.36,2,63709444,WQC0143
TOV2881EP,TOV2881EP,TOV2881EP_P64,recal,78,0.35,2,63709444,WQC0143
TOV2881EP,TOV2881EP,TOV2881EP_P64,recal,79,0.35,2,63709444,WQC0143
TOV2881EP,TOV2881EP,TOV2881EP_P64,recal,80,0.34,2,63709444,WQC0143
TOV2881EP,TOV2881EP,TOV2881EP_P64,recal,81,0.33,2,63709444,WQC0143
TOV2881EP,TOV2881EP,TOV2881EP_P64,recal,82,0.33,2,63709444,WQC0143
TOV2881EP,TOV2881EP,TOV2881EP_P64,recal,83,0.32,2,63709444,WQC0143
TOV2881EP,TOV2881EP,TOV2881EP_P64,recal,84,0.32,2,63709444,WQC0143
TOV2881EP,TOV2881EP,TOV2881EP_P64,recal,85,0.31,2,63709444,WQC0143
TOV2881EP,TOV2881EP,TOV2881EP_P64,recal,86,0.31,2,63709444,WQC0143
TOV2881EP,TOV2881EP,TOV2881EP_P64,recal,87,0.3,2,63709444,WQC0143
TOV2881EP,TOV2881EP,TOV2881EP_P64,recal,88,0.29,2,63709444,WQC0143
TOV2881EP,TOV2881EP,TOV2881EP_P64,recal,89,0.29,2,63709444,WQC0143
TOV2881EP,TOV2881EP,TOV2881EP_P64,recal,90,0.28,2,63709444,WQC0143
TOV2881EP,TOV2881EP,TOV2881EP_P64,recal,91,0.28,2,63709444,WQC0143
TOV2881EP,TOV2881EP,TOV2881EP_P64,recal,92,0.27,2,63709444,WQC0143
TOV2881EP,TOV2881EP,TOV2881EP_P64,recal,93,0.27,2,63709444,WQC0143
TOV2881EP,TOV2881EP,TOV2881EP_P64,recal,94,0.26,2,63709444,WQC0143
TOV2881EP,TOV2881EP,TOV2881EP_P64,recal,95,0.26,2,63709444,WQC0143
TOV2881EP,TOV2881EP,TOV2881EP_P64,recal,96,0.25,2,63709444,WQC0143
TOV2881EP,TOV2881EP,TOV2881EP_P64,recal,97,0.25,2,63709444,WQC0143
TOV2881EP,TOV2881EP,TOV2881EP_P64,recal,98,0.25,2,63709444,WQC0143
TOV2881EP,TOV2881EP,TOV2881EP_P64,recal,99,0.24,2,63709444,WQC0143
TOV2881EP,TOV2881EP,TOV2881EP_P64,recal,100,0.24,2,63709444,WQC0143
TOV2881EP,TOV2881EP,TOV2881EP_P64,recal,101,0.23,2,63709444,WQC0143
TOV2881EP,TOV2881EP,TOV2881EP_P64,recal,102,0.23,2,63709444,WQC0143
TOV2881EP,TOV2881EP,TOV2881EP_P64,recal,103,0.23,2,63709444,WQC0143
TOV2881EP,TOV2881EP,TOV2881EP_P64,recal,104,0.22,2,63709444,WQC0143
TOV2881EP,TOV2881EP,TOV2881EP_P64,recal,105,0.22,2,63709444,WQC0143
TOV2881EP,TOV2881EP,TOV2881EP_P64,recal,106,0.21,2,63709444,WQC0143
TOV2881EP,TOV2881EP,TOV2881EP_P64,recal,107,0.21,2,63709444,WQC0143
TOV2881EP,TOV2881EP,TOV2881EP_P64,recal,108,0.21,2,63709444,WQC0143
TOV2881EP,TOV2881EP,TOV2881EP_P64,recal,109,0.2,2,63709444,WQC0143
TOV2881EP,TOV2881EP,TOV2881EP_P64,recal,110,0.2,2,63709444,WQC0143
TOV2881EP,TOV2881EP,TOV2881EP_P64,recal,111,0.2,2,63709444,WQC0143
TOV2881EP,TOV2881EP,TOV2881EP_P64,recal,112,0.19,2,63709444,WQC0143
TOV2881EP,TOV2881EP,TOV2881EP_P64,recal,113,0.19,2,63709444,WQC0143
TOV2881EP,TOV2881EP,TOV2881EP_P64,recal,114,0.19,2,63709444,WQC0143
TOV2881EP,TOV2881EP,TOV2881EP_P64,recal,115,0.18,2,63709444,WQC0143
TOV2881EP,TOV2881EP,TOV2881EP_P64,recal,116,0.18,2,63709444,WQC0143
TOV2881EP,TOV2881EP,TOV2881EP_P64,recal,117,0.18,2,63709444,WQC0143
TOV2881EP,TOV2881EP,TOV2881EP_P64,recal,118,0.17,2,63709444,WQC0143
TOV2881EP,TOV2881EP,TOV2881EP_P64,recal,119,0.17,2,63709444,WQC0143
TOV2881EP,TOV2881EP,TOV2881EP_P64,recal,120,0.17,2,63709444,WQC0143
TOV2881EP,TOV2881EP,TOV2881EP_P64,recal,121,0.17,2,63709444,WQC0143
TOV2881EP,TOV2881EP,TOV2881EP_P64,recal,122,0.16,2,63709444,WQC0143
TOV2881EP,TOV2881EP,TOV2881EP_P64,recal,123,0.16,2,63709444,WQC0143
TOV2881EP,TOV2881EP,TOV2881EP_P64,recal,124,0.16,2,63709444,WQC0143
TOV2881EP,TOV2881EP,TOV2881EP_P64,recal,125,0.15,2,63709444,WQC0143
TOV2881EP,TOV2881EP,TOV2881EP_P64,recal,126,0.15,2,63709444,WQC0143
TOV2881EP,TOV2881EP,TOV2881EP_P64,recal,127,0.15,2,63709444,WQC0143
TOV2881EP,TOV2881EP,TOV2881EP_P64,recal,128,0.15,2,63709444,WQC0143
TOV2881EP,TOV2881EP,TOV2881EP_P64,recal,129,0.15,2,63709444,WQC0143
TOV2881EP,TOV2881EP,TOV2881EP_P64,recal,130,0.14,2,63709444,WQC0143
TOV2881EP,TOV2881EP,TOV2881EP_P64,recal,131,0.14,2,63709444,WQC0143
TOV2881EP,TOV2881EP,TOV2881EP_P64,recal,132,0.14,2,63709444,WQC0143
TOV2881EP,TOV2881EP,TOV2881EP_P64,recal,133,0.14,2,63709444,WQC0143
TOV2881EP,TOV2881EP,TOV2881EP_P64,recal,134,0.13,2,63709444,WQC0143
TOV2881EP,TOV2881EP,TOV2881EP_P64,recal,135,0.13,2,63709444,WQC0143
TOV2881EP,TOV2881EP,TOV2881EP_P64,recal,136,0.13,2,63709444,WQC0143
TOV2881EP,TOV2881EP,TOV2881EP_P64,recal,137,0.13,2,63709444,WQC0143
TOV2881EP,TOV2881EP,TOV2881EP_P64,recal,138,0.13,2,63709444,WQC0143
TOV2881EP,TOV2881EP,TOV2881EP_P64,recal,139,0.12,2,63709444,WQC0143
TOV2881EP,TOV2881EP,TOV2881EP_P64,recal,140,0.12,2,63709444,WQC0143
TOV2881EP,TOV2881EP,TOV2881EP_P64,recal,141,0.12,2,63709444,WQC0143
TOV2881EP,TOV2881EP,TOV2881EP_P64,recal,142,0.12,2,63709444,WQC0143
TOV2881EP,TOV2881EP,TOV2881EP_P64,recal,143,0.12,2,63709444,WQC0143
TOV2881EP,TOV2881EP,TOV2881EP_P64,recal,144,0.12,2,63709444,WQC0143
TOV2881EP,TOV2881EP,TOV2881EP_P64,recal,145,0.11,2,63709444,WQC0143
TOV2881EP,TOV2881EP,TOV2881EP_P64,recal,146,0.11,2,63709444,WQC0143
TOV2881EP,TOV2881EP,TOV2881EP_P64,recal,147,0.11,2,63709444,WQC0143
TOV2881EP,TOV2881EP,TOV2881EP_P64,recal,148,0.11,2,63709444,WQC0143
TOV2881EP,TOV2881EP,TOV2881EP_P64,recal,149,0.11,2,63709444,WQC0143
TOV2881EP,TOV2881EP,TOV2881EP_P64,recal,150,0.11,2,63709444,WQC0143
TOV2929D,TOV2929D,TOV2929D_P57,md,0,1.0,2,63709951,WQC0148
TOV2929D,TOV2929D,TOV2929D_P57,md,1,0.99,2,63709951,WQC0148
TOV2929D,TOV2929D,TOV2929D_P57,md,2,0.98,2,63709951,WQC0148
TOV2929D,TOV2929D,TOV2929D_P57,md,3,0.98,2,63709951,WQC0148
TOV2929D,TOV2929D,TOV2929D_P57,md,4,0.97,2,63709951,WQC0148
TOV2929D,TOV2929D,TOV2929D_P57,md,5,0.96,2,63709951,WQC0148
TOV2929D,TOV2929D,TOV2929D_P57,md,6,0.95,2,63709951,WQC0148
TOV2929D,TOV2929D,TOV2929D_P57,md,7,0.94,2,63709951,WQC0148
TOV2929D,TOV2929D,TOV2929D_P57,md,8,0.93,2,63709951,WQC0148
TOV2929D,TOV2929D,TOV2929D_P57,md,9,0.92,2,63709951,WQC0148
TOV2929D,TOV2929D,TOV2929D_P57,md,10,0.91,2,63709951,WQC0148
TOV2929D,TOV2929D,TOV2929D_P57,md,11,0.9,2,63709951,WQC0148
TOV2929D,TOV2929D,TOV2929D_P57,md,12,0.89,2,63709951,WQC0148
TOV2929D,TOV2929D,TOV2929D_P57,md,13,0.88,2,63709951,WQC0148
TOV2929D,TOV2929D,TOV2929D_P57,md,14,0.87,2,63709951,WQC0148
TOV2929D,TOV2929D,TOV2929D_P57,md,15,0.85,2,63709951,WQC0148
TOV2929D,TOV2929D,TOV2929D_P57,md,16,0.84,2,63709951,WQC0148
TOV2929D,TOV2929D,TOV2929D_P57,md,17,0.83,2,63709951,WQC0148
TOV2929D,TOV2929D,TOV2929D_P57,md,18,0.81,2,63709951,WQC0148
TOV2929D,TOV2929D,TOV2929D_P57,md,19,0.8,2,63709951,WQC0148
TOV2929D,TOV2929D,TOV2929D_P57,md,20,0.79,2,63709951,WQC0148
TOV2929D,TOV2929D,TOV2929D_P57,md,21,0.78,2,63709951,WQC0148
TOV2929D,TOV2929D,TOV2929D_P57,md,22,0.76,2,63709951,WQC0148
TOV2929D,TOV2929D,TOV2929D_P57,md,23,0.75,2,63709951,WQC0148
TOV2929D,TOV2929D,TOV2929D_P57,md,24,0.74,2,63709951,WQC0148
TOV2929D,TOV2929D,TOV2929D_P57,md,25,0.72,2,63709951,WQC0148
TOV2929D,TOV2929D,TOV2929D_P57,md,26,0.71,2,63709951,WQC0148
TOV2929D,TOV2929D,TOV2929D_P57,md,27,0.7,2,63709951,WQC0148
TOV2929D,TOV2929D,TOV2929D_P57,md,28,0.69,2,63709951,WQC0148
TOV2929D,TOV2929D,TOV2929D_P57,md,29,0.67,2,63709951,WQC0148
TOV2929D,TOV2929D,TOV2929D_P57,md,30,0.66,2,63709951,WQC0148
TOV2929D,TOV2929D,TOV2929D_P57,md,31,0.65,2,63709951,WQC0148
TOV2929D,TOV2929D,TOV2929D_P57,md,32,0.64,2,63709951,WQC0148
TOV2929D,TOV2929D,TOV2929D_P57,md,33,0.63,2,63709951,WQC0148
TOV2929D,TOV2929D,TOV2929D_P57,md,34,0.62,2,63709951,WQC0148
TOV2929D,TOV2929D,TOV2929D_P57,md,35,0.6,2,63709951,WQC0148
TOV2929D,TOV2929D,TOV2929D_P57,md,36,0.59,2,63709951,WQC0148
TOV2929D,TOV2929D,TOV2929D_P57,md,37,0.58,2,63709951,WQC0148
TOV2929D,TOV2929D,TOV2929D_P57,md,38,0.57,2,63709951,WQC0148
TOV2929D,TOV2929D,TOV2929D_P57,md,39,0.56,2,63709951,WQC0148
TOV2929D,TOV2929D,TOV2929D_P57,md,40,0.55,2,63709951,WQC0148
TOV2929D,TOV2929D,TOV2929D_P57,md,41,0.54,2,63709951,WQC0148
TOV2929D,TOV2929D,TOV2929D_P57,md,42,0.53,2,63709951,WQC0148
TOV2929D,TOV2929D,TOV2929D_P57,md,43,0.52,2,63709951,WQC0148
TOV2929D,TOV2929D,TOV2929D_P57,md,44,0.51,2,63709951,WQC0148
TOV2929D,TOV2929D,TOV2929D_P57,md,45,0.5,2,63709951,WQC0148
TOV2929D,TOV2929D,TOV2929D_P57,md,46,0.49,2,63709951,WQC0148
TOV2929D,TOV2929D,TOV2929D_P57,md,47,0.48,2,63709951,WQC0148
TOV2929D,TOV2929D,TOV2929D_P57,md,48,0.48,2,63709951,WQC0148
TOV2929D,TOV2929D,TOV2929D_P57,md,49,0.47,2,63709951,WQC0148
TOV2929D,TOV2929D,TOV2929D_P57,md,50,0.46,2,63709951,WQC0148
TOV2929D,TOV2929D,TOV2929D_P57,md,51,0.45,2,63709951,WQC0148
TOV2929D,TOV2929D,TOV2929D_P57,md,52,0.44,2,63709951,WQC0148
TOV2929D,TOV2929D,TOV2929D_P57,md,53,0.43,2,63709951,WQC0148
TOV2929D,TOV2929D,TOV2929D_P57,md,54,0.43,2,63709951,WQC0148
TOV2929D,TOV2929D,TOV2929D_P57,md,55,0.42,2,63709951,WQC0148
TOV2929D,TOV2929D,TOV2929D_P57,md,56,0.41,2,63709951,WQC0148
TOV2929D,TOV2929D,TOV2929D_P57,md,57,0.4,2,63709951,WQC0148
TOV2929D,TOV2929D,TOV2929D_P57,md,58,0.4,2,63709951,WQC0148
TOV2929D,TOV2929D,TOV2929D_P57,md,59,0.39,2,63709951,WQC0148
TOV2929D,TOV2929D,TOV2929D_P57,md,60,0.38,2,63709951,WQC0148
TOV2929D,TOV2929D,TOV2929D_P57,md,61,0.37,2,63709951,WQC0148
TOV2929D,TOV2929D,TOV2929D_P57,md,62,0.37,2,63709951,WQC0148
TOV2929D,TOV2929D,TOV2929D_P57,md,63,0.36,2,63709951,WQC0148
TOV2929D,TOV2929D,TOV2929D_P57,md,64,0.35,2,63709951,WQC0148
TOV2929D,TOV2929D,TOV2929D_P57,md,65,0.35,2,63709951,WQC0148
TOV2929D,TOV2929D,TOV2929D_P57,md,66,0.34,2,63709951,WQC0148
TOV2929D,TOV2929D,TOV2929D_P57,md,67,0.34,2,63709951,WQC0148
TOV2929D,TOV2929D,TOV2929D_P57,md,68,0.33,2,63709951,WQC0148
TOV2929D,TOV2929D,TOV2929D_P57,md,69,0.32,2,63709951,WQC0148
TOV2929D,TOV2929D,TOV2929D_P57,md,70,0.32,2,63709951,WQC0148
TOV2929D,TOV2929D,TOV2929D_P57,md,71,0.31,2,63709951,WQC0148
TOV2929D,TOV2929D,TOV2929D_P57,md,72,0.31,2,63709951,WQC0148
TOV2929D,TOV2929D,TOV2929D_P57,md,73,0.3,2,63709951,WQC0148
TOV2929D,TOV2929D,TOV2929D_P57,md,74,0.3,2,63709951,WQC0148
TOV2929D,TOV2929D,TOV2929D_P57,md,75,0.29,2,63709951,WQC0148
TOV2929D,TOV2929D,TOV2929D_P57,md,76,0.28,2,63709951,WQC0148
TOV2929D,TOV2929D,TOV2929D_P57,md,77,0.28,2,63709951,WQC0148
TOV2929D,TOV2929D,TOV2929D_P57,md,78,0.27,2,63709951,WQC0148
TOV2929D,TOV2929D,TOV2929D_P57,md,79,0.27,2,63709951,WQC0148
TOV2929D,TOV2929D,TOV2929D_P57,md,80,0.26,2,63709951,WQC0148
TOV2929D,TOV2929D,TOV2929D_P57,md,81,0.26,2,63709951,WQC0148
TOV2929D,TOV2929D,TOV2929D_P57,md,82,0.26,2,63709951,WQC0148
TOV2929D,TOV2929D,TOV2929D_P57,md,83,0.25,2,63709951,WQC0148
TOV2929D,TOV2929D,TOV2929D_P57,md,84,0.25,2,63709951,WQC0148
TOV2929D,TOV2929D,TOV2929D_P57,md,85,0.24,2,63709951,WQC0148
TOV2929D,TOV2929D,TOV2929D_P57,md,86,0.24,2,63709951,WQC0148
TOV2929D,TOV2929D,TOV2929D_P57,md,87,0.23,2,63709951,WQC0148
TOV2929D,TOV2929D,TOV2929D_P57,md,88,0.23,2,63709951,WQC0148
TOV2929D,TOV2929D,TOV2929D_P57,md,89,0.23,2,63709951,WQC0148
TOV2929D,TOV2929D,TOV2929D_P57,md,90,0.22,2,63709951,WQC0148
TOV2929D,TOV2929D,TOV2929D_P57,md,91,0.22,2,63709951,WQC0148
TOV2929D,TOV2929D,TOV2929D_P57,md,92,0.21,2,63709951,WQC0148
TOV2929D,TOV2929D,TOV2929D_P57,md,93,0.21,2,63709951,WQC0148
TOV2929D,TOV2929D,TOV2929D_P57,md,94,0.21,2,63709951,WQC0148
TOV2929D,TOV2929D,TOV2929D_P57,md,95,0.2,2,63709951,WQC0148
TOV2929D,TOV2929D,TOV2929D_P57,md,96,0.2,2,63709951,WQC0148
TOV2929D,TOV2929D,TOV2929D_P57,md,97,0.2,2,63709951,WQC0148
TOV2929D,TOV2929D,TOV2929D_P57,md,98,0.19,2,63709951,WQC0148
TOV2929D,TOV2929D,TOV2929D_P57,md,99,0.19,2,63709951,WQC0148
TOV2929D,TOV2929D,TOV2929D_P57,md,100,0.19,2,63709951,WQC0148
TOV2929D,TOV2929D,TOV2929D_P57,md,101,0.18,2,63709951,WQC0148
TOV2929D,TOV2929D,TOV2929D_P57,md,102,0.18,2,63709951,WQC0148
TOV2929D,TOV2929D,TOV2929D_P57,md,103,0.18,2,63709951,WQC0148
TOV2929D,TOV2929D,TOV2929D_P57,md,104,0.17,2,63709951,WQC0148
TOV2929D,TOV2929D,TOV2929D_P57,md,105,0.17,2,63709951,WQC0148
TOV2929D,TOV2929D,TOV2929D_P57,md,106,0.17,2,63709951,WQC0148
TOV2929D,TOV2929D,TOV2929D_P57,md,107,0.17,2,63709951,WQC0148
TOV2929D,TOV2929D,TOV2929D_P57,md,108,0.16,2,63709951,WQC0148
TOV2929D,TOV2929D,TOV2929D_P57,md,109,0.16,2,63709951,WQC0148
TOV2929D,TOV2929D,TOV2929D_P57,md,110,0.16,2,63709951,WQC0148
TOV2929D,TOV2929D,TOV2929D_P57,md,111,0.16,2,63709951,WQC0148
TOV2929D,TOV2929D,TOV2929D_P57,md,112,0.15,2,63709951,WQC0148
TOV2929D,TOV2929D,TOV2929D_P57,md,113,0.15,2,63709951,WQC0148
TOV2929D,TOV2929D,TOV2929D_P57,md,114,0.15,2,63709951,WQC0148
TOV2929D,TOV2929D,TOV2929D_P57,md,115,0.15,2,63709951,WQC0148
TOV2929D,TOV2929D,TOV2929D_P57,md,116,0.14,2,63709951,WQC0148
TOV2929D,TOV2929D,TOV2929D_P57,md,117,0.14,2,63709951,WQC0148
TOV2929D,TOV2929D,TOV2929D_P57,md,118,0.14,2,63709951,WQC0148
TOV2929D,TOV2929D,TOV2929D_P57,md,119,0.14,2,63709951,WQC0148
TOV2929D,TOV2929D,TOV2929D_P57,md,120,0.13,2,63709951,WQC0148
TOV2929D,TOV2929D,TOV2929D_P57,md,121,0.13,2,63709951,WQC0148
TOV2929D,TOV2929D,TOV2929D_P57,md,122,0.13,2,63709951,WQC0148
TOV2929D,TOV2929D,TOV2929D_P57,md,123,0.13,2,63709951,WQC0148
TOV2929D,TOV2929D,TOV2929D_P57,md,124,0.13,2,63709951,WQC0148
TOV2929D,TOV2929D,TOV2929D_P57,md,125,0.12,2,63709951,WQC0148
TOV2929D,TOV2929D,TOV2929D_P57,md,126,0.12,2,63709951,WQC0148
TOV2929D,TOV2929D,TOV2929D_P57,md,127,0.12,2,63709951,WQC0148
TOV2929D,TOV2929D,TOV2929D_P57,md,128,0.12,2,63709951,WQC0148
TOV2929D,TOV2929D,TOV2929D_P57,md,129,0.12,2,63709951,WQC0148
TOV2929D,TOV2929D,TOV2929D_P57,md,130,0.12,2,63709951,WQC0148
TOV2929D,TOV2929D,TOV2929D_P57,md,131,0.11,2,63709951,WQC0148
TOV2929D,TOV2929D,TOV2929D_P57,md,132,0.11,2,63709951,WQC0148
TOV2929D,TOV2929D,TOV2929D_P57,md,133,0.11,2,63709951,WQC0148
TOV2929D,TOV2929D,TOV2929D_P57,md,134,0.11,2,63709951,WQC0148
TOV2929D,TOV2929D,TOV2929D_P57,md,135,0.11,2,63709951,WQC0148
TOV2929D,TOV2929D,TOV2929D_P57,md,136,0.11,2,63709951,WQC0148
TOV2929D,TOV2929D,TOV2929D_P57,md,137,0.1,2,63709951,WQC0148
TOV2929D,TOV2929D,TOV2929D_P57,md,138,0.1,2,63709951,WQC0148
TOV2929D,TOV2929D,TOV2929D_P57,md,139,0.1,2,63709951,WQC0148
TOV2929D,TOV2929D,TOV2929D_P57,md,140,0.1,2,63709951,WQC0148
TOV2929D,TOV2929D,TOV2929D_P57,md,141,0.1,2,63709951,WQC0148
TOV2929D,TOV2929D,TOV2929D_P57,md,142,0.1,2,63709951,WQC0148
TOV2929D,TOV2929D,TOV2929D_P57,md,143,0.1,2,63709951,WQC0148
TOV2929D,TOV2929D,TOV2929D_P57,md,144,0.09,2,63709951,WQC0148
TOV2929D,TOV2929D,TOV2929D_P57,md,145,0.09,2,63709951,WQC0148
TOV2929D,TOV2929D,TOV2929D_P57,md,146,0.09,2,63709951,WQC0148
TOV2929D,TOV2929D,TOV2929D_P57,md,147,0.09,2,63709951,WQC0148
TOV2929D,TOV2929D,TOV2929D_P57,md,148,0.09,2,63709951,WQC0148
TOV2929D,TOV2929D,TOV2929D_P57,md,149,0.09,2,63709951,WQC0148
TOV2929D,TOV2929D,TOV2929D_P57,md,150,0.09,2,63709951,WQC0148
TOV2929D,TOV2929D,TOV2929D_P57,recal,0,1.0,2,63709444,WQC0151
TOV2929D,TOV2929D,TOV2929D_P57,recal,1,0.99,2,63709444,WQC0151
TOV2929D,TOV2929D,TOV2929D_P57,recal,2,0.98,2,63709444,WQC0151
TOV2929D,TOV2929D,TOV2929D_P57,recal,3,0.98,2,63709444,WQC0151
TOV2929D,TOV2929D,TOV2929D_P57,recal,4,0.97,2,63709444,WQC0151
TOV2929D,TOV2929D,TOV2929D_P57,recal,5,0.96,2,63709444,WQC0151
TOV2929D,TOV2929D,TOV2929D_P57,recal,6,0.95,2,63709444,WQC0151
TOV2929D,TOV2929D,TOV2929D_P57,recal,7,0.94,2,63709444,WQC0151
TOV2929D,TOV2929D,TOV2929D_P57,recal,8,0.93,2,63709444,WQC0151
TOV2929D,TOV2929D,TOV2929D_P57,recal,9,0.92,2,63709444,WQC0151
TOV2929D,TOV2929D,TOV2929D_P57,recal,10,0.91,2,63709444,WQC0151
TOV2929D,TOV2929D,TOV2929D_P57,recal,11,0.9,2,63709444,WQC0151
TOV2929D,TOV2929D,TOV2929D_P57,recal,12,0.89,2,63709444,WQC0151
TOV2929D,TOV2929D,TOV2929D_P57,recal,13,0.88,2,63709444,WQC0151
TOV2929D,TOV2929D,TOV2929D_P57,recal,14,0.87,2,63709444,WQC0151
TOV2929D,TOV2929D,TOV2929D_P57,recal,15,0.85,2,63709444,WQC0151
TOV2929D,TOV2929D,TOV2929D_P57,recal,16,0.84,2,63709444,WQC0151
TOV2929D,TOV2929D,TOV2929D_P57,recal,17,0.83,2,63709444,WQC0151
TOV2929D,TOV2929D,TOV2929D_P57,recal,18,0.81,2,63709444,WQC0151
TOV2929D,TOV2929D,TOV2929D_P57,recal,19,0.8,2,63709444,WQC0151
TOV2929D,TOV2929D,TOV2929D_P57,recal,20,0.79,2,63709444,WQC0151
TOV2929D,TOV2929D,TOV2929D_P57,recal,21,0.78,2,63709444,WQC0151
TOV2929D,TOV2929D,TOV2929D_P57,recal,22,0.76,2,63709444,WQC0151
TOV2929D,TOV2929D,TOV2929D_P57,recal,23,0.75,2,63709444,WQC0151
TOV2929D,TOV2929D,TOV2929D_P57,recal,24,0.74,2,63709444,WQC0151
TOV2929D,TOV2929D,TOV2929D_P57,recal,25,0.72,2,63709444,WQC0151
TOV2929D,TOV2929D,TOV2929D_P57,recal,26,0.71,2,63709444,WQC0151
TOV2929D,TOV2929D,TOV2929D_P57,recal,27,0.7,2,63709444,WQC0151
TOV2929D,TOV2929D,TOV2929D_P57,recal,28,0.69,2,63709444,WQC0151
TOV2929D,TOV2929D,TOV2929D_P57,recal,29,0.67,2,63709444,WQC0151
TOV2929D,TOV2929D,TOV2929D_P57,recal,30,0.66,2,63709444,WQC0151
TOV2929D,TOV2929D,TOV2929D_P57,recal,31,0.65,2,63709444,WQC0151
TOV2929D,TOV2929D,TOV2929D_P57,recal,32,0.64,2,63709444,WQC0151
TOV2929D,TOV2929D,TOV2929D_P57,recal,33,0.63,2,63709444,WQC0151
TOV2929D,TOV2929D,TOV2929D_P57,recal,34,0.62,2,63709444,WQC0151
TOV2929D,TOV2929D,TOV2929D_P57,recal,35,0.6,2,63709444,WQC0151
TOV2929D,TOV2929D,TOV2929D_P57,recal,36,0.59,2,63709444,WQC0151
TOV2929D,TOV2929D,TOV2929D_P57,recal,37,0.58,2,63709444,WQC0151
TOV2929D,TOV2929D,TOV2929D_P57,recal,38,0.57,2,63709444,WQC0151
TOV2929D,TOV2929D,TOV2929D_P57,recal,39,0.56,2,63709444,WQC0151
TOV2929D,TOV2929D,TOV2929D_P57,recal,40,0.55,2,63709444,WQC0151
TOV2929D,TOV2929D,TOV2929D_P57,recal,41,0.54,2,63709444,WQC0151
TOV2929D,TOV2929D,TOV2929D_P57,recal,42,0.53,2,63709444,WQC0151
TOV2929D,TOV2929D,TOV2929D_P57,recal,43,0.52,2,63709444,WQC0151
TOV2929D,TOV2929D,TOV2929D_P57,recal,44,0.51,2,63709444,WQC0151
TOV2929D,TOV2929D,TOV2929D_P57,recal,45,0.5,2,63709444,WQC0151
TOV2929D,TOV2929D,TOV2929D_P57,recal,46,0.49,2,63709444,WQC0151
TOV2929D,TOV2929D,TOV2929D_P57,recal,47,0.48,2,63709444,WQC0151
TOV2929D,TOV2929D,TOV2929D_P57,recal,48,0.48,2,63709444,WQC0151
TOV2929D,TOV2929D,TOV2929D_P57,recal,49,0.47,2,63709444,WQC0151
TOV2929D,TOV2929D,TOV2929D_P57,recal,50,0.46,2,63709444,WQC0151
TOV2929D,TOV2929D,TOV2929D_P57,recal,51,0.45,2,63709444,WQC0151
TOV2929D,TOV2929D,TOV2929D_P57,recal,52,0.44,2,63709444,WQC0151
TOV2929D,TOV2929D,TOV2929D_P57,recal,53,0.43,2,63709444,WQC0151
TOV2929D,TOV2929D,TOV2929D_P57,recal,54,0.43,2,63709444,WQC0151
TOV2929D,TOV2929D,TOV2929D_P57,recal,55,0.42,2,63709444,WQC0151
TOV2929D,TOV2929D,TOV2929D_P57,recal,56,0.41,2,63709444,WQC0151
TOV2929D,TOV2929D,TOV2929D_P57,recal,57,0.4,2,63709444,WQC0151
TOV2929D,TOV2929D,TOV2929D_P57,recal,58,0.4,2,63709444,WQC0151
TOV2929D,TOV2929D,TOV2929D_P57,recal,59,0.39,2,63709444,WQC0151
TOV2929D,TOV2929D,TOV2929D_P57,recal,60,0.38,2,63709444,WQC0151
TOV2929D,TOV2929D,TOV2929D_P57,recal,61,0.37,2,63709444,WQC0151
TOV2929D,TOV2929D,TOV2929D_P57,recal,62,0.37,2,63709444,WQC0151
TOV2929D,TOV2929D,TOV2929D_P57,recal,63,0.36,2,63709444,WQC0151
TOV2929D,TOV2929D,TOV2929D_P57,recal,64,0.35,2,63709444,WQC0151
TOV2929D,TOV2929D,TOV2929D_P57,recal,65,0.35,2,63709444,WQC0151
TOV2929D,TOV2929D,TOV2929D_P57,recal,66,0.34,2,63709444,WQC0151
TOV2929D,TOV2929D,TOV2929D_P57,recal,67,0.34,2,63709444,WQC0151
TOV2929D,TOV2929D,TOV2929D_P57,recal,68,0.33,2,63709444,WQC0151
TOV2929D,TOV2929D,TOV2929D_P57,recal,69,0.32,2,63709444,WQC0151
TOV2929D,TOV2929D,TOV2929D_P57,recal,70,0.32,2,63709444,WQC0151
TOV2929D,TOV2929D,TOV2929D_P57,recal,71,0.31,2,63709444,WQC0151
TOV2929D,TOV2929D,TOV2929D_P57,recal,72,0.31,2,63709444,WQC0151
TOV2929D,TOV2929D,TOV2929D_P57,recal,73,0.3,2,63709444,WQC0151
TOV2929D,TOV2929D,TOV2929D_P57,recal,74,0.3,2,63709444,WQC0151
TOV2929D,TOV2929D,TOV2929D_P57,recal,75,0.29,2,63709444,WQC0151
TOV2929D,TOV2929D,TOV2929D_P57,recal,76,0.28,2,63709444,WQC0151
TOV2929D,TOV2929D,TOV2929D_P57,recal,77,0.28,2,63709444,WQC0151
TOV2929D,TOV2929D,TOV2929D_P57,recal,78,0.27,2,63709444,WQC0151
TOV2929D,TOV2929D,TOV2929D_P57,recal,79,0.27,2,63709444,WQC0151
TOV2929D,TOV2929D,TOV2929D_P57,recal,80,0.26,2,63709444,WQC0151
TOV2929D,TOV2929D,TOV2929D_P57,recal,81,0.26,2,63709444,WQC0151
TOV2929D,TOV2929D,TOV2929D_P57,recal,82,0.26,2,63709444,WQC0151
TOV2929D,TOV2929D,TOV2929D_P57,recal,83,0.25,2,63709444,WQC0151
TOV2929D,TOV2929D,TOV2929D_P57,recal,84,0.25,2,63709444,WQC0151
TOV2929D,TOV2929D,TOV2929D_P57,recal,85,0.24,2,63709444,WQC0151
TOV2929D,TOV2929D,TOV2929D_P57,recal,86,0.24,2,63709444,WQC0151
TOV2929D,TOV2929D,TOV2929D_P57,recal,87,0.23,2,63709444,WQC0151
TOV2929D,TOV2929D,TOV2929D_P57,recal,88,0.23,2,63709444,WQC0151
TOV2929D,TOV2929D,TOV2929D_P57,recal,89,0.23,2,63709444,WQC0151
TOV2929D,TOV2929D,TOV2929D_P57,recal,90,0.22,2,63709444,WQC0151
TOV2929D,TOV2929D,TOV2929D_P57,recal,91,0.22,2,63709444,WQC0151
TOV2929D,TOV2929D,TOV2929D_P57,recal,92,0.21,2,63709444,WQC0151
TOV2929D,TOV2929D,TOV2929D_P57,recal,93,0.21,2,63709444,WQC0151
TOV2929D,TOV2929D,TOV2929D_P57,recal,94,0.21,2,63709444,WQC0151
TOV2929D,TOV2929D,TOV2929D_P57,recal,95,0.2,2,63709444,WQC0151
TOV2929D,TOV2929D,TOV2929D_P57,recal,96,0.2,2,63709444,WQC0151
TOV2929D,TOV2929D,TOV2929D_P57,recal,97,0.2,2,63709444,WQC0151
TOV2929D,TOV2929D,TOV2929D_P57,recal,98,0.19,2,63709444,WQC0151
TOV2929D,TOV2929D,TOV2929D_P57,recal,99,0.19,2,63709444,WQC0151
TOV2929D,TOV2929D,TOV2929D_P57,recal,100,0.19,2,63709444,WQC0151
TOV2929D,TOV2929D,TOV2929D_P57,recal,101,0.18,2,63709444,WQC0151
TOV2929D,TOV2929D,TOV2929D_P57,recal,102,0.18,2,63709444,WQC0151
TOV2929D,TOV2929D,TOV2929D_P57,recal,103,0.18,2,63709444,WQC0151
TOV2929D,TOV2929D,TOV2929D_P57,recal,104,0.17,2,63709444,WQC0151
TOV2929D,TOV2929D,TOV2929D_P57,recal,105,0.17,2,63709444,WQC0151
TOV2929D,TOV2929D,TOV2929D_P57,recal,106,0.17,2,63709444,WQC0151
TOV2929D,TOV2929D,TOV2929D_P57,recal,107,0.17,2,63709444,WQC0151
TOV2929D,TOV2929D,TOV2929D_P57,recal,108,0.16,2,63709444,WQC0151
TOV2929D,TOV2929D,TOV2929D_P57,recal,109,0.16,2,63709444,WQC0151
TOV2929D,TOV2929D,TOV2929D_P57,recal,110,0.16,2,63709444,WQC0151
TOV2929D,TOV2929D,TOV2929D_P57,recal,111,0.16,2,63709444,WQC0151
TOV2929D,TOV2929D,TOV2929D_P57,recal,112,0.15,2,63709444,WQC0151
TOV2929D,TOV2929D,TOV2929D_P57,recal,113,0.15,2,63709444,WQC0151
TOV2929D,TOV2929D,TOV2929D_P57,recal,114,0.15,2,63709444,WQC0151
TOV2929D,TOV2929D,TOV2929D_P57,recal,115,0.15,2,63709444,WQC0151
TOV2929D,TOV2929D,TOV2929D_P57,recal,116,0.14,2,63709444,WQC0151
TOV2929D,TOV2929D,TOV2929D_P57,recal,117,0.14,2,63709444,WQC0151
TOV2929D,TOV2929D,TOV2929D_P57,recal,118,0.14,2,63709444,WQC0151
TOV2929D,TOV2929D,TOV2929D_P57,recal,119,0.14,2,63709444,WQC0151
TOV2929D,TOV2929D,TOV2929D_P57,recal,120,0.13,2,63709444,WQC0151
TOV2929D,TOV2929D,TOV2929D_P57,recal,121,0.13,2,63709444,WQC0151
TOV2929D,TOV2929D,TOV2929D_P57,recal,122,0.13,2,63709444,WQC0151
TOV2929D,TOV2929D,TOV2929D_P57,recal,123,0.13,2,63709444,WQC0151
TOV2929D,TOV2929D,TOV2929D_P57,recal,124,0.13,2,63709444,WQC0151
TOV2929D,TOV2929D,TOV2929D_P57,recal,125,0.12,2,63709444,WQC0151
TOV2929D,TOV2929D,TOV2929D_P57,recal,126,0.12,2,63709444,WQC0151
TOV2929D,TOV2929D,TOV2929D_P57,recal,127,0.12,2,63709444,WQC0151
TOV2929D,TOV2929D,TOV2929D_P57,recal,128,0.12,2,63709444,WQC0151
TOV2929D,TOV2929D,TOV2929D_P57,recal,129,0.12,2,63709444,WQC0151
TOV2929D,TOV2929D,TOV2929D_P57,recal,130,0.12,2,63709444,WQC0151
TOV2929D,TOV2929D,TOV2929D_P57,recal,131,0.11,2,63709444,WQC0151
TOV2929D,TOV2929D,TOV2929D_P57,recal,132,0.11,2,63709444,WQC0151
TOV2929D,TOV2929D,TOV2929D_P57,recal,133,0.11,2,63709444,WQC0151
TOV2929D,TOV2929D,TOV2929D_P57,recal,134,0.11,2,63709444,WQC0151
TOV2929D,TOV2929D,TOV2929D_P57,recal,135,0.11,2,63709444,WQC0151
TOV2929D,TOV2929D,TOV2929D_P57,recal,136,0.11,2,63709444,WQC0151
TOV2929D,TOV2929D,TOV2929D_P57,recal,137,0.1,2,63709444,WQC0151
TOV2929D,TOV2929D,TOV2929D_P57,recal,138,0.1,2,63709444,WQC0151
TOV2929D,TOV2929D,TOV2929D_P57,recal,139,0.1,2,63709444,WQC0151
TOV2929D,TOV2929D,TOV2929D_P57,recal,140,0.1,2,63709444,WQC0151
TOV2929D,TOV2929D,TOV2929D_P57,recal,141,0.1,2,63709444,WQC0151
TOV2929D,TOV2929D,TOV2929D_P57,recal,142,0.1,2,63709444,WQC0151
TOV2929D,TOV2929D,TOV2929D_P57,recal,143,0.1,2,63709444,WQC0151
TOV2929D,TOV2929D,TOV2929D_P57,recal,144,0.09,2,63709444,WQC0151
TOV2929D,TOV2929D,TOV2929D_P57,recal,145,0.09,2,63709444,WQC0151
TOV2929D,TOV2929D,TOV2929D_P57,recal,146,0.09,2,63709444,WQC0151
TOV2929D,TOV2929D,TOV2929D_P57,recal,147,0.09,2,63709444,WQC0151
TOV2929D,TOV2929D,TOV2929D_P57,recal,148,0.09,2,63709444,WQC0151
TOV2929D,TOV2929D,TOV2929D_P57,recal,149,0.09,2,63709444,WQC0151
TOV2929D,TOV2929D,TOV2929D_P57,recal,150,0.09,2,63709444,WQC0151
TOV3121D,3121,TOV3121D_P68,md,0,1.0,2,63709951,WQC0156
TOV3121D,3121,TOV3121D_P68,md,1,0.99,2,63709951,WQC0156
TOV3121D,3121,TOV3121D_P68,md,2,0.99,2,63709951,WQC0156
TOV3121D,3121,TOV3121D_P68,md,3,0.99,2,63709951,WQC0156
TOV3121D,3121,TOV3121D_P68,md,4,0.98,2,63709951,WQC0156
TOV3121D,3121,TOV3121D_P68,md,5,0.98,2,63709951,WQC0156
TOV3121D,3121,TOV3121D_P68,md,6,0.98,2,63709951,WQC0156
TOV3121D,3121,TOV3121D_P68,md,7,0.97,2,63709951,WQC0156
TOV3121D,3121,TOV3121D_P68,md,8,0.97,2,63709951,WQC0156
TOV3121D,3121,TOV3121D_P68,md,9,0.96,2,63709951,WQC0156
TOV3121D,3121,TOV3121D_P68,md,10,0.96,2,63709951,WQC0156
TOV3121D,3121,TOV3121D_P68,md,11,0.95,2,63709951,WQC0156
TOV3121D,3121,TOV3121D_P68,md,12,0.95,2,63709951,WQC0156
TOV3121D,3121,TOV3121D_P68,md,13,0.94,2,63709951,WQC0156
TOV3121D,3121,TOV3121D_P68,md,14,0.93,2,63709951,WQC0156
TOV3121D,3121,TOV3121D_P68,md,15,0.93,2,63709951,WQC0156
TOV3121D,3121,TOV3121D_P68,md,16,0.92,2,63709951,WQC0156
TOV3121D,3121,TOV3121D_P68,md,17,0.91,2,63709951,WQC0156
TOV3121D,3121,TOV3121D_P68,md,18,0.9,2,63709951,WQC0156
TOV3121D,3121,TOV3121D_P68,md,19,0.89,2,63709951,WQC0156
TOV3121D,3121,TOV3121D_P68,md,20,0.88,2,63709951,WQC0156
TOV3121D,3121,TOV3121D_P68,md,21,0.88,2,63709951,WQC0156
TOV3121D,3121,TOV3121D_P68,md,22,0.87,2,63709951,WQC0156
TOV3121D,3121,TOV3121D_P68,md,23,0.86,2,63709951,WQC0156
TOV3121D,3121,TOV3121D_P68,md,24,0.85,2,63709951,WQC0156
TOV3121D,3121,TOV3121D_P68,md,25,0.84,2,63709951,WQC0156
TOV3121D,3121,TOV3121D_P68,md,26,0.83,2,63709951,WQC0156
TOV3121D,3121,TOV3121D_P68,md,27,0.82,2,63709951,WQC0156
TOV3121D,3121,TOV3121D_P68,md,28,0.81,2,63709951,WQC0156
TOV3121D,3121,TOV3121D_P68,md,29,0.8,2,63709951,WQC0156
TOV3121D,3121,TOV3121D_P68,md,30,0.79,2,63709951,WQC0156
TOV3121D,3121,TOV3121D_P68,md,31,0.77,2,63709951,WQC0156
TOV3121D,3121,TOV3121D_P68,md,32,0.76,2,63709951,WQC0156
TOV3121D,3121,TOV3121D_P68,md,33,0.75,2,63709951,WQC0156
TOV3121D,3121,TOV3121D_P68,md,34,0.74,2,63709951,WQC0156
TOV3121D,3121,TOV3121D_P68,md,35,0.73,2,63709951,WQC0156
TOV3121D,3121,TOV3121D_P68,md,36,0.72,2,63709951,WQC0156
TOV3121D,3121,TOV3121D_P68,md,37,0.71,2,63709951,WQC0156
TOV3121D,3121,TOV3121D_P68,md,38,0.7,2,63709951,WQC0156
TOV3121D,3121,TOV3121D_P68,md,39,0.69,2,63709951,WQC0156
TOV3121D,3121,TOV3121D_P68,md,40,0.68,2,63709951,WQC0156
TOV3121D,3121,TOV3121D_P68,md,41,0.67,2,63709951,WQC0156
TOV3121D,3121,TOV3121D_P68,md,42,0.66,2,63709951,WQC0156
TOV3121D,3121,TOV3121D_P68,md,43,0.64,2,63709951,WQC0156
TOV3121D,3121,TOV3121D_P68,md,44,0.63,2,63709951,WQC0156
TOV3121D,3121,TOV3121D_P68,md,45,0.62,2,63709951,WQC0156
TOV3121D,3121,TOV3121D_P68,md,46,0.61,2,63709951,WQC0156
TOV3121D,3121,TOV3121D_P68,md,47,0.6,2,63709951,WQC0156
TOV3121D,3121,TOV3121D_P68,md,48,0.59,2,63709951,WQC0156
TOV3121D,3121,TOV3121D_P68,md,49,0.58,2,63709951,WQC0156
TOV3121D,3121,TOV3121D_P68,md,50,0.57,2,63709951,WQC0156
TOV3121D,3121,TOV3121D_P68,md,51,0.56,2,63709951,WQC0156
TOV3121D,3121,TOV3121D_P68,md,52,0.55,2,63709951,WQC0156
TOV3121D,3121,TOV3121D_P68,md,53,0.54,2,63709951,WQC0156
TOV3121D,3121,TOV3121D_P68,md,54,0.53,2,63709951,WQC0156
TOV3121D,3121,TOV3121D_P68,md,55,0.53,2,63709951,WQC0156
TOV3121D,3121,TOV3121D_P68,md,56,0.52,2,63709951,WQC0156
TOV3121D,3121,TOV3121D_P68,md,57,0.51,2,63709951,WQC0156
TOV3121D,3121,TOV3121D_P68,md,58,0.5,2,63709951,WQC0156
TOV3121D,3121,TOV3121D_P68,md,59,0.49,2,63709951,WQC0156
TOV3121D,3121,TOV3121D_P68,md,60,0.48,2,63709951,WQC0156
TOV3121D,3121,TOV3121D_P68,md,61,0.47,2,63709951,WQC0156
TOV3121D,3121,TOV3121D_P68,md,62,0.46,2,63709951,WQC0156
TOV3121D,3121,TOV3121D_P68,md,63,0.46,2,63709951,WQC0156
TOV3121D,3121,TOV3121D_P68,md,64,0.45,2,63709951,WQC0156
TOV3121D,3121,TOV3121D_P68,md,65,0.44,2,63709951,WQC0156
TOV3121D,3121,TOV3121D_P68,md,66,0.43,2,63709951,WQC0156
TOV3121D,3121,TOV3121D_P68,md,67,0.42,2,63709951,WQC0156
TOV3121D,3121,TOV3121D_P68,md,68,0.42,2,63709951,WQC0156
TOV3121D,3121,TOV3121D_P68,md,69,0.41,2,63709951,WQC0156
TOV3121D,3121,TOV3121D_P68,md,70,0.4,2,63709951,WQC0156
TOV3121D,3121,TOV3121D_P68,md,71,0.39,2,63709951,WQC0156
TOV3121D,3121,TOV3121D_P68,md,72,0.39,2,63709951,WQC0156
TOV3121D,3121,TOV3121D_P68,md,73,0.38,2,63709951,WQC0156
TOV3121D,3121,TOV3121D_P68,md,74,0.37,2,63709951,WQC0156
TOV3121D,3121,TOV3121D_P68,md,75,0.37,2,63709951,WQC0156
TOV3121D,3121,TOV3121D_P68,md,76,0.36,2,63709951,WQC0156
TOV3121D,3121,TOV3121D_P68,md,77,0.35,2,63709951,WQC0156
TOV3121D,3121,TOV3121D_P68,md,78,0.35,2,63709951,WQC0156
TOV3121D,3121,TOV3121D_P68,md,79,0.34,2,63709951,WQC0156
TOV3121D,3121,TOV3121D_P68,md,80,0.33,2,63709951,WQC0156
TOV3121D,3121,TOV3121D_P68,md,81,0.33,2,63709951,WQC0156
TOV3121D,3121,TOV3121D_P68,md,82,0.32,2,63709951,WQC0156
TOV3121D,3121,TOV3121D_P68,md,83,0.32,2,63709951,WQC0156
TOV3121D,3121,TOV3121D_P68,md,84,0.31,2,63709951,WQC0156
TOV3121D,3121,TOV3121D_P68,md,85,0.31,2,63709951,WQC0156
TOV3121D,3121,TOV3121D_P68,md,86,0.3,2,63709951,WQC0156
TOV3121D,3121,TOV3121D_P68,md,87,0.29,2,63709951,WQC0156
TOV3121D,3121,TOV3121D_P68,md,88,0.29,2,63709951,WQC0156
TOV3121D,3121,TOV3121D_P68,md,89,0.28,2,63709951,WQC0156
TOV3121D,3121,TOV3121D_P68,md,90,0.28,2,63709951,WQC0156
TOV3121D,3121,TOV3121D_P68,md,91,0.27,2,63709951,WQC0156
TOV3121D,3121,TOV3121D_P68,md,92,0.27,2,63709951,WQC0156
TOV3121D,3121,TOV3121D_P68,md,93,0.27,2,63709951,WQC0156
TOV3121D,3121,TOV3121D_P68,md,94,0.26,2,63709951,WQC0156
TOV3121D,3121,TOV3121D_P68,md,95,0.26,2,63709951,WQC0156
TOV3121D,3121,TOV3121D_P68,md,96,0.25,2,63709951,WQC0156
TOV3121D,3121,TOV3121D_P68,md,97,0.25,2,63709951,WQC0156
TOV3121D,3121,TOV3121D_P68,md,98,0.24,2,63709951,WQC0156
TOV3121D,3121,TOV3121D_P68,md,99,0.24,2,63709951,WQC0156
TOV3121D,3121,TOV3121D_P68,md,100,0.23,2,63709951,WQC0156
TOV3121D,3121,TOV3121D_P68,md,101,0.23,2,63709951,WQC0156
TOV3121D,3121,TOV3121D_P68,md,102,0.23,2,63709951,WQC0156
TOV3121D,3121,TOV3121D_P68,md,103,0.22,2,63709951,WQC0156
TOV3121D,3121,TOV3121D_P68,md,104,0.22,2,63709951,WQC0156
TOV3121D,3121,TOV3121D_P68,md,105,0.22,2,63709951,WQC0156
TOV3121D,3121,TOV3121D_P68,md,106,0.21,2,63709951,WQC0156
TOV3121D,3121,TOV3121D_P68,md,107,0.21,2,63709951,WQC0156
TOV3121D,3121,TOV3121D_P68,md,108,0.21,2,63709951,WQC0156
TOV3121D,3121,TOV3121D_P68,md,109,0.2,2,63709951,WQC0156
TOV3121D,3121,TOV3121D_P68,md,110,0.2,2,63709951,WQC0156
TOV3121D,3121,TOV3121D_P68,md,111,0.2,2,63709951,WQC0156
TOV3121D,3121,TOV3121D_P68,md,112,0.19,2,63709951,WQC0156
TOV3121D,3121,TOV3121D_P68,md,113,0.19,2,63709951,WQC0156
TOV3121D,3121,TOV3121D_P68,md,114,0.19,2,63709951,WQC0156
TOV3121D,3121,TOV3121D_P68,md,115,0.18,2,63709951,WQC0156
TOV3121D,3121,TOV3121D_P68,md,116,0.18,2,63709951,WQC0156
TOV3121D,3121,TOV3121D_P68,md,117,0.18,2,63709951,WQC0156
TOV3121D,3121,TOV3121D_P68,md,118,0.17,2,63709951,WQC0156
TOV3121D,3121,TOV3121D_P68,md,119,0.17,2,63709951,WQC0156
TOV3121D,3121,TOV3121D_P68,md,120,0.17,2,63709951,WQC0156
TOV3121D,3121,TOV3121D_P68,md,121,0.17,2,63709951,WQC0156
TOV3121D,3121,TOV3121D_P68,md,122,0.16,2,63709951,WQC0156
TOV3121D,3121,TOV3121D_P68,md,123,0.16,2,63709951,WQC0156
TOV3121D,3121,TOV3121D_P68,md,124,0.16,2,63709951,WQC0156
TOV3121D,3121,TOV3121D_P68,md,125,0.16,2,63709951,WQC0156
TOV3121D,3121,TOV3121D_P68,md,126,0.15,2,63709951,WQC0156
TOV3121D,3121,TOV3121D_P68,md,127,0.15,2,63709951,WQC0156
TOV3121D,3121,TOV3121D_P68,md,128,0.15,2,63709951,WQC0156
TOV3121D,3121,TOV3121D_P68,md,129,0.15,2,63709951,WQC0156
TOV3121D,3121,TOV3121D_P68,md,130,0.14,2,63709951,WQC0156
TOV3121D,3121,TOV3121D_P68,md,131,0.14,2,63709951,WQC0156
TOV3121D,3121,TOV3121D_P68,md,132,0.14,2,63709951,WQC0156
TOV3121D,3121,TOV3121D_P68,md,133,0.14,2,63709951,WQC0156
TOV3121D,3121,TOV3121D_P68,md,134,0.14,2,63709951,WQC0156
TOV3121D,3121,TOV3121D_P68,md,135,0.13,2,63709951,WQC0156
TOV3121D,3121,TOV3121D_P68,md,136,0.13,2,63709951,WQC0156
TOV3121D,3121,TOV3121D_P68,md,137,0.13,2,63709951,WQC0156
TOV3121D,3121,TOV3121D_P68,md,138,0.13,2,63709951,WQC0156
TOV3121D,3121,TOV3121D_P68,md,139,0.13,2,63709951,WQC0156
TOV3121D,3121,TOV3121D_P68,md,140,0.12,2,63709951,WQC0156
TOV3121D,3121,TOV3121D_P68,md,141,0.12,2,63709951,WQC0156
TOV3121D,3121,TOV3121D_P68,md,142,0.12,2,63709951,WQC0156
TOV3121D,3121,TOV3121D_P68,md,143,0.12,2,63709951,WQC0156
TOV3121D,3121,TOV3121D_P68,md,144,0.12,2,63709951,WQC0156
TOV3121D,3121,TOV3121D_P68,md,145,0.12,2,63709951,WQC0156
TOV3121D,3121,TOV3121D_P68,md,146,0.11,2,63709951,WQC0156
TOV3121D,3121,TOV3121D_P68,md,147,0.11,2,63709951,WQC0156
TOV3121D,3121,TOV3121D_P68,md,148,0.11,2,63709951,WQC0156
TOV3121D,3121,TOV3121D_P68,md,149,0.11,2,63709951,WQC0156
TOV3121D,3121,TOV3121D_P68,md,150,0.11,2,63709951,WQC0156
TOV3121D,3121,TOV3121D_P68,recal,0,1.0,2,63709444,WQC0159
TOV3121D,3121,TOV3121D_P68,recal,1,0.99,2,63709444,WQC0159
TOV3121D,3121,TOV3121D_P68,recal,2,0.99,2,63709444,WQC0159
TOV3121D,3121,TOV3121D_P68,recal,3,0.99,2,63709444,WQC0159
TOV3121D,3121,TOV3121D_P68,recal,4,0.98,2,63709444,WQC0159
TOV3121D,3121,TOV3121D_P68,recal,5,0.98,2,63709444,WQC0159
TOV3121D,3121,TOV3121D_P68,recal,6,0.98,2,63709444,WQC0159
TOV3121D,3121,TOV3121D_P68,recal,7,0.97,2,63709444,WQC0159
TOV3121D,3121,TOV3121D_P68,recal,8,0.97,2,63709444,WQC0159
TOV3121D,3121,TOV3121D_P68,recal,9,0.96,2,63709444,WQC0159
TOV3121D,3121,TOV3121D_P68,recal,10,0.96,2,63709444,WQC0159
TOV3121D,3121,TOV3121D_P68,recal,11,0.95,2,63709444,WQC0159
TOV3121D,3121,TOV3121D_P68,recal,12,0.95,2,63709444,WQC0159
TOV3121D,3121,TOV3121D_P68,recal,13,0.94,2,63709444,WQC0159
TOV3121D,3121,TOV3121D_P68,recal,14,0.93,2,63709444,WQC0159
TOV3121D,3121,TOV3121D_P68,recal,15,0.93,2,63709444,WQC0159
TOV3121D,3121,TOV3121D_P68,recal,16,0.92,2,63709444,WQC0159
TOV3121D,3121,TOV3121D_P68,recal,17,0.91,2,63709444,WQC0159
TOV3121D,3121,TOV3121D_P68,recal,18,0.9,2,63709444,WQC0159
TOV3121D,3121,TOV3121D_P68,recal,19,0.89,2,63709444,WQC0159
TOV3121D,3121,TOV3121D_P68,recal,20,0.88,2,63709444,WQC0159
TOV3121D,3121,TOV3121D_P68,recal,21,0.88,2,63709444,WQC0159
TOV3121D,3121,TOV3121D_P68,recal,22,0.87,2,63709444,WQC0159
TOV3121D,3121,TOV3121D_P68,recal,23,0.86,2,63709444,WQC0159
TOV3121D,3121,TOV3121D_P68,recal,24,0.85,2,63709444,WQC0159
TOV3121D,3121,TOV3121D_P68,recal,25,0.84,2,63709444,WQC0159
TOV3121D,3121,TOV3121D_P68,recal,26,0.83,2,63709444,WQC0159
TOV3121D,3121,TOV3121D_P68,recal,27,0.82,2,63709444,WQC0159
TOV3121D,3121,TOV3121D_P68,recal,28,0.81,2,63709444,WQC0159
TOV3121D,3121,TOV3121D_P68,recal,29,0.8,2,63709444,WQC0159
TOV3121D,3121,TOV3121D_P68,recal,30,0.79,2,63709444,WQC0159
TOV3121D,3121,TOV3121D_P68,recal,31,0.77,2,63709444,WQC0159
TOV3121D,3121,TOV3121D_P68,recal,32,0.76,2,63709444,WQC0159
TOV3121D,3121,TOV3121D_P68,recal,33,0.75,2,63709444,WQC0159
TOV3121D,3121,TOV3121D_P68,recal,34,0.74,2,63709444,WQC0159
TOV3121D,3121,TOV3121D_P68,recal,35,0.73,2,63709444,WQC0159
TOV3121D,3121,TOV3121D_P68,recal,36,0.72,2,63709444,WQC0159
TOV3121D,3121,TOV3121D_P68,recal,37,0.71,2,63709444,WQC0159
TOV3121D,3121,TOV3121D_P68,recal,38,0.7,2,63709444,WQC0159
TOV3121D,3121,TOV3121D_P68,recal,39,0.69,2,63709444,WQC0159
TOV3121D,3121,TOV3121D_P68,recal,40,0.68,2,63709444,WQC0159
TOV3121D,3121,TOV3121D_P68,recal,41,0.67,2,63709444,WQC0159
TOV3121D,3121,TOV3121D_P68,recal,42,0.66,2,63709444,WQC0159
TOV3121D,3121,TOV3121D_P68,recal,43,0.64,2,63709444,WQC0159
TOV3121D,3121,TOV3121D_P68,recal,44,0.63,2,63709444,WQC0159
TOV3121D,3121,TOV3121D_P68,recal,45,0.62,2,63709444,WQC0159
TOV3121D,3121,TOV3121D_P68,recal,46,0.61,2,63709444,WQC0159
TOV3121D,3121,TOV3121D_P68,recal,47,0.6,2,63709444,WQC0159
TOV3121D,3121,TOV3121D_P68,recal,48,0.59,2,63709444,WQC0159
TOV3121D,3121,TOV3121D_P68,recal,49,0.58,2,63709444,WQC0159
TOV3121D,3121,TOV3121D_P68,recal,50,0.57,2,63709444,WQC0159
TOV3121D,3121,TOV3121D_P68,recal,51,0.56,2,63709444,WQC0159
TOV3121D,3121,TOV3121D_P68,recal,52,0.55,2,63709444,WQC0159
TOV3121D,3121,TOV3121D_P68,recal,53,0.54,2,63709444,WQC0159
TOV3121D,3121,TOV3121D_P68,recal,54,0.53,2,63709444,WQC0159
TOV3121D,3121,TOV3121D_P68,recal,55,0.53,2,63709444,WQC0159
TOV3121D,3121,TOV3121D_P68,recal,56,0.52,2,63709444,WQC0159
TOV3121D,3121,TOV3121D_P68,recal,57,0.51,2,63709444,WQC0159
TOV3121D,3121,TOV3121D_P68,recal,58,0.5,2,63709444,WQC0159
TOV3121D,3121,TOV3121D_P68,recal,59,0.49,2,63709444,WQC0159
TOV3121D,3121,TOV3121D_P68,recal,60,0.48,2,63709444,WQC0159
TOV3121D,3121,TOV3121D_P68,recal,61,0.47,2,63709444,WQC0159
TOV3121D,3121,TOV3121D_P68,recal,62,0.46,2,63709444,WQC0159
TOV3121D,3121,TOV3121D_P68,recal,63,0.46,2,63709444,WQC0159
TOV3121D,3121,TOV3121D_P68,recal,64,0.45,2,63709444,WQC0159
TOV3121D,3121,TOV3121D_P68,recal,65,0.44,2,63709444,WQC0159
TOV3121D,3121,TOV3121D_P68,recal,66,0.43,2,63709444,WQC0159
TOV3121D,3121,TOV3121D_P68,recal,67,0.42,2,63709444,WQC0159
TOV3121D,3121,TOV3121D_P68,recal,68,0.42,2,63709444,WQC0159
TOV3121D,3121,TOV3121D_P68,recal,69,0.41,2,63709444,WQC0159
TOV3121D,3121,TOV3121D_P68,recal,70,0.4,2,63709444,WQC0159
TOV3121D,3121,TOV3121D_P68,recal,71,0.39,2,63709444,WQC0159
TOV3121D,3121,TOV3121D_P68,recal,72,0.39,2,63709444,WQC0159
TOV3121D,3121,TOV3121D_P68,recal,73,0.38,2,63709444,WQC0159
TOV3121D,3121,TOV3121D_P68,recal,74,0.37,2,63709444,WQC0159
TOV3121D,3121,TOV3121D_P68,recal,75,0.37,2,63709444,WQC0159
TOV3121D,3121,TOV3121D_P68,recal,76,0.36,2,63709444,WQC0159
TOV3121D,3121,TOV3121D_P68,recal,77,0.35,2,63709444,WQC0159
TOV3121D,3121,TOV3121D_P68,recal,78,0.35,2,63709444,WQC0159
TOV3121D,3121,TOV3121D_P68,recal,79,0.34,2,63709444,WQC0159
TOV3121D,3121,TOV3121D_P68,recal,80,0.33,2,63709444,WQC0159
TOV3121D,3121,TOV3121D_P68,recal,81,0.33,2,63709444,WQC0159
TOV3121D,3121,TOV3121D_P68,recal,82,0.32,2,63709444,WQC0159
TOV3121D,3121,TOV3121D_P68,recal,83,0.32,2,63709444,WQC0159
TOV3121D,3121,TOV3121D_P68,recal,84,0.31,2,63709444,WQC0159
TOV3121D,3121,TOV3121D_P68,recal,85,0.31,2,63709444,WQC0159
TOV3121D,3121,TOV3121D_P68,recal,86,0.3,2,63709444,WQC0159
TOV3121D,3121,TOV3121D_P68,recal,87,0.29,2,63709444,WQC0159
TOV3121D,3121,TOV3121D_P68,recal,88,0.29,2,63709444,WQC0159
TOV3121D,3121,TOV3121D_P68,recal,89,0.28,2,63709444,WQC0159
TOV3121D,3121,TOV3121D_P68,recal,90,0.28,2,63709444,WQC0159
TOV3121D,3121,TOV3121D_P68,recal,91,0.27,2,63709444,WQC0159
TOV3121D,3121,TOV3121D_P68,recal,92,0.27,2,63709444,WQC0159
TOV3121D,3121,TOV3121D_P68,recal,93,0.27,2,63709444,WQC0159
TOV3121D,3121,TOV3121D_P68,recal,94,0.26,2,63709444,WQC0159
TOV3121D,3121,TOV3121D_P68,recal,95,0.26,2,63709444,WQC0159
TOV3121D,3121,TOV3121D_P68,recal,96,0.25,2,63709444,WQC0159
TOV3121D,3121,TOV3121D_P68,recal,97,0.25,2,63709444,WQC0159
TOV3121D,3121,TOV3121D_P68,recal,98,0.24,2,63709444,WQC0159
TOV3121D,3121,TOV3121D_P68,recal,99,0.24,2,63709444,WQC0159
TOV3121D,3121,TOV3121D_P68,recal,100,0.23,2,63709444,WQC0159
TOV3121D,3121,TOV3121D_P68,recal,101,0.23,2,63709444,WQC0159
TOV3121D,3121,TOV3121D_P68,recal,102,0.23,2,63709444,WQC0159
TOV3121D,3121,TOV3121D_P68,recal,103,0.22,2,63709444,WQC0159
TOV3121D,3121,TOV3121D_P68,recal,104,0.22,2,63709444,WQC0159
TOV3121D,3121,TOV3121D_P68,recal,105,0.22,2,63709444,WQC0159
TOV3121D,3121,TOV3121D_P68,recal,106,0.21,2,63709444,WQC0159
TOV3121D,3121,TOV3121D_P68,recal,107,0.21,2,63709444,WQC0159
TOV3121D,3121,TOV3121D_P68,recal,108,0.21,2,63709444,WQC0159
TOV3121D,3121,TOV3121D_P68,recal,109,0.2,2,63709444,WQC0159
TOV3121D,3121,TOV3121D_P68,recal,110,0.2,2,63709444,WQC0159
TOV3121D,3121,TOV3121D_P68,recal,111,0.2,2,63709444,WQC0159
TOV3121D,3121,TOV3121D_P68,recal,112,0.19,2,63709444,WQC0159
TOV3121D,3121,TOV3121D_P68,recal,113,0.19,2,63709444,WQC0159
TOV3121D,3121,TOV3121D_P68,recal,114,0.19,2,63709444,WQC0159
TOV3121D,3121,TOV3121D_P68,recal,115,0.18,2,63709444,WQC0159
TOV3121D,3121,TOV3121D_P68,recal,116,0.18,2,63709444,WQC0159
TOV3121D,3121,TOV3121D_P68,recal,117,0.18,2,63709444,WQC0159
TOV3121D,3121,TOV3121D_P68,recal,118,0.17,2,63709444,WQC0159
TOV3121D,3121,TOV3121D_P68,recal,119,0.17,2,63709444,WQC0159
TOV3121D,3121,TOV3121D_P68,recal,120,0.17,2,63709444,WQC0159
TOV3121D,3121,TOV3121D_P68,recal,121,0.17,2,63709444,WQC0159
TOV3121D,3121,TOV3121D_P68,recal,122,0.16,2,63709444,WQC0159
TOV3121D,3121,TOV3121D_P68,recal,123,0.16,2,63709444,WQC0159
TOV3121D,3121,TOV3121D_P68,recal,124,0.16,2,63709444,WQC0159
TOV3121D,3121,TOV3121D_P68,recal,125,0.16,2,63709444,WQC0159
TOV3121D,3121,TOV3121D_P68,recal,126,0.15,2,63709444,WQC0159
TOV3121D,3121,TOV3121D_P68,recal,127,0.15,2,63709444,WQC0159
TOV3121D,3121,TOV3121D_P68,recal,128,0.15,2,63709444,WQC0159
TOV3121D,3121,TOV3121D_P68,recal,129,0.15,2,63709444,WQC0159
TOV3121D,3121,TOV3121D_P68,recal,130,0.14,2,63709444,WQC0159
TOV3121D,3121,TOV3121D_P68,recal,131,0.14,2,63709444,WQC0159
TOV3121D,3121,TOV3121D_P68,recal,132,0.14,2,63709444,WQC0159
TOV3121D,3121,TOV3121D_P68,recal,133,0.14,2,63709444,WQC0159
TOV3121D,3121,TOV3121D_P68,recal,134,0.14,2,63709444,WQC0159
TOV3121D,3121,TOV3121D_P68,recal,135,0.13,2,63709444,WQC0159
TOV3121D,3121,TOV3121D_P68,recal,136,0.13,2,63709444,WQC0159
TOV3121D,3121,TOV3121D_P68,recal,137,0.13,2,63709444,WQC0159
TOV3121D,3121,TOV3121D_P68,recal,138,0.13,2,63709444,WQC0159
TOV3121D,3121,TOV3121D_P68,recal,139,0.13,2,63709444,WQC0159
TOV3121D,3121,TOV3121D_P68,recal,140,0.12,2,63709444,WQC0159
TOV3121D,3121,TOV3121D_P68,recal,141,0.12,2,63709444,WQC0159
TOV3121D,3121,TOV3121D_P68,recal,142,0.12,2,63709444,WQC0159
TOV3121D,3121,TOV3121D_P68,recal,143,0.12,2,63709444,WQC0159
TOV3121D,3121,TOV3121D_P68,recal,144,0.12,2,63709444,WQC0159
TOV3121D,3121,TOV3121D_P68,recal,145,0.12,2,63709444,WQC0159
TOV3121D,3121,TOV3121D_P68,recal,146,0.11,2,63709444,WQC0159
TOV3121D,3121,TOV3121D_P68,recal,147,0.11,2,63709444,WQC0159
TOV3121D,3121,TOV3121D_P68,recal,148,0.11,2,63709444,WQC0159
TOV3121D,3121,TOV3121D_P68,recal,149,0.11,2,63709444,WQC0159
TOV3121D,3121,TOV3121D_P68,recal,150,0.11,2,63709444,WQC0159
TOV3121EP,3121,TOV3121EP_P68,md,0,1.0,2,63709951,WQC0164
TOV3121EP,3121,TOV3121EP_P68,md,1,0.99,2,63709951,WQC0164
TOV3121EP,3121,TOV3121EP_P68,md,2,0.99,2,63709951,WQC0164
TOV3121EP,3121,TOV3121EP_P68,md,3,0.98,2,63709951,WQC0164
TOV3121EP,3121,TOV3121EP_P68,md,4,0.98,2,63709951,WQC0164
TOV3121EP,3121,TOV3121EP_P68,md,5,0.98,2,63709951,WQC0164
TOV3121EP,3121,TOV3121EP_P68,md,6,0.97,2,63709951,WQC0164
TOV3121EP,3121,TOV3121EP_P68,md,7,0.97,2,63709951,WQC0164
TOV3121EP,3121,TOV3121EP_P68,md,8,0.96,2,63709951,WQC0164
TOV3121EP,3121,TOV3121EP_P68,md,9,0.95,2,63709951,WQC0164
TOV3121EP,3121,TOV3121EP_P68,md,10,0.95,2,63709951,WQC0164
TOV3121EP,3121,TOV3121EP_P68,md,11,0.94,2,63709951,WQC0164
TOV3121EP,3121,TOV3121EP_P68,md,12,0.93,2,63709951,WQC0164
TOV3121EP,3121,TOV3121EP_P68,md,13,0.93,2,63709951,WQC0164
TOV3121EP,3121,TOV3121EP_P68,md,14,0.92,2,63709951,WQC0164
TOV3121EP,3121,TOV3121EP_P68,md,15,0.91,2,63709951,WQC0164
TOV3121EP,3121,TOV3121EP_P68,md,16,0.9,2,63709951,WQC0164
TOV3121EP,3121,TOV3121EP_P68,md,17,0.89,2,63709951,WQC0164
TOV3121EP,3121,TOV3121EP_P68,md,18,0.88,2,63709951,WQC0164
TOV3121EP,3121,TOV3121EP_P68,md,19,0.87,2,63709951,WQC0164
TOV3121EP,3121,TOV3121EP_P68,md,20,0.86,2,63709951,WQC0164
TOV3121EP,3121,TOV3121EP_P68,md,21,0.85,2,63709951,WQC0164
TOV3121EP,3121,TOV3121EP_P68,md,22,0.84,2,63709951,WQC0164
TOV3121EP,3121,TOV3121EP_P68,md,23,0.83,2,63709951,WQC0164
TOV3121EP,3121,TOV3121EP_P68,md,24,0.82,2,63709951,WQC0164
TOV3121EP,3121,TOV3121EP_P68,md,25,0.81,2,63709951,WQC0164
TOV3121EP,3121,TOV3121EP_P68,md,26,0.8,2,63709951,WQC0164
TOV3121EP,3121,TOV3121EP_P68,md,27,0.78,2,63709951,WQC0164
TOV3121EP,3121,TOV3121EP_P68,md,28,0.77,2,63709951,WQC0164
TOV3121EP,3121,TOV3121EP_P68,md,29,0.76,2,63709951,WQC0164
TOV3121EP,3121,TOV3121EP_P68,md,30,0.75,2,63709951,WQC0164
TOV3121EP,3121,TOV3121EP_P68,md,31,0.74,2,63709951,WQC0164
TOV3121EP,3121,TOV3121EP_P68,md,32,0.73,2,63709951,WQC0164
TOV3121EP,3121,TOV3121EP_P68,md,33,0.72,2,63709951,WQC0164
TOV3121EP,3121,TOV3121EP_P68,md,34,0.7,2,63709951,WQC0164
TOV3121EP,3121,TOV3121EP_P68,md,35,0.69,2,63709951,WQC0164
TOV3121EP,3121,TOV3121EP_P68,md,36,0.68,2,63709951,WQC0164
TOV3121EP,3121,TOV3121EP_P68,md,37,0.67,2,63709951,WQC0164
TOV3121EP,3121,TOV3121EP_P68,md,38,0.66,2,63709951,WQC0164
TOV3121EP,3121,TOV3121EP_P68,md,39,0.65,2,63709951,WQC0164
TOV3121EP,3121,TOV3121EP_P68,md,40,0.64,2,63709951,WQC0164
TOV3121EP,3121,TOV3121EP_P68,md,41,0.63,2,63709951,WQC0164
TOV3121EP,3121,TOV3121EP_P68,md,42,0.62,2,63709951,WQC0164
TOV3121EP,3121,TOV3121EP_P68,md,43,0.6,2,63709951,WQC0164
TOV3121EP,3121,TOV3121EP_P68,md,44,0.59,2,63709951,WQC0164
TOV3121EP,3121,TOV3121EP_P68,md,45,0.58,2,63709951,WQC0164
TOV3121EP,3121,TOV3121EP_P68,md,46,0.57,2,63709951,WQC0164
TOV3121EP,3121,TOV3121EP_P68,md,47,0.56,2,63709951,WQC0164
TOV3121EP,3121,TOV3121EP_P68,md,48,0.55,2,63709951,WQC0164
TOV3121EP,3121,TOV3121EP_P68,md,49,0.54,2,63709951,WQC0164
TOV3121EP,3121,TOV3121EP_P68,md,50,0.53,2,63709951,WQC0164
TOV3121EP,3121,TOV3121EP_P68,md,51,0.52,2,63709951,WQC0164
TOV3121EP,3121,TOV3121EP_P68,md,52,0.51,2,63709951,WQC0164
TOV3121EP,3121,TOV3121EP_P68,md,53,0.5,2,63709951,WQC0164
TOV3121EP,3121,TOV3121EP_P68,md,54,0.49,2,63709951,WQC0164
TOV3121EP,3121,TOV3121EP_P68,md,55,0.48,2,63709951,WQC0164
TOV3121EP,3121,TOV3121EP_P68,md,56,0.48,2,63709951,WQC0164
TOV3121EP,3121,TOV3121EP_P68,md,57,0.47,2,63709951,WQC0164
TOV3121EP,3121,TOV3121EP_P68,md,58,0.46,2,63709951,WQC0164
TOV3121EP,3121,TOV3121EP_P68,md,59,0.45,2,63709951,WQC0164
TOV3121EP,3121,TOV3121EP_P68,md,60,0.44,2,63709951,WQC0164
TOV3121EP,3121,TOV3121EP_P68,md,61,0.43,2,63709951,WQC0164
TOV3121EP,3121,TOV3121EP_P68,md,62,0.42,2,63709951,WQC0164
TOV3121EP,3121,TOV3121EP_P68,md,63,0.42,2,63709951,WQC0164
TOV3121EP,3121,TOV3121EP_P68,md,64,0.41,2,63709951,WQC0164
TOV3121EP,3121,TOV3121EP_P68,md,65,0.4,2,63709951,WQC0164
TOV3121EP,3121,TOV3121EP_P68,md,66,0.39,2,63709951,WQC0164
TOV3121EP,3121,TOV3121EP_P68,md,67,0.39,2,63709951,WQC0164
TOV3121EP,3121,TOV3121EP_P68,md,68,0.38,2,63709951,WQC0164
TOV3121EP,3121,TOV3121EP_P68,md,69,0.37,2,63709951,WQC0164
TOV3121EP,3121,TOV3121EP_P68,md,70,0.36,2,63709951,WQC0164
TOV3121EP,3121,TOV3121EP_P68,md,71,0.36,2,63709951,WQC0164
TOV3121EP,3121,TOV3121EP_P68,md,72,0.35,2,63709951,WQC0164
TOV3121EP,3121,TOV3121EP_P68,md,73,0.34,2,63709951,WQC0164
TOV3121EP,3121,TOV3121EP_P68,md,74,0.34,2,63709951,WQC0164
TOV3121EP,3121,TOV3121EP_P68,md,75,0.33,2,63709951,WQC0164
TOV3121EP,3121,TOV3121EP_P68,md,76,0.32,2,63709951,WQC0164
TOV3121EP,3121,TOV3121EP_P68,md,77,0.32,2,63709951,WQC0164
TOV3121EP,3121,TOV3121EP_P68,md,78,0.31,2,63709951,WQC0164
TOV3121EP,3121,TOV3121EP_P68,md,79,0.31,2,63709951,WQC0164
TOV3121EP,3121,TOV3121EP_P68,md,80,0.3,2,63709951,WQC0164
TOV3121EP,3121,TOV3121EP_P68,md,81,0.3,2,63709951,WQC0164
TOV3121EP,3121,TOV3121EP_P68,md,82,0.29,2,63709951,WQC0164
TOV3121EP,3121,TOV3121EP_P68,md,83,0.28,2,63709951,WQC0164
TOV3121EP,3121,TOV3121EP_P68,md,84,0.28,2,63709951,WQC0164
TOV3121EP,3121,TOV3121EP_P68,md,85,0.27,2,63709951,WQC0164
TOV3121EP,3121,TOV3121EP_P68,md,86,0.27,2,63709951,WQC0164
TOV3121EP,3121,TOV3121EP_P68,md,87,0.26,2,63709951,WQC0164
TOV3121EP,3121,TOV3121EP_P68,md,88,0.26,2,63709951,WQC0164
TOV3121EP,3121,TOV3121EP_P68,md,89,0.25,2,63709951,WQC0164
TOV3121EP,3121,TOV3121EP_P68,md,90,0.25,2,63709951,WQC0164
TOV3121EP,3121,TOV3121EP_P68,md,91,0.24,2,63709951,WQC0164
TOV3121EP,3121,TOV3121EP_P68,md,92,0.24,2,63709951,WQC0164
TOV3121EP,3121,TOV3121EP_P68,md,93,0.24,2,63709951,WQC0164
TOV3121EP,3121,TOV3121EP_P68,md,94,0.23,2,63709951,WQC0164
TOV3121EP,3121,TOV3121EP_P68,md,95,0.23,2,63709951,WQC0164
TOV3121EP,3121,TOV3121EP_P68,md,96,0.22,2,63709951,WQC0164
TOV3121EP,3121,TOV3121EP_P68,md,97,0.22,2,63709951,WQC0164
TOV3121EP,3121,TOV3121EP_P68,md,98,0.22,2,63709951,WQC0164
TOV3121EP,3121,TOV3121EP_P68,md,99,0.21,2,63709951,WQC0164
TOV3121EP,3121,TOV3121EP_P68,md,100,0.21,2,63709951,WQC0164
TOV3121EP,3121,TOV3121EP_P68,md,101,0.2,2,63709951,WQC0164
TOV3121EP,3121,TOV3121EP_P68,md,102,0.2,2,63709951,WQC0164
TOV3121EP,3121,TOV3121EP_P68,md,103,0.2,2,63709951,WQC0164
TOV3121EP,3121,TOV3121EP_P68,md,104,0.19,2,63709951,WQC0164
TOV3121EP,3121,TOV3121EP_P68,md,105,0.19,2,63709951,WQC0164
TOV3121EP,3121,TOV3121EP_P68,md,106,0.19,2,63709951,WQC0164
TOV3121EP,3121,TOV3121EP_P68,md,107,0.18,2,63709951,WQC0164
TOV3121EP,3121,TOV3121EP_P68,md,108,0.18,2,63709951,WQC0164
TOV3121EP,3121,TOV3121EP_P68,md,109,0.18,2,63709951,WQC0164
TOV3121EP,3121,TOV3121EP_P68,md,110,0.17,2,63709951,WQC0164
TOV3121EP,3121,TOV3121EP_P68,md,111,0.17,2,63709951,WQC0164
TOV3121EP,3121,TOV3121EP_P68,md,112,0.17,2,63709951,WQC0164
TOV3121EP,3121,TOV3121EP_P68,md,113,0.17,2,63709951,WQC0164
TOV3121EP,3121,TOV3121EP_P68,md,114,0.16,2,63709951,WQC0164
TOV3121EP,3121,TOV3121EP_P68,md,115,0.16,2,63709951,WQC0164
TOV3121EP,3121,TOV3121EP_P68,md,116,0.16,2,63709951,WQC0164
TOV3121EP,3121,TOV3121EP_P68,md,117,0.16,2,63709951,WQC0164
TOV3121EP,3121,TOV3121EP_P68,md,118,0.15,2,63709951,WQC0164
TOV3121EP,3121,TOV3121EP_P68,md,119,0.15,2,63709951,WQC0164
TOV3121EP,3121,TOV3121EP_P68,md,120,0.15,2,63709951,WQC0164
TOV3121EP,3121,TOV3121EP_P68,md,121,0.15,2,63709951,WQC0164
TOV3121EP,3121,TOV3121EP_P68,md,122,0.14,2,63709951,WQC0164
TOV3121EP,3121,TOV3121EP_P68,md,123,0.14,2,63709951,WQC0164
TOV3121EP,3121,TOV3121EP_P68,md,124,0.14,2,63709951,WQC0164
TOV3121EP,3121,TOV3121EP_P68,md,125,0.14,2,63709951,WQC0164
TOV3121EP,3121,TOV3121EP_P68,md,126,0.13,2,63709951,WQC0164
TOV3121EP,3121,TOV3121EP_P68,md,127,0.13,2,63709951,WQC0164
TOV3121EP,3121,TOV3121EP_P68,md,128,0.13,2,63709951,WQC0164
TOV3121EP,3121,TOV3121EP_P68,md,129,0.13,2,63709951,WQC0164
TOV3121EP,3121,TOV3121EP_P68,md,130,0.13,2,63709951,WQC0164
TOV3121EP,3121,TOV3121EP_P68,md,131,0.12,2,63709951,WQC0164
TOV3121EP,3121,TOV3121EP_P68,md,132,0.12,2,63709951,WQC0164
TOV3121EP,3121,TOV3121EP_P68,md,133,0.12,2,63709951,WQC0164
TOV3121EP,3121,TOV3121EP_P68,md,134,0.12,2,63709951,WQC0164
TOV3121EP,3121,TOV3121EP_P68,md,135,0.12,2,63709951,WQC0164
TOV3121EP,3121,TOV3121EP_P68,md,136,0.11,2,63709951,WQC0164
TOV3121EP,3121,TOV3121EP_P68,md,137,0.11,2,63709951,WQC0164
TOV3121EP,3121,TOV3121EP_P68,md,138,0.11,2,63709951,WQC0164
TOV3121EP,3121,TOV3121EP_P68,md,139,0.11,2,63709951,WQC0164
TOV3121EP,3121,TOV3121EP_P68,md,140,0.11,2,63709951,WQC0164
TOV3121EP,3121,TOV3121EP_P68,md,141,0.11,2,63709951,WQC0164
TOV3121EP,3121,TOV3121EP_P68,md,142,0.1,2,63709951,WQC0164
TOV3121EP,3121,TOV3121EP_P68,md,143,0.1,2,63709951,WQC0164
TOV3121EP,3121,TOV3121EP_P68,md,144,0.1,2,63709951,WQC0164
TOV3121EP,3121,TOV3121EP_P68,md,145,0.1,2,63709951,WQC0164
TOV3121EP,3121,TOV3121EP_P68,md,146,0.1,2,63709951,WQC0164
TOV3121EP,3121,TOV3121EP_P68,md,147,0.1,2,63709951,WQC0164
TOV3121EP,3121,TOV3121EP_P68,md,148,0.1,2,63709951,WQC0164
TOV3121EP,3121,TOV3121EP_P68,md,149,0.09,2,63709951,WQC0164
TOV3121EP,3121,TOV3121EP_P68,md,150,0.09,2,63709951,WQC0164
TOV3121EP,3121,TOV3121EP_P68,recal,0,1.0,2,63709444,WQC0167
TOV3121EP,3121,TOV3121EP_P68,recal,1,0.99,2,63709444,WQC0167
TOV3121EP,3121,TOV3121EP_P68,recal,2,0.99,2,63709444,WQC0167
TOV3121EP,3121,TOV3121EP_P68,recal,3,0.98,2,63709444,WQC0167
TOV3121EP,3121,TOV3121EP_P68,recal,4,0.98,2,63709444,WQC0167
TOV3121EP,3121,TOV3121EP_P68,recal,5,0.98,2,63709444,WQC0167
TOV3121EP,3121,TOV3121EP_P68,recal,6,0.97,2,63709444,WQC0167
TOV3121EP,3121,TOV3121EP_P68,recal,7,0.97,2,63709444,WQC0167
TOV3121EP,3121,TOV3121EP_P68,recal,8,0.96,2,63709444,WQC0167
TOV3121EP,3121,TOV3121EP_P68,recal,9,0.95,2,63709444,WQC0167
TOV3121EP,3121,TOV3121EP_P68,recal,10,0.95,2,63709444,WQC0167
TOV3121EP,3121,TOV3121EP_P68,recal,11,0.94,2,63709444,WQC0167
TOV3121EP,3121,TOV3121EP_P68,recal,12,0.93,2,63709444,WQC0167
TOV3121EP,3121,TOV3121EP_P68,recal,13,0.93,2,63709444,WQC0167
TOV3121EP,3121,TOV3121EP_P68,recal,14,0.92,2,63709444,WQC0167
TOV3121EP,3121,TOV3121EP_P68,recal,15,0.91,2,63709444,WQC0167
TOV3121EP,3121,TOV3121EP_P68,recal,16,0.9,2,63709444,WQC0167
TOV3121EP,3121,TOV3121EP_P68,recal,17,0.89,2,63709444,WQC0167
TOV3121EP,3121,TOV3121EP_P68,recal,18,0.88,2,63709444,WQC0167
TOV3121EP,3121,TOV3121EP_P68,recal,19,0.87,2,63709444,WQC0167
TOV3121EP,3121,TOV3121EP_P68,recal,20,0.86,2,63709444,WQC0167
TOV3121EP,3121,TOV3121EP_P68,recal,21,0.85,2,63709444,WQC0167
TOV3121EP,3121,TOV3121EP_P68,recal,22,0.84,2,63709444,WQC0167
TOV3121EP,3121,TOV3121EP_P68,recal,23,0.83,2,63709444,WQC0167
TOV3121EP,3121,TOV3121EP_P68,recal,24,0.82,2,63709444,WQC0167
TOV3121EP,3121,TOV3121EP_P68,recal,25,0.81,2,63709444,WQC0167
TOV3121EP,3121,TOV3121EP_P68,recal,26,0.8,2,63709444,WQC0167
TOV3121EP,3121,TOV3121EP_P68,recal,27,0.78,2,63709444,WQC0167
TOV3121EP,3121,TOV3121EP_P68,recal,28,0.77,2,63709444,WQC0167
TOV3121EP,3121,TOV3121EP_P68,recal,29,0.76,2,63709444,WQC0167
TOV3121EP,3121,TOV3121EP_P68,recal,30,0.75,2,63709444,WQC0167
TOV3121EP,3121,TOV3121EP_P68,recal,31,0.74,2,63709444,WQC0167
TOV3121EP,3121,TOV3121EP_P68,recal,32,0.73,2,63709444,WQC0167
TOV3121EP,3121,TOV3121EP_P68,recal,33,0.72,2,63709444,WQC0167
TOV3121EP,3121,TOV3121EP_P68,recal,34,0.7,2,63709444,WQC0167
TOV3121EP,3121,TOV3121EP_P68,recal,35,0.69,2,63709444,WQC0167
TOV3121EP,3121,TOV3121EP_P68,recal,36,0.68,2,63709444,WQC0167
TOV3121EP,3121,TOV3121EP_P68,recal,37,0.67,2,63709444,WQC0167
TOV3121EP,3121,TOV3121EP_P68,recal,38,0.66,2,63709444,WQC0167
TOV3121EP,3121,TOV3121EP_P68,recal,39,0.65,2,63709444,WQC0167
TOV3121EP,3121,TOV3121EP_P68,recal,40,0.64,2,63709444,WQC0167
TOV3121EP,3121,TOV3121EP_P68,recal,41,0.63,2,63709444,WQC0167
TOV3121EP,3121,TOV3121EP_P68,recal,42,0.62,2,63709444,WQC0167
TOV3121EP,3121,TOV3121EP_P68,recal,43,0.6,2,63709444,WQC0167
TOV3121EP,3121,TOV3121EP_P68,recal,44,0.59,2,63709444,WQC0167
TOV3121EP,3121,TOV3121EP_P68,recal,45,0.58,2,63709444,WQC0167
TOV3121EP,3121,TOV3121EP_P68,recal,46,0.57,2,63709444,WQC0167
TOV3121EP,3121,TOV3121EP_P68,recal,47,0.56,2,63709444,WQC0167
TOV3121EP,3121,TOV3121EP_P68,recal,48,0.55,2,63709444,WQC0167
TOV3121EP,3121,TOV3121EP_P68,recal,49,0.54,2,63709444,WQC0167
TOV3121EP,3121,TOV3121EP_P68,recal,50,0.53,2,63709444,WQC0167
TOV3121EP,3121,TOV3121EP_P68,recal,51,0.52,2,63709444,WQC0167
TOV3121EP,3121,TOV3121EP_P68,recal,52,0.51,2,63709444,WQC0167
TOV3121EP,3121,TOV3121EP_P68,recal,53,0.5,2,63709444,WQC0167
TOV3121EP,3121,TOV3121EP_P68,recal,54,0.49,2,63709444,WQC0167
TOV3121EP,3121,TOV3121EP_P68,recal,55,0.48,2,63709444,WQC0167
TOV3121EP,3121,TOV3121EP_P68,recal,56,0.48,2,63709444,WQC0167
TOV3121EP,3121,TOV3121EP_P68,recal,57,0.47,2,63709444,WQC0167
TOV3121EP,3121,TOV3121EP_P68,recal,58,0.46,2,63709444,WQC0167
TOV3121EP,3121,TOV3121EP_P68,recal,59,0.45,2,63709444,WQC0167
TOV3121EP,3121,TOV3121EP_P68,recal,60,0.44,2,63709444,WQC0167
TOV3121EP,3121,TOV3121EP_P68,recal,61,0.43,2,63709444,WQC0167
TOV3121EP,3121,TOV3121EP_P68,recal,62,0.42,2,63709444,WQC0167
TOV3121EP,3121,TOV3121EP_P68,recal,63,0.42,2,63709444,WQC0167
TOV3121EP,3121,TOV3121EP_P68,recal,64,0.41,2,63709444,WQC0167
TOV3121EP,3121,TOV3121EP_P68,recal,65,0.4,2,63709444,WQC0167
TOV3121EP,3121,TOV3121EP_P68,recal,66,0.39,2,63709444,WQC0167
TOV3121EP,3121,TOV3121EP_P68,recal,67,0.39,2,63709444,WQC0167
TOV3121EP,3121,TOV3121EP_P68,recal,68,0.38,2,63709444,WQC0167
TOV3121EP,3121,TOV3121EP_P68,recal,69,0.37,2,63709444,WQC0167
TOV3121EP,3121,TOV3121EP_P68,recal,70,0.36,2,63709444,WQC0167
TOV3121EP,3121,TOV3121EP_P68,recal,71,0.36,2,63709444,WQC0167
TOV3121EP,3121,TOV3121EP_P68,recal,72,0.35,2,63709444,WQC0167
TOV3121EP,3121,TOV3121EP_P68,recal,73,0.34,2,63709444,WQC0167
TOV3121EP,3121,TOV3121EP_P68,recal,74,0.34,2,63709444,WQC0167
TOV3121EP,3121,TOV3121EP_P68,recal,75,0.33,2,63709444,WQC0167
TOV3121EP,3121,TOV3121EP_P68,recal,76,0.32,2,63709444,WQC0167
TOV3121EP,3121,TOV3121EP_P68,recal,77,0.32,2,63709444,WQC0167
TOV3121EP,3121,TOV3121EP_P68,recal,78,0.31,2,63709444,WQC0167
TOV3121EP,3121,TOV3121EP_P68,recal,79,0.31,2,63709444,WQC0167
TOV3121EP,3121,TOV3121EP_P68,recal,80,0.3,2,63709444,WQC0167
TOV3121EP,3121,TOV3121EP_P68,recal,81,0.3,2,63709444,WQC0167
TOV3121EP,3121,TOV3121EP_P68,recal,82,0.29,2,63709444,WQC0167
TOV3121EP,3121,TOV3121EP_P68,recal,83,0.28,2,63709444,WQC0167
TOV3121EP,3121,TOV3121EP_P68,recal,84,0.28,2,63709444,WQC0167
TOV3121EP,3121,TOV3121EP_P68,recal,85,0.27,2,63709444,WQC0167
TOV3121EP,3121,TOV3121EP_P68,recal,86,0.27,2,63709444,WQC0167
TOV3121EP,3121,TOV3121EP_P68,recal,87,0.26,2,63709444,WQC0167
TOV3121EP,3121,TOV3121EP_P68,recal,88,0.26,2,63709444,WQC0167
TOV3121EP,3121,TOV3121EP_P68,recal,89,0.25,2,63709444,WQC0167
TOV3121EP,3121,TOV3121EP_P68,recal,90,0.25,2,63709444,WQC0167
TOV3121EP,3121,TOV3121EP_P68,recal,91,0.25,2,63709444,WQC0167
TOV3121EP,3121,TOV3121EP_P68,recal,92,0.24,2,63709444,WQC0167
TOV3121EP,3121,TOV3121EP_P68,recal,93,0.24,2,63709444,WQC0167
TOV3121EP,3121,TOV3121EP_P68,recal,94,0.23,2,63709444,WQC0167
TOV3121EP,3121,TOV3121EP_P68,recal,95,0.23,2,63709444,WQC0167
TOV3121EP,3121,TOV3121EP_P68,recal,96,0.22,2,63709444,WQC0167
TOV3121EP,3121,TOV3121EP_P68,recal,97,0.22,2,63709444,WQC0167
TOV3121EP,3121,TOV3121EP_P68,recal,98,0.22,2,63709444,WQC0167
TOV3121EP,3121,TOV3121EP_P68,recal,99,0.21,2,63709444,WQC0167
TOV3121EP,3121,TOV3121EP_P68,recal,100,0.21,2,63709444,WQC0167
TOV3121EP,3121,TOV3121EP_P68,recal,101,0.2,2,63709444,WQC0167
TOV3121EP,3121,TOV3121EP_P68,recal,102,0.2,2,63709444,WQC0167
TOV3121EP,3121,TOV3121EP_P68,recal,103,0.2,2,63709444,WQC0167
TOV3121EP,3121,TOV3121EP_P68,recal,104,0.19,2,63709444,WQC0167
TOV3121EP,3121,TOV3121EP_P68,recal,105,0.19,2,63709444,WQC0167
TOV3121EP,3121,TOV3121EP_P68,recal,106,0.19,2,63709444,WQC0167
TOV3121EP,3121,TOV3121EP_P68,recal,107,0.18,2,63709444,WQC0167
TOV3121EP,3121,TOV3121EP_P68,recal,108,0.18,2,63709444,WQC0167
TOV3121EP,3121,TOV3121EP_P68,recal,109,0.18,2,63709444,WQC0167
TOV3121EP,3121,TOV3121EP_P68,recal,110,0.17,2,63709444,WQC0167
TOV3121EP,3121,TOV3121EP_P68,recal,111,0.17,2,63709444,WQC0167
TOV3121EP,3121,TOV3121EP_P68,recal,112,0.17,2,63709444,WQC0167
TOV3121EP,3121,TOV3121EP_P68,recal,113,0.17,2,63709444,WQC0167
TOV3121EP,3121,TOV3121EP_P68,recal,114,0.16,2,63709444,WQC0167
TOV3121EP,3121,TOV3121EP_P68,recal,115,0.16,2,63709444,WQC0167
TOV3121EP,3121,TOV3121EP_P68,recal,116,0.16,2,63709444,WQC0167
TOV3121EP,3121,TOV3121EP_P68,recal,117,0.16,2,63709444,WQC0167
TOV3121EP,3121,TOV3121EP_P68,recal,118,0.15,2,63709444,WQC0167
TOV3121EP,3121,TOV3121EP_P68,recal,119,0.15,2,63709444,WQC0167
TOV3121EP,3121,TOV3121EP_P68,recal,120,0.15,2,63709444,WQC0167
TOV3121EP,3121,TOV3121EP_P68,recal,121,0.15,2,63709444,WQC0167
TOV3121EP,3121,TOV3121EP_P68,recal,122,0.14,2,63709444,WQC0167
TOV3121EP,3121,TOV3121EP_P68,recal,123,0.14,2,63709444,WQC0167
TOV3121EP,3121,TOV3121EP_P68,recal,124,0.14,2,63709444,WQC0167
TOV3121EP,3121,TOV3121EP_P68,recal,125,0.14,2,63709444,WQC0167
TOV3121EP,3121,TOV3121EP_P68,recal,126,0.13,2,63709444,WQC0167
TOV3121EP,3121,TOV3121EP_P68,recal,127,0.13,2,63709444,WQC0167
TOV3121EP,3121,TOV3121EP_P68,recal,128,0.13,2,63709444,WQC0167
TOV3121EP,3121,TOV3121EP_P68,recal,129,0.13,2,63709444,WQC0167
TOV3121EP,3121,TOV3121EP_P68,recal,130,0.13,2,63709444,WQC0167
TOV3121EP,3121,TOV3121EP_P68,recal,131,0.12,2,63709444,WQC0167
TOV3121EP,3121,TOV3121EP_P68,recal,132,0.12,2,63709444,WQC0167
TOV3121EP,3121,TOV3121EP_P68,recal,133,0.12,2,63709444,WQC0167
TOV3121EP,3121,TOV3121EP_P68,recal,134,0.12,2,63709444,WQC0167
TOV3121EP,3121,TOV3121EP_P68,recal,135,0.12,2,63709444,WQC0167
TOV3121EP,3121,TOV3121EP_P68,recal,136,0.11,2,63709444,WQC0167
TOV3121EP,3121,TOV3121EP_P68,recal,137,0.11,2,63709444,WQC0167
TOV3121EP,3121,TOV3121EP_P68,recal,138,0.11,2,63709444,WQC0167
TOV3121EP,3121,TOV3121EP_P68,recal,139,0.11,2,63709444,WQC0167
TOV3121EP,3121,TOV3121EP_P68,recal,140,0.11,2,63709444,WQC0167
TOV3121EP,3121,TOV3121EP_P68,recal,141,0.11,2,63709444,WQC0167
TOV3121EP,3121,TOV3121EP_P68,recal,142,0.1,2,63709444,WQC0167
TOV3121EP,3121,TOV3121EP_P68,recal,143,0.1,2,63709444,WQC0167
TOV3121EP,3121,TOV3121EP_P68,recal,144,0.1,2,63709444,WQC0167
TOV3121EP,3121,TOV3121EP_P68,recal,145,0.1,2,63709444,WQC0167
TOV3121EP,3121,TOV3121EP_P68,recal,146,0.1,2,63709444,WQC0167
TOV3121EP,3121,TOV3121EP_P68,recal,147,0.1,2,63709444,WQC0167
TOV3121EP,3121,TOV3121EP_P68,recal,148,0.1,2,63709444,WQC0167
TOV3121EP,3121,TOV3121EP_P68,recal,149,0.09,2,63709444,WQC0167
TOV3121EP,3121,TOV3121EP_P68,recal,150,0.09,2,63709444,WQC0167
TOV3133D,3133,TOV3133D_P66,md,0,1.0,2,63709951,WQC0172
TOV3133D,3133,TOV3133D_P66,md,1,0.99,2,63709951,WQC0172
TOV3133D,3133,TOV3133D_P66,md,2,0.99,2,63709951,WQC0172
TOV3133D,3133,TOV3133D_P66,md,3,0.99,2,63709951,WQC0172
TOV3133D,3133,TOV3133D_P66,md,4,0.98,2,63709951,WQC0172
TOV3133D,3133,TOV3133D_P66,md,5,0.98,2,63709951,WQC0172
TOV3133D,3133,TOV3133D_P66,md,6,0.98,2,63709951,WQC0172
TOV3133D,3133,TOV3133D_P66,md,7,0.97,2,63709951,WQC0172
TOV3133D,3133,TOV3133D_P66,md,8,0.97,2,63709951,WQC0172
TOV3133D,3133,TOV3133D_P66,md,9,0.96,2,63709951,WQC0172
TOV3133D,3133,TOV3133D_P66,md,10,0.96,2,63709951,WQC0172
TOV3133D,3133,TOV3133D_P66,md,11,0.95,2,63709951,WQC0172
TOV3133D,3133,TOV3133D_P66,md,12,0.94,2,63709951,WQC0172
TOV3133D,3133,TOV3133D_P66,md,13,0.94,2,63709951,WQC0172
TOV3133D,3133,TOV3133D_P66,md,14,0.93,2,63709951,WQC0172
TOV3133D,3133,TOV3133D_P66,md,15,0.92,2,63709951,WQC0172
TOV3133D,3133,TOV3133D_P66,md,16,0.92,2,63709951,WQC0172
TOV3133D,3133,TOV3133D_P66,md,17,0.91,2,63709951,WQC0172
TOV3133D,3133,TOV3133D_P66,md,18,0.9,2,63709951,WQC0172
TOV3133D,3133,TOV3133D_P66,md,19,0.89,2,63709951,WQC0172
TOV3133D,3133,TOV3133D_P66,md,20,0.88,2,63709951,WQC0172
TOV3133D,3133,TOV3133D_P66,md,21,0.87,2,63709951,WQC0172
TOV3133D,3133,TOV3133D_P66,md,22,0.87,2,63709951,WQC0172
TOV3133D,3133,TOV3133D_P66,md,23,0.86,2,63709951,WQC0172
TOV3133D,3133,TOV3133D_P66,md,24,0.85,2,63709951,WQC0172
TOV3133D,3133,TOV3133D_P66,md,25,0.84,2,63709951,WQC0172
TOV3133D,3133,TOV3133D_P66,md,26,0.83,2,63709951,WQC0172
TOV3133D,3133,TOV3133D_P66,md,27,0.82,2,63709951,WQC0172
TOV3133D,3133,TOV3133D_P66,md,28,0.81,2,63709951,WQC0172
TOV3133D,3133,TOV3133D_P66,md,29,0.8,2,63709951,WQC0172
TOV3133D,3133,TOV3133D_P66,md,30,0.79,2,63709951,WQC0172
TOV3133D,3133,TOV3133D_P66,md,31,0.78,2,63709951,WQC0172
TOV3133D,3133,TOV3133D_P66,md,32,0.77,2,63709951,WQC0172
TOV3133D,3133,TOV3133D_P66,md,33,0.76,2,63709951,WQC0172
TOV3133D,3133,TOV3133D_P66,md,34,0.75,2,63709951,WQC0172
TOV3133D,3133,TOV3133D_P66,md,35,0.74,2,63709951,WQC0172
TOV3133D,3133,TOV3133D_P66,md,36,0.72,2,63709951,WQC0172
TOV3133D,3133,TOV3133D_P66,md,37,0.71,2,63709951,WQC0172
TOV3133D,3133,TOV3133D_P66,md,38,0.7,2,63709951,WQC0172
TOV3133D,3133,TOV3133D_P66,md,39,0.69,2,63709951,WQC0172
TOV3133D,3133,TOV3133D_P66,md,40,0.68,2,63709951,WQC0172
TOV3133D,3133,TOV3133D_P66,md,41,0.67,2,63709951,WQC0172
TOV3133D,3133,TOV3133D_P66,md,42,0.66,2,63709951,WQC0172
TOV3133D,3133,TOV3133D_P66,md,43,0.65,2,63709951,WQC0172
TOV3133D,3133,TOV3133D_P66,md,44,0.64,2,63709951,WQC0172
TOV3133D,3133,TOV3133D_P66,md,45,0.63,2,63709951,WQC0172
TOV3133D,3133,TOV3133D_P66,md,46,0.62,2,63709951,WQC0172
TOV3133D,3133,TOV3133D_P66,md,47,0.61,2,63709951,WQC0172
TOV3133D,3133,TOV3133D_P66,md,48,0.6,2,63709951,WQC0172
TOV3133D,3133,TOV3133D_P66,md,49,0.59,2,63709951,WQC0172
TOV3133D,3133,TOV3133D_P66,md,50,0.58,2,63709951,WQC0172
TOV3133D,3133,TOV3133D_P66,md,51,0.57,2,63709951,WQC0172
TOV3133D,3133,TOV3133D_P66,md,52,0.56,2,63709951,WQC0172
TOV3133D,3133,TOV3133D_P66,md,53,0.55,2,63709951,WQC0172
TOV3133D,3133,TOV3133D_P66,md,54,0.54,2,63709951,WQC0172
TOV3133D,3133,TOV3133D_P66,md,55,0.53,2,63709951,WQC0172
TOV3133D,3133,TOV3133D_P66,md,56,0.53,2,63709951,WQC0172
TOV3133D,3133,TOV3133D_P66,md,57,0.52,2,63709951,WQC0172
TOV3133D,3133,TOV3133D_P66,md,58,0.51,2,63709951,WQC0172
TOV3133D,3133,TOV3133D_P66,md,59,0.5,2,63709951,WQC0172
TOV3133D,3133,TOV3133D_P66,md,60,0.49,2,63709951,WQC0172
TOV3133D,3133,TOV3133D_P66,md,61,0.48,2,63709951,WQC0172
TOV3133D,3133,TOV3133D_P66,md,62,0.47,2,63709951,WQC0172
TOV3133D,3133,TOV3133D_P66,md,63,0.47,2,63709951,WQC0172
TOV3133D,3133,TOV3133D_P66,md,64,0.46,2,63709951,WQC0172
TOV3133D,3133,TOV3133D_P66,md,65,0.45,2,63709951,WQC0172
TOV3133D,3133,TOV3133D_P66,md,66,0.44,2,63709951,WQC0172
TOV3133D,3133,TOV3133D_P66,md,67,0.43,2,63709951,WQC0172
TOV3133D,3133,TOV3133D_P66,md,68,0.43,2,63709951,WQC0172
TOV3133D,3133,TOV3133D_P66,md,69,0.42,2,63709951,WQC0172
TOV3133D,3133,TOV3133D_P66,md,70,0.41,2,63709951,WQC0172
TOV3133D,3133,TOV3133D_P66,md,71,0.4,2,63709951,WQC0172
TOV3133D,3133,TOV3133D_P66,md,72,0.4,2,63709951,WQC0172
TOV3133D,3133,TOV3133D_P66,md,73,0.39,2,63709951,WQC0172
TOV3133D,3133,TOV3133D_P66,md,74,0.38,2,63709951,WQC0172
TOV3133D,3133,TOV3133D_P66,md,75,0.37,2,63709951,WQC0172
TOV3133D,3133,TOV3133D_P66,md,76,0.37,2,63709951,WQC0172
TOV3133D,3133,TOV3133D_P66,md,77,0.36,2,63709951,WQC0172
TOV3133D,3133,TOV3133D_P66,md,78,0.35,2,63709951,WQC0172
TOV3133D,3133,TOV3133D_P66,md,79,0.35,2,63709951,WQC0172
TOV3133D,3133,TOV3133D_P66,md,80,0.34,2,63709951,WQC0172
TOV3133D,3133,TOV3133D_P66,md,81,0.34,2,63709951,WQC0172
TOV3133D,3133,TOV3133D_P66,md,82,0.33,2,63709951,WQC0172
TOV3133D,3133,TOV3133D_P66,md,83,0.32,2,63709951,WQC0172
TOV3133D,3133,TOV3133D_P66,md,84,0.32,2,63709951,WQC0172
TOV3133D,3133,TOV3133D_P66,md,85,0.31,2,63709951,WQC0172
TOV3133D,3133,TOV3133D_P66,md,86,0.31,2,63709951,WQC0172
TOV3133D,3133,TOV3133D_P66,md,87,0.3,2,63709951,WQC0172
TOV3133D,3133,TOV3133D_P66,md,88,0.3,2,63709951,WQC0172
TOV3133D,3133,TOV3133D_P66,md,89,0.29,2,63709951,WQC0172
TOV3133D,3133,TOV3133D_P66,md,90,0.29,2,63709951,WQC0172
TOV3133D,3133,TOV3133D_P66,md,91,0.28,2,63709951,WQC0172
TOV3133D,3133,TOV3133D_P66,md,92,0.28,2,63709951,WQC0172
TOV3133D,3133,TOV3133D_P66,md,93,0.27,2,63709951,WQC0172
TOV3133D,3133,TOV3133D_P66,md,94,0.27,2,63709951,WQC0172
TOV3133D,3133,TOV3133D_P66,md,95,0.26,2,63709951,WQC0172
TOV3133D,3133,TOV3133D_P66,md,96,0.26,2,63709951,WQC0172
TOV3133D,3133,TOV3133D_P66,md,97,0.25,2,63709951,WQC0172
TOV3133D,3133,TOV3133D_P66,md,98,0.25,2,63709951,WQC0172
TOV3133D,3133,TOV3133D_P66,md,99,0.24,2,63709951,WQC0172
TOV3133D,3133,TOV3133D_P66,md,100,0.24,2,63709951,WQC0172
TOV3133D,3133,TOV3133D_P66,md,101,0.23,2,63709951,WQC0172
TOV3133D,3133,TOV3133D_P66,md,102,0.23,2,63709951,WQC0172
TOV3133D,3133,TOV3133D_P66,md,103,0.23,2,63709951,WQC0172
TOV3133D,3133,TOV3133D_P66,md,104,0.22,2,63709951,WQC0172
TOV3133D,3133,TOV3133D_P66,md,105,0.22,2,63709951,WQC0172
TOV3133D,3133,TOV3133D_P66,md,106,0.21,2,63709951,WQC0172
TOV3133D,3133,TOV3133D_P66,md,107,0.21,2,63709951,WQC0172
TOV3133D,3133,TOV3133D_P66,md,108,0.21,2,63709951,WQC0172
TOV3133D,3133,TOV3133D_P66,md,109,0.2,2,63709951,WQC0172
TOV3133D,3133,TOV3133D_P66,md,110,0.2,2,63709951,WQC0172
TOV3133D,3133,TOV3133D_P66,md,111,0.2,2,63709951,WQC0172
TOV3133D,3133,TOV3133D_P66,md,112,0.19,2,63709951,WQC0172
TOV3133D,3133,TOV3133D_P66,md,113,0.19,2,63709951,WQC0172
TOV3133D,3133,TOV3133D_P66,md,114,0.19,2,63709951,WQC0172
TOV3133D,3133,TOV3133D_P66,md,115,0.18,2,63709951,WQC0172
TOV3133D,3133,TOV3133D_P66,md,116,0.18,2,63709951,WQC0172
TOV3133D,3133,TOV3133D_P66,md,117,0.18,2,63709951,WQC0172
TOV3133D,3133,TOV3133D_P66,md,118,0.18,2,63709951,WQC0172
TOV3133D,3133,TOV3133D_P66,md,119,0.17,2,63709951,WQC0172
TOV3133D,3133,TOV3133D_P66,md,120,0.17,2,63709951,WQC0172
TOV3133D,3133,TOV3133D_P66,md,121,0.17,2,63709951,WQC0172
TOV3133D,3133,TOV3133D_P66,md,122,0.16,2,63709951,WQC0172
TOV3133D,3133,TOV3133D_P66,md,123,0.16,2,63709951,WQC0172
TOV3133D,3133,TOV3133D_P66,md,124,0.16,2,63709951,WQC0172
TOV3133D,3133,TOV3133D_P66,md,125,0.16,2,63709951,WQC0172
TOV3133D,3133,TOV3133D_P66,md,126,0.15,2,63709951,WQC0172
TOV3133D,3133,TOV3133D_P66,md,127,0.15,2,63709951,WQC0172
TOV3133D,3133,TOV3133D_P66,md,128,0.15,2,63709951,WQC0172
TOV3133D,3133,TOV3133D_P66,md,129,0.15,2,63709951,WQC0172
TOV3133D,3133,TOV3133D_P66,md,130,0.14,2,63709951,WQC0172
TOV3133D,3133,TOV3133D_P66,md,131,0.14,2,63709951,WQC0172
TOV3133D,3133,TOV3133D_P66,md,132,0.14,2,63709951,WQC0172
TOV3133D,3133,TOV3133D_P66,md,133,0.14,2,63709951,WQC0172
TOV3133D,3133,TOV3133D_P66,md,134,0.14,2,63709951,WQC0172
TOV3133D,3133,TOV3133D_P66,md,135,0.13,2,63709951,WQC0172
TOV3133D,3133,TOV3133D_P66,md,136,0.13,2,63709951,WQC0172
TOV3133D,3133,TOV3133D_P66,md,137,0.13,2,63709951,WQC0172
TOV3133D,3133,TOV3133D_P66,md,138,0.13,2,63709951,WQC0172
TOV3133D,3133,TOV3133D_P66,md,139,0.13,2,63709951,WQC0172
TOV3133D,3133,TOV3133D_P66,md,140,0.12,2,63709951,WQC0172
TOV3133D,3133,TOV3133D_P66,md,141,0.12,2,63709951,WQC0172
TOV3133D,3133,TOV3133D_P66,md,142,0.12,2,63709951,WQC0172
TOV3133D,3133,TOV3133D_P66,md,143,0.12,2,63709951,WQC0172
TOV3133D,3133,TOV3133D_P66,md,144,0.12,2,63709951,WQC0172
TOV3133D,3133,TOV3133D_P66,md,145,0.11,2,63709951,WQC0172
TOV3133D,3133,TOV3133D_P66,md,146,0.11,2,63709951,WQC0172
TOV3133D,3133,TOV3133D_P66,md,147,0.11,2,63709951,WQC0172
TOV3133D,3133,TOV3133D_P66,md,148,0.11,2,63709951,WQC0172
TOV3133D,3133,TOV3133D_P66,md,149,0.11,2,63709951,WQC0172
TOV3133D,3133,TOV3133D_P66,md,150,0.11,2,63709951,WQC0172
TOV3133D,3133,TOV3133D_P66,recal,0,1.0,2,63707189,WQC0175
TOV3133D,3133,TOV3133D_P66,recal,1,0.99,2,63707189,WQC0175
TOV3133D,3133,TOV3133D_P66,recal,2,0.99,2,63707189,WQC0175
TOV3133D,3133,TOV3133D_P66,recal,3,0.99,2,63707189,WQC0175
TOV3133D,3133,TOV3133D_P66,recal,4,0.98,2,63707189,WQC0175
TOV3133D,3133,TOV3133D_P66,recal,5,0.98,2,63707189,WQC0175
TOV3133D,3133,TOV3133D_P66,recal,6,0.98,2,63707189,WQC0175
TOV3133D,3133,TOV3133D_P66,recal,7,0.97,2,63707189,WQC0175
TOV3133D,3133,TOV3133D_P66,recal,8,0.97,2,63707189,WQC0175
TOV3133D,3133,TOV3133D_P66,recal,9,0.96,2,63707189,WQC0175
TOV3133D,3133,TOV3133D_P66,recal,10,0.96,2,63707189,WQC0175
TOV3133D,3133,TOV3133D_P66,recal,11,0.95,2,63707189,WQC0175
TOV3133D,3133,TOV3133D_P66,recal,12,0.94,2,63707189,WQC0175
TOV3133D,3133,TOV3133D_P66,recal,13,0.94,2,63707189,WQC0175
TOV3133D,3133,TOV3133D_P66,recal,14,0.93,2,63707189,WQC0175
TOV3133D,3133,TOV3133D_P66,recal,15,0.92,2,63707189,WQC0175
TOV3133D,3133,TOV3133D_P66,recal,16,0.92,2,63707189,WQC0175
TOV3133D,3133,TOV3133D_P66,recal,17,0.91,2,63707189,WQC0175
TOV3133D,3133,TOV3133D_P66,recal,18,0.9,2,63707189,WQC0175
TOV3133D,3133,TOV3133D_P66,recal,19,0.89,2,63707189,WQC0175
TOV3133D,3133,TOV3133D_P66,recal,20,0.88,2,63707189,WQC0175
TOV3133D,3133,TOV3133D_P66,recal,21,0.87,2,63707189,WQC0175
TOV3133D,3133,TOV3133D_P66,recal,22,0.87,2,63707189,WQC0175
TOV3133D,3133,TOV3133D_P66,recal,23,0.86,2,63707189,WQC0175
TOV3133D,3133,TOV3133D_P66,recal,24,0.85,2,63707189,WQC0175
TOV3133D,3133,TOV3133D_P66,recal,25,0.84,2,63707189,WQC0175
TOV3133D,3133,TOV3133D_P66,recal,26,0.83,2,63707189,WQC0175
TOV3133D,3133,TOV3133D_P66,recal,27,0.82,2,63707189,WQC0175
TOV3133D,3133,TOV3133D_P66,recal,28,0.81,2,63707189,WQC0175
TOV3133D,3133,TOV3133D_P66,recal,29,0.8,2,63707189,WQC0175
TOV3133D,3133,TOV3133D_P66,recal,30,0.79,2,63707189,WQC0175
TOV3133D,3133,TOV3133D_P66,recal,31,0.78,2,63707189,WQC0175
TOV3133D,3133,TOV3133D_P66,recal,32,0.77,2,63707189,WQC0175
TOV3133D,3133,TOV3133D_P66,recal,33,0.76,2,63707189,WQC0175
TOV3133D,3133,TOV3133D_P66,recal,34,0.75,2,63707189,WQC0175
TOV3133D,3133,TOV3133D_P66,recal,35,0.74,2,63707189,WQC0175
TOV3133D,3133,TOV3133D_P66,recal,36,0.72,2,63707189,WQC0175
TOV3133D,3133,TOV3133D_P66,recal,37,0.71,2,63707189,WQC0175
TOV3133D,3133,TOV3133D_P66,recal,38,0.7,2,63707189,WQC0175
TOV3133D,3133,TOV3133D_P66,recal,39,0.69,2,63707189,WQC0175
TOV3133D,3133,TOV3133D_P66,recal,40,0.68,2,63707189,WQC0175
TOV3133D,3133,TOV3133D_P66,recal,41,0.67,2,63707189,WQC0175
TOV3133D,3133,TOV3133D_P66,recal,42,0.66,2,63707189,WQC0175
TOV3133D,3133,TOV3133D_P66,recal,43,0.65,2,63707189,WQC0175
TOV3133D,3133,TOV3133D_P66,recal,44,0.64,2,63707189,WQC0175
TOV3133D,3133,TOV3133D_P66,recal,45,0.63,2,63707189,WQC0175
TOV3133D,3133,TOV3133D_P66,recal,46,0.62,2,63707189,WQC0175
TOV3133D,3133,TOV3133D_P66,recal,47,0.61,2,63707189,WQC0175
TOV3133D,3133,TOV3133D_P66,recal,48,0.6,2,63707189,WQC0175
TOV3133D,3133,TOV3133D_P66,recal,49,0.59,2,63707189,WQC0175
TOV3133D,3133,TOV3133D_P66,recal,50,0.58,2,63707189,WQC0175
TOV3133D,3133,TOV3133D_P66,recal,51,0.57,2,63707189,WQC0175
TOV3133D,3133,TOV3133D_P66,recal,52,0.56,2,63707189,WQC0175
TOV3133D,3133,TOV3133D_P66,recal,53,0.55,2,63707189,WQC0175
TOV3133D,3133,TOV3133D_P66,recal,54,0.54,2,63707189,WQC0175
TOV3133D,3133,TOV3133D_P66,recal,55,0.53,2,63707189,WQC0175
TOV3133D,3133,TOV3133D_P66,recal,56,0.53,2,63707189,WQC0175
TOV3133D,3133,TOV3133D_P66,recal,57,0.52,2,63707189,WQC0175
TOV3133D,3133,TOV3133D_P66,recal,58,0.51,2,63707189,WQC0175
TOV3133D,3133,TOV3133D_P66,recal,59,0.5,2,63707189,WQC0175
TOV3133D,3133,TOV3133D_P66,recal,60,0.49,2,63707189,WQC0175
TOV3133D,3133,TOV3133D_P66,recal,61,0.48,2,63707189,WQC0175
TOV3133D,3133,TOV3133D_P66,recal,62,0.47,2,63707189,WQC0175
TOV3133D,3133,TOV3133D_P66,recal,63,0.47,2,63707189,WQC0175
TOV3133D,3133,TOV3133D_P66,recal,64,0.46,2,63707189,WQC0175
TOV3133D,3133,TOV3133D_P66,recal,65,0.45,2,63707189,WQC0175
TOV3133D,3133,TOV3133D_P66,recal,66,0.44,2,63707189,WQC0175
TOV3133D,3133,TOV3133D_P66,recal,67,0.43,2,63707189,WQC0175
TOV3133D,3133,TOV3133D_P66,recal,68,0.43,2,63707189,WQC0175
TOV3133D,3133,TOV3133D_P66,recal,69,0.42,2,63707189,WQC0175
TOV3133D,3133,TOV3133D_P66,recal,70,0.41,2,63707189,WQC0175
TOV3133D,3133,TOV3133D_P66,recal,71,0.4,2,63707189,WQC0175
TOV3133D,3133,TOV3133D_P66,recal,72,0.4,2,63707189,WQC0175
TOV3133D,3133,TOV3133D_P66,recal,73,0.39,2,63707189,WQC0175
TOV3133D,3133,TOV3133D_P66,recal,74,0.38,2,63707189,WQC0175
TOV3133D,3133,TOV3133D_P66,recal,75,0.37,2,63707189,WQC0175
TOV3133D,3133,TOV3133D_P66,recal,76,0.37,2,63707189,WQC0175
TOV3133D,3133,TOV3133D_P66,recal,77,0.36,2,63707189,WQC0175
TOV3133D,3133,TOV3133D_P66,recal,78,0.35,2,63707189,WQC0175
TOV3133D,3133,TOV3133D_P66,recal,79,0.35,2,63707189,WQC0175
TOV3133D,3133,TOV3133D_P66,recal,80,0.34,2,63707189,WQC0175
TOV3133D,3133,TOV3133D_P66,recal,81,0.34,2,63707189,WQC0175
TOV3133D,3133,TOV3133D_P66,recal,82,0.33,2,63707189,WQC0175
TOV3133D,3133,TOV3133D_P66,recal,83,0.32,2,63707189,WQC0175
TOV3133D,3133,TOV3133D_P66,recal,84,0.32,2,63707189,WQC0175
TOV3133D,3133,TOV3133D_P66,recal,85,0.31,2,63707189,WQC0175
TOV3133D,3133,TOV3133D_P66,recal,86,0.31,2,63707189,WQC0175
TOV3133D,3133,TOV3133D_P66,recal,87,0.3,2,63707189,WQC0175
TOV3133D,3133,TOV3133D_P66,recal,88,0.3,2,63707189,WQC0175
TOV3133D,3133,TOV3133D_P66,recal,89,0.29,2,63707189,WQC0175
TOV3133D,3133,TOV3133D_P66,recal,90,0.29,2,63707189,WQC0175
TOV3133D,3133,TOV3133D_P66,recal,91,0.28,2,63707189,WQC0175
TOV3133D,3133,TOV3133D_P66,recal,92,0.28,2,63707189,WQC0175
TOV3133D,3133,TOV3133D_P66,recal,93,0.27,2,63707189,WQC0175
TOV3133D,3133,TOV3133D_P66,recal,94,0.27,2,63707189,WQC0175
TOV3133D,3133,TOV3133D_P66,recal,95,0.26,2,63707189,WQC0175
TOV3133D,3133,TOV3133D_P66,recal,96,0.26,2,63707189,WQC0175
TOV3133D,3133,TOV3133D_P66,recal,97,0.25,2,63707189,WQC0175
TOV3133D,3133,TOV3133D_P66,recal,98,0.25,2,63707189,WQC0175
TOV3133D,3133,TOV3133D_P66,recal,99,0.24,2,63707189,WQC0175
TOV3133D,3133,TOV3133D_P66,recal,100,0.24,2,63707189,WQC0175
TOV3133D,3133,TOV3133D_P66,recal,101,0.23,2,63707189,WQC0175
TOV3133D,3133,TOV3133D_P66,recal,102,0.23,2,63707189,WQC0175
TOV3133D,3133,TOV3133D_P66,recal,103,0.23,2,63707189,WQC0175
TOV3133D,3133,TOV3133D_P66,recal,104,0.22,2,63707189,WQC0175
TOV3133D,3133,TOV3133D_P66,recal,105,0.22,2,63707189,WQC0175
TOV3133D,3133,TOV3133D_P66,recal,106,0.21,2,63707189,WQC0175
TOV3133D,3133,TOV3133D_P66,recal,107,0.21,2,63707189,WQC0175
TOV3133D,3133,TOV3133D_P66,recal,108,0.21,2,63707189,WQC0175
TOV3133D,3133,TOV3133D_P66,recal,109,0.2,2,63707189,WQC0175
TOV3133D,3133,TOV3133D_P66,recal,110,0.2,2,63707189,WQC0175
TOV3133D,3133,TOV3133D_P66,recal,111,0.2,2,63707189,WQC0175
TOV3133D,3133,TOV3133D_P66,recal,112,0.19,2,63707189,WQC0175
TOV3133D,3133,TOV3133D_P66,recal,113,0.19,2,63707189,WQC0175
TOV3133D,3133,TOV3133D_P66,recal,114,0.19,2,63707189,WQC0175
TOV3133D,3133,TOV3133D_P66,recal,115,0.18,2,63707189,WQC0175
TOV3133D,3133,TOV3133D_P66,recal,116,0.18,2,63707189,WQC0175
TOV3133D,3133,TOV3133D_P66,recal,117,0.18,2,63707189,WQC0175
TOV3133D,3133,TOV3133D_P66,recal,118,0.18,2,63707189,WQC0175
TOV3133D,3133,TOV3133D_P66,recal,119,0.17,2,63707189,WQC0175
TOV3133D,3133,TOV3133D_P66,recal,120,0.17,2,63707189,WQC0175
TOV3133D,3133,TOV3133D_P66,recal,121,0.17,2,63707189,WQC0175
TOV3133D,3133,TOV3133D_P66,recal,122,0.16,2,63707189,WQC0175
TOV3133D,3133,TOV3133D_P66,recal,123,0.16,2,63707189,WQC0175
TOV3133D,3133,TOV3133D_P66,recal,124,0.16,2,63707189,WQC0175
TOV3133D,3133,TOV3133D_P66,recal,125,0.16,2,63707189,WQC0175
TOV3133D,3133,TOV3133D_P66,recal,126,0.15,2,63707189,WQC0175
TOV3133D,3133,TOV3133D_P66,recal,127,0.15,2,63707189,WQC0175
TOV3133D,3133,TOV3133D_P66,recal,128,0.15,2,63707189,WQC0175
TOV3133D,3133,TOV3133D_P66,recal,129,0.15,2,63707189,WQC0175
TOV3133D,3133,TOV3133D_P66,recal,130,0.14,2,63707189,WQC0175
TOV3133D,3133,TOV3133D_P66,recal,131,0.14,2,63707189,WQC0175
TOV3133D,3133,TOV3133D_P66,recal,132,0.14,2,63707189,WQC0175
TOV3133D,3133,TOV3133D_P66,recal,133,0.14,2,63707189,WQC0175
TOV3133D,3133,TOV3133D_P66,recal,134,0.14,2,63707189,WQC0175
TOV3133D,3133,TOV3133D_P66,recal,135,0.13,2,63707189,WQC0175
TOV3133D,3133,TOV3133D_P66,recal,136,0.13,2,63707189,WQC0175
TOV3133D,3133,TOV3133D_P66,recal,137,0.13,2,63707189,WQC0175
TOV3133D,3133,TOV3133D_P66,recal,138,0.13,2,63707189,WQC0175
TOV3133D,3133,TOV3133D_P66,recal,139,0.13,2,63707189,WQC0175
TOV3133D,3133,TOV3133D_P66,recal,140,0.12,2,63707189,WQC0175
TOV3133D,3133,TOV3133D_P66,recal,141,0.12,2,63707189,WQC0175
TOV3133D,3133,TOV3133D_P66,recal,142,0.12,2,63707189,WQC0175
TOV3133D,3133,TOV3133D_P66,recal,143,0.12,2,63707189,WQC0175
TOV3133D,3133,TOV3133D_P66,recal,144,0.12,2,63707189,WQC0175
TOV3133D,3133,TOV3133D_P66,recal,145,0.11,2,63707189,WQC0175
TOV3133D,3133,TOV3133D_P66,recal,146,0.11,2,63707189,WQC0175
TOV3133D,3133,TOV3133D_P66,recal,147,0.11,2,63707189,WQC0175
TOV3133D,3133,TOV3133D_P66,recal,148,0.11,2,63707189,WQC0175
TOV3133D,3133,TOV3133D_P66,recal,149,0.11,2,63707189,WQC0175
TOV3133D,3133,TOV3133D_P66,recal,150,0.11,2,63707189,WQC0175
TOV3133G,3133,TOV3133G_P65,md,0,1.0,2,63709951,WQC0180
TOV3133G,3133,TOV3133G_P65,md,1,0.99,2,63709951,WQC0180
TOV3133G,3133,TOV3133G_P65,md,2,0.99,2,63709951,WQC0180
TOV3133G,3133,TOV3133G_P65,md,3,0.99,2,63709951,WQC0180
TOV3133G,3133,TOV3133G_P65,md,4,0.98,2,63709951,WQC0180
TOV3133G,3133,TOV3133G_P65,md,5,0.98,2,63709951,WQC0180
TOV3133G,3133,TOV3133G_P65,md,6,0.97,2,63709951,WQC0180
TOV3133G,3133,TOV3133G_P65,md,7,0.96,2,63709951,WQC0180
TOV3133G,3133,TOV3133G_P65,md,8,0.96,2,63709951,WQC0180
TOV3133G,3133,TOV3133G_P65,md,9,0.95,2,63709951,WQC0180
TOV3133G,3133,TOV3133G_P65,md,10,0.95,2,63709951,WQC0180
TOV3133G,3133,TOV3133G_P65,md,11,0.94,2,63709951,WQC0180
TOV3133G,3133,TOV3133G_P65,md,12,0.93,2,63709951,WQC0180
TOV3133G,3133,TOV3133G_P65,md,13,0.92,2,63709951,WQC0180
TOV3133G,3133,TOV3133G_P65,md,14,0.92,2,63709951,WQC0180
TOV3133G,3133,TOV3133G_P65,md,15,0.91,2,63709951,WQC0180
TOV3133G,3133,TOV3133G_P65,md,16,0.9,2,63709951,WQC0180
TOV3133G,3133,TOV3133G_P65,md,17,0.89,2,63709951,WQC0180
TOV3133G,3133,TOV3133G_P65,md,18,0.88,2,63709951,WQC0180
TOV3133G,3133,TOV3133G_P65,md,19,0.87,2,63709951,WQC0180
TOV3133G,3133,TOV3133G_P65,md,20,0.86,2,63709951,WQC0180
TOV3133G,3133,TOV3133G_P65,md,21,0.85,2,63709951,WQC0180
TOV3133G,3133,TOV3133G_P65,md,22,0.84,2,63709951,WQC0180
TOV3133G,3133,TOV3133G_P65,md,23,0.83,2,63709951,WQC0180
TOV3133G,3133,TOV3133G_P65,md,24,0.82,2,63709951,WQC0180
TOV3133G,3133,TOV3133G_P65,md,25,0.8,2,63709951,WQC0180
TOV3133G,3133,TOV3133G_P65,md,26,0.79,2,63709951,WQC0180
TOV3133G,3133,TOV3133G_P65,md,27,0.78,2,63709951,WQC0180
TOV3133G,3133,TOV3133G_P65,md,28,0.77,2,63709951,WQC0180
TOV3133G,3133,TOV3133G_P65,md,29,0.76,2,63709951,WQC0180
TOV3133G,3133,TOV3133G_P65,md,30,0.75,2,63709951,WQC0180
TOV3133G,3133,TOV3133G_P65,md,31,0.74,2,63709951,WQC0180
TOV3133G,3133,TOV3133G_P65,md,32,0.72,2,63709951,WQC0180
TOV3133G,3133,TOV3133G_P65,md,33,0.71,2,63709951,WQC0180
TOV3133G,3133,TOV3133G_P65,md,34,0.7,2,63709951,WQC0180
TOV3133G,3133,TOV3133G_P65,md,35,0.69,2,63709951,WQC0180
TOV3133G,3133,TOV3133G_P65,md,36,0.68,2,63709951,WQC0180
TOV3133G,3133,TOV3133G_P65,md,37,0.67,2,63709951,WQC0180
TOV3133G,3133,TOV3133G_P65,md,38,0.66,2,63709951,WQC0180
TOV3133G,3133,TOV3133G_P65,md,39,0.64,2,63709951,WQC0180
TOV3133G,3133,TOV3133G_P65,md,40,0.63,2,63709951,WQC0180
TOV3133G,3133,TOV3133G_P65,md,41,0.62,2,63709951,WQC0180
TOV3133G,3133,TOV3133G_P65,md,42,0.61,2,63709951,WQC0180
TOV3133G,3133,TOV3133G_P65,md,43,0.6,2,63709951,WQC0180
TOV3133G,3133,TOV3133G_P65,md,44,0.59,2,63709951,WQC0180
TOV3133G,3133,TOV3133G_P65,md,45,0.58,2,63709951,WQC0180
TOV3133G,3133,TOV3133G_P65,md,46,0.57,2,63709951,WQC0180
TOV3133G,3133,TOV3133G_P65,md,47,0.56,2,63709951,WQC0180
TOV3133G,3133,TOV3133G_P65,md,48,0.55,2,63709951,WQC0180
TOV3133G,3133,TOV3133G_P65,md,49,0.54,2,63709951,WQC0180
TOV3133G,3133,TOV3133G_P65,md,50,0.53,2,63709951,WQC0180
TOV3133G,3133,TOV3133G_P65,md,51,0.52,2,63709951,WQC0180
TOV3133G,3133,TOV3133G_P65,md,52,0.51,2,63709951,WQC0180
TOV3133G,3133,TOV3133G_P65,md,53,0.5,2,63709951,WQC0180
TOV3133G,3133,TOV3133G_P65,md,54,0.49,2,63709951,WQC0180
TOV3133G,3133,TOV3133G_P65,md,55,0.48,2,63709951,WQC0180
TOV3133G,3133,TOV3133G_P65,md,56,0.47,2,63709951,WQC0180
TOV3133G,3133,TOV3133G_P65,md,57,0.46,2,63709951,WQC0180
TOV3133G,3133,TOV3133G_P65,md,58,0.45,2,63709951,WQC0180
TOV3133G,3133,TOV3133G_P65,md,59,0.44,2,63709951,WQC0180
TOV3133G,3133,TOV3133G_P65,md,60,0.44,2,63709951,WQC0180
TOV3133G,3133,TOV3133G_P65,md,61,0.43,2,63709951,WQC0180
TOV3133G,3133,TOV3133G_P65,md,62,0.42,2,63709951,WQC0180
TOV3133G,3133,TOV3133G_P65,md,63,0.41,2,63709951,WQC0180
TOV3133G,3133,TOV3133G_P65,md,64,0.4,2,63709951,WQC0180
TOV3133G,3133,TOV3133G_P65,md,65,0.4,2,63709951,WQC0180
TOV3133G,3133,TOV3133G_P65,md,66,0.39,2,63709951,WQC0180
TOV3133G,3133,TOV3133G_P65,md,67,0.38,2,63709951,WQC0180
TOV3133G,3133,TOV3133G_P65,md,68,0.37,2,63709951,WQC0180
TOV3133G,3133,TOV3133G_P65,md,69,0.37,2,63709951,WQC0180
TOV3133G,3133,TOV3133G_P65,md,70,0.36,2,63709951,WQC0180
TOV3133G,3133,TOV3133G_P65,md,71,0.35,2,63709951,WQC0180
TOV3133G,3133,TOV3133G_P65,md,72,0.34,2,63709951,WQC0180
TOV3133G,3133,TOV3133G_P65,md,73,0.34,2,63709951,WQC0180
TOV3133G,3133,TOV3133G_P65,md,74,0.33,2,63709951,WQC0180
TOV3133G,3133,TOV3133G_P65,md,75,0.33,2,63709951,WQC0180
TOV3133G,3133,TOV3133G_P65,md,76,0.32,2,63709951,WQC0180
TOV3133G,3133,TOV3133G_P65,md,77,0.31,2,63709951,WQC0180
TOV3133G,3133,TOV3133G_P65,md,78,0.31,2,63709951,WQC0180
TOV3133G,3133,TOV3133G_P65,md,79,0.3,2,63709951,WQC0180
TOV3133G,3133,TOV3133G_P65,md,80,0.29,2,63709951,WQC0180
TOV3133G,3133,TOV3133G_P65,md,81,0.29,2,63709951,WQC0180
TOV3133G,3133,TOV3133G_P65,md,82,0.28,2,63709951,WQC0180
TOV3133G,3133,TOV3133G_P65,md,83,0.28,2,63709951,WQC0180
TOV3133G,3133,TOV3133G_P65,md,84,0.27,2,63709951,WQC0180
TOV3133G,3133,TOV3133G_P65,md,85,0.27,2,63709951,WQC0180
TOV3133G,3133,TOV3133G_P65,md,86,0.26,2,63709951,WQC0180
TOV3133G,3133,TOV3133G_P65,md,87,0.26,2,63709951,WQC0180
TOV3133G,3133,TOV3133G_P65,md,88,0.25,2,63709951,WQC0180
TOV3133G,3133,TOV3133G_P65,md,89,0.25,2,63709951,WQC0180
TOV3133G,3133,TOV3133G_P65,md,90,0.24,2,63709951,WQC0180
TOV3133G,3133,TOV3133G_P65,md,91,0.24,2,63709951,WQC0180
TOV3133G,3133,TOV3133G_P65,md,92,0.23,2,63709951,WQC0180
TOV3133G,3133,TOV3133G_P65,md,93,0.23,2,63709951,WQC0180
TOV3133G,3133,TOV3133G_P65,md,94,0.23,2,63709951,WQC0180
TOV3133G,3133,TOV3133G_P65,md,95,0.22,2,63709951,WQC0180
TOV3133G,3133,TOV3133G_P65,md,96,0.22,2,63709951,WQC0180
TOV3133G,3133,TOV3133G_P65,md,97,0.21,2,63709951,WQC0180
TOV3133G,3133,TOV3133G_P65,md,98,0.21,2,63709951,WQC0180
TOV3133G,3133,TOV3133G_P65,md,99,0.21,2,63709951,WQC0180
TOV3133G,3133,TOV3133G_P65,md,100,0.2,2,63709951,WQC0180
TOV3133G,3133,TOV3133G_P65,md,101,0.2,2,63709951,WQC0180
TOV3133G,3133,TOV3133G_P65,md,102,0.19,2,63709951,WQC0180
TOV3133G,3133,TOV3133G_P65,md,103,0.19,2,63709951,WQC0180
TOV3133G,3133,TOV3133G_P65,md,104,0.19,2,63709951,WQC0180
TOV3133G,3133,TOV3133G_P65,md,105,0.18,2,63709951,WQC0180
TOV3133G,3133,TOV3133G_P65,md,106,0.18,2,63709951,WQC0180
TOV3133G,3133,TOV3133G_P65,md,107,0.18,2,63709951,WQC0180
TOV3133G,3133,TOV3133G_P65,md,108,0.17,2,63709951,WQC0180
TOV3133G,3133,TOV3133G_P65,md,109,0.17,2,63709951,WQC0180
TOV3133G,3133,TOV3133G_P65,md,110,0.17,2,63709951,WQC0180
TOV3133G,3133,TOV3133G_P65,md,111,0.17,2,63709951,WQC0180
TOV3133G,3133,TOV3133G_P65,md,112,0.16,2,63709951,WQC0180
TOV3133G,3133,TOV3133G_P65,md,113,0.16,2,63709951,WQC0180
TOV3133G,3133,TOV3133G_P65,md,114,0.16,2,63709951,WQC0180
TOV3133G,3133,TOV3133G_P65,md,115,0.15,2,63709951,WQC0180
TOV3133G,3133,TOV3133G_P65,md,116,0.15,2,63709951,WQC0180
TOV3133G,3133,TOV3133G_P65,md,117,0.15,2,63709951,WQC0180
TOV3133G,3133,TOV3133G_P65,md,118,0.15,2,63709951,WQC0180
TOV3133G,3133,TOV3133G_P65,md,119,0.14,2,63709951,WQC0180
TOV3133G,3133,TOV3133G_P65,md,120,0.14,2,63709951,WQC0180
TOV3133G,3133,TOV3133G_P65,md,121,0.14,2,63709951,WQC0180
TOV3133G,3133,TOV3133G_P65,md,122,0.14,2,63709951,WQC0180
TOV3133G,3133,TOV3133G_P65,md,123,0.13,2,63709951,WQC0180
TOV3133G,3133,TOV3133G_P65,md,124,0.13,2,63709951,WQC0180
TOV3133G,3133,TOV3133G_P65,md,125,0.13,2,63709951,WQC0180
TOV3133G,3133,TOV3133G_P65,md,126,0.13,2,63709951,WQC0180
TOV3133G,3133,TOV3133G_P65,md,127,0.13,2,63709951,WQC0180
TOV3133G,3133,TOV3133G_P65,md,128,0.12,2,63709951,WQC0180
TOV3133G,3133,TOV3133G_P65,md,129,0.12,2,63709951,WQC0180
TOV3133G,3133,TOV3133G_P65,md,130,0.12,2,63709951,WQC0180
TOV3133G,3133,TOV3133G_P65,md,131,0.12,2,63709951,WQC0180
TOV3133G,3133,TOV3133G_P65,md,132,0.12,2,63709951,WQC0180
TOV3133G,3133,TOV3133G_P65,md,133,0.11,2,63709951,WQC0180
TOV3133G,3133,TOV3133G_P65,md,134,0.11,2,63709951,WQC0180
TOV3133G,3133,TOV3133G_P65,md,135,0.11,2,63709951,WQC0180
TOV3133G,3133,TOV3133G_P65,md,136,0.11,2,63709951,WQC0180
TOV3133G,3133,TOV3133G_P65,md,137,0.11,2,63709951,WQC0180
TOV3133G,3133,TOV3133G_P65,md,138,0.11,2,63709951,WQC0180
TOV3133G,3133,TOV3133G_P65,md,139,0.1,2,63709951,WQC0180
TOV3133G,3133,TOV3133G_P65,md,140,0.1,2,63709951,WQC0180
TOV3133G,3133,TOV3133G_P65,md,141,0.1,2,63709951,WQC0180
TOV3133G,3133,TOV3133G_P65,md,142,0.1,2,63709951,WQC0180
TOV3133G,3133,TOV3133G_P65,md,143,0.1,2,63709951,WQC0180
TOV3133G,3133,TOV3133G_P65,md,144,0.1,2,63709951,WQC0180
TOV3133G,3133,TOV3133G_P65,md,145,0.1,2,63709951,WQC0180
TOV3133G,3133,TOV3133G_P65,md,146,0.09,2,63709951,WQC0180
TOV3133G,3133,TOV3133G_P65,md,147,0.09,2,63709951,WQC0180
TOV3133G,3133,TOV3133G_P65,md,148,0.09,2,63709951,WQC0180
TOV3133G,3133,TOV3133G_P65,md,149,0.09,2,63709951,WQC0180
TOV3133G,3133,TOV3133G_P65,md,150,0.09,2,63709951,WQC0180
TOV3133G,3133,TOV3133G_P65,recal,0,1.0,2,63709444,WQC0183
TOV3133G,3133,TOV3133G_P65,recal,1,0.99,2,63709444,WQC0183
TOV3133G,3133,TOV3133G_P65,recal,2,0.99,2,63709444,WQC0183
TOV3133G,3133,TOV3133G_P65,recal,3,0.99,2,63709444,WQC0183
TOV3133G,3133,TOV3133G_P65,recal,4,0.98,2,63709444,WQC0183
TOV3133G,3133,TOV3133G_P65,recal,5,0.98,2,63709444,WQC0183
TOV3133G,3133,TOV3133G_P65,recal,6,0.97,2,63709444,WQC0183
TOV3133G,3133,TOV3133G_P65,recal,7,0.96,2,63709444,WQC0183
TOV3133G,3133,TOV3133G_P65,recal,8,0.96,2,63709444,WQC0183
TOV3133G,3133,TOV3133G_P65,recal,9,0.95,2,63709444,WQC0183
TOV3133G,3133,TOV3133G_P65,recal,10,0.95,2,63709444,WQC0183
TOV3133G,3133,TOV3133G_P65,recal,11,0.94,2,63709444,WQC0183
TOV3133G,3133,TOV3133G_P65,recal,12,0.93,2,63709444,WQC0183
TOV3133G,3133,TOV3133G_P65,recal,13,0.92,2,63709444,WQC0183
TOV3133G,3133,TOV3133G_P65,recal,14,0.92,2,63709444,WQC0183
TOV3133G,3133,TOV3133G_P65,recal,15,0.91,2,63709444,WQC0183
TOV3133G,3133,TOV3133G_P65,recal,16,0.9,2,63709444,WQC0183
TOV3133G,3133,TOV3133G_P65,recal,17,0.89,2,63709444,WQC0183
TOV3133G,3133,TOV3133G_P65,recal,18,0.88,2,63709444,WQC0183
TOV3133G,3133,TOV3133G_P65,recal,19,0.87,2,63709444,WQC0183
TOV3133G,3133,TOV3133G_P65,recal,20,0.86,2,63709444,WQC0183
TOV3133G,3133,TOV3133G_P65,recal,21,0.85,2,63709444,WQC0183
TOV3133G,3133,TOV3133G_P65,recal,22,0.84,2,63709444,WQC0183
TOV3133G,3133,TOV3133G_P65,recal,23,0.83,2,63709444,WQC0183
TOV3133G,3133,TOV3133G_P65,recal,24,0.82,2,63709444,WQC0183
TOV3133G,3133,TOV3133G_P65,recal,25,0.8,2,63709444,WQC0183
TOV3133G,3133,TOV3133G_P65,recal,26,0.79,2,63709444,WQC0183
TOV3133G,3133,TOV3133G_P65,recal,27,0.78,2,63709444,WQC0183
TOV3133G,3133,TOV3133G_P65,recal,28,0.77,2,63709444,WQC0183
TOV3133G,3133,TOV3133G_P65,recal,29,0.76,2,63709444,WQC0183
TOV3133G,3133,TOV3133G_P65,recal,30,0.75,2,63709444,WQC0183
TOV3133G,3133,TOV3133G_P65,recal,31,0.74,2,63709444,WQC0183
TOV3133G,3133,TOV3133G_P65,recal,32,0.72,2,63709444,WQC0183
TOV3133G,3133,TOV3133G_P65,recal,33,0.71,2,63709444,WQC0183
TOV3133G,3133,TOV3133G_P65,recal,34,0.7,2,63709444,WQC0183
TOV3133G,3133,TOV3133G_P65,recal,35,0.69,2,63709444,WQC0183
TOV3133G,3133,TOV3133G_P65,recal,36,0.68,2,63709444,WQC0183
TOV3133G,3133,TOV3133G_P65,recal,37,0.67,2,63709444,WQC0183
TOV3133G,3133,TOV3133G_P65,recal,38,0.66,2,63709444,WQC0183
TOV3133G,3133,TOV3133G_P65,recal,39,0.64,2,63709444,WQC0183
TOV3133G,3133,TOV3133G_P65,recal,40,0.63,2,63709444,WQC0183
TOV3133G,3133,TOV3133G_P65,recal,41,0.62,2,63709444,WQC0183
TOV3133G,3133,TOV3133G_P65,recal,42,0.61,2,63709444,WQC0183
TOV3133G,3133,TOV3133G_P65,recal,43,0.6,2,63709444,WQC0183
TOV3133G,3133,TOV3133G_P65,recal,44,0.59,2,63709444,WQC0183
TOV3133G,3133,TOV3133G_P65,recal,45,0.58,2,63709444,WQC0183
TOV3133G,3133,TOV3133G_P65,recal,46,0.57,2,63709444,WQC0183
TOV3133G,3133,TOV3133G_P65,recal,47,0.56,2,63709444,WQC0183
TOV3133G,3133,TOV3133G_P65,recal,48,0.55,2,63709444,WQC0183
TOV3133G,3133,TOV3133G_P65,recal,49,0.54,2,63709444,WQC0183
TOV3133G,3133,TOV3133G_P65,recal,50,0.53,2,63709444,WQC0183
TOV3133G,3133,TOV3133G_P65,recal,51,0.52,2,63709444,WQC0183
TOV3133G,3133,TOV3133G_P65,recal,52,0.51,2,63709444,WQC0183
TOV3133G,3133,TOV3133G_P65,recal,53,0.5,2,63709444,WQC0183
TOV3133G,3133,TOV3133G_P65,recal,54,0.49,2,63709444,WQC0183
TOV3133G,3133,TOV3133G_P65,recal,55,0.48,2,63709444,WQC0183
TOV3133G,3133,TOV3133G_P65,recal,56,0.47,2,63709444,WQC0183
TOV3133G,3133,TOV3133G_P65,recal,57,0.46,2,63709444,WQC0183
TOV3133G,3133,TOV3133G_P65,recal,58,0.45,2,63709444,WQC0183
TOV3133G,3133,TOV3133G_P65,recal,59,0.44,2,63709444,WQC0183
TOV3133G,3133,TOV3133G_P65,recal,60,0.44,2,63709444,WQC0183
TOV3133G,3133,TOV3133G_P65,recal,61,0.43,2,63709444,WQC0183
TOV3133G,3133,TOV3133G_P65,recal,62,0.42,2,63709444,WQC0183
TOV3133G,3133,TOV3133G_P65,recal,63,0.41,2,63709444,WQC0183
TOV3133G,3133,TOV3133G_P65,recal,64,0.4,2,63709444,WQC0183
TOV3133G,3133,TOV3133G_P65,recal,65,0.4,2,63709444,WQC0183
TOV3133G,3133,TOV3133G_P65,recal,66,0.39,2,63709444,WQC0183
TOV3133G,3133,TOV3133G_P65,recal,67,0.38,2,63709444,WQC0183
TOV3133G,3133,TOV3133G_P65,recal,68,0.37,2,63709444,WQC0183
TOV3133G,3133,TOV3133G_P65,recal,69,0.37,2,63709444,WQC0183
TOV3133G,3133,TOV3133G_P65,recal,70,0.36,2,63709444,WQC0183
TOV3133G,3133,TOV3133G_P65,recal,71,0.35,2,63709444,WQC0183
TOV3133G,3133,TOV3133G_P65,recal,72,0.34,2,63709444,WQC0183
TOV3133G,3133,TOV3133G_P65,recal,73,0.34,2,63709444,WQC0183
TOV3133G,3133,TOV3133G_P65,recal,74,0.33,2,63709444,WQC0183
TOV3133G,3133,TOV3133G_P65,recal,75,0.33,2,63709444,WQC0183
TOV3133G,3133,TOV3133G_P65,recal,76,0.32,2,63709444,WQC0183
TOV3133G,3133,TOV3133G_P65,recal,77,0.31,2,63709444,WQC0183
TOV3133G,3133,TOV3133G_P65,recal,78,0.31,2,63709444,WQC0183
TOV3133G,3133,TOV3133G_P65,recal,79,0.3,2,63709444,WQC0183
TOV3133G,3133,TOV3133G_P65,recal,80,0.29,2,63709444,WQC0183
TOV3133G,3133,TOV3133G_P65,recal,81,0.29,2,63709444,WQC0183
TOV3133G,3133,TOV3133G_P65,recal,82,0.28,2,63709444,WQC0183
TOV3133G,3133,TOV3133G_P65,recal,83,0.28,2,63709444,WQC0183
TOV3133G,3133,TOV3133G_P65,recal,84,0.27,2,63709444,WQC0183
TOV3133G,3133,TOV3133G_P65,recal,85,0.27,2,63709444,WQC0183
TOV3133G,3133,TOV3133G_P65,recal,86,0.26,2,63709444,WQC0183
TOV3133G,3133,TOV3133G_P65,recal,87,0.26,2,63709444,WQC0183
TOV3133G,3133,TOV3133G_P65,recal,88,0.25,2,63709444,WQC0183
TOV3133G,3133,TOV3133G_P65,recal,89,0.25,2,63709444,WQC0183
TOV3133G,3133,TOV3133G_P65,recal,90,0.24,2,63709444,WQC0183
TOV3133G,3133,TOV3133G_P65,recal,91,0.24,2,63709444,WQC0183
TOV3133G,3133,TOV3133G_P65,recal,92,0.23,2,63709444,WQC0183
TOV3133G,3133,TOV3133G_P65,recal,93,0.23,2,63709444,WQC0183
TOV3133G,3133,TOV3133G_P65,recal,94,0.23,2,63709444,WQC0183
TOV3133G,3133,TOV3133G_P65,recal,95,0.22,2,63709444,WQC0183
TOV3133G,3133,TOV3133G_P65,recal,96,0.22,2,63709444,WQC0183
TOV3133G,3133,TOV3133G_P65,recal,97,0.21,2,63709444,WQC0183
TOV3133G,3133,TOV3133G_P65,recal,98,0.21,2,63709444,WQC0183
TOV3133G,3133,TOV3133G_P65,recal,99,0.21,2,63709444,WQC0183
TOV3133G,3133,TOV3133G_P65,recal,100,0.2,2,63709444,WQC0183
TOV3133G,3133,TOV3133G_P65,recal,101,0.2,2,63709444,WQC0183
TOV3133G,3133,TOV3133G_P65,recal,102,0.19,2,63709444,WQC0183
TOV3133G,3133,TOV3133G_P65,recal,103,0.19,2,63709444,WQC0183
TOV3133G,3133,TOV3133G_P65,recal,104,0.19,2,63709444,WQC0183
TOV3133G,3133,TOV3133G_P65,recal,105,0.18,2,63709444,WQC0183
TOV3133G,3133,TOV3133G_P65,recal,106,0.18,2,63709444,WQC0183
TOV3133G,3133,TOV3133G_P65,recal,107,0.18,2,63709444,WQC0183
TOV3133G,3133,TOV3133G_P65,recal,108,0.17,2,63709444,WQC0183
TOV3133G,3133,TOV3133G_P65,recal,109,0.17,2,63709444,WQC0183
TOV3133G,3133,TOV3133G_P65,recal,110,0.17,2,63709444,WQC0183
TOV3133G,3133,TOV3133G_P65,recal,111,0.17,2,63709444,WQC0183
TOV3133G,3133,TOV3133G_P65,recal,112,0.16,2,63709444,WQC0183
TOV3133G,3133,TOV3133G_P65,recal,113,0.16,2,63709444,WQC0183
TOV3133G,3133,TOV3133G_P65,recal,114,0.16,2,63709444,WQC0183
TOV3133G,3133,TOV3133G_P65,recal,115,0.15,2,63709444,WQC0183
TOV3133G,3133,TOV3133G_P65,recal,116,0.15,2,63709444,WQC0183
TOV3133G,3133,TOV3133G_P65,recal,117,0.15,2,63709444,WQC0183
TOV3133G,3133,TOV3133G_P65,recal,118,0.15,2,63709444,WQC0183
TOV3133G,3133,TOV3133G_P65,recal,119,0.14,2,63709444,WQC0183
TOV3133G,3133,TOV3133G_P65,recal,120,0.14,2,63709444,WQC0183
TOV3133G,3133,TOV3133G_P65,recal,121,0.14,2,63709444,WQC0183
TOV3133G,3133,TOV3133G_P65,recal,122,0.14,2,63709444,WQC0183
TOV3133G,3133,TOV3133G_P65,recal,123,0.13,2,63709444,WQC0183
TOV3133G,3133,TOV3133G_P65,recal,124,0.13,2,63709444,WQC0183
TOV3133G,3133,TOV3133G_P65,recal,125,0.13,2,63709444,WQC0183
TOV3133G,3133,TOV3133G_P65,recal,126,0.13,2,63709444,WQC0183
TOV3133G,3133,TOV3133G_P65,recal,127,0.13,2,63709444,WQC0183
TOV3133G,3133,TOV3133G_P65,recal,128,0.12,2,63709444,WQC0183
TOV3133G,3133,TOV3133G_P65,recal,129,0.12,2,63709444,WQC0183
TOV3133G,3133,TOV3133G_P65,recal,130,0.12,2,63709444,WQC0183
TOV3133G,3133,TOV3133G_P65,recal,131,0.12,2,63709444,WQC0183
TOV3133G,3133,TOV3133G_P65,recal,132,0.12,2,63709444,WQC0183
TOV3133G,3133,TOV3133G_P65,recal,133,0.11,2,63709444,WQC0183
TOV3133G,3133,TOV3133G_P65,recal,134,0.11,2,63709444,WQC0183
TOV3133G,3133,TOV3133G_P65,recal,135,0.11,2,63709444,WQC0183
TOV3133G,3133,TOV3133G_P65,recal,136,0.11,2,63709444,WQC0183
TOV3133G,3133,TOV3133G_P65,recal,137,0.11,2,63709444,WQC0183
TOV3133G,3133,TOV3133G_P65,recal,138,0.11,2,63709444,WQC0183
TOV3133G,3133,TOV3133G_P65,recal,139,0.1,2,63709444,WQC0183
TOV3133G,3133,TOV3133G_P65,recal,140,0.1,2,63709444,WQC0183
TOV3133G,3133,TOV3133G_P65,recal,141,0.1,2,63709444,WQC0183
TOV3133G,3133,TOV3133G_P65,recal,142,0.1,2,63709444,WQC0183
TOV3133G,3133,TOV3133G_P65,recal,143,0.1,2,63709444,WQC0183
TOV3133G,3133,TOV3133G_P65,recal,144,0.1,2,63709444,WQC0183
TOV3133G,3133,TOV3133G_P65,recal,145,0.1,2,63709444,WQC0183
TOV3133G,3133,TOV3133G_P65,recal,146,0.09,2,63709444,WQC0183
TOV3133G,3133,TOV3133G_P65,recal,147,0.09,2,63709444,WQC0183
TOV3133G,3133,TOV3133G_P65,recal,148,0.09,2,63709444,WQC0183
TOV3133G,3133,TOV3133G_P65,recal,149,0.09,2,63709444,WQC0183
TOV3133G,3133,TOV3133G_P65,recal,150,0.09,2,63709444,WQC0183
TOV3392D,TOV3392D,TOV3392D_P69,md,0,1.0,2,63709951,WQC0188
TOV3392D,TOV3392D,TOV3392D_P69,md,1,0.99,2,63709951,WQC0188
TOV3392D,TOV3392D,TOV3392D_P69,md,2,0.99,2,63709951,WQC0188
TOV3392D,TOV3392D,TOV3392D_P69,md,3,0.99,2,63709951,WQC0188
TOV3392D,TOV3392D,TOV3392D_P69,md,4,0.98,2,63709951,WQC0188
TOV3392D,TOV3392D,TOV3392D_P69,md,5,0.98,2,63709951,WQC0188
TOV3392D,TOV3392D,TOV3392D_P69,md,6,0.98,2,63709951,WQC0188
TOV3392D,TOV3392D,TOV3392D_P69,md,7,0.97,2,63709951,WQC0188
TOV3392D,TOV3392D,TOV3392D_P69,md,8,0.97,2,63709951,WQC0188
TOV3392D,TOV3392D,TOV3392D_P69,md,9,0.97,2,63709951,WQC0188
TOV3392D,TOV3392D,TOV3392D_P69,md,10,0.97,2,63709951,WQC0188
TOV3392D,TOV3392D,TOV3392D_P69,md,11,0.96,2,63709951,WQC0188
TOV3392D,TOV3392D,TOV3392D_P69,md,12,0.96,2,63709951,WQC0188
TOV3392D,TOV3392D,TOV3392D_P69,md,13,0.95,2,63709951,WQC0188
TOV3392D,TOV3392D,TOV3392D_P69,md,14,0.95,2,63709951,WQC0188
TOV3392D,TOV3392D,TOV3392D_P69,md,15,0.94,2,63709951,WQC0188
TOV3392D,TOV3392D,TOV3392D_P69,md,16,0.94,2,63709951,WQC0188
TOV3392D,TOV3392D,TOV3392D_P69,md,17,0.93,2,63709951,WQC0188
TOV3392D,TOV3392D,TOV3392D_P69,md,18,0.93,2,63709951,WQC0188
TOV3392D,TOV3392D,TOV3392D_P69,md,19,0.92,2,63709951,WQC0188
TOV3392D,TOV3392D,TOV3392D_P69,md,20,0.91,2,63709951,WQC0188
TOV3392D,TOV3392D,TOV3392D_P69,md,21,0.91,2,63709951,WQC0188
TOV3392D,TOV3392D,TOV3392D_P69,md,22,0.9,2,63709951,WQC0188
TOV3392D,TOV3392D,TOV3392D_P69,md,23,0.89,2,63709951,WQC0188
TOV3392D,TOV3392D,TOV3392D_P69,md,24,0.88,2,63709951,WQC0188
TOV3392D,TOV3392D,TOV3392D_P69,md,25,0.87,2,63709951,WQC0188
TOV3392D,TOV3392D,TOV3392D_P69,md,26,0.87,2,63709951,WQC0188
TOV3392D,TOV3392D,TOV3392D_P69,md,27,0.86,2,63709951,WQC0188
TOV3392D,TOV3392D,TOV3392D_P69,md,28,0.85,2,63709951,WQC0188
TOV3392D,TOV3392D,TOV3392D_P69,md,29,0.84,2,63709951,WQC0188
TOV3392D,TOV3392D,TOV3392D_P69,md,30,0.83,2,63709951,WQC0188
TOV3392D,TOV3392D,TOV3392D_P69,md,31,0.82,2,63709951,WQC0188
TOV3392D,TOV3392D,TOV3392D_P69,md,32,0.8,2,63709951,WQC0188
TOV3392D,TOV3392D,TOV3392D_P69,md,33,0.79,2,63709951,WQC0188
TOV3392D,TOV3392D,TOV3392D_P69,md,34,0.78,2,63709951,WQC0188
TOV3392D,TOV3392D,TOV3392D_P69,md,35,0.77,2,63709951,WQC0188
TOV3392D,TOV3392D,TOV3392D_P69,md,36,0.76,2,63709951,WQC0188
TOV3392D,TOV3392D,TOV3392D_P69,md,37,0.75,2,63709951,WQC0188
TOV3392D,TOV3392D,TOV3392D_P69,md,38,0.74,2,63709951,WQC0188
TOV3392D,TOV3392D,TOV3392D_P69,md,39,0.72,2,63709951,WQC0188
TOV3392D,TOV3392D,TOV3392D_P69,md,40,0.71,2,63709951,WQC0188
TOV3392D,TOV3392D,TOV3392D_P69,md,41,0.7,2,63709951,WQC0188
TOV3392D,TOV3392D,TOV3392D_P69,md,42,0.69,2,63709951,WQC0188
TOV3392D,TOV3392D,TOV3392D_P69,md,43,0.67,2,63709951,WQC0188
TOV3392D,TOV3392D,TOV3392D_P69,md,44,0.66,2,63709951,WQC0188
TOV3392D,TOV3392D,TOV3392D_P69,md,45,0.65,2,63709951,WQC0188
TOV3392D,TOV3392D,TOV3392D_P69,md,46,0.64,2,63709951,WQC0188
TOV3392D,TOV3392D,TOV3392D_P69,md,47,0.63,2,63709951,WQC0188
TOV3392D,TOV3392D,TOV3392D_P69,md,48,0.61,2,63709951,WQC0188
TOV3392D,TOV3392D,TOV3392D_P69,md,49,0.6,2,63709951,WQC0188
TOV3392D,TOV3392D,TOV3392D_P69,md,50,0.59,2,63709951,WQC0188
TOV3392D,TOV3392D,TOV3392D_P69,md,51,0.58,2,63709951,WQC0188
TOV3392D,TOV3392D,TOV3392D_P69,md,52,0.57,2,63709951,WQC0188
TOV3392D,TOV3392D,TOV3392D_P69,md,53,0.55,2,63709951,WQC0188
TOV3392D,TOV3392D,TOV3392D_P69,md,54,0.54,2,63709951,WQC0188
TOV3392D,TOV3392D,TOV3392D_P69,md,55,0.53,2,63709951,WQC0188
TOV3392D,TOV3392D,TOV3392D_P69,md,56,0.52,2,63709951,WQC0188
TOV3392D,TOV3392D,TOV3392D_P69,md,57,0.51,2,63709951,WQC0188
TOV3392D,TOV3392D,TOV3392D_P69,md,58,0.5,2,63709951,WQC0188
TOV3392D,TOV3392D,TOV3392D_P69,md,59,0.49,2,63709951,WQC0188
TOV3392D,TOV3392D,TOV3392D_P69,md,60,0.48,2,63709951,WQC0188
TOV3392D,TOV3392D,TOV3392D_P69,md,61,0.47,2,63709951,WQC0188
TOV3392D,TOV3392D,TOV3392D_P69,md,62,0.46,2,63709951,WQC0188
TOV3392D,TOV3392D,TOV3392D_P69,md,63,0.45,2,63709951,WQC0188
TOV3392D,TOV3392D,TOV3392D_P69,md,64,0.44,2,63709951,WQC0188
TOV3392D,TOV3392D,TOV3392D_P69,md,65,0.43,2,63709951,WQC0188
TOV3392D,TOV3392D,TOV3392D_P69,md,66,0.42,2,63709951,WQC0188
TOV3392D,TOV3392D,TOV3392D_P69,md,67,0.41,2,63709951,WQC0188
TOV3392D,TOV3392D,TOV3392D_P69,md,68,0.4,2,63709951,WQC0188
TOV3392D,TOV3392D,TOV3392D_P69,md,69,0.39,2,63709951,WQC0188
TOV3392D,TOV3392D,TOV3392D_P69,md,70,0.38,2,63709951,WQC0188
TOV3392D,TOV3392D,TOV3392D_P69,md,71,0.37,2,63709951,WQC0188
TOV3392D,TOV3392D,TOV3392D_P69,md,72,0.36,2,63709951,WQC0188
TOV3392D,TOV3392D,TOV3392D_P69,md,73,0.36,2,63709951,WQC0188
TOV3392D,TOV3392D,TOV3392D_P69,md,74,0.35,2,63709951,WQC0188
TOV3392D,TOV3392D,TOV3392D_P69,md,75,0.34,2,63709951,WQC0188
TOV3392D,TOV3392D,TOV3392D_P69,md,76,0.33,2,63709951,WQC0188
TOV3392D,TOV3392D,TOV3392D_P69,md,77,0.33,2,63709951,WQC0188
TOV3392D,TOV3392D,TOV3392D_P69,md,78,0.32,2,63709951,WQC0188
TOV3392D,TOV3392D,TOV3392D_P69,md,79,0.31,2,63709951,WQC0188
TOV3392D,TOV3392D,TOV3392D_P69,md,80,0.3,2,63709951,WQC0188
TOV3392D,TOV3392D,TOV3392D_P69,md,81,0.3,2,63709951,WQC0188
TOV3392D,TOV3392D,TOV3392D_P69,md,82,0.29,2,63709951,WQC0188
TOV3392D,TOV3392D,TOV3392D_P69,md,83,0.29,2,63709951,WQC0188
TOV3392D,TOV3392D,TOV3392D_P69,md,84,0.28,2,63709951,WQC0188
TOV3392D,TOV3392D,TOV3392D_P69,md,85,0.27,2,63709951,WQC0188
TOV3392D,TOV3392D,TOV3392D_P69,md,86,0.27,2,63709951,WQC0188
TOV3392D,TOV3392D,TOV3392D_P69,md,87,0.26,2,63709951,WQC0188
TOV3392D,TOV3392D,TOV3392D_P69,md,88,0.26,2,63709951,WQC0188
TOV3392D,TOV3392D,TOV3392D_P69,md,89,0.25,2,63709951,WQC0188
TOV3392D,TOV3392D,TOV3392D_P69,md,90,0.24,2,63709951,WQC0188
TOV3392D,TOV3392D,TOV3392D_P69,md,91,0.24,2,63709951,WQC0188
TOV3392D,TOV3392D,TOV3392D_P69,md,92,0.23,2,63709951,WQC0188
TOV3392D,TOV3392D,TOV3392D_P69,md,93,0.23,2,63709951,WQC0188
TOV3392D,TOV3392D,TOV3392D_P69,md,94,0.22,2,63709951,WQC0188
TOV3392D,TOV3392D,TOV3392D_P69,md,95,0.22,2,63709951,WQC0188
TOV3392D,TOV3392D,TOV3392D_P69,md,96,0.21,2,63709951,WQC0188
TOV3392D,TOV3392D,TOV3392D_P69,md,97,0.21,2,63709951,WQC0188
TOV3392D,TOV3392D,TOV3392D_P69,md,98,0.21,2,63709951,WQC0188
TOV3392D,TOV3392D,TOV3392D_P69,md,99,0.2,2,63709951,WQC0188
TOV3392D,TOV3392D,TOV3392D_P69,md,100,0.2,2,63709951,WQC0188
TOV3392D,TOV3392D,TOV3392D_P69,md,101,0.19,2,63709951,WQC0188
TOV3392D,TOV3392D,TOV3392D_P69,md,102,0.19,2,63709951,WQC0188
TOV3392D,TOV3392D,TOV3392D_P69,md,103,0.19,2,63709951,WQC0188
TOV3392D,TOV3392D,TOV3392D_P69,md,104,0.18,2,63709951,WQC0188
TOV3392D,TOV3392D,TOV3392D_P69,md,105,0.18,2,63709951,WQC0188
TOV3392D,TOV3392D,TOV3392D_P69,md,106,0.17,2,63709951,WQC0188
TOV3392D,TOV3392D,TOV3392D_P69,md,107,0.17,2,63709951,WQC0188
TOV3392D,TOV3392D,TOV3392D_P69,md,108,0.17,2,63709951,WQC0188
TOV3392D,TOV3392D,TOV3392D_P69,md,109,0.16,2,63709951,WQC0188
TOV3392D,TOV3392D,TOV3392D_P69,md,110,0.16,2,63709951,WQC0188
TOV3392D,TOV3392D,TOV3392D_P69,md,111,0.16,2,63709951,WQC0188
TOV3392D,TOV3392D,TOV3392D_P69,md,112,0.15,2,63709951,WQC0188
TOV3392D,TOV3392D,TOV3392D_P69,md,113,0.15,2,63709951,WQC0188
TOV3392D,TOV3392D,TOV3392D_P69,md,114,0.15,2,63709951,WQC0188
TOV3392D,TOV3392D,TOV3392D_P69,md,115,0.15,2,63709951,WQC0188
TOV3392D,TOV3392D,TOV3392D_P69,md,116,0.14,2,63709951,WQC0188
TOV3392D,TOV3392D,TOV3392D_P69,md,117,0.14,2,63709951,WQC0188
TOV3392D,TOV3392D,TOV3392D_P69,md,118,0.14,2,63709951,WQC0188
TOV3392D,TOV3392D,TOV3392D_P69,md,119,0.13,2,63709951,WQC0188
TOV3392D,TOV3392D,TOV3392D_P69,md,120,0.13,2,63709951,WQC0188
TOV3392D,TOV3392D,TOV3392D_P69,md,121,0.13,2,63709951,WQC0188
TOV3392D,TOV3392D,TOV3392D_P69,md,122,0.13,2,63709951,WQC0188
TOV3392D,TOV3392D,TOV3392D_P69,md,123,0.13,2,63709951,WQC0188
TOV3392D,TOV3392D,TOV3392D_P69,md,124,0.12,2,63709951,WQC0188
TOV3392D,TOV3392D,TOV3392D_P69,md,125,0.12,2,63709951,WQC0188
TOV3392D,TOV3392D,TOV3392D_P69,md,126,0.12,2,63709951,WQC0188
TOV3392D,TOV3392D,TOV3392D_P69,md,127,0.12,2,63709951,WQC0188
TOV3392D,TOV3392D,TOV3392D_P69,md,128,0.11,2,63709951,WQC0188
TOV3392D,TOV3392D,TOV3392D_P69,md,129,0.11,2,63709951,WQC0188
TOV3392D,TOV3392D,TOV3392D_P69,md,130,0.11,2,63709951,WQC0188
TOV3392D,TOV3392D,TOV3392D_P69,md,131,0.11,2,63709951,WQC0188
TOV3392D,TOV3392D,TOV3392D_P69,md,132,0.11,2,63709951,WQC0188
TOV3392D,TOV3392D,TOV3392D_P69,md,133,0.1,2,63709951,WQC0188
TOV3392D,TOV3392D,TOV3392D_P69,md,134,0.1,2,63709951,WQC0188
TOV3392D,TOV3392D,TOV3392D_P69,md,135,0.1,2,63709951,WQC0188
TOV3392D,TOV3392D,TOV3392D_P69,md,136,0.1,2,63709951,WQC0188
TOV3392D,TOV3392D,TOV3392D_P69,md,137,0.1,2,63709951,WQC0188
TOV3392D,TOV3392D,TOV3392D_P69,md,138,0.1,2,63709951,WQC0188
TOV3392D,TOV3392D,TOV3392D_P69,md,139,0.09,2,63709951,WQC0188
TOV3392D,TOV3392D,TOV3392D_P69,md,140,0.09,2,63709951,WQC0188
TOV3392D,TOV3392D,TOV3392D_P69,md,141,0.09,2,63709951,WQC0188
TOV3392D,TOV3392D,TOV3392D_P69,md,142,0.09,2,63709951,WQC0188
TOV3392D,TOV3392D,TOV3392D_P69,md,143,0.09,2,63709951,WQC0188
TOV3392D,TOV3392D,TOV3392D_P69,md,144,0.09,2,63709951,WQC0188
TOV3392D,TOV3392D,TOV3392D_P69,md,145,0.09,2,63709951,WQC0188
TOV3392D,TOV3392D,TOV3392D_P69,md,146,0.08,2,63709951,WQC0188
TOV3392D,TOV3392D,TOV3392D_P69,md,147,0.08,2,63709951,WQC0188
TOV3392D,TOV3392D,TOV3392D_P69,md,148,0.08,2,63709951,WQC0188
TOV3392D,TOV3392D,TOV3392D_P69,md,149,0.08,2,63709951,WQC0188
TOV3392D,TOV3392D,TOV3392D_P69,md,150,0.08,2,63709951,WQC0188
TOV3392D,TOV3392D,TOV3392D_P69,recal,0,1.0,2,63709402,WQC0191
TOV3392D,TOV3392D,TOV3392D_P69,recal,1,0.99,2,63709402,WQC0191
TOV3392D,TOV3392D,TOV3392D_P69,recal,2,0.99,2,63709402,WQC0191
TOV3392D,TOV3392D,TOV3392D_P69,recal,3,0.99,2,63709402,WQC0191
TOV3392D,TOV3392D,TOV3392D_P69,recal,4,0.98,2,63709402,WQC0191
TOV3392D,TOV3392D,TOV3392D_P69,recal,5,0.98,2,63709402,WQC0191
TOV3392D,TOV3392D,TOV3392D_P69,recal,6,0.98,2,63709402,WQC0191
TOV3392D,TOV3392D,TOV3392D_P69,recal,7,0.97,2,63709402,WQC0191
TOV3392D,TOV3392D,TOV3392D_P69,recal,8,0.97,2,63709402,WQC0191
TOV3392D,TOV3392D,TOV3392D_P69,recal,9,0.97,2,63709402,WQC0191
TOV3392D,TOV3392D,TOV3392D_P69,recal,10,0.97,2,63709402,WQC0191
TOV3392D,TOV3392D,TOV3392D_P69,recal,11,0.96,2,63709402,WQC0191
TOV3392D,TOV3392D,TOV3392D_P69,recal,12,0.96,2,63709402,WQC0191
TOV3392D,TOV3392D,TOV3392D_P69,recal,13,0.95,2,63709402,WQC0191
TOV3392D,TOV3392D,TOV3392D_P69,recal,14,0.95,2,63709402,WQC0191
TOV3392D,TOV3392D,TOV3392D_P69,recal,15,0.94,2,63709402,WQC0191
TOV3392D,TOV3392D,TOV3392D_P69,recal,16,0.94,2,63709402,WQC0191
TOV3392D,TOV3392D,TOV3392D_P69,recal,17,0.93,2,63709402,WQC0191
TOV3392D,TOV3392D,TOV3392D_P69,recal,18,0.93,2,63709402,WQC0191
TOV3392D,TOV3392D,TOV3392D_P69,recal,19,0.92,2,63709402,WQC0191
TOV3392D,TOV3392D,TOV3392D_P69,recal,20,0.91,2,63709402,WQC0191
TOV3392D,TOV3392D,TOV3392D_P69,recal,21,0.91,2,63709402,WQC0191
TOV3392D,TOV3392D,TOV3392D_P69,recal,22,0.9,2,63709402,WQC0191
TOV3392D,TOV3392D,TOV3392D_P69,recal,23,0.89,2,63709402,WQC0191
TOV3392D,TOV3392D,TOV3392D_P69,recal,24,0.88,2,63709402,WQC0191
TOV3392D,TOV3392D,TOV3392D_P69,recal,25,0.87,2,63709402,WQC0191
TOV3392D,TOV3392D,TOV3392D_P69,recal,26,0.87,2,63709402,WQC0191
TOV3392D,TOV3392D,TOV3392D_P69,recal,27,0.86,2,63709402,WQC0191
TOV3392D,TOV3392D,TOV3392D_P69,recal,28,0.85,2,63709402,WQC0191
TOV3392D,TOV3392D,TOV3392D_P69,recal,29,0.84,2,63709402,WQC0191
TOV3392D,TOV3392D,TOV3392D_P69,recal,30,0.83,2,63709402,WQC0191
TOV3392D,TOV3392D,TOV3392D_P69,recal,31,0.82,2,63709402,WQC0191
TOV3392D,TOV3392D,TOV3392D_P69,recal,32,0.8,2,63709402,WQC0191
TOV3392D,TOV3392D,TOV3392D_P69,recal,33,0.79,2,63709402,WQC0191
TOV3392D,TOV3392D,TOV3392D_P69,recal,34,0.78,2,63709402,WQC0191
TOV3392D,TOV3392D,TOV3392D_P69,recal,35,0.77,2,63709402,WQC0191
TOV3392D,TOV3392D,TOV3392D_P69,recal,36,0.76,2,63709402,WQC0191
TOV3392D,TOV3392D,TOV3392D_P69,recal,37,0.75,2,63709402,WQC0191
TOV3392D,TOV3392D,TOV3392D_P69,recal,38,0.74,2,63709402,WQC0191
TOV3392D,TOV3392D,TOV3392D_P69,recal,39,0.72,2,63709402,WQC0191
TOV3392D,TOV3392D,TOV3392D_P69,recal,40,0.71,2,63709402,WQC0191
TOV3392D,TOV3392D,TOV3392D_P69,recal,41,0.7,2,63709402,WQC0191
TOV3392D,TOV3392D,TOV3392D_P69,recal,42,0.69,2,63709402,WQC0191
TOV3392D,TOV3392D,TOV3392D_P69,recal,43,0.67,2,63709402,WQC0191
TOV3392D,TOV3392D,TOV3392D_P69,recal,44,0.66,2,63709402,WQC0191
TOV3392D,TOV3392D,TOV3392D_P69,recal,45,0.65,2,63709402,WQC0191
TOV3392D,TOV3392D,TOV3392D_P69,recal,46,0.64,2,63709402,WQC0191
TOV3392D,TOV3392D,TOV3392D_P69,recal,47,0.63,2,63709402,WQC0191
TOV3392D,TOV3392D,TOV3392D_P69,recal,48,0.61,2,63709402,WQC0191
TOV3392D,TOV3392D,TOV3392D_P69,recal,49,0.6,2,63709402,WQC0191
TOV3392D,TOV3392D,TOV3392D_P69,recal,50,0.59,2,63709402,WQC0191
TOV3392D,TOV3392D,TOV3392D_P69,recal,51,0.58,2,63709402,WQC0191
TOV3392D,TOV3392D,TOV3392D_P69,recal,52,0.57,2,63709402,WQC0191
TOV3392D,TOV3392D,TOV3392D_P69,recal,53,0.55,2,63709402,WQC0191
TOV3392D,TOV3392D,TOV3392D_P69,recal,54,0.54,2,63709402,WQC0191
TOV3392D,TOV3392D,TOV3392D_P69,recal,55,0.53,2,63709402,WQC0191
TOV3392D,TOV3392D,TOV3392D_P69,recal,56,0.52,2,63709402,WQC0191
TOV3392D,TOV3392D,TOV3392D_P69,recal,57,0.51,2,63709402,WQC0191
TOV3392D,TOV3392D,TOV3392D_P69,recal,58,0.5,2,63709402,WQC0191
TOV3392D,TOV3392D,TOV3392D_P69,recal,59,0.49,2,63709402,WQC0191
TOV3392D,TOV3392D,TOV3392D_P69,recal,60,0.48,2,63709402,WQC0191
TOV3392D,TOV3392D,TOV3392D_P69,recal,61,0.47,2,63709402,WQC0191
TOV3392D,TOV3392D,TOV3392D_P69,recal,62,0.46,2,63709402,WQC0191
TOV3392D,TOV3392D,TOV3392D_P69,recal,63,0.45,2,63709402,WQC0191
TOV3392D,TOV3392D,TOV3392D_P69,recal,64,0.44,2,63709402,WQC0191
TOV3392D,TOV3392D,TOV3392D_P69,recal,65,0.43,2,63709402,WQC0191
TOV3392D,TOV3392D,TOV3392D_P69,recal,66,0.42,2,63709402,WQC0191
TOV3392D,TOV3392D,TOV3392D_P69,recal,67,0.41,2,63709402,WQC0191
TOV3392D,TOV3392D,TOV3392D_P69,recal,68,0.4,2,63709402,WQC0191
TOV3392D,TOV3392D,TOV3392D_P69,recal,69,0.39,2,63709402,WQC0191
TOV3392D,TOV3392D,TOV3392D_P69,recal,70,0.38,2,63709402,WQC0191
TOV3392D,TOV3392D,TOV3392D_P69,recal,71,0.37,2,63709402,WQC0191
TOV3392D,TOV3392D,TOV3392D_P69,recal,72,0.37,2,63709402,WQC0191
TOV3392D,TOV3392D,TOV3392D_P69,recal,73,0.36,2,63709402,WQC0191
TOV3392D,TOV3392D,TOV3392D_P69,recal,74,0.35,2,63709402,WQC0191
TOV3392D,TOV3392D,TOV3392D_P69,recal,75,0.34,2,63709402,WQC0191
TOV3392D,TOV3392D,TOV3392D_P69,recal,76,0.33,2,63709402,WQC0191
TOV3392D,TOV3392D,TOV3392D_P69,recal,77,0.33,2,63709402,WQC0191
TOV3392D,TOV3392D,TOV3392D_P69,recal,78,0.32,2,63709402,WQC0191
TOV3392D,TOV3392D,TOV3392D_P69,recal,79,0.31,2,63709402,WQC0191
TOV3392D,TOV3392D,TOV3392D_P69,recal,80,0.3,2,63709402,WQC0191
TOV3392D,TOV3392D,TOV3392D_P69,recal,81,0.3,2,63709402,WQC0191
TOV3392D,TOV3392D,TOV3392D_P69,recal,82,0.29,2,63709402,WQC0191
TOV3392D,TOV3392D,TOV3392D_P69,recal,83,0.29,2,63709402,WQC0191
TOV3392D,TOV3392D,TOV3392D_P69,recal,84,0.28,2,63709402,WQC0191
TOV3392D,TOV3392D,TOV3392D_P69,recal,85,0.27,2,63709402,WQC0191
TOV3392D,TOV3392D,TOV3392D_P69,recal,86,0.27,2,63709402,WQC0191
TOV3392D,TOV3392D,TOV3392D_P69,recal,87,0.26,2,63709402,WQC0191
TOV3392D,TOV3392D,TOV3392D_P69,recal,88,0.26,2,63709402,WQC0191
TOV3392D,TOV3392D,TOV3392D_P69,recal,89,0.25,2,63709402,WQC0191
TOV3392D,TOV3392D,TOV3392D_P69,recal,90,0.24,2,63709402,WQC0191
TOV3392D,TOV3392D,TOV3392D_P69,recal,91,0.24,2,63709402,WQC0191
TOV3392D,TOV3392D,TOV3392D_P69,recal,92,0.23,2,63709402,WQC0191
TOV3392D,TOV3392D,TOV3392D_P69,recal,93,0.23,2,63709402,WQC0191
TOV3392D,TOV3392D,TOV3392D_P69,recal,94,0.22,2,63709402,WQC0191
TOV3392D,TOV3392D,TOV3392D_P69,recal,95,0.22,2,63709402,WQC0191
TOV3392D,TOV3392D,TOV3392D_P69,recal,96,0.21,2,63709402,WQC0191
TOV3392D,TOV3392D,TOV3392D_P69,recal,97,0.21,2,63709402,WQC0191
TOV3392D,TOV3392D,TOV3392D_P69,recal,98,0.21,2,63709402,WQC0191
TOV3392D,TOV3392D,TOV3392D_P69,recal,99,0.2,2,63709402,WQC0191
TOV3392D,TOV3392D,TOV3392D_P69,recal,100,0.2,2,63709402,WQC0191
TOV3392D,TOV3392D,TOV3392D_P69,recal,101,0.19,2,63709402,WQC0191
TOV3392D,TOV3392D,TOV3392D_P69,recal,102,0.19,2,63709402,WQC0191
TOV3392D,TOV3392D,TOV3392D_P69,recal,103,0.19,2,63709402,WQC0191
TOV3392D,TOV3392D,TOV3392D_P69,recal,104,0.18,2,63709402,WQC0191
TOV3392D,TOV3392D,TOV3392D_P69,recal,105,0.18,2,63709402,WQC0191
TOV3392D,TOV3392D,TOV3392D_P69,recal,106,0.17,2,63709402,WQC0191
TOV3392D,TOV3392D,TOV3392D_P69,recal,107,0.17,2,63709402,WQC0191
TOV3392D,TOV3392D,TOV3392D_P69,recal,108,0.17,2,63709402,WQC0191
TOV3392D,TOV3392D,TOV3392D_P69,recal,109,0.16,2,63709402,WQC0191
TOV3392D,TOV3392D,TOV3392D_P69,recal,110,0.16,2,63709402,WQC0191
TOV3392D,TOV3392D,TOV3392D_P69,recal,111,0.16,2,63709402,WQC0191
TOV3392D,TOV3392D,TOV3392D_P69,recal,112,0.15,2,63709402,WQC0191
TOV3392D,TOV3392D,TOV3392D_P69,recal,113,0.15,2,63709402,WQC0191
TOV3392D,TOV3392D,TOV3392D_P69,recal,114,0.15,2,63709402,WQC0191
TOV3392D,TOV3392D,TOV3392D_P69,recal,115,0.15,2,63709402,WQC0191
TOV3392D,TOV3392D,TOV3392D_P69,recal,116,0.14,2,63709402,WQC0191
TOV3392D,TOV3392D,TOV3392D_P69,recal,117,0.14,2,63709402,WQC0191
TOV3392D,TOV3392D,TOV3392D_P69,recal,118,0.14,2,63709402,WQC0191
TOV3392D,TOV3392D,TOV3392D_P69,recal,119,0.13,2,63709402,WQC0191
TOV3392D,TOV3392D,TOV3392D_P69,recal,120,0.13,2,63709402,WQC0191
TOV3392D,TOV3392D,TOV3392D_P69,recal,121,0.13,2,63709402,WQC0191
TOV3392D,TOV3392D,TOV3392D_P69,recal,122,0.13,2,63709402,WQC0191
TOV3392D,TOV3392D,TOV3392D_P69,recal,123,0.13,2,63709402,WQC0191
TOV3392D,TOV3392D,TOV3392D_P69,recal,124,0.12,2,63709402,WQC0191
TOV3392D,TOV3392D,TOV3392D_P69,recal,125,0.12,2,63709402,WQC0191
TOV3392D,TOV3392D,TOV3392D_P69,recal,126,0.12,2,63709402,WQC0191
TOV3392D,TOV3392D,TOV3392D_P69,recal,127,0.12,2,63709402,WQC0191
TOV3392D,TOV3392D,TOV3392D_P69,recal,128,0.11,2,63709402,WQC0191
TOV3392D,TOV3392D,TOV3392D_P69,recal,129,0.11,2,63709402,WQC0191
TOV3392D,TOV3392D,TOV3392D_P69,recal,130,0.11,2,63709402,WQC0191
TOV3392D,TOV3392D,TOV3392D_P69,recal,131,0.11,2,63709402,WQC0191
TOV3392D,TOV3392D,TOV3392D_P69,recal,132,0.11,2,63709402,WQC0191
TOV3392D,TOV3392D,TOV3392D_P69,recal,133,0.1,2,63709402,WQC0191
TOV3392D,TOV3392D,TOV3392D_P69,recal,134,0.1,2,63709402,WQC0191
TOV3392D,TOV3392D,TOV3392D_P69,recal,135,0.1,2,63709402,WQC0191
TOV3392D,TOV3392D,TOV3392D_P69,recal,136,0.1,2,63709402,WQC0191
TOV3392D,TOV3392D,TOV3392D_P69,recal,137,0.1,2,63709402,WQC0191
TOV3392D,TOV3392D,TOV3392D_P69,recal,138,0.1,2,63709402,WQC0191
TOV3392D,TOV3392D,TOV3392D_P69,recal,139,0.09,2,63709402,WQC0191
TOV3392D,TOV3392D,TOV3392D_P69,recal,140,0.09,2,63709402,WQC0191
TOV3392D,TOV3392D,TOV3392D_P69,recal,141,0.09,2,63709402,WQC0191
TOV3392D,TOV3392D,TOV3392D_P69,recal,142,0.09,2,63709402,WQC0191
TOV3392D,TOV3392D,TOV3392D_P69,recal,143,0.09,2,63709402,WQC0191
TOV3392D,TOV3392D,TOV3392D_P69,recal,144,0.09,2,63709402,WQC0191
TOV3392D,TOV3392D,TOV3392D_P69,recal,145,0.09,2,63709402,WQC0191
TOV3392D,TOV3392D,TOV3392D_P69,recal,146,0.08,2,63709402,WQC0191
TOV3392D,TOV3392D,TOV3392D_P69,recal,147,0.08,2,63709402,WQC0191
TOV3392D,TOV3392D,TOV3392D_P69,recal,148,0.08,2,63709402,WQC0191
TOV3392D,TOV3392D,TOV3392D_P69,recal,149,0.08,2,63709402,WQC0191
TOV3392D,TOV3392D,TOV3392D_P69,recal,150,0.08,2,63709402,WQC0191
TOV81D,TOV81D,TOV81D_P23,md,0,1.0,2,63709951,WQC0196
TOV81D,TOV81D,TOV81D_P23,md,1,0.99,2,63709951,WQC0196
TOV81D,TOV81D,TOV81D_P23,md,2,0.99,2,63709951,WQC0196
TOV81D,TOV81D,TOV81D_P23,md,3,0.99,2,63709951,WQC0196
TOV81D,TOV81D,TOV81D_P23,md,4,0.98,2,63709951,WQC0196
TOV81D,TOV81D,TOV81D_P23,md,5,0.98,2,63709951,WQC0196
TOV81D,TOV81D,TOV81D_P23,md,6,0.97,2,63709951,WQC0196
TOV81D,TOV81D,TOV81D_P23,md,7,0.97,2,63709951,WQC0196
TOV81D,TOV81D,TOV81D_P23,md,8,0.96,2,63709951,WQC0196
TOV81D,TOV81D,TOV81D_P23,md,9,0.96,2,63709951,WQC0196
TOV81D,TOV81D,TOV81D_P23,md,10,0.95,2,63709951,WQC0196
TOV81D,TOV81D,TOV81D_P23,md,11,0.95,2,63709951,WQC0196
TOV81D,TOV81D,TOV81D_P23,md,12,0.94,2,63709951,WQC0196
TOV81D,TOV81D,TOV81D_P23,md,13,0.94,2,63709951,WQC0196
TOV81D,TOV81D,TOV81D_P23,md,14,0.93,2,63709951,WQC0196
TOV81D,TOV81D,TOV81D_P23,md,15,0.92,2,63709951,WQC0196
TOV81D,TOV81D,TOV81D_P23,md,16,0.91,2,63709951,WQC0196
TOV81D,TOV81D,TOV81D_P23,md,17,0.91,2,63709951,WQC0196
TOV81D,TOV81D,TOV81D_P23,md,18,0.9,2,63709951,WQC0196
TOV81D,TOV81D,TOV81D_P23,md,19,0.89,2,63709951,WQC0196
TOV81D,TOV81D,TOV81D_P23,md,20,0.88,2,63709951,WQC0196
TOV81D,TOV81D,TOV81D_P23,md,21,0.87,2,63709951,WQC0196
TOV81D,TOV81D,TOV81D_P23,md,22,0.86,2,63709951,WQC0196
TOV81D,TOV81D,TOV81D_P23,md,23,0.85,2,63709951,WQC0196
TOV81D,TOV81D,TOV81D_P23,md,24,0.84,2,63709951,WQC0196
TOV81D,TOV81D,TOV81D_P23,md,25,0.83,2,63709951,WQC0196
TOV81D,TOV81D,TOV81D_P23,md,26,0.82,2,63709951,WQC0196
TOV81D,TOV81D,TOV81D_P23,md,27,0.81,2,63709951,WQC0196
TOV81D,TOV81D,TOV81D_P23,md,28,0.8,2,63709951,WQC0196
TOV81D,TOV81D,TOV81D_P23,md,29,0.79,2,63709951,WQC0196
TOV81D,TOV81D,TOV81D_P23,md,30,0.78,2,63709951,WQC0196
TOV81D,TOV81D,TOV81D_P23,md,31,0.77,2,63709951,WQC0196
TOV81D,TOV81D,TOV81D_P23,md,32,0.76,2,63709951,WQC0196
TOV81D,TOV81D,TOV81D_P23,md,33,0.75,2,63709951,WQC0196
TOV81D,TOV81D,TOV81D_P23,md,34,0.74,2,63709951,WQC0196
TOV81D,TOV81D,TOV81D_P23,md,35,0.73,2,63709951,WQC0196
TOV81D,TOV81D,TOV81D_P23,md,36,0.71,2,63709951,WQC0196
TOV81D,TOV81D,TOV81D_P23,md,37,0.7,2,63709951,WQC0196
TOV81D,TOV81D,TOV81D_P23,md,38,0.69,2,63709951,WQC0196
TOV81D,TOV81D,TOV81D_P23,md,39,0.68,2,63709951,WQC0196
TOV81D,TOV81D,TOV81D_P23,md,40,0.67,2,63709951,WQC0196
TOV81D,TOV81D,TOV81D_P23,md,41,0.66,2,63709951,WQC0196
TOV81D,TOV81D,TOV81D_P23,md,42,0.65,2,63709951,WQC0196
TOV81D,TOV81D,TOV81D_P23,md,43,0.64,2,63709951,WQC0196
TOV81D,TOV81D,TOV81D_P23,md,44,0.63,2,63709951,WQC0196
TOV81D,TOV81D,TOV81D_P23,md,45,0.62,2,63709951,WQC0196
TOV81D,TOV81D,TOV81D_P23,md,46,0.61,2,63709951,WQC0196
TOV81D,TOV81D,TOV81D_P23,md,47,0.6,2,63709951,WQC0196
TOV81D,TOV81D,TOV81D_P23,md,48,0.59,2,63709951,WQC0196
TOV81D,TOV81D,TOV81D_P23,md,49,0.58,2,63709951,WQC0196
TOV81D,TOV81D,TOV81D_P23,md,50,0.57,2,63709951,WQC0196
TOV81D,TOV81D,TOV81D_P23,md,51,0.56,2,63709951,WQC0196
TOV81D,TOV81D,TOV81D_P23,md,52,0.55,2,63709951,WQC0196
TOV81D,TOV81D,TOV81D_P23,md,53,0.54,2,63709951,WQC0196
TOV81D,TOV81D,TOV81D_P23,md,54,0.53,2,63709951,WQC0196
TOV81D,TOV81D,TOV81D_P23,md,55,0.52,2,63709951,WQC0196
TOV81D,TOV81D,TOV81D_P23,md,56,0.51,2,63709951,WQC0196
TOV81D,TOV81D,TOV81D_P23,md,57,0.5,2,63709951,WQC0196
TOV81D,TOV81D,TOV81D_P23,md,58,0.49,2,63709951,WQC0196
TOV81D,TOV81D,TOV81D_P23,md,59,0.48,2,63709951,WQC0196
TOV81D,TOV81D,TOV81D_P23,md,60,0.47,2,63709951,WQC0196
TOV81D,TOV81D,TOV81D_P23,md,61,0.46,2,63709951,WQC0196
TOV81D,TOV81D,TOV81D_P23,md,62,0.46,2,63709951,WQC0196
TOV81D,TOV81D,TOV81D_P23,md,63,0.45,2,63709951,WQC0196
TOV81D,TOV81D,TOV81D_P23,md,64,0.44,2,63709951,WQC0196
TOV81D,TOV81D,TOV81D_P23,md,65,0.43,2,63709951,WQC0196
TOV81D,TOV81D,TOV81D_P23,md,66,0.42,2,63709951,WQC0196
TOV81D,TOV81D,TOV81D_P23,md,67,0.41,2,63709951,WQC0196
TOV81D,TOV81D,TOV81D_P23,md,68,0.41,2,63709951,WQC0196
TOV81D,TOV81D,TOV81D_P23,md,69,0.4,2,63709951,WQC0196
TOV81D,TOV81D,TOV81D_P23,md,70,0.39,2,63709951,WQC0196
TOV81D,TOV81D,TOV81D_P23,md,71,0.38,2,63709951,WQC0196
TOV81D,TOV81D,TOV81D_P23,md,72,0.37,2,63709951,WQC0196
TOV81D,TOV81D,TOV81D_P23,md,73,0.37,2,63709951,WQC0196
TOV81D,TOV81D,TOV81D_P23,md,74,0.36,2,63709951,WQC0196
TOV81D,TOV81D,TOV81D_P23,md,75,0.35,2,63709951,WQC0196
TOV81D,TOV81D,TOV81D_P23,md,76,0.35,2,63709951,WQC0196
TOV81D,TOV81D,TOV81D_P23,md,77,0.34,2,63709951,WQC0196
TOV81D,TOV81D,TOV81D_P23,md,78,0.33,2,63709951,WQC0196
TOV81D,TOV81D,TOV81D_P23,md,79,0.32,2,63709951,WQC0196
TOV81D,TOV81D,TOV81D_P23,md,80,0.32,2,63709951,WQC0196
TOV81D,TOV81D,TOV81D_P23,md,81,0.31,2,63709951,WQC0196
TOV81D,TOV81D,TOV81D_P23,md,82,0.31,2,63709951,WQC0196
TOV81D,TOV81D,TOV81D_P23,md,83,0.3,2,63709951,WQC0196
TOV81D,TOV81D,TOV81D_P23,md,84,0.29,2,63709951,WQC0196
TOV81D,TOV81D,TOV81D_P23,md,85,0.29,2,63709951,WQC0196
TOV81D,TOV81D,TOV81D_P23,md,86,0.28,2,63709951,WQC0196
TOV81D,TOV81D,TOV81D_P23,md,87,0.28,2,63709951,WQC0196
TOV81D,TOV81D,TOV81D_P23,md,88,0.27,2,63709951,WQC0196
TOV81D,TOV81D,TOV81D_P23,md,89,0.26,2,63709951,WQC0196
TOV81D,TOV81D,TOV81D_P23,md,90,0.26,2,63709951,WQC0196
TOV81D,TOV81D,TOV81D_P23,md,91,0.25,2,63709951,WQC0196
TOV81D,TOV81D,TOV81D_P23,md,92,0.25,2,63709951,WQC0196
TOV81D,TOV81D,TOV81D_P23,md,93,0.24,2,63709951,WQC0196
TOV81D,TOV81D,TOV81D_P23,md,94,0.24,2,63709951,WQC0196
TOV81D,TOV81D,TOV81D_P23,md,95,0.23,2,63709951,WQC0196
TOV81D,TOV81D,TOV81D_P23,md,96,0.23,2,63709951,WQC0196
TOV81D,TOV81D,TOV81D_P23,md,97,0.22,2,63709951,WQC0196
TOV81D,TOV81D,TOV81D_P23,md,98,0.22,2,63709951,WQC0196
TOV81D,TOV81D,TOV81D_P23,md,99,0.22,2,63709951,WQC0196
TOV81D,TOV81D,TOV81D_P23,md,100,0.21,2,63709951,WQC0196
TOV81D,TOV81D,TOV81D_P23,md,101,0.21,2,63709951,WQC0196
TOV81D,TOV81D,TOV81D_P23,md,102,0.2,2,63709951,WQC0196
TOV81D,TOV81D,TOV81D_P23,md,103,0.2,2,63709951,WQC0196
TOV81D,TOV81D,TOV81D_P23,md,104,0.19,2,63709951,WQC0196
TOV81D,TOV81D,TOV81D_P23,md,105,0.19,2,63709951,WQC0196
TOV81D,TOV81D,TOV81D_P23,md,106,0.19,2,63709951,WQC0196
TOV81D,TOV81D,TOV81D_P23,md,107,0.18,2,63709951,WQC0196
TOV81D,TOV81D,TOV81D_P23,md,108,0.18,2,63709951,WQC0196
TOV81D,TOV81D,TOV81D_P23,md,109,0.18,2,63709951,WQC0196
TOV81D,TOV81D,TOV81D_P23,md,110,0.17,2,63709951,WQC0196
TOV81D,TOV81D,TOV81D_P23,md,111,0.17,2,63709951,WQC0196
TOV81D,TOV81D,TOV81D_P23,md,112,0.17,2,63709951,WQC0196
TOV81D,TOV81D,TOV81D_P23,md,113,0.16,2,63709951,WQC0196
TOV81D,TOV81D,TOV81D_P23,md,114,0.16,2,63709951,WQC0196
TOV81D,TOV81D,TOV81D_P23,md,115,0.16,2,63709951,WQC0196
TOV81D,TOV81D,TOV81D_P23,md,116,0.15,2,63709951,WQC0196
TOV81D,TOV81D,TOV81D_P23,md,117,0.15,2,63709951,WQC0196
TOV81D,TOV81D,TOV81D_P23,md,118,0.15,2,63709951,WQC0196
TOV81D,TOV81D,TOV81D_P23,md,119,0.14,2,63709951,WQC0196
TOV81D,TOV81D,TOV81D_P23,md,120,0.14,2,63709951,WQC0196
TOV81D,TOV81D,TOV81D_P23,md,121,0.14,2,63709951,WQC0196
TOV81D,TOV81D,TOV81D_P23,md,122,0.14,2,63709951,WQC0196
TOV81D,TOV81D,TOV81D_P23,md,123,0.13,2,63709951,WQC0196
TOV81D,TOV81D,TOV81D_P23,md,124,0.13,2,63709951,WQC0196
TOV81D,TOV81D,TOV81D_P23,md,125,0.13,2,63709951,WQC0196
TOV81D,TOV81D,TOV81D_P23,md,126,0.13,2,63709951,WQC0196
TOV81D,TOV81D,TOV81D_P23,md,127,0.12,2,63709951,WQC0196
TOV81D,TOV81D,TOV81D_P23,md,128,0.12,2,63709951,WQC0196
TOV81D,TOV81D,TOV81D_P23,md,129,0.12,2,63709951,WQC0196
TOV81D,TOV81D,TOV81D_P23,md,130,0.12,2,63709951,WQC0196
TOV81D,TOV81D,TOV81D_P23,md,131,0.12,2,63709951,WQC0196
TOV81D,TOV81D,TOV81D_P23,md,132,0.11,2,63709951,WQC0196
TOV81D,TOV81D,TOV81D_P23,md,133,0.11,2,63709951,WQC0196
TOV81D,TOV81D,TOV81D_P23,md,134,0.11,2,63709951,WQC0196
TOV81D,TOV81D,TOV81D_P23,md,135,0.11,2,63709951,WQC0196
TOV81D,TOV81D,TOV81D_P23,md,136,0.11,2,63709951,WQC0196
TOV81D,TOV81D,TOV81D_P23,md,137,0.11,2,63709951,WQC0196
TOV81D,TOV81D,TOV81D_P23,md,138,0.1,2,63709951,WQC0196
TOV81D,TOV81D,TOV81D_P23,md,139,0.1,2,63709951,WQC0196
TOV81D,TOV81D,TOV81D_P23,md,140,0.1,2,63709951,WQC0196
TOV81D,TOV81D,TOV81D_P23,md,141,0.1,2,63709951,WQC0196
TOV81D,TOV81D,TOV81D_P23,md,142,0.1,2,63709951,WQC0196
TOV81D,TOV81D,TOV81D_P23,md,143,0.1,2,63709951,WQC0196
TOV81D,TOV81D,TOV81D_P23,md,144,0.09,2,63709951,WQC0196
TOV81D,TOV81D,TOV81D_P23,md,145,0.09,2,63709951,WQC0196
TOV81D,TOV81D,TOV81D_P23,md,146,0.09,2,63709951,WQC0196
TOV81D,TOV81D,TOV81D_P23,md,147,0.09,2,63709951,WQC0196
TOV81D,TOV81D,TOV81D_P23,md,148,0.09,2,63709951,WQC0196
TOV81D,TOV81D,TOV81D_P23,md,149,0.09,2,63709951,WQC0196
TOV81D,TOV81D,TOV81D_P23,md,150,0.09,2,63709951,WQC0196
TOV81D,TOV81D,TOV81D_P23,recal,0,1.0,2,63709444,WQC0199
TOV81D,TOV81D,TOV81D_P23,recal,1,0.99,2,63709444,WQC0199
TOV81D,TOV81D,TOV81D_P23,recal,2,0.99,2,63709444,WQC0199
TOV81D,TOV81D,TOV81D_P23,recal,3,0.99,2,63709444,WQC0199
TOV81D,TOV81D,TOV81D_P23,recal,4,0.98,2,63709444,WQC0199
TOV81D,TOV81D,TOV81D_P23,recal,5,0.98,2,63709444,WQC0199
TOV81D,TOV81D,TOV81D_P23,recal,6,0.97,2,63709444,WQC0199
TOV81D,TOV81D,TOV81D_P23,recal,7,0.97,2,63709444,WQC0199
TOV81D,TOV81D,TOV81D_P23,recal,8,0.96,2,63709444,WQC0199
TOV81D,TOV81D,TOV81D_P23,recal,9,0.96,2,63709444,WQC0199
TOV81D,TOV81D,TOV81D_P23,recal,10,0.95,2,63709444,WQC0199
TOV81D,TOV81D,TOV81D_P23,recal,11,0.95,2,63709444,WQC0199
TOV81D,TOV81D,TOV81D_P23,recal,12,0.94,2,63709444,WQC0199
TOV81D,TOV81D,TOV81D_P23,recal,13,0.94,2,63709444,WQC0199
TOV81D,TOV81D,TOV81D_P23,recal,14,0.93,2,63709444,WQC0199
TOV81D,TOV81D,TOV81D_P23,recal,15,0.92,2,63709444,WQC0199
TOV81D,TOV81D,TOV81D_P23,recal,16,0.91,2,63709444,WQC0199
TOV81D,TOV81D,TOV81D_P23,recal,17,0.91,2,63709444,WQC0199
TOV81D,TOV81D,TOV81D_P23,recal,18,0.9,2,63709444,WQC0199
TOV81D,TOV81D,TOV81D_P23,recal,19,0.89,2,63709444,WQC0199
TOV81D,TOV81D,TOV81D_P23,recal,20,0.88,2,63709444,WQC0199
TOV81D,TOV81D,TOV81D_P23,recal,21,0.87,2,63709444,WQC0199
TOV81D,TOV81D,TOV81D_P23,recal,22,0.86,2,63709444,WQC0199
TOV81D,TOV81D,TOV81D_P23,recal,23,0.85,2,63709444,WQC0199
TOV81D,TOV81D,TOV81D_P23,recal,24,0.84,2,63709444,WQC0199
TOV81D,TOV81D,TOV81D_P23,recal,25,0.83,2,63709444,WQC0199
TOV81D,TOV81D,TOV81D_P23,recal,26,0.82,2,63709444,WQC0199
TOV81D,TOV81D,TOV81D_P23,recal,27,0.81,2,63709444,WQC0199
TOV81D,TOV81D,TOV81D_P23,recal,28,0.8,2,63709444,WQC0199
TOV81D,TOV81D,TOV81D_P23,recal,29,0.79,2,63709444,WQC0199
TOV81D,TOV81D,TOV81D_P23,recal,30,0.78,2,63709444,WQC0199
TOV81D,TOV81D,TOV81D_P23,recal,31,0.77,2,63709444,WQC0199
TOV81D,TOV81D,TOV81D_P23,recal,32,0.76,2,63709444,WQC0199
TOV81D,TOV81D,TOV81D_P23,recal,33,0.75,2,63709444,WQC0199
TOV81D,TOV81D,TOV81D_P23,recal,34,0.74,2,63709444,WQC0199
TOV81D,TOV81D,TOV81D_P23,recal,35,0.73,2,63709444,WQC0199
TOV81D,TOV81D,TOV81D_P23,recal,36,0.71,2,63709444,WQC0199
TOV81D,TOV81D,TOV81D_P23,recal,37,0.7,2,63709444,WQC0199
TOV81D,TOV81D,TOV81D_P23,recal,38,0.69,2,63709444,WQC0199
TOV81D,TOV81D,TOV81D_P23,recal,39,0.68,2,63709444,WQC0199
TOV81D,TOV81D,TOV81D_P23,recal,40,0.67,2,63709444,WQC0199
TOV81D,TOV81D,TOV81D_P23,recal,41,0.66,2,63709444,WQC0199
TOV81D,TOV81D,TOV81D_P23,recal,42,0.65,2,63709444,WQC0199
TOV81D,TOV81D,TOV81D_P23,recal,43,0.64,2,63709444,WQC0199
TOV81D,TOV81D,TOV81D_P23,recal,44,0.63,2,63709444,WQC0199
TOV81D,TOV81D,TOV81D_P23,recal,45,0.62,2,63709444,WQC0199
TOV81D,TOV81D,TOV81D_P23,recal,46,0.61,2,63709444,WQC0199
TOV81D,TOV81D,TOV81D_P23,recal,47,0.6,2,63709444,WQC0199
TOV81D,TOV81D,TOV81D_P23,recal,48,0.59,2,63709444,WQC0199
TOV81D,TOV81D,TOV81D_P23,recal,49,0.58,2,63709444,WQC0199
TOV81D,TOV81D,TOV81D_P23,recal,50,0.57,2,63709444,WQC0199
TOV81D,TOV81D,TOV81D_P23,recal,51,0.56,2,63709444,WQC0199
TOV81D,TOV81D,TOV81D_P23,recal,52,0.55,2,63709444,WQC0199
TOV81D,TOV81D,TOV81D_P23,recal,53,0.54,2,63709444,WQC0199
TOV81D,TOV81D,TOV81D_P23,recal,54,0.53,2,63709444,WQC0199
TOV81D,TOV81D,TOV81D_P23,recal,55,0.52,2,63709444,WQC0199
TOV81D,TOV81D,TOV81D_P23,recal,56,0.51,2,63709444,WQC0199
TOV81D,TOV81D,TOV81D_P23,recal,57,0.5,2,63709444,WQC0199
TOV81D,TOV81D,TOV81D_P23,recal,58,0.49,2,63709444,WQC0199
TOV81D,TOV81D,TOV81D_P23,recal,59,0.48,2,63709444,WQC0199
TOV81D,TOV81D,TOV81D_P23,recal,60,0.47,2,63709444,WQC0199
TOV81D,TOV81D,TOV81D_P23,recal,61,0.46,2,63709444,WQC0199
TOV81D,TOV81D,TOV81D_P23,recal,62,0.46,2,63709444,WQC0199
TOV81D,TOV81D,TOV81D_P23,recal,63,0.45,2,63709444,WQC0199
TOV81D,TOV81D,TOV81D_P23,recal,64,0.44,2,63709444,WQC0199
TOV81D,TOV81D,TOV81D_P23,recal,65,0.43,2,63709444,WQC0199
TOV81D,TOV81D,TOV81D_P23,recal,66,0.42,2,63709444,WQC0199
TOV81D,TOV81D,TOV81D_P23,recal,67,0.41,2,63709444,WQC0199
TOV81D,TOV81D,TOV81D_P23,recal,68,0.41,2,63709444,WQC0199
TOV81D,TOV81D,TOV81D_P23,recal,69,0.4,2,63709444,WQC0199
TOV81D,TOV81D,TOV81D_P23,recal,70,0.39,2,63709444,WQC0199
TOV81D,TOV81D,TOV81D_P23,recal,71,0.38,2,63709444,WQC0199
TOV81D,TOV81D,TOV81D_P23,recal,72,0.37,2,63709444,WQC0199
TOV81D,TOV81D,TOV81D_P23,recal,73,0.37,2,63709444,WQC0199
TOV81D,TOV81D,TOV81D_P23,recal,74,0.36,2,63709444,WQC0199
TOV81D,TOV81D,TOV81D_P23,recal,75,0.35,2,63709444,WQC0199
TOV81D,TOV81D,TOV81D_P23,recal,76,0.35,2,63709444,WQC0199
TOV81D,TOV81D,TOV81D_P23,recal,77,0.34,2,63709444,WQC0199
TOV81D,TOV81D,TOV81D_P23,recal,78,0.33,2,63709444,WQC0199
TOV81D,TOV81D,TOV81D_P23,recal,79,0.32,2,63709444,WQC0199
TOV81D,TOV81D,TOV81D_P23,recal,80,0.32,2,63709444,WQC0199
TOV81D,TOV81D,TOV81D_P23,recal,81,0.31,2,63709444,WQC0199
TOV81D,TOV81D,TOV81D_P23,recal,82,0.31,2,63709444,WQC0199
TOV81D,TOV81D,TOV81D_P23,recal,83,0.3,2,63709444,WQC0199
TOV81D,TOV81D,TOV81D_P23,recal,84,0.29,2,63709444,WQC0199
TOV81D,TOV81D,TOV81D_P23,recal,85,0.29,2,63709444,WQC0199
TOV81D,TOV81D,TOV81D_P23,recal,86,0.28,2,63709444,WQC0199
TOV81D,TOV81D,TOV81D_P23,recal,87,0.28,2,63709444,WQC0199
TOV81D,TOV81D,TOV81D_P23,recal,88,0.27,2,63709444,WQC0199
TOV81D,TOV81D,TOV81D_P23,recal,89,0.26,2,63709444,WQC0199
TOV81D,TOV81D,TOV81D_P23,recal,90,0.26,2,63709444,WQC0199
TOV81D,TOV81D,TOV81D_P23,recal,91,0.25,2,63709444,WQC0199
TOV81D,TOV81D,TOV81D_P23,recal,92,0.25,2,63709444,WQC0199
TOV81D,TOV81D,TOV81D_P23,recal,93,0.24,2,63709444,WQC0199
TOV81D,TOV81D,TOV81D_P23,recal,94,0.24,2,63709444,WQC0199
TOV81D,TOV81D,TOV81D_P23,recal,95,0.23,2,63709444,WQC0199
TOV81D,TOV81D,TOV81D_P23,recal,96,0.23,2,63709444,WQC0199
TOV81D,TOV81D,TOV81D_P23,recal,97,0.22,2,63709444,WQC0199
TOV81D,TOV81D,TOV81D_P23,recal,98,0.22,2,63709444,WQC0199
TOV81D,TOV81D,TOV81D_P23,recal,99,0.22,2,63709444,WQC0199
TOV81D,TOV81D,TOV81D_P23,recal,100,0.21,2,63709444,WQC0199
TOV81D,TOV81D,TOV81D_P23,recal,101,0.21,2,63709444,WQC0199
TOV81D,TOV81D,TOV81D_P23,recal,102,0.2,2,63709444,WQC0199
TOV81D,TOV81D,TOV81D_P23,recal,103,0.2,2,63709444,WQC0199
TOV81D,TOV81D,TOV81D_P23,recal,104,0.19,2,63709444,WQC0199
TOV81D,TOV81D,TOV81D_P23,recal,105,0.19,2,63709444,WQC0199
TOV81D,TOV81D,TOV81D_P23,recal,106,0.19,2,63709444,WQC0199
TOV81D,TOV81D,TOV81D_P23,recal,107,0.18,2,63709444,WQC0199
TOV81D,TOV81D,TOV81D_P23,recal,108,0.18,2,63709444,WQC0199
TOV81D,TOV81D,TOV81D_P23,recal,109,0.18,2,63709444,WQC0199
TOV81D,TOV81D,TOV81D_P23,recal,110,0.17,2,63709444,WQC0199
TOV81D,TOV81D,TOV81D_P23,recal,111,0.17,2,63709444,WQC0199
TOV81D,TOV81D,TOV81D_P23,recal,112,0.17,2,63709444,WQC0199
TOV81D,TOV81D,TOV81D_P23,recal,113,0.16,2,63709444,WQC0199
TOV81D,TOV81D,TOV81D_P23,recal,114,0.16,2,63709444,WQC0199
TOV81D,TOV81D,TOV81D_P23,recal,115,0.16,2,63709444,WQC0199
TOV81D,TOV81D,TOV81D_P23,recal,116,0.15,2,63709444,WQC0199
TOV81D,TOV81D,TOV81D_P23,recal,117,0.15,2,63709444,WQC0199
TOV81D,TOV81D,TOV81D_P23,recal,118,0.15,2,63709444,WQC0199
TOV81D,TOV81D,TOV81D_P23,recal,119,0.14,2,63709444,WQC0199
TOV81D,TOV81D,TOV81D_P23,recal,120,0.14,2,63709444,WQC0199
TOV81D,TOV81D,TOV81D_P23,recal,121,0.14,2,63709444,WQC0199
TOV81D,TOV81D,TOV81D_P23,recal,122,0.14,2,63709444,WQC0199
TOV81D,TOV81D,TOV81D_P23,recal,123,0.13,2,63709444,WQC0199
TOV81D,TOV81D,TOV81D_P23,recal,124,0.13,2,63709444,WQC0199
TOV81D,TOV81D,TOV81D_P23,recal,125,0.13,2,63709444,WQC0199
TOV81D,TOV81D,TOV81D_P23,recal,126,0.13,2,63709444,WQC0199
TOV81D,TOV81D,TOV81D_P23,recal,127,0.12,2,63709444,WQC0199
TOV81D,TOV81D,TOV81D_P23,recal,128,0.12,2,63709444,WQC0199
TOV81D,TOV81D,TOV81D_P23,recal,129,0.12,2,63709444,WQC0199
TOV81D,TOV81D,TOV81D_P23,recal,130,0.12,2,63709444,WQC0199
TOV81D,TOV81D,TOV81D_P23,recal,131,0.12,2,63709444,WQC0199
TOV81D,TOV81D,TOV81D_P23,recal,132,0.11,2,63709444,WQC0199
TOV81D,TOV81D,TOV81D_P23,recal,133,0.11,2,63709444,WQC0199
TOV81D,TOV81D,TOV81D_P23,recal,134,0.11,2,63709444,WQC0199
TOV81D,TOV81D,TOV81D_P23,recal,135,0.11,2,63709444,WQC0199
TOV81D,TOV81D,TOV81D_P23,recal,136,0.11,2,63709444,WQC0199
TOV81D,TOV81D,TOV81D_P23,recal,137,0.11,2,63709444,WQC0199
TOV81D,TOV81D,TOV81D_P23,recal,138,0.1,2,63709444,WQC0199
TOV81D,TOV81D,TOV81D_P23,recal,139,0.1,2,63709444,WQC0199
TOV81D,TOV81D,TOV81D_P23,recal,140,0.1,2,63709444,WQC0199
TOV81D,TOV81D,TOV81D_P23,recal,141,0.1,2,63709444,WQC0199
TOV81D,TOV81D,TOV81D_P23,recal,142,0.1,2,63709444,WQC0199
TOV81D,TOV81D,TOV81D_P23,recal,143,0.1,2,63709444,WQC0199
TOV81D,TOV81D,TOV81D_P23,recal,144,0.09,2,63709444,WQC0199
TOV81D,TOV81D,TOV81D_P23,recal,145,0.09,2,63709444,WQC0199
TOV81D,TOV81D,TOV81D_P23,recal,146,0.09,2,63709444,WQC0199
TOV81D,TOV81D,TOV81D_P23,recal,147,0.09,2,63709444,WQC0199
TOV81D,TOV81D,TOV81D_P23,recal,148,0.09,2,63709444,WQC0199
TOV81D,TOV81D,TOV81D_P23,recal,149,0.09,2,63709444,WQC0199
TOV81D,TOV81D,TOV81D_P23,recal,150,0.09,2,63709444,WQC0199
