model_or_reference	run_id	metric	value	unit	denominator	target_file_id	source_path	status	notes
OV1369_R2_P66	nf-core/sarek 3.5.1 run angry_allen (session 26cf85bf-0ac3-4237-8f48-c36b2ab20bd2, Slurm 3273686, completed 2025-10-23 23:48:40 EDT)	fastp_total_reads_before_filtering	130562922	reads (R1+R2)	all reads in provider BAM converted to FASTQ		wes/sarek_3.5.1_run/reports/fastp/OV1369_R2_P66/OV1369_R2_P66-6.fastp.json	found	
OV1369_R2_P66	nf-core/sarek 3.5.1 run angry_allen (session 26cf85bf-0ac3-4237-8f48-c36b2ab20bd2, Slurm 3273686, completed 2025-10-23 23:48:40 EDT)	fastp_total_reads_after_filtering	129094148	reads (R1+R2)	reads passing fastp --length_required 15 (adapter trimming disabled)		wes/sarek_3.5.1_run/reports/fastp/OV1369_R2_P66/OV1369_R2_P66-6.fastp.json	found	
OV1369_R2_P66	nf-core/sarek 3.5.1 run angry_allen (session 26cf85bf-0ac3-4237-8f48-c36b2ab20bd2, Slurm 3273686, completed 2025-10-23 23:48:40 EDT)	fastp_q30_rate_after_filtering	0.9238	fraction of bases	bases after filtering		wes/sarek_3.5.1_run/reports/fastp/OV1369_R2_P66/OV1369_R2_P66-6.fastp.json	found	
OV1369_R2_P66	nf-core/sarek 3.5.1 run angry_allen (session 26cf85bf-0ac3-4237-8f48-c36b2ab20bd2, Slurm 3273686, completed 2025-10-23 23:48:40 EDT)	fastp_gc_content_after_filtering	0.431	fraction	bases after filtering		wes/sarek_3.5.1_run/reports/fastp/OV1369_R2_P66/OV1369_R2_P66-6.fastp.json	found	
OV1369_R2_P66	nf-core/sarek 3.5.1 run angry_allen (session 26cf85bf-0ac3-4237-8f48-c36b2ab20bd2, Slurm 3273686, completed 2025-10-23 23:48:40 EDT)	fastp_duplication_rate	0.1284	fraction of reads	fastp sequence-level estimate before alignment		wes/sarek_3.5.1_run/reports/fastp/OV1369_R2_P66/OV1369_R2_P66-6.fastp.json	found	
OV1369_R2_P66	nf-core/sarek 3.5.1 run angry_allen (session 26cf85bf-0ac3-4237-8f48-c36b2ab20bd2, Slurm 3273686, completed 2025-10-23 23:48:40 EDT)	fastp_insert_size_peak	169	bp	fastp overlap-based estimate		wes/sarek_3.5.1_run/reports/fastp/OV1369_R2_P66/OV1369_R2_P66-6.fastp.json	found	
OV1369_R2_P66	nf-core/sarek 3.5.1 run angry_allen (session 26cf85bf-0ac3-4237-8f48-c36b2ab20bd2, Slurm 3273686, completed 2025-10-23 23:48:40 EDT)	fastp_read_length_mean_R1	100	bp			wes/sarek_3.5.1_run/reports/fastp/OV1369_R2_P66/OV1369_R2_P66-6.fastp.json	found	
OV1369_R2_P66	nf-core/sarek 3.5.1 run angry_allen (session 26cf85bf-0ac3-4237-8f48-c36b2ab20bd2, Slurm 3273686, completed 2025-10-23 23:48:40 EDT)	samtools_stats_md_raw_total_sequences	129094148	reads	all reads, genome-wide (duplicate-marked CRAM)		wes/sarek_3.5.1_run/reports/samtools/OV1369_R2_P66/OV1369_R2_P66.md.cram.stats	found	
OV1369_R2_P66	nf-core/sarek 3.5.1 run angry_allen (session 26cf85bf-0ac3-4237-8f48-c36b2ab20bd2, Slurm 3273686, completed 2025-10-23 23:48:40 EDT)	samtools_stats_md_reads_mapped	129050201	reads	all reads, genome-wide (duplicate-marked CRAM)		wes/sarek_3.5.1_run/reports/samtools/OV1369_R2_P66/OV1369_R2_P66.md.cram.stats	found	
OV1369_R2_P66	nf-core/sarek 3.5.1 run angry_allen (session 26cf85bf-0ac3-4237-8f48-c36b2ab20bd2, Slurm 3273686, completed 2025-10-23 23:48:40 EDT)	samtools_stats_md_reads_mapped_and_paired	129047494	reads	all reads, genome-wide (duplicate-marked CRAM)		wes/sarek_3.5.1_run/reports/samtools/OV1369_R2_P66/OV1369_R2_P66.md.cram.stats	found	
OV1369_R2_P66	nf-core/sarek 3.5.1 run angry_allen (session 26cf85bf-0ac3-4237-8f48-c36b2ab20bd2, Slurm 3273686, completed 2025-10-23 23:48:40 EDT)	samtools_stats_md_reads_properly_paired	128048344	reads	all reads, genome-wide (duplicate-marked CRAM)		wes/sarek_3.5.1_run/reports/samtools/OV1369_R2_P66/OV1369_R2_P66.md.cram.stats	found	
OV1369_R2_P66	nf-core/sarek 3.5.1 run angry_allen (session 26cf85bf-0ac3-4237-8f48-c36b2ab20bd2, Slurm 3273686, completed 2025-10-23 23:48:40 EDT)	samtools_stats_md_reads_duplicated	25523028	reads	all reads, genome-wide (duplicate-marked CRAM)		wes/sarek_3.5.1_run/reports/samtools/OV1369_R2_P66/OV1369_R2_P66.md.cram.stats	found	
OV1369_R2_P66	nf-core/sarek 3.5.1 run angry_allen (session 26cf85bf-0ac3-4237-8f48-c36b2ab20bd2, Slurm 3273686, completed 2025-10-23 23:48:40 EDT)	samtools_stats_md_reads_MQ0	18091465	reads	all reads, genome-wide (duplicate-marked CRAM)		wes/sarek_3.5.1_run/reports/samtools/OV1369_R2_P66/OV1369_R2_P66.md.cram.stats	found	
OV1369_R2_P66	nf-core/sarek 3.5.1 run angry_allen (session 26cf85bf-0ac3-4237-8f48-c36b2ab20bd2, Slurm 3273686, completed 2025-10-23 23:48:40 EDT)	samtools_stats_md_reads_unmapped	43947	reads	all reads, genome-wide (duplicate-marked CRAM)		wes/sarek_3.5.1_run/reports/samtools/OV1369_R2_P66/OV1369_R2_P66.md.cram.stats	found	
OV1369_R2_P66	nf-core/sarek 3.5.1 run angry_allen (session 26cf85bf-0ac3-4237-8f48-c36b2ab20bd2, Slurm 3273686, completed 2025-10-23 23:48:40 EDT)	samtools_stats_md_error_rate	4.653094e-03	fraction	all reads, genome-wide (duplicate-marked CRAM)		wes/sarek_3.5.1_run/reports/samtools/OV1369_R2_P66/OV1369_R2_P66.md.cram.stats	found	
OV1369_R2_P66	nf-core/sarek 3.5.1 run angry_allen (session 26cf85bf-0ac3-4237-8f48-c36b2ab20bd2, Slurm 3273686, completed 2025-10-23 23:48:40 EDT)	samtools_stats_md_average_length	100	bp	all reads, genome-wide (duplicate-marked CRAM)		wes/sarek_3.5.1_run/reports/samtools/OV1369_R2_P66/OV1369_R2_P66.md.cram.stats	found	
OV1369_R2_P66	nf-core/sarek 3.5.1 run angry_allen (session 26cf85bf-0ac3-4237-8f48-c36b2ab20bd2, Slurm 3273686, completed 2025-10-23 23:48:40 EDT)	samtools_stats_md_insert_size_average	221.9	bp	all reads, genome-wide (duplicate-marked CRAM)		wes/sarek_3.5.1_run/reports/samtools/OV1369_R2_P66/OV1369_R2_P66.md.cram.stats	found	
OV1369_R2_P66	nf-core/sarek 3.5.1 run angry_allen (session 26cf85bf-0ac3-4237-8f48-c36b2ab20bd2, Slurm 3273686, completed 2025-10-23 23:48:40 EDT)	samtools_stats_md_insert_size_standard_deviation	80.8	bp	all reads, genome-wide (duplicate-marked CRAM)		wes/sarek_3.5.1_run/reports/samtools/OV1369_R2_P66/OV1369_R2_P66.md.cram.stats	found	
OV1369_R2_P66	nf-core/sarek 3.5.1 run angry_allen (session 26cf85bf-0ac3-4237-8f48-c36b2ab20bd2, Slurm 3273686, completed 2025-10-23 23:48:40 EDT)	samtools_stats_md_percentage_of_properly_paired_reads_pct	99.2	percent	all reads, genome-wide (duplicate-marked CRAM)		wes/sarek_3.5.1_run/reports/samtools/OV1369_R2_P66/OV1369_R2_P66.md.cram.stats	found	
OV1369_R2_P66	nf-core/sarek 3.5.1 run angry_allen (session 26cf85bf-0ac3-4237-8f48-c36b2ab20bd2, Slurm 3273686, completed 2025-10-23 23:48:40 EDT)	samtools_stats_md_bases_mapped_cigar	12904981187	bp	all reads, genome-wide (duplicate-marked CRAM)		wes/sarek_3.5.1_run/reports/samtools/OV1369_R2_P66/OV1369_R2_P66.md.cram.stats	found	
OV1369_R2_P66	nf-core/sarek 3.5.1 run angry_allen (session 26cf85bf-0ac3-4237-8f48-c36b2ab20bd2, Slurm 3273686, completed 2025-10-23 23:48:40 EDT)	samtools_stats_md_average_quality	38.2	reads	all reads, genome-wide (duplicate-marked CRAM)		wes/sarek_3.5.1_run/reports/samtools/OV1369_R2_P66/OV1369_R2_P66.md.cram.stats	found	
OV1369_R2_P66	nf-core/sarek 3.5.1 run angry_allen (session 26cf85bf-0ac3-4237-8f48-c36b2ab20bd2, Slurm 3273686, completed 2025-10-23 23:48:40 EDT)	samtools_stats_recal_raw_total_sequences	95340485	reads	reads retained after per-interval ApplyBQSR (interval-restricted CRAM used for calling)		wes/sarek_3.5.1_run/reports/samtools/OV1369_R2_P66/OV1369_R2_P66.recal.cram.stats	found	
OV1369_R2_P66	nf-core/sarek 3.5.1 run angry_allen (session 26cf85bf-0ac3-4237-8f48-c36b2ab20bd2, Slurm 3273686, completed 2025-10-23 23:48:40 EDT)	samtools_stats_recal_reads_mapped	95339246	reads	reads retained after per-interval ApplyBQSR (interval-restricted CRAM used for calling)		wes/sarek_3.5.1_run/reports/samtools/OV1369_R2_P66/OV1369_R2_P66.recal.cram.stats	found	
OV1369_R2_P66	nf-core/sarek 3.5.1 run angry_allen (session 26cf85bf-0ac3-4237-8f48-c36b2ab20bd2, Slurm 3273686, completed 2025-10-23 23:48:40 EDT)	samtools_stats_recal_reads_mapped_and_paired	95337609	reads	reads retained after per-interval ApplyBQSR (interval-restricted CRAM used for calling)		wes/sarek_3.5.1_run/reports/samtools/OV1369_R2_P66/OV1369_R2_P66.recal.cram.stats	found	
OV1369_R2_P66	nf-core/sarek 3.5.1 run angry_allen (session 26cf85bf-0ac3-4237-8f48-c36b2ab20bd2, Slurm 3273686, completed 2025-10-23 23:48:40 EDT)	samtools_stats_recal_reads_properly_paired	94936396	reads	reads retained after per-interval ApplyBQSR (interval-restricted CRAM used for calling)		wes/sarek_3.5.1_run/reports/samtools/OV1369_R2_P66/OV1369_R2_P66.recal.cram.stats	found	
OV1369_R2_P66	nf-core/sarek 3.5.1 run angry_allen (session 26cf85bf-0ac3-4237-8f48-c36b2ab20bd2, Slurm 3273686, completed 2025-10-23 23:48:40 EDT)	samtools_stats_recal_reads_duplicated	19200034	reads	reads retained after per-interval ApplyBQSR (interval-restricted CRAM used for calling)		wes/sarek_3.5.1_run/reports/samtools/OV1369_R2_P66/OV1369_R2_P66.recal.cram.stats	found	
OV1369_R2_P66	nf-core/sarek 3.5.1 run angry_allen (session 26cf85bf-0ac3-4237-8f48-c36b2ab20bd2, Slurm 3273686, completed 2025-10-23 23:48:40 EDT)	samtools_stats_recal_reads_MQ0	11940331	reads	reads retained after per-interval ApplyBQSR (interval-restricted CRAM used for calling)		wes/sarek_3.5.1_run/reports/samtools/OV1369_R2_P66/OV1369_R2_P66.recal.cram.stats	found	
OV1369_R2_P66	nf-core/sarek 3.5.1 run angry_allen (session 26cf85bf-0ac3-4237-8f48-c36b2ab20bd2, Slurm 3273686, completed 2025-10-23 23:48:40 EDT)	samtools_stats_recal_reads_unmapped	1239	reads	reads retained after per-interval ApplyBQSR (interval-restricted CRAM used for calling)		wes/sarek_3.5.1_run/reports/samtools/OV1369_R2_P66/OV1369_R2_P66.recal.cram.stats	found	
OV1369_R2_P66	nf-core/sarek 3.5.1 run angry_allen (session 26cf85bf-0ac3-4237-8f48-c36b2ab20bd2, Slurm 3273686, completed 2025-10-23 23:48:40 EDT)	samtools_stats_recal_error_rate	4.193022e-03	fraction	reads retained after per-interval ApplyBQSR (interval-restricted CRAM used for calling)		wes/sarek_3.5.1_run/reports/samtools/OV1369_R2_P66/OV1369_R2_P66.recal.cram.stats	found	
OV1369_R2_P66	nf-core/sarek 3.5.1 run angry_allen (session 26cf85bf-0ac3-4237-8f48-c36b2ab20bd2, Slurm 3273686, completed 2025-10-23 23:48:40 EDT)	samtools_stats_recal_average_length	100	bp	reads retained after per-interval ApplyBQSR (interval-restricted CRAM used for calling)		wes/sarek_3.5.1_run/reports/samtools/OV1369_R2_P66/OV1369_R2_P66.recal.cram.stats	found	
OV1369_R2_P66	nf-core/sarek 3.5.1 run angry_allen (session 26cf85bf-0ac3-4237-8f48-c36b2ab20bd2, Slurm 3273686, completed 2025-10-23 23:48:40 EDT)	samtools_stats_recal_insert_size_average	211.7	bp	reads retained after per-interval ApplyBQSR (interval-restricted CRAM used for calling)		wes/sarek_3.5.1_run/reports/samtools/OV1369_R2_P66/OV1369_R2_P66.recal.cram.stats	found	
OV1369_R2_P66	nf-core/sarek 3.5.1 run angry_allen (session 26cf85bf-0ac3-4237-8f48-c36b2ab20bd2, Slurm 3273686, completed 2025-10-23 23:48:40 EDT)	samtools_stats_recal_insert_size_standard_deviation	73.7	bp	reads retained after per-interval ApplyBQSR (interval-restricted CRAM used for calling)		wes/sarek_3.5.1_run/reports/samtools/OV1369_R2_P66/OV1369_R2_P66.recal.cram.stats	found	
OV1369_R2_P66	nf-core/sarek 3.5.1 run angry_allen (session 26cf85bf-0ac3-4237-8f48-c36b2ab20bd2, Slurm 3273686, completed 2025-10-23 23:48:40 EDT)	samtools_stats_recal_percentage_of_properly_paired_reads_pct	99.6	percent	reads retained after per-interval ApplyBQSR (interval-restricted CRAM used for calling)		wes/sarek_3.5.1_run/reports/samtools/OV1369_R2_P66/OV1369_R2_P66.recal.cram.stats	found	
OV1369_R2_P66	nf-core/sarek 3.5.1 run angry_allen (session 26cf85bf-0ac3-4237-8f48-c36b2ab20bd2, Slurm 3273686, completed 2025-10-23 23:48:40 EDT)	samtools_stats_recal_bases_mapped_cigar	9514253075	bp	reads retained after per-interval ApplyBQSR (interval-restricted CRAM used for calling)		wes/sarek_3.5.1_run/reports/samtools/OV1369_R2_P66/OV1369_R2_P66.recal.cram.stats	found	
OV1369_R2_P66	nf-core/sarek 3.5.1 run angry_allen (session 26cf85bf-0ac3-4237-8f48-c36b2ab20bd2, Slurm 3273686, completed 2025-10-23 23:48:40 EDT)	samtools_stats_recal_average_quality	33.9	reads	reads retained after per-interval ApplyBQSR (interval-restricted CRAM used for calling)		wes/sarek_3.5.1_run/reports/samtools/OV1369_R2_P66/OV1369_R2_P66.recal.cram.stats	found	
OV1369_R2_P66	nf-core/sarek 3.5.1 run angry_allen (session 26cf85bf-0ac3-4237-8f48-c36b2ab20bd2, Slurm 3273686, completed 2025-10-23 23:48:40 EDT)	mosdepth_md_mean_depth_genome	2.90	x	whole reference (3212846629 bp)		wes/sarek_3.5.1_run/reports/mosdepth/OV1369_R2_P66/OV1369_R2_P66.md.mosdepth.summary.txt	found	
OV1369_R2_P66	nf-core/sarek 3.5.1 run angry_allen (session 26cf85bf-0ac3-4237-8f48-c36b2ab20bd2, Slurm 3273686, completed 2025-10-23 23:48:40 EDT)	mosdepth_md_mean_depth_target	84.41	x	target bases (63709951 bp, --by intervals_sorted.bed)	intervals_sorted.bed (242,421 hg38 intervals lifted from SeqCap EZ Exome v3; 63,709,951 bp summed, 63,514,049 bp merged)	wes/sarek_3.5.1_run/reports/mosdepth/OV1369_R2_P66/OV1369_R2_P66.md.mosdepth.summary.txt	found	mean of per-base depth over the target footprint; mosdepth counts duplicates unless flagged (Sarek default)
OV1369_R2_P66	nf-core/sarek 3.5.1 run angry_allen (session 26cf85bf-0ac3-4237-8f48-c36b2ab20bd2, Slurm 3273686, completed 2025-10-23 23:48:40 EDT)	mosdepth_md_fraction_target_bases_ge_100x	0.24	fraction	target bases	intervals_sorted.bed (242,421 hg38 intervals lifted from SeqCap EZ Exome v3; 63,709,951 bp summed, 63,514,049 bp merged)	wes/sarek_3.5.1_run/reports/mosdepth/OV1369_R2_P66/OV1369_R2_P66.md.mosdepth.region.dist.txt	found	
OV1369_R2_P66	nf-core/sarek 3.5.1 run angry_allen (session 26cf85bf-0ac3-4237-8f48-c36b2ab20bd2, Slurm 3273686, completed 2025-10-23 23:48:40 EDT)	mosdepth_md_fraction_target_bases_ge_50x	0.56	fraction	target bases	intervals_sorted.bed (242,421 hg38 intervals lifted from SeqCap EZ Exome v3; 63,709,951 bp summed, 63,514,049 bp merged)	wes/sarek_3.5.1_run/reports/mosdepth/OV1369_R2_P66/OV1369_R2_P66.md.mosdepth.region.dist.txt	found	
OV1369_R2_P66	nf-core/sarek 3.5.1 run angry_allen (session 26cf85bf-0ac3-4237-8f48-c36b2ab20bd2, Slurm 3273686, completed 2025-10-23 23:48:40 EDT)	mosdepth_md_fraction_target_bases_ge_30x	0.77	fraction	target bases	intervals_sorted.bed (242,421 hg38 intervals lifted from SeqCap EZ Exome v3; 63,709,951 bp summed, 63,514,049 bp merged)	wes/sarek_3.5.1_run/reports/mosdepth/OV1369_R2_P66/OV1369_R2_P66.md.mosdepth.region.dist.txt	found	
OV1369_R2_P66	nf-core/sarek 3.5.1 run angry_allen (session 26cf85bf-0ac3-4237-8f48-c36b2ab20bd2, Slurm 3273686, completed 2025-10-23 23:48:40 EDT)	mosdepth_md_fraction_target_bases_ge_20x	0.87	fraction	target bases	intervals_sorted.bed (242,421 hg38 intervals lifted from SeqCap EZ Exome v3; 63,709,951 bp summed, 63,514,049 bp merged)	wes/sarek_3.5.1_run/reports/mosdepth/OV1369_R2_P66/OV1369_R2_P66.md.mosdepth.region.dist.txt	found	
OV1369_R2_P66	nf-core/sarek 3.5.1 run angry_allen (session 26cf85bf-0ac3-4237-8f48-c36b2ab20bd2, Slurm 3273686, completed 2025-10-23 23:48:40 EDT)	mosdepth_md_fraction_target_bases_ge_10x	0.95	fraction	target bases	intervals_sorted.bed (242,421 hg38 intervals lifted from SeqCap EZ Exome v3; 63,709,951 bp summed, 63,514,049 bp merged)	wes/sarek_3.5.1_run/reports/mosdepth/OV1369_R2_P66/OV1369_R2_P66.md.mosdepth.region.dist.txt	found	
OV1369_R2_P66	nf-core/sarek 3.5.1 run angry_allen (session 26cf85bf-0ac3-4237-8f48-c36b2ab20bd2, Slurm 3273686, completed 2025-10-23 23:48:40 EDT)	mosdepth_md_fraction_target_bases_ge_1x	0.99	fraction	target bases	intervals_sorted.bed (242,421 hg38 intervals lifted from SeqCap EZ Exome v3; 63,709,951 bp summed, 63,514,049 bp merged)	wes/sarek_3.5.1_run/reports/mosdepth/OV1369_R2_P66/OV1369_R2_P66.md.mosdepth.region.dist.txt	found	
OV1369_R2_P66	nf-core/sarek 3.5.1 run angry_allen (session 26cf85bf-0ac3-4237-8f48-c36b2ab20bd2, Slurm 3273686, completed 2025-10-23 23:48:40 EDT)	mosdepth_recal_mean_depth_genome	2.19	x	whole reference (3092843764 bp)		wes/sarek_3.5.1_run/reports/mosdepth/OV1369_R2_P66/OV1369_R2_P66.recal.mosdepth.summary.txt	found	
OV1369_R2_P66	nf-core/sarek 3.5.1 run angry_allen (session 26cf85bf-0ac3-4237-8f48-c36b2ab20bd2, Slurm 3273686, completed 2025-10-23 23:48:40 EDT)	mosdepth_recal_mean_depth_target	84.41	x	target bases (63709444 bp, --by intervals_sorted.bed)	intervals_sorted.bed (242,421 hg38 intervals lifted from SeqCap EZ Exome v3; 63,709,951 bp summed, 63,514,049 bp merged)	wes/sarek_3.5.1_run/reports/mosdepth/OV1369_R2_P66/OV1369_R2_P66.recal.mosdepth.summary.txt	found	mean of per-base depth over the target footprint; mosdepth counts duplicates unless flagged (Sarek default)
OV1369_R2_P66	nf-core/sarek 3.5.1 run angry_allen (session 26cf85bf-0ac3-4237-8f48-c36b2ab20bd2, Slurm 3273686, completed 2025-10-23 23:48:40 EDT)	mosdepth_recal_fraction_target_bases_ge_100x	0.24	fraction	target bases	intervals_sorted.bed (242,421 hg38 intervals lifted from SeqCap EZ Exome v3; 63,709,951 bp summed, 63,514,049 bp merged)	wes/sarek_3.5.1_run/reports/mosdepth/OV1369_R2_P66/OV1369_R2_P66.recal.mosdepth.region.dist.txt	found	
OV1369_R2_P66	nf-core/sarek 3.5.1 run angry_allen (session 26cf85bf-0ac3-4237-8f48-c36b2ab20bd2, Slurm 3273686, completed 2025-10-23 23:48:40 EDT)	mosdepth_recal_fraction_target_bases_ge_50x	0.56	fraction	target bases	intervals_sorted.bed (242,421 hg38 intervals lifted from SeqCap EZ Exome v3; 63,709,951 bp summed, 63,514,049 bp merged)	wes/sarek_3.5.1_run/reports/mosdepth/OV1369_R2_P66/OV1369_R2_P66.recal.mosdepth.region.dist.txt	found	
OV1369_R2_P66	nf-core/sarek 3.5.1 run angry_allen (session 26cf85bf-0ac3-4237-8f48-c36b2ab20bd2, Slurm 3273686, completed 2025-10-23 23:48:40 EDT)	mosdepth_recal_fraction_target_bases_ge_30x	0.77	fraction	target bases	intervals_sorted.bed (242,421 hg38 intervals lifted from SeqCap EZ Exome v3; 63,709,951 bp summed, 63,514,049 bp merged)	wes/sarek_3.5.1_run/reports/mosdepth/OV1369_R2_P66/OV1369_R2_P66.recal.mosdepth.region.dist.txt	found	
OV1369_R2_P66	nf-core/sarek 3.5.1 run angry_allen (session 26cf85bf-0ac3-4237-8f48-c36b2ab20bd2, Slurm 3273686, completed 2025-10-23 23:48:40 EDT)	mosdepth_recal_fraction_target_bases_ge_20x	0.87	fraction	target bases	intervals_sorted.bed (242,421 hg38 intervals lifted from SeqCap EZ Exome v3; 63,709,951 bp summed, 63,514,049 bp merged)	wes/sarek_3.5.1_run/reports/mosdepth/OV1369_R2_P66/OV1369_R2_P66.recal.mosdepth.region.dist.txt	found	
OV1369_R2_P66	nf-core/sarek 3.5.1 run angry_allen (session 26cf85bf-0ac3-4237-8f48-c36b2ab20bd2, Slurm 3273686, completed 2025-10-23 23:48:40 EDT)	mosdepth_recal_fraction_target_bases_ge_10x	0.95	fraction	target bases	intervals_sorted.bed (242,421 hg38 intervals lifted from SeqCap EZ Exome v3; 63,709,951 bp summed, 63,514,049 bp merged)	wes/sarek_3.5.1_run/reports/mosdepth/OV1369_R2_P66/OV1369_R2_P66.recal.mosdepth.region.dist.txt	found	
OV1369_R2_P66	nf-core/sarek 3.5.1 run angry_allen (session 26cf85bf-0ac3-4237-8f48-c36b2ab20bd2, Slurm 3273686, completed 2025-10-23 23:48:40 EDT)	mosdepth_recal_fraction_target_bases_ge_1x	0.99	fraction	target bases	intervals_sorted.bed (242,421 hg38 intervals lifted from SeqCap EZ Exome v3; 63,709,951 bp summed, 63,514,049 bp merged)	wes/sarek_3.5.1_run/reports/mosdepth/OV1369_R2_P66/OV1369_R2_P66.recal.mosdepth.region.dist.txt	found	
OV1369_R2_P66	nf-core/sarek 3.5.1 run angry_allen (session 26cf85bf-0ac3-4237-8f48-c36b2ab20bd2, Slurm 3273686, completed 2025-10-23 23:48:40 EDT)	gatk_calculatecontamination_estimate	0.004492365865977324	fraction	GetPileupSummaries on af-only-gnomad.hg38 sites within calling intervals; tumour-only		wes/sarek_3.5.1_run/variant_calling/mutect2/OV1369_R2_P66/OV1369_R2_P66.mutect2.contamination.table	found	cross-sample contamination estimate, error=0.0014274079589085605; not a stock-authentication result
OV1369_R2_P66	nf-core/sarek 3.5.1 run angry_kilby (session 26cf85bf, Slurm 3377445, 2025-10-24, failed at GETPILEUPSUMMARIES TOV3133D_P66)	cnvkit_reads_in_target_bins	60995339	reads	mapped reads in recal BAM (interval-restricted)	cnvkit.reference.target-tmp.bed (242,421 bins)	wes/sarek_3.5.1_run/task_evidence/oct24_CNVKIT_BATCH_OV1369_R2_P66.a5_a947cdda816a6ac440c35f5a99d7c7/.command.err	found	
OV1369_R2_P66	nf-core/sarek 3.5.1 run angry_kilby (session 26cf85bf, Slurm 3377445, 2025-10-24, failed at GETPILEUPSUMMARIES TOV3133D_P66)	cnvkit_percent_mapped_reads_in_target_bins	63.933	percent	95405740 mapped reads in recal BAM (interval-restricted, so not a genome-wide on-target fraction)	cnvkit.reference.target-tmp.bed (242,421 bins)	wes/sarek_3.5.1_run/task_evidence/oct24_CNVKIT_BATCH_OV1369_R2_P66.a5_a947cdda816a6ac440c35f5a99d7c7/.command.err	found	Sarek-internal CNVkit batch (flat reference) task log; recal CRAM excludes off-interval reads, so genome-wide on-target fraction must use md CRAM stats
OV1369_R2_P66	manual CNVkit 0.9.10 batch (apptainer image cnvkit-0.9.10--pyhdfd78af_0.img), outputs dated 2025-11-14 to 2025-12-03	cnvkit_target_mean_depth_length_weighted	94.47	x	63514049 bp in 290475 target bins (CNVkit depth column)	intervals_sorted.target.bed (290,475 CNVkit autobin-split target bins, sha256 2177970f...; 63,514,049 bp)	wes/cnvkit_0.9.10_manual/OV1369_R2_P66_new/OV1369_R2_P66.targetcoverage.cnn	found	derived here from the retained coverage file; not a pipeline-reported number
OV1369_R2_P66	manual CNVkit 0.9.10 batch (apptainer image cnvkit-0.9.10--pyhdfd78af_0.img), outputs dated 2025-11-14 to 2025-12-03	cnvkit_target_bins_zero_depth	1645	bins	290475 target bins	intervals_sorted.target.bed (290,475 CNVkit autobin-split target bins, sha256 2177970f...; 63,514,049 bp)	wes/cnvkit_0.9.10_manual/OV1369_R2_P66_new/OV1369_R2_P66.targetcoverage.cnn	found	derived here
OV1369_R2_P66	manual CNVkit 0.9.10 batch (apptainer image cnvkit-0.9.10--pyhdfd78af_0.img), outputs dated 2025-11-14 to 2025-12-03	cnvkit_call_segments	138	segments		intervals_sorted.target.bed (290,475 CNVkit autobin-split target bins, sha256 2177970f...; 63,514,049 bp)	wes/cnvkit_0.9.10_manual/OV1369_R2_P66_new/OV1369_R2_P66.call.cns	found	
OV1369_R2_P66	nf-core/sarek 3.5.1 run angry_allen (session 26cf85bf-0ac3-4237-8f48-c36b2ab20bd2, Slurm 3273686, completed 2025-10-23 23:48:40 EDT)	bcftools_stats_filtered_vcf_number_of_records	26332	records	all records in mutect2.filtered.vcf.gz (PASS and non-PASS)		wes/sarek_3.5.1_run/multiqc/multiqc_data/multiqc_bcftools_stats.txt	found	
OV1369_R2_P66	nf-core/sarek 3.5.1 run angry_allen (session 26cf85bf-0ac3-4237-8f48-c36b2ab20bd2, Slurm 3273686, completed 2025-10-23 23:48:40 EDT)	bcftools_stats_filtered_vcf_number_of_SNPs	15841	records	all records in mutect2.filtered.vcf.gz (PASS and non-PASS)		wes/sarek_3.5.1_run/multiqc/multiqc_data/multiqc_bcftools_stats.txt	found	
OV1369_R2_P66	nf-core/sarek 3.5.1 run angry_allen (session 26cf85bf-0ac3-4237-8f48-c36b2ab20bd2, Slurm 3273686, completed 2025-10-23 23:48:40 EDT)	bcftools_stats_filtered_vcf_number_of_indels	8726	records	all records in mutect2.filtered.vcf.gz (PASS and non-PASS)		wes/sarek_3.5.1_run/multiqc/multiqc_data/multiqc_bcftools_stats.txt	found	
OV1369_R2_P66	nf-core/sarek 3.5.1 run angry_allen (session 26cf85bf-0ac3-4237-8f48-c36b2ab20bd2, Slurm 3273686, completed 2025-10-23 23:48:40 EDT)	bcftools_stats_filtered_vcf_number_of_MNPs	2133	records	all records in mutect2.filtered.vcf.gz (PASS and non-PASS)		wes/sarek_3.5.1_run/multiqc/multiqc_data/multiqc_bcftools_stats.txt	found	
OV1369_R2_P66	nf-core/sarek 3.5.1 run angry_allen (session 26cf85bf-0ac3-4237-8f48-c36b2ab20bd2, Slurm 3273686, completed 2025-10-23 23:48:40 EDT)	bcftools_stats_filtered_vcf_tstv	1.04	ratio	all records in mutect2.filtered.vcf.gz (PASS and non-PASS)		wes/sarek_3.5.1_run/multiqc/multiqc_data/multiqc_bcftools_stats.txt	found	
OV1369_R2_P66	nf-core/sarek 3.5.1 run angry_allen (session 26cf85bf-0ac3-4237-8f48-c36b2ab20bd2, Slurm 3273686, completed 2025-10-23 23:48:40 EDT)	vcftools_filtered_vcf_PASS_records	902	records	records in mutect2.filtered.vcf.gz		wes/sarek_3.5.1_run/reports/vcftools/mutect2/OV1369_R2_P66/OV1369_R2_P66.mutect2.filtered.FILTER.summary	found	
OV2085_P64	nf-core/sarek 3.5.1 run angry_allen (session 26cf85bf-0ac3-4237-8f48-c36b2ab20bd2, Slurm 3273686, completed 2025-10-23 23:48:40 EDT)	fastp_total_reads_before_filtering	116685124	reads (R1+R2)	all reads in provider BAM converted to FASTQ		wes/sarek_3.5.1_run/reports/fastp/OV2085_P64/OV2085_P64-7.fastp.json	found	
OV2085_P64	nf-core/sarek 3.5.1 run angry_allen (session 26cf85bf-0ac3-4237-8f48-c36b2ab20bd2, Slurm 3273686, completed 2025-10-23 23:48:40 EDT)	fastp_total_reads_after_filtering	113508306	reads (R1+R2)	reads passing fastp --length_required 15 (adapter trimming disabled)		wes/sarek_3.5.1_run/reports/fastp/OV2085_P64/OV2085_P64-7.fastp.json	found	
OV2085_P64	nf-core/sarek 3.5.1 run angry_allen (session 26cf85bf-0ac3-4237-8f48-c36b2ab20bd2, Slurm 3273686, completed 2025-10-23 23:48:40 EDT)	fastp_q30_rate_after_filtering	0.915	fraction of bases	bases after filtering		wes/sarek_3.5.1_run/reports/fastp/OV2085_P64/OV2085_P64-7.fastp.json	found	
OV2085_P64	nf-core/sarek 3.5.1 run angry_allen (session 26cf85bf-0ac3-4237-8f48-c36b2ab20bd2, Slurm 3273686, completed 2025-10-23 23:48:40 EDT)	fastp_gc_content_after_filtering	0.4498	fraction	bases after filtering		wes/sarek_3.5.1_run/reports/fastp/OV2085_P64/OV2085_P64-7.fastp.json	found	
OV2085_P64	nf-core/sarek 3.5.1 run angry_allen (session 26cf85bf-0ac3-4237-8f48-c36b2ab20bd2, Slurm 3273686, completed 2025-10-23 23:48:40 EDT)	fastp_duplication_rate	0.098	fraction of reads	fastp sequence-level estimate before alignment		wes/sarek_3.5.1_run/reports/fastp/OV2085_P64/OV2085_P64-7.fastp.json	found	
OV2085_P64	nf-core/sarek 3.5.1 run angry_allen (session 26cf85bf-0ac3-4237-8f48-c36b2ab20bd2, Slurm 3273686, completed 2025-10-23 23:48:40 EDT)	fastp_insert_size_peak	162	bp	fastp overlap-based estimate		wes/sarek_3.5.1_run/reports/fastp/OV2085_P64/OV2085_P64-7.fastp.json	found	
OV2085_P64	nf-core/sarek 3.5.1 run angry_allen (session 26cf85bf-0ac3-4237-8f48-c36b2ab20bd2, Slurm 3273686, completed 2025-10-23 23:48:40 EDT)	fastp_read_length_mean_R1	100	bp			wes/sarek_3.5.1_run/reports/fastp/OV2085_P64/OV2085_P64-7.fastp.json	found	
OV2085_P64	nf-core/sarek 3.5.1 run angry_allen (session 26cf85bf-0ac3-4237-8f48-c36b2ab20bd2, Slurm 3273686, completed 2025-10-23 23:48:40 EDT)	samtools_stats_md_raw_total_sequences	113508306	reads	all reads, genome-wide (duplicate-marked CRAM)		wes/sarek_3.5.1_run/reports/samtools/OV2085_P64/OV2085_P64.md.cram.stats	found	
OV2085_P64	nf-core/sarek 3.5.1 run angry_allen (session 26cf85bf-0ac3-4237-8f48-c36b2ab20bd2, Slurm 3273686, completed 2025-10-23 23:48:40 EDT)	samtools_stats_md_reads_mapped	113397095	reads	all reads, genome-wide (duplicate-marked CRAM)		wes/sarek_3.5.1_run/reports/samtools/OV2085_P64/OV2085_P64.md.cram.stats	found	
OV2085_P64	nf-core/sarek 3.5.1 run angry_allen (session 26cf85bf-0ac3-4237-8f48-c36b2ab20bd2, Slurm 3273686, completed 2025-10-23 23:48:40 EDT)	samtools_stats_md_reads_mapped_and_paired	113390120	reads	all reads, genome-wide (duplicate-marked CRAM)		wes/sarek_3.5.1_run/reports/samtools/OV2085_P64/OV2085_P64.md.cram.stats	found	
OV2085_P64	nf-core/sarek 3.5.1 run angry_allen (session 26cf85bf-0ac3-4237-8f48-c36b2ab20bd2, Slurm 3273686, completed 2025-10-23 23:48:40 EDT)	samtools_stats_md_reads_properly_paired	112081162	reads	all reads, genome-wide (duplicate-marked CRAM)		wes/sarek_3.5.1_run/reports/samtools/OV2085_P64/OV2085_P64.md.cram.stats	found	
OV2085_P64	nf-core/sarek 3.5.1 run angry_allen (session 26cf85bf-0ac3-4237-8f48-c36b2ab20bd2, Slurm 3273686, completed 2025-10-23 23:48:40 EDT)	samtools_stats_md_reads_duplicated	16907627	reads	all reads, genome-wide (duplicate-marked CRAM)		wes/sarek_3.5.1_run/reports/samtools/OV2085_P64/OV2085_P64.md.cram.stats	found	
OV2085_P64	nf-core/sarek 3.5.1 run angry_allen (session 26cf85bf-0ac3-4237-8f48-c36b2ab20bd2, Slurm 3273686, completed 2025-10-23 23:48:40 EDT)	samtools_stats_md_reads_MQ0	14830760	reads	all reads, genome-wide (duplicate-marked CRAM)		wes/sarek_3.5.1_run/reports/samtools/OV2085_P64/OV2085_P64.md.cram.stats	found	
OV2085_P64	nf-core/sarek 3.5.1 run angry_allen (session 26cf85bf-0ac3-4237-8f48-c36b2ab20bd2, Slurm 3273686, completed 2025-10-23 23:48:40 EDT)	samtools_stats_md_reads_unmapped	111211	reads	all reads, genome-wide (duplicate-marked CRAM)		wes/sarek_3.5.1_run/reports/samtools/OV2085_P64/OV2085_P64.md.cram.stats	found	
OV2085_P64	nf-core/sarek 3.5.1 run angry_allen (session 26cf85bf-0ac3-4237-8f48-c36b2ab20bd2, Slurm 3273686, completed 2025-10-23 23:48:40 EDT)	samtools_stats_md_error_rate	5.019655e-03	fraction	all reads, genome-wide (duplicate-marked CRAM)		wes/sarek_3.5.1_run/reports/samtools/OV2085_P64/OV2085_P64.md.cram.stats	found	
OV2085_P64	nf-core/sarek 3.5.1 run angry_allen (session 26cf85bf-0ac3-4237-8f48-c36b2ab20bd2, Slurm 3273686, completed 2025-10-23 23:48:40 EDT)	samtools_stats_md_average_length	100	bp	all reads, genome-wide (duplicate-marked CRAM)		wes/sarek_3.5.1_run/reports/samtools/OV2085_P64/OV2085_P64.md.cram.stats	found	
OV2085_P64	nf-core/sarek 3.5.1 run angry_allen (session 26cf85bf-0ac3-4237-8f48-c36b2ab20bd2, Slurm 3273686, completed 2025-10-23 23:48:40 EDT)	samtools_stats_md_insert_size_average	262.0	bp	all reads, genome-wide (duplicate-marked CRAM)		wes/sarek_3.5.1_run/reports/samtools/OV2085_P64/OV2085_P64.md.cram.stats	found	
OV2085_P64	nf-core/sarek 3.5.1 run angry_allen (session 26cf85bf-0ac3-4237-8f48-c36b2ab20bd2, Slurm 3273686, completed 2025-10-23 23:48:40 EDT)	samtools_stats_md_insert_size_standard_deviation	114.7	bp	all reads, genome-wide (duplicate-marked CRAM)		wes/sarek_3.5.1_run/reports/samtools/OV2085_P64/OV2085_P64.md.cram.stats	found	
OV2085_P64	nf-core/sarek 3.5.1 run angry_allen (session 26cf85bf-0ac3-4237-8f48-c36b2ab20bd2, Slurm 3273686, completed 2025-10-23 23:48:40 EDT)	samtools_stats_md_percentage_of_properly_paired_reads_pct	98.7	percent	all reads, genome-wide (duplicate-marked CRAM)		wes/sarek_3.5.1_run/reports/samtools/OV2085_P64/OV2085_P64.md.cram.stats	found	
OV2085_P64	nf-core/sarek 3.5.1 run angry_allen (session 26cf85bf-0ac3-4237-8f48-c36b2ab20bd2, Slurm 3273686, completed 2025-10-23 23:48:40 EDT)	samtools_stats_md_bases_mapped_cigar	11345796891	bp	all reads, genome-wide (duplicate-marked CRAM)		wes/sarek_3.5.1_run/reports/samtools/OV2085_P64/OV2085_P64.md.cram.stats	found	
OV2085_P64	nf-core/sarek 3.5.1 run angry_allen (session 26cf85bf-0ac3-4237-8f48-c36b2ab20bd2, Slurm 3273686, completed 2025-10-23 23:48:40 EDT)	samtools_stats_md_average_quality	38.0	reads	all reads, genome-wide (duplicate-marked CRAM)		wes/sarek_3.5.1_run/reports/samtools/OV2085_P64/OV2085_P64.md.cram.stats	found	
OV2085_P64	nf-core/sarek 3.5.1 run angry_allen (session 26cf85bf-0ac3-4237-8f48-c36b2ab20bd2, Slurm 3273686, completed 2025-10-23 23:48:40 EDT)	samtools_stats_recal_raw_total_sequences	77400292	reads	reads retained after per-interval ApplyBQSR (interval-restricted CRAM used for calling)		wes/sarek_3.5.1_run/reports/samtools/OV2085_P64/OV2085_P64.recal.cram.stats	found	
OV2085_P64	nf-core/sarek 3.5.1 run angry_allen (session 26cf85bf-0ac3-4237-8f48-c36b2ab20bd2, Slurm 3273686, completed 2025-10-23 23:48:40 EDT)	samtools_stats_recal_reads_mapped	77397996	reads	reads retained after per-interval ApplyBQSR (interval-restricted CRAM used for calling)		wes/sarek_3.5.1_run/reports/samtools/OV2085_P64/OV2085_P64.recal.cram.stats	found	
OV2085_P64	nf-core/sarek 3.5.1 run angry_allen (session 26cf85bf-0ac3-4237-8f48-c36b2ab20bd2, Slurm 3273686, completed 2025-10-23 23:48:40 EDT)	samtools_stats_recal_reads_mapped_and_paired	77394982	reads	reads retained after per-interval ApplyBQSR (interval-restricted CRAM used for calling)		wes/sarek_3.5.1_run/reports/samtools/OV2085_P64/OV2085_P64.recal.cram.stats	found	
OV2085_P64	nf-core/sarek 3.5.1 run angry_allen (session 26cf85bf-0ac3-4237-8f48-c36b2ab20bd2, Slurm 3273686, completed 2025-10-23 23:48:40 EDT)	samtools_stats_recal_reads_properly_paired	76948820	reads	reads retained after per-interval ApplyBQSR (interval-restricted CRAM used for calling)		wes/sarek_3.5.1_run/reports/samtools/OV2085_P64/OV2085_P64.recal.cram.stats	found	
OV2085_P64	nf-core/sarek 3.5.1 run angry_allen (session 26cf85bf-0ac3-4237-8f48-c36b2ab20bd2, Slurm 3273686, completed 2025-10-23 23:48:40 EDT)	samtools_stats_recal_reads_duplicated	11639441	reads	reads retained after per-interval ApplyBQSR (interval-restricted CRAM used for calling)		wes/sarek_3.5.1_run/reports/samtools/OV2085_P64/OV2085_P64.recal.cram.stats	found	
OV2085_P64	nf-core/sarek 3.5.1 run angry_allen (session 26cf85bf-0ac3-4237-8f48-c36b2ab20bd2, Slurm 3273686, completed 2025-10-23 23:48:40 EDT)	samtools_stats_recal_reads_MQ0	8845548	reads	reads retained after per-interval ApplyBQSR (interval-restricted CRAM used for calling)		wes/sarek_3.5.1_run/reports/samtools/OV2085_P64/OV2085_P64.recal.cram.stats	found	
OV2085_P64	nf-core/sarek 3.5.1 run angry_allen (session 26cf85bf-0ac3-4237-8f48-c36b2ab20bd2, Slurm 3273686, completed 2025-10-23 23:48:40 EDT)	samtools_stats_recal_reads_unmapped	2296	reads	reads retained after per-interval ApplyBQSR (interval-restricted CRAM used for calling)		wes/sarek_3.5.1_run/reports/samtools/OV2085_P64/OV2085_P64.recal.cram.stats	found	
OV2085_P64	nf-core/sarek 3.5.1 run angry_allen (session 26cf85bf-0ac3-4237-8f48-c36b2ab20bd2, Slurm 3273686, completed 2025-10-23 23:48:40 EDT)	samtools_stats_recal_error_rate	4.281973e-03	fraction	reads retained after per-interval ApplyBQSR (interval-restricted CRAM used for calling)		wes/sarek_3.5.1_run/reports/samtools/OV2085_P64/OV2085_P64.recal.cram.stats	found	
OV2085_P64	nf-core/sarek 3.5.1 run angry_allen (session 26cf85bf-0ac3-4237-8f48-c36b2ab20bd2, Slurm 3273686, completed 2025-10-23 23:48:40 EDT)	samtools_stats_recal_average_length	100	bp	reads retained after per-interval ApplyBQSR (interval-restricted CRAM used for calling)		wes/sarek_3.5.1_run/reports/samtools/OV2085_P64/OV2085_P64.recal.cram.stats	found	
OV2085_P64	nf-core/sarek 3.5.1 run angry_allen (session 26cf85bf-0ac3-4237-8f48-c36b2ab20bd2, Slurm 3273686, completed 2025-10-23 23:48:40 EDT)	samtools_stats_recal_insert_size_average	243.4	bp	reads retained after per-interval ApplyBQSR (interval-restricted CRAM used for calling)		wes/sarek_3.5.1_run/reports/samtools/OV2085_P64/OV2085_P64.recal.cram.stats	found	
OV2085_P64	nf-core/sarek 3.5.1 run angry_allen (session 26cf85bf-0ac3-4237-8f48-c36b2ab20bd2, Slurm 3273686, completed 2025-10-23 23:48:40 EDT)	samtools_stats_recal_insert_size_standard_deviation	101.2	bp	reads retained after per-interval ApplyBQSR (interval-restricted CRAM used for calling)		wes/sarek_3.5.1_run/reports/samtools/OV2085_P64/OV2085_P64.recal.cram.stats	found	
OV2085_P64	nf-core/sarek 3.5.1 run angry_allen (session 26cf85bf-0ac3-4237-8f48-c36b2ab20bd2, Slurm 3273686, completed 2025-10-23 23:48:40 EDT)	samtools_stats_recal_percentage_of_properly_paired_reads_pct	99.4	percent	reads retained after per-interval ApplyBQSR (interval-restricted CRAM used for calling)		wes/sarek_3.5.1_run/reports/samtools/OV2085_P64/OV2085_P64.recal.cram.stats	found	
OV2085_P64	nf-core/sarek 3.5.1 run angry_allen (session 26cf85bf-0ac3-4237-8f48-c36b2ab20bd2, Slurm 3273686, completed 2025-10-23 23:48:40 EDT)	samtools_stats_recal_bases_mapped_cigar	7723523669	bp	reads retained after per-interval ApplyBQSR (interval-restricted CRAM used for calling)		wes/sarek_3.5.1_run/reports/samtools/OV2085_P64/OV2085_P64.recal.cram.stats	found	
OV2085_P64	nf-core/sarek 3.5.1 run angry_allen (session 26cf85bf-0ac3-4237-8f48-c36b2ab20bd2, Slurm 3273686, completed 2025-10-23 23:48:40 EDT)	samtools_stats_recal_average_quality	33.7	reads	reads retained after per-interval ApplyBQSR (interval-restricted CRAM used for calling)		wes/sarek_3.5.1_run/reports/samtools/OV2085_P64/OV2085_P64.recal.cram.stats	found	
OV2085_P64	nf-core/sarek 3.5.1 run angry_allen (session 26cf85bf-0ac3-4237-8f48-c36b2ab20bd2, Slurm 3273686, completed 2025-10-23 23:48:40 EDT)	mosdepth_md_mean_depth_genome	2.77	x	whole reference (3213390628 bp)		wes/sarek_3.5.1_run/reports/mosdepth/OV2085_P64/OV2085_P64.md.mosdepth.summary.txt	found	
OV2085_P64	nf-core/sarek 3.5.1 run angry_allen (session 26cf85bf-0ac3-4237-8f48-c36b2ab20bd2, Slurm 3273686, completed 2025-10-23 23:48:40 EDT)	mosdepth_md_mean_depth_target	75.20	x	target bases (63709951 bp, --by intervals_sorted.bed)	intervals_sorted.bed (242,421 hg38 intervals lifted from SeqCap EZ Exome v3; 63,709,951 bp summed, 63,514,049 bp merged)	wes/sarek_3.5.1_run/reports/mosdepth/OV2085_P64/OV2085_P64.md.mosdepth.summary.txt	found	mean of per-base depth over the target footprint; mosdepth counts duplicates unless flagged (Sarek default)
OV2085_P64	nf-core/sarek 3.5.1 run angry_allen (session 26cf85bf-0ac3-4237-8f48-c36b2ab20bd2, Slurm 3273686, completed 2025-10-23 23:48:40 EDT)	mosdepth_md_fraction_target_bases_ge_100x	0.19	fraction	target bases	intervals_sorted.bed (242,421 hg38 intervals lifted from SeqCap EZ Exome v3; 63,709,951 bp summed, 63,514,049 bp merged)	wes/sarek_3.5.1_run/reports/mosdepth/OV2085_P64/OV2085_P64.md.mosdepth.region.dist.txt	found	
OV2085_P64	nf-core/sarek 3.5.1 run angry_allen (session 26cf85bf-0ac3-4237-8f48-c36b2ab20bd2, Slurm 3273686, completed 2025-10-23 23:48:40 EDT)	mosdepth_md_fraction_target_bases_ge_50x	0.55	fraction	target bases	intervals_sorted.bed (242,421 hg38 intervals lifted from SeqCap EZ Exome v3; 63,709,951 bp summed, 63,514,049 bp merged)	wes/sarek_3.5.1_run/reports/mosdepth/OV2085_P64/OV2085_P64.md.mosdepth.region.dist.txt	found	
OV2085_P64	nf-core/sarek 3.5.1 run angry_allen (session 26cf85bf-0ac3-4237-8f48-c36b2ab20bd2, Slurm 3273686, completed 2025-10-23 23:48:40 EDT)	mosdepth_md_fraction_target_bases_ge_30x	0.79	fraction	target bases	intervals_sorted.bed (242,421 hg38 intervals lifted from SeqCap EZ Exome v3; 63,709,951 bp summed, 63,514,049 bp merged)	wes/sarek_3.5.1_run/reports/mosdepth/OV2085_P64/OV2085_P64.md.mosdepth.region.dist.txt	found	
OV2085_P64	nf-core/sarek 3.5.1 run angry_allen (session 26cf85bf-0ac3-4237-8f48-c36b2ab20bd2, Slurm 3273686, completed 2025-10-23 23:48:40 EDT)	mosdepth_md_fraction_target_bases_ge_20x	0.90	fraction	target bases	intervals_sorted.bed (242,421 hg38 intervals lifted from SeqCap EZ Exome v3; 63,709,951 bp summed, 63,514,049 bp merged)	wes/sarek_3.5.1_run/reports/mosdepth/OV2085_P64/OV2085_P64.md.mosdepth.region.dist.txt	found	
OV2085_P64	nf-core/sarek 3.5.1 run angry_allen (session 26cf85bf-0ac3-4237-8f48-c36b2ab20bd2, Slurm 3273686, completed 2025-10-23 23:48:40 EDT)	mosdepth_md_fraction_target_bases_ge_10x	0.96	fraction	target bases	intervals_sorted.bed (242,421 hg38 intervals lifted from SeqCap EZ Exome v3; 63,709,951 bp summed, 63,514,049 bp merged)	wes/sarek_3.5.1_run/reports/mosdepth/OV2085_P64/OV2085_P64.md.mosdepth.region.dist.txt	found	
OV2085_P64	nf-core/sarek 3.5.1 run angry_allen (session 26cf85bf-0ac3-4237-8f48-c36b2ab20bd2, Slurm 3273686, completed 2025-10-23 23:48:40 EDT)	mosdepth_md_fraction_target_bases_ge_1x	0.99	fraction	target bases	intervals_sorted.bed (242,421 hg38 intervals lifted from SeqCap EZ Exome v3; 63,709,951 bp summed, 63,514,049 bp merged)	wes/sarek_3.5.1_run/reports/mosdepth/OV2085_P64/OV2085_P64.md.mosdepth.region.dist.txt	found	
OV2085_P64	nf-core/sarek 3.5.1 run angry_allen (session 26cf85bf-0ac3-4237-8f48-c36b2ab20bd2, Slurm 3273686, completed 2025-10-23 23:48:40 EDT)	mosdepth_recal_mean_depth_genome	1.94	x	whole reference (3092843764 bp)		wes/sarek_3.5.1_run/reports/mosdepth/OV2085_P64/OV2085_P64.recal.mosdepth.summary.txt	found	
OV2085_P64	nf-core/sarek 3.5.1 run angry_allen (session 26cf85bf-0ac3-4237-8f48-c36b2ab20bd2, Slurm 3273686, completed 2025-10-23 23:48:40 EDT)	mosdepth_recal_mean_depth_target	75.20	x	target bases (63709444 bp, --by intervals_sorted.bed)	intervals_sorted.bed (242,421 hg38 intervals lifted from SeqCap EZ Exome v3; 63,709,951 bp summed, 63,514,049 bp merged)	wes/sarek_3.5.1_run/reports/mosdepth/OV2085_P64/OV2085_P64.recal.mosdepth.summary.txt	found	mean of per-base depth over the target footprint; mosdepth counts duplicates unless flagged (Sarek default)
OV2085_P64	nf-core/sarek 3.5.1 run angry_allen (session 26cf85bf-0ac3-4237-8f48-c36b2ab20bd2, Slurm 3273686, completed 2025-10-23 23:48:40 EDT)	mosdepth_recal_fraction_target_bases_ge_100x	0.19	fraction	target bases	intervals_sorted.bed (242,421 hg38 intervals lifted from SeqCap EZ Exome v3; 63,709,951 bp summed, 63,514,049 bp merged)	wes/sarek_3.5.1_run/reports/mosdepth/OV2085_P64/OV2085_P64.recal.mosdepth.region.dist.txt	found	
OV2085_P64	nf-core/sarek 3.5.1 run angry_allen (session 26cf85bf-0ac3-4237-8f48-c36b2ab20bd2, Slurm 3273686, completed 2025-10-23 23:48:40 EDT)	mosdepth_recal_fraction_target_bases_ge_50x	0.55	fraction	target bases	intervals_sorted.bed (242,421 hg38 intervals lifted from SeqCap EZ Exome v3; 63,709,951 bp summed, 63,514,049 bp merged)	wes/sarek_3.5.1_run/reports/mosdepth/OV2085_P64/OV2085_P64.recal.mosdepth.region.dist.txt	found	
OV2085_P64	nf-core/sarek 3.5.1 run angry_allen (session 26cf85bf-0ac3-4237-8f48-c36b2ab20bd2, Slurm 3273686, completed 2025-10-23 23:48:40 EDT)	mosdepth_recal_fraction_target_bases_ge_30x	0.79	fraction	target bases	intervals_sorted.bed (242,421 hg38 intervals lifted from SeqCap EZ Exome v3; 63,709,951 bp summed, 63,514,049 bp merged)	wes/sarek_3.5.1_run/reports/mosdepth/OV2085_P64/OV2085_P64.recal.mosdepth.region.dist.txt	found	
OV2085_P64	nf-core/sarek 3.5.1 run angry_allen (session 26cf85bf-0ac3-4237-8f48-c36b2ab20bd2, Slurm 3273686, completed 2025-10-23 23:48:40 EDT)	mosdepth_recal_fraction_target_bases_ge_20x	0.90	fraction	target bases	intervals_sorted.bed (242,421 hg38 intervals lifted from SeqCap EZ Exome v3; 63,709,951 bp summed, 63,514,049 bp merged)	wes/sarek_3.5.1_run/reports/mosdepth/OV2085_P64/OV2085_P64.recal.mosdepth.region.dist.txt	found	
OV2085_P64	nf-core/sarek 3.5.1 run angry_allen (session 26cf85bf-0ac3-4237-8f48-c36b2ab20bd2, Slurm 3273686, completed 2025-10-23 23:48:40 EDT)	mosdepth_recal_fraction_target_bases_ge_10x	0.96	fraction	target bases	intervals_sorted.bed (242,421 hg38 intervals lifted from SeqCap EZ Exome v3; 63,709,951 bp summed, 63,514,049 bp merged)	wes/sarek_3.5.1_run/reports/mosdepth/OV2085_P64/OV2085_P64.recal.mosdepth.region.dist.txt	found	
OV2085_P64	nf-core/sarek 3.5.1 run angry_allen (session 26cf85bf-0ac3-4237-8f48-c36b2ab20bd2, Slurm 3273686, completed 2025-10-23 23:48:40 EDT)	mosdepth_recal_fraction_target_bases_ge_1x	0.99	fraction	target bases	intervals_sorted.bed (242,421 hg38 intervals lifted from SeqCap EZ Exome v3; 63,709,951 bp summed, 63,514,049 bp merged)	wes/sarek_3.5.1_run/reports/mosdepth/OV2085_P64/OV2085_P64.recal.mosdepth.region.dist.txt	found	
OV2085_P64	nf-core/sarek 3.5.1 run angry_allen (session 26cf85bf-0ac3-4237-8f48-c36b2ab20bd2, Slurm 3273686, completed 2025-10-23 23:48:40 EDT)	gatk_calculatecontamination_estimate	0.0039035532372166996	fraction	GetPileupSummaries on af-only-gnomad.hg38 sites within calling intervals; tumour-only		wes/sarek_3.5.1_run/variant_calling/mutect2/OV2085_P64/OV2085_P64.mutect2.contamination.table	found	cross-sample contamination estimate, error=0.001224962585545167; not a stock-authentication result
OV2085_P64	nf-core/sarek 3.5.1 run angry_kilby (session 26cf85bf, Slurm 3377445, 2025-10-24, failed at GETPILEUPSUMMARIES TOV3133D_P66)	cnvkit_reads_in_target_bins	53010139	reads	mapped reads in recal BAM (interval-restricted)	cnvkit.reference.target-tmp.bed (242,421 bins)	wes/sarek_3.5.1_run/task_evidence/oct24_CNVKIT_BATCH_OV2085_P64.9d_5053b19362a37673e25e6137ef2449/.command.err	found	
OV2085_P64	nf-core/sarek 3.5.1 run angry_kilby (session 26cf85bf, Slurm 3377445, 2025-10-24, failed at GETPILEUPSUMMARIES TOV3133D_P66)	cnvkit_percent_mapped_reads_in_target_bins	68.456	percent	77436567 mapped reads in recal BAM (interval-restricted, so not a genome-wide on-target fraction)	cnvkit.reference.target-tmp.bed (242,421 bins)	wes/sarek_3.5.1_run/task_evidence/oct24_CNVKIT_BATCH_OV2085_P64.9d_5053b19362a37673e25e6137ef2449/.command.err	found	Sarek-internal CNVkit batch (flat reference) task log; recal CRAM excludes off-interval reads, so genome-wide on-target fraction must use md CRAM stats
OV2085_P64	manual CNVkit 0.9.10 batch (apptainer image cnvkit-0.9.10--pyhdfd78af_0.img), outputs dated 2025-11-14 to 2025-12-03	cnvkit_target_mean_depth_length_weighted	81.81	x	63514049 bp in 290475 target bins (CNVkit depth column)	intervals_sorted.target.bed (290,475 CNVkit autobin-split target bins, sha256 2177970f...; 63,514,049 bp)	wes/cnvkit_0.9.10_manual/OV2085_P64_new/OV2085_P64.targetcoverage.cnn	found	derived here from the retained coverage file; not a pipeline-reported number
OV2085_P64	manual CNVkit 0.9.10 batch (apptainer image cnvkit-0.9.10--pyhdfd78af_0.img), outputs dated 2025-11-14 to 2025-12-03	cnvkit_target_bins_zero_depth	1569	bins	290475 target bins	intervals_sorted.target.bed (290,475 CNVkit autobin-split target bins, sha256 2177970f...; 63,514,049 bp)	wes/cnvkit_0.9.10_manual/OV2085_P64_new/OV2085_P64.targetcoverage.cnn	found	derived here
OV2085_P64	manual CNVkit 0.9.10 batch (apptainer image cnvkit-0.9.10--pyhdfd78af_0.img), outputs dated 2025-11-14 to 2025-12-03	cnvkit_call_segments	202	segments		intervals_sorted.target.bed (290,475 CNVkit autobin-split target bins, sha256 2177970f...; 63,514,049 bp)	wes/cnvkit_0.9.10_manual/OV2085_P64_new/OV2085_P64.call.cns	found	
OV2085_P64	nf-core/sarek 3.5.1 run angry_allen (session 26cf85bf-0ac3-4237-8f48-c36b2ab20bd2, Slurm 3273686, completed 2025-10-23 23:48:40 EDT)	bcftools_stats_filtered_vcf_number_of_records	25019	records	all records in mutect2.filtered.vcf.gz (PASS and non-PASS)		wes/sarek_3.5.1_run/multiqc/multiqc_data/multiqc_bcftools_stats.txt	found	
OV2085_P64	nf-core/sarek 3.5.1 run angry_allen (session 26cf85bf-0ac3-4237-8f48-c36b2ab20bd2, Slurm 3273686, completed 2025-10-23 23:48:40 EDT)	bcftools_stats_filtered_vcf_number_of_SNPs	15551	records	all records in mutect2.filtered.vcf.gz (PASS and non-PASS)		wes/sarek_3.5.1_run/multiqc/multiqc_data/multiqc_bcftools_stats.txt	found	
OV2085_P64	nf-core/sarek 3.5.1 run angry_allen (session 26cf85bf-0ac3-4237-8f48-c36b2ab20bd2, Slurm 3273686, completed 2025-10-23 23:48:40 EDT)	bcftools_stats_filtered_vcf_number_of_indels	7752	records	all records in mutect2.filtered.vcf.gz (PASS and non-PASS)		wes/sarek_3.5.1_run/multiqc/multiqc_data/multiqc_bcftools_stats.txt	found	
OV2085_P64	nf-core/sarek 3.5.1 run angry_allen (session 26cf85bf-0ac3-4237-8f48-c36b2ab20bd2, Slurm 3273686, completed 2025-10-23 23:48:40 EDT)	bcftools_stats_filtered_vcf_number_of_MNPs	1930	records	all records in mutect2.filtered.vcf.gz (PASS and non-PASS)		wes/sarek_3.5.1_run/multiqc/multiqc_data/multiqc_bcftools_stats.txt	found	
OV2085_P64	nf-core/sarek 3.5.1 run angry_allen (session 26cf85bf-0ac3-4237-8f48-c36b2ab20bd2, Slurm 3273686, completed 2025-10-23 23:48:40 EDT)	bcftools_stats_filtered_vcf_tstv	1.1	ratio	all records in mutect2.filtered.vcf.gz (PASS and non-PASS)		wes/sarek_3.5.1_run/multiqc/multiqc_data/multiqc_bcftools_stats.txt	found	
OV2085_P64	nf-core/sarek 3.5.1 run angry_allen (session 26cf85bf-0ac3-4237-8f48-c36b2ab20bd2, Slurm 3273686, completed 2025-10-23 23:48:40 EDT)	vcftools_filtered_vcf_PASS_records	677	records	records in mutect2.filtered.vcf.gz		wes/sarek_3.5.1_run/reports/vcftools/mutect2/OV2085_P64/OV2085_P64.mutect2.filtered.FILTER.summary	found	
OV2295_P61	nf-core/sarek 3.5.1 run angry_allen (session 26cf85bf-0ac3-4237-8f48-c36b2ab20bd2, Slurm 3273686, completed 2025-10-23 23:48:40 EDT)	fastp_total_reads_before_filtering	115512376	reads (R1+R2)	all reads in provider BAM converted to FASTQ		wes/sarek_3.5.1_run/reports/fastp/OV2295_P61/OV2295_P61-5.fastp.json	found	
OV2295_P61	nf-core/sarek 3.5.1 run angry_allen (session 26cf85bf-0ac3-4237-8f48-c36b2ab20bd2, Slurm 3273686, completed 2025-10-23 23:48:40 EDT)	fastp_total_reads_after_filtering	113903904	reads (R1+R2)	reads passing fastp --length_required 15 (adapter trimming disabled)		wes/sarek_3.5.1_run/reports/fastp/OV2295_P61/OV2295_P61-5.fastp.json	found	
OV2295_P61	nf-core/sarek 3.5.1 run angry_allen (session 26cf85bf-0ac3-4237-8f48-c36b2ab20bd2, Slurm 3273686, completed 2025-10-23 23:48:40 EDT)	fastp_q30_rate_after_filtering	0.9238	fraction of bases	bases after filtering		wes/sarek_3.5.1_run/reports/fastp/OV2295_P61/OV2295_P61-5.fastp.json	found	
OV2295_P61	nf-core/sarek 3.5.1 run angry_allen (session 26cf85bf-0ac3-4237-8f48-c36b2ab20bd2, Slurm 3273686, completed 2025-10-23 23:48:40 EDT)	fastp_gc_content_after_filtering	0.432	fraction	bases after filtering		wes/sarek_3.5.1_run/reports/fastp/OV2295_P61/OV2295_P61-5.fastp.json	found	
OV2295_P61	nf-core/sarek 3.5.1 run angry_allen (session 26cf85bf-0ac3-4237-8f48-c36b2ab20bd2, Slurm 3273686, completed 2025-10-23 23:48:40 EDT)	fastp_duplication_rate	0.1379	fraction of reads	fastp sequence-level estimate before alignment		wes/sarek_3.5.1_run/reports/fastp/OV2295_P61/OV2295_P61-5.fastp.json	found	
OV2295_P61	nf-core/sarek 3.5.1 run angry_allen (session 26cf85bf-0ac3-4237-8f48-c36b2ab20bd2, Slurm 3273686, completed 2025-10-23 23:48:40 EDT)	fastp_insert_size_peak	169	bp	fastp overlap-based estimate		wes/sarek_3.5.1_run/reports/fastp/OV2295_P61/OV2295_P61-5.fastp.json	found	
OV2295_P61	nf-core/sarek 3.5.1 run angry_allen (session 26cf85bf-0ac3-4237-8f48-c36b2ab20bd2, Slurm 3273686, completed 2025-10-23 23:48:40 EDT)	fastp_read_length_mean_R1	100	bp			wes/sarek_3.5.1_run/reports/fastp/OV2295_P61/OV2295_P61-5.fastp.json	found	
OV2295_P61	nf-core/sarek 3.5.1 run angry_allen (session 26cf85bf-0ac3-4237-8f48-c36b2ab20bd2, Slurm 3273686, completed 2025-10-23 23:48:40 EDT)	samtools_stats_md_raw_total_sequences	113903904	reads	all reads, genome-wide (duplicate-marked CRAM)		wes/sarek_3.5.1_run/reports/samtools/OV2295_P61/OV2295_P61.md.cram.stats	found	
OV2295_P61	nf-core/sarek 3.5.1 run angry_allen (session 26cf85bf-0ac3-4237-8f48-c36b2ab20bd2, Slurm 3273686, completed 2025-10-23 23:48:40 EDT)	samtools_stats_md_reads_mapped	113845650	reads	all reads, genome-wide (duplicate-marked CRAM)		wes/sarek_3.5.1_run/reports/samtools/OV2295_P61/OV2295_P61.md.cram.stats	found	
OV2295_P61	nf-core/sarek 3.5.1 run angry_allen (session 26cf85bf-0ac3-4237-8f48-c36b2ab20bd2, Slurm 3273686, completed 2025-10-23 23:48:40 EDT)	samtools_stats_md_reads_mapped_and_paired	113842246	reads	all reads, genome-wide (duplicate-marked CRAM)		wes/sarek_3.5.1_run/reports/samtools/OV2295_P61/OV2295_P61.md.cram.stats	found	
OV2295_P61	nf-core/sarek 3.5.1 run angry_allen (session 26cf85bf-0ac3-4237-8f48-c36b2ab20bd2, Slurm 3273686, completed 2025-10-23 23:48:40 EDT)	samtools_stats_md_reads_properly_paired	112896828	reads	all reads, genome-wide (duplicate-marked CRAM)		wes/sarek_3.5.1_run/reports/samtools/OV2295_P61/OV2295_P61.md.cram.stats	found	
OV2295_P61	nf-core/sarek 3.5.1 run angry_allen (session 26cf85bf-0ac3-4237-8f48-c36b2ab20bd2, Slurm 3273686, completed 2025-10-23 23:48:40 EDT)	samtools_stats_md_reads_duplicated	24477769	reads	all reads, genome-wide (duplicate-marked CRAM)		wes/sarek_3.5.1_run/reports/samtools/OV2295_P61/OV2295_P61.md.cram.stats	found	
OV2295_P61	nf-core/sarek 3.5.1 run angry_allen (session 26cf85bf-0ac3-4237-8f48-c36b2ab20bd2, Slurm 3273686, completed 2025-10-23 23:48:40 EDT)	samtools_stats_md_reads_MQ0	13955311	reads	all reads, genome-wide (duplicate-marked CRAM)		wes/sarek_3.5.1_run/reports/samtools/OV2295_P61/OV2295_P61.md.cram.stats	found	
OV2295_P61	nf-core/sarek 3.5.1 run angry_allen (session 26cf85bf-0ac3-4237-8f48-c36b2ab20bd2, Slurm 3273686, completed 2025-10-23 23:48:40 EDT)	samtools_stats_md_reads_unmapped	58254	reads	all reads, genome-wide (duplicate-marked CRAM)		wes/sarek_3.5.1_run/reports/samtools/OV2295_P61/OV2295_P61.md.cram.stats	found	
OV2295_P61	nf-core/sarek 3.5.1 run angry_allen (session 26cf85bf-0ac3-4237-8f48-c36b2ab20bd2, Slurm 3273686, completed 2025-10-23 23:48:40 EDT)	samtools_stats_md_error_rate	4.687101e-03	fraction	all reads, genome-wide (duplicate-marked CRAM)		wes/sarek_3.5.1_run/reports/samtools/OV2295_P61/OV2295_P61.md.cram.stats	found	
OV2295_P61	nf-core/sarek 3.5.1 run angry_allen (session 26cf85bf-0ac3-4237-8f48-c36b2ab20bd2, Slurm 3273686, completed 2025-10-23 23:48:40 EDT)	samtools_stats_md_average_length	100	bp	all reads, genome-wide (duplicate-marked CRAM)		wes/sarek_3.5.1_run/reports/samtools/OV2295_P61/OV2295_P61.md.cram.stats	found	
OV2295_P61	nf-core/sarek 3.5.1 run angry_allen (session 26cf85bf-0ac3-4237-8f48-c36b2ab20bd2, Slurm 3273686, completed 2025-10-23 23:48:40 EDT)	samtools_stats_md_insert_size_average	237.9	bp	all reads, genome-wide (duplicate-marked CRAM)		wes/sarek_3.5.1_run/reports/samtools/OV2295_P61/OV2295_P61.md.cram.stats	found	
OV2295_P61	nf-core/sarek 3.5.1 run angry_allen (session 26cf85bf-0ac3-4237-8f48-c36b2ab20bd2, Slurm 3273686, completed 2025-10-23 23:48:40 EDT)	samtools_stats_md_insert_size_standard_deviation	91.4	bp	all reads, genome-wide (duplicate-marked CRAM)		wes/sarek_3.5.1_run/reports/samtools/OV2295_P61/OV2295_P61.md.cram.stats	found	
OV2295_P61	nf-core/sarek 3.5.1 run angry_allen (session 26cf85bf-0ac3-4237-8f48-c36b2ab20bd2, Slurm 3273686, completed 2025-10-23 23:48:40 EDT)	samtools_stats_md_percentage_of_properly_paired_reads_pct	99.1	percent	all reads, genome-wide (duplicate-marked CRAM)		wes/sarek_3.5.1_run/reports/samtools/OV2295_P61/OV2295_P61.md.cram.stats	found	
OV2295_P61	nf-core/sarek 3.5.1 run angry_allen (session 26cf85bf-0ac3-4237-8f48-c36b2ab20bd2, Slurm 3273686, completed 2025-10-23 23:48:40 EDT)	samtools_stats_md_bases_mapped_cigar	11388892290	bp	all reads, genome-wide (duplicate-marked CRAM)		wes/sarek_3.5.1_run/reports/samtools/OV2295_P61/OV2295_P61.md.cram.stats	found	
OV2295_P61	nf-core/sarek 3.5.1 run angry_allen (session 26cf85bf-0ac3-4237-8f48-c36b2ab20bd2, Slurm 3273686, completed 2025-10-23 23:48:40 EDT)	samtools_stats_md_average_quality	38.2	reads	all reads, genome-wide (duplicate-marked CRAM)		wes/sarek_3.5.1_run/reports/samtools/OV2295_P61/OV2295_P61.md.cram.stats	found	
OV2295_P61	nf-core/sarek 3.5.1 run angry_allen (session 26cf85bf-0ac3-4237-8f48-c36b2ab20bd2, Slurm 3273686, completed 2025-10-23 23:48:40 EDT)	samtools_stats_recal_raw_total_sequences	84110114	reads	reads retained after per-interval ApplyBQSR (interval-restricted CRAM used for calling)		wes/sarek_3.5.1_run/reports/samtools/OV2295_P61/OV2295_P61.recal.cram.stats	found	
OV2295_P61	nf-core/sarek 3.5.1 run angry_allen (session 26cf85bf-0ac3-4237-8f48-c36b2ab20bd2, Slurm 3273686, completed 2025-10-23 23:48:40 EDT)	samtools_stats_recal_reads_mapped	84108671	reads	reads retained after per-interval ApplyBQSR (interval-restricted CRAM used for calling)		wes/sarek_3.5.1_run/reports/samtools/OV2295_P61/OV2295_P61.recal.cram.stats	found	
OV2295_P61	nf-core/sarek 3.5.1 run angry_allen (session 26cf85bf-0ac3-4237-8f48-c36b2ab20bd2, Slurm 3273686, completed 2025-10-23 23:48:40 EDT)	samtools_stats_recal_reads_mapped_and_paired	84106739	reads	reads retained after per-interval ApplyBQSR (interval-restricted CRAM used for calling)		wes/sarek_3.5.1_run/reports/samtools/OV2295_P61/OV2295_P61.recal.cram.stats	found	
OV2295_P61	nf-core/sarek 3.5.1 run angry_allen (session 26cf85bf-0ac3-4237-8f48-c36b2ab20bd2, Slurm 3273686, completed 2025-10-23 23:48:40 EDT)	samtools_stats_recal_reads_properly_paired	83738122	reads	reads retained after per-interval ApplyBQSR (interval-restricted CRAM used for calling)		wes/sarek_3.5.1_run/reports/samtools/OV2295_P61/OV2295_P61.recal.cram.stats	found	
OV2295_P61	nf-core/sarek 3.5.1 run angry_allen (session 26cf85bf-0ac3-4237-8f48-c36b2ab20bd2, Slurm 3273686, completed 2025-10-23 23:48:40 EDT)	samtools_stats_recal_reads_duplicated	18488326	reads	reads retained after per-interval ApplyBQSR (interval-restricted CRAM used for calling)		wes/sarek_3.5.1_run/reports/samtools/OV2295_P61/OV2295_P61.recal.cram.stats	found	
OV2295_P61	nf-core/sarek 3.5.1 run angry_allen (session 26cf85bf-0ac3-4237-8f48-c36b2ab20bd2, Slurm 3273686, completed 2025-10-23 23:48:40 EDT)	samtools_stats_recal_reads_MQ0	9125181	reads	reads retained after per-interval ApplyBQSR (interval-restricted CRAM used for calling)		wes/sarek_3.5.1_run/reports/samtools/OV2295_P61/OV2295_P61.recal.cram.stats	found	
OV2295_P61	nf-core/sarek 3.5.1 run angry_allen (session 26cf85bf-0ac3-4237-8f48-c36b2ab20bd2, Slurm 3273686, completed 2025-10-23 23:48:40 EDT)	samtools_stats_recal_reads_unmapped	1443	reads	reads retained after per-interval ApplyBQSR (interval-restricted CRAM used for calling)		wes/sarek_3.5.1_run/reports/samtools/OV2295_P61/OV2295_P61.recal.cram.stats	found	
OV2295_P61	nf-core/sarek 3.5.1 run angry_allen (session 26cf85bf-0ac3-4237-8f48-c36b2ab20bd2, Slurm 3273686, completed 2025-10-23 23:48:40 EDT)	samtools_stats_recal_error_rate	4.190459e-03	fraction	reads retained after per-interval ApplyBQSR (interval-restricted CRAM used for calling)		wes/sarek_3.5.1_run/reports/samtools/OV2295_P61/OV2295_P61.recal.cram.stats	found	
OV2295_P61	nf-core/sarek 3.5.1 run angry_allen (session 26cf85bf-0ac3-4237-8f48-c36b2ab20bd2, Slurm 3273686, completed 2025-10-23 23:48:40 EDT)	samtools_stats_recal_average_length	100	bp	reads retained after per-interval ApplyBQSR (interval-restricted CRAM used for calling)		wes/sarek_3.5.1_run/reports/samtools/OV2295_P61/OV2295_P61.recal.cram.stats	found	
OV2295_P61	nf-core/sarek 3.5.1 run angry_allen (session 26cf85bf-0ac3-4237-8f48-c36b2ab20bd2, Slurm 3273686, completed 2025-10-23 23:48:40 EDT)	samtools_stats_recal_insert_size_average	225.0	bp	reads retained after per-interval ApplyBQSR (interval-restricted CRAM used for calling)		wes/sarek_3.5.1_run/reports/samtools/OV2295_P61/OV2295_P61.recal.cram.stats	found	
OV2295_P61	nf-core/sarek 3.5.1 run angry_allen (session 26cf85bf-0ac3-4237-8f48-c36b2ab20bd2, Slurm 3273686, completed 2025-10-23 23:48:40 EDT)	samtools_stats_recal_insert_size_standard_deviation	82.5	bp	reads retained after per-interval ApplyBQSR (interval-restricted CRAM used for calling)		wes/sarek_3.5.1_run/reports/samtools/OV2295_P61/OV2295_P61.recal.cram.stats	found	
OV2295_P61	nf-core/sarek 3.5.1 run angry_allen (session 26cf85bf-0ac3-4237-8f48-c36b2ab20bd2, Slurm 3273686, completed 2025-10-23 23:48:40 EDT)	samtools_stats_recal_percentage_of_properly_paired_reads_pct	99.6	percent	reads retained after per-interval ApplyBQSR (interval-restricted CRAM used for calling)		wes/sarek_3.5.1_run/reports/samtools/OV2295_P61/OV2295_P61.recal.cram.stats	found	
OV2295_P61	nf-core/sarek 3.5.1 run angry_allen (session 26cf85bf-0ac3-4237-8f48-c36b2ab20bd2, Slurm 3273686, completed 2025-10-23 23:48:40 EDT)	samtools_stats_recal_bases_mapped_cigar	8396599961	bp	reads retained after per-interval ApplyBQSR (interval-restricted CRAM used for calling)		wes/sarek_3.5.1_run/reports/samtools/OV2295_P61/OV2295_P61.recal.cram.stats	found	
OV2295_P61	nf-core/sarek 3.5.1 run angry_allen (session 26cf85bf-0ac3-4237-8f48-c36b2ab20bd2, Slurm 3273686, completed 2025-10-23 23:48:40 EDT)	samtools_stats_recal_average_quality	34.0	reads	reads retained after per-interval ApplyBQSR (interval-restricted CRAM used for calling)		wes/sarek_3.5.1_run/reports/samtools/OV2295_P61/OV2295_P61.recal.cram.stats	found	
OV2295_P61	nf-core/sarek 3.5.1 run angry_allen (session 26cf85bf-0ac3-4237-8f48-c36b2ab20bd2, Slurm 3273686, completed 2025-10-23 23:48:40 EDT)	mosdepth_md_mean_depth_genome	2.55	x	whole reference (3213154113 bp)		wes/sarek_3.5.1_run/reports/mosdepth/OV2295_P61/OV2295_P61.md.mosdepth.summary.txt	found	
OV2295_P61	nf-core/sarek 3.5.1 run angry_allen (session 26cf85bf-0ac3-4237-8f48-c36b2ab20bd2, Slurm 3273686, completed 2025-10-23 23:48:40 EDT)	mosdepth_md_mean_depth_target	74.42	x	target bases (63709951 bp, --by intervals_sorted.bed)	intervals_sorted.bed (242,421 hg38 intervals lifted from SeqCap EZ Exome v3; 63,709,951 bp summed, 63,514,049 bp merged)	wes/sarek_3.5.1_run/reports/mosdepth/OV2295_P61/OV2295_P61.md.mosdepth.summary.txt	found	mean of per-base depth over the target footprint; mosdepth counts duplicates unless flagged (Sarek default)
OV2295_P61	nf-core/sarek 3.5.1 run angry_allen (session 26cf85bf-0ac3-4237-8f48-c36b2ab20bd2, Slurm 3273686, completed 2025-10-23 23:48:40 EDT)	mosdepth_md_fraction_target_bases_ge_100x	0.20	fraction	target bases	intervals_sorted.bed (242,421 hg38 intervals lifted from SeqCap EZ Exome v3; 63,709,951 bp summed, 63,514,049 bp merged)	wes/sarek_3.5.1_run/reports/mosdepth/OV2295_P61/OV2295_P61.md.mosdepth.region.dist.txt	found	
OV2295_P61	nf-core/sarek 3.5.1 run angry_allen (session 26cf85bf-0ac3-4237-8f48-c36b2ab20bd2, Slurm 3273686, completed 2025-10-23 23:48:40 EDT)	mosdepth_md_fraction_target_bases_ge_50x	0.53	fraction	target bases	intervals_sorted.bed (242,421 hg38 intervals lifted from SeqCap EZ Exome v3; 63,709,951 bp summed, 63,514,049 bp merged)	wes/sarek_3.5.1_run/reports/mosdepth/OV2295_P61/OV2295_P61.md.mosdepth.region.dist.txt	found	
OV2295_P61	nf-core/sarek 3.5.1 run angry_allen (session 26cf85bf-0ac3-4237-8f48-c36b2ab20bd2, Slurm 3273686, completed 2025-10-23 23:48:40 EDT)	mosdepth_md_fraction_target_bases_ge_30x	0.75	fraction	target bases	intervals_sorted.bed (242,421 hg38 intervals lifted from SeqCap EZ Exome v3; 63,709,951 bp summed, 63,514,049 bp merged)	wes/sarek_3.5.1_run/reports/mosdepth/OV2295_P61/OV2295_P61.md.mosdepth.region.dist.txt	found	
OV2295_P61	nf-core/sarek 3.5.1 run angry_allen (session 26cf85bf-0ac3-4237-8f48-c36b2ab20bd2, Slurm 3273686, completed 2025-10-23 23:48:40 EDT)	mosdepth_md_fraction_target_bases_ge_20x	0.86	fraction	target bases	intervals_sorted.bed (242,421 hg38 intervals lifted from SeqCap EZ Exome v3; 63,709,951 bp summed, 63,514,049 bp merged)	wes/sarek_3.5.1_run/reports/mosdepth/OV2295_P61/OV2295_P61.md.mosdepth.region.dist.txt	found	
OV2295_P61	nf-core/sarek 3.5.1 run angry_allen (session 26cf85bf-0ac3-4237-8f48-c36b2ab20bd2, Slurm 3273686, completed 2025-10-23 23:48:40 EDT)	mosdepth_md_fraction_target_bases_ge_10x	0.95	fraction	target bases	intervals_sorted.bed (242,421 hg38 intervals lifted from SeqCap EZ Exome v3; 63,709,951 bp summed, 63,514,049 bp merged)	wes/sarek_3.5.1_run/reports/mosdepth/OV2295_P61/OV2295_P61.md.mosdepth.region.dist.txt	found	
OV2295_P61	nf-core/sarek 3.5.1 run angry_allen (session 26cf85bf-0ac3-4237-8f48-c36b2ab20bd2, Slurm 3273686, completed 2025-10-23 23:48:40 EDT)	mosdepth_md_fraction_target_bases_ge_1x	0.99	fraction	target bases	intervals_sorted.bed (242,421 hg38 intervals lifted from SeqCap EZ Exome v3; 63,709,951 bp summed, 63,514,049 bp merged)	wes/sarek_3.5.1_run/reports/mosdepth/OV2295_P61/OV2295_P61.md.mosdepth.region.dist.txt	found	
OV2295_P61	nf-core/sarek 3.5.1 run angry_allen (session 26cf85bf-0ac3-4237-8f48-c36b2ab20bd2, Slurm 3273686, completed 2025-10-23 23:48:40 EDT)	mosdepth_recal_mean_depth_genome	1.93	x	whole reference (3092843764 bp)		wes/sarek_3.5.1_run/reports/mosdepth/OV2295_P61/OV2295_P61.recal.mosdepth.summary.txt	found	
OV2295_P61	nf-core/sarek 3.5.1 run angry_allen (session 26cf85bf-0ac3-4237-8f48-c36b2ab20bd2, Slurm 3273686, completed 2025-10-23 23:48:40 EDT)	mosdepth_recal_mean_depth_target	74.43	x	target bases (63709444 bp, --by intervals_sorted.bed)	intervals_sorted.bed (242,421 hg38 intervals lifted from SeqCap EZ Exome v3; 63,709,951 bp summed, 63,514,049 bp merged)	wes/sarek_3.5.1_run/reports/mosdepth/OV2295_P61/OV2295_P61.recal.mosdepth.summary.txt	found	mean of per-base depth over the target footprint; mosdepth counts duplicates unless flagged (Sarek default)
OV2295_P61	nf-core/sarek 3.5.1 run angry_allen (session 26cf85bf-0ac3-4237-8f48-c36b2ab20bd2, Slurm 3273686, completed 2025-10-23 23:48:40 EDT)	mosdepth_recal_fraction_target_bases_ge_100x	0.20	fraction	target bases	intervals_sorted.bed (242,421 hg38 intervals lifted from SeqCap EZ Exome v3; 63,709,951 bp summed, 63,514,049 bp merged)	wes/sarek_3.5.1_run/reports/mosdepth/OV2295_P61/OV2295_P61.recal.mosdepth.region.dist.txt	found	
OV2295_P61	nf-core/sarek 3.5.1 run angry_allen (session 26cf85bf-0ac3-4237-8f48-c36b2ab20bd2, Slurm 3273686, completed 2025-10-23 23:48:40 EDT)	mosdepth_recal_fraction_target_bases_ge_50x	0.53	fraction	target bases	intervals_sorted.bed (242,421 hg38 intervals lifted from SeqCap EZ Exome v3; 63,709,951 bp summed, 63,514,049 bp merged)	wes/sarek_3.5.1_run/reports/mosdepth/OV2295_P61/OV2295_P61.recal.mosdepth.region.dist.txt	found	
OV2295_P61	nf-core/sarek 3.5.1 run angry_allen (session 26cf85bf-0ac3-4237-8f48-c36b2ab20bd2, Slurm 3273686, completed 2025-10-23 23:48:40 EDT)	mosdepth_recal_fraction_target_bases_ge_30x	0.75	fraction	target bases	intervals_sorted.bed (242,421 hg38 intervals lifted from SeqCap EZ Exome v3; 63,709,951 bp summed, 63,514,049 bp merged)	wes/sarek_3.5.1_run/reports/mosdepth/OV2295_P61/OV2295_P61.recal.mosdepth.region.dist.txt	found	
OV2295_P61	nf-core/sarek 3.5.1 run angry_allen (session 26cf85bf-0ac3-4237-8f48-c36b2ab20bd2, Slurm 3273686, completed 2025-10-23 23:48:40 EDT)	mosdepth_recal_fraction_target_bases_ge_20x	0.86	fraction	target bases	intervals_sorted.bed (242,421 hg38 intervals lifted from SeqCap EZ Exome v3; 63,709,951 bp summed, 63,514,049 bp merged)	wes/sarek_3.5.1_run/reports/mosdepth/OV2295_P61/OV2295_P61.recal.mosdepth.region.dist.txt	found	
OV2295_P61	nf-core/sarek 3.5.1 run angry_allen (session 26cf85bf-0ac3-4237-8f48-c36b2ab20bd2, Slurm 3273686, completed 2025-10-23 23:48:40 EDT)	mosdepth_recal_fraction_target_bases_ge_10x	0.95	fraction	target bases	intervals_sorted.bed (242,421 hg38 intervals lifted from SeqCap EZ Exome v3; 63,709,951 bp summed, 63,514,049 bp merged)	wes/sarek_3.5.1_run/reports/mosdepth/OV2295_P61/OV2295_P61.recal.mosdepth.region.dist.txt	found	
OV2295_P61	nf-core/sarek 3.5.1 run angry_allen (session 26cf85bf-0ac3-4237-8f48-c36b2ab20bd2, Slurm 3273686, completed 2025-10-23 23:48:40 EDT)	mosdepth_recal_fraction_target_bases_ge_1x	0.99	fraction	target bases	intervals_sorted.bed (242,421 hg38 intervals lifted from SeqCap EZ Exome v3; 63,709,951 bp summed, 63,514,049 bp merged)	wes/sarek_3.5.1_run/reports/mosdepth/OV2295_P61/OV2295_P61.recal.mosdepth.region.dist.txt	found	
OV2295_P61	nf-core/sarek 3.5.1 run angry_allen (session 26cf85bf-0ac3-4237-8f48-c36b2ab20bd2, Slurm 3273686, completed 2025-10-23 23:48:40 EDT)	gatk_calculatecontamination_estimate	0.0037675920478241988	fraction	GetPileupSummaries on af-only-gnomad.hg38 sites within calling intervals; tumour-only		wes/sarek_3.5.1_run/variant_calling/mutect2/OV2295_P61/OV2295_P61.mutect2.contamination.table	found	cross-sample contamination estimate, error=5.505720905382974E-4; not a stock-authentication result
OV2295_P61	nf-core/sarek 3.5.1 run angry_kilby (session 26cf85bf, Slurm 3377445, 2025-10-24, failed at GETPILEUPSUMMARIES TOV3133D_P66)	cnvkit_reads_in_target_bins	52744807	reads	mapped reads in recal BAM (interval-restricted)	cnvkit.reference.target-tmp.bed (242,421 bins)	wes/sarek_3.5.1_run/task_evidence/oct24_CNVKIT_BATCH_OV2295_P61.82_d4b4833ef8e3c2d4e18fb540d9357e/.command.err	found	
OV2295_P61	nf-core/sarek 3.5.1 run angry_kilby (session 26cf85bf, Slurm 3377445, 2025-10-24, failed at GETPILEUPSUMMARIES TOV3133D_P66)	cnvkit_percent_mapped_reads_in_target_bins	62.672	percent	84159771 mapped reads in recal BAM (interval-restricted, so not a genome-wide on-target fraction)	cnvkit.reference.target-tmp.bed (242,421 bins)	wes/sarek_3.5.1_run/task_evidence/oct24_CNVKIT_BATCH_OV2295_P61.82_d4b4833ef8e3c2d4e18fb540d9357e/.command.err	found	Sarek-internal CNVkit batch (flat reference) task log; recal CRAM excludes off-interval reads, so genome-wide on-target fraction must use md CRAM stats
OV2295_P61	manual CNVkit 0.9.10 batch (apptainer image cnvkit-0.9.10--pyhdfd78af_0.img), outputs dated 2025-11-14 to 2025-12-03	cnvkit_target_mean_depth_length_weighted	81.64	x	63514049 bp in 290475 target bins (CNVkit depth column)	intervals_sorted.target.bed (290,475 CNVkit autobin-split target bins, sha256 2177970f...; 63,514,049 bp)	wes/cnvkit_0.9.10_manual/OV2295_P61_new/OV2295_P61.targetcoverage.cnn	found	derived here from the retained coverage file; not a pipeline-reported number
OV2295_P61	manual CNVkit 0.9.10 batch (apptainer image cnvkit-0.9.10--pyhdfd78af_0.img), outputs dated 2025-11-14 to 2025-12-03	cnvkit_target_bins_zero_depth	1695	bins	290475 target bins	intervals_sorted.target.bed (290,475 CNVkit autobin-split target bins, sha256 2177970f...; 63,514,049 bp)	wes/cnvkit_0.9.10_manual/OV2295_P61_new/OV2295_P61.targetcoverage.cnn	found	derived here
OV2295_P61	manual CNVkit 0.9.10 batch (apptainer image cnvkit-0.9.10--pyhdfd78af_0.img), outputs dated 2025-11-14 to 2025-12-03	cnvkit_call_segments	116	segments		intervals_sorted.target.bed (290,475 CNVkit autobin-split target bins, sha256 2177970f...; 63,514,049 bp)	wes/cnvkit_0.9.10_manual/OV2295_P61_new/OV2295_P61.call.cns	found	
OV2295_P61	nf-core/sarek 3.5.1 run angry_allen (session 26cf85bf-0ac3-4237-8f48-c36b2ab20bd2, Slurm 3273686, completed 2025-10-23 23:48:40 EDT)	bcftools_stats_filtered_vcf_number_of_records	25914	records	all records in mutect2.filtered.vcf.gz (PASS and non-PASS)		wes/sarek_3.5.1_run/multiqc/multiqc_data/multiqc_bcftools_stats.txt	found	
OV2295_P61	nf-core/sarek 3.5.1 run angry_allen (session 26cf85bf-0ac3-4237-8f48-c36b2ab20bd2, Slurm 3273686, completed 2025-10-23 23:48:40 EDT)	bcftools_stats_filtered_vcf_number_of_SNPs	16141	records	all records in mutect2.filtered.vcf.gz (PASS and non-PASS)		wes/sarek_3.5.1_run/multiqc/multiqc_data/multiqc_bcftools_stats.txt	found	
OV2295_P61	nf-core/sarek 3.5.1 run angry_allen (session 26cf85bf-0ac3-4237-8f48-c36b2ab20bd2, Slurm 3273686, completed 2025-10-23 23:48:40 EDT)	bcftools_stats_filtered_vcf_number_of_indels	8164	records	all records in mutect2.filtered.vcf.gz (PASS and non-PASS)		wes/sarek_3.5.1_run/multiqc/multiqc_data/multiqc_bcftools_stats.txt	found	
OV2295_P61	nf-core/sarek 3.5.1 run angry_allen (session 26cf85bf-0ac3-4237-8f48-c36b2ab20bd2, Slurm 3273686, completed 2025-10-23 23:48:40 EDT)	bcftools_stats_filtered_vcf_number_of_MNPs	1941	records	all records in mutect2.filtered.vcf.gz (PASS and non-PASS)		wes/sarek_3.5.1_run/multiqc/multiqc_data/multiqc_bcftools_stats.txt	found	
OV2295_P61	nf-core/sarek 3.5.1 run angry_allen (session 26cf85bf-0ac3-4237-8f48-c36b2ab20bd2, Slurm 3273686, completed 2025-10-23 23:48:40 EDT)	bcftools_stats_filtered_vcf_tstv	1.06	ratio	all records in mutect2.filtered.vcf.gz (PASS and non-PASS)		wes/sarek_3.5.1_run/multiqc/multiqc_data/multiqc_bcftools_stats.txt	found	
OV2295_P61	nf-core/sarek 3.5.1 run angry_allen (session 26cf85bf-0ac3-4237-8f48-c36b2ab20bd2, Slurm 3273686, completed 2025-10-23 23:48:40 EDT)	vcftools_filtered_vcf_PASS_records	632	records	records in mutect2.filtered.vcf.gz		wes/sarek_3.5.1_run/reports/vcftools/mutect2/OV2295_P61/OV2295_P61.mutect2.filtered.FILTER.summary	found	
OV2295_R2_P70	nf-core/sarek 3.5.1 run angry_allen (session 26cf85bf-0ac3-4237-8f48-c36b2ab20bd2, Slurm 3273686, completed 2025-10-23 23:48:40 EDT)	fastp_total_reads_before_filtering	130856794	reads (R1+R2)	all reads in provider BAM converted to FASTQ		wes/sarek_3.5.1_run/reports/fastp/OV2295_R2_P70/OV2295_R2_P70-5.fastp.json	found	
OV2295_R2_P70	nf-core/sarek 3.5.1 run angry_allen (session 26cf85bf-0ac3-4237-8f48-c36b2ab20bd2, Slurm 3273686, completed 2025-10-23 23:48:40 EDT)	fastp_total_reads_after_filtering	129124494	reads (R1+R2)	reads passing fastp --length_required 15 (adapter trimming disabled)		wes/sarek_3.5.1_run/reports/fastp/OV2295_R2_P70/OV2295_R2_P70-5.fastp.json	found	
OV2295_R2_P70	nf-core/sarek 3.5.1 run angry_allen (session 26cf85bf-0ac3-4237-8f48-c36b2ab20bd2, Slurm 3273686, completed 2025-10-23 23:48:40 EDT)	fastp_q30_rate_after_filtering	0.9246	fraction of bases	bases after filtering		wes/sarek_3.5.1_run/reports/fastp/OV2295_R2_P70/OV2295_R2_P70-5.fastp.json	found	
OV2295_R2_P70	nf-core/sarek 3.5.1 run angry_allen (session 26cf85bf-0ac3-4237-8f48-c36b2ab20bd2, Slurm 3273686, completed 2025-10-23 23:48:40 EDT)	fastp_gc_content_after_filtering	0.4365	fraction	bases after filtering		wes/sarek_3.5.1_run/reports/fastp/OV2295_R2_P70/OV2295_R2_P70-5.fastp.json	found	
OV2295_R2_P70	nf-core/sarek 3.5.1 run angry_allen (session 26cf85bf-0ac3-4237-8f48-c36b2ab20bd2, Slurm 3273686, completed 2025-10-23 23:48:40 EDT)	fastp_duplication_rate	0.1538	fraction of reads	fastp sequence-level estimate before alignment		wes/sarek_3.5.1_run/reports/fastp/OV2295_R2_P70/OV2295_R2_P70-5.fastp.json	found	
OV2295_R2_P70	nf-core/sarek 3.5.1 run angry_allen (session 26cf85bf-0ac3-4237-8f48-c36b2ab20bd2, Slurm 3273686, completed 2025-10-23 23:48:40 EDT)	fastp_insert_size_peak	164	bp	fastp overlap-based estimate		wes/sarek_3.5.1_run/reports/fastp/OV2295_R2_P70/OV2295_R2_P70-5.fastp.json	found	
OV2295_R2_P70	nf-core/sarek 3.5.1 run angry_allen (session 26cf85bf-0ac3-4237-8f48-c36b2ab20bd2, Slurm 3273686, completed 2025-10-23 23:48:40 EDT)	fastp_read_length_mean_R1	100	bp			wes/sarek_3.5.1_run/reports/fastp/OV2295_R2_P70/OV2295_R2_P70-5.fastp.json	found	
OV2295_R2_P70	nf-core/sarek 3.5.1 run angry_allen (session 26cf85bf-0ac3-4237-8f48-c36b2ab20bd2, Slurm 3273686, completed 2025-10-23 23:48:40 EDT)	samtools_stats_md_raw_total_sequences	129124494	reads	all reads, genome-wide (duplicate-marked CRAM)		wes/sarek_3.5.1_run/reports/samtools/OV2295_R2_P70/OV2295_R2_P70.md.cram.stats	found	
OV2295_R2_P70	nf-core/sarek 3.5.1 run angry_allen (session 26cf85bf-0ac3-4237-8f48-c36b2ab20bd2, Slurm 3273686, completed 2025-10-23 23:48:40 EDT)	samtools_stats_md_reads_mapped	129045267	reads	all reads, genome-wide (duplicate-marked CRAM)		wes/sarek_3.5.1_run/reports/samtools/OV2295_R2_P70/OV2295_R2_P70.md.cram.stats	found	
OV2295_R2_P70	nf-core/sarek 3.5.1 run angry_allen (session 26cf85bf-0ac3-4237-8f48-c36b2ab20bd2, Slurm 3273686, completed 2025-10-23 23:48:40 EDT)	samtools_stats_md_reads_mapped_and_paired	129042074	reads	all reads, genome-wide (duplicate-marked CRAM)		wes/sarek_3.5.1_run/reports/samtools/OV2295_R2_P70/OV2295_R2_P70.md.cram.stats	found	
OV2295_R2_P70	nf-core/sarek 3.5.1 run angry_allen (session 26cf85bf-0ac3-4237-8f48-c36b2ab20bd2, Slurm 3273686, completed 2025-10-23 23:48:40 EDT)	samtools_stats_md_reads_properly_paired	127903802	reads	all reads, genome-wide (duplicate-marked CRAM)		wes/sarek_3.5.1_run/reports/samtools/OV2295_R2_P70/OV2295_R2_P70.md.cram.stats	found	
OV2295_R2_P70	nf-core/sarek 3.5.1 run angry_allen (session 26cf85bf-0ac3-4237-8f48-c36b2ab20bd2, Slurm 3273686, completed 2025-10-23 23:48:40 EDT)	samtools_stats_md_reads_duplicated	30628646	reads	all reads, genome-wide (duplicate-marked CRAM)		wes/sarek_3.5.1_run/reports/samtools/OV2295_R2_P70/OV2295_R2_P70.md.cram.stats	found	
OV2295_R2_P70	nf-core/sarek 3.5.1 run angry_allen (session 26cf85bf-0ac3-4237-8f48-c36b2ab20bd2, Slurm 3273686, completed 2025-10-23 23:48:40 EDT)	samtools_stats_md_reads_MQ0	15896854	reads	all reads, genome-wide (duplicate-marked CRAM)		wes/sarek_3.5.1_run/reports/samtools/OV2295_R2_P70/OV2295_R2_P70.md.cram.stats	found	
OV2295_R2_P70	nf-core/sarek 3.5.1 run angry_allen (session 26cf85bf-0ac3-4237-8f48-c36b2ab20bd2, Slurm 3273686, completed 2025-10-23 23:48:40 EDT)	samtools_stats_md_reads_unmapped	79227	reads	all reads, genome-wide (duplicate-marked CRAM)		wes/sarek_3.5.1_run/reports/samtools/OV2295_R2_P70/OV2295_R2_P70.md.cram.stats	found	
OV2295_R2_P70	nf-core/sarek 3.5.1 run angry_allen (session 26cf85bf-0ac3-4237-8f48-c36b2ab20bd2, Slurm 3273686, completed 2025-10-23 23:48:40 EDT)	samtools_stats_md_error_rate	4.631991e-03	fraction	all reads, genome-wide (duplicate-marked CRAM)		wes/sarek_3.5.1_run/reports/samtools/OV2295_R2_P70/OV2295_R2_P70.md.cram.stats	found	
OV2295_R2_P70	nf-core/sarek 3.5.1 run angry_allen (session 26cf85bf-0ac3-4237-8f48-c36b2ab20bd2, Slurm 3273686, completed 2025-10-23 23:48:40 EDT)	samtools_stats_md_average_length	100	bp	all reads, genome-wide (duplicate-marked CRAM)		wes/sarek_3.5.1_run/reports/samtools/OV2295_R2_P70/OV2295_R2_P70.md.cram.stats	found	
OV2295_R2_P70	nf-core/sarek 3.5.1 run angry_allen (session 26cf85bf-0ac3-4237-8f48-c36b2ab20bd2, Slurm 3273686, completed 2025-10-23 23:48:40 EDT)	samtools_stats_md_insert_size_average	227.4	bp	all reads, genome-wide (duplicate-marked CRAM)		wes/sarek_3.5.1_run/reports/samtools/OV2295_R2_P70/OV2295_R2_P70.md.cram.stats	found	
OV2295_R2_P70	nf-core/sarek 3.5.1 run angry_allen (session 26cf85bf-0ac3-4237-8f48-c36b2ab20bd2, Slurm 3273686, completed 2025-10-23 23:48:40 EDT)	samtools_stats_md_insert_size_standard_deviation	88.9	bp	all reads, genome-wide (duplicate-marked CRAM)		wes/sarek_3.5.1_run/reports/samtools/OV2295_R2_P70/OV2295_R2_P70.md.cram.stats	found	
OV2295_R2_P70	nf-core/sarek 3.5.1 run angry_allen (session 26cf85bf-0ac3-4237-8f48-c36b2ab20bd2, Slurm 3273686, completed 2025-10-23 23:48:40 EDT)	samtools_stats_md_percentage_of_properly_paired_reads_pct	99.1	percent	all reads, genome-wide (duplicate-marked CRAM)		wes/sarek_3.5.1_run/reports/samtools/OV2295_R2_P70/OV2295_R2_P70.md.cram.stats	found	
OV2295_R2_P70	nf-core/sarek 3.5.1 run angry_allen (session 26cf85bf-0ac3-4237-8f48-c36b2ab20bd2, Slurm 3273686, completed 2025-10-23 23:48:40 EDT)	samtools_stats_md_bases_mapped_cigar	12911507726	bp	all reads, genome-wide (duplicate-marked CRAM)		wes/sarek_3.5.1_run/reports/samtools/OV2295_R2_P70/OV2295_R2_P70.md.cram.stats	found	
OV2295_R2_P70	nf-core/sarek 3.5.1 run angry_allen (session 26cf85bf-0ac3-4237-8f48-c36b2ab20bd2, Slurm 3273686, completed 2025-10-23 23:48:40 EDT)	samtools_stats_md_average_quality	38.2	reads	all reads, genome-wide (duplicate-marked CRAM)		wes/sarek_3.5.1_run/reports/samtools/OV2295_R2_P70/OV2295_R2_P70.md.cram.stats	found	
OV2295_R2_P70	nf-core/sarek 3.5.1 run angry_allen (session 26cf85bf-0ac3-4237-8f48-c36b2ab20bd2, Slurm 3273686, completed 2025-10-23 23:48:40 EDT)	samtools_stats_recal_raw_total_sequences	96219942	reads	reads retained after per-interval ApplyBQSR (interval-restricted CRAM used for calling)		wes/sarek_3.5.1_run/reports/samtools/OV2295_R2_P70/OV2295_R2_P70.recal.cram.stats	found	
OV2295_R2_P70	nf-core/sarek 3.5.1 run angry_allen (session 26cf85bf-0ac3-4237-8f48-c36b2ab20bd2, Slurm 3273686, completed 2025-10-23 23:48:40 EDT)	samtools_stats_recal_reads_mapped	96218608	reads	reads retained after per-interval ApplyBQSR (interval-restricted CRAM used for calling)		wes/sarek_3.5.1_run/reports/samtools/OV2295_R2_P70/OV2295_R2_P70.recal.cram.stats	found	
OV2295_R2_P70	nf-core/sarek 3.5.1 run angry_allen (session 26cf85bf-0ac3-4237-8f48-c36b2ab20bd2, Slurm 3273686, completed 2025-10-23 23:48:40 EDT)	samtools_stats_recal_reads_mapped_and_paired	96216844	reads	reads retained after per-interval ApplyBQSR (interval-restricted CRAM used for calling)		wes/sarek_3.5.1_run/reports/samtools/OV2295_R2_P70/OV2295_R2_P70.recal.cram.stats	found	
OV2295_R2_P70	nf-core/sarek 3.5.1 run angry_allen (session 26cf85bf-0ac3-4237-8f48-c36b2ab20bd2, Slurm 3273686, completed 2025-10-23 23:48:40 EDT)	samtools_stats_recal_reads_properly_paired	95768747	reads	reads retained after per-interval ApplyBQSR (interval-restricted CRAM used for calling)		wes/sarek_3.5.1_run/reports/samtools/OV2295_R2_P70/OV2295_R2_P70.recal.cram.stats	found	
OV2295_R2_P70	nf-core/sarek 3.5.1 run angry_allen (session 26cf85bf-0ac3-4237-8f48-c36b2ab20bd2, Slurm 3273686, completed 2025-10-23 23:48:40 EDT)	samtools_stats_recal_reads_duplicated	23333478	reads	reads retained after per-interval ApplyBQSR (interval-restricted CRAM used for calling)		wes/sarek_3.5.1_run/reports/samtools/OV2295_R2_P70/OV2295_R2_P70.recal.cram.stats	found	
OV2295_R2_P70	nf-core/sarek 3.5.1 run angry_allen (session 26cf85bf-0ac3-4237-8f48-c36b2ab20bd2, Slurm 3273686, completed 2025-10-23 23:48:40 EDT)	samtools_stats_recal_reads_MQ0	10438726	reads	reads retained after per-interval ApplyBQSR (interval-restricted CRAM used for calling)		wes/sarek_3.5.1_run/reports/samtools/OV2295_R2_P70/OV2295_R2_P70.recal.cram.stats	found	
OV2295_R2_P70	nf-core/sarek 3.5.1 run angry_allen (session 26cf85bf-0ac3-4237-8f48-c36b2ab20bd2, Slurm 3273686, completed 2025-10-23 23:48:40 EDT)	samtools_stats_recal_reads_unmapped	1334	reads	reads retained after per-interval ApplyBQSR (interval-restricted CRAM used for calling)		wes/sarek_3.5.1_run/reports/samtools/OV2295_R2_P70/OV2295_R2_P70.recal.cram.stats	found	
OV2295_R2_P70	nf-core/sarek 3.5.1 run angry_allen (session 26cf85bf-0ac3-4237-8f48-c36b2ab20bd2, Slurm 3273686, completed 2025-10-23 23:48:40 EDT)	samtools_stats_recal_error_rate	4.139284e-03	fraction	reads retained after per-interval ApplyBQSR (interval-restricted CRAM used for calling)		wes/sarek_3.5.1_run/reports/samtools/OV2295_R2_P70/OV2295_R2_P70.recal.cram.stats	found	
OV2295_R2_P70	nf-core/sarek 3.5.1 run angry_allen (session 26cf85bf-0ac3-4237-8f48-c36b2ab20bd2, Slurm 3273686, completed 2025-10-23 23:48:40 EDT)	samtools_stats_recal_average_length	100	bp	reads retained after per-interval ApplyBQSR (interval-restricted CRAM used for calling)		wes/sarek_3.5.1_run/reports/samtools/OV2295_R2_P70/OV2295_R2_P70.recal.cram.stats	found	
OV2295_R2_P70	nf-core/sarek 3.5.1 run angry_allen (session 26cf85bf-0ac3-4237-8f48-c36b2ab20bd2, Slurm 3273686, completed 2025-10-23 23:48:40 EDT)	samtools_stats_recal_insert_size_average	215.5	bp	reads retained after per-interval ApplyBQSR (interval-restricted CRAM used for calling)		wes/sarek_3.5.1_run/reports/samtools/OV2295_R2_P70/OV2295_R2_P70.recal.cram.stats	found	
OV2295_R2_P70	nf-core/sarek 3.5.1 run angry_allen (session 26cf85bf-0ac3-4237-8f48-c36b2ab20bd2, Slurm 3273686, completed 2025-10-23 23:48:40 EDT)	samtools_stats_recal_insert_size_standard_deviation	80.2	bp	reads retained after per-interval ApplyBQSR (interval-restricted CRAM used for calling)		wes/sarek_3.5.1_run/reports/samtools/OV2295_R2_P70/OV2295_R2_P70.recal.cram.stats	found	
OV2295_R2_P70	nf-core/sarek 3.5.1 run angry_allen (session 26cf85bf-0ac3-4237-8f48-c36b2ab20bd2, Slurm 3273686, completed 2025-10-23 23:48:40 EDT)	samtools_stats_recal_percentage_of_properly_paired_reads_pct	99.5	percent	reads retained after per-interval ApplyBQSR (interval-restricted CRAM used for calling)		wes/sarek_3.5.1_run/reports/samtools/OV2295_R2_P70/OV2295_R2_P70.recal.cram.stats	found	
OV2295_R2_P70	nf-core/sarek 3.5.1 run angry_allen (session 26cf85bf-0ac3-4237-8f48-c36b2ab20bd2, Slurm 3273686, completed 2025-10-23 23:48:40 EDT)	samtools_stats_recal_bases_mapped_cigar	9603231562	bp	reads retained after per-interval ApplyBQSR (interval-restricted CRAM used for calling)		wes/sarek_3.5.1_run/reports/samtools/OV2295_R2_P70/OV2295_R2_P70.recal.cram.stats	found	
OV2295_R2_P70	nf-core/sarek 3.5.1 run angry_allen (session 26cf85bf-0ac3-4237-8f48-c36b2ab20bd2, Slurm 3273686, completed 2025-10-23 23:48:40 EDT)	samtools_stats_recal_average_quality	33.8	reads	reads retained after per-interval ApplyBQSR (interval-restricted CRAM used for calling)		wes/sarek_3.5.1_run/reports/samtools/OV2295_R2_P70/OV2295_R2_P70.recal.cram.stats	found	
OV2295_R2_P70	nf-core/sarek 3.5.1 run angry_allen (session 26cf85bf-0ac3-4237-8f48-c36b2ab20bd2, Slurm 3273686, completed 2025-10-23 23:48:40 EDT)	mosdepth_md_mean_depth_genome	2.76	x	whole reference (3212451347 bp)		wes/sarek_3.5.1_run/reports/mosdepth/OV2295_R2_P70/OV2295_R2_P70.md.mosdepth.summary.txt	found	
OV2295_R2_P70	nf-core/sarek 3.5.1 run angry_allen (session 26cf85bf-0ac3-4237-8f48-c36b2ab20bd2, Slurm 3273686, completed 2025-10-23 23:48:40 EDT)	mosdepth_md_mean_depth_target	81.22	x	target bases (63709951 bp, --by intervals_sorted.bed)	intervals_sorted.bed (242,421 hg38 intervals lifted from SeqCap EZ Exome v3; 63,709,951 bp summed, 63,514,049 bp merged)	wes/sarek_3.5.1_run/reports/mosdepth/OV2295_R2_P70/OV2295_R2_P70.md.mosdepth.summary.txt	found	mean of per-base depth over the target footprint; mosdepth counts duplicates unless flagged (Sarek default)
OV2295_R2_P70	nf-core/sarek 3.5.1 run angry_allen (session 26cf85bf-0ac3-4237-8f48-c36b2ab20bd2, Slurm 3273686, completed 2025-10-23 23:48:40 EDT)	mosdepth_md_fraction_target_bases_ge_100x	0.23	fraction	target bases	intervals_sorted.bed (242,421 hg38 intervals lifted from SeqCap EZ Exome v3; 63,709,951 bp summed, 63,514,049 bp merged)	wes/sarek_3.5.1_run/reports/mosdepth/OV2295_R2_P70/OV2295_R2_P70.md.mosdepth.region.dist.txt	found	
OV2295_R2_P70	nf-core/sarek 3.5.1 run angry_allen (session 26cf85bf-0ac3-4237-8f48-c36b2ab20bd2, Slurm 3273686, completed 2025-10-23 23:48:40 EDT)	mosdepth_md_fraction_target_bases_ge_50x	0.57	fraction	target bases	intervals_sorted.bed (242,421 hg38 intervals lifted from SeqCap EZ Exome v3; 63,709,951 bp summed, 63,514,049 bp merged)	wes/sarek_3.5.1_run/reports/mosdepth/OV2295_R2_P70/OV2295_R2_P70.md.mosdepth.region.dist.txt	found	
OV2295_R2_P70	nf-core/sarek 3.5.1 run angry_allen (session 26cf85bf-0ac3-4237-8f48-c36b2ab20bd2, Slurm 3273686, completed 2025-10-23 23:48:40 EDT)	mosdepth_md_fraction_target_bases_ge_30x	0.77	fraction	target bases	intervals_sorted.bed (242,421 hg38 intervals lifted from SeqCap EZ Exome v3; 63,709,951 bp summed, 63,514,049 bp merged)	wes/sarek_3.5.1_run/reports/mosdepth/OV2295_R2_P70/OV2295_R2_P70.md.mosdepth.region.dist.txt	found	
OV2295_R2_P70	nf-core/sarek 3.5.1 run angry_allen (session 26cf85bf-0ac3-4237-8f48-c36b2ab20bd2, Slurm 3273686, completed 2025-10-23 23:48:40 EDT)	mosdepth_md_fraction_target_bases_ge_20x	0.87	fraction	target bases	intervals_sorted.bed (242,421 hg38 intervals lifted from SeqCap EZ Exome v3; 63,709,951 bp summed, 63,514,049 bp merged)	wes/sarek_3.5.1_run/reports/mosdepth/OV2295_R2_P70/OV2295_R2_P70.md.mosdepth.region.dist.txt	found	
OV2295_R2_P70	nf-core/sarek 3.5.1 run angry_allen (session 26cf85bf-0ac3-4237-8f48-c36b2ab20bd2, Slurm 3273686, completed 2025-10-23 23:48:40 EDT)	mosdepth_md_fraction_target_bases_ge_10x	0.95	fraction	target bases	intervals_sorted.bed (242,421 hg38 intervals lifted from SeqCap EZ Exome v3; 63,709,951 bp summed, 63,514,049 bp merged)	wes/sarek_3.5.1_run/reports/mosdepth/OV2295_R2_P70/OV2295_R2_P70.md.mosdepth.region.dist.txt	found	
OV2295_R2_P70	nf-core/sarek 3.5.1 run angry_allen (session 26cf85bf-0ac3-4237-8f48-c36b2ab20bd2, Slurm 3273686, completed 2025-10-23 23:48:40 EDT)	mosdepth_md_fraction_target_bases_ge_1x	0.99	fraction	target bases	intervals_sorted.bed (242,421 hg38 intervals lifted from SeqCap EZ Exome v3; 63,709,951 bp summed, 63,514,049 bp merged)	wes/sarek_3.5.1_run/reports/mosdepth/OV2295_R2_P70/OV2295_R2_P70.md.mosdepth.region.dist.txt	found	
OV2295_R2_P70	nf-core/sarek 3.5.1 run angry_allen (session 26cf85bf-0ac3-4237-8f48-c36b2ab20bd2, Slurm 3273686, completed 2025-10-23 23:48:40 EDT)	mosdepth_recal_mean_depth_genome	2.10	x	whole reference (3092843764 bp)		wes/sarek_3.5.1_run/reports/mosdepth/OV2295_R2_P70/OV2295_R2_P70.recal.mosdepth.summary.txt	found	
OV2295_R2_P70	nf-core/sarek 3.5.1 run angry_allen (session 26cf85bf-0ac3-4237-8f48-c36b2ab20bd2, Slurm 3273686, completed 2025-10-23 23:48:40 EDT)	mosdepth_recal_mean_depth_target	81.23	x	target bases (63709444 bp, --by intervals_sorted.bed)	intervals_sorted.bed (242,421 hg38 intervals lifted from SeqCap EZ Exome v3; 63,709,951 bp summed, 63,514,049 bp merged)	wes/sarek_3.5.1_run/reports/mosdepth/OV2295_R2_P70/OV2295_R2_P70.recal.mosdepth.summary.txt	found	mean of per-base depth over the target footprint; mosdepth counts duplicates unless flagged (Sarek default)
OV2295_R2_P70	nf-core/sarek 3.5.1 run angry_allen (session 26cf85bf-0ac3-4237-8f48-c36b2ab20bd2, Slurm 3273686, completed 2025-10-23 23:48:40 EDT)	mosdepth_recal_fraction_target_bases_ge_100x	0.23	fraction	target bases	intervals_sorted.bed (242,421 hg38 intervals lifted from SeqCap EZ Exome v3; 63,709,951 bp summed, 63,514,049 bp merged)	wes/sarek_3.5.1_run/reports/mosdepth/OV2295_R2_P70/OV2295_R2_P70.recal.mosdepth.region.dist.txt	found	
OV2295_R2_P70	nf-core/sarek 3.5.1 run angry_allen (session 26cf85bf-0ac3-4237-8f48-c36b2ab20bd2, Slurm 3273686, completed 2025-10-23 23:48:40 EDT)	mosdepth_recal_fraction_target_bases_ge_50x	0.57	fraction	target bases	intervals_sorted.bed (242,421 hg38 intervals lifted from SeqCap EZ Exome v3; 63,709,951 bp summed, 63,514,049 bp merged)	wes/sarek_3.5.1_run/reports/mosdepth/OV2295_R2_P70/OV2295_R2_P70.recal.mosdepth.region.dist.txt	found	
OV2295_R2_P70	nf-core/sarek 3.5.1 run angry_allen (session 26cf85bf-0ac3-4237-8f48-c36b2ab20bd2, Slurm 3273686, completed 2025-10-23 23:48:40 EDT)	mosdepth_recal_fraction_target_bases_ge_30x	0.77	fraction	target bases	intervals_sorted.bed (242,421 hg38 intervals lifted from SeqCap EZ Exome v3; 63,709,951 bp summed, 63,514,049 bp merged)	wes/sarek_3.5.1_run/reports/mosdepth/OV2295_R2_P70/OV2295_R2_P70.recal.mosdepth.region.dist.txt	found	
OV2295_R2_P70	nf-core/sarek 3.5.1 run angry_allen (session 26cf85bf-0ac3-4237-8f48-c36b2ab20bd2, Slurm 3273686, completed 2025-10-23 23:48:40 EDT)	mosdepth_recal_fraction_target_bases_ge_20x	0.87	fraction	target bases	intervals_sorted.bed (242,421 hg38 intervals lifted from SeqCap EZ Exome v3; 63,709,951 bp summed, 63,514,049 bp merged)	wes/sarek_3.5.1_run/reports/mosdepth/OV2295_R2_P70/OV2295_R2_P70.recal.mosdepth.region.dist.txt	found	
OV2295_R2_P70	nf-core/sarek 3.5.1 run angry_allen (session 26cf85bf-0ac3-4237-8f48-c36b2ab20bd2, Slurm 3273686, completed 2025-10-23 23:48:40 EDT)	mosdepth_recal_fraction_target_bases_ge_10x	0.95	fraction	target bases	intervals_sorted.bed (242,421 hg38 intervals lifted from SeqCap EZ Exome v3; 63,709,951 bp summed, 63,514,049 bp merged)	wes/sarek_3.5.1_run/reports/mosdepth/OV2295_R2_P70/OV2295_R2_P70.recal.mosdepth.region.dist.txt	found	
OV2295_R2_P70	nf-core/sarek 3.5.1 run angry_allen (session 26cf85bf-0ac3-4237-8f48-c36b2ab20bd2, Slurm 3273686, completed 2025-10-23 23:48:40 EDT)	mosdepth_recal_fraction_target_bases_ge_1x	0.99	fraction	target bases	intervals_sorted.bed (242,421 hg38 intervals lifted from SeqCap EZ Exome v3; 63,709,951 bp summed, 63,514,049 bp merged)	wes/sarek_3.5.1_run/reports/mosdepth/OV2295_R2_P70/OV2295_R2_P70.recal.mosdepth.region.dist.txt	found	
OV2295_R2_P70	nf-core/sarek 3.5.1 run angry_allen (session 26cf85bf-0ac3-4237-8f48-c36b2ab20bd2, Slurm 3273686, completed 2025-10-23 23:48:40 EDT)	gatk_calculatecontamination_estimate	0.0045907653999520725	fraction	GetPileupSummaries on af-only-gnomad.hg38 sites within calling intervals; tumour-only		wes/sarek_3.5.1_run/variant_calling/mutect2/OV2295_R2_P70/OV2295_R2_P70.mutect2.contamination.table	found	cross-sample contamination estimate, error=8.709792830901564E-4; not a stock-authentication result
OV2295_R2_P70	nf-core/sarek 3.5.1 run angry_kilby (session 26cf85bf, Slurm 3377445, 2025-10-24, failed at GETPILEUPSUMMARIES TOV3133D_P66)	cnvkit_reads_in_target_bins	58780277	reads	mapped reads in recal BAM (interval-restricted)	cnvkit.reference.target-tmp.bed (242,421 bins)	wes/sarek_3.5.1_run/task_evidence/oct24_CNVKIT_BATCH_OV2295_R2_P70.2a_25a0a6a1570955ea5a4fb75b685db4/.command.err	found	
OV2295_R2_P70	nf-core/sarek 3.5.1 run angry_kilby (session 26cf85bf, Slurm 3377445, 2025-10-24, failed at GETPILEUPSUMMARIES TOV3133D_P66)	cnvkit_percent_mapped_reads_in_target_bins	61.050	percent	96281960 mapped reads in recal BAM (interval-restricted, so not a genome-wide on-target fraction)	cnvkit.reference.target-tmp.bed (242,421 bins)	wes/sarek_3.5.1_run/task_evidence/oct24_CNVKIT_BATCH_OV2295_R2_P70.2a_25a0a6a1570955ea5a4fb75b685db4/.command.err	found	Sarek-internal CNVkit batch (flat reference) task log; recal CRAM excludes off-interval reads, so genome-wide on-target fraction must use md CRAM stats
OV2295_R2_P70	manual CNVkit 0.9.10 batch (apptainer image cnvkit-0.9.10--pyhdfd78af_0.img), outputs dated 2025-11-14 to 2025-12-03	cnvkit_target_mean_depth_length_weighted	91.01	x	63514049 bp in 290475 target bins (CNVkit depth column)	intervals_sorted.target.bed (290,475 CNVkit autobin-split target bins, sha256 2177970f...; 63,514,049 bp)	wes/cnvkit_0.9.10_manual/OV2295_R2_P70_new/OV2295_R2_P70.targetcoverage.cnn	found	derived here from the retained coverage file; not a pipeline-reported number
OV2295_R2_P70	manual CNVkit 0.9.10 batch (apptainer image cnvkit-0.9.10--pyhdfd78af_0.img), outputs dated 2025-11-14 to 2025-12-03	cnvkit_target_bins_zero_depth	1525	bins	290475 target bins	intervals_sorted.target.bed (290,475 CNVkit autobin-split target bins, sha256 2177970f...; 63,514,049 bp)	wes/cnvkit_0.9.10_manual/OV2295_R2_P70_new/OV2295_R2_P70.targetcoverage.cnn	found	derived here
OV2295_R2_P70	manual CNVkit 0.9.10 batch (apptainer image cnvkit-0.9.10--pyhdfd78af_0.img), outputs dated 2025-11-14 to 2025-12-03	cnvkit_call_segments	121	segments		intervals_sorted.target.bed (290,475 CNVkit autobin-split target bins, sha256 2177970f...; 63,514,049 bp)	wes/cnvkit_0.9.10_manual/OV2295_R2_P70_new/OV2295_R2_P70.call.cns	found	
OV2295_R2_P70	nf-core/sarek 3.5.1 run angry_allen (session 26cf85bf-0ac3-4237-8f48-c36b2ab20bd2, Slurm 3273686, completed 2025-10-23 23:48:40 EDT)	bcftools_stats_filtered_vcf_number_of_records	25038	records	all records in mutect2.filtered.vcf.gz (PASS and non-PASS)		wes/sarek_3.5.1_run/multiqc/multiqc_data/multiqc_bcftools_stats.txt	found	
OV2295_R2_P70	nf-core/sarek 3.5.1 run angry_allen (session 26cf85bf-0ac3-4237-8f48-c36b2ab20bd2, Slurm 3273686, completed 2025-10-23 23:48:40 EDT)	bcftools_stats_filtered_vcf_number_of_SNPs	15830	records	all records in mutect2.filtered.vcf.gz (PASS and non-PASS)		wes/sarek_3.5.1_run/multiqc/multiqc_data/multiqc_bcftools_stats.txt	found	
OV2295_R2_P70	nf-core/sarek 3.5.1 run angry_allen (session 26cf85bf-0ac3-4237-8f48-c36b2ab20bd2, Slurm 3273686, completed 2025-10-23 23:48:40 EDT)	bcftools_stats_filtered_vcf_number_of_indels	8024	records	all records in mutect2.filtered.vcf.gz (PASS and non-PASS)		wes/sarek_3.5.1_run/multiqc/multiqc_data/multiqc_bcftools_stats.txt	found	
OV2295_R2_P70	nf-core/sarek 3.5.1 run angry_allen (session 26cf85bf-0ac3-4237-8f48-c36b2ab20bd2, Slurm 3273686, completed 2025-10-23 23:48:40 EDT)	bcftools_stats_filtered_vcf_number_of_MNPs	1533	records	all records in mutect2.filtered.vcf.gz (PASS and non-PASS)		wes/sarek_3.5.1_run/multiqc/multiqc_data/multiqc_bcftools_stats.txt	found	
OV2295_R2_P70	nf-core/sarek 3.5.1 run angry_allen (session 26cf85bf-0ac3-4237-8f48-c36b2ab20bd2, Slurm 3273686, completed 2025-10-23 23:48:40 EDT)	bcftools_stats_filtered_vcf_tstv	1.06	ratio	all records in mutect2.filtered.vcf.gz (PASS and non-PASS)		wes/sarek_3.5.1_run/multiqc/multiqc_data/multiqc_bcftools_stats.txt	found	
OV2295_R2_P70	nf-core/sarek 3.5.1 run angry_allen (session 26cf85bf-0ac3-4237-8f48-c36b2ab20bd2, Slurm 3273686, completed 2025-10-23 23:48:40 EDT)	vcftools_filtered_vcf_PASS_records	834	records	records in mutect2.filtered.vcf.gz		wes/sarek_3.5.1_run/reports/vcftools/mutect2/OV2295_R2_P70/OV2295_R2_P70.mutect2.filtered.FILTER.summary	found	
OV3133_R2_P58	nf-core/sarek 3.5.1 run angry_allen (session 26cf85bf-0ac3-4237-8f48-c36b2ab20bd2, Slurm 3273686, completed 2025-10-23 23:48:40 EDT)	fastp_total_reads_before_filtering	138652042	reads (R1+R2)	all reads in provider BAM converted to FASTQ		wes/sarek_3.5.1_run/reports/fastp/OV3133_R2_P58/OV3133_R2_P58-6.fastp.json	found	
OV3133_R2_P58	nf-core/sarek 3.5.1 run angry_allen (session 26cf85bf-0ac3-4237-8f48-c36b2ab20bd2, Slurm 3273686, completed 2025-10-23 23:48:40 EDT)	fastp_total_reads_after_filtering	136781554	reads (R1+R2)	reads passing fastp --length_required 15 (adapter trimming disabled)		wes/sarek_3.5.1_run/reports/fastp/OV3133_R2_P58/OV3133_R2_P58-6.fastp.json	found	
OV3133_R2_P58	nf-core/sarek 3.5.1 run angry_allen (session 26cf85bf-0ac3-4237-8f48-c36b2ab20bd2, Slurm 3273686, completed 2025-10-23 23:48:40 EDT)	fastp_q30_rate_after_filtering	0.9192	fraction of bases	bases after filtering		wes/sarek_3.5.1_run/reports/fastp/OV3133_R2_P58/OV3133_R2_P58-6.fastp.json	found	
OV3133_R2_P58	nf-core/sarek 3.5.1 run angry_allen (session 26cf85bf-0ac3-4237-8f48-c36b2ab20bd2, Slurm 3273686, completed 2025-10-23 23:48:40 EDT)	fastp_gc_content_after_filtering	0.4309	fraction	bases after filtering		wes/sarek_3.5.1_run/reports/fastp/OV3133_R2_P58/OV3133_R2_P58-6.fastp.json	found	
OV3133_R2_P58	nf-core/sarek 3.5.1 run angry_allen (session 26cf85bf-0ac3-4237-8f48-c36b2ab20bd2, Slurm 3273686, completed 2025-10-23 23:48:40 EDT)	fastp_duplication_rate	0.1312	fraction of reads	fastp sequence-level estimate before alignment		wes/sarek_3.5.1_run/reports/fastp/OV3133_R2_P58/OV3133_R2_P58-6.fastp.json	found	
OV3133_R2_P58	nf-core/sarek 3.5.1 run angry_allen (session 26cf85bf-0ac3-4237-8f48-c36b2ab20bd2, Slurm 3273686, completed 2025-10-23 23:48:40 EDT)	fastp_insert_size_peak	168	bp	fastp overlap-based estimate		wes/sarek_3.5.1_run/reports/fastp/OV3133_R2_P58/OV3133_R2_P58-6.fastp.json	found	
OV3133_R2_P58	nf-core/sarek 3.5.1 run angry_allen (session 26cf85bf-0ac3-4237-8f48-c36b2ab20bd2, Slurm 3273686, completed 2025-10-23 23:48:40 EDT)	fastp_read_length_mean_R1	100	bp			wes/sarek_3.5.1_run/reports/fastp/OV3133_R2_P58/OV3133_R2_P58-6.fastp.json	found	
OV3133_R2_P58	nf-core/sarek 3.5.1 run angry_allen (session 26cf85bf-0ac3-4237-8f48-c36b2ab20bd2, Slurm 3273686, completed 2025-10-23 23:48:40 EDT)	samtools_stats_md_raw_total_sequences	136781554	reads	all reads, genome-wide (duplicate-marked CRAM)		wes/sarek_3.5.1_run/reports/samtools/OV3133_R2_P58/OV3133_R2_P58.md.cram.stats	found	
OV3133_R2_P58	nf-core/sarek 3.5.1 run angry_allen (session 26cf85bf-0ac3-4237-8f48-c36b2ab20bd2, Slurm 3273686, completed 2025-10-23 23:48:40 EDT)	samtools_stats_md_reads_mapped	136759731	reads	all reads, genome-wide (duplicate-marked CRAM)		wes/sarek_3.5.1_run/reports/samtools/OV3133_R2_P58/OV3133_R2_P58.md.cram.stats	found	
OV3133_R2_P58	nf-core/sarek 3.5.1 run angry_allen (session 26cf85bf-0ac3-4237-8f48-c36b2ab20bd2, Slurm 3273686, completed 2025-10-23 23:48:40 EDT)	samtools_stats_md_reads_mapped_and_paired	136756564	reads	all reads, genome-wide (duplicate-marked CRAM)		wes/sarek_3.5.1_run/reports/samtools/OV3133_R2_P58/OV3133_R2_P58.md.cram.stats	found	
OV3133_R2_P58	nf-core/sarek 3.5.1 run angry_allen (session 26cf85bf-0ac3-4237-8f48-c36b2ab20bd2, Slurm 3273686, completed 2025-10-23 23:48:40 EDT)	samtools_stats_md_reads_properly_paired	135578352	reads	all reads, genome-wide (duplicate-marked CRAM)		wes/sarek_3.5.1_run/reports/samtools/OV3133_R2_P58/OV3133_R2_P58.md.cram.stats	found	
OV3133_R2_P58	nf-core/sarek 3.5.1 run angry_allen (session 26cf85bf-0ac3-4237-8f48-c36b2ab20bd2, Slurm 3273686, completed 2025-10-23 23:48:40 EDT)	samtools_stats_md_reads_duplicated	28126373	reads	all reads, genome-wide (duplicate-marked CRAM)		wes/sarek_3.5.1_run/reports/samtools/OV3133_R2_P58/OV3133_R2_P58.md.cram.stats	found	
OV3133_R2_P58	nf-core/sarek 3.5.1 run angry_allen (session 26cf85bf-0ac3-4237-8f48-c36b2ab20bd2, Slurm 3273686, completed 2025-10-23 23:48:40 EDT)	samtools_stats_md_reads_MQ0	17664293	reads	all reads, genome-wide (duplicate-marked CRAM)		wes/sarek_3.5.1_run/reports/samtools/OV3133_R2_P58/OV3133_R2_P58.md.cram.stats	found	
OV3133_R2_P58	nf-core/sarek 3.5.1 run angry_allen (session 26cf85bf-0ac3-4237-8f48-c36b2ab20bd2, Slurm 3273686, completed 2025-10-23 23:48:40 EDT)	samtools_stats_md_reads_unmapped	21823	reads	all reads, genome-wide (duplicate-marked CRAM)		wes/sarek_3.5.1_run/reports/samtools/OV3133_R2_P58/OV3133_R2_P58.md.cram.stats	found	
OV3133_R2_P58	nf-core/sarek 3.5.1 run angry_allen (session 26cf85bf-0ac3-4237-8f48-c36b2ab20bd2, Slurm 3273686, completed 2025-10-23 23:48:40 EDT)	samtools_stats_md_error_rate	4.791699e-03	fraction	all reads, genome-wide (duplicate-marked CRAM)		wes/sarek_3.5.1_run/reports/samtools/OV3133_R2_P58/OV3133_R2_P58.md.cram.stats	found	
OV3133_R2_P58	nf-core/sarek 3.5.1 run angry_allen (session 26cf85bf-0ac3-4237-8f48-c36b2ab20bd2, Slurm 3273686, completed 2025-10-23 23:48:40 EDT)	samtools_stats_md_average_length	100	bp	all reads, genome-wide (duplicate-marked CRAM)		wes/sarek_3.5.1_run/reports/samtools/OV3133_R2_P58/OV3133_R2_P58.md.cram.stats	found	
OV3133_R2_P58	nf-core/sarek 3.5.1 run angry_allen (session 26cf85bf-0ac3-4237-8f48-c36b2ab20bd2, Slurm 3273686, completed 2025-10-23 23:48:40 EDT)	samtools_stats_md_insert_size_average	230.2	bp	all reads, genome-wide (duplicate-marked CRAM)		wes/sarek_3.5.1_run/reports/samtools/OV3133_R2_P58/OV3133_R2_P58.md.cram.stats	found	
OV3133_R2_P58	nf-core/sarek 3.5.1 run angry_allen (session 26cf85bf-0ac3-4237-8f48-c36b2ab20bd2, Slurm 3273686, completed 2025-10-23 23:48:40 EDT)	samtools_stats_md_insert_size_standard_deviation	89.3	bp	all reads, genome-wide (duplicate-marked CRAM)		wes/sarek_3.5.1_run/reports/samtools/OV3133_R2_P58/OV3133_R2_P58.md.cram.stats	found	
OV3133_R2_P58	nf-core/sarek 3.5.1 run angry_allen (session 26cf85bf-0ac3-4237-8f48-c36b2ab20bd2, Slurm 3273686, completed 2025-10-23 23:48:40 EDT)	samtools_stats_md_percentage_of_properly_paired_reads_pct	99.1	percent	all reads, genome-wide (duplicate-marked CRAM)		wes/sarek_3.5.1_run/reports/samtools/OV3133_R2_P58/OV3133_R2_P58.md.cram.stats	found	
OV3133_R2_P58	nf-core/sarek 3.5.1 run angry_allen (session 26cf85bf-0ac3-4237-8f48-c36b2ab20bd2, Slurm 3273686, completed 2025-10-23 23:48:40 EDT)	samtools_stats_md_bases_mapped_cigar	13672494430	bp	all reads, genome-wide (duplicate-marked CRAM)		wes/sarek_3.5.1_run/reports/samtools/OV3133_R2_P58/OV3133_R2_P58.md.cram.stats	found	
OV3133_R2_P58	nf-core/sarek 3.5.1 run angry_allen (session 26cf85bf-0ac3-4237-8f48-c36b2ab20bd2, Slurm 3273686, completed 2025-10-23 23:48:40 EDT)	samtools_stats_md_average_quality	38.1	reads	all reads, genome-wide (duplicate-marked CRAM)		wes/sarek_3.5.1_run/reports/samtools/OV3133_R2_P58/OV3133_R2_P58.md.cram.stats	found	
OV3133_R2_P58	nf-core/sarek 3.5.1 run angry_allen (session 26cf85bf-0ac3-4237-8f48-c36b2ab20bd2, Slurm 3273686, completed 2025-10-23 23:48:40 EDT)	samtools_stats_recal_raw_total_sequences	100500654	reads	reads retained after per-interval ApplyBQSR (interval-restricted CRAM used for calling)		wes/sarek_3.5.1_run/reports/samtools/OV3133_R2_P58/OV3133_R2_P58.recal.cram.stats	found	
OV3133_R2_P58	nf-core/sarek 3.5.1 run angry_allen (session 26cf85bf-0ac3-4237-8f48-c36b2ab20bd2, Slurm 3273686, completed 2025-10-23 23:48:40 EDT)	samtools_stats_recal_reads_mapped	100499281	reads	reads retained after per-interval ApplyBQSR (interval-restricted CRAM used for calling)		wes/sarek_3.5.1_run/reports/samtools/OV3133_R2_P58/OV3133_R2_P58.recal.cram.stats	found	
OV3133_R2_P58	nf-core/sarek 3.5.1 run angry_allen (session 26cf85bf-0ac3-4237-8f48-c36b2ab20bd2, Slurm 3273686, completed 2025-10-23 23:48:40 EDT)	samtools_stats_recal_reads_mapped_and_paired	100497452	reads	reads retained after per-interval ApplyBQSR (interval-restricted CRAM used for calling)		wes/sarek_3.5.1_run/reports/samtools/OV3133_R2_P58/OV3133_R2_P58.recal.cram.stats	found	
OV3133_R2_P58	nf-core/sarek 3.5.1 run angry_allen (session 26cf85bf-0ac3-4237-8f48-c36b2ab20bd2, Slurm 3273686, completed 2025-10-23 23:48:40 EDT)	samtools_stats_recal_reads_properly_paired	100039223	reads	reads retained after per-interval ApplyBQSR (interval-restricted CRAM used for calling)		wes/sarek_3.5.1_run/reports/samtools/OV3133_R2_P58/OV3133_R2_P58.recal.cram.stats	found	
OV3133_R2_P58	nf-core/sarek 3.5.1 run angry_allen (session 26cf85bf-0ac3-4237-8f48-c36b2ab20bd2, Slurm 3273686, completed 2025-10-23 23:48:40 EDT)	samtools_stats_recal_reads_duplicated	21150814	reads	reads retained after per-interval ApplyBQSR (interval-restricted CRAM used for calling)		wes/sarek_3.5.1_run/reports/samtools/OV3133_R2_P58/OV3133_R2_P58.recal.cram.stats	found	
OV3133_R2_P58	nf-core/sarek 3.5.1 run angry_allen (session 26cf85bf-0ac3-4237-8f48-c36b2ab20bd2, Slurm 3273686, completed 2025-10-23 23:48:40 EDT)	samtools_stats_recal_reads_MQ0	11281345	reads	reads retained after per-interval ApplyBQSR (interval-restricted CRAM used for calling)		wes/sarek_3.5.1_run/reports/samtools/OV3133_R2_P58/OV3133_R2_P58.recal.cram.stats	found	
OV3133_R2_P58	nf-core/sarek 3.5.1 run angry_allen (session 26cf85bf-0ac3-4237-8f48-c36b2ab20bd2, Slurm 3273686, completed 2025-10-23 23:48:40 EDT)	samtools_stats_recal_reads_unmapped	1373	reads	reads retained after per-interval ApplyBQSR (interval-restricted CRAM used for calling)		wes/sarek_3.5.1_run/reports/samtools/OV3133_R2_P58/OV3133_R2_P58.recal.cram.stats	found	
OV3133_R2_P58	nf-core/sarek 3.5.1 run angry_allen (session 26cf85bf-0ac3-4237-8f48-c36b2ab20bd2, Slurm 3273686, completed 2025-10-23 23:48:40 EDT)	samtools_stats_recal_error_rate	4.305707e-03	fraction	reads retained after per-interval ApplyBQSR (interval-restricted CRAM used for calling)		wes/sarek_3.5.1_run/reports/samtools/OV3133_R2_P58/OV3133_R2_P58.recal.cram.stats	found	
OV3133_R2_P58	nf-core/sarek 3.5.1 run angry_allen (session 26cf85bf-0ac3-4237-8f48-c36b2ab20bd2, Slurm 3273686, completed 2025-10-23 23:48:40 EDT)	samtools_stats_recal_average_length	100	bp	reads retained after per-interval ApplyBQSR (interval-restricted CRAM used for calling)		wes/sarek_3.5.1_run/reports/samtools/OV3133_R2_P58/OV3133_R2_P58.recal.cram.stats	found	
OV3133_R2_P58	nf-core/sarek 3.5.1 run angry_allen (session 26cf85bf-0ac3-4237-8f48-c36b2ab20bd2, Slurm 3273686, completed 2025-10-23 23:48:40 EDT)	samtools_stats_recal_insert_size_average	218.2	bp	reads retained after per-interval ApplyBQSR (interval-restricted CRAM used for calling)		wes/sarek_3.5.1_run/reports/samtools/OV3133_R2_P58/OV3133_R2_P58.recal.cram.stats	found	
OV3133_R2_P58	nf-core/sarek 3.5.1 run angry_allen (session 26cf85bf-0ac3-4237-8f48-c36b2ab20bd2, Slurm 3273686, completed 2025-10-23 23:48:40 EDT)	samtools_stats_recal_insert_size_standard_deviation	80.9	bp	reads retained after per-interval ApplyBQSR (interval-restricted CRAM used for calling)		wes/sarek_3.5.1_run/reports/samtools/OV3133_R2_P58/OV3133_R2_P58.recal.cram.stats	found	
OV3133_R2_P58	nf-core/sarek 3.5.1 run angry_allen (session 26cf85bf-0ac3-4237-8f48-c36b2ab20bd2, Slurm 3273686, completed 2025-10-23 23:48:40 EDT)	samtools_stats_recal_percentage_of_properly_paired_reads_pct	99.5	percent	reads retained after per-interval ApplyBQSR (interval-restricted CRAM used for calling)		wes/sarek_3.5.1_run/reports/samtools/OV3133_R2_P58/OV3133_R2_P58.recal.cram.stats	found	
OV3133_R2_P58	nf-core/sarek 3.5.1 run angry_allen (session 26cf85bf-0ac3-4237-8f48-c36b2ab20bd2, Slurm 3273686, completed 2025-10-23 23:48:40 EDT)	samtools_stats_recal_bases_mapped_cigar	10029480608	bp	reads retained after per-interval ApplyBQSR (interval-restricted CRAM used for calling)		wes/sarek_3.5.1_run/reports/samtools/OV3133_R2_P58/OV3133_R2_P58.recal.cram.stats	found	
OV3133_R2_P58	nf-core/sarek 3.5.1 run angry_allen (session 26cf85bf-0ac3-4237-8f48-c36b2ab20bd2, Slurm 3273686, completed 2025-10-23 23:48:40 EDT)	samtools_stats_recal_average_quality	33.6	reads	reads retained after per-interval ApplyBQSR (interval-restricted CRAM used for calling)		wes/sarek_3.5.1_run/reports/samtools/OV3133_R2_P58/OV3133_R2_P58.recal.cram.stats	found	
OV3133_R2_P58	nf-core/sarek 3.5.1 run angry_allen (session 26cf85bf-0ac3-4237-8f48-c36b2ab20bd2, Slurm 3273686, completed 2025-10-23 23:48:40 EDT)	mosdepth_md_mean_depth_genome	3.06	x	whole reference (3213951070 bp)		wes/sarek_3.5.1_run/reports/mosdepth/OV3133_R2_P58/OV3133_R2_P58.md.mosdepth.summary.txt	found	
OV3133_R2_P58	nf-core/sarek 3.5.1 run angry_allen (session 26cf85bf-0ac3-4237-8f48-c36b2ab20bd2, Slurm 3273686, completed 2025-10-23 23:48:40 EDT)	mosdepth_md_mean_depth_target	88.75	x	target bases (63709951 bp, --by intervals_sorted.bed)	intervals_sorted.bed (242,421 hg38 intervals lifted from SeqCap EZ Exome v3; 63,709,951 bp summed, 63,514,049 bp merged)	wes/sarek_3.5.1_run/reports/mosdepth/OV3133_R2_P58/OV3133_R2_P58.md.mosdepth.summary.txt	found	mean of per-base depth over the target footprint; mosdepth counts duplicates unless flagged (Sarek default)
OV3133_R2_P58	nf-core/sarek 3.5.1 run angry_allen (session 26cf85bf-0ac3-4237-8f48-c36b2ab20bd2, Slurm 3273686, completed 2025-10-23 23:48:40 EDT)	mosdepth_md_fraction_target_bases_ge_100x	0.27	fraction	target bases	intervals_sorted.bed (242,421 hg38 intervals lifted from SeqCap EZ Exome v3; 63,709,951 bp summed, 63,514,049 bp merged)	wes/sarek_3.5.1_run/reports/mosdepth/OV3133_R2_P58/OV3133_R2_P58.md.mosdepth.region.dist.txt	found	
OV3133_R2_P58	nf-core/sarek 3.5.1 run angry_allen (session 26cf85bf-0ac3-4237-8f48-c36b2ab20bd2, Slurm 3273686, completed 2025-10-23 23:48:40 EDT)	mosdepth_md_fraction_target_bases_ge_50x	0.58	fraction	target bases	intervals_sorted.bed (242,421 hg38 intervals lifted from SeqCap EZ Exome v3; 63,709,951 bp summed, 63,514,049 bp merged)	wes/sarek_3.5.1_run/reports/mosdepth/OV3133_R2_P58/OV3133_R2_P58.md.mosdepth.region.dist.txt	found	
OV3133_R2_P58	nf-core/sarek 3.5.1 run angry_allen (session 26cf85bf-0ac3-4237-8f48-c36b2ab20bd2, Slurm 3273686, completed 2025-10-23 23:48:40 EDT)	mosdepth_md_fraction_target_bases_ge_30x	0.78	fraction	target bases	intervals_sorted.bed (242,421 hg38 intervals lifted from SeqCap EZ Exome v3; 63,709,951 bp summed, 63,514,049 bp merged)	wes/sarek_3.5.1_run/reports/mosdepth/OV3133_R2_P58/OV3133_R2_P58.md.mosdepth.region.dist.txt	found	
OV3133_R2_P58	nf-core/sarek 3.5.1 run angry_allen (session 26cf85bf-0ac3-4237-8f48-c36b2ab20bd2, Slurm 3273686, completed 2025-10-23 23:48:40 EDT)	mosdepth_md_fraction_target_bases_ge_20x	0.88	fraction	target bases	intervals_sorted.bed (242,421 hg38 intervals lifted from SeqCap EZ Exome v3; 63,709,951 bp summed, 63,514,049 bp merged)	wes/sarek_3.5.1_run/reports/mosdepth/OV3133_R2_P58/OV3133_R2_P58.md.mosdepth.region.dist.txt	found	
OV3133_R2_P58	nf-core/sarek 3.5.1 run angry_allen (session 26cf85bf-0ac3-4237-8f48-c36b2ab20bd2, Slurm 3273686, completed 2025-10-23 23:48:40 EDT)	mosdepth_md_fraction_target_bases_ge_10x	0.95	fraction	target bases	intervals_sorted.bed (242,421 hg38 intervals lifted from SeqCap EZ Exome v3; 63,709,951 bp summed, 63,514,049 bp merged)	wes/sarek_3.5.1_run/reports/mosdepth/OV3133_R2_P58/OV3133_R2_P58.md.mosdepth.region.dist.txt	found	
OV3133_R2_P58	nf-core/sarek 3.5.1 run angry_allen (session 26cf85bf-0ac3-4237-8f48-c36b2ab20bd2, Slurm 3273686, completed 2025-10-23 23:48:40 EDT)	mosdepth_md_fraction_target_bases_ge_1x	0.99	fraction	target bases	intervals_sorted.bed (242,421 hg38 intervals lifted from SeqCap EZ Exome v3; 63,709,951 bp summed, 63,514,049 bp merged)	wes/sarek_3.5.1_run/reports/mosdepth/OV3133_R2_P58/OV3133_R2_P58.md.mosdepth.region.dist.txt	found	
OV3133_R2_P58	nf-core/sarek 3.5.1 run angry_allen (session 26cf85bf-0ac3-4237-8f48-c36b2ab20bd2, Slurm 3273686, completed 2025-10-23 23:48:40 EDT)	mosdepth_recal_mean_depth_genome	2.29	x	whole reference (3092843764 bp)		wes/sarek_3.5.1_run/reports/mosdepth/OV3133_R2_P58/OV3133_R2_P58.recal.mosdepth.summary.txt	found	
OV3133_R2_P58	nf-core/sarek 3.5.1 run angry_allen (session 26cf85bf-0ac3-4237-8f48-c36b2ab20bd2, Slurm 3273686, completed 2025-10-23 23:48:40 EDT)	mosdepth_recal_mean_depth_target	88.75	x	target bases (63709444 bp, --by intervals_sorted.bed)	intervals_sorted.bed (242,421 hg38 intervals lifted from SeqCap EZ Exome v3; 63,709,951 bp summed, 63,514,049 bp merged)	wes/sarek_3.5.1_run/reports/mosdepth/OV3133_R2_P58/OV3133_R2_P58.recal.mosdepth.summary.txt	found	mean of per-base depth over the target footprint; mosdepth counts duplicates unless flagged (Sarek default)
OV3133_R2_P58	nf-core/sarek 3.5.1 run angry_allen (session 26cf85bf-0ac3-4237-8f48-c36b2ab20bd2, Slurm 3273686, completed 2025-10-23 23:48:40 EDT)	mosdepth_recal_fraction_target_bases_ge_100x	0.27	fraction	target bases	intervals_sorted.bed (242,421 hg38 intervals lifted from SeqCap EZ Exome v3; 63,709,951 bp summed, 63,514,049 bp merged)	wes/sarek_3.5.1_run/reports/mosdepth/OV3133_R2_P58/OV3133_R2_P58.recal.mosdepth.region.dist.txt	found	
OV3133_R2_P58	nf-core/sarek 3.5.1 run angry_allen (session 26cf85bf-0ac3-4237-8f48-c36b2ab20bd2, Slurm 3273686, completed 2025-10-23 23:48:40 EDT)	mosdepth_recal_fraction_target_bases_ge_50x	0.58	fraction	target bases	intervals_sorted.bed (242,421 hg38 intervals lifted from SeqCap EZ Exome v3; 63,709,951 bp summed, 63,514,049 bp merged)	wes/sarek_3.5.1_run/reports/mosdepth/OV3133_R2_P58/OV3133_R2_P58.recal.mosdepth.region.dist.txt	found	
OV3133_R2_P58	nf-core/sarek 3.5.1 run angry_allen (session 26cf85bf-0ac3-4237-8f48-c36b2ab20bd2, Slurm 3273686, completed 2025-10-23 23:48:40 EDT)	mosdepth_recal_fraction_target_bases_ge_30x	0.78	fraction	target bases	intervals_sorted.bed (242,421 hg38 intervals lifted from SeqCap EZ Exome v3; 63,709,951 bp summed, 63,514,049 bp merged)	wes/sarek_3.5.1_run/reports/mosdepth/OV3133_R2_P58/OV3133_R2_P58.recal.mosdepth.region.dist.txt	found	
OV3133_R2_P58	nf-core/sarek 3.5.1 run angry_allen (session 26cf85bf-0ac3-4237-8f48-c36b2ab20bd2, Slurm 3273686, completed 2025-10-23 23:48:40 EDT)	mosdepth_recal_fraction_target_bases_ge_20x	0.88	fraction	target bases	intervals_sorted.bed (242,421 hg38 intervals lifted from SeqCap EZ Exome v3; 63,709,951 bp summed, 63,514,049 bp merged)	wes/sarek_3.5.1_run/reports/mosdepth/OV3133_R2_P58/OV3133_R2_P58.recal.mosdepth.region.dist.txt	found	
OV3133_R2_P58	nf-core/sarek 3.5.1 run angry_allen (session 26cf85bf-0ac3-4237-8f48-c36b2ab20bd2, Slurm 3273686, completed 2025-10-23 23:48:40 EDT)	mosdepth_recal_fraction_target_bases_ge_10x	0.95	fraction	target bases	intervals_sorted.bed (242,421 hg38 intervals lifted from SeqCap EZ Exome v3; 63,709,951 bp summed, 63,514,049 bp merged)	wes/sarek_3.5.1_run/reports/mosdepth/OV3133_R2_P58/OV3133_R2_P58.recal.mosdepth.region.dist.txt	found	
OV3133_R2_P58	nf-core/sarek 3.5.1 run angry_allen (session 26cf85bf-0ac3-4237-8f48-c36b2ab20bd2, Slurm 3273686, completed 2025-10-23 23:48:40 EDT)	mosdepth_recal_fraction_target_bases_ge_1x	0.99	fraction	target bases	intervals_sorted.bed (242,421 hg38 intervals lifted from SeqCap EZ Exome v3; 63,709,951 bp summed, 63,514,049 bp merged)	wes/sarek_3.5.1_run/reports/mosdepth/OV3133_R2_P58/OV3133_R2_P58.recal.mosdepth.region.dist.txt	found	
OV3133_R2_P58	nf-core/sarek 3.5.1 run angry_allen (session 26cf85bf-0ac3-4237-8f48-c36b2ab20bd2, Slurm 3273686, completed 2025-10-23 23:48:40 EDT)	gatk_calculatecontamination_estimate	0.0013868997151307986	fraction	GetPileupSummaries on af-only-gnomad.hg38 sites within calling intervals; tumour-only		wes/sarek_3.5.1_run/variant_calling/mutect2/OV3133_R2_P58/OV3133_R2_P58.mutect2.contamination.table	found	cross-sample contamination estimate, error=7.052164085015738E-4; not a stock-authentication result
OV3133_R2_P58	nf-core/sarek 3.5.1 run angry_kilby (session 26cf85bf, Slurm 3377445, 2025-10-24, failed at GETPILEUPSUMMARIES TOV3133D_P66)	cnvkit_reads_in_target_bins	63880480	reads	mapped reads in recal BAM (interval-restricted)	cnvkit.reference.target-tmp.bed (242,421 bins)	wes/sarek_3.5.1_run/task_evidence/oct24_CNVKIT_BATCH_OV3133_R2_P58.5d_8af0742f66349abbb6ec65e3e6b075/.command.err	found	
OV3133_R2_P58	nf-core/sarek 3.5.1 run angry_kilby (session 26cf85bf, Slurm 3377445, 2025-10-24, failed at GETPILEUPSUMMARIES TOV3133D_P66)	cnvkit_percent_mapped_reads_in_target_bins	63.524	percent	100561109 mapped reads in recal BAM (interval-restricted, so not a genome-wide on-target fraction)	cnvkit.reference.target-tmp.bed (242,421 bins)	wes/sarek_3.5.1_run/task_evidence/oct24_CNVKIT_BATCH_OV3133_R2_P58.5d_8af0742f66349abbb6ec65e3e6b075/.command.err	found	Sarek-internal CNVkit batch (flat reference) task log; recal CRAM excludes off-interval reads, so genome-wide on-target fraction must use md CRAM stats
OV3133_R2_P58	manual CNVkit 0.9.10 batch (apptainer image cnvkit-0.9.10--pyhdfd78af_0.img), outputs dated 2025-11-14 to 2025-12-03	cnvkit_target_mean_depth_length_weighted	98.67	x	63514049 bp in 290475 target bins (CNVkit depth column)	intervals_sorted.target.bed (290,475 CNVkit autobin-split target bins, sha256 2177970f...; 63,514,049 bp)	wes/cnvkit_0.9.10_manual/OV3133_R2_P58_new/OV3133_R2_P58.targetcoverage.cnn	found	derived here from the retained coverage file; not a pipeline-reported number
OV3133_R2_P58	manual CNVkit 0.9.10 batch (apptainer image cnvkit-0.9.10--pyhdfd78af_0.img), outputs dated 2025-11-14 to 2025-12-03	cnvkit_target_bins_zero_depth	1491	bins	290475 target bins	intervals_sorted.target.bed (290,475 CNVkit autobin-split target bins, sha256 2177970f...; 63,514,049 bp)	wes/cnvkit_0.9.10_manual/OV3133_R2_P58_new/OV3133_R2_P58.targetcoverage.cnn	found	derived here
OV3133_R2_P58	manual CNVkit 0.9.10 batch (apptainer image cnvkit-0.9.10--pyhdfd78af_0.img), outputs dated 2025-11-14 to 2025-12-03	cnvkit_call_segments	278	segments		intervals_sorted.target.bed (290,475 CNVkit autobin-split target bins, sha256 2177970f...; 63,514,049 bp)	wes/cnvkit_0.9.10_manual/OV3133_R2_P58_new/OV3133_R2_P58.call.cns	found	
OV3133_R2_P58	nf-core/sarek 3.5.1 run angry_allen (session 26cf85bf-0ac3-4237-8f48-c36b2ab20bd2, Slurm 3273686, completed 2025-10-23 23:48:40 EDT)	bcftools_stats_filtered_vcf_number_of_records	27303	records	all records in mutect2.filtered.vcf.gz (PASS and non-PASS)		wes/sarek_3.5.1_run/multiqc/multiqc_data/multiqc_bcftools_stats.txt	found	
OV3133_R2_P58	nf-core/sarek 3.5.1 run angry_allen (session 26cf85bf-0ac3-4237-8f48-c36b2ab20bd2, Slurm 3273686, completed 2025-10-23 23:48:40 EDT)	bcftools_stats_filtered_vcf_number_of_SNPs	16440	records	all records in mutect2.filtered.vcf.gz (PASS and non-PASS)		wes/sarek_3.5.1_run/multiqc/multiqc_data/multiqc_bcftools_stats.txt	found	
OV3133_R2_P58	nf-core/sarek 3.5.1 run angry_allen (session 26cf85bf-0ac3-4237-8f48-c36b2ab20bd2, Slurm 3273686, completed 2025-10-23 23:48:40 EDT)	bcftools_stats_filtered_vcf_number_of_indels	9081	records	all records in mutect2.filtered.vcf.gz (PASS and non-PASS)		wes/sarek_3.5.1_run/multiqc/multiqc_data/multiqc_bcftools_stats.txt	found	
OV3133_R2_P58	nf-core/sarek 3.5.1 run angry_allen (session 26cf85bf-0ac3-4237-8f48-c36b2ab20bd2, Slurm 3273686, completed 2025-10-23 23:48:40 EDT)	bcftools_stats_filtered_vcf_number_of_MNPs	2159	records	all records in mutect2.filtered.vcf.gz (PASS and non-PASS)		wes/sarek_3.5.1_run/multiqc/multiqc_data/multiqc_bcftools_stats.txt	found	
OV3133_R2_P58	nf-core/sarek 3.5.1 run angry_allen (session 26cf85bf-0ac3-4237-8f48-c36b2ab20bd2, Slurm 3273686, completed 2025-10-23 23:48:40 EDT)	bcftools_stats_filtered_vcf_tstv	1.05	ratio	all records in mutect2.filtered.vcf.gz (PASS and non-PASS)		wes/sarek_3.5.1_run/multiqc/multiqc_data/multiqc_bcftools_stats.txt	found	
OV3133_R2_P58	nf-core/sarek 3.5.1 run angry_allen (session 26cf85bf-0ac3-4237-8f48-c36b2ab20bd2, Slurm 3273686, completed 2025-10-23 23:48:40 EDT)	vcftools_filtered_vcf_PASS_records	654	records	records in mutect2.filtered.vcf.gz		wes/sarek_3.5.1_run/reports/vcftools/mutect2/OV3133_R2_P58/OV3133_R2_P58.mutect2.filtered.FILTER.summary	found	
OV3133_R_P71	nf-core/sarek 3.5.1 run angry_allen (session 26cf85bf-0ac3-4237-8f48-c36b2ab20bd2, Slurm 3273686, completed 2025-10-23 23:48:40 EDT)	fastp_total_reads_before_filtering	131674126	reads (R1+R2)	all reads in provider BAM converted to FASTQ		wes/sarek_3.5.1_run/reports/fastp/OV3133_R_P71/OV3133_R_P71-5.fastp.json	found	
OV3133_R_P71	nf-core/sarek 3.5.1 run angry_allen (session 26cf85bf-0ac3-4237-8f48-c36b2ab20bd2, Slurm 3273686, completed 2025-10-23 23:48:40 EDT)	fastp_total_reads_after_filtering	130092362	reads (R1+R2)	reads passing fastp --length_required 15 (adapter trimming disabled)		wes/sarek_3.5.1_run/reports/fastp/OV3133_R_P71/OV3133_R_P71-5.fastp.json	found	
OV3133_R_P71	nf-core/sarek 3.5.1 run angry_allen (session 26cf85bf-0ac3-4237-8f48-c36b2ab20bd2, Slurm 3273686, completed 2025-10-23 23:48:40 EDT)	fastp_q30_rate_after_filtering	0.9211	fraction of bases	bases after filtering		wes/sarek_3.5.1_run/reports/fastp/OV3133_R_P71/OV3133_R_P71-5.fastp.json	found	
OV3133_R_P71	nf-core/sarek 3.5.1 run angry_allen (session 26cf85bf-0ac3-4237-8f48-c36b2ab20bd2, Slurm 3273686, completed 2025-10-23 23:48:40 EDT)	fastp_gc_content_after_filtering	0.4426	fraction	bases after filtering		wes/sarek_3.5.1_run/reports/fastp/OV3133_R_P71/OV3133_R_P71-5.fastp.json	found	
OV3133_R_P71	nf-core/sarek 3.5.1 run angry_allen (session 26cf85bf-0ac3-4237-8f48-c36b2ab20bd2, Slurm 3273686, completed 2025-10-23 23:48:40 EDT)	fastp_duplication_rate	0.1541	fraction of reads	fastp sequence-level estimate before alignment		wes/sarek_3.5.1_run/reports/fastp/OV3133_R_P71/OV3133_R_P71-5.fastp.json	found	
OV3133_R_P71	nf-core/sarek 3.5.1 run angry_allen (session 26cf85bf-0ac3-4237-8f48-c36b2ab20bd2, Slurm 3273686, completed 2025-10-23 23:48:40 EDT)	fastp_insert_size_peak	168	bp	fastp overlap-based estimate		wes/sarek_3.5.1_run/reports/fastp/OV3133_R_P71/OV3133_R_P71-5.fastp.json	found	
OV3133_R_P71	nf-core/sarek 3.5.1 run angry_allen (session 26cf85bf-0ac3-4237-8f48-c36b2ab20bd2, Slurm 3273686, completed 2025-10-23 23:48:40 EDT)	fastp_read_length_mean_R1	100	bp			wes/sarek_3.5.1_run/reports/fastp/OV3133_R_P71/OV3133_R_P71-5.fastp.json	found	
OV3133_R_P71	nf-core/sarek 3.5.1 run angry_allen (session 26cf85bf-0ac3-4237-8f48-c36b2ab20bd2, Slurm 3273686, completed 2025-10-23 23:48:40 EDT)	samtools_stats_md_raw_total_sequences	130092362	reads	all reads, genome-wide (duplicate-marked CRAM)		wes/sarek_3.5.1_run/reports/samtools/OV3133_R_P71/OV3133_R_P71.md.cram.stats	found	
OV3133_R_P71	nf-core/sarek 3.5.1 run angry_allen (session 26cf85bf-0ac3-4237-8f48-c36b2ab20bd2, Slurm 3273686, completed 2025-10-23 23:48:40 EDT)	samtools_stats_md_reads_mapped	130058016	reads	all reads, genome-wide (duplicate-marked CRAM)		wes/sarek_3.5.1_run/reports/samtools/OV3133_R_P71/OV3133_R_P71.md.cram.stats	found	
OV3133_R_P71	nf-core/sarek 3.5.1 run angry_allen (session 26cf85bf-0ac3-4237-8f48-c36b2ab20bd2, Slurm 3273686, completed 2025-10-23 23:48:40 EDT)	samtools_stats_md_reads_mapped_and_paired	130055222	reads	all reads, genome-wide (duplicate-marked CRAM)		wes/sarek_3.5.1_run/reports/samtools/OV3133_R_P71/OV3133_R_P71.md.cram.stats	found	
OV3133_R_P71	nf-core/sarek 3.5.1 run angry_allen (session 26cf85bf-0ac3-4237-8f48-c36b2ab20bd2, Slurm 3273686, completed 2025-10-23 23:48:40 EDT)	samtools_stats_md_reads_properly_paired	128979420	reads	all reads, genome-wide (duplicate-marked CRAM)		wes/sarek_3.5.1_run/reports/samtools/OV3133_R_P71/OV3133_R_P71.md.cram.stats	found	
OV3133_R_P71	nf-core/sarek 3.5.1 run angry_allen (session 26cf85bf-0ac3-4237-8f48-c36b2ab20bd2, Slurm 3273686, completed 2025-10-23 23:48:40 EDT)	samtools_stats_md_reads_duplicated	31212239	reads	all reads, genome-wide (duplicate-marked CRAM)		wes/sarek_3.5.1_run/reports/samtools/OV3133_R_P71/OV3133_R_P71.md.cram.stats	found	
OV3133_R_P71	nf-core/sarek 3.5.1 run angry_allen (session 26cf85bf-0ac3-4237-8f48-c36b2ab20bd2, Slurm 3273686, completed 2025-10-23 23:48:40 EDT)	samtools_stats_md_reads_MQ0	16762521	reads	all reads, genome-wide (duplicate-marked CRAM)		wes/sarek_3.5.1_run/reports/samtools/OV3133_R_P71/OV3133_R_P71.md.cram.stats	found	
OV3133_R_P71	nf-core/sarek 3.5.1 run angry_allen (session 26cf85bf-0ac3-4237-8f48-c36b2ab20bd2, Slurm 3273686, completed 2025-10-23 23:48:40 EDT)	samtools_stats_md_reads_unmapped	34346	reads	all reads, genome-wide (duplicate-marked CRAM)		wes/sarek_3.5.1_run/reports/samtools/OV3133_R_P71/OV3133_R_P71.md.cram.stats	found	
OV3133_R_P71	nf-core/sarek 3.5.1 run angry_allen (session 26cf85bf-0ac3-4237-8f48-c36b2ab20bd2, Slurm 3273686, completed 2025-10-23 23:48:40 EDT)	samtools_stats_md_error_rate	4.545108e-03	fraction	all reads, genome-wide (duplicate-marked CRAM)		wes/sarek_3.5.1_run/reports/samtools/OV3133_R_P71/OV3133_R_P71.md.cram.stats	found	
OV3133_R_P71	nf-core/sarek 3.5.1 run angry_allen (session 26cf85bf-0ac3-4237-8f48-c36b2ab20bd2, Slurm 3273686, completed 2025-10-23 23:48:40 EDT)	samtools_stats_md_average_length	100	bp	all reads, genome-wide (duplicate-marked CRAM)		wes/sarek_3.5.1_run/reports/samtools/OV3133_R_P71/OV3133_R_P71.md.cram.stats	found	
OV3133_R_P71	nf-core/sarek 3.5.1 run angry_allen (session 26cf85bf-0ac3-4237-8f48-c36b2ab20bd2, Slurm 3273686, completed 2025-10-23 23:48:40 EDT)	samtools_stats_md_insert_size_average	224.9	bp	all reads, genome-wide (duplicate-marked CRAM)		wes/sarek_3.5.1_run/reports/samtools/OV3133_R_P71/OV3133_R_P71.md.cram.stats	found	
OV3133_R_P71	nf-core/sarek 3.5.1 run angry_allen (session 26cf85bf-0ac3-4237-8f48-c36b2ab20bd2, Slurm 3273686, completed 2025-10-23 23:48:40 EDT)	samtools_stats_md_insert_size_standard_deviation	82.2	bp	all reads, genome-wide (duplicate-marked CRAM)		wes/sarek_3.5.1_run/reports/samtools/OV3133_R_P71/OV3133_R_P71.md.cram.stats	found	
OV3133_R_P71	nf-core/sarek 3.5.1 run angry_allen (session 26cf85bf-0ac3-4237-8f48-c36b2ab20bd2, Slurm 3273686, completed 2025-10-23 23:48:40 EDT)	samtools_stats_md_percentage_of_properly_paired_reads_pct	99.1	percent	all reads, genome-wide (duplicate-marked CRAM)		wes/sarek_3.5.1_run/reports/samtools/OV3133_R_P71/OV3133_R_P71.md.cram.stats	found	
OV3133_R_P71	nf-core/sarek 3.5.1 run angry_allen (session 26cf85bf-0ac3-4237-8f48-c36b2ab20bd2, Slurm 3273686, completed 2025-10-23 23:48:40 EDT)	samtools_stats_md_bases_mapped_cigar	13005749941	bp	all reads, genome-wide (duplicate-marked CRAM)		wes/sarek_3.5.1_run/reports/samtools/OV3133_R_P71/OV3133_R_P71.md.cram.stats	found	
OV3133_R_P71	nf-core/sarek 3.5.1 run angry_allen (session 26cf85bf-0ac3-4237-8f48-c36b2ab20bd2, Slurm 3273686, completed 2025-10-23 23:48:40 EDT)	samtools_stats_md_average_quality	38.1	reads	all reads, genome-wide (duplicate-marked CRAM)		wes/sarek_3.5.1_run/reports/samtools/OV3133_R_P71/OV3133_R_P71.md.cram.stats	found	
OV3133_R_P71	nf-core/sarek 3.5.1 run angry_allen (session 26cf85bf-0ac3-4237-8f48-c36b2ab20bd2, Slurm 3273686, completed 2025-10-23 23:48:40 EDT)	samtools_stats_recal_raw_total_sequences	97326285	reads	reads retained after per-interval ApplyBQSR (interval-restricted CRAM used for calling)		wes/sarek_3.5.1_run/reports/samtools/OV3133_R_P71/OV3133_R_P71.recal.cram.stats	found	
OV3133_R_P71	nf-core/sarek 3.5.1 run angry_allen (session 26cf85bf-0ac3-4237-8f48-c36b2ab20bd2, Slurm 3273686, completed 2025-10-23 23:48:40 EDT)	samtools_stats_recal_reads_mapped	97325055	reads	reads retained after per-interval ApplyBQSR (interval-restricted CRAM used for calling)		wes/sarek_3.5.1_run/reports/samtools/OV3133_R_P71/OV3133_R_P71.recal.cram.stats	found	
OV3133_R_P71	nf-core/sarek 3.5.1 run angry_allen (session 26cf85bf-0ac3-4237-8f48-c36b2ab20bd2, Slurm 3273686, completed 2025-10-23 23:48:40 EDT)	samtools_stats_recal_reads_mapped_and_paired	97323427	reads	reads retained after per-interval ApplyBQSR (interval-restricted CRAM used for calling)		wes/sarek_3.5.1_run/reports/samtools/OV3133_R_P71/OV3133_R_P71.recal.cram.stats	found	
OV3133_R_P71	nf-core/sarek 3.5.1 run angry_allen (session 26cf85bf-0ac3-4237-8f48-c36b2ab20bd2, Slurm 3273686, completed 2025-10-23 23:48:40 EDT)	samtools_stats_recal_reads_properly_paired	96890430	reads	reads retained after per-interval ApplyBQSR (interval-restricted CRAM used for calling)		wes/sarek_3.5.1_run/reports/samtools/OV3133_R_P71/OV3133_R_P71.recal.cram.stats	found	
OV3133_R_P71	nf-core/sarek 3.5.1 run angry_allen (session 26cf85bf-0ac3-4237-8f48-c36b2ab20bd2, Slurm 3273686, completed 2025-10-23 23:48:40 EDT)	samtools_stats_recal_reads_duplicated	23845738	reads	reads retained after per-interval ApplyBQSR (interval-restricted CRAM used for calling)		wes/sarek_3.5.1_run/reports/samtools/OV3133_R_P71/OV3133_R_P71.recal.cram.stats	found	
OV3133_R_P71	nf-core/sarek 3.5.1 run angry_allen (session 26cf85bf-0ac3-4237-8f48-c36b2ab20bd2, Slurm 3273686, completed 2025-10-23 23:48:40 EDT)	samtools_stats_recal_reads_MQ0	10839068	reads	reads retained after per-interval ApplyBQSR (interval-restricted CRAM used for calling)		wes/sarek_3.5.1_run/reports/samtools/OV3133_R_P71/OV3133_R_P71.recal.cram.stats	found	
OV3133_R_P71	nf-core/sarek 3.5.1 run angry_allen (session 26cf85bf-0ac3-4237-8f48-c36b2ab20bd2, Slurm 3273686, completed 2025-10-23 23:48:40 EDT)	samtools_stats_recal_reads_unmapped	1230	reads	reads retained after per-interval ApplyBQSR (interval-restricted CRAM used for calling)		wes/sarek_3.5.1_run/reports/samtools/OV3133_R_P71/OV3133_R_P71.recal.cram.stats	found	
OV3133_R_P71	nf-core/sarek 3.5.1 run angry_allen (session 26cf85bf-0ac3-4237-8f48-c36b2ab20bd2, Slurm 3273686, completed 2025-10-23 23:48:40 EDT)	samtools_stats_recal_error_rate	4.086330e-03	fraction	reads retained after per-interval ApplyBQSR (interval-restricted CRAM used for calling)		wes/sarek_3.5.1_run/reports/samtools/OV3133_R_P71/OV3133_R_P71.recal.cram.stats	found	
OV3133_R_P71	nf-core/sarek 3.5.1 run angry_allen (session 26cf85bf-0ac3-4237-8f48-c36b2ab20bd2, Slurm 3273686, completed 2025-10-23 23:48:40 EDT)	samtools_stats_recal_average_length	100	bp	reads retained after per-interval ApplyBQSR (interval-restricted CRAM used for calling)		wes/sarek_3.5.1_run/reports/samtools/OV3133_R_P71/OV3133_R_P71.recal.cram.stats	found	
OV3133_R_P71	nf-core/sarek 3.5.1 run angry_allen (session 26cf85bf-0ac3-4237-8f48-c36b2ab20bd2, Slurm 3273686, completed 2025-10-23 23:48:40 EDT)	samtools_stats_recal_insert_size_average	214.7	bp	reads retained after per-interval ApplyBQSR (interval-restricted CRAM used for calling)		wes/sarek_3.5.1_run/reports/samtools/OV3133_R_P71/OV3133_R_P71.recal.cram.stats	found	
OV3133_R_P71	nf-core/sarek 3.5.1 run angry_allen (session 26cf85bf-0ac3-4237-8f48-c36b2ab20bd2, Slurm 3273686, completed 2025-10-23 23:48:40 EDT)	samtools_stats_recal_insert_size_standard_deviation	75.1	bp	reads retained after per-interval ApplyBQSR (interval-restricted CRAM used for calling)		wes/sarek_3.5.1_run/reports/samtools/OV3133_R_P71/OV3133_R_P71.recal.cram.stats	found	
OV3133_R_P71	nf-core/sarek 3.5.1 run angry_allen (session 26cf85bf-0ac3-4237-8f48-c36b2ab20bd2, Slurm 3273686, completed 2025-10-23 23:48:40 EDT)	samtools_stats_recal_percentage_of_properly_paired_reads_pct	99.6	percent	reads retained after per-interval ApplyBQSR (interval-restricted CRAM used for calling)		wes/sarek_3.5.1_run/reports/samtools/OV3133_R_P71/OV3133_R_P71.recal.cram.stats	found	
OV3133_R_P71	nf-core/sarek 3.5.1 run angry_allen (session 26cf85bf-0ac3-4237-8f48-c36b2ab20bd2, Slurm 3273686, completed 2025-10-23 23:48:40 EDT)	samtools_stats_recal_bases_mapped_cigar	9716910338	bp	reads retained after per-interval ApplyBQSR (interval-restricted CRAM used for calling)		wes/sarek_3.5.1_run/reports/samtools/OV3133_R_P71/OV3133_R_P71.recal.cram.stats	found	
OV3133_R_P71	nf-core/sarek 3.5.1 run angry_allen (session 26cf85bf-0ac3-4237-8f48-c36b2ab20bd2, Slurm 3273686, completed 2025-10-23 23:48:40 EDT)	samtools_stats_recal_average_quality	34.2	reads	reads retained after per-interval ApplyBQSR (interval-restricted CRAM used for calling)		wes/sarek_3.5.1_run/reports/samtools/OV3133_R_P71/OV3133_R_P71.recal.cram.stats	found	
OV3133_R_P71	nf-core/sarek 3.5.1 run angry_allen (session 26cf85bf-0ac3-4237-8f48-c36b2ab20bd2, Slurm 3273686, completed 2025-10-23 23:48:40 EDT)	mosdepth_md_mean_depth_genome	2.79	x	whole reference (3213061797 bp)		wes/sarek_3.5.1_run/reports/mosdepth/OV3133_R_P71/OV3133_R_P71.md.mosdepth.summary.txt	found	
OV3133_R_P71	nf-core/sarek 3.5.1 run angry_allen (session 26cf85bf-0ac3-4237-8f48-c36b2ab20bd2, Slurm 3273686, completed 2025-10-23 23:48:40 EDT)	mosdepth_md_mean_depth_target	83.14	x	target bases (63709951 bp, --by intervals_sorted.bed)	intervals_sorted.bed (242,421 hg38 intervals lifted from SeqCap EZ Exome v3; 63,709,951 bp summed, 63,514,049 bp merged)	wes/sarek_3.5.1_run/reports/mosdepth/OV3133_R_P71/OV3133_R_P71.md.mosdepth.summary.txt	found	mean of per-base depth over the target footprint; mosdepth counts duplicates unless flagged (Sarek default)
OV3133_R_P71	nf-core/sarek 3.5.1 run angry_allen (session 26cf85bf-0ac3-4237-8f48-c36b2ab20bd2, Slurm 3273686, completed 2025-10-23 23:48:40 EDT)	mosdepth_md_fraction_target_bases_ge_100x	0.24	fraction	target bases	intervals_sorted.bed (242,421 hg38 intervals lifted from SeqCap EZ Exome v3; 63,709,951 bp summed, 63,514,049 bp merged)	wes/sarek_3.5.1_run/reports/mosdepth/OV3133_R_P71/OV3133_R_P71.md.mosdepth.region.dist.txt	found	
OV3133_R_P71	nf-core/sarek 3.5.1 run angry_allen (session 26cf85bf-0ac3-4237-8f48-c36b2ab20bd2, Slurm 3273686, completed 2025-10-23 23:48:40 EDT)	mosdepth_md_fraction_target_bases_ge_50x	0.58	fraction	target bases	intervals_sorted.bed (242,421 hg38 intervals lifted from SeqCap EZ Exome v3; 63,709,951 bp summed, 63,514,049 bp merged)	wes/sarek_3.5.1_run/reports/mosdepth/OV3133_R_P71/OV3133_R_P71.md.mosdepth.region.dist.txt	found	
OV3133_R_P71	nf-core/sarek 3.5.1 run angry_allen (session 26cf85bf-0ac3-4237-8f48-c36b2ab20bd2, Slurm 3273686, completed 2025-10-23 23:48:40 EDT)	mosdepth_md_fraction_target_bases_ge_30x	0.79	fraction	target bases	intervals_sorted.bed (242,421 hg38 intervals lifted from SeqCap EZ Exome v3; 63,709,951 bp summed, 63,514,049 bp merged)	wes/sarek_3.5.1_run/reports/mosdepth/OV3133_R_P71/OV3133_R_P71.md.mosdepth.region.dist.txt	found	
OV3133_R_P71	nf-core/sarek 3.5.1 run angry_allen (session 26cf85bf-0ac3-4237-8f48-c36b2ab20bd2, Slurm 3273686, completed 2025-10-23 23:48:40 EDT)	mosdepth_md_fraction_target_bases_ge_20x	0.89	fraction	target bases	intervals_sorted.bed (242,421 hg38 intervals lifted from SeqCap EZ Exome v3; 63,709,951 bp summed, 63,514,049 bp merged)	wes/sarek_3.5.1_run/reports/mosdepth/OV3133_R_P71/OV3133_R_P71.md.mosdepth.region.dist.txt	found	
OV3133_R_P71	nf-core/sarek 3.5.1 run angry_allen (session 26cf85bf-0ac3-4237-8f48-c36b2ab20bd2, Slurm 3273686, completed 2025-10-23 23:48:40 EDT)	mosdepth_md_fraction_target_bases_ge_10x	0.96	fraction	target bases	intervals_sorted.bed (242,421 hg38 intervals lifted from SeqCap EZ Exome v3; 63,709,951 bp summed, 63,514,049 bp merged)	wes/sarek_3.5.1_run/reports/mosdepth/OV3133_R_P71/OV3133_R_P71.md.mosdepth.region.dist.txt	found	
OV3133_R_P71	nf-core/sarek 3.5.1 run angry_allen (session 26cf85bf-0ac3-4237-8f48-c36b2ab20bd2, Slurm 3273686, completed 2025-10-23 23:48:40 EDT)	mosdepth_md_fraction_target_bases_ge_1x	0.99	fraction	target bases	intervals_sorted.bed (242,421 hg38 intervals lifted from SeqCap EZ Exome v3; 63,709,951 bp summed, 63,514,049 bp merged)	wes/sarek_3.5.1_run/reports/mosdepth/OV3133_R_P71/OV3133_R_P71.md.mosdepth.region.dist.txt	found	
OV3133_R_P71	nf-core/sarek 3.5.1 run angry_allen (session 26cf85bf-0ac3-4237-8f48-c36b2ab20bd2, Slurm 3273686, completed 2025-10-23 23:48:40 EDT)	mosdepth_recal_mean_depth_genome	2.13	x	whole reference (3092843764 bp)		wes/sarek_3.5.1_run/reports/mosdepth/OV3133_R_P71/OV3133_R_P71.recal.mosdepth.summary.txt	found	
OV3133_R_P71	nf-core/sarek 3.5.1 run angry_allen (session 26cf85bf-0ac3-4237-8f48-c36b2ab20bd2, Slurm 3273686, completed 2025-10-23 23:48:40 EDT)	mosdepth_recal_mean_depth_target	83.15	x	target bases (63709444 bp, --by intervals_sorted.bed)	intervals_sorted.bed (242,421 hg38 intervals lifted from SeqCap EZ Exome v3; 63,709,951 bp summed, 63,514,049 bp merged)	wes/sarek_3.5.1_run/reports/mosdepth/OV3133_R_P71/OV3133_R_P71.recal.mosdepth.summary.txt	found	mean of per-base depth over the target footprint; mosdepth counts duplicates unless flagged (Sarek default)
OV3133_R_P71	nf-core/sarek 3.5.1 run angry_allen (session 26cf85bf-0ac3-4237-8f48-c36b2ab20bd2, Slurm 3273686, completed 2025-10-23 23:48:40 EDT)	mosdepth_recal_fraction_target_bases_ge_100x	0.24	fraction	target bases	intervals_sorted.bed (242,421 hg38 intervals lifted from SeqCap EZ Exome v3; 63,709,951 bp summed, 63,514,049 bp merged)	wes/sarek_3.5.1_run/reports/mosdepth/OV3133_R_P71/OV3133_R_P71.recal.mosdepth.region.dist.txt	found	
OV3133_R_P71	nf-core/sarek 3.5.1 run angry_allen (session 26cf85bf-0ac3-4237-8f48-c36b2ab20bd2, Slurm 3273686, completed 2025-10-23 23:48:40 EDT)	mosdepth_recal_fraction_target_bases_ge_50x	0.58	fraction	target bases	intervals_sorted.bed (242,421 hg38 intervals lifted from SeqCap EZ Exome v3; 63,709,951 bp summed, 63,514,049 bp merged)	wes/sarek_3.5.1_run/reports/mosdepth/OV3133_R_P71/OV3133_R_P71.recal.mosdepth.region.dist.txt	found	
OV3133_R_P71	nf-core/sarek 3.5.1 run angry_allen (session 26cf85bf-0ac3-4237-8f48-c36b2ab20bd2, Slurm 3273686, completed 2025-10-23 23:48:40 EDT)	mosdepth_recal_fraction_target_bases_ge_30x	0.79	fraction	target bases	intervals_sorted.bed (242,421 hg38 intervals lifted from SeqCap EZ Exome v3; 63,709,951 bp summed, 63,514,049 bp merged)	wes/sarek_3.5.1_run/reports/mosdepth/OV3133_R_P71/OV3133_R_P71.recal.mosdepth.region.dist.txt	found	
OV3133_R_P71	nf-core/sarek 3.5.1 run angry_allen (session 26cf85bf-0ac3-4237-8f48-c36b2ab20bd2, Slurm 3273686, completed 2025-10-23 23:48:40 EDT)	mosdepth_recal_fraction_target_bases_ge_20x	0.89	fraction	target bases	intervals_sorted.bed (242,421 hg38 intervals lifted from SeqCap EZ Exome v3; 63,709,951 bp summed, 63,514,049 bp merged)	wes/sarek_3.5.1_run/reports/mosdepth/OV3133_R_P71/OV3133_R_P71.recal.mosdepth.region.dist.txt	found	
OV3133_R_P71	nf-core/sarek 3.5.1 run angry_allen (session 26cf85bf-0ac3-4237-8f48-c36b2ab20bd2, Slurm 3273686, completed 2025-10-23 23:48:40 EDT)	mosdepth_recal_fraction_target_bases_ge_10x	0.96	fraction	target bases	intervals_sorted.bed (242,421 hg38 intervals lifted from SeqCap EZ Exome v3; 63,709,951 bp summed, 63,514,049 bp merged)	wes/sarek_3.5.1_run/reports/mosdepth/OV3133_R_P71/OV3133_R_P71.recal.mosdepth.region.dist.txt	found	
OV3133_R_P71	nf-core/sarek 3.5.1 run angry_allen (session 26cf85bf-0ac3-4237-8f48-c36b2ab20bd2, Slurm 3273686, completed 2025-10-23 23:48:40 EDT)	mosdepth_recal_fraction_target_bases_ge_1x	0.99	fraction	target bases	intervals_sorted.bed (242,421 hg38 intervals lifted from SeqCap EZ Exome v3; 63,709,951 bp summed, 63,514,049 bp merged)	wes/sarek_3.5.1_run/reports/mosdepth/OV3133_R_P71/OV3133_R_P71.recal.mosdepth.region.dist.txt	found	
OV3133_R_P71	nf-core/sarek 3.5.1 run angry_allen (session 26cf85bf-0ac3-4237-8f48-c36b2ab20bd2, Slurm 3273686, completed 2025-10-23 23:48:40 EDT)	gatk_calculatecontamination_estimate	0.0015181893314937939	fraction	GetPileupSummaries on af-only-gnomad.hg38 sites within calling intervals; tumour-only		wes/sarek_3.5.1_run/variant_calling/mutect2/OV3133_R_P71/OV3133_R_P71.mutect2.contamination.table	found	cross-sample contamination estimate, error=3.4708654402606067E-4; not a stock-authentication result
OV3133_R_P71	nf-core/sarek 3.5.1 run angry_kilby (session 26cf85bf, Slurm 3377445, 2025-10-24, failed at GETPILEUPSUMMARIES TOV3133D_P66)	cnvkit_reads_in_target_bins	59750065	reads	mapped reads in recal BAM (interval-restricted)	cnvkit.reference.target-tmp.bed (242,421 bins)	wes/sarek_3.5.1_run/task_evidence/oct24_CNVKIT_BATCH_OV3133_R_P71.53_397412953e1df8497ab40f69c887f2/.command.err	found	
OV3133_R_P71	nf-core/sarek 3.5.1 run angry_kilby (session 26cf85bf, Slurm 3377445, 2025-10-24, failed at GETPILEUPSUMMARIES TOV3133D_P66)	cnvkit_percent_mapped_reads_in_target_bins	61.353	percent	97386956 mapped reads in recal BAM (interval-restricted, so not a genome-wide on-target fraction)	cnvkit.reference.target-tmp.bed (242,421 bins)	wes/sarek_3.5.1_run/task_evidence/oct24_CNVKIT_BATCH_OV3133_R_P71.53_397412953e1df8497ab40f69c887f2/.command.err	found	Sarek-internal CNVkit batch (flat reference) task log; recal CRAM excludes off-interval reads, so genome-wide on-target fraction must use md CRAM stats
OV3133_R_P71	manual CNVkit 0.9.10 batch (apptainer image cnvkit-0.9.10--pyhdfd78af_0.img), outputs dated 2025-11-14 to 2025-12-03	cnvkit_target_mean_depth_length_weighted	92.09	x	63514049 bp in 290475 target bins (CNVkit depth column)	intervals_sorted.target.bed (290,475 CNVkit autobin-split target bins, sha256 2177970f...; 63,514,049 bp)	wes/cnvkit_0.9.10_manual/OV3133_R_P71_new/OV3133_R_P71.targetcoverage.cnn	found	derived here from the retained coverage file; not a pipeline-reported number
OV3133_R_P71	manual CNVkit 0.9.10 batch (apptainer image cnvkit-0.9.10--pyhdfd78af_0.img), outputs dated 2025-11-14 to 2025-12-03	cnvkit_target_bins_zero_depth	1492	bins	290475 target bins	intervals_sorted.target.bed (290,475 CNVkit autobin-split target bins, sha256 2177970f...; 63,514,049 bp)	wes/cnvkit_0.9.10_manual/OV3133_R_P71_new/OV3133_R_P71.targetcoverage.cnn	found	derived here
OV3133_R_P71	manual CNVkit 0.9.10 batch (apptainer image cnvkit-0.9.10--pyhdfd78af_0.img), outputs dated 2025-11-14 to 2025-12-03	cnvkit_call_segments	254	segments		intervals_sorted.target.bed (290,475 CNVkit autobin-split target bins, sha256 2177970f...; 63,514,049 bp)	wes/cnvkit_0.9.10_manual/OV3133_R_P71_new/OV3133_R_P71.call.cns	found	
OV3133_R_P71	nf-core/sarek 3.5.1 run angry_allen (session 26cf85bf-0ac3-4237-8f48-c36b2ab20bd2, Slurm 3273686, completed 2025-10-23 23:48:40 EDT)	bcftools_stats_filtered_vcf_number_of_records	22442	records	all records in mutect2.filtered.vcf.gz (PASS and non-PASS)		wes/sarek_3.5.1_run/multiqc/multiqc_data/multiqc_bcftools_stats.txt	found	
OV3133_R_P71	nf-core/sarek 3.5.1 run angry_allen (session 26cf85bf-0ac3-4237-8f48-c36b2ab20bd2, Slurm 3273686, completed 2025-10-23 23:48:40 EDT)	bcftools_stats_filtered_vcf_number_of_SNPs	14221	records	all records in mutect2.filtered.vcf.gz (PASS and non-PASS)		wes/sarek_3.5.1_run/multiqc/multiqc_data/multiqc_bcftools_stats.txt	found	
OV3133_R_P71	nf-core/sarek 3.5.1 run angry_allen (session 26cf85bf-0ac3-4237-8f48-c36b2ab20bd2, Slurm 3273686, completed 2025-10-23 23:48:40 EDT)	bcftools_stats_filtered_vcf_number_of_indels	7449	records	all records in mutect2.filtered.vcf.gz (PASS and non-PASS)		wes/sarek_3.5.1_run/multiqc/multiqc_data/multiqc_bcftools_stats.txt	found	
OV3133_R_P71	nf-core/sarek 3.5.1 run angry_allen (session 26cf85bf-0ac3-4237-8f48-c36b2ab20bd2, Slurm 3273686, completed 2025-10-23 23:48:40 EDT)	bcftools_stats_filtered_vcf_number_of_MNPs	1094	records	all records in mutect2.filtered.vcf.gz (PASS and non-PASS)		wes/sarek_3.5.1_run/multiqc/multiqc_data/multiqc_bcftools_stats.txt	found	
OV3133_R_P71	nf-core/sarek 3.5.1 run angry_allen (session 26cf85bf-0ac3-4237-8f48-c36b2ab20bd2, Slurm 3273686, completed 2025-10-23 23:48:40 EDT)	bcftools_stats_filtered_vcf_tstv	1.09	ratio	all records in mutect2.filtered.vcf.gz (PASS and non-PASS)		wes/sarek_3.5.1_run/multiqc/multiqc_data/multiqc_bcftools_stats.txt	found	
OV3133_R_P71	nf-core/sarek 3.5.1 run angry_allen (session 26cf85bf-0ac3-4237-8f48-c36b2ab20bd2, Slurm 3273686, completed 2025-10-23 23:48:40 EDT)	vcftools_filtered_vcf_PASS_records	686	records	records in mutect2.filtered.vcf.gz		wes/sarek_3.5.1_run/reports/vcftools/mutect2/OV3133_R_P71/OV3133_R_P71.mutect2.filtered.FILTER.summary	found	
OV3291_P46	nf-core/sarek 3.5.1 run angry_allen (session 26cf85bf-0ac3-4237-8f48-c36b2ab20bd2, Slurm 3273686, completed 2025-10-23 23:48:40 EDT)	fastp_total_reads_before_filtering	117934716	reads (R1+R2)	all reads in provider BAM converted to FASTQ		wes/sarek_3.5.1_run/reports/fastp/OV3291_P46/OV3291_P46-7.fastp.json	found	
OV3291_P46	nf-core/sarek 3.5.1 run angry_allen (session 26cf85bf-0ac3-4237-8f48-c36b2ab20bd2, Slurm 3273686, completed 2025-10-23 23:48:40 EDT)	fastp_total_reads_after_filtering	115531530	reads (R1+R2)	reads passing fastp --length_required 15 (adapter trimming disabled)		wes/sarek_3.5.1_run/reports/fastp/OV3291_P46/OV3291_P46-7.fastp.json	found	
OV3291_P46	nf-core/sarek 3.5.1 run angry_allen (session 26cf85bf-0ac3-4237-8f48-c36b2ab20bd2, Slurm 3273686, completed 2025-10-23 23:48:40 EDT)	fastp_q30_rate_after_filtering	0.9211	fraction of bases	bases after filtering		wes/sarek_3.5.1_run/reports/fastp/OV3291_P46/OV3291_P46-7.fastp.json	found	
OV3291_P46	nf-core/sarek 3.5.1 run angry_allen (session 26cf85bf-0ac3-4237-8f48-c36b2ab20bd2, Slurm 3273686, completed 2025-10-23 23:48:40 EDT)	fastp_gc_content_after_filtering	0.4532	fraction	bases after filtering		wes/sarek_3.5.1_run/reports/fastp/OV3291_P46/OV3291_P46-7.fastp.json	found	
OV3291_P46	nf-core/sarek 3.5.1 run angry_allen (session 26cf85bf-0ac3-4237-8f48-c36b2ab20bd2, Slurm 3273686, completed 2025-10-23 23:48:40 EDT)	fastp_duplication_rate	0.1059	fraction of reads	fastp sequence-level estimate before alignment		wes/sarek_3.5.1_run/reports/fastp/OV3291_P46/OV3291_P46-7.fastp.json	found	
OV3291_P46	nf-core/sarek 3.5.1 run angry_allen (session 26cf85bf-0ac3-4237-8f48-c36b2ab20bd2, Slurm 3273686, completed 2025-10-23 23:48:40 EDT)	fastp_insert_size_peak	167	bp	fastp overlap-based estimate		wes/sarek_3.5.1_run/reports/fastp/OV3291_P46/OV3291_P46-7.fastp.json	found	
OV3291_P46	nf-core/sarek 3.5.1 run angry_allen (session 26cf85bf-0ac3-4237-8f48-c36b2ab20bd2, Slurm 3273686, completed 2025-10-23 23:48:40 EDT)	fastp_read_length_mean_R1	100	bp			wes/sarek_3.5.1_run/reports/fastp/OV3291_P46/OV3291_P46-7.fastp.json	found	
OV3291_P46	nf-core/sarek 3.5.1 run angry_allen (session 26cf85bf-0ac3-4237-8f48-c36b2ab20bd2, Slurm 3273686, completed 2025-10-23 23:48:40 EDT)	samtools_stats_md_raw_total_sequences	115531530	reads	all reads, genome-wide (duplicate-marked CRAM)		wes/sarek_3.5.1_run/reports/samtools/OV3291_P46/OV3291_P46.md.cram.stats	found	
OV3291_P46	nf-core/sarek 3.5.1 run angry_allen (session 26cf85bf-0ac3-4237-8f48-c36b2ab20bd2, Slurm 3273686, completed 2025-10-23 23:48:40 EDT)	samtools_stats_md_reads_mapped	115399237	reads	all reads, genome-wide (duplicate-marked CRAM)		wes/sarek_3.5.1_run/reports/samtools/OV3291_P46/OV3291_P46.md.cram.stats	found	
OV3291_P46	nf-core/sarek 3.5.1 run angry_allen (session 26cf85bf-0ac3-4237-8f48-c36b2ab20bd2, Slurm 3273686, completed 2025-10-23 23:48:40 EDT)	samtools_stats_md_reads_mapped_and_paired	115394372	reads	all reads, genome-wide (duplicate-marked CRAM)		wes/sarek_3.5.1_run/reports/samtools/OV3291_P46/OV3291_P46.md.cram.stats	found	
OV3291_P46	nf-core/sarek 3.5.1 run angry_allen (session 26cf85bf-0ac3-4237-8f48-c36b2ab20bd2, Slurm 3273686, completed 2025-10-23 23:48:40 EDT)	samtools_stats_md_reads_properly_paired	114302202	reads	all reads, genome-wide (duplicate-marked CRAM)		wes/sarek_3.5.1_run/reports/samtools/OV3291_P46/OV3291_P46.md.cram.stats	found	
OV3291_P46	nf-core/sarek 3.5.1 run angry_allen (session 26cf85bf-0ac3-4237-8f48-c36b2ab20bd2, Slurm 3273686, completed 2025-10-23 23:48:40 EDT)	samtools_stats_md_reads_duplicated	17958428	reads	all reads, genome-wide (duplicate-marked CRAM)		wes/sarek_3.5.1_run/reports/samtools/OV3291_P46/OV3291_P46.md.cram.stats	found	
OV3291_P46	nf-core/sarek 3.5.1 run angry_allen (session 26cf85bf-0ac3-4237-8f48-c36b2ab20bd2, Slurm 3273686, completed 2025-10-23 23:48:40 EDT)	samtools_stats_md_reads_MQ0	14961655	reads	all reads, genome-wide (duplicate-marked CRAM)		wes/sarek_3.5.1_run/reports/samtools/OV3291_P46/OV3291_P46.md.cram.stats	found	
OV3291_P46	nf-core/sarek 3.5.1 run angry_allen (session 26cf85bf-0ac3-4237-8f48-c36b2ab20bd2, Slurm 3273686, completed 2025-10-23 23:48:40 EDT)	samtools_stats_md_reads_unmapped	132293	reads	all reads, genome-wide (duplicate-marked CRAM)		wes/sarek_3.5.1_run/reports/samtools/OV3291_P46/OV3291_P46.md.cram.stats	found	
OV3291_P46	nf-core/sarek 3.5.1 run angry_allen (session 26cf85bf-0ac3-4237-8f48-c36b2ab20bd2, Slurm 3273686, completed 2025-10-23 23:48:40 EDT)	samtools_stats_md_error_rate	4.808301e-03	fraction	all reads, genome-wide (duplicate-marked CRAM)		wes/sarek_3.5.1_run/reports/samtools/OV3291_P46/OV3291_P46.md.cram.stats	found	
OV3291_P46	nf-core/sarek 3.5.1 run angry_allen (session 26cf85bf-0ac3-4237-8f48-c36b2ab20bd2, Slurm 3273686, completed 2025-10-23 23:48:40 EDT)	samtools_stats_md_average_length	100	bp	all reads, genome-wide (duplicate-marked CRAM)		wes/sarek_3.5.1_run/reports/samtools/OV3291_P46/OV3291_P46.md.cram.stats	found	
OV3291_P46	nf-core/sarek 3.5.1 run angry_allen (session 26cf85bf-0ac3-4237-8f48-c36b2ab20bd2, Slurm 3273686, completed 2025-10-23 23:48:40 EDT)	samtools_stats_md_insert_size_average	248.8	bp	all reads, genome-wide (duplicate-marked CRAM)		wes/sarek_3.5.1_run/reports/samtools/OV3291_P46/OV3291_P46.md.cram.stats	found	
OV3291_P46	nf-core/sarek 3.5.1 run angry_allen (session 26cf85bf-0ac3-4237-8f48-c36b2ab20bd2, Slurm 3273686, completed 2025-10-23 23:48:40 EDT)	samtools_stats_md_insert_size_standard_deviation	102.7	bp	all reads, genome-wide (duplicate-marked CRAM)		wes/sarek_3.5.1_run/reports/samtools/OV3291_P46/OV3291_P46.md.cram.stats	found	
OV3291_P46	nf-core/sarek 3.5.1 run angry_allen (session 26cf85bf-0ac3-4237-8f48-c36b2ab20bd2, Slurm 3273686, completed 2025-10-23 23:48:40 EDT)	samtools_stats_md_percentage_of_properly_paired_reads_pct	98.9	percent	all reads, genome-wide (duplicate-marked CRAM)		wes/sarek_3.5.1_run/reports/samtools/OV3291_P46/OV3291_P46.md.cram.stats	found	
OV3291_P46	nf-core/sarek 3.5.1 run angry_allen (session 26cf85bf-0ac3-4237-8f48-c36b2ab20bd2, Slurm 3273686, completed 2025-10-23 23:48:40 EDT)	samtools_stats_md_bases_mapped_cigar	11541359252	bp	all reads, genome-wide (duplicate-marked CRAM)		wes/sarek_3.5.1_run/reports/samtools/OV3291_P46/OV3291_P46.md.cram.stats	found	
OV3291_P46	nf-core/sarek 3.5.1 run angry_allen (session 26cf85bf-0ac3-4237-8f48-c36b2ab20bd2, Slurm 3273686, completed 2025-10-23 23:48:40 EDT)	samtools_stats_md_average_quality	38.2	reads	all reads, genome-wide (duplicate-marked CRAM)		wes/sarek_3.5.1_run/reports/samtools/OV3291_P46/OV3291_P46.md.cram.stats	found	
OV3291_P46	nf-core/sarek 3.5.1 run angry_allen (session 26cf85bf-0ac3-4237-8f48-c36b2ab20bd2, Slurm 3273686, completed 2025-10-23 23:48:40 EDT)	samtools_stats_recal_raw_total_sequences	79842967	reads	reads retained after per-interval ApplyBQSR (interval-restricted CRAM used for calling)		wes/sarek_3.5.1_run/reports/samtools/OV3291_P46/OV3291_P46.recal.cram.stats	found	
OV3291_P46	nf-core/sarek 3.5.1 run angry_allen (session 26cf85bf-0ac3-4237-8f48-c36b2ab20bd2, Slurm 3273686, completed 2025-10-23 23:48:40 EDT)	samtools_stats_recal_reads_mapped	79841184	reads	reads retained after per-interval ApplyBQSR (interval-restricted CRAM used for calling)		wes/sarek_3.5.1_run/reports/samtools/OV3291_P46/OV3291_P46.recal.cram.stats	found	
OV3291_P46	nf-core/sarek 3.5.1 run angry_allen (session 26cf85bf-0ac3-4237-8f48-c36b2ab20bd2, Slurm 3273686, completed 2025-10-23 23:48:40 EDT)	samtools_stats_recal_reads_mapped_and_paired	79838810	reads	reads retained after per-interval ApplyBQSR (interval-restricted CRAM used for calling)		wes/sarek_3.5.1_run/reports/samtools/OV3291_P46/OV3291_P46.recal.cram.stats	found	
OV3291_P46	nf-core/sarek 3.5.1 run angry_allen (session 26cf85bf-0ac3-4237-8f48-c36b2ab20bd2, Slurm 3273686, completed 2025-10-23 23:48:40 EDT)	samtools_stats_recal_reads_properly_paired	79467524	reads	reads retained after per-interval ApplyBQSR (interval-restricted CRAM used for calling)		wes/sarek_3.5.1_run/reports/samtools/OV3291_P46/OV3291_P46.recal.cram.stats	found	
OV3291_P46	nf-core/sarek 3.5.1 run angry_allen (session 26cf85bf-0ac3-4237-8f48-c36b2ab20bd2, Slurm 3273686, completed 2025-10-23 23:48:40 EDT)	samtools_stats_recal_reads_duplicated	12572625	reads	reads retained after per-interval ApplyBQSR (interval-restricted CRAM used for calling)		wes/sarek_3.5.1_run/reports/samtools/OV3291_P46/OV3291_P46.recal.cram.stats	found	
OV3291_P46	nf-core/sarek 3.5.1 run angry_allen (session 26cf85bf-0ac3-4237-8f48-c36b2ab20bd2, Slurm 3273686, completed 2025-10-23 23:48:40 EDT)	samtools_stats_recal_reads_MQ0	8910208	reads	reads retained after per-interval ApplyBQSR (interval-restricted CRAM used for calling)		wes/sarek_3.5.1_run/reports/samtools/OV3291_P46/OV3291_P46.recal.cram.stats	found	
OV3291_P46	nf-core/sarek 3.5.1 run angry_allen (session 26cf85bf-0ac3-4237-8f48-c36b2ab20bd2, Slurm 3273686, completed 2025-10-23 23:48:40 EDT)	samtools_stats_recal_reads_unmapped	1783	reads	reads retained after per-interval ApplyBQSR (interval-restricted CRAM used for calling)		wes/sarek_3.5.1_run/reports/samtools/OV3291_P46/OV3291_P46.recal.cram.stats	found	
OV3291_P46	nf-core/sarek 3.5.1 run angry_allen (session 26cf85bf-0ac3-4237-8f48-c36b2ab20bd2, Slurm 3273686, completed 2025-10-23 23:48:40 EDT)	samtools_stats_recal_error_rate	4.095373e-03	fraction	reads retained after per-interval ApplyBQSR (interval-restricted CRAM used for calling)		wes/sarek_3.5.1_run/reports/samtools/OV3291_P46/OV3291_P46.recal.cram.stats	found	
OV3291_P46	nf-core/sarek 3.5.1 run angry_allen (session 26cf85bf-0ac3-4237-8f48-c36b2ab20bd2, Slurm 3273686, completed 2025-10-23 23:48:40 EDT)	samtools_stats_recal_average_length	100	bp	reads retained after per-interval ApplyBQSR (interval-restricted CRAM used for calling)		wes/sarek_3.5.1_run/reports/samtools/OV3291_P46/OV3291_P46.recal.cram.stats	found	
OV3291_P46	nf-core/sarek 3.5.1 run angry_allen (session 26cf85bf-0ac3-4237-8f48-c36b2ab20bd2, Slurm 3273686, completed 2025-10-23 23:48:40 EDT)	samtools_stats_recal_insert_size_average	233.8	bp	reads retained after per-interval ApplyBQSR (interval-restricted CRAM used for calling)		wes/sarek_3.5.1_run/reports/samtools/OV3291_P46/OV3291_P46.recal.cram.stats	found	
OV3291_P46	nf-core/sarek 3.5.1 run angry_allen (session 26cf85bf-0ac3-4237-8f48-c36b2ab20bd2, Slurm 3273686, completed 2025-10-23 23:48:40 EDT)	samtools_stats_recal_insert_size_standard_deviation	92.6	bp	reads retained after per-interval ApplyBQSR (interval-restricted CRAM used for calling)		wes/sarek_3.5.1_run/reports/samtools/OV3291_P46/OV3291_P46.recal.cram.stats	found	
OV3291_P46	nf-core/sarek 3.5.1 run angry_allen (session 26cf85bf-0ac3-4237-8f48-c36b2ab20bd2, Slurm 3273686, completed 2025-10-23 23:48:40 EDT)	samtools_stats_recal_percentage_of_properly_paired_reads_pct	99.5	percent	reads retained after per-interval ApplyBQSR (interval-restricted CRAM used for calling)		wes/sarek_3.5.1_run/reports/samtools/OV3291_P46/OV3291_P46.recal.cram.stats	found	
OV3291_P46	nf-core/sarek 3.5.1 run angry_allen (session 26cf85bf-0ac3-4237-8f48-c36b2ab20bd2, Slurm 3273686, completed 2025-10-23 23:48:40 EDT)	samtools_stats_recal_bases_mapped_cigar	7967393415	bp	reads retained after per-interval ApplyBQSR (interval-restricted CRAM used for calling)		wes/sarek_3.5.1_run/reports/samtools/OV3291_P46/OV3291_P46.recal.cram.stats	found	
OV3291_P46	nf-core/sarek 3.5.1 run angry_allen (session 26cf85bf-0ac3-4237-8f48-c36b2ab20bd2, Slurm 3273686, completed 2025-10-23 23:48:40 EDT)	samtools_stats_recal_average_quality	33.7	reads	reads retained after per-interval ApplyBQSR (interval-restricted CRAM used for calling)		wes/sarek_3.5.1_run/reports/samtools/OV3291_P46/OV3291_P46.recal.cram.stats	found	
OV3291_P46	nf-core/sarek 3.5.1 run angry_allen (session 26cf85bf-0ac3-4237-8f48-c36b2ab20bd2, Slurm 3273686, completed 2025-10-23 23:48:40 EDT)	mosdepth_md_mean_depth_genome	2.78	x	whole reference (3213353463 bp)		wes/sarek_3.5.1_run/reports/mosdepth/OV3291_P46/OV3291_P46.md.mosdepth.summary.txt	found	
OV3291_P46	nf-core/sarek 3.5.1 run angry_allen (session 26cf85bf-0ac3-4237-8f48-c36b2ab20bd2, Slurm 3273686, completed 2025-10-23 23:48:40 EDT)	mosdepth_md_mean_depth_target	76.23	x	target bases (63709951 bp, --by intervals_sorted.bed)	intervals_sorted.bed (242,421 hg38 intervals lifted from SeqCap EZ Exome v3; 63,709,951 bp summed, 63,514,049 bp merged)	wes/sarek_3.5.1_run/reports/mosdepth/OV3291_P46/OV3291_P46.md.mosdepth.summary.txt	found	mean of per-base depth over the target footprint; mosdepth counts duplicates unless flagged (Sarek default)
OV3291_P46	nf-core/sarek 3.5.1 run angry_allen (session 26cf85bf-0ac3-4237-8f48-c36b2ab20bd2, Slurm 3273686, completed 2025-10-23 23:48:40 EDT)	mosdepth_md_fraction_target_bases_ge_100x	0.19	fraction	target bases	intervals_sorted.bed (242,421 hg38 intervals lifted from SeqCap EZ Exome v3; 63,709,951 bp summed, 63,514,049 bp merged)	wes/sarek_3.5.1_run/reports/mosdepth/OV3291_P46/OV3291_P46.md.mosdepth.region.dist.txt	found	
OV3291_P46	nf-core/sarek 3.5.1 run angry_allen (session 26cf85bf-0ac3-4237-8f48-c36b2ab20bd2, Slurm 3273686, completed 2025-10-23 23:48:40 EDT)	mosdepth_md_fraction_target_bases_ge_50x	0.57	fraction	target bases	intervals_sorted.bed (242,421 hg38 intervals lifted from SeqCap EZ Exome v3; 63,709,951 bp summed, 63,514,049 bp merged)	wes/sarek_3.5.1_run/reports/mosdepth/OV3291_P46/OV3291_P46.md.mosdepth.region.dist.txt	found	
OV3291_P46	nf-core/sarek 3.5.1 run angry_allen (session 26cf85bf-0ac3-4237-8f48-c36b2ab20bd2, Slurm 3273686, completed 2025-10-23 23:48:40 EDT)	mosdepth_md_fraction_target_bases_ge_30x	0.81	fraction	target bases	intervals_sorted.bed (242,421 hg38 intervals lifted from SeqCap EZ Exome v3; 63,709,951 bp summed, 63,514,049 bp merged)	wes/sarek_3.5.1_run/reports/mosdepth/OV3291_P46/OV3291_P46.md.mosdepth.region.dist.txt	found	
OV3291_P46	nf-core/sarek 3.5.1 run angry_allen (session 26cf85bf-0ac3-4237-8f48-c36b2ab20bd2, Slurm 3273686, completed 2025-10-23 23:48:40 EDT)	mosdepth_md_fraction_target_bases_ge_20x	0.91	fraction	target bases	intervals_sorted.bed (242,421 hg38 intervals lifted from SeqCap EZ Exome v3; 63,709,951 bp summed, 63,514,049 bp merged)	wes/sarek_3.5.1_run/reports/mosdepth/OV3291_P46/OV3291_P46.md.mosdepth.region.dist.txt	found	
OV3291_P46	nf-core/sarek 3.5.1 run angry_allen (session 26cf85bf-0ac3-4237-8f48-c36b2ab20bd2, Slurm 3273686, completed 2025-10-23 23:48:40 EDT)	mosdepth_md_fraction_target_bases_ge_10x	0.96	fraction	target bases	intervals_sorted.bed (242,421 hg38 intervals lifted from SeqCap EZ Exome v3; 63,709,951 bp summed, 63,514,049 bp merged)	wes/sarek_3.5.1_run/reports/mosdepth/OV3291_P46/OV3291_P46.md.mosdepth.region.dist.txt	found	
OV3291_P46	nf-core/sarek 3.5.1 run angry_allen (session 26cf85bf-0ac3-4237-8f48-c36b2ab20bd2, Slurm 3273686, completed 2025-10-23 23:48:40 EDT)	mosdepth_md_fraction_target_bases_ge_1x	0.99	fraction	target bases	intervals_sorted.bed (242,421 hg38 intervals lifted from SeqCap EZ Exome v3; 63,709,951 bp summed, 63,514,049 bp merged)	wes/sarek_3.5.1_run/reports/mosdepth/OV3291_P46/OV3291_P46.md.mosdepth.region.dist.txt	found	
OV3291_P46	nf-core/sarek 3.5.1 run angry_allen (session 26cf85bf-0ac3-4237-8f48-c36b2ab20bd2, Slurm 3273686, completed 2025-10-23 23:48:40 EDT)	mosdepth_recal_mean_depth_genome	1.97	x	whole reference (3092843764 bp)		wes/sarek_3.5.1_run/reports/mosdepth/OV3291_P46/OV3291_P46.recal.mosdepth.summary.txt	found	
OV3291_P46	nf-core/sarek 3.5.1 run angry_allen (session 26cf85bf-0ac3-4237-8f48-c36b2ab20bd2, Slurm 3273686, completed 2025-10-23 23:48:40 EDT)	mosdepth_recal_mean_depth_target	76.23	x	target bases (63709444 bp, --by intervals_sorted.bed)	intervals_sorted.bed (242,421 hg38 intervals lifted from SeqCap EZ Exome v3; 63,709,951 bp summed, 63,514,049 bp merged)	wes/sarek_3.5.1_run/reports/mosdepth/OV3291_P46/OV3291_P46.recal.mosdepth.summary.txt	found	mean of per-base depth over the target footprint; mosdepth counts duplicates unless flagged (Sarek default)
OV3291_P46	nf-core/sarek 3.5.1 run angry_allen (session 26cf85bf-0ac3-4237-8f48-c36b2ab20bd2, Slurm 3273686, completed 2025-10-23 23:48:40 EDT)	mosdepth_recal_fraction_target_bases_ge_100x	0.19	fraction	target bases	intervals_sorted.bed (242,421 hg38 intervals lifted from SeqCap EZ Exome v3; 63,709,951 bp summed, 63,514,049 bp merged)	wes/sarek_3.5.1_run/reports/mosdepth/OV3291_P46/OV3291_P46.recal.mosdepth.region.dist.txt	found	
OV3291_P46	nf-core/sarek 3.5.1 run angry_allen (session 26cf85bf-0ac3-4237-8f48-c36b2ab20bd2, Slurm 3273686, completed 2025-10-23 23:48:40 EDT)	mosdepth_recal_fraction_target_bases_ge_50x	0.57	fraction	target bases	intervals_sorted.bed (242,421 hg38 intervals lifted from SeqCap EZ Exome v3; 63,709,951 bp summed, 63,514,049 bp merged)	wes/sarek_3.5.1_run/reports/mosdepth/OV3291_P46/OV3291_P46.recal.mosdepth.region.dist.txt	found	
OV3291_P46	nf-core/sarek 3.5.1 run angry_allen (session 26cf85bf-0ac3-4237-8f48-c36b2ab20bd2, Slurm 3273686, completed 2025-10-23 23:48:40 EDT)	mosdepth_recal_fraction_target_bases_ge_30x	0.81	fraction	target bases	intervals_sorted.bed (242,421 hg38 intervals lifted from SeqCap EZ Exome v3; 63,709,951 bp summed, 63,514,049 bp merged)	wes/sarek_3.5.1_run/reports/mosdepth/OV3291_P46/OV3291_P46.recal.mosdepth.region.dist.txt	found	
OV3291_P46	nf-core/sarek 3.5.1 run angry_allen (session 26cf85bf-0ac3-4237-8f48-c36b2ab20bd2, Slurm 3273686, completed 2025-10-23 23:48:40 EDT)	mosdepth_recal_fraction_target_bases_ge_20x	0.91	fraction	target bases	intervals_sorted.bed (242,421 hg38 intervals lifted from SeqCap EZ Exome v3; 63,709,951 bp summed, 63,514,049 bp merged)	wes/sarek_3.5.1_run/reports/mosdepth/OV3291_P46/OV3291_P46.recal.mosdepth.region.dist.txt	found	
OV3291_P46	nf-core/sarek 3.5.1 run angry_allen (session 26cf85bf-0ac3-4237-8f48-c36b2ab20bd2, Slurm 3273686, completed 2025-10-23 23:48:40 EDT)	mosdepth_recal_fraction_target_bases_ge_10x	0.96	fraction	target bases	intervals_sorted.bed (242,421 hg38 intervals lifted from SeqCap EZ Exome v3; 63,709,951 bp summed, 63,514,049 bp merged)	wes/sarek_3.5.1_run/reports/mosdepth/OV3291_P46/OV3291_P46.recal.mosdepth.region.dist.txt	found	
OV3291_P46	nf-core/sarek 3.5.1 run angry_allen (session 26cf85bf-0ac3-4237-8f48-c36b2ab20bd2, Slurm 3273686, completed 2025-10-23 23:48:40 EDT)	mosdepth_recal_fraction_target_bases_ge_1x	0.99	fraction	target bases	intervals_sorted.bed (242,421 hg38 intervals lifted from SeqCap EZ Exome v3; 63,709,951 bp summed, 63,514,049 bp merged)	wes/sarek_3.5.1_run/reports/mosdepth/OV3291_P46/OV3291_P46.recal.mosdepth.region.dist.txt	found	
OV3291_P46	nf-core/sarek 3.5.1 run angry_allen (session 26cf85bf-0ac3-4237-8f48-c36b2ab20bd2, Slurm 3273686, completed 2025-10-23 23:48:40 EDT)	gatk_calculatecontamination_estimate	0.004884553576225901	fraction	GetPileupSummaries on af-only-gnomad.hg38 sites within calling intervals; tumour-only		wes/sarek_3.5.1_run/variant_calling/mutect2/OV3291_P46/OV3291_P46.mutect2.contamination.table	found	cross-sample contamination estimate, error=0.0010510352677481922; not a stock-authentication result
OV3291_P46	nf-core/sarek 3.5.1 run angry_kilby (session 26cf85bf, Slurm 3377445, 2025-10-24, failed at GETPILEUPSUMMARIES TOV3133D_P66)	cnvkit_reads_in_target_bins	54139751	reads	mapped reads in recal BAM (interval-restricted)	cnvkit.reference.target-tmp.bed (242,421 bins)	wes/sarek_3.5.1_run/task_evidence/oct24_CNVKIT_BATCH_OV3291_P46.67_391aefcedee5cff0359f87fc37879a/.command.err	found	
OV3291_P46	nf-core/sarek 3.5.1 run angry_kilby (session 26cf85bf, Slurm 3377445, 2025-10-24, failed at GETPILEUPSUMMARIES TOV3133D_P66)	cnvkit_percent_mapped_reads_in_target_bins	67.771	percent	79886390 mapped reads in recal BAM (interval-restricted, so not a genome-wide on-target fraction)	cnvkit.reference.target-tmp.bed (242,421 bins)	wes/sarek_3.5.1_run/task_evidence/oct24_CNVKIT_BATCH_OV3291_P46.67_391aefcedee5cff0359f87fc37879a/.command.err	found	Sarek-internal CNVkit batch (flat reference) task log; recal CRAM excludes off-interval reads, so genome-wide on-target fraction must use md CRAM stats
OV3291_P46	manual CNVkit 0.9.10 batch (apptainer image cnvkit-0.9.10--pyhdfd78af_0.img), outputs dated 2025-11-14 to 2025-12-03	cnvkit_target_mean_depth_length_weighted	83.83	x	63514049 bp in 290475 target bins (CNVkit depth column)	intervals_sorted.target.bed (290,475 CNVkit autobin-split target bins, sha256 2177970f...; 63,514,049 bp)	wes/cnvkit_0.9.10_manual/OV3291_P46_new/OV3291_P46.targetcoverage.cnn	found	derived here from the retained coverage file; not a pipeline-reported number
OV3291_P46	manual CNVkit 0.9.10 batch (apptainer image cnvkit-0.9.10--pyhdfd78af_0.img), outputs dated 2025-11-14 to 2025-12-03	cnvkit_target_bins_zero_depth	1462	bins	290475 target bins	intervals_sorted.target.bed (290,475 CNVkit autobin-split target bins, sha256 2177970f...; 63,514,049 bp)	wes/cnvkit_0.9.10_manual/OV3291_P46_new/OV3291_P46.targetcoverage.cnn	found	derived here
OV3291_P46	manual CNVkit 0.9.10 batch (apptainer image cnvkit-0.9.10--pyhdfd78af_0.img), outputs dated 2025-11-14 to 2025-12-03	cnvkit_call_segments	252	segments		intervals_sorted.target.bed (290,475 CNVkit autobin-split target bins, sha256 2177970f...; 63,514,049 bp)	wes/cnvkit_0.9.10_manual/OV3291_P46_new/OV3291_P46.call.cns	found	
OV3291_P46	nf-core/sarek 3.5.1 run angry_allen (session 26cf85bf-0ac3-4237-8f48-c36b2ab20bd2, Slurm 3273686, completed 2025-10-23 23:48:40 EDT)	bcftools_stats_filtered_vcf_number_of_records	25299	records	all records in mutect2.filtered.vcf.gz (PASS and non-PASS)		wes/sarek_3.5.1_run/multiqc/multiqc_data/multiqc_bcftools_stats.txt	found	
OV3291_P46	nf-core/sarek 3.5.1 run angry_allen (session 26cf85bf-0ac3-4237-8f48-c36b2ab20bd2, Slurm 3273686, completed 2025-10-23 23:48:40 EDT)	bcftools_stats_filtered_vcf_number_of_SNPs	15798	records	all records in mutect2.filtered.vcf.gz (PASS and non-PASS)		wes/sarek_3.5.1_run/multiqc/multiqc_data/multiqc_bcftools_stats.txt	found	
OV3291_P46	nf-core/sarek 3.5.1 run angry_allen (session 26cf85bf-0ac3-4237-8f48-c36b2ab20bd2, Slurm 3273686, completed 2025-10-23 23:48:40 EDT)	bcftools_stats_filtered_vcf_number_of_indels	7781	records	all records in mutect2.filtered.vcf.gz (PASS and non-PASS)		wes/sarek_3.5.1_run/multiqc/multiqc_data/multiqc_bcftools_stats.txt	found	
OV3291_P46	nf-core/sarek 3.5.1 run angry_allen (session 26cf85bf-0ac3-4237-8f48-c36b2ab20bd2, Slurm 3273686, completed 2025-10-23 23:48:40 EDT)	bcftools_stats_filtered_vcf_number_of_MNPs	1953	records	all records in mutect2.filtered.vcf.gz (PASS and non-PASS)		wes/sarek_3.5.1_run/multiqc/multiqc_data/multiqc_bcftools_stats.txt	found	
OV3291_P46	nf-core/sarek 3.5.1 run angry_allen (session 26cf85bf-0ac3-4237-8f48-c36b2ab20bd2, Slurm 3273686, completed 2025-10-23 23:48:40 EDT)	bcftools_stats_filtered_vcf_tstv	1.1	ratio	all records in mutect2.filtered.vcf.gz (PASS and non-PASS)		wes/sarek_3.5.1_run/multiqc/multiqc_data/multiqc_bcftools_stats.txt	found	
OV3291_P46	nf-core/sarek 3.5.1 run angry_allen (session 26cf85bf-0ac3-4237-8f48-c36b2ab20bd2, Slurm 3273686, completed 2025-10-23 23:48:40 EDT)	vcftools_filtered_vcf_PASS_records	671	records	records in mutect2.filtered.vcf.gz		wes/sarek_3.5.1_run/reports/vcftools/mutect2/OV3291_P46/OV3291_P46.mutect2.filtered.FILTER.summary	found	
OV3331_P54	nf-core/sarek 3.5.1 run angry_allen (session 26cf85bf-0ac3-4237-8f48-c36b2ab20bd2, Slurm 3273686, completed 2025-10-23 23:48:40 EDT)	fastp_total_reads_before_filtering	120278596	reads (R1+R2)	all reads in provider BAM converted to FASTQ		wes/sarek_3.5.1_run/reports/fastp/OV3331_P54/OV3331_P54-6.fastp.json	found	
OV3331_P54	nf-core/sarek 3.5.1 run angry_allen (session 26cf85bf-0ac3-4237-8f48-c36b2ab20bd2, Slurm 3273686, completed 2025-10-23 23:48:40 EDT)	fastp_total_reads_after_filtering	118674270	reads (R1+R2)	reads passing fastp --length_required 15 (adapter trimming disabled)		wes/sarek_3.5.1_run/reports/fastp/OV3331_P54/OV3331_P54-6.fastp.json	found	
OV3331_P54	nf-core/sarek 3.5.1 run angry_allen (session 26cf85bf-0ac3-4237-8f48-c36b2ab20bd2, Slurm 3273686, completed 2025-10-23 23:48:40 EDT)	fastp_q30_rate_after_filtering	0.9197	fraction of bases	bases after filtering		wes/sarek_3.5.1_run/reports/fastp/OV3331_P54/OV3331_P54-6.fastp.json	found	
OV3331_P54	nf-core/sarek 3.5.1 run angry_allen (session 26cf85bf-0ac3-4237-8f48-c36b2ab20bd2, Slurm 3273686, completed 2025-10-23 23:48:40 EDT)	fastp_gc_content_after_filtering	0.4281	fraction	bases after filtering		wes/sarek_3.5.1_run/reports/fastp/OV3331_P54/OV3331_P54-6.fastp.json	found	
OV3331_P54	nf-core/sarek 3.5.1 run angry_allen (session 26cf85bf-0ac3-4237-8f48-c36b2ab20bd2, Slurm 3273686, completed 2025-10-23 23:48:40 EDT)	fastp_duplication_rate	0.1204	fraction of reads	fastp sequence-level estimate before alignment		wes/sarek_3.5.1_run/reports/fastp/OV3331_P54/OV3331_P54-6.fastp.json	found	
OV3331_P54	nf-core/sarek 3.5.1 run angry_allen (session 26cf85bf-0ac3-4237-8f48-c36b2ab20bd2, Slurm 3273686, completed 2025-10-23 23:48:40 EDT)	fastp_insert_size_peak	168	bp	fastp overlap-based estimate		wes/sarek_3.5.1_run/reports/fastp/OV3331_P54/OV3331_P54-6.fastp.json	found	
OV3331_P54	nf-core/sarek 3.5.1 run angry_allen (session 26cf85bf-0ac3-4237-8f48-c36b2ab20bd2, Slurm 3273686, completed 2025-10-23 23:48:40 EDT)	fastp_read_length_mean_R1	100	bp			wes/sarek_3.5.1_run/reports/fastp/OV3331_P54/OV3331_P54-6.fastp.json	found	
OV3331_P54	nf-core/sarek 3.5.1 run angry_allen (session 26cf85bf-0ac3-4237-8f48-c36b2ab20bd2, Slurm 3273686, completed 2025-10-23 23:48:40 EDT)	samtools_stats_md_raw_total_sequences	118674270	reads	all reads, genome-wide (duplicate-marked CRAM)		wes/sarek_3.5.1_run/reports/samtools/OV3331_P54/OV3331_P54.md.cram.stats	found	
OV3331_P54	nf-core/sarek 3.5.1 run angry_allen (session 26cf85bf-0ac3-4237-8f48-c36b2ab20bd2, Slurm 3273686, completed 2025-10-23 23:48:40 EDT)	samtools_stats_md_reads_mapped	118613410	reads	all reads, genome-wide (duplicate-marked CRAM)		wes/sarek_3.5.1_run/reports/samtools/OV3331_P54/OV3331_P54.md.cram.stats	found	
OV3331_P54	nf-core/sarek 3.5.1 run angry_allen (session 26cf85bf-0ac3-4237-8f48-c36b2ab20bd2, Slurm 3273686, completed 2025-10-23 23:48:40 EDT)	samtools_stats_md_reads_mapped_and_paired	118610336	reads	all reads, genome-wide (duplicate-marked CRAM)		wes/sarek_3.5.1_run/reports/samtools/OV3331_P54/OV3331_P54.md.cram.stats	found	
OV3331_P54	nf-core/sarek 3.5.1 run angry_allen (session 26cf85bf-0ac3-4237-8f48-c36b2ab20bd2, Slurm 3273686, completed 2025-10-23 23:48:40 EDT)	samtools_stats_md_reads_properly_paired	117764730	reads	all reads, genome-wide (duplicate-marked CRAM)		wes/sarek_3.5.1_run/reports/samtools/OV3331_P54/OV3331_P54.md.cram.stats	found	
OV3331_P54	nf-core/sarek 3.5.1 run angry_allen (session 26cf85bf-0ac3-4237-8f48-c36b2ab20bd2, Slurm 3273686, completed 2025-10-23 23:48:40 EDT)	samtools_stats_md_reads_duplicated	22567680	reads	all reads, genome-wide (duplicate-marked CRAM)		wes/sarek_3.5.1_run/reports/samtools/OV3331_P54/OV3331_P54.md.cram.stats	found	
OV3331_P54	nf-core/sarek 3.5.1 run angry_allen (session 26cf85bf-0ac3-4237-8f48-c36b2ab20bd2, Slurm 3273686, completed 2025-10-23 23:48:40 EDT)	samtools_stats_md_reads_MQ0	16400564	reads	all reads, genome-wide (duplicate-marked CRAM)		wes/sarek_3.5.1_run/reports/samtools/OV3331_P54/OV3331_P54.md.cram.stats	found	
OV3331_P54	nf-core/sarek 3.5.1 run angry_allen (session 26cf85bf-0ac3-4237-8f48-c36b2ab20bd2, Slurm 3273686, completed 2025-10-23 23:48:40 EDT)	samtools_stats_md_reads_unmapped	60860	reads	all reads, genome-wide (duplicate-marked CRAM)		wes/sarek_3.5.1_run/reports/samtools/OV3331_P54/OV3331_P54.md.cram.stats	found	
OV3331_P54	nf-core/sarek 3.5.1 run angry_allen (session 26cf85bf-0ac3-4237-8f48-c36b2ab20bd2, Slurm 3273686, completed 2025-10-23 23:48:40 EDT)	samtools_stats_md_error_rate	4.889170e-03	fraction	all reads, genome-wide (duplicate-marked CRAM)		wes/sarek_3.5.1_run/reports/samtools/OV3331_P54/OV3331_P54.md.cram.stats	found	
OV3331_P54	nf-core/sarek 3.5.1 run angry_allen (session 26cf85bf-0ac3-4237-8f48-c36b2ab20bd2, Slurm 3273686, completed 2025-10-23 23:48:40 EDT)	samtools_stats_md_average_length	100	bp	all reads, genome-wide (duplicate-marked CRAM)		wes/sarek_3.5.1_run/reports/samtools/OV3331_P54/OV3331_P54.md.cram.stats	found	
OV3331_P54	nf-core/sarek 3.5.1 run angry_allen (session 26cf85bf-0ac3-4237-8f48-c36b2ab20bd2, Slurm 3273686, completed 2025-10-23 23:48:40 EDT)	samtools_stats_md_insert_size_average	232.0	bp	all reads, genome-wide (duplicate-marked CRAM)		wes/sarek_3.5.1_run/reports/samtools/OV3331_P54/OV3331_P54.md.cram.stats	found	
OV3331_P54	nf-core/sarek 3.5.1 run angry_allen (session 26cf85bf-0ac3-4237-8f48-c36b2ab20bd2, Slurm 3273686, completed 2025-10-23 23:48:40 EDT)	samtools_stats_md_insert_size_standard_deviation	90.0	bp	all reads, genome-wide (duplicate-marked CRAM)		wes/sarek_3.5.1_run/reports/samtools/OV3331_P54/OV3331_P54.md.cram.stats	found	
OV3331_P54	nf-core/sarek 3.5.1 run angry_allen (session 26cf85bf-0ac3-4237-8f48-c36b2ab20bd2, Slurm 3273686, completed 2025-10-23 23:48:40 EDT)	samtools_stats_md_percentage_of_properly_paired_reads_pct	99.2	percent	all reads, genome-wide (duplicate-marked CRAM)		wes/sarek_3.5.1_run/reports/samtools/OV3331_P54/OV3331_P54.md.cram.stats	found	
OV3331_P54	nf-core/sarek 3.5.1 run angry_allen (session 26cf85bf-0ac3-4237-8f48-c36b2ab20bd2, Slurm 3273686, completed 2025-10-23 23:48:40 EDT)	samtools_stats_md_bases_mapped_cigar	11856359215	bp	all reads, genome-wide (duplicate-marked CRAM)		wes/sarek_3.5.1_run/reports/samtools/OV3331_P54/OV3331_P54.md.cram.stats	found	
OV3331_P54	nf-core/sarek 3.5.1 run angry_allen (session 26cf85bf-0ac3-4237-8f48-c36b2ab20bd2, Slurm 3273686, completed 2025-10-23 23:48:40 EDT)	samtools_stats_md_average_quality	38.1	reads	all reads, genome-wide (duplicate-marked CRAM)		wes/sarek_3.5.1_run/reports/samtools/OV3331_P54/OV3331_P54.md.cram.stats	found	
OV3331_P54	nf-core/sarek 3.5.1 run angry_allen (session 26cf85bf-0ac3-4237-8f48-c36b2ab20bd2, Slurm 3273686, completed 2025-10-23 23:48:40 EDT)	samtools_stats_recal_raw_total_sequences	86796029	reads	reads retained after per-interval ApplyBQSR (interval-restricted CRAM used for calling)		wes/sarek_3.5.1_run/reports/samtools/OV3331_P54/OV3331_P54.recal.cram.stats	found	
OV3331_P54	nf-core/sarek 3.5.1 run angry_allen (session 26cf85bf-0ac3-4237-8f48-c36b2ab20bd2, Slurm 3273686, completed 2025-10-23 23:48:40 EDT)	samtools_stats_recal_reads_mapped	86794593	reads	reads retained after per-interval ApplyBQSR (interval-restricted CRAM used for calling)		wes/sarek_3.5.1_run/reports/samtools/OV3331_P54/OV3331_P54.recal.cram.stats	found	
OV3331_P54	nf-core/sarek 3.5.1 run angry_allen (session 26cf85bf-0ac3-4237-8f48-c36b2ab20bd2, Slurm 3273686, completed 2025-10-23 23:48:40 EDT)	samtools_stats_recal_reads_mapped_and_paired	86792736	reads	reads retained after per-interval ApplyBQSR (interval-restricted CRAM used for calling)		wes/sarek_3.5.1_run/reports/samtools/OV3331_P54/OV3331_P54.recal.cram.stats	found	
OV3331_P54	nf-core/sarek 3.5.1 run angry_allen (session 26cf85bf-0ac3-4237-8f48-c36b2ab20bd2, Slurm 3273686, completed 2025-10-23 23:48:40 EDT)	samtools_stats_recal_reads_properly_paired	86462492	reads	reads retained after per-interval ApplyBQSR (interval-restricted CRAM used for calling)		wes/sarek_3.5.1_run/reports/samtools/OV3331_P54/OV3331_P54.recal.cram.stats	found	
OV3331_P54	nf-core/sarek 3.5.1 run angry_allen (session 26cf85bf-0ac3-4237-8f48-c36b2ab20bd2, Slurm 3273686, completed 2025-10-23 23:48:40 EDT)	samtools_stats_recal_reads_duplicated	16857586	reads	reads retained after per-interval ApplyBQSR (interval-restricted CRAM used for calling)		wes/sarek_3.5.1_run/reports/samtools/OV3331_P54/OV3331_P54.recal.cram.stats	found	
OV3331_P54	nf-core/sarek 3.5.1 run angry_allen (session 26cf85bf-0ac3-4237-8f48-c36b2ab20bd2, Slurm 3273686, completed 2025-10-23 23:48:40 EDT)	samtools_stats_recal_reads_MQ0	10673740	reads	reads retained after per-interval ApplyBQSR (interval-restricted CRAM used for calling)		wes/sarek_3.5.1_run/reports/samtools/OV3331_P54/OV3331_P54.recal.cram.stats	found	
OV3331_P54	nf-core/sarek 3.5.1 run angry_allen (session 26cf85bf-0ac3-4237-8f48-c36b2ab20bd2, Slurm 3273686, completed 2025-10-23 23:48:40 EDT)	samtools_stats_recal_reads_unmapped	1436	reads	reads retained after per-interval ApplyBQSR (interval-restricted CRAM used for calling)		wes/sarek_3.5.1_run/reports/samtools/OV3331_P54/OV3331_P54.recal.cram.stats	found	
OV3331_P54	nf-core/sarek 3.5.1 run angry_allen (session 26cf85bf-0ac3-4237-8f48-c36b2ab20bd2, Slurm 3273686, completed 2025-10-23 23:48:40 EDT)	samtools_stats_recal_error_rate	4.384805e-03	fraction	reads retained after per-interval ApplyBQSR (interval-restricted CRAM used for calling)		wes/sarek_3.5.1_run/reports/samtools/OV3331_P54/OV3331_P54.recal.cram.stats	found	
OV3331_P54	nf-core/sarek 3.5.1 run angry_allen (session 26cf85bf-0ac3-4237-8f48-c36b2ab20bd2, Slurm 3273686, completed 2025-10-23 23:48:40 EDT)	samtools_stats_recal_average_length	100	bp	reads retained after per-interval ApplyBQSR (interval-restricted CRAM used for calling)		wes/sarek_3.5.1_run/reports/samtools/OV3331_P54/OV3331_P54.recal.cram.stats	found	
OV3331_P54	nf-core/sarek 3.5.1 run angry_allen (session 26cf85bf-0ac3-4237-8f48-c36b2ab20bd2, Slurm 3273686, completed 2025-10-23 23:48:40 EDT)	samtools_stats_recal_insert_size_average	219.8	bp	reads retained after per-interval ApplyBQSR (interval-restricted CRAM used for calling)		wes/sarek_3.5.1_run/reports/samtools/OV3331_P54/OV3331_P54.recal.cram.stats	found	
OV3331_P54	nf-core/sarek 3.5.1 run angry_allen (session 26cf85bf-0ac3-4237-8f48-c36b2ab20bd2, Slurm 3273686, completed 2025-10-23 23:48:40 EDT)	samtools_stats_recal_insert_size_standard_deviation	81.6	bp	reads retained after per-interval ApplyBQSR (interval-restricted CRAM used for calling)		wes/sarek_3.5.1_run/reports/samtools/OV3331_P54/OV3331_P54.recal.cram.stats	found	
OV3331_P54	nf-core/sarek 3.5.1 run angry_allen (session 26cf85bf-0ac3-4237-8f48-c36b2ab20bd2, Slurm 3273686, completed 2025-10-23 23:48:40 EDT)	samtools_stats_recal_percentage_of_properly_paired_reads_pct	99.6	percent	reads retained after per-interval ApplyBQSR (interval-restricted CRAM used for calling)		wes/sarek_3.5.1_run/reports/samtools/OV3331_P54/OV3331_P54.recal.cram.stats	found	
OV3331_P54	nf-core/sarek 3.5.1 run angry_allen (session 26cf85bf-0ac3-4237-8f48-c36b2ab20bd2, Slurm 3273686, completed 2025-10-23 23:48:40 EDT)	samtools_stats_recal_bases_mapped_cigar	8660933828	bp	reads retained after per-interval ApplyBQSR (interval-restricted CRAM used for calling)		wes/sarek_3.5.1_run/reports/samtools/OV3331_P54/OV3331_P54.recal.cram.stats	found	
OV3331_P54	nf-core/sarek 3.5.1 run angry_allen (session 26cf85bf-0ac3-4237-8f48-c36b2ab20bd2, Slurm 3273686, completed 2025-10-23 23:48:40 EDT)	samtools_stats_recal_average_quality	33.6	reads	reads retained after per-interval ApplyBQSR (interval-restricted CRAM used for calling)		wes/sarek_3.5.1_run/reports/samtools/OV3331_P54/OV3331_P54.recal.cram.stats	found	
OV3331_P54	nf-core/sarek 3.5.1 run angry_allen (session 26cf85bf-0ac3-4237-8f48-c36b2ab20bd2, Slurm 3273686, completed 2025-10-23 23:48:40 EDT)	mosdepth_md_mean_depth_genome	2.71	x	whole reference (3212720306 bp)		wes/sarek_3.5.1_run/reports/mosdepth/OV3331_P54/OV3331_P54.md.mosdepth.summary.txt	found	
OV3331_P54	nf-core/sarek 3.5.1 run angry_allen (session 26cf85bf-0ac3-4237-8f48-c36b2ab20bd2, Slurm 3273686, completed 2025-10-23 23:48:40 EDT)	mosdepth_md_mean_depth_target	78.43	x	target bases (63709951 bp, --by intervals_sorted.bed)	intervals_sorted.bed (242,421 hg38 intervals lifted from SeqCap EZ Exome v3; 63,709,951 bp summed, 63,514,049 bp merged)	wes/sarek_3.5.1_run/reports/mosdepth/OV3331_P54/OV3331_P54.md.mosdepth.summary.txt	found	mean of per-base depth over the target footprint; mosdepth counts duplicates unless flagged (Sarek default)
OV3331_P54	nf-core/sarek 3.5.1 run angry_allen (session 26cf85bf-0ac3-4237-8f48-c36b2ab20bd2, Slurm 3273686, completed 2025-10-23 23:48:40 EDT)	mosdepth_md_fraction_target_bases_ge_100x	0.21	fraction	target bases	intervals_sorted.bed (242,421 hg38 intervals lifted from SeqCap EZ Exome v3; 63,709,951 bp summed, 63,514,049 bp merged)	wes/sarek_3.5.1_run/reports/mosdepth/OV3331_P54/OV3331_P54.md.mosdepth.region.dist.txt	found	
OV3331_P54	nf-core/sarek 3.5.1 run angry_allen (session 26cf85bf-0ac3-4237-8f48-c36b2ab20bd2, Slurm 3273686, completed 2025-10-23 23:48:40 EDT)	mosdepth_md_fraction_target_bases_ge_50x	0.52	fraction	target bases	intervals_sorted.bed (242,421 hg38 intervals lifted from SeqCap EZ Exome v3; 63,709,951 bp summed, 63,514,049 bp merged)	wes/sarek_3.5.1_run/reports/mosdepth/OV3331_P54/OV3331_P54.md.mosdepth.region.dist.txt	found	
OV3331_P54	nf-core/sarek 3.5.1 run angry_allen (session 26cf85bf-0ac3-4237-8f48-c36b2ab20bd2, Slurm 3273686, completed 2025-10-23 23:48:40 EDT)	mosdepth_md_fraction_target_bases_ge_30x	0.73	fraction	target bases	intervals_sorted.bed (242,421 hg38 intervals lifted from SeqCap EZ Exome v3; 63,709,951 bp summed, 63,514,049 bp merged)	wes/sarek_3.5.1_run/reports/mosdepth/OV3331_P54/OV3331_P54.md.mosdepth.region.dist.txt	found	
OV3331_P54	nf-core/sarek 3.5.1 run angry_allen (session 26cf85bf-0ac3-4237-8f48-c36b2ab20bd2, Slurm 3273686, completed 2025-10-23 23:48:40 EDT)	mosdepth_md_fraction_target_bases_ge_20x	0.85	fraction	target bases	intervals_sorted.bed (242,421 hg38 intervals lifted from SeqCap EZ Exome v3; 63,709,951 bp summed, 63,514,049 bp merged)	wes/sarek_3.5.1_run/reports/mosdepth/OV3331_P54/OV3331_P54.md.mosdepth.region.dist.txt	found	
OV3331_P54	nf-core/sarek 3.5.1 run angry_allen (session 26cf85bf-0ac3-4237-8f48-c36b2ab20bd2, Slurm 3273686, completed 2025-10-23 23:48:40 EDT)	mosdepth_md_fraction_target_bases_ge_10x	0.94	fraction	target bases	intervals_sorted.bed (242,421 hg38 intervals lifted from SeqCap EZ Exome v3; 63,709,951 bp summed, 63,514,049 bp merged)	wes/sarek_3.5.1_run/reports/mosdepth/OV3331_P54/OV3331_P54.md.mosdepth.region.dist.txt	found	
OV3331_P54	nf-core/sarek 3.5.1 run angry_allen (session 26cf85bf-0ac3-4237-8f48-c36b2ab20bd2, Slurm 3273686, completed 2025-10-23 23:48:40 EDT)	mosdepth_md_fraction_target_bases_ge_1x	0.99	fraction	target bases	intervals_sorted.bed (242,421 hg38 intervals lifted from SeqCap EZ Exome v3; 63,709,951 bp summed, 63,514,049 bp merged)	wes/sarek_3.5.1_run/reports/mosdepth/OV3331_P54/OV3331_P54.md.mosdepth.region.dist.txt	found	
OV3331_P54	nf-core/sarek 3.5.1 run angry_allen (session 26cf85bf-0ac3-4237-8f48-c36b2ab20bd2, Slurm 3273686, completed 2025-10-23 23:48:40 EDT)	mosdepth_recal_mean_depth_genome	2.03	x	whole reference (3092539629 bp)		wes/sarek_3.5.1_run/reports/mosdepth/OV3331_P54/OV3331_P54.recal.mosdepth.summary.txt	found	
OV3331_P54	nf-core/sarek 3.5.1 run angry_allen (session 26cf85bf-0ac3-4237-8f48-c36b2ab20bd2, Slurm 3273686, completed 2025-10-23 23:48:40 EDT)	mosdepth_recal_mean_depth_target	78.44	x	target bases (63706108 bp, --by intervals_sorted.bed)	intervals_sorted.bed (242,421 hg38 intervals lifted from SeqCap EZ Exome v3; 63,709,951 bp summed, 63,514,049 bp merged)	wes/sarek_3.5.1_run/reports/mosdepth/OV3331_P54/OV3331_P54.recal.mosdepth.summary.txt	found	mean of per-base depth over the target footprint; mosdepth counts duplicates unless flagged (Sarek default)
OV3331_P54	nf-core/sarek 3.5.1 run angry_allen (session 26cf85bf-0ac3-4237-8f48-c36b2ab20bd2, Slurm 3273686, completed 2025-10-23 23:48:40 EDT)	mosdepth_recal_fraction_target_bases_ge_100x	0.21	fraction	target bases	intervals_sorted.bed (242,421 hg38 intervals lifted from SeqCap EZ Exome v3; 63,709,951 bp summed, 63,514,049 bp merged)	wes/sarek_3.5.1_run/reports/mosdepth/OV3331_P54/OV3331_P54.recal.mosdepth.region.dist.txt	found	
OV3331_P54	nf-core/sarek 3.5.1 run angry_allen (session 26cf85bf-0ac3-4237-8f48-c36b2ab20bd2, Slurm 3273686, completed 2025-10-23 23:48:40 EDT)	mosdepth_recal_fraction_target_bases_ge_50x	0.52	fraction	target bases	intervals_sorted.bed (242,421 hg38 intervals lifted from SeqCap EZ Exome v3; 63,709,951 bp summed, 63,514,049 bp merged)	wes/sarek_3.5.1_run/reports/mosdepth/OV3331_P54/OV3331_P54.recal.mosdepth.region.dist.txt	found	
OV3331_P54	nf-core/sarek 3.5.1 run angry_allen (session 26cf85bf-0ac3-4237-8f48-c36b2ab20bd2, Slurm 3273686, completed 2025-10-23 23:48:40 EDT)	mosdepth_recal_fraction_target_bases_ge_30x	0.73	fraction	target bases	intervals_sorted.bed (242,421 hg38 intervals lifted from SeqCap EZ Exome v3; 63,709,951 bp summed, 63,514,049 bp merged)	wes/sarek_3.5.1_run/reports/mosdepth/OV3331_P54/OV3331_P54.recal.mosdepth.region.dist.txt	found	
OV3331_P54	nf-core/sarek 3.5.1 run angry_allen (session 26cf85bf-0ac3-4237-8f48-c36b2ab20bd2, Slurm 3273686, completed 2025-10-23 23:48:40 EDT)	mosdepth_recal_fraction_target_bases_ge_20x	0.85	fraction	target bases	intervals_sorted.bed (242,421 hg38 intervals lifted from SeqCap EZ Exome v3; 63,709,951 bp summed, 63,514,049 bp merged)	wes/sarek_3.5.1_run/reports/mosdepth/OV3331_P54/OV3331_P54.recal.mosdepth.region.dist.txt	found	
OV3331_P54	nf-core/sarek 3.5.1 run angry_allen (session 26cf85bf-0ac3-4237-8f48-c36b2ab20bd2, Slurm 3273686, completed 2025-10-23 23:48:40 EDT)	mosdepth_recal_fraction_target_bases_ge_10x	0.94	fraction	target bases	intervals_sorted.bed (242,421 hg38 intervals lifted from SeqCap EZ Exome v3; 63,709,951 bp summed, 63,514,049 bp merged)	wes/sarek_3.5.1_run/reports/mosdepth/OV3331_P54/OV3331_P54.recal.mosdepth.region.dist.txt	found	
OV3331_P54	nf-core/sarek 3.5.1 run angry_allen (session 26cf85bf-0ac3-4237-8f48-c36b2ab20bd2, Slurm 3273686, completed 2025-10-23 23:48:40 EDT)	mosdepth_recal_fraction_target_bases_ge_1x	0.99	fraction	target bases	intervals_sorted.bed (242,421 hg38 intervals lifted from SeqCap EZ Exome v3; 63,709,951 bp summed, 63,514,049 bp merged)	wes/sarek_3.5.1_run/reports/mosdepth/OV3331_P54/OV3331_P54.recal.mosdepth.region.dist.txt	found	
OV3331_P54	nf-core/sarek 3.5.1 run angry_allen (session 26cf85bf-0ac3-4237-8f48-c36b2ab20bd2, Slurm 3273686, completed 2025-10-23 23:48:40 EDT)	gatk_calculatecontamination_estimate	0.0026676910600337196	fraction	GetPileupSummaries on af-only-gnomad.hg38 sites within calling intervals; tumour-only		wes/sarek_3.5.1_run/variant_calling/mutect2/OV3331_P54/OV3331_P54.mutect2.contamination.table	found	cross-sample contamination estimate, error=7.461616481431997E-4; not a stock-authentication result
OV3331_P54	nf-core/sarek 3.5.1 run angry_kilby (session 26cf85bf, Slurm 3377445, 2025-10-24, failed at GETPILEUPSUMMARIES TOV3133D_P66)	cnvkit_reads_in_target_bins	56282949	reads	mapped reads in recal BAM (interval-restricted)	cnvkit.reference.target-tmp.bed (242,421 bins)	wes/sarek_3.5.1_run/task_evidence/oct24_CNVKIT_BATCH_OV3331_P54.9f_bf3df6338ee821bd70926534d54dee/.command.err	found	
OV3331_P54	nf-core/sarek 3.5.1 run angry_kilby (session 26cf85bf, Slurm 3377445, 2025-10-24, failed at GETPILEUPSUMMARIES TOV3133D_P66)	cnvkit_percent_mapped_reads_in_target_bins	64.806	percent	86848958 mapped reads in recal BAM (interval-restricted, so not a genome-wide on-target fraction)	cnvkit.reference.target-tmp.bed (242,421 bins)	wes/sarek_3.5.1_run/task_evidence/oct24_CNVKIT_BATCH_OV3331_P54.9f_bf3df6338ee821bd70926534d54dee/.command.err	found	Sarek-internal CNVkit batch (flat reference) task log; recal CRAM excludes off-interval reads, so genome-wide on-target fraction must use md CRAM stats
OV3331_P54	manual CNVkit 0.9.10 batch (apptainer image cnvkit-0.9.10--pyhdfd78af_0.img), outputs dated 2025-11-14 to 2025-12-03	cnvkit_target_mean_depth_length_weighted	86.8	x	63514049 bp in 290475 target bins (CNVkit depth column)	intervals_sorted.target.bed (290,475 CNVkit autobin-split target bins, sha256 2177970f...; 63,514,049 bp)	wes/cnvkit_0.9.10_manual/OV3331_P54_new/OV3331_P54.targetcoverage.cnn	found	derived here from the retained coverage file; not a pipeline-reported number
OV3331_P54	manual CNVkit 0.9.10 batch (apptainer image cnvkit-0.9.10--pyhdfd78af_0.img), outputs dated 2025-11-14 to 2025-12-03	cnvkit_target_bins_zero_depth	1665	bins	290475 target bins	intervals_sorted.target.bed (290,475 CNVkit autobin-split target bins, sha256 2177970f...; 63,514,049 bp)	wes/cnvkit_0.9.10_manual/OV3331_P54_new/OV3331_P54.targetcoverage.cnn	found	derived here
OV3331_P54	manual CNVkit 0.9.10 batch (apptainer image cnvkit-0.9.10--pyhdfd78af_0.img), outputs dated 2025-11-14 to 2025-12-03	cnvkit_call_segments	126	segments		intervals_sorted.target.bed (290,475 CNVkit autobin-split target bins, sha256 2177970f...; 63,514,049 bp)	wes/cnvkit_0.9.10_manual/OV3331_P54_new/OV3331_P54.call.cns	found	
OV3331_P54	nf-core/sarek 3.5.1 run angry_allen (session 26cf85bf-0ac3-4237-8f48-c36b2ab20bd2, Slurm 3273686, completed 2025-10-23 23:48:40 EDT)	bcftools_stats_filtered_vcf_number_of_records	26204	records	all records in mutect2.filtered.vcf.gz (PASS and non-PASS)		wes/sarek_3.5.1_run/multiqc/multiqc_data/multiqc_bcftools_stats.txt	found	
OV3331_P54	nf-core/sarek 3.5.1 run angry_allen (session 26cf85bf-0ac3-4237-8f48-c36b2ab20bd2, Slurm 3273686, completed 2025-10-23 23:48:40 EDT)	bcftools_stats_filtered_vcf_number_of_SNPs	15786	records	all records in mutect2.filtered.vcf.gz (PASS and non-PASS)		wes/sarek_3.5.1_run/multiqc/multiqc_data/multiqc_bcftools_stats.txt	found	
OV3331_P54	nf-core/sarek 3.5.1 run angry_allen (session 26cf85bf-0ac3-4237-8f48-c36b2ab20bd2, Slurm 3273686, completed 2025-10-23 23:48:40 EDT)	bcftools_stats_filtered_vcf_number_of_indels	8533	records	all records in mutect2.filtered.vcf.gz (PASS and non-PASS)		wes/sarek_3.5.1_run/multiqc/multiqc_data/multiqc_bcftools_stats.txt	found	
OV3331_P54	nf-core/sarek 3.5.1 run angry_allen (session 26cf85bf-0ac3-4237-8f48-c36b2ab20bd2, Slurm 3273686, completed 2025-10-23 23:48:40 EDT)	bcftools_stats_filtered_vcf_number_of_MNPs	2220	records	all records in mutect2.filtered.vcf.gz (PASS and non-PASS)		wes/sarek_3.5.1_run/multiqc/multiqc_data/multiqc_bcftools_stats.txt	found	
OV3331_P54	nf-core/sarek 3.5.1 run angry_allen (session 26cf85bf-0ac3-4237-8f48-c36b2ab20bd2, Slurm 3273686, completed 2025-10-23 23:48:40 EDT)	bcftools_stats_filtered_vcf_tstv	1.02	ratio	all records in mutect2.filtered.vcf.gz (PASS and non-PASS)		wes/sarek_3.5.1_run/multiqc/multiqc_data/multiqc_bcftools_stats.txt	found	
OV3331_P54	nf-core/sarek 3.5.1 run angry_allen (session 26cf85bf-0ac3-4237-8f48-c36b2ab20bd2, Slurm 3273686, completed 2025-10-23 23:48:40 EDT)	vcftools_filtered_vcf_PASS_records	528	records	records in mutect2.filtered.vcf.gz		wes/sarek_3.5.1_run/reports/vcftools/mutect2/OV3331_P54/OV3331_P54.mutect2.filtered.FILTER.summary	found	
OV90_P63	nf-core/sarek 3.5.1 run angry_allen (session 26cf85bf-0ac3-4237-8f48-c36b2ab20bd2, Slurm 3273686, completed 2025-10-23 23:48:40 EDT)	fastp_total_reads_before_filtering	118448512	reads (R1+R2)	all reads in provider BAM converted to FASTQ		wes/sarek_3.5.1_run/reports/fastp/OV90_P63/OV90_P63-8.fastp.json	found	
OV90_P63	nf-core/sarek 3.5.1 run angry_allen (session 26cf85bf-0ac3-4237-8f48-c36b2ab20bd2, Slurm 3273686, completed 2025-10-23 23:48:40 EDT)	fastp_total_reads_after_filtering	115550550	reads (R1+R2)	reads passing fastp --length_required 15 (adapter trimming disabled)		wes/sarek_3.5.1_run/reports/fastp/OV90_P63/OV90_P63-8.fastp.json	found	
OV90_P63	nf-core/sarek 3.5.1 run angry_allen (session 26cf85bf-0ac3-4237-8f48-c36b2ab20bd2, Slurm 3273686, completed 2025-10-23 23:48:40 EDT)	fastp_q30_rate_after_filtering	0.9234	fraction of bases	bases after filtering		wes/sarek_3.5.1_run/reports/fastp/OV90_P63/OV90_P63-8.fastp.json	found	
OV90_P63	nf-core/sarek 3.5.1 run angry_allen (session 26cf85bf-0ac3-4237-8f48-c36b2ab20bd2, Slurm 3273686, completed 2025-10-23 23:48:40 EDT)	fastp_gc_content_after_filtering	0.4713	fraction	bases after filtering		wes/sarek_3.5.1_run/reports/fastp/OV90_P63/OV90_P63-8.fastp.json	found	
OV90_P63	nf-core/sarek 3.5.1 run angry_allen (session 26cf85bf-0ac3-4237-8f48-c36b2ab20bd2, Slurm 3273686, completed 2025-10-23 23:48:40 EDT)	fastp_duplication_rate	0.1412	fraction of reads	fastp sequence-level estimate before alignment		wes/sarek_3.5.1_run/reports/fastp/OV90_P63/OV90_P63-8.fastp.json	found	
OV90_P63	nf-core/sarek 3.5.1 run angry_allen (session 26cf85bf-0ac3-4237-8f48-c36b2ab20bd2, Slurm 3273686, completed 2025-10-23 23:48:40 EDT)	fastp_insert_size_peak	150	bp	fastp overlap-based estimate		wes/sarek_3.5.1_run/reports/fastp/OV90_P63/OV90_P63-8.fastp.json	found	
OV90_P63	nf-core/sarek 3.5.1 run angry_allen (session 26cf85bf-0ac3-4237-8f48-c36b2ab20bd2, Slurm 3273686, completed 2025-10-23 23:48:40 EDT)	fastp_read_length_mean_R1	100	bp			wes/sarek_3.5.1_run/reports/fastp/OV90_P63/OV90_P63-8.fastp.json	found	
OV90_P63	nf-core/sarek 3.5.1 run angry_allen (session 26cf85bf-0ac3-4237-8f48-c36b2ab20bd2, Slurm 3273686, completed 2025-10-23 23:48:40 EDT)	samtools_stats_md_raw_total_sequences	115550550	reads	all reads, genome-wide (duplicate-marked CRAM)		wes/sarek_3.5.1_run/reports/samtools/OV90_P63/OV90_P63.md.cram.stats	found	
OV90_P63	nf-core/sarek 3.5.1 run angry_allen (session 26cf85bf-0ac3-4237-8f48-c36b2ab20bd2, Slurm 3273686, completed 2025-10-23 23:48:40 EDT)	samtools_stats_md_reads_mapped	115520178	reads	all reads, genome-wide (duplicate-marked CRAM)		wes/sarek_3.5.1_run/reports/samtools/OV90_P63/OV90_P63.md.cram.stats	found	
OV90_P63	nf-core/sarek 3.5.1 run angry_allen (session 26cf85bf-0ac3-4237-8f48-c36b2ab20bd2, Slurm 3273686, completed 2025-10-23 23:48:40 EDT)	samtools_stats_md_reads_mapped_and_paired	115515014	reads	all reads, genome-wide (duplicate-marked CRAM)		wes/sarek_3.5.1_run/reports/samtools/OV90_P63/OV90_P63.md.cram.stats	found	
OV90_P63	nf-core/sarek 3.5.1 run angry_allen (session 26cf85bf-0ac3-4237-8f48-c36b2ab20bd2, Slurm 3273686, completed 2025-10-23 23:48:40 EDT)	samtools_stats_md_reads_properly_paired	114316558	reads	all reads, genome-wide (duplicate-marked CRAM)		wes/sarek_3.5.1_run/reports/samtools/OV90_P63/OV90_P63.md.cram.stats	found	
OV90_P63	nf-core/sarek 3.5.1 run angry_allen (session 26cf85bf-0ac3-4237-8f48-c36b2ab20bd2, Slurm 3273686, completed 2025-10-23 23:48:40 EDT)	samtools_stats_md_reads_duplicated	24540266	reads	all reads, genome-wide (duplicate-marked CRAM)		wes/sarek_3.5.1_run/reports/samtools/OV90_P63/OV90_P63.md.cram.stats	found	
OV90_P63	nf-core/sarek 3.5.1 run angry_allen (session 26cf85bf-0ac3-4237-8f48-c36b2ab20bd2, Slurm 3273686, completed 2025-10-23 23:48:40 EDT)	samtools_stats_md_reads_MQ0	18429860	reads	all reads, genome-wide (duplicate-marked CRAM)		wes/sarek_3.5.1_run/reports/samtools/OV90_P63/OV90_P63.md.cram.stats	found	
OV90_P63	nf-core/sarek 3.5.1 run angry_allen (session 26cf85bf-0ac3-4237-8f48-c36b2ab20bd2, Slurm 3273686, completed 2025-10-23 23:48:40 EDT)	samtools_stats_md_reads_unmapped	30372	reads	all reads, genome-wide (duplicate-marked CRAM)		wes/sarek_3.5.1_run/reports/samtools/OV90_P63/OV90_P63.md.cram.stats	found	
OV90_P63	nf-core/sarek 3.5.1 run angry_allen (session 26cf85bf-0ac3-4237-8f48-c36b2ab20bd2, Slurm 3273686, completed 2025-10-23 23:48:40 EDT)	samtools_stats_md_error_rate	5.187312e-03	fraction	all reads, genome-wide (duplicate-marked CRAM)		wes/sarek_3.5.1_run/reports/samtools/OV90_P63/OV90_P63.md.cram.stats	found	
OV90_P63	nf-core/sarek 3.5.1 run angry_allen (session 26cf85bf-0ac3-4237-8f48-c36b2ab20bd2, Slurm 3273686, completed 2025-10-23 23:48:40 EDT)	samtools_stats_md_average_length	100	bp	all reads, genome-wide (duplicate-marked CRAM)		wes/sarek_3.5.1_run/reports/samtools/OV90_P63/OV90_P63.md.cram.stats	found	
OV90_P63	nf-core/sarek 3.5.1 run angry_allen (session 26cf85bf-0ac3-4237-8f48-c36b2ab20bd2, Slurm 3273686, completed 2025-10-23 23:48:40 EDT)	samtools_stats_md_insert_size_average	241.7	bp	all reads, genome-wide (duplicate-marked CRAM)		wes/sarek_3.5.1_run/reports/samtools/OV90_P63/OV90_P63.md.cram.stats	found	
OV90_P63	nf-core/sarek 3.5.1 run angry_allen (session 26cf85bf-0ac3-4237-8f48-c36b2ab20bd2, Slurm 3273686, completed 2025-10-23 23:48:40 EDT)	samtools_stats_md_insert_size_standard_deviation	106.3	bp	all reads, genome-wide (duplicate-marked CRAM)		wes/sarek_3.5.1_run/reports/samtools/OV90_P63/OV90_P63.md.cram.stats	found	
OV90_P63	nf-core/sarek 3.5.1 run angry_allen (session 26cf85bf-0ac3-4237-8f48-c36b2ab20bd2, Slurm 3273686, completed 2025-10-23 23:48:40 EDT)	samtools_stats_md_percentage_of_properly_paired_reads_pct	98.9	percent	all reads, genome-wide (duplicate-marked CRAM)		wes/sarek_3.5.1_run/reports/samtools/OV90_P63/OV90_P63.md.cram.stats	found	
OV90_P63	nf-core/sarek 3.5.1 run angry_allen (session 26cf85bf-0ac3-4237-8f48-c36b2ab20bd2, Slurm 3273686, completed 2025-10-23 23:48:40 EDT)	samtools_stats_md_bases_mapped_cigar	11547899299	bp	all reads, genome-wide (duplicate-marked CRAM)		wes/sarek_3.5.1_run/reports/samtools/OV90_P63/OV90_P63.md.cram.stats	found	
OV90_P63	nf-core/sarek 3.5.1 run angry_allen (session 26cf85bf-0ac3-4237-8f48-c36b2ab20bd2, Slurm 3273686, completed 2025-10-23 23:48:40 EDT)	samtools_stats_md_average_quality	38.3	reads	all reads, genome-wide (duplicate-marked CRAM)		wes/sarek_3.5.1_run/reports/samtools/OV90_P63/OV90_P63.md.cram.stats	found	
OV90_P63	nf-core/sarek 3.5.1 run angry_allen (session 26cf85bf-0ac3-4237-8f48-c36b2ab20bd2, Slurm 3273686, completed 2025-10-23 23:48:40 EDT)	samtools_stats_recal_raw_total_sequences	80953459	reads	reads retained after per-interval ApplyBQSR (interval-restricted CRAM used for calling)		wes/sarek_3.5.1_run/reports/samtools/OV90_P63/OV90_P63.recal.cram.stats	found	
OV90_P63	nf-core/sarek 3.5.1 run angry_allen (session 26cf85bf-0ac3-4237-8f48-c36b2ab20bd2, Slurm 3273686, completed 2025-10-23 23:48:40 EDT)	samtools_stats_recal_reads_mapped	80951179	reads	reads retained after per-interval ApplyBQSR (interval-restricted CRAM used for calling)		wes/sarek_3.5.1_run/reports/samtools/OV90_P63/OV90_P63.recal.cram.stats	found	
OV90_P63	nf-core/sarek 3.5.1 run angry_allen (session 26cf85bf-0ac3-4237-8f48-c36b2ab20bd2, Slurm 3273686, completed 2025-10-23 23:48:40 EDT)	samtools_stats_recal_reads_mapped_and_paired	80948283	reads	reads retained after per-interval ApplyBQSR (interval-restricted CRAM used for calling)		wes/sarek_3.5.1_run/reports/samtools/OV90_P63/OV90_P63.recal.cram.stats	found	
OV90_P63	nf-core/sarek 3.5.1 run angry_allen (session 26cf85bf-0ac3-4237-8f48-c36b2ab20bd2, Slurm 3273686, completed 2025-10-23 23:48:40 EDT)	samtools_stats_recal_reads_properly_paired	80563075	reads	reads retained after per-interval ApplyBQSR (interval-restricted CRAM used for calling)		wes/sarek_3.5.1_run/reports/samtools/OV90_P63/OV90_P63.recal.cram.stats	found	
OV90_P63	nf-core/sarek 3.5.1 run angry_allen (session 26cf85bf-0ac3-4237-8f48-c36b2ab20bd2, Slurm 3273686, completed 2025-10-23 23:48:40 EDT)	samtools_stats_recal_reads_duplicated	17585793	reads	reads retained after per-interval ApplyBQSR (interval-restricted CRAM used for calling)		wes/sarek_3.5.1_run/reports/samtools/OV90_P63/OV90_P63.recal.cram.stats	found	
OV90_P63	nf-core/sarek 3.5.1 run angry_allen (session 26cf85bf-0ac3-4237-8f48-c36b2ab20bd2, Slurm 3273686, completed 2025-10-23 23:48:40 EDT)	samtools_stats_recal_reads_MQ0	11174440	reads	reads retained after per-interval ApplyBQSR (interval-restricted CRAM used for calling)		wes/sarek_3.5.1_run/reports/samtools/OV90_P63/OV90_P63.recal.cram.stats	found	
OV90_P63	nf-core/sarek 3.5.1 run angry_allen (session 26cf85bf-0ac3-4237-8f48-c36b2ab20bd2, Slurm 3273686, completed 2025-10-23 23:48:40 EDT)	samtools_stats_recal_reads_unmapped	2280	reads	reads retained after per-interval ApplyBQSR (interval-restricted CRAM used for calling)		wes/sarek_3.5.1_run/reports/samtools/OV90_P63/OV90_P63.recal.cram.stats	found	
OV90_P63	nf-core/sarek 3.5.1 run angry_allen (session 26cf85bf-0ac3-4237-8f48-c36b2ab20bd2, Slurm 3273686, completed 2025-10-23 23:48:40 EDT)	samtools_stats_recal_error_rate	4.284080e-03	fraction	reads retained after per-interval ApplyBQSR (interval-restricted CRAM used for calling)		wes/sarek_3.5.1_run/reports/samtools/OV90_P63/OV90_P63.recal.cram.stats	found	
OV90_P63	nf-core/sarek 3.5.1 run angry_allen (session 26cf85bf-0ac3-4237-8f48-c36b2ab20bd2, Slurm 3273686, completed 2025-10-23 23:48:40 EDT)	samtools_stats_recal_average_length	100	bp	reads retained after per-interval ApplyBQSR (interval-restricted CRAM used for calling)		wes/sarek_3.5.1_run/reports/samtools/OV90_P63/OV90_P63.recal.cram.stats	found	
OV90_P63	nf-core/sarek 3.5.1 run angry_allen (session 26cf85bf-0ac3-4237-8f48-c36b2ab20bd2, Slurm 3273686, completed 2025-10-23 23:48:40 EDT)	samtools_stats_recal_insert_size_average	227.2	bp	reads retained after per-interval ApplyBQSR (interval-restricted CRAM used for calling)		wes/sarek_3.5.1_run/reports/samtools/OV90_P63/OV90_P63.recal.cram.stats	found	
OV90_P63	nf-core/sarek 3.5.1 run angry_allen (session 26cf85bf-0ac3-4237-8f48-c36b2ab20bd2, Slurm 3273686, completed 2025-10-23 23:48:40 EDT)	samtools_stats_recal_insert_size_standard_deviation	95.6	bp	reads retained after per-interval ApplyBQSR (interval-restricted CRAM used for calling)		wes/sarek_3.5.1_run/reports/samtools/OV90_P63/OV90_P63.recal.cram.stats	found	
OV90_P63	nf-core/sarek 3.5.1 run angry_allen (session 26cf85bf-0ac3-4237-8f48-c36b2ab20bd2, Slurm 3273686, completed 2025-10-23 23:48:40 EDT)	samtools_stats_recal_percentage_of_properly_paired_reads_pct	99.5	percent	reads retained after per-interval ApplyBQSR (interval-restricted CRAM used for calling)		wes/sarek_3.5.1_run/reports/samtools/OV90_P63/OV90_P63.recal.cram.stats	found	
OV90_P63	nf-core/sarek 3.5.1 run angry_allen (session 26cf85bf-0ac3-4237-8f48-c36b2ab20bd2, Slurm 3273686, completed 2025-10-23 23:48:40 EDT)	samtools_stats_recal_bases_mapped_cigar	8069558017	bp	reads retained after per-interval ApplyBQSR (interval-restricted CRAM used for calling)		wes/sarek_3.5.1_run/reports/samtools/OV90_P63/OV90_P63.recal.cram.stats	found	
OV90_P63	nf-core/sarek 3.5.1 run angry_allen (session 26cf85bf-0ac3-4237-8f48-c36b2ab20bd2, Slurm 3273686, completed 2025-10-23 23:48:40 EDT)	samtools_stats_recal_average_quality	33.9	reads	reads retained after per-interval ApplyBQSR (interval-restricted CRAM used for calling)		wes/sarek_3.5.1_run/reports/samtools/OV90_P63/OV90_P63.recal.cram.stats	found	
OV90_P63	nf-core/sarek 3.5.1 run angry_allen (session 26cf85bf-0ac3-4237-8f48-c36b2ab20bd2, Slurm 3273686, completed 2025-10-23 23:48:40 EDT)	mosdepth_md_mean_depth_genome	2.54	x	whole reference (3213951540 bp)		wes/sarek_3.5.1_run/reports/mosdepth/OV90_P63/OV90_P63.md.mosdepth.summary.txt	found	
OV90_P63	nf-core/sarek 3.5.1 run angry_allen (session 26cf85bf-0ac3-4237-8f48-c36b2ab20bd2, Slurm 3273686, completed 2025-10-23 23:48:40 EDT)	mosdepth_md_mean_depth_target	70.88	x	target bases (63709951 bp, --by intervals_sorted.bed)	intervals_sorted.bed (242,421 hg38 intervals lifted from SeqCap EZ Exome v3; 63,709,951 bp summed, 63,514,049 bp merged)	wes/sarek_3.5.1_run/reports/mosdepth/OV90_P63/OV90_P63.md.mosdepth.summary.txt	found	mean of per-base depth over the target footprint; mosdepth counts duplicates unless flagged (Sarek default)
OV90_P63	nf-core/sarek 3.5.1 run angry_allen (session 26cf85bf-0ac3-4237-8f48-c36b2ab20bd2, Slurm 3273686, completed 2025-10-23 23:48:40 EDT)	mosdepth_md_fraction_target_bases_ge_100x	0.13	fraction	target bases	intervals_sorted.bed (242,421 hg38 intervals lifted from SeqCap EZ Exome v3; 63,709,951 bp summed, 63,514,049 bp merged)	wes/sarek_3.5.1_run/reports/mosdepth/OV90_P63/OV90_P63.md.mosdepth.region.dist.txt	found	
OV90_P63	nf-core/sarek 3.5.1 run angry_allen (session 26cf85bf-0ac3-4237-8f48-c36b2ab20bd2, Slurm 3273686, completed 2025-10-23 23:48:40 EDT)	mosdepth_md_fraction_target_bases_ge_50x	0.53	fraction	target bases	intervals_sorted.bed (242,421 hg38 intervals lifted from SeqCap EZ Exome v3; 63,709,951 bp summed, 63,514,049 bp merged)	wes/sarek_3.5.1_run/reports/mosdepth/OV90_P63/OV90_P63.md.mosdepth.region.dist.txt	found	
OV90_P63	nf-core/sarek 3.5.1 run angry_allen (session 26cf85bf-0ac3-4237-8f48-c36b2ab20bd2, Slurm 3273686, completed 2025-10-23 23:48:40 EDT)	mosdepth_md_fraction_target_bases_ge_30x	0.80	fraction	target bases	intervals_sorted.bed (242,421 hg38 intervals lifted from SeqCap EZ Exome v3; 63,709,951 bp summed, 63,514,049 bp merged)	wes/sarek_3.5.1_run/reports/mosdepth/OV90_P63/OV90_P63.md.mosdepth.region.dist.txt	found	
OV90_P63	nf-core/sarek 3.5.1 run angry_allen (session 26cf85bf-0ac3-4237-8f48-c36b2ab20bd2, Slurm 3273686, completed 2025-10-23 23:48:40 EDT)	mosdepth_md_fraction_target_bases_ge_20x	0.91	fraction	target bases	intervals_sorted.bed (242,421 hg38 intervals lifted from SeqCap EZ Exome v3; 63,709,951 bp summed, 63,514,049 bp merged)	wes/sarek_3.5.1_run/reports/mosdepth/OV90_P63/OV90_P63.md.mosdepth.region.dist.txt	found	
OV90_P63	nf-core/sarek 3.5.1 run angry_allen (session 26cf85bf-0ac3-4237-8f48-c36b2ab20bd2, Slurm 3273686, completed 2025-10-23 23:48:40 EDT)	mosdepth_md_fraction_target_bases_ge_10x	0.97	fraction	target bases	intervals_sorted.bed (242,421 hg38 intervals lifted from SeqCap EZ Exome v3; 63,709,951 bp summed, 63,514,049 bp merged)	wes/sarek_3.5.1_run/reports/mosdepth/OV90_P63/OV90_P63.md.mosdepth.region.dist.txt	found	
OV90_P63	nf-core/sarek 3.5.1 run angry_allen (session 26cf85bf-0ac3-4237-8f48-c36b2ab20bd2, Slurm 3273686, completed 2025-10-23 23:48:40 EDT)	mosdepth_md_fraction_target_bases_ge_1x	0.99	fraction	target bases	intervals_sorted.bed (242,421 hg38 intervals lifted from SeqCap EZ Exome v3; 63,709,951 bp summed, 63,514,049 bp merged)	wes/sarek_3.5.1_run/reports/mosdepth/OV90_P63/OV90_P63.md.mosdepth.region.dist.txt	found	
OV90_P63	nf-core/sarek 3.5.1 run angry_allen (session 26cf85bf-0ac3-4237-8f48-c36b2ab20bd2, Slurm 3273686, completed 2025-10-23 23:48:40 EDT)	mosdepth_recal_mean_depth_genome	1.81	x	whole reference (3092843764 bp)		wes/sarek_3.5.1_run/reports/mosdepth/OV90_P63/OV90_P63.recal.mosdepth.summary.txt	found	
OV90_P63	nf-core/sarek 3.5.1 run angry_allen (session 26cf85bf-0ac3-4237-8f48-c36b2ab20bd2, Slurm 3273686, completed 2025-10-23 23:48:40 EDT)	mosdepth_recal_mean_depth_target	70.88	x	target bases (63709444 bp, --by intervals_sorted.bed)	intervals_sorted.bed (242,421 hg38 intervals lifted from SeqCap EZ Exome v3; 63,709,951 bp summed, 63,514,049 bp merged)	wes/sarek_3.5.1_run/reports/mosdepth/OV90_P63/OV90_P63.recal.mosdepth.summary.txt	found	mean of per-base depth over the target footprint; mosdepth counts duplicates unless flagged (Sarek default)
OV90_P63	nf-core/sarek 3.5.1 run angry_allen (session 26cf85bf-0ac3-4237-8f48-c36b2ab20bd2, Slurm 3273686, completed 2025-10-23 23:48:40 EDT)	mosdepth_recal_fraction_target_bases_ge_100x	0.13	fraction	target bases	intervals_sorted.bed (242,421 hg38 intervals lifted from SeqCap EZ Exome v3; 63,709,951 bp summed, 63,514,049 bp merged)	wes/sarek_3.5.1_run/reports/mosdepth/OV90_P63/OV90_P63.recal.mosdepth.region.dist.txt	found	
OV90_P63	nf-core/sarek 3.5.1 run angry_allen (session 26cf85bf-0ac3-4237-8f48-c36b2ab20bd2, Slurm 3273686, completed 2025-10-23 23:48:40 EDT)	mosdepth_recal_fraction_target_bases_ge_50x	0.53	fraction	target bases	intervals_sorted.bed (242,421 hg38 intervals lifted from SeqCap EZ Exome v3; 63,709,951 bp summed, 63,514,049 bp merged)	wes/sarek_3.5.1_run/reports/mosdepth/OV90_P63/OV90_P63.recal.mosdepth.region.dist.txt	found	
OV90_P63	nf-core/sarek 3.5.1 run angry_allen (session 26cf85bf-0ac3-4237-8f48-c36b2ab20bd2, Slurm 3273686, completed 2025-10-23 23:48:40 EDT)	mosdepth_recal_fraction_target_bases_ge_30x	0.80	fraction	target bases	intervals_sorted.bed (242,421 hg38 intervals lifted from SeqCap EZ Exome v3; 63,709,951 bp summed, 63,514,049 bp merged)	wes/sarek_3.5.1_run/reports/mosdepth/OV90_P63/OV90_P63.recal.mosdepth.region.dist.txt	found	
OV90_P63	nf-core/sarek 3.5.1 run angry_allen (session 26cf85bf-0ac3-4237-8f48-c36b2ab20bd2, Slurm 3273686, completed 2025-10-23 23:48:40 EDT)	mosdepth_recal_fraction_target_bases_ge_20x	0.91	fraction	target bases	intervals_sorted.bed (242,421 hg38 intervals lifted from SeqCap EZ Exome v3; 63,709,951 bp summed, 63,514,049 bp merged)	wes/sarek_3.5.1_run/reports/mosdepth/OV90_P63/OV90_P63.recal.mosdepth.region.dist.txt	found	
OV90_P63	nf-core/sarek 3.5.1 run angry_allen (session 26cf85bf-0ac3-4237-8f48-c36b2ab20bd2, Slurm 3273686, completed 2025-10-23 23:48:40 EDT)	mosdepth_recal_fraction_target_bases_ge_10x	0.97	fraction	target bases	intervals_sorted.bed (242,421 hg38 intervals lifted from SeqCap EZ Exome v3; 63,709,951 bp summed, 63,514,049 bp merged)	wes/sarek_3.5.1_run/reports/mosdepth/OV90_P63/OV90_P63.recal.mosdepth.region.dist.txt	found	
OV90_P63	nf-core/sarek 3.5.1 run angry_allen (session 26cf85bf-0ac3-4237-8f48-c36b2ab20bd2, Slurm 3273686, completed 2025-10-23 23:48:40 EDT)	mosdepth_recal_fraction_target_bases_ge_1x	0.99	fraction	target bases	intervals_sorted.bed (242,421 hg38 intervals lifted from SeqCap EZ Exome v3; 63,709,951 bp summed, 63,514,049 bp merged)	wes/sarek_3.5.1_run/reports/mosdepth/OV90_P63/OV90_P63.recal.mosdepth.region.dist.txt	found	
OV90_P63	nf-core/sarek 3.5.1 run angry_allen (session 26cf85bf-0ac3-4237-8f48-c36b2ab20bd2, Slurm 3273686, completed 2025-10-23 23:48:40 EDT)	gatk_calculatecontamination_estimate	0.001982510747686391	fraction	GetPileupSummaries on af-only-gnomad.hg38 sites within calling intervals; tumour-only		wes/sarek_3.5.1_run/variant_calling/mutect2/OV90_P63/OV90_P63.mutect2.contamination.table	found	cross-sample contamination estimate, error=4.344892347752393E-4; not a stock-authentication result
OV90_P63	nf-core/sarek 3.5.1 run angry_kilby (session 26cf85bf, Slurm 3377445, 2025-10-24, failed at GETPILEUPSUMMARIES TOV3133D_P66)	cnvkit_reads_in_target_bins	51489572	reads	mapped reads in recal BAM (interval-restricted)	cnvkit.reference.target-tmp.bed (242,421 bins)	wes/sarek_3.5.1_run/task_evidence/oct24_CNVKIT_BATCH_OV90_P63.5a_9c55f01b9d9f3b937491fab0ee693c/.command.err	found	
OV90_P63	nf-core/sarek 3.5.1 run angry_kilby (session 26cf85bf, Slurm 3377445, 2025-10-24, failed at GETPILEUPSUMMARIES TOV3133D_P66)	cnvkit_percent_mapped_reads_in_target_bins	63.555	percent	81015456 mapped reads in recal BAM (interval-restricted, so not a genome-wide on-target fraction)	cnvkit.reference.target-tmp.bed (242,421 bins)	wes/sarek_3.5.1_run/task_evidence/oct24_CNVKIT_BATCH_OV90_P63.5a_9c55f01b9d9f3b937491fab0ee693c/.command.err	found	Sarek-internal CNVkit batch (flat reference) task log; recal CRAM excludes off-interval reads, so genome-wide on-target fraction must use md CRAM stats
OV90_P63	manual CNVkit 0.9.10 batch (apptainer image cnvkit-0.9.10--pyhdfd78af_0.img), outputs dated 2025-11-14 to 2025-12-03	cnvkit_target_mean_depth_length_weighted	79.8	x	63514049 bp in 290475 target bins (CNVkit depth column)	intervals_sorted.target.bed (290,475 CNVkit autobin-split target bins, sha256 2177970f...; 63,514,049 bp)	wes/cnvkit_0.9.10_manual/OV90_P63_new/OV90_P63.targetcoverage.cnn	found	derived here from the retained coverage file; not a pipeline-reported number
OV90_P63	manual CNVkit 0.9.10 batch (apptainer image cnvkit-0.9.10--pyhdfd78af_0.img), outputs dated 2025-11-14 to 2025-12-03	cnvkit_target_bins_zero_depth	1420	bins	290475 target bins	intervals_sorted.target.bed (290,475 CNVkit autobin-split target bins, sha256 2177970f...; 63,514,049 bp)	wes/cnvkit_0.9.10_manual/OV90_P63_new/OV90_P63.targetcoverage.cnn	found	derived here
OV90_P63	manual CNVkit 0.9.10 batch (apptainer image cnvkit-0.9.10--pyhdfd78af_0.img), outputs dated 2025-11-14 to 2025-12-03	cnvkit_call_segments	99	segments		intervals_sorted.target.bed (290,475 CNVkit autobin-split target bins, sha256 2177970f...; 63,514,049 bp)	wes/cnvkit_0.9.10_manual/OV90_P63_new/OV90_P63.call.cns	found	
OV90_P63	nf-core/sarek 3.5.1 run angry_allen (session 26cf85bf-0ac3-4237-8f48-c36b2ab20bd2, Slurm 3273686, completed 2025-10-23 23:48:40 EDT)	bcftools_stats_filtered_vcf_number_of_records	23364	records	all records in mutect2.filtered.vcf.gz (PASS and non-PASS)		wes/sarek_3.5.1_run/multiqc/multiqc_data/multiqc_bcftools_stats.txt	found	
OV90_P63	nf-core/sarek 3.5.1 run angry_allen (session 26cf85bf-0ac3-4237-8f48-c36b2ab20bd2, Slurm 3273686, completed 2025-10-23 23:48:40 EDT)	bcftools_stats_filtered_vcf_number_of_SNPs	14914	records	all records in mutect2.filtered.vcf.gz (PASS and non-PASS)		wes/sarek_3.5.1_run/multiqc/multiqc_data/multiqc_bcftools_stats.txt	found	
OV90_P63	nf-core/sarek 3.5.1 run angry_allen (session 26cf85bf-0ac3-4237-8f48-c36b2ab20bd2, Slurm 3273686, completed 2025-10-23 23:48:40 EDT)	bcftools_stats_filtered_vcf_number_of_indels	7287	records	all records in mutect2.filtered.vcf.gz (PASS and non-PASS)		wes/sarek_3.5.1_run/multiqc/multiqc_data/multiqc_bcftools_stats.txt	found	
OV90_P63	nf-core/sarek 3.5.1 run angry_allen (session 26cf85bf-0ac3-4237-8f48-c36b2ab20bd2, Slurm 3273686, completed 2025-10-23 23:48:40 EDT)	bcftools_stats_filtered_vcf_number_of_MNPs	1371	records	all records in mutect2.filtered.vcf.gz (PASS and non-PASS)		wes/sarek_3.5.1_run/multiqc/multiqc_data/multiqc_bcftools_stats.txt	found	
OV90_P63	nf-core/sarek 3.5.1 run angry_allen (session 26cf85bf-0ac3-4237-8f48-c36b2ab20bd2, Slurm 3273686, completed 2025-10-23 23:48:40 EDT)	bcftools_stats_filtered_vcf_tstv	1.29	ratio	all records in mutect2.filtered.vcf.gz (PASS and non-PASS)		wes/sarek_3.5.1_run/multiqc/multiqc_data/multiqc_bcftools_stats.txt	found	
OV90_P63	nf-core/sarek 3.5.1 run angry_allen (session 26cf85bf-0ac3-4237-8f48-c36b2ab20bd2, Slurm 3273686, completed 2025-10-23 23:48:40 EDT)	vcftools_filtered_vcf_PASS_records	856	records	records in mutect2.filtered.vcf.gz		wes/sarek_3.5.1_run/reports/vcftools/mutect2/OV90_P63/OV90_P63.mutect2.filtered.FILTER.summary	found	
TOV112D_P83	nf-core/sarek 3.5.1 run angry_allen (session 26cf85bf-0ac3-4237-8f48-c36b2ab20bd2, Slurm 3273686, completed 2025-10-23 23:48:40 EDT)	fastp_total_reads_before_filtering	125647242	reads (R1+R2)	all reads in provider BAM converted to FASTQ		wes/sarek_3.5.1_run/reports/fastp/TOV112D_P83/TOV112D_P83-7.fastp.json	found	
TOV112D_P83	nf-core/sarek 3.5.1 run angry_allen (session 26cf85bf-0ac3-4237-8f48-c36b2ab20bd2, Slurm 3273686, completed 2025-10-23 23:48:40 EDT)	fastp_total_reads_after_filtering	123841684	reads (R1+R2)	reads passing fastp --length_required 15 (adapter trimming disabled)		wes/sarek_3.5.1_run/reports/fastp/TOV112D_P83/TOV112D_P83-7.fastp.json	found	
TOV112D_P83	nf-core/sarek 3.5.1 run angry_allen (session 26cf85bf-0ac3-4237-8f48-c36b2ab20bd2, Slurm 3273686, completed 2025-10-23 23:48:40 EDT)	fastp_q30_rate_after_filtering	0.9264	fraction of bases	bases after filtering		wes/sarek_3.5.1_run/reports/fastp/TOV112D_P83/TOV112D_P83-7.fastp.json	found	
TOV112D_P83	nf-core/sarek 3.5.1 run angry_allen (session 26cf85bf-0ac3-4237-8f48-c36b2ab20bd2, Slurm 3273686, completed 2025-10-23 23:48:40 EDT)	fastp_gc_content_after_filtering	0.4298	fraction	bases after filtering		wes/sarek_3.5.1_run/reports/fastp/TOV112D_P83/TOV112D_P83-7.fastp.json	found	
TOV112D_P83	nf-core/sarek 3.5.1 run angry_allen (session 26cf85bf-0ac3-4237-8f48-c36b2ab20bd2, Slurm 3273686, completed 2025-10-23 23:48:40 EDT)	fastp_duplication_rate	0.1384	fraction of reads	fastp sequence-level estimate before alignment		wes/sarek_3.5.1_run/reports/fastp/TOV112D_P83/TOV112D_P83-7.fastp.json	found	
TOV112D_P83	nf-core/sarek 3.5.1 run angry_allen (session 26cf85bf-0ac3-4237-8f48-c36b2ab20bd2, Slurm 3273686, completed 2025-10-23 23:48:40 EDT)	fastp_insert_size_peak	156	bp	fastp overlap-based estimate		wes/sarek_3.5.1_run/reports/fastp/TOV112D_P83/TOV112D_P83-7.fastp.json	found	
TOV112D_P83	nf-core/sarek 3.5.1 run angry_allen (session 26cf85bf-0ac3-4237-8f48-c36b2ab20bd2, Slurm 3273686, completed 2025-10-23 23:48:40 EDT)	fastp_read_length_mean_R1	100	bp			wes/sarek_3.5.1_run/reports/fastp/TOV112D_P83/TOV112D_P83-7.fastp.json	found	
TOV112D_P83	nf-core/sarek 3.5.1 run angry_allen (session 26cf85bf-0ac3-4237-8f48-c36b2ab20bd2, Slurm 3273686, completed 2025-10-23 23:48:40 EDT)	samtools_stats_md_raw_total_sequences	123841684	reads	all reads, genome-wide (duplicate-marked CRAM)		wes/sarek_3.5.1_run/reports/samtools/TOV112D_P83/TOV112D_P83.md.cram.stats	found	
TOV112D_P83	nf-core/sarek 3.5.1 run angry_allen (session 26cf85bf-0ac3-4237-8f48-c36b2ab20bd2, Slurm 3273686, completed 2025-10-23 23:48:40 EDT)	samtools_stats_md_reads_mapped	123786150	reads	all reads, genome-wide (duplicate-marked CRAM)		wes/sarek_3.5.1_run/reports/samtools/TOV112D_P83/TOV112D_P83.md.cram.stats	found	
TOV112D_P83	nf-core/sarek 3.5.1 run angry_allen (session 26cf85bf-0ac3-4237-8f48-c36b2ab20bd2, Slurm 3273686, completed 2025-10-23 23:48:40 EDT)	samtools_stats_md_reads_mapped_and_paired	123780816	reads	all reads, genome-wide (duplicate-marked CRAM)		wes/sarek_3.5.1_run/reports/samtools/TOV112D_P83/TOV112D_P83.md.cram.stats	found	
TOV112D_P83	nf-core/sarek 3.5.1 run angry_allen (session 26cf85bf-0ac3-4237-8f48-c36b2ab20bd2, Slurm 3273686, completed 2025-10-23 23:48:40 EDT)	samtools_stats_md_reads_properly_paired	122102530	reads	all reads, genome-wide (duplicate-marked CRAM)		wes/sarek_3.5.1_run/reports/samtools/TOV112D_P83/TOV112D_P83.md.cram.stats	found	
TOV112D_P83	nf-core/sarek 3.5.1 run angry_allen (session 26cf85bf-0ac3-4237-8f48-c36b2ab20bd2, Slurm 3273686, completed 2025-10-23 23:48:40 EDT)	samtools_stats_md_reads_duplicated	24476850	reads	all reads, genome-wide (duplicate-marked CRAM)		wes/sarek_3.5.1_run/reports/samtools/TOV112D_P83/TOV112D_P83.md.cram.stats	found	
TOV112D_P83	nf-core/sarek 3.5.1 run angry_allen (session 26cf85bf-0ac3-4237-8f48-c36b2ab20bd2, Slurm 3273686, completed 2025-10-23 23:48:40 EDT)	samtools_stats_md_reads_MQ0	17813542	reads	all reads, genome-wide (duplicate-marked CRAM)		wes/sarek_3.5.1_run/reports/samtools/TOV112D_P83/TOV112D_P83.md.cram.stats	found	
TOV112D_P83	nf-core/sarek 3.5.1 run angry_allen (session 26cf85bf-0ac3-4237-8f48-c36b2ab20bd2, Slurm 3273686, completed 2025-10-23 23:48:40 EDT)	samtools_stats_md_reads_unmapped	55534	reads	all reads, genome-wide (duplicate-marked CRAM)		wes/sarek_3.5.1_run/reports/samtools/TOV112D_P83/TOV112D_P83.md.cram.stats	found	
TOV112D_P83	nf-core/sarek 3.5.1 run angry_allen (session 26cf85bf-0ac3-4237-8f48-c36b2ab20bd2, Slurm 3273686, completed 2025-10-23 23:48:40 EDT)	samtools_stats_md_error_rate	4.381843e-03	fraction	all reads, genome-wide (duplicate-marked CRAM)		wes/sarek_3.5.1_run/reports/samtools/TOV112D_P83/TOV112D_P83.md.cram.stats	found	
TOV112D_P83	nf-core/sarek 3.5.1 run angry_allen (session 26cf85bf-0ac3-4237-8f48-c36b2ab20bd2, Slurm 3273686, completed 2025-10-23 23:48:40 EDT)	samtools_stats_md_average_length	100	bp	all reads, genome-wide (duplicate-marked CRAM)		wes/sarek_3.5.1_run/reports/samtools/TOV112D_P83/TOV112D_P83.md.cram.stats	found	
TOV112D_P83	nf-core/sarek 3.5.1 run angry_allen (session 26cf85bf-0ac3-4237-8f48-c36b2ab20bd2, Slurm 3273686, completed 2025-10-23 23:48:40 EDT)	samtools_stats_md_insert_size_average	212.0	bp	all reads, genome-wide (duplicate-marked CRAM)		wes/sarek_3.5.1_run/reports/samtools/TOV112D_P83/TOV112D_P83.md.cram.stats	found	
TOV112D_P83	nf-core/sarek 3.5.1 run angry_allen (session 26cf85bf-0ac3-4237-8f48-c36b2ab20bd2, Slurm 3273686, completed 2025-10-23 23:48:40 EDT)	samtools_stats_md_insert_size_standard_deviation	84.0	bp	all reads, genome-wide (duplicate-marked CRAM)		wes/sarek_3.5.1_run/reports/samtools/TOV112D_P83/TOV112D_P83.md.cram.stats	found	
TOV112D_P83	nf-core/sarek 3.5.1 run angry_allen (session 26cf85bf-0ac3-4237-8f48-c36b2ab20bd2, Slurm 3273686, completed 2025-10-23 23:48:40 EDT)	samtools_stats_md_percentage_of_properly_paired_reads_pct	98.6	percent	all reads, genome-wide (duplicate-marked CRAM)		wes/sarek_3.5.1_run/reports/samtools/TOV112D_P83/TOV112D_P83.md.cram.stats	found	
TOV112D_P83	nf-core/sarek 3.5.1 run angry_allen (session 26cf85bf-0ac3-4237-8f48-c36b2ab20bd2, Slurm 3273686, completed 2025-10-23 23:48:40 EDT)	samtools_stats_md_bases_mapped_cigar	12367523650	bp	all reads, genome-wide (duplicate-marked CRAM)		wes/sarek_3.5.1_run/reports/samtools/TOV112D_P83/TOV112D_P83.md.cram.stats	found	
TOV112D_P83	nf-core/sarek 3.5.1 run angry_allen (session 26cf85bf-0ac3-4237-8f48-c36b2ab20bd2, Slurm 3273686, completed 2025-10-23 23:48:40 EDT)	samtools_stats_md_average_quality	38.3	reads	all reads, genome-wide (duplicate-marked CRAM)		wes/sarek_3.5.1_run/reports/samtools/TOV112D_P83/TOV112D_P83.md.cram.stats	found	
TOV112D_P83	nf-core/sarek 3.5.1 run angry_allen (session 26cf85bf-0ac3-4237-8f48-c36b2ab20bd2, Slurm 3273686, completed 2025-10-23 23:48:40 EDT)	samtools_stats_recal_raw_total_sequences	93320952	reads	reads retained after per-interval ApplyBQSR (interval-restricted CRAM used for calling)		wes/sarek_3.5.1_run/reports/samtools/TOV112D_P83/TOV112D_P83.recal.cram.stats	found	
TOV112D_P83	nf-core/sarek 3.5.1 run angry_allen (session 26cf85bf-0ac3-4237-8f48-c36b2ab20bd2, Slurm 3273686, completed 2025-10-23 23:48:40 EDT)	samtools_stats_recal_reads_mapped	93318902	reads	reads retained after per-interval ApplyBQSR (interval-restricted CRAM used for calling)		wes/sarek_3.5.1_run/reports/samtools/TOV112D_P83/TOV112D_P83.recal.cram.stats	found	
TOV112D_P83	nf-core/sarek 3.5.1 run angry_allen (session 26cf85bf-0ac3-4237-8f48-c36b2ab20bd2, Slurm 3273686, completed 2025-10-23 23:48:40 EDT)	samtools_stats_recal_reads_mapped_and_paired	93316138	reads	reads retained after per-interval ApplyBQSR (interval-restricted CRAM used for calling)		wes/sarek_3.5.1_run/reports/samtools/TOV112D_P83/TOV112D_P83.recal.cram.stats	found	
TOV112D_P83	nf-core/sarek 3.5.1 run angry_allen (session 26cf85bf-0ac3-4237-8f48-c36b2ab20bd2, Slurm 3273686, completed 2025-10-23 23:48:40 EDT)	samtools_stats_recal_reads_properly_paired	92629201	reads	reads retained after per-interval ApplyBQSR (interval-restricted CRAM used for calling)		wes/sarek_3.5.1_run/reports/samtools/TOV112D_P83/TOV112D_P83.recal.cram.stats	found	
TOV112D_P83	nf-core/sarek 3.5.1 run angry_allen (session 26cf85bf-0ac3-4237-8f48-c36b2ab20bd2, Slurm 3273686, completed 2025-10-23 23:48:40 EDT)	samtools_stats_recal_reads_duplicated	18925933	reads	reads retained after per-interval ApplyBQSR (interval-restricted CRAM used for calling)		wes/sarek_3.5.1_run/reports/samtools/TOV112D_P83/TOV112D_P83.recal.cram.stats	found	
TOV112D_P83	nf-core/sarek 3.5.1 run angry_allen (session 26cf85bf-0ac3-4237-8f48-c36b2ab20bd2, Slurm 3273686, completed 2025-10-23 23:48:40 EDT)	samtools_stats_recal_reads_MQ0	11846058	reads	reads retained after per-interval ApplyBQSR (interval-restricted CRAM used for calling)		wes/sarek_3.5.1_run/reports/samtools/TOV112D_P83/TOV112D_P83.recal.cram.stats	found	
TOV112D_P83	nf-core/sarek 3.5.1 run angry_allen (session 26cf85bf-0ac3-4237-8f48-c36b2ab20bd2, Slurm 3273686, completed 2025-10-23 23:48:40 EDT)	samtools_stats_recal_reads_unmapped	2050	reads	reads retained after per-interval ApplyBQSR (interval-restricted CRAM used for calling)		wes/sarek_3.5.1_run/reports/samtools/TOV112D_P83/TOV112D_P83.recal.cram.stats	found	
TOV112D_P83	nf-core/sarek 3.5.1 run angry_allen (session 26cf85bf-0ac3-4237-8f48-c36b2ab20bd2, Slurm 3273686, completed 2025-10-23 23:48:40 EDT)	samtools_stats_recal_error_rate	3.927474e-03	fraction	reads retained after per-interval ApplyBQSR (interval-restricted CRAM used for calling)		wes/sarek_3.5.1_run/reports/samtools/TOV112D_P83/TOV112D_P83.recal.cram.stats	found	
TOV112D_P83	nf-core/sarek 3.5.1 run angry_allen (session 26cf85bf-0ac3-4237-8f48-c36b2ab20bd2, Slurm 3273686, completed 2025-10-23 23:48:40 EDT)	samtools_stats_recal_average_length	100	bp	reads retained after per-interval ApplyBQSR (interval-restricted CRAM used for calling)		wes/sarek_3.5.1_run/reports/samtools/TOV112D_P83/TOV112D_P83.recal.cram.stats	found	
TOV112D_P83	nf-core/sarek 3.5.1 run angry_allen (session 26cf85bf-0ac3-4237-8f48-c36b2ab20bd2, Slurm 3273686, completed 2025-10-23 23:48:40 EDT)	samtools_stats_recal_insert_size_average	201.3	bp	reads retained after per-interval ApplyBQSR (interval-restricted CRAM used for calling)		wes/sarek_3.5.1_run/reports/samtools/TOV112D_P83/TOV112D_P83.recal.cram.stats	found	
TOV112D_P83	nf-core/sarek 3.5.1 run angry_allen (session 26cf85bf-0ac3-4237-8f48-c36b2ab20bd2, Slurm 3273686, completed 2025-10-23 23:48:40 EDT)	samtools_stats_recal_insert_size_standard_deviation	74.5	bp	reads retained after per-interval ApplyBQSR (interval-restricted CRAM used for calling)		wes/sarek_3.5.1_run/reports/samtools/TOV112D_P83/TOV112D_P83.recal.cram.stats	found	
TOV112D_P83	nf-core/sarek 3.5.1 run angry_allen (session 26cf85bf-0ac3-4237-8f48-c36b2ab20bd2, Slurm 3273686, completed 2025-10-23 23:48:40 EDT)	samtools_stats_recal_percentage_of_properly_paired_reads_pct	99.3	percent	reads retained after per-interval ApplyBQSR (interval-restricted CRAM used for calling)		wes/sarek_3.5.1_run/reports/samtools/TOV112D_P83/TOV112D_P83.recal.cram.stats	found	
TOV112D_P83	nf-core/sarek 3.5.1 run angry_allen (session 26cf85bf-0ac3-4237-8f48-c36b2ab20bd2, Slurm 3273686, completed 2025-10-23 23:48:40 EDT)	samtools_stats_recal_bases_mapped_cigar	9306219989	bp	reads retained after per-interval ApplyBQSR (interval-restricted CRAM used for calling)		wes/sarek_3.5.1_run/reports/samtools/TOV112D_P83/TOV112D_P83.recal.cram.stats	found	
TOV112D_P83	nf-core/sarek 3.5.1 run angry_allen (session 26cf85bf-0ac3-4237-8f48-c36b2ab20bd2, Slurm 3273686, completed 2025-10-23 23:48:40 EDT)	samtools_stats_recal_average_quality	34.4	reads	reads retained after per-interval ApplyBQSR (interval-restricted CRAM used for calling)		wes/sarek_3.5.1_run/reports/samtools/TOV112D_P83/TOV112D_P83.recal.cram.stats	found	
TOV112D_P83	nf-core/sarek 3.5.1 run angry_allen (session 26cf85bf-0ac3-4237-8f48-c36b2ab20bd2, Slurm 3273686, completed 2025-10-23 23:48:40 EDT)	mosdepth_md_mean_depth_genome	2.71	x	whole reference (3212041731 bp)		wes/sarek_3.5.1_run/reports/mosdepth/TOV112D_P83/TOV112D_P83.md.mosdepth.summary.txt	found	
TOV112D_P83	nf-core/sarek 3.5.1 run angry_allen (session 26cf85bf-0ac3-4237-8f48-c36b2ab20bd2, Slurm 3273686, completed 2025-10-23 23:48:40 EDT)	mosdepth_md_mean_depth_target	80.61	x	target bases (63709951 bp, --by intervals_sorted.bed)	intervals_sorted.bed (242,421 hg38 intervals lifted from SeqCap EZ Exome v3; 63,709,951 bp summed, 63,514,049 bp merged)	wes/sarek_3.5.1_run/reports/mosdepth/TOV112D_P83/TOV112D_P83.md.mosdepth.summary.txt	found	mean of per-base depth over the target footprint; mosdepth counts duplicates unless flagged (Sarek default)
TOV112D_P83	nf-core/sarek 3.5.1 run angry_allen (session 26cf85bf-0ac3-4237-8f48-c36b2ab20bd2, Slurm 3273686, completed 2025-10-23 23:48:40 EDT)	mosdepth_md_fraction_target_bases_ge_100x	0.22	fraction	target bases	intervals_sorted.bed (242,421 hg38 intervals lifted from SeqCap EZ Exome v3; 63,709,951 bp summed, 63,514,049 bp merged)	wes/sarek_3.5.1_run/reports/mosdepth/TOV112D_P83/TOV112D_P83.md.mosdepth.region.dist.txt	found	
TOV112D_P83	nf-core/sarek 3.5.1 run angry_allen (session 26cf85bf-0ac3-4237-8f48-c36b2ab20bd2, Slurm 3273686, completed 2025-10-23 23:48:40 EDT)	mosdepth_md_fraction_target_bases_ge_50x	0.57	fraction	target bases	intervals_sorted.bed (242,421 hg38 intervals lifted from SeqCap EZ Exome v3; 63,709,951 bp summed, 63,514,049 bp merged)	wes/sarek_3.5.1_run/reports/mosdepth/TOV112D_P83/TOV112D_P83.md.mosdepth.region.dist.txt	found	
TOV112D_P83	nf-core/sarek 3.5.1 run angry_allen (session 26cf85bf-0ac3-4237-8f48-c36b2ab20bd2, Slurm 3273686, completed 2025-10-23 23:48:40 EDT)	mosdepth_md_fraction_target_bases_ge_30x	0.78	fraction	target bases	intervals_sorted.bed (242,421 hg38 intervals lifted from SeqCap EZ Exome v3; 63,709,951 bp summed, 63,514,049 bp merged)	wes/sarek_3.5.1_run/reports/mosdepth/TOV112D_P83/TOV112D_P83.md.mosdepth.region.dist.txt	found	
TOV112D_P83	nf-core/sarek 3.5.1 run angry_allen (session 26cf85bf-0ac3-4237-8f48-c36b2ab20bd2, Slurm 3273686, completed 2025-10-23 23:48:40 EDT)	mosdepth_md_fraction_target_bases_ge_20x	0.88	fraction	target bases	intervals_sorted.bed (242,421 hg38 intervals lifted from SeqCap EZ Exome v3; 63,709,951 bp summed, 63,514,049 bp merged)	wes/sarek_3.5.1_run/reports/mosdepth/TOV112D_P83/TOV112D_P83.md.mosdepth.region.dist.txt	found	
TOV112D_P83	nf-core/sarek 3.5.1 run angry_allen (session 26cf85bf-0ac3-4237-8f48-c36b2ab20bd2, Slurm 3273686, completed 2025-10-23 23:48:40 EDT)	mosdepth_md_fraction_target_bases_ge_10x	0.95	fraction	target bases	intervals_sorted.bed (242,421 hg38 intervals lifted from SeqCap EZ Exome v3; 63,709,951 bp summed, 63,514,049 bp merged)	wes/sarek_3.5.1_run/reports/mosdepth/TOV112D_P83/TOV112D_P83.md.mosdepth.region.dist.txt	found	
TOV112D_P83	nf-core/sarek 3.5.1 run angry_allen (session 26cf85bf-0ac3-4237-8f48-c36b2ab20bd2, Slurm 3273686, completed 2025-10-23 23:48:40 EDT)	mosdepth_md_fraction_target_bases_ge_1x	0.99	fraction	target bases	intervals_sorted.bed (242,421 hg38 intervals lifted from SeqCap EZ Exome v3; 63,709,951 bp summed, 63,514,049 bp merged)	wes/sarek_3.5.1_run/reports/mosdepth/TOV112D_P83/TOV112D_P83.md.mosdepth.region.dist.txt	found	
TOV112D_P83	nf-core/sarek 3.5.1 run angry_allen (session 26cf85bf-0ac3-4237-8f48-c36b2ab20bd2, Slurm 3273686, completed 2025-10-23 23:48:40 EDT)	mosdepth_recal_mean_depth_genome	2.08	x	whole reference (3092580710 bp)		wes/sarek_3.5.1_run/reports/mosdepth/TOV112D_P83/TOV112D_P83.recal.mosdepth.summary.txt	found	
TOV112D_P83	nf-core/sarek 3.5.1 run angry_allen (session 26cf85bf-0ac3-4237-8f48-c36b2ab20bd2, Slurm 3273686, completed 2025-10-23 23:48:40 EDT)	mosdepth_recal_mean_depth_target	80.61	x	target bases (63709402 bp, --by intervals_sorted.bed)	intervals_sorted.bed (242,421 hg38 intervals lifted from SeqCap EZ Exome v3; 63,709,951 bp summed, 63,514,049 bp merged)	wes/sarek_3.5.1_run/reports/mosdepth/TOV112D_P83/TOV112D_P83.recal.mosdepth.summary.txt	found	mean of per-base depth over the target footprint; mosdepth counts duplicates unless flagged (Sarek default)
TOV112D_P83	nf-core/sarek 3.5.1 run angry_allen (session 26cf85bf-0ac3-4237-8f48-c36b2ab20bd2, Slurm 3273686, completed 2025-10-23 23:48:40 EDT)	mosdepth_recal_fraction_target_bases_ge_100x	0.22	fraction	target bases	intervals_sorted.bed (242,421 hg38 intervals lifted from SeqCap EZ Exome v3; 63,709,951 bp summed, 63,514,049 bp merged)	wes/sarek_3.5.1_run/reports/mosdepth/TOV112D_P83/TOV112D_P83.recal.mosdepth.region.dist.txt	found	
TOV112D_P83	nf-core/sarek 3.5.1 run angry_allen (session 26cf85bf-0ac3-4237-8f48-c36b2ab20bd2, Slurm 3273686, completed 2025-10-23 23:48:40 EDT)	mosdepth_recal_fraction_target_bases_ge_50x	0.57	fraction	target bases	intervals_sorted.bed (242,421 hg38 intervals lifted from SeqCap EZ Exome v3; 63,709,951 bp summed, 63,514,049 bp merged)	wes/sarek_3.5.1_run/reports/mosdepth/TOV112D_P83/TOV112D_P83.recal.mosdepth.region.dist.txt	found	
TOV112D_P83	nf-core/sarek 3.5.1 run angry_allen (session 26cf85bf-0ac3-4237-8f48-c36b2ab20bd2, Slurm 3273686, completed 2025-10-23 23:48:40 EDT)	mosdepth_recal_fraction_target_bases_ge_30x	0.78	fraction	target bases	intervals_sorted.bed (242,421 hg38 intervals lifted from SeqCap EZ Exome v3; 63,709,951 bp summed, 63,514,049 bp merged)	wes/sarek_3.5.1_run/reports/mosdepth/TOV112D_P83/TOV112D_P83.recal.mosdepth.region.dist.txt	found	
TOV112D_P83	nf-core/sarek 3.5.1 run angry_allen (session 26cf85bf-0ac3-4237-8f48-c36b2ab20bd2, Slurm 3273686, completed 2025-10-23 23:48:40 EDT)	mosdepth_recal_fraction_target_bases_ge_20x	0.88	fraction	target bases	intervals_sorted.bed (242,421 hg38 intervals lifted from SeqCap EZ Exome v3; 63,709,951 bp summed, 63,514,049 bp merged)	wes/sarek_3.5.1_run/reports/mosdepth/TOV112D_P83/TOV112D_P83.recal.mosdepth.region.dist.txt	found	
TOV112D_P83	nf-core/sarek 3.5.1 run angry_allen (session 26cf85bf-0ac3-4237-8f48-c36b2ab20bd2, Slurm 3273686, completed 2025-10-23 23:48:40 EDT)	mosdepth_recal_fraction_target_bases_ge_10x	0.95	fraction	target bases	intervals_sorted.bed (242,421 hg38 intervals lifted from SeqCap EZ Exome v3; 63,709,951 bp summed, 63,514,049 bp merged)	wes/sarek_3.5.1_run/reports/mosdepth/TOV112D_P83/TOV112D_P83.recal.mosdepth.region.dist.txt	found	
TOV112D_P83	nf-core/sarek 3.5.1 run angry_allen (session 26cf85bf-0ac3-4237-8f48-c36b2ab20bd2, Slurm 3273686, completed 2025-10-23 23:48:40 EDT)	mosdepth_recal_fraction_target_bases_ge_1x	0.99	fraction	target bases	intervals_sorted.bed (242,421 hg38 intervals lifted from SeqCap EZ Exome v3; 63,709,951 bp summed, 63,514,049 bp merged)	wes/sarek_3.5.1_run/reports/mosdepth/TOV112D_P83/TOV112D_P83.recal.mosdepth.region.dist.txt	found	
TOV112D_P83	nf-core/sarek 3.5.1 run angry_allen (session 26cf85bf-0ac3-4237-8f48-c36b2ab20bd2, Slurm 3273686, completed 2025-10-23 23:48:40 EDT)	gatk_calculatecontamination_estimate	0.002750233426062037	fraction	GetPileupSummaries on af-only-gnomad.hg38 sites within calling intervals; tumour-only		wes/sarek_3.5.1_run/variant_calling/mutect2/TOV112D_P83/TOV112D_P83.mutect2.contamination.table	found	cross-sample contamination estimate, error=8.564218662260358E-4; not a stock-authentication result
TOV112D_P83	nf-core/sarek 3.5.1 run angry_kilby (session 26cf85bf, Slurm 3377445, 2025-10-24, failed at GETPILEUPSUMMARIES TOV3133D_P66)	cnvkit_reads_in_target_bins	60052352	reads	mapped reads in recal BAM (interval-restricted)	cnvkit.reference.target-tmp.bed (242,421 bins)	wes/sarek_3.5.1_run/task_evidence/oct24_CNVKIT_BATCH_TOV112D_P83.42_00815049b9b01a26e84c3b4fb82f65/.command.err	found	
TOV112D_P83	nf-core/sarek 3.5.1 run angry_kilby (session 26cf85bf, Slurm 3377445, 2025-10-24, failed at GETPILEUPSUMMARIES TOV3133D_P66)	cnvkit_percent_mapped_reads_in_target_bins	64.305	percent	93386646 mapped reads in recal BAM (interval-restricted, so not a genome-wide on-target fraction)	cnvkit.reference.target-tmp.bed (242,421 bins)	wes/sarek_3.5.1_run/task_evidence/oct24_CNVKIT_BATCH_TOV112D_P83.42_00815049b9b01a26e84c3b4fb82f65/.command.err	found	Sarek-internal CNVkit batch (flat reference) task log; recal CRAM excludes off-interval reads, so genome-wide on-target fraction must use md CRAM stats
TOV112D_P83	manual CNVkit 0.9.10 batch (apptainer image cnvkit-0.9.10--pyhdfd78af_0.img), outputs dated 2025-11-14 to 2025-12-03	cnvkit_target_mean_depth_length_weighted	92.71	x	63514049 bp in 290475 target bins (CNVkit depth column)	intervals_sorted.target.bed (290,475 CNVkit autobin-split target bins, sha256 2177970f...; 63,514,049 bp)	wes/cnvkit_0.9.10_manual/TOV112D_P83_new/TOV112D_P83.targetcoverage.cnn	found	derived here from the retained coverage file; not a pipeline-reported number
TOV112D_P83	manual CNVkit 0.9.10 batch (apptainer image cnvkit-0.9.10--pyhdfd78af_0.img), outputs dated 2025-11-14 to 2025-12-03	cnvkit_target_bins_zero_depth	1513	bins	290475 target bins	intervals_sorted.target.bed (290,475 CNVkit autobin-split target bins, sha256 2177970f...; 63,514,049 bp)	wes/cnvkit_0.9.10_manual/TOV112D_P83_new/TOV112D_P83.targetcoverage.cnn	found	derived here
TOV112D_P83	manual CNVkit 0.9.10 batch (apptainer image cnvkit-0.9.10--pyhdfd78af_0.img), outputs dated 2025-11-14 to 2025-12-03	cnvkit_call_segments	82	segments		intervals_sorted.target.bed (290,475 CNVkit autobin-split target bins, sha256 2177970f...; 63,514,049 bp)	wes/cnvkit_0.9.10_manual/TOV112D_P83_new/TOV112D_P83.call.cns	found	
TOV112D_P83	nf-core/sarek 3.5.1 run angry_allen (session 26cf85bf-0ac3-4237-8f48-c36b2ab20bd2, Slurm 3273686, completed 2025-10-23 23:48:40 EDT)	bcftools_stats_filtered_vcf_number_of_records	22090	records	all records in mutect2.filtered.vcf.gz (PASS and non-PASS)		wes/sarek_3.5.1_run/multiqc/multiqc_data/multiqc_bcftools_stats.txt	found	
TOV112D_P83	nf-core/sarek 3.5.1 run angry_allen (session 26cf85bf-0ac3-4237-8f48-c36b2ab20bd2, Slurm 3273686, completed 2025-10-23 23:48:40 EDT)	bcftools_stats_filtered_vcf_number_of_SNPs	13815	records	all records in mutect2.filtered.vcf.gz (PASS and non-PASS)		wes/sarek_3.5.1_run/multiqc/multiqc_data/multiqc_bcftools_stats.txt	found	
TOV112D_P83	nf-core/sarek 3.5.1 run angry_allen (session 26cf85bf-0ac3-4237-8f48-c36b2ab20bd2, Slurm 3273686, completed 2025-10-23 23:48:40 EDT)	bcftools_stats_filtered_vcf_number_of_indels	7369	records	all records in mutect2.filtered.vcf.gz (PASS and non-PASS)		wes/sarek_3.5.1_run/multiqc/multiqc_data/multiqc_bcftools_stats.txt	found	
TOV112D_P83	nf-core/sarek 3.5.1 run angry_allen (session 26cf85bf-0ac3-4237-8f48-c36b2ab20bd2, Slurm 3273686, completed 2025-10-23 23:48:40 EDT)	bcftools_stats_filtered_vcf_number_of_MNPs	1169	records	all records in mutect2.filtered.vcf.gz (PASS and non-PASS)		wes/sarek_3.5.1_run/multiqc/multiqc_data/multiqc_bcftools_stats.txt	found	
TOV112D_P83	nf-core/sarek 3.5.1 run angry_allen (session 26cf85bf-0ac3-4237-8f48-c36b2ab20bd2, Slurm 3273686, completed 2025-10-23 23:48:40 EDT)	bcftools_stats_filtered_vcf_tstv	0.99	ratio	all records in mutect2.filtered.vcf.gz (PASS and non-PASS)		wes/sarek_3.5.1_run/multiqc/multiqc_data/multiqc_bcftools_stats.txt	found	
TOV112D_P83	nf-core/sarek 3.5.1 run angry_allen (session 26cf85bf-0ac3-4237-8f48-c36b2ab20bd2, Slurm 3273686, completed 2025-10-23 23:48:40 EDT)	vcftools_filtered_vcf_PASS_records	553	records	records in mutect2.filtered.vcf.gz		wes/sarek_3.5.1_run/reports/vcftools/mutect2/TOV112D_P83/TOV112D_P83.mutect2.filtered.FILTER.summary	found	
TOV1369_P65	nf-core/sarek 3.5.1 run angry_allen (session 26cf85bf-0ac3-4237-8f48-c36b2ab20bd2, Slurm 3273686, completed 2025-10-23 23:48:40 EDT)	fastp_total_reads_before_filtering	130895880	reads (R1+R2)	all reads in provider BAM converted to FASTQ		wes/sarek_3.5.1_run/reports/fastp/TOV1369_P65/TOV1369_P65-6.fastp.json	found	
TOV1369_P65	nf-core/sarek 3.5.1 run angry_allen (session 26cf85bf-0ac3-4237-8f48-c36b2ab20bd2, Slurm 3273686, completed 2025-10-23 23:48:40 EDT)	fastp_total_reads_after_filtering	128339628	reads (R1+R2)	reads passing fastp --length_required 15 (adapter trimming disabled)		wes/sarek_3.5.1_run/reports/fastp/TOV1369_P65/TOV1369_P65-6.fastp.json	found	
TOV1369_P65	nf-core/sarek 3.5.1 run angry_allen (session 26cf85bf-0ac3-4237-8f48-c36b2ab20bd2, Slurm 3273686, completed 2025-10-23 23:48:40 EDT)	fastp_q30_rate_after_filtering	0.8892	fraction of bases	bases after filtering		wes/sarek_3.5.1_run/reports/fastp/TOV1369_P65/TOV1369_P65-6.fastp.json	found	
TOV1369_P65	nf-core/sarek 3.5.1 run angry_allen (session 26cf85bf-0ac3-4237-8f48-c36b2ab20bd2, Slurm 3273686, completed 2025-10-23 23:48:40 EDT)	fastp_gc_content_after_filtering	0.4334	fraction	bases after filtering		wes/sarek_3.5.1_run/reports/fastp/TOV1369_P65/TOV1369_P65-6.fastp.json	found	
TOV1369_P65	nf-core/sarek 3.5.1 run angry_allen (session 26cf85bf-0ac3-4237-8f48-c36b2ab20bd2, Slurm 3273686, completed 2025-10-23 23:48:40 EDT)	fastp_duplication_rate	0.1046	fraction of reads	fastp sequence-level estimate before alignment		wes/sarek_3.5.1_run/reports/fastp/TOV1369_P65/TOV1369_P65-6.fastp.json	found	
TOV1369_P65	nf-core/sarek 3.5.1 run angry_allen (session 26cf85bf-0ac3-4237-8f48-c36b2ab20bd2, Slurm 3273686, completed 2025-10-23 23:48:40 EDT)	fastp_insert_size_peak	168	bp	fastp overlap-based estimate		wes/sarek_3.5.1_run/reports/fastp/TOV1369_P65/TOV1369_P65-6.fastp.json	found	
TOV1369_P65	nf-core/sarek 3.5.1 run angry_allen (session 26cf85bf-0ac3-4237-8f48-c36b2ab20bd2, Slurm 3273686, completed 2025-10-23 23:48:40 EDT)	fastp_read_length_mean_R1	100	bp			wes/sarek_3.5.1_run/reports/fastp/TOV1369_P65/TOV1369_P65-6.fastp.json	found	
TOV1369_P65	nf-core/sarek 3.5.1 run angry_allen (session 26cf85bf-0ac3-4237-8f48-c36b2ab20bd2, Slurm 3273686, completed 2025-10-23 23:48:40 EDT)	samtools_stats_md_raw_total_sequences	128339628	reads	all reads, genome-wide (duplicate-marked CRAM)		wes/sarek_3.5.1_run/reports/samtools/TOV1369_P65/TOV1369_P65.md.cram.stats	found	
TOV1369_P65	nf-core/sarek 3.5.1 run angry_allen (session 26cf85bf-0ac3-4237-8f48-c36b2ab20bd2, Slurm 3273686, completed 2025-10-23 23:48:40 EDT)	samtools_stats_md_reads_mapped	128307506	reads	all reads, genome-wide (duplicate-marked CRAM)		wes/sarek_3.5.1_run/reports/samtools/TOV1369_P65/TOV1369_P65.md.cram.stats	found	
TOV1369_P65	nf-core/sarek 3.5.1 run angry_allen (session 26cf85bf-0ac3-4237-8f48-c36b2ab20bd2, Slurm 3273686, completed 2025-10-23 23:48:40 EDT)	samtools_stats_md_reads_mapped_and_paired	128304244	reads	all reads, genome-wide (duplicate-marked CRAM)		wes/sarek_3.5.1_run/reports/samtools/TOV1369_P65/TOV1369_P65.md.cram.stats	found	
TOV1369_P65	nf-core/sarek 3.5.1 run angry_allen (session 26cf85bf-0ac3-4237-8f48-c36b2ab20bd2, Slurm 3273686, completed 2025-10-23 23:48:40 EDT)	samtools_stats_md_reads_properly_paired	127374734	reads	all reads, genome-wide (duplicate-marked CRAM)		wes/sarek_3.5.1_run/reports/samtools/TOV1369_P65/TOV1369_P65.md.cram.stats	found	
TOV1369_P65	nf-core/sarek 3.5.1 run angry_allen (session 26cf85bf-0ac3-4237-8f48-c36b2ab20bd2, Slurm 3273686, completed 2025-10-23 23:48:40 EDT)	samtools_stats_md_reads_duplicated	23924719	reads	all reads, genome-wide (duplicate-marked CRAM)		wes/sarek_3.5.1_run/reports/samtools/TOV1369_P65/TOV1369_P65.md.cram.stats	found	
TOV1369_P65	nf-core/sarek 3.5.1 run angry_allen (session 26cf85bf-0ac3-4237-8f48-c36b2ab20bd2, Slurm 3273686, completed 2025-10-23 23:48:40 EDT)	samtools_stats_md_reads_MQ0	16827494	reads	all reads, genome-wide (duplicate-marked CRAM)		wes/sarek_3.5.1_run/reports/samtools/TOV1369_P65/TOV1369_P65.md.cram.stats	found	
TOV1369_P65	nf-core/sarek 3.5.1 run angry_allen (session 26cf85bf-0ac3-4237-8f48-c36b2ab20bd2, Slurm 3273686, completed 2025-10-23 23:48:40 EDT)	samtools_stats_md_reads_unmapped	32122	reads	all reads, genome-wide (duplicate-marked CRAM)		wes/sarek_3.5.1_run/reports/samtools/TOV1369_P65/TOV1369_P65.md.cram.stats	found	
TOV1369_P65	nf-core/sarek 3.5.1 run angry_allen (session 26cf85bf-0ac3-4237-8f48-c36b2ab20bd2, Slurm 3273686, completed 2025-10-23 23:48:40 EDT)	samtools_stats_md_error_rate	5.693160e-03	fraction	all reads, genome-wide (duplicate-marked CRAM)		wes/sarek_3.5.1_run/reports/samtools/TOV1369_P65/TOV1369_P65.md.cram.stats	found	
TOV1369_P65	nf-core/sarek 3.5.1 run angry_allen (session 26cf85bf-0ac3-4237-8f48-c36b2ab20bd2, Slurm 3273686, completed 2025-10-23 23:48:40 EDT)	samtools_stats_md_average_length	100	bp	all reads, genome-wide (duplicate-marked CRAM)		wes/sarek_3.5.1_run/reports/samtools/TOV1369_P65/TOV1369_P65.md.cram.stats	found	
TOV1369_P65	nf-core/sarek 3.5.1 run angry_allen (session 26cf85bf-0ac3-4237-8f48-c36b2ab20bd2, Slurm 3273686, completed 2025-10-23 23:48:40 EDT)	samtools_stats_md_insert_size_average	239.3	bp	all reads, genome-wide (duplicate-marked CRAM)		wes/sarek_3.5.1_run/reports/samtools/TOV1369_P65/TOV1369_P65.md.cram.stats	found	
TOV1369_P65	nf-core/sarek 3.5.1 run angry_allen (session 26cf85bf-0ac3-4237-8f48-c36b2ab20bd2, Slurm 3273686, completed 2025-10-23 23:48:40 EDT)	samtools_stats_md_insert_size_standard_deviation	93.3	bp	all reads, genome-wide (duplicate-marked CRAM)		wes/sarek_3.5.1_run/reports/samtools/TOV1369_P65/TOV1369_P65.md.cram.stats	found	
TOV1369_P65	nf-core/sarek 3.5.1 run angry_allen (session 26cf85bf-0ac3-4237-8f48-c36b2ab20bd2, Slurm 3273686, completed 2025-10-23 23:48:40 EDT)	samtools_stats_md_percentage_of_properly_paired_reads_pct	99.2	percent	all reads, genome-wide (duplicate-marked CRAM)		wes/sarek_3.5.1_run/reports/samtools/TOV1369_P65/TOV1369_P65.md.cram.stats	found	
TOV1369_P65	nf-core/sarek 3.5.1 run angry_allen (session 26cf85bf-0ac3-4237-8f48-c36b2ab20bd2, Slurm 3273686, completed 2025-10-23 23:48:40 EDT)	samtools_stats_md_bases_mapped_cigar	12836830345	bp	all reads, genome-wide (duplicate-marked CRAM)		wes/sarek_3.5.1_run/reports/samtools/TOV1369_P65/TOV1369_P65.md.cram.stats	found	
TOV1369_P65	nf-core/sarek 3.5.1 run angry_allen (session 26cf85bf-0ac3-4237-8f48-c36b2ab20bd2, Slurm 3273686, completed 2025-10-23 23:48:40 EDT)	samtools_stats_md_average_quality	37.2	reads	all reads, genome-wide (duplicate-marked CRAM)		wes/sarek_3.5.1_run/reports/samtools/TOV1369_P65/TOV1369_P65.md.cram.stats	found	
TOV1369_P65	nf-core/sarek 3.5.1 run angry_allen (session 26cf85bf-0ac3-4237-8f48-c36b2ab20bd2, Slurm 3273686, completed 2025-10-23 23:48:40 EDT)	samtools_stats_recal_raw_total_sequences	93402079	reads	reads retained after per-interval ApplyBQSR (interval-restricted CRAM used for calling)		wes/sarek_3.5.1_run/reports/samtools/TOV1369_P65/TOV1369_P65.recal.cram.stats	found	
TOV1369_P65	nf-core/sarek 3.5.1 run angry_allen (session 26cf85bf-0ac3-4237-8f48-c36b2ab20bd2, Slurm 3273686, completed 2025-10-23 23:48:40 EDT)	samtools_stats_recal_reads_mapped	93400919	reads	reads retained after per-interval ApplyBQSR (interval-restricted CRAM used for calling)		wes/sarek_3.5.1_run/reports/samtools/TOV1369_P65/TOV1369_P65.recal.cram.stats	found	
TOV1369_P65	nf-core/sarek 3.5.1 run angry_allen (session 26cf85bf-0ac3-4237-8f48-c36b2ab20bd2, Slurm 3273686, completed 2025-10-23 23:48:40 EDT)	samtools_stats_recal_reads_mapped_and_paired	93399360	reads	reads retained after per-interval ApplyBQSR (interval-restricted CRAM used for calling)		wes/sarek_3.5.1_run/reports/samtools/TOV1369_P65/TOV1369_P65.recal.cram.stats	found	
TOV1369_P65	nf-core/sarek 3.5.1 run angry_allen (session 26cf85bf-0ac3-4237-8f48-c36b2ab20bd2, Slurm 3273686, completed 2025-10-23 23:48:40 EDT)	samtools_stats_recal_reads_properly_paired	93050048	reads	reads retained after per-interval ApplyBQSR (interval-restricted CRAM used for calling)		wes/sarek_3.5.1_run/reports/samtools/TOV1369_P65/TOV1369_P65.recal.cram.stats	found	
TOV1369_P65	nf-core/sarek 3.5.1 run angry_allen (session 26cf85bf-0ac3-4237-8f48-c36b2ab20bd2, Slurm 3273686, completed 2025-10-23 23:48:40 EDT)	samtools_stats_recal_reads_duplicated	17846514	reads	reads retained after per-interval ApplyBQSR (interval-restricted CRAM used for calling)		wes/sarek_3.5.1_run/reports/samtools/TOV1369_P65/TOV1369_P65.recal.cram.stats	found	
TOV1369_P65	nf-core/sarek 3.5.1 run angry_allen (session 26cf85bf-0ac3-4237-8f48-c36b2ab20bd2, Slurm 3273686, completed 2025-10-23 23:48:40 EDT)	samtools_stats_recal_reads_MQ0	10761338	reads	reads retained after per-interval ApplyBQSR (interval-restricted CRAM used for calling)		wes/sarek_3.5.1_run/reports/samtools/TOV1369_P65/TOV1369_P65.recal.cram.stats	found	
TOV1369_P65	nf-core/sarek 3.5.1 run angry_allen (session 26cf85bf-0ac3-4237-8f48-c36b2ab20bd2, Slurm 3273686, completed 2025-10-23 23:48:40 EDT)	samtools_stats_recal_reads_unmapped	1160	reads	reads retained after per-interval ApplyBQSR (interval-restricted CRAM used for calling)		wes/sarek_3.5.1_run/reports/samtools/TOV1369_P65/TOV1369_P65.recal.cram.stats	found	
TOV1369_P65	nf-core/sarek 3.5.1 run angry_allen (session 26cf85bf-0ac3-4237-8f48-c36b2ab20bd2, Slurm 3273686, completed 2025-10-23 23:48:40 EDT)	samtools_stats_recal_error_rate	5.150994e-03	fraction	reads retained after per-interval ApplyBQSR (interval-restricted CRAM used for calling)		wes/sarek_3.5.1_run/reports/samtools/TOV1369_P65/TOV1369_P65.recal.cram.stats	found	
TOV1369_P65	nf-core/sarek 3.5.1 run angry_allen (session 26cf85bf-0ac3-4237-8f48-c36b2ab20bd2, Slurm 3273686, completed 2025-10-23 23:48:40 EDT)	samtools_stats_recal_average_length	100	bp	reads retained after per-interval ApplyBQSR (interval-restricted CRAM used for calling)		wes/sarek_3.5.1_run/reports/samtools/TOV1369_P65/TOV1369_P65.recal.cram.stats	found	
TOV1369_P65	nf-core/sarek 3.5.1 run angry_allen (session 26cf85bf-0ac3-4237-8f48-c36b2ab20bd2, Slurm 3273686, completed 2025-10-23 23:48:40 EDT)	samtools_stats_recal_insert_size_average	226.0	bp	reads retained after per-interval ApplyBQSR (interval-restricted CRAM used for calling)		wes/sarek_3.5.1_run/reports/samtools/TOV1369_P65/TOV1369_P65.recal.cram.stats	found	
TOV1369_P65	nf-core/sarek 3.5.1 run angry_allen (session 26cf85bf-0ac3-4237-8f48-c36b2ab20bd2, Slurm 3273686, completed 2025-10-23 23:48:40 EDT)	samtools_stats_recal_insert_size_standard_deviation	84.6	bp	reads retained after per-interval ApplyBQSR (interval-restricted CRAM used for calling)		wes/sarek_3.5.1_run/reports/samtools/TOV1369_P65/TOV1369_P65.recal.cram.stats	found	
TOV1369_P65	nf-core/sarek 3.5.1 run angry_allen (session 26cf85bf-0ac3-4237-8f48-c36b2ab20bd2, Slurm 3273686, completed 2025-10-23 23:48:40 EDT)	samtools_stats_recal_percentage_of_properly_paired_reads_pct	99.6	percent	reads retained after per-interval ApplyBQSR (interval-restricted CRAM used for calling)		wes/sarek_3.5.1_run/reports/samtools/TOV1369_P65/TOV1369_P65.recal.cram.stats	found	
TOV1369_P65	nf-core/sarek 3.5.1 run angry_allen (session 26cf85bf-0ac3-4237-8f48-c36b2ab20bd2, Slurm 3273686, completed 2025-10-23 23:48:40 EDT)	samtools_stats_recal_bases_mapped_cigar	9325046270	bp	reads retained after per-interval ApplyBQSR (interval-restricted CRAM used for calling)		wes/sarek_3.5.1_run/reports/samtools/TOV1369_P65/TOV1369_P65.recal.cram.stats	found	
TOV1369_P65	nf-core/sarek 3.5.1 run angry_allen (session 26cf85bf-0ac3-4237-8f48-c36b2ab20bd2, Slurm 3273686, completed 2025-10-23 23:48:40 EDT)	samtools_stats_recal_average_quality	33.7	reads	reads retained after per-interval ApplyBQSR (interval-restricted CRAM used for calling)		wes/sarek_3.5.1_run/reports/samtools/TOV1369_P65/TOV1369_P65.recal.cram.stats	found	
TOV1369_P65	nf-core/sarek 3.5.1 run angry_allen (session 26cf85bf-0ac3-4237-8f48-c36b2ab20bd2, Slurm 3273686, completed 2025-10-23 23:48:40 EDT)	mosdepth_md_mean_depth_genome	2.97	x	whole reference (3212199288 bp)		wes/sarek_3.5.1_run/reports/mosdepth/TOV1369_P65/TOV1369_P65.md.mosdepth.summary.txt	found	
TOV1369_P65	nf-core/sarek 3.5.1 run angry_allen (session 26cf85bf-0ac3-4237-8f48-c36b2ab20bd2, Slurm 3273686, completed 2025-10-23 23:48:40 EDT)	mosdepth_md_mean_depth_target	85.02	x	target bases (63709951 bp, --by intervals_sorted.bed)	intervals_sorted.bed (242,421 hg38 intervals lifted from SeqCap EZ Exome v3; 63,709,951 bp summed, 63,514,049 bp merged)	wes/sarek_3.5.1_run/reports/mosdepth/TOV1369_P65/TOV1369_P65.md.mosdepth.summary.txt	found	mean of per-base depth over the target footprint; mosdepth counts duplicates unless flagged (Sarek default)
TOV1369_P65	nf-core/sarek 3.5.1 run angry_allen (session 26cf85bf-0ac3-4237-8f48-c36b2ab20bd2, Slurm 3273686, completed 2025-10-23 23:48:40 EDT)	mosdepth_md_fraction_target_bases_ge_100x	0.24	fraction	target bases	intervals_sorted.bed (242,421 hg38 intervals lifted from SeqCap EZ Exome v3; 63,709,951 bp summed, 63,514,049 bp merged)	wes/sarek_3.5.1_run/reports/mosdepth/TOV1369_P65/TOV1369_P65.md.mosdepth.region.dist.txt	found	
TOV1369_P65	nf-core/sarek 3.5.1 run angry_allen (session 26cf85bf-0ac3-4237-8f48-c36b2ab20bd2, Slurm 3273686, completed 2025-10-23 23:48:40 EDT)	mosdepth_md_fraction_target_bases_ge_50x	0.57	fraction	target bases	intervals_sorted.bed (242,421 hg38 intervals lifted from SeqCap EZ Exome v3; 63,709,951 bp summed, 63,514,049 bp merged)	wes/sarek_3.5.1_run/reports/mosdepth/TOV1369_P65/TOV1369_P65.md.mosdepth.region.dist.txt	found	
TOV1369_P65	nf-core/sarek 3.5.1 run angry_allen (session 26cf85bf-0ac3-4237-8f48-c36b2ab20bd2, Slurm 3273686, completed 2025-10-23 23:48:40 EDT)	mosdepth_md_fraction_target_bases_ge_30x	0.78	fraction	target bases	intervals_sorted.bed (242,421 hg38 intervals lifted from SeqCap EZ Exome v3; 63,709,951 bp summed, 63,514,049 bp merged)	wes/sarek_3.5.1_run/reports/mosdepth/TOV1369_P65/TOV1369_P65.md.mosdepth.region.dist.txt	found	
TOV1369_P65	nf-core/sarek 3.5.1 run angry_allen (session 26cf85bf-0ac3-4237-8f48-c36b2ab20bd2, Slurm 3273686, completed 2025-10-23 23:48:40 EDT)	mosdepth_md_fraction_target_bases_ge_20x	0.88	fraction	target bases	intervals_sorted.bed (242,421 hg38 intervals lifted from SeqCap EZ Exome v3; 63,709,951 bp summed, 63,514,049 bp merged)	wes/sarek_3.5.1_run/reports/mosdepth/TOV1369_P65/TOV1369_P65.md.mosdepth.region.dist.txt	found	
TOV1369_P65	nf-core/sarek 3.5.1 run angry_allen (session 26cf85bf-0ac3-4237-8f48-c36b2ab20bd2, Slurm 3273686, completed 2025-10-23 23:48:40 EDT)	mosdepth_md_fraction_target_bases_ge_10x	0.95	fraction	target bases	intervals_sorted.bed (242,421 hg38 intervals lifted from SeqCap EZ Exome v3; 63,709,951 bp summed, 63,514,049 bp merged)	wes/sarek_3.5.1_run/reports/mosdepth/TOV1369_P65/TOV1369_P65.md.mosdepth.region.dist.txt	found	
TOV1369_P65	nf-core/sarek 3.5.1 run angry_allen (session 26cf85bf-0ac3-4237-8f48-c36b2ab20bd2, Slurm 3273686, completed 2025-10-23 23:48:40 EDT)	mosdepth_md_fraction_target_bases_ge_1x	0.99	fraction	target bases	intervals_sorted.bed (242,421 hg38 intervals lifted from SeqCap EZ Exome v3; 63,709,951 bp summed, 63,514,049 bp merged)	wes/sarek_3.5.1_run/reports/mosdepth/TOV1369_P65/TOV1369_P65.md.mosdepth.region.dist.txt	found	
TOV1369_P65	nf-core/sarek 3.5.1 run angry_allen (session 26cf85bf-0ac3-4237-8f48-c36b2ab20bd2, Slurm 3273686, completed 2025-10-23 23:48:40 EDT)	mosdepth_recal_mean_depth_genome	2.21	x	whole reference (3092843764 bp)		wes/sarek_3.5.1_run/reports/mosdepth/TOV1369_P65/TOV1369_P65.recal.mosdepth.summary.txt	found	
TOV1369_P65	nf-core/sarek 3.5.1 run angry_allen (session 26cf85bf-0ac3-4237-8f48-c36b2ab20bd2, Slurm 3273686, completed 2025-10-23 23:48:40 EDT)	mosdepth_recal_mean_depth_target	85.02	x	target bases (63709444 bp, --by intervals_sorted.bed)	intervals_sorted.bed (242,421 hg38 intervals lifted from SeqCap EZ Exome v3; 63,709,951 bp summed, 63,514,049 bp merged)	wes/sarek_3.5.1_run/reports/mosdepth/TOV1369_P65/TOV1369_P65.recal.mosdepth.summary.txt	found	mean of per-base depth over the target footprint; mosdepth counts duplicates unless flagged (Sarek default)
TOV1369_P65	nf-core/sarek 3.5.1 run angry_allen (session 26cf85bf-0ac3-4237-8f48-c36b2ab20bd2, Slurm 3273686, completed 2025-10-23 23:48:40 EDT)	mosdepth_recal_fraction_target_bases_ge_100x	0.24	fraction	target bases	intervals_sorted.bed (242,421 hg38 intervals lifted from SeqCap EZ Exome v3; 63,709,951 bp summed, 63,514,049 bp merged)	wes/sarek_3.5.1_run/reports/mosdepth/TOV1369_P65/TOV1369_P65.recal.mosdepth.region.dist.txt	found	
TOV1369_P65	nf-core/sarek 3.5.1 run angry_allen (session 26cf85bf-0ac3-4237-8f48-c36b2ab20bd2, Slurm 3273686, completed 2025-10-23 23:48:40 EDT)	mosdepth_recal_fraction_target_bases_ge_50x	0.57	fraction	target bases	intervals_sorted.bed (242,421 hg38 intervals lifted from SeqCap EZ Exome v3; 63,709,951 bp summed, 63,514,049 bp merged)	wes/sarek_3.5.1_run/reports/mosdepth/TOV1369_P65/TOV1369_P65.recal.mosdepth.region.dist.txt	found	
TOV1369_P65	nf-core/sarek 3.5.1 run angry_allen (session 26cf85bf-0ac3-4237-8f48-c36b2ab20bd2, Slurm 3273686, completed 2025-10-23 23:48:40 EDT)	mosdepth_recal_fraction_target_bases_ge_30x	0.78	fraction	target bases	intervals_sorted.bed (242,421 hg38 intervals lifted from SeqCap EZ Exome v3; 63,709,951 bp summed, 63,514,049 bp merged)	wes/sarek_3.5.1_run/reports/mosdepth/TOV1369_P65/TOV1369_P65.recal.mosdepth.region.dist.txt	found	
TOV1369_P65	nf-core/sarek 3.5.1 run angry_allen (session 26cf85bf-0ac3-4237-8f48-c36b2ab20bd2, Slurm 3273686, completed 2025-10-23 23:48:40 EDT)	mosdepth_recal_fraction_target_bases_ge_20x	0.88	fraction	target bases	intervals_sorted.bed (242,421 hg38 intervals lifted from SeqCap EZ Exome v3; 63,709,951 bp summed, 63,514,049 bp merged)	wes/sarek_3.5.1_run/reports/mosdepth/TOV1369_P65/TOV1369_P65.recal.mosdepth.region.dist.txt	found	
TOV1369_P65	nf-core/sarek 3.5.1 run angry_allen (session 26cf85bf-0ac3-4237-8f48-c36b2ab20bd2, Slurm 3273686, completed 2025-10-23 23:48:40 EDT)	mosdepth_recal_fraction_target_bases_ge_10x	0.95	fraction	target bases	intervals_sorted.bed (242,421 hg38 intervals lifted from SeqCap EZ Exome v3; 63,709,951 bp summed, 63,514,049 bp merged)	wes/sarek_3.5.1_run/reports/mosdepth/TOV1369_P65/TOV1369_P65.recal.mosdepth.region.dist.txt	found	
TOV1369_P65	nf-core/sarek 3.5.1 run angry_allen (session 26cf85bf-0ac3-4237-8f48-c36b2ab20bd2, Slurm 3273686, completed 2025-10-23 23:48:40 EDT)	mosdepth_recal_fraction_target_bases_ge_1x	0.99	fraction	target bases	intervals_sorted.bed (242,421 hg38 intervals lifted from SeqCap EZ Exome v3; 63,709,951 bp summed, 63,514,049 bp merged)	wes/sarek_3.5.1_run/reports/mosdepth/TOV1369_P65/TOV1369_P65.recal.mosdepth.region.dist.txt	found	
TOV1369_P65	nf-core/sarek 3.5.1 run angry_allen (session 26cf85bf-0ac3-4237-8f48-c36b2ab20bd2, Slurm 3273686, completed 2025-10-23 23:48:40 EDT)	gatk_calculatecontamination_estimate	0.0019656924881904007	fraction	GetPileupSummaries on af-only-gnomad.hg38 sites within calling intervals; tumour-only		wes/sarek_3.5.1_run/variant_calling/mutect2/TOV1369_P65/TOV1369_P65.mutect2.contamination.table	found	cross-sample contamination estimate, error=9.075410005688774E-4; not a stock-authentication result
TOV1369_P65	nf-core/sarek 3.5.1 run angry_kilby (session 26cf85bf, Slurm 3377445, 2025-10-24, failed at GETPILEUPSUMMARIES TOV3133D_P66)	cnvkit_reads_in_target_bins	60522227	reads	mapped reads in recal BAM (interval-restricted)	cnvkit.reference.target-tmp.bed (242,421 bins)	wes/sarek_3.5.1_run/task_evidence/oct24_CNVKIT_BATCH_TOV1369_P65.53_1bf2853629a711f0eb15998b1fd9bd/.command.err	found	
TOV1369_P65	nf-core/sarek 3.5.1 run angry_kilby (session 26cf85bf, Slurm 3377445, 2025-10-24, failed at GETPILEUPSUMMARIES TOV3133D_P66)	cnvkit_percent_mapped_reads_in_target_bins	64.773	percent	93437202 mapped reads in recal BAM (interval-restricted, so not a genome-wide on-target fraction)	cnvkit.reference.target-tmp.bed (242,421 bins)	wes/sarek_3.5.1_run/task_evidence/oct24_CNVKIT_BATCH_TOV1369_P65.53_1bf2853629a711f0eb15998b1fd9bd/.command.err	found	Sarek-internal CNVkit batch (flat reference) task log; recal CRAM excludes off-interval reads, so genome-wide on-target fraction must use md CRAM stats
TOV1369_P65	manual CNVkit 0.9.10 batch (apptainer image cnvkit-0.9.10--pyhdfd78af_0.img), outputs dated 2025-11-14 to 2025-12-03	cnvkit_target_mean_depth_length_weighted	93.75	x	63514049 bp in 290475 target bins (CNVkit depth column)	intervals_sorted.target.bed (290,475 CNVkit autobin-split target bins, sha256 2177970f...; 63,514,049 bp)	wes/cnvkit_0.9.10_manual/TOV1369_P65_new/TOV1369_P65.targetcoverage.cnn	found	derived here from the retained coverage file; not a pipeline-reported number
TOV1369_P65	manual CNVkit 0.9.10 batch (apptainer image cnvkit-0.9.10--pyhdfd78af_0.img), outputs dated 2025-11-14 to 2025-12-03	cnvkit_target_bins_zero_depth	1667	bins	290475 target bins	intervals_sorted.target.bed (290,475 CNVkit autobin-split target bins, sha256 2177970f...; 63,514,049 bp)	wes/cnvkit_0.9.10_manual/TOV1369_P65_new/TOV1369_P65.targetcoverage.cnn	found	derived here
TOV1369_P65	manual CNVkit 0.9.10 batch (apptainer image cnvkit-0.9.10--pyhdfd78af_0.img), outputs dated 2025-11-14 to 2025-12-03	cnvkit_call_segments	145	segments		intervals_sorted.target.bed (290,475 CNVkit autobin-split target bins, sha256 2177970f...; 63,514,049 bp)	wes/cnvkit_0.9.10_manual/TOV1369_P65_new/TOV1369_P65.call.cns	found	
TOV1369_P65	nf-core/sarek 3.5.1 run angry_allen (session 26cf85bf-0ac3-4237-8f48-c36b2ab20bd2, Slurm 3273686, completed 2025-10-23 23:48:40 EDT)	bcftools_stats_filtered_vcf_number_of_records	20960	records	all records in mutect2.filtered.vcf.gz (PASS and non-PASS)		wes/sarek_3.5.1_run/multiqc/multiqc_data/multiqc_bcftools_stats.txt	found	
TOV1369_P65	nf-core/sarek 3.5.1 run angry_allen (session 26cf85bf-0ac3-4237-8f48-c36b2ab20bd2, Slurm 3273686, completed 2025-10-23 23:48:40 EDT)	bcftools_stats_filtered_vcf_number_of_SNPs	13274	records	all records in mutect2.filtered.vcf.gz (PASS and non-PASS)		wes/sarek_3.5.1_run/multiqc/multiqc_data/multiqc_bcftools_stats.txt	found	
TOV1369_P65	nf-core/sarek 3.5.1 run angry_allen (session 26cf85bf-0ac3-4237-8f48-c36b2ab20bd2, Slurm 3273686, completed 2025-10-23 23:48:40 EDT)	bcftools_stats_filtered_vcf_number_of_indels	6835	records	all records in mutect2.filtered.vcf.gz (PASS and non-PASS)		wes/sarek_3.5.1_run/multiqc/multiqc_data/multiqc_bcftools_stats.txt	found	
TOV1369_P65	nf-core/sarek 3.5.1 run angry_allen (session 26cf85bf-0ac3-4237-8f48-c36b2ab20bd2, Slurm 3273686, completed 2025-10-23 23:48:40 EDT)	bcftools_stats_filtered_vcf_number_of_MNPs	1077	records	all records in mutect2.filtered.vcf.gz (PASS and non-PASS)		wes/sarek_3.5.1_run/multiqc/multiqc_data/multiqc_bcftools_stats.txt	found	
TOV1369_P65	nf-core/sarek 3.5.1 run angry_allen (session 26cf85bf-0ac3-4237-8f48-c36b2ab20bd2, Slurm 3273686, completed 2025-10-23 23:48:40 EDT)	bcftools_stats_filtered_vcf_tstv	1.1	ratio	all records in mutect2.filtered.vcf.gz (PASS and non-PASS)		wes/sarek_3.5.1_run/multiqc/multiqc_data/multiqc_bcftools_stats.txt	found	
TOV1369_P65	nf-core/sarek 3.5.1 run angry_allen (session 26cf85bf-0ac3-4237-8f48-c36b2ab20bd2, Slurm 3273686, completed 2025-10-23 23:48:40 EDT)	vcftools_filtered_vcf_PASS_records	969	records	records in mutect2.filtered.vcf.gz		wes/sarek_3.5.1_run/reports/vcftools/mutect2/TOV1369_P65/TOV1369_P65.mutect2.filtered.FILTER.summary	found	
TOV21G_P59	nf-core/sarek 3.5.1 run angry_allen (session 26cf85bf-0ac3-4237-8f48-c36b2ab20bd2, Slurm 3273686, completed 2025-10-23 23:48:40 EDT)	fastp_total_reads_before_filtering	133500336	reads (R1+R2)	all reads in provider BAM converted to FASTQ		wes/sarek_3.5.1_run/reports/fastp/TOV21G_P59/TOV21G_P59-7.fastp.json	found	
TOV21G_P59	nf-core/sarek 3.5.1 run angry_allen (session 26cf85bf-0ac3-4237-8f48-c36b2ab20bd2, Slurm 3273686, completed 2025-10-23 23:48:40 EDT)	fastp_total_reads_after_filtering	131238356	reads (R1+R2)	reads passing fastp --length_required 15 (adapter trimming disabled)		wes/sarek_3.5.1_run/reports/fastp/TOV21G_P59/TOV21G_P59-7.fastp.json	found	
TOV21G_P59	nf-core/sarek 3.5.1 run angry_allen (session 26cf85bf-0ac3-4237-8f48-c36b2ab20bd2, Slurm 3273686, completed 2025-10-23 23:48:40 EDT)	fastp_q30_rate_after_filtering	0.909	fraction of bases	bases after filtering		wes/sarek_3.5.1_run/reports/fastp/TOV21G_P59/TOV21G_P59-7.fastp.json	found	
TOV21G_P59	nf-core/sarek 3.5.1 run angry_allen (session 26cf85bf-0ac3-4237-8f48-c36b2ab20bd2, Slurm 3273686, completed 2025-10-23 23:48:40 EDT)	fastp_gc_content_after_filtering	0.4427	fraction	bases after filtering		wes/sarek_3.5.1_run/reports/fastp/TOV21G_P59/TOV21G_P59-7.fastp.json	found	
TOV21G_P59	nf-core/sarek 3.5.1 run angry_allen (session 26cf85bf-0ac3-4237-8f48-c36b2ab20bd2, Slurm 3273686, completed 2025-10-23 23:48:40 EDT)	fastp_duplication_rate	0.1253	fraction of reads	fastp sequence-level estimate before alignment		wes/sarek_3.5.1_run/reports/fastp/TOV21G_P59/TOV21G_P59-7.fastp.json	found	
TOV21G_P59	nf-core/sarek 3.5.1 run angry_allen (session 26cf85bf-0ac3-4237-8f48-c36b2ab20bd2, Slurm 3273686, completed 2025-10-23 23:48:40 EDT)	fastp_insert_size_peak	165	bp	fastp overlap-based estimate		wes/sarek_3.5.1_run/reports/fastp/TOV21G_P59/TOV21G_P59-7.fastp.json	found	
TOV21G_P59	nf-core/sarek 3.5.1 run angry_allen (session 26cf85bf-0ac3-4237-8f48-c36b2ab20bd2, Slurm 3273686, completed 2025-10-23 23:48:40 EDT)	fastp_read_length_mean_R1	100	bp			wes/sarek_3.5.1_run/reports/fastp/TOV21G_P59/TOV21G_P59-7.fastp.json	found	
TOV21G_P59	nf-core/sarek 3.5.1 run angry_allen (session 26cf85bf-0ac3-4237-8f48-c36b2ab20bd2, Slurm 3273686, completed 2025-10-23 23:48:40 EDT)	samtools_stats_md_raw_total_sequences	131238356	reads	all reads, genome-wide (duplicate-marked CRAM)		wes/sarek_3.5.1_run/reports/samtools/TOV21G_P59/TOV21G_P59.md.cram.stats	found	
TOV21G_P59	nf-core/sarek 3.5.1 run angry_allen (session 26cf85bf-0ac3-4237-8f48-c36b2ab20bd2, Slurm 3273686, completed 2025-10-23 23:48:40 EDT)	samtools_stats_md_reads_mapped	131194504	reads	all reads, genome-wide (duplicate-marked CRAM)		wes/sarek_3.5.1_run/reports/samtools/TOV21G_P59/TOV21G_P59.md.cram.stats	found	
TOV21G_P59	nf-core/sarek 3.5.1 run angry_allen (session 26cf85bf-0ac3-4237-8f48-c36b2ab20bd2, Slurm 3273686, completed 2025-10-23 23:48:40 EDT)	samtools_stats_md_reads_mapped_and_paired	131191226	reads	all reads, genome-wide (duplicate-marked CRAM)		wes/sarek_3.5.1_run/reports/samtools/TOV21G_P59/TOV21G_P59.md.cram.stats	found	
TOV21G_P59	nf-core/sarek 3.5.1 run angry_allen (session 26cf85bf-0ac3-4237-8f48-c36b2ab20bd2, Slurm 3273686, completed 2025-10-23 23:48:40 EDT)	samtools_stats_md_reads_properly_paired	130207208	reads	all reads, genome-wide (duplicate-marked CRAM)		wes/sarek_3.5.1_run/reports/samtools/TOV21G_P59/TOV21G_P59.md.cram.stats	found	
TOV21G_P59	nf-core/sarek 3.5.1 run angry_allen (session 26cf85bf-0ac3-4237-8f48-c36b2ab20bd2, Slurm 3273686, completed 2025-10-23 23:48:40 EDT)	samtools_stats_md_reads_duplicated	25766460	reads	all reads, genome-wide (duplicate-marked CRAM)		wes/sarek_3.5.1_run/reports/samtools/TOV21G_P59/TOV21G_P59.md.cram.stats	found	
TOV21G_P59	nf-core/sarek 3.5.1 run angry_allen (session 26cf85bf-0ac3-4237-8f48-c36b2ab20bd2, Slurm 3273686, completed 2025-10-23 23:48:40 EDT)	samtools_stats_md_reads_MQ0	18279472	reads	all reads, genome-wide (duplicate-marked CRAM)		wes/sarek_3.5.1_run/reports/samtools/TOV21G_P59/TOV21G_P59.md.cram.stats	found	
TOV21G_P59	nf-core/sarek 3.5.1 run angry_allen (session 26cf85bf-0ac3-4237-8f48-c36b2ab20bd2, Slurm 3273686, completed 2025-10-23 23:48:40 EDT)	samtools_stats_md_reads_unmapped	43852	reads	all reads, genome-wide (duplicate-marked CRAM)		wes/sarek_3.5.1_run/reports/samtools/TOV21G_P59/TOV21G_P59.md.cram.stats	found	
TOV21G_P59	nf-core/sarek 3.5.1 run angry_allen (session 26cf85bf-0ac3-4237-8f48-c36b2ab20bd2, Slurm 3273686, completed 2025-10-23 23:48:40 EDT)	samtools_stats_md_error_rate	5.174749e-03	fraction	all reads, genome-wide (duplicate-marked CRAM)		wes/sarek_3.5.1_run/reports/samtools/TOV21G_P59/TOV21G_P59.md.cram.stats	found	
TOV21G_P59	nf-core/sarek 3.5.1 run angry_allen (session 26cf85bf-0ac3-4237-8f48-c36b2ab20bd2, Slurm 3273686, completed 2025-10-23 23:48:40 EDT)	samtools_stats_md_average_length	100	bp	all reads, genome-wide (duplicate-marked CRAM)		wes/sarek_3.5.1_run/reports/samtools/TOV21G_P59/TOV21G_P59.md.cram.stats	found	
TOV21G_P59	nf-core/sarek 3.5.1 run angry_allen (session 26cf85bf-0ac3-4237-8f48-c36b2ab20bd2, Slurm 3273686, completed 2025-10-23 23:48:40 EDT)	samtools_stats_md_insert_size_average	225.5	bp	all reads, genome-wide (duplicate-marked CRAM)		wes/sarek_3.5.1_run/reports/samtools/TOV21G_P59/TOV21G_P59.md.cram.stats	found	
TOV21G_P59	nf-core/sarek 3.5.1 run angry_allen (session 26cf85bf-0ac3-4237-8f48-c36b2ab20bd2, Slurm 3273686, completed 2025-10-23 23:48:40 EDT)	samtools_stats_md_insert_size_standard_deviation	83.5	bp	all reads, genome-wide (duplicate-marked CRAM)		wes/sarek_3.5.1_run/reports/samtools/TOV21G_P59/TOV21G_P59.md.cram.stats	found	
TOV21G_P59	nf-core/sarek 3.5.1 run angry_allen (session 26cf85bf-0ac3-4237-8f48-c36b2ab20bd2, Slurm 3273686, completed 2025-10-23 23:48:40 EDT)	samtools_stats_md_percentage_of_properly_paired_reads_pct	99.2	percent	all reads, genome-wide (duplicate-marked CRAM)		wes/sarek_3.5.1_run/reports/samtools/TOV21G_P59/TOV21G_P59.md.cram.stats	found	
TOV21G_P59	nf-core/sarek 3.5.1 run angry_allen (session 26cf85bf-0ac3-4237-8f48-c36b2ab20bd2, Slurm 3273686, completed 2025-10-23 23:48:40 EDT)	samtools_stats_md_bases_mapped_cigar	13117197357	bp	all reads, genome-wide (duplicate-marked CRAM)		wes/sarek_3.5.1_run/reports/samtools/TOV21G_P59/TOV21G_P59.md.cram.stats	found	
TOV21G_P59	nf-core/sarek 3.5.1 run angry_allen (session 26cf85bf-0ac3-4237-8f48-c36b2ab20bd2, Slurm 3273686, completed 2025-10-23 23:48:40 EDT)	samtools_stats_md_average_quality	37.8	reads	all reads, genome-wide (duplicate-marked CRAM)		wes/sarek_3.5.1_run/reports/samtools/TOV21G_P59/TOV21G_P59.md.cram.stats	found	
TOV21G_P59	nf-core/sarek 3.5.1 run angry_allen (session 26cf85bf-0ac3-4237-8f48-c36b2ab20bd2, Slurm 3273686, completed 2025-10-23 23:48:40 EDT)	samtools_stats_recal_raw_total_sequences	97533812	reads	reads retained after per-interval ApplyBQSR (interval-restricted CRAM used for calling)		wes/sarek_3.5.1_run/reports/samtools/TOV21G_P59/TOV21G_P59.recal.cram.stats	found	
TOV21G_P59	nf-core/sarek 3.5.1 run angry_allen (session 26cf85bf-0ac3-4237-8f48-c36b2ab20bd2, Slurm 3273686, completed 2025-10-23 23:48:40 EDT)	samtools_stats_recal_reads_mapped	97532419	reads	reads retained after per-interval ApplyBQSR (interval-restricted CRAM used for calling)		wes/sarek_3.5.1_run/reports/samtools/TOV21G_P59/TOV21G_P59.recal.cram.stats	found	
TOV21G_P59	nf-core/sarek 3.5.1 run angry_allen (session 26cf85bf-0ac3-4237-8f48-c36b2ab20bd2, Slurm 3273686, completed 2025-10-23 23:48:40 EDT)	samtools_stats_recal_reads_mapped_and_paired	97530582	reads	reads retained after per-interval ApplyBQSR (interval-restricted CRAM used for calling)		wes/sarek_3.5.1_run/reports/samtools/TOV21G_P59/TOV21G_P59.recal.cram.stats	found	
TOV21G_P59	nf-core/sarek 3.5.1 run angry_allen (session 26cf85bf-0ac3-4237-8f48-c36b2ab20bd2, Slurm 3273686, completed 2025-10-23 23:48:40 EDT)	samtools_stats_recal_reads_properly_paired	97128084	reads	reads retained after per-interval ApplyBQSR (interval-restricted CRAM used for calling)		wes/sarek_3.5.1_run/reports/samtools/TOV21G_P59/TOV21G_P59.recal.cram.stats	found	
TOV21G_P59	nf-core/sarek 3.5.1 run angry_allen (session 26cf85bf-0ac3-4237-8f48-c36b2ab20bd2, Slurm 3273686, completed 2025-10-23 23:48:40 EDT)	samtools_stats_recal_reads_duplicated	19537234	reads	reads retained after per-interval ApplyBQSR (interval-restricted CRAM used for calling)		wes/sarek_3.5.1_run/reports/samtools/TOV21G_P59/TOV21G_P59.recal.cram.stats	found	
TOV21G_P59	nf-core/sarek 3.5.1 run angry_allen (session 26cf85bf-0ac3-4237-8f48-c36b2ab20bd2, Slurm 3273686, completed 2025-10-23 23:48:40 EDT)	samtools_stats_recal_reads_MQ0	12137387	reads	reads retained after per-interval ApplyBQSR (interval-restricted CRAM used for calling)		wes/sarek_3.5.1_run/reports/samtools/TOV21G_P59/TOV21G_P59.recal.cram.stats	found	
TOV21G_P59	nf-core/sarek 3.5.1 run angry_allen (session 26cf85bf-0ac3-4237-8f48-c36b2ab20bd2, Slurm 3273686, completed 2025-10-23 23:48:40 EDT)	samtools_stats_recal_reads_unmapped	1393	reads	reads retained after per-interval ApplyBQSR (interval-restricted CRAM used for calling)		wes/sarek_3.5.1_run/reports/samtools/TOV21G_P59/TOV21G_P59.recal.cram.stats	found	
TOV21G_P59	nf-core/sarek 3.5.1 run angry_allen (session 26cf85bf-0ac3-4237-8f48-c36b2ab20bd2, Slurm 3273686, completed 2025-10-23 23:48:40 EDT)	samtools_stats_recal_error_rate	4.689578e-03	fraction	reads retained after per-interval ApplyBQSR (interval-restricted CRAM used for calling)		wes/sarek_3.5.1_run/reports/samtools/TOV21G_P59/TOV21G_P59.recal.cram.stats	found	
TOV21G_P59	nf-core/sarek 3.5.1 run angry_allen (session 26cf85bf-0ac3-4237-8f48-c36b2ab20bd2, Slurm 3273686, completed 2025-10-23 23:48:40 EDT)	samtools_stats_recal_average_length	100	bp	reads retained after per-interval ApplyBQSR (interval-restricted CRAM used for calling)		wes/sarek_3.5.1_run/reports/samtools/TOV21G_P59/TOV21G_P59.recal.cram.stats	found	
TOV21G_P59	nf-core/sarek 3.5.1 run angry_allen (session 26cf85bf-0ac3-4237-8f48-c36b2ab20bd2, Slurm 3273686, completed 2025-10-23 23:48:40 EDT)	samtools_stats_recal_insert_size_average	214.9	bp	reads retained after per-interval ApplyBQSR (interval-restricted CRAM used for calling)		wes/sarek_3.5.1_run/reports/samtools/TOV21G_P59/TOV21G_P59.recal.cram.stats	found	
TOV21G_P59	nf-core/sarek 3.5.1 run angry_allen (session 26cf85bf-0ac3-4237-8f48-c36b2ab20bd2, Slurm 3273686, completed 2025-10-23 23:48:40 EDT)	samtools_stats_recal_insert_size_standard_deviation	76.2	bp	reads retained after per-interval ApplyBQSR (interval-restricted CRAM used for calling)		wes/sarek_3.5.1_run/reports/samtools/TOV21G_P59/TOV21G_P59.recal.cram.stats	found	
TOV21G_P59	nf-core/sarek 3.5.1 run angry_allen (session 26cf85bf-0ac3-4237-8f48-c36b2ab20bd2, Slurm 3273686, completed 2025-10-23 23:48:40 EDT)	samtools_stats_recal_percentage_of_properly_paired_reads_pct	99.6	percent	reads retained after per-interval ApplyBQSR (interval-restricted CRAM used for calling)		wes/sarek_3.5.1_run/reports/samtools/TOV21G_P59/TOV21G_P59.recal.cram.stats	found	
TOV21G_P59	nf-core/sarek 3.5.1 run angry_allen (session 26cf85bf-0ac3-4237-8f48-c36b2ab20bd2, Slurm 3273686, completed 2025-10-23 23:48:40 EDT)	samtools_stats_recal_bases_mapped_cigar	9733160858	bp	reads retained after per-interval ApplyBQSR (interval-restricted CRAM used for calling)		wes/sarek_3.5.1_run/reports/samtools/TOV21G_P59/TOV21G_P59.recal.cram.stats	found	
TOV21G_P59	nf-core/sarek 3.5.1 run angry_allen (session 26cf85bf-0ac3-4237-8f48-c36b2ab20bd2, Slurm 3273686, completed 2025-10-23 23:48:40 EDT)	samtools_stats_recal_average_quality	33.3	reads	reads retained after per-interval ApplyBQSR (interval-restricted CRAM used for calling)		wes/sarek_3.5.1_run/reports/samtools/TOV21G_P59/TOV21G_P59.recal.cram.stats	found	
TOV21G_P59	nf-core/sarek 3.5.1 run angry_allen (session 26cf85bf-0ac3-4237-8f48-c36b2ab20bd2, Slurm 3273686, completed 2025-10-23 23:48:40 EDT)	mosdepth_md_mean_depth_genome	2.97	x	whole reference (3212884573 bp)		wes/sarek_3.5.1_run/reports/mosdepth/TOV21G_P59/TOV21G_P59.md.mosdepth.summary.txt	found	
TOV21G_P59	nf-core/sarek 3.5.1 run angry_allen (session 26cf85bf-0ac3-4237-8f48-c36b2ab20bd2, Slurm 3273686, completed 2025-10-23 23:48:40 EDT)	mosdepth_md_mean_depth_target	87.63	x	target bases (63709951 bp, --by intervals_sorted.bed)	intervals_sorted.bed (242,421 hg38 intervals lifted from SeqCap EZ Exome v3; 63,709,951 bp summed, 63,514,049 bp merged)	wes/sarek_3.5.1_run/reports/mosdepth/TOV21G_P59/TOV21G_P59.md.mosdepth.summary.txt	found	mean of per-base depth over the target footprint; mosdepth counts duplicates unless flagged (Sarek default)
TOV21G_P59	nf-core/sarek 3.5.1 run angry_allen (session 26cf85bf-0ac3-4237-8f48-c36b2ab20bd2, Slurm 3273686, completed 2025-10-23 23:48:40 EDT)	mosdepth_md_fraction_target_bases_ge_100x	0.25	fraction	target bases	intervals_sorted.bed (242,421 hg38 intervals lifted from SeqCap EZ Exome v3; 63,709,951 bp summed, 63,514,049 bp merged)	wes/sarek_3.5.1_run/reports/mosdepth/TOV21G_P59/TOV21G_P59.md.mosdepth.region.dist.txt	found	
TOV21G_P59	nf-core/sarek 3.5.1 run angry_allen (session 26cf85bf-0ac3-4237-8f48-c36b2ab20bd2, Slurm 3273686, completed 2025-10-23 23:48:40 EDT)	mosdepth_md_fraction_target_bases_ge_50x	0.65	fraction	target bases	intervals_sorted.bed (242,421 hg38 intervals lifted from SeqCap EZ Exome v3; 63,709,951 bp summed, 63,514,049 bp merged)	wes/sarek_3.5.1_run/reports/mosdepth/TOV21G_P59/TOV21G_P59.md.mosdepth.region.dist.txt	found	
TOV21G_P59	nf-core/sarek 3.5.1 run angry_allen (session 26cf85bf-0ac3-4237-8f48-c36b2ab20bd2, Slurm 3273686, completed 2025-10-23 23:48:40 EDT)	mosdepth_md_fraction_target_bases_ge_30x	0.84	fraction	target bases	intervals_sorted.bed (242,421 hg38 intervals lifted from SeqCap EZ Exome v3; 63,709,951 bp summed, 63,514,049 bp merged)	wes/sarek_3.5.1_run/reports/mosdepth/TOV21G_P59/TOV21G_P59.md.mosdepth.region.dist.txt	found	
TOV21G_P59	nf-core/sarek 3.5.1 run angry_allen (session 26cf85bf-0ac3-4237-8f48-c36b2ab20bd2, Slurm 3273686, completed 2025-10-23 23:48:40 EDT)	mosdepth_md_fraction_target_bases_ge_20x	0.91	fraction	target bases	intervals_sorted.bed (242,421 hg38 intervals lifted from SeqCap EZ Exome v3; 63,709,951 bp summed, 63,514,049 bp merged)	wes/sarek_3.5.1_run/reports/mosdepth/TOV21G_P59/TOV21G_P59.md.mosdepth.region.dist.txt	found	
TOV21G_P59	nf-core/sarek 3.5.1 run angry_allen (session 26cf85bf-0ac3-4237-8f48-c36b2ab20bd2, Slurm 3273686, completed 2025-10-23 23:48:40 EDT)	mosdepth_md_fraction_target_bases_ge_10x	0.96	fraction	target bases	intervals_sorted.bed (242,421 hg38 intervals lifted from SeqCap EZ Exome v3; 63,709,951 bp summed, 63,514,049 bp merged)	wes/sarek_3.5.1_run/reports/mosdepth/TOV21G_P59/TOV21G_P59.md.mosdepth.region.dist.txt	found	
TOV21G_P59	nf-core/sarek 3.5.1 run angry_allen (session 26cf85bf-0ac3-4237-8f48-c36b2ab20bd2, Slurm 3273686, completed 2025-10-23 23:48:40 EDT)	mosdepth_md_fraction_target_bases_ge_1x	0.99	fraction	target bases	intervals_sorted.bed (242,421 hg38 intervals lifted from SeqCap EZ Exome v3; 63,709,951 bp summed, 63,514,049 bp merged)	wes/sarek_3.5.1_run/reports/mosdepth/TOV21G_P59/TOV21G_P59.md.mosdepth.region.dist.txt	found	
TOV21G_P59	nf-core/sarek 3.5.1 run angry_allen (session 26cf85bf-0ac3-4237-8f48-c36b2ab20bd2, Slurm 3273686, completed 2025-10-23 23:48:40 EDT)	mosdepth_recal_mean_depth_genome	2.25	x	whole reference (3092843764 bp)		wes/sarek_3.5.1_run/reports/mosdepth/TOV21G_P59/TOV21G_P59.recal.mosdepth.summary.txt	found	
TOV21G_P59	nf-core/sarek 3.5.1 run angry_allen (session 26cf85bf-0ac3-4237-8f48-c36b2ab20bd2, Slurm 3273686, completed 2025-10-23 23:48:40 EDT)	mosdepth_recal_mean_depth_target	87.63	x	target bases (63709444 bp, --by intervals_sorted.bed)	intervals_sorted.bed (242,421 hg38 intervals lifted from SeqCap EZ Exome v3; 63,709,951 bp summed, 63,514,049 bp merged)	wes/sarek_3.5.1_run/reports/mosdepth/TOV21G_P59/TOV21G_P59.recal.mosdepth.summary.txt	found	mean of per-base depth over the target footprint; mosdepth counts duplicates unless flagged (Sarek default)
TOV21G_P59	nf-core/sarek 3.5.1 run angry_allen (session 26cf85bf-0ac3-4237-8f48-c36b2ab20bd2, Slurm 3273686, completed 2025-10-23 23:48:40 EDT)	mosdepth_recal_fraction_target_bases_ge_100x	0.25	fraction	target bases	intervals_sorted.bed (242,421 hg38 intervals lifted from SeqCap EZ Exome v3; 63,709,951 bp summed, 63,514,049 bp merged)	wes/sarek_3.5.1_run/reports/mosdepth/TOV21G_P59/TOV21G_P59.recal.mosdepth.region.dist.txt	found	
TOV21G_P59	nf-core/sarek 3.5.1 run angry_allen (session 26cf85bf-0ac3-4237-8f48-c36b2ab20bd2, Slurm 3273686, completed 2025-10-23 23:48:40 EDT)	mosdepth_recal_fraction_target_bases_ge_50x	0.65	fraction	target bases	intervals_sorted.bed (242,421 hg38 intervals lifted from SeqCap EZ Exome v3; 63,709,951 bp summed, 63,514,049 bp merged)	wes/sarek_3.5.1_run/reports/mosdepth/TOV21G_P59/TOV21G_P59.recal.mosdepth.region.dist.txt	found	
TOV21G_P59	nf-core/sarek 3.5.1 run angry_allen (session 26cf85bf-0ac3-4237-8f48-c36b2ab20bd2, Slurm 3273686, completed 2025-10-23 23:48:40 EDT)	mosdepth_recal_fraction_target_bases_ge_30x	0.84	fraction	target bases	intervals_sorted.bed (242,421 hg38 intervals lifted from SeqCap EZ Exome v3; 63,709,951 bp summed, 63,514,049 bp merged)	wes/sarek_3.5.1_run/reports/mosdepth/TOV21G_P59/TOV21G_P59.recal.mosdepth.region.dist.txt	found	
TOV21G_P59	nf-core/sarek 3.5.1 run angry_allen (session 26cf85bf-0ac3-4237-8f48-c36b2ab20bd2, Slurm 3273686, completed 2025-10-23 23:48:40 EDT)	mosdepth_recal_fraction_target_bases_ge_20x	0.91	fraction	target bases	intervals_sorted.bed (242,421 hg38 intervals lifted from SeqCap EZ Exome v3; 63,709,951 bp summed, 63,514,049 bp merged)	wes/sarek_3.5.1_run/reports/mosdepth/TOV21G_P59/TOV21G_P59.recal.mosdepth.region.dist.txt	found	
TOV21G_P59	nf-core/sarek 3.5.1 run angry_allen (session 26cf85bf-0ac3-4237-8f48-c36b2ab20bd2, Slurm 3273686, completed 2025-10-23 23:48:40 EDT)	mosdepth_recal_fraction_target_bases_ge_10x	0.96	fraction	target bases	intervals_sorted.bed (242,421 hg38 intervals lifted from SeqCap EZ Exome v3; 63,709,951 bp summed, 63,514,049 bp merged)	wes/sarek_3.5.1_run/reports/mosdepth/TOV21G_P59/TOV21G_P59.recal.mosdepth.region.dist.txt	found	
TOV21G_P59	nf-core/sarek 3.5.1 run angry_allen (session 26cf85bf-0ac3-4237-8f48-c36b2ab20bd2, Slurm 3273686, completed 2025-10-23 23:48:40 EDT)	mosdepth_recal_fraction_target_bases_ge_1x	0.99	fraction	target bases	intervals_sorted.bed (242,421 hg38 intervals lifted from SeqCap EZ Exome v3; 63,709,951 bp summed, 63,514,049 bp merged)	wes/sarek_3.5.1_run/reports/mosdepth/TOV21G_P59/TOV21G_P59.recal.mosdepth.region.dist.txt	found	
TOV21G_P59	nf-core/sarek 3.5.1 run angry_allen (session 26cf85bf-0ac3-4237-8f48-c36b2ab20bd2, Slurm 3273686, completed 2025-10-23 23:48:40 EDT)	gatk_calculatecontamination_estimate	0.001355166405605494	fraction	GetPileupSummaries on af-only-gnomad.hg38 sites within calling intervals; tumour-only		wes/sarek_3.5.1_run/variant_calling/mutect2/TOV21G_P59/TOV21G_P59.mutect2.contamination.table	found	cross-sample contamination estimate, error=2.595240756554343E-4; not a stock-authentication result
TOV21G_P59	nf-core/sarek 3.5.1 run angry_kilby (session 26cf85bf, Slurm 3377445, 2025-10-24, failed at GETPILEUPSUMMARIES TOV3133D_P66)	cnvkit_reads_in_target_bins	63147678	reads	mapped reads in recal BAM (interval-restricted)	cnvkit.reference.target-tmp.bed (242,421 bins)	wes/sarek_3.5.1_run/task_evidence/oct24_CNVKIT_BATCH_TOV21G_P59.7f_1eda368f1e037f4afbbda4d6425c70/.command.err	found	
TOV21G_P59	nf-core/sarek 3.5.1 run angry_kilby (session 26cf85bf, Slurm 3377445, 2025-10-24, failed at GETPILEUPSUMMARIES TOV3133D_P66)	cnvkit_percent_mapped_reads_in_target_bins	64.705	percent	97593909 mapped reads in recal BAM (interval-restricted, so not a genome-wide on-target fraction)	cnvkit.reference.target-tmp.bed (242,421 bins)	wes/sarek_3.5.1_run/task_evidence/oct24_CNVKIT_BATCH_TOV21G_P59.7f_1eda368f1e037f4afbbda4d6425c70/.command.err	found	Sarek-internal CNVkit batch (flat reference) task log; recal CRAM excludes off-interval reads, so genome-wide on-target fraction must use md CRAM stats
TOV21G_P59	manual CNVkit 0.9.10 batch (apptainer image cnvkit-0.9.10--pyhdfd78af_0.img), outputs dated 2025-11-14 to 2025-12-03	cnvkit_target_mean_depth_length_weighted	97.38	x	63514049 bp in 290475 target bins (CNVkit depth column)	intervals_sorted.target.bed (290,475 CNVkit autobin-split target bins, sha256 2177970f...; 63,514,049 bp)	wes/cnvkit_0.9.10_manual/TOV21G_P59_new/TOV21G_P59.targetcoverage.cnn	found	derived here from the retained coverage file; not a pipeline-reported number
TOV21G_P59	manual CNVkit 0.9.10 batch (apptainer image cnvkit-0.9.10--pyhdfd78af_0.img), outputs dated 2025-11-14 to 2025-12-03	cnvkit_target_bins_zero_depth	1430	bins	290475 target bins	intervals_sorted.target.bed (290,475 CNVkit autobin-split target bins, sha256 2177970f...; 63,514,049 bp)	wes/cnvkit_0.9.10_manual/TOV21G_P59_new/TOV21G_P59.targetcoverage.cnn	found	derived here
TOV21G_P59	manual CNVkit 0.9.10 batch (apptainer image cnvkit-0.9.10--pyhdfd78af_0.img), outputs dated 2025-11-14 to 2025-12-03	cnvkit_call_segments	80	segments		intervals_sorted.target.bed (290,475 CNVkit autobin-split target bins, sha256 2177970f...; 63,514,049 bp)	wes/cnvkit_0.9.10_manual/TOV21G_P59_new/TOV21G_P59.call.cns	found	
TOV21G_P59	nf-core/sarek 3.5.1 run angry_allen (session 26cf85bf-0ac3-4237-8f48-c36b2ab20bd2, Slurm 3273686, completed 2025-10-23 23:48:40 EDT)	bcftools_stats_filtered_vcf_number_of_records	32953	records	all records in mutect2.filtered.vcf.gz (PASS and non-PASS)		wes/sarek_3.5.1_run/multiqc/multiqc_data/multiqc_bcftools_stats.txt	found	
TOV21G_P59	nf-core/sarek 3.5.1 run angry_allen (session 26cf85bf-0ac3-4237-8f48-c36b2ab20bd2, Slurm 3273686, completed 2025-10-23 23:48:40 EDT)	bcftools_stats_filtered_vcf_number_of_SNPs	19240	records	all records in mutect2.filtered.vcf.gz (PASS and non-PASS)		wes/sarek_3.5.1_run/multiqc/multiqc_data/multiqc_bcftools_stats.txt	found	
TOV21G_P59	nf-core/sarek 3.5.1 run angry_allen (session 26cf85bf-0ac3-4237-8f48-c36b2ab20bd2, Slurm 3273686, completed 2025-10-23 23:48:40 EDT)	bcftools_stats_filtered_vcf_number_of_indels	12242	records	all records in mutect2.filtered.vcf.gz (PASS and non-PASS)		wes/sarek_3.5.1_run/multiqc/multiqc_data/multiqc_bcftools_stats.txt	found	
TOV21G_P59	nf-core/sarek 3.5.1 run angry_allen (session 26cf85bf-0ac3-4237-8f48-c36b2ab20bd2, Slurm 3273686, completed 2025-10-23 23:48:40 EDT)	bcftools_stats_filtered_vcf_number_of_MNPs	1770	records	all records in mutect2.filtered.vcf.gz (PASS and non-PASS)		wes/sarek_3.5.1_run/multiqc/multiqc_data/multiqc_bcftools_stats.txt	found	
TOV21G_P59	nf-core/sarek 3.5.1 run angry_allen (session 26cf85bf-0ac3-4237-8f48-c36b2ab20bd2, Slurm 3273686, completed 2025-10-23 23:48:40 EDT)	bcftools_stats_filtered_vcf_tstv	1.41	ratio	all records in mutect2.filtered.vcf.gz (PASS and non-PASS)		wes/sarek_3.5.1_run/multiqc/multiqc_data/multiqc_bcftools_stats.txt	found	
TOV21G_P59	nf-core/sarek 3.5.1 run angry_allen (session 26cf85bf-0ac3-4237-8f48-c36b2ab20bd2, Slurm 3273686, completed 2025-10-23 23:48:40 EDT)	vcftools_filtered_vcf_PASS_records	3723	records	records in mutect2.filtered.vcf.gz		wes/sarek_3.5.1_run/reports/vcftools/mutect2/TOV21G_P59/TOV21G_P59.mutect2.filtered.FILTER.summary	found	
TOV2295_R_P57	nf-core/sarek 3.5.1 run angry_allen (session 26cf85bf-0ac3-4237-8f48-c36b2ab20bd2, Slurm 3273686, completed 2025-10-23 23:48:40 EDT)	fastp_total_reads_before_filtering	125205192	reads (R1+R2)	all reads in provider BAM converted to FASTQ		wes/sarek_3.5.1_run/reports/fastp/TOV2295_R_P57/TOV2295_R_P57-5.fastp.json	found	
TOV2295_R_P57	nf-core/sarek 3.5.1 run angry_allen (session 26cf85bf-0ac3-4237-8f48-c36b2ab20bd2, Slurm 3273686, completed 2025-10-23 23:48:40 EDT)	fastp_total_reads_after_filtering	123108684	reads (R1+R2)	reads passing fastp --length_required 15 (adapter trimming disabled)		wes/sarek_3.5.1_run/reports/fastp/TOV2295_R_P57/TOV2295_R_P57-5.fastp.json	found	
TOV2295_R_P57	nf-core/sarek 3.5.1 run angry_allen (session 26cf85bf-0ac3-4237-8f48-c36b2ab20bd2, Slurm 3273686, completed 2025-10-23 23:48:40 EDT)	fastp_q30_rate_after_filtering	0.9191	fraction of bases	bases after filtering		wes/sarek_3.5.1_run/reports/fastp/TOV2295_R_P57/TOV2295_R_P57-5.fastp.json	found	
TOV2295_R_P57	nf-core/sarek 3.5.1 run angry_allen (session 26cf85bf-0ac3-4237-8f48-c36b2ab20bd2, Slurm 3273686, completed 2025-10-23 23:48:40 EDT)	fastp_gc_content_after_filtering	0.4353	fraction	bases after filtering		wes/sarek_3.5.1_run/reports/fastp/TOV2295_R_P57/TOV2295_R_P57-5.fastp.json	found	
TOV2295_R_P57	nf-core/sarek 3.5.1 run angry_allen (session 26cf85bf-0ac3-4237-8f48-c36b2ab20bd2, Slurm 3273686, completed 2025-10-23 23:48:40 EDT)	fastp_duplication_rate	0.1479	fraction of reads	fastp sequence-level estimate before alignment		wes/sarek_3.5.1_run/reports/fastp/TOV2295_R_P57/TOV2295_R_P57-5.fastp.json	found	
TOV2295_R_P57	nf-core/sarek 3.5.1 run angry_allen (session 26cf85bf-0ac3-4237-8f48-c36b2ab20bd2, Slurm 3273686, completed 2025-10-23 23:48:40 EDT)	fastp_insert_size_peak	169	bp	fastp overlap-based estimate		wes/sarek_3.5.1_run/reports/fastp/TOV2295_R_P57/TOV2295_R_P57-5.fastp.json	found	
TOV2295_R_P57	nf-core/sarek 3.5.1 run angry_allen (session 26cf85bf-0ac3-4237-8f48-c36b2ab20bd2, Slurm 3273686, completed 2025-10-23 23:48:40 EDT)	fastp_read_length_mean_R1	100	bp			wes/sarek_3.5.1_run/reports/fastp/TOV2295_R_P57/TOV2295_R_P57-5.fastp.json	found	
TOV2295_R_P57	nf-core/sarek 3.5.1 run angry_allen (session 26cf85bf-0ac3-4237-8f48-c36b2ab20bd2, Slurm 3273686, completed 2025-10-23 23:48:40 EDT)	samtools_stats_md_raw_total_sequences	123108684	reads	all reads, genome-wide (duplicate-marked CRAM)		wes/sarek_3.5.1_run/reports/samtools/TOV2295_R_P57/TOV2295_R_P57.md.cram.stats	found	
TOV2295_R_P57	nf-core/sarek 3.5.1 run angry_allen (session 26cf85bf-0ac3-4237-8f48-c36b2ab20bd2, Slurm 3273686, completed 2025-10-23 23:48:40 EDT)	samtools_stats_md_reads_mapped	123040490	reads	all reads, genome-wide (duplicate-marked CRAM)		wes/sarek_3.5.1_run/reports/samtools/TOV2295_R_P57/TOV2295_R_P57.md.cram.stats	found	
TOV2295_R_P57	nf-core/sarek 3.5.1 run angry_allen (session 26cf85bf-0ac3-4237-8f48-c36b2ab20bd2, Slurm 3273686, completed 2025-10-23 23:48:40 EDT)	samtools_stats_md_reads_mapped_and_paired	123036590	reads	all reads, genome-wide (duplicate-marked CRAM)		wes/sarek_3.5.1_run/reports/samtools/TOV2295_R_P57/TOV2295_R_P57.md.cram.stats	found	
TOV2295_R_P57	nf-core/sarek 3.5.1 run angry_allen (session 26cf85bf-0ac3-4237-8f48-c36b2ab20bd2, Slurm 3273686, completed 2025-10-23 23:48:40 EDT)	samtools_stats_md_reads_properly_paired	121916438	reads	all reads, genome-wide (duplicate-marked CRAM)		wes/sarek_3.5.1_run/reports/samtools/TOV2295_R_P57/TOV2295_R_P57.md.cram.stats	found	
TOV2295_R_P57	nf-core/sarek 3.5.1 run angry_allen (session 26cf85bf-0ac3-4237-8f48-c36b2ab20bd2, Slurm 3273686, completed 2025-10-23 23:48:40 EDT)	samtools_stats_md_reads_duplicated	29052112	reads	all reads, genome-wide (duplicate-marked CRAM)		wes/sarek_3.5.1_run/reports/samtools/TOV2295_R_P57/TOV2295_R_P57.md.cram.stats	found	
TOV2295_R_P57	nf-core/sarek 3.5.1 run angry_allen (session 26cf85bf-0ac3-4237-8f48-c36b2ab20bd2, Slurm 3273686, completed 2025-10-23 23:48:40 EDT)	samtools_stats_md_reads_MQ0	15593003	reads	all reads, genome-wide (duplicate-marked CRAM)		wes/sarek_3.5.1_run/reports/samtools/TOV2295_R_P57/TOV2295_R_P57.md.cram.stats	found	
TOV2295_R_P57	nf-core/sarek 3.5.1 run angry_allen (session 26cf85bf-0ac3-4237-8f48-c36b2ab20bd2, Slurm 3273686, completed 2025-10-23 23:48:40 EDT)	samtools_stats_md_reads_unmapped	68194	reads	all reads, genome-wide (duplicate-marked CRAM)		wes/sarek_3.5.1_run/reports/samtools/TOV2295_R_P57/TOV2295_R_P57.md.cram.stats	found	
TOV2295_R_P57	nf-core/sarek 3.5.1 run angry_allen (session 26cf85bf-0ac3-4237-8f48-c36b2ab20bd2, Slurm 3273686, completed 2025-10-23 23:48:40 EDT)	samtools_stats_md_error_rate	4.829166e-03	fraction	all reads, genome-wide (duplicate-marked CRAM)		wes/sarek_3.5.1_run/reports/samtools/TOV2295_R_P57/TOV2295_R_P57.md.cram.stats	found	
TOV2295_R_P57	nf-core/sarek 3.5.1 run angry_allen (session 26cf85bf-0ac3-4237-8f48-c36b2ab20bd2, Slurm 3273686, completed 2025-10-23 23:48:40 EDT)	samtools_stats_md_average_length	100	bp	all reads, genome-wide (duplicate-marked CRAM)		wes/sarek_3.5.1_run/reports/samtools/TOV2295_R_P57/TOV2295_R_P57.md.cram.stats	found	
TOV2295_R_P57	nf-core/sarek 3.5.1 run angry_allen (session 26cf85bf-0ac3-4237-8f48-c36b2ab20bd2, Slurm 3273686, completed 2025-10-23 23:48:40 EDT)	samtools_stats_md_insert_size_average	239.1	bp	all reads, genome-wide (duplicate-marked CRAM)		wes/sarek_3.5.1_run/reports/samtools/TOV2295_R_P57/TOV2295_R_P57.md.cram.stats	found	
TOV2295_R_P57	nf-core/sarek 3.5.1 run angry_allen (session 26cf85bf-0ac3-4237-8f48-c36b2ab20bd2, Slurm 3273686, completed 2025-10-23 23:48:40 EDT)	samtools_stats_md_insert_size_standard_deviation	91.8	bp	all reads, genome-wide (duplicate-marked CRAM)		wes/sarek_3.5.1_run/reports/samtools/TOV2295_R_P57/TOV2295_R_P57.md.cram.stats	found	
TOV2295_R_P57	nf-core/sarek 3.5.1 run angry_allen (session 26cf85bf-0ac3-4237-8f48-c36b2ab20bd2, Slurm 3273686, completed 2025-10-23 23:48:40 EDT)	samtools_stats_md_percentage_of_properly_paired_reads_pct	99.0	percent	all reads, genome-wide (duplicate-marked CRAM)		wes/sarek_3.5.1_run/reports/samtools/TOV2295_R_P57/TOV2295_R_P57.md.cram.stats	found	
TOV2295_R_P57	nf-core/sarek 3.5.1 run angry_allen (session 26cf85bf-0ac3-4237-8f48-c36b2ab20bd2, Slurm 3273686, completed 2025-10-23 23:48:40 EDT)	samtools_stats_md_bases_mapped_cigar	12313923951	bp	all reads, genome-wide (duplicate-marked CRAM)		wes/sarek_3.5.1_run/reports/samtools/TOV2295_R_P57/TOV2295_R_P57.md.cram.stats	found	
TOV2295_R_P57	nf-core/sarek 3.5.1 run angry_allen (session 26cf85bf-0ac3-4237-8f48-c36b2ab20bd2, Slurm 3273686, completed 2025-10-23 23:48:40 EDT)	samtools_stats_md_average_quality	38.1	reads	all reads, genome-wide (duplicate-marked CRAM)		wes/sarek_3.5.1_run/reports/samtools/TOV2295_R_P57/TOV2295_R_P57.md.cram.stats	found	
TOV2295_R_P57	nf-core/sarek 3.5.1 run angry_allen (session 26cf85bf-0ac3-4237-8f48-c36b2ab20bd2, Slurm 3273686, completed 2025-10-23 23:48:40 EDT)	samtools_stats_recal_raw_total_sequences	90952355	reads	reads retained after per-interval ApplyBQSR (interval-restricted CRAM used for calling)		wes/sarek_3.5.1_run/reports/samtools/TOV2295_R_P57/TOV2295_R_P57.recal.cram.stats	found	
TOV2295_R_P57	nf-core/sarek 3.5.1 run angry_allen (session 26cf85bf-0ac3-4237-8f48-c36b2ab20bd2, Slurm 3273686, completed 2025-10-23 23:48:40 EDT)	samtools_stats_recal_reads_mapped	90950791	reads	reads retained after per-interval ApplyBQSR (interval-restricted CRAM used for calling)		wes/sarek_3.5.1_run/reports/samtools/TOV2295_R_P57/TOV2295_R_P57.recal.cram.stats	found	
TOV2295_R_P57	nf-core/sarek 3.5.1 run angry_allen (session 26cf85bf-0ac3-4237-8f48-c36b2ab20bd2, Slurm 3273686, completed 2025-10-23 23:48:40 EDT)	samtools_stats_recal_reads_mapped_and_paired	90948749	reads	reads retained after per-interval ApplyBQSR (interval-restricted CRAM used for calling)		wes/sarek_3.5.1_run/reports/samtools/TOV2295_R_P57/TOV2295_R_P57.recal.cram.stats	found	
TOV2295_R_P57	nf-core/sarek 3.5.1 run angry_allen (session 26cf85bf-0ac3-4237-8f48-c36b2ab20bd2, Slurm 3273686, completed 2025-10-23 23:48:40 EDT)	samtools_stats_recal_reads_properly_paired	90515134	reads	reads retained after per-interval ApplyBQSR (interval-restricted CRAM used for calling)		wes/sarek_3.5.1_run/reports/samtools/TOV2295_R_P57/TOV2295_R_P57.recal.cram.stats	found	
TOV2295_R_P57	nf-core/sarek 3.5.1 run angry_allen (session 26cf85bf-0ac3-4237-8f48-c36b2ab20bd2, Slurm 3273686, completed 2025-10-23 23:48:40 EDT)	samtools_stats_recal_reads_duplicated	21955511	reads	reads retained after per-interval ApplyBQSR (interval-restricted CRAM used for calling)		wes/sarek_3.5.1_run/reports/samtools/TOV2295_R_P57/TOV2295_R_P57.recal.cram.stats	found	
TOV2295_R_P57	nf-core/sarek 3.5.1 run angry_allen (session 26cf85bf-0ac3-4237-8f48-c36b2ab20bd2, Slurm 3273686, completed 2025-10-23 23:48:40 EDT)	samtools_stats_recal_reads_MQ0	10215465	reads	reads retained after per-interval ApplyBQSR (interval-restricted CRAM used for calling)		wes/sarek_3.5.1_run/reports/samtools/TOV2295_R_P57/TOV2295_R_P57.recal.cram.stats	found	
TOV2295_R_P57	nf-core/sarek 3.5.1 run angry_allen (session 26cf85bf-0ac3-4237-8f48-c36b2ab20bd2, Slurm 3273686, completed 2025-10-23 23:48:40 EDT)	samtools_stats_recal_reads_unmapped	1564	reads	reads retained after per-interval ApplyBQSR (interval-restricted CRAM used for calling)		wes/sarek_3.5.1_run/reports/samtools/TOV2295_R_P57/TOV2295_R_P57.recal.cram.stats	found	
TOV2295_R_P57	nf-core/sarek 3.5.1 run angry_allen (session 26cf85bf-0ac3-4237-8f48-c36b2ab20bd2, Slurm 3273686, completed 2025-10-23 23:48:40 EDT)	samtools_stats_recal_error_rate	4.336606e-03	fraction	reads retained after per-interval ApplyBQSR (interval-restricted CRAM used for calling)		wes/sarek_3.5.1_run/reports/samtools/TOV2295_R_P57/TOV2295_R_P57.recal.cram.stats	found	
TOV2295_R_P57	nf-core/sarek 3.5.1 run angry_allen (session 26cf85bf-0ac3-4237-8f48-c36b2ab20bd2, Slurm 3273686, completed 2025-10-23 23:48:40 EDT)	samtools_stats_recal_average_length	100	bp	reads retained after per-interval ApplyBQSR (interval-restricted CRAM used for calling)		wes/sarek_3.5.1_run/reports/samtools/TOV2295_R_P57/TOV2295_R_P57.recal.cram.stats	found	
TOV2295_R_P57	nf-core/sarek 3.5.1 run angry_allen (session 26cf85bf-0ac3-4237-8f48-c36b2ab20bd2, Slurm 3273686, completed 2025-10-23 23:48:40 EDT)	samtools_stats_recal_insert_size_average	226.1	bp	reads retained after per-interval ApplyBQSR (interval-restricted CRAM used for calling)		wes/sarek_3.5.1_run/reports/samtools/TOV2295_R_P57/TOV2295_R_P57.recal.cram.stats	found	
TOV2295_R_P57	nf-core/sarek 3.5.1 run angry_allen (session 26cf85bf-0ac3-4237-8f48-c36b2ab20bd2, Slurm 3273686, completed 2025-10-23 23:48:40 EDT)	samtools_stats_recal_insert_size_standard_deviation	82.7	bp	reads retained after per-interval ApplyBQSR (interval-restricted CRAM used for calling)		wes/sarek_3.5.1_run/reports/samtools/TOV2295_R_P57/TOV2295_R_P57.recal.cram.stats	found	
TOV2295_R_P57	nf-core/sarek 3.5.1 run angry_allen (session 26cf85bf-0ac3-4237-8f48-c36b2ab20bd2, Slurm 3273686, completed 2025-10-23 23:48:40 EDT)	samtools_stats_recal_percentage_of_properly_paired_reads_pct	99.5	percent	reads retained after per-interval ApplyBQSR (interval-restricted CRAM used for calling)		wes/sarek_3.5.1_run/reports/samtools/TOV2295_R_P57/TOV2295_R_P57.recal.cram.stats	found	
TOV2295_R_P57	nf-core/sarek 3.5.1 run angry_allen (session 26cf85bf-0ac3-4237-8f48-c36b2ab20bd2, Slurm 3273686, completed 2025-10-23 23:48:40 EDT)	samtools_stats_recal_bases_mapped_cigar	9080262033	bp	reads retained after per-interval ApplyBQSR (interval-restricted CRAM used for calling)		wes/sarek_3.5.1_run/reports/samtools/TOV2295_R_P57/TOV2295_R_P57.recal.cram.stats	found	
TOV2295_R_P57	nf-core/sarek 3.5.1 run angry_allen (session 26cf85bf-0ac3-4237-8f48-c36b2ab20bd2, Slurm 3273686, completed 2025-10-23 23:48:40 EDT)	samtools_stats_recal_average_quality	34.1	reads	reads retained after per-interval ApplyBQSR (interval-restricted CRAM used for calling)		wes/sarek_3.5.1_run/reports/samtools/TOV2295_R_P57/TOV2295_R_P57.recal.cram.stats	found	
TOV2295_R_P57	nf-core/sarek 3.5.1 run angry_allen (session 26cf85bf-0ac3-4237-8f48-c36b2ab20bd2, Slurm 3273686, completed 2025-10-23 23:48:40 EDT)	mosdepth_md_mean_depth_genome	2.69	x	whole reference (3212824623 bp)		wes/sarek_3.5.1_run/reports/mosdepth/TOV2295_R_P57/TOV2295_R_P57.md.mosdepth.summary.txt	found	
TOV2295_R_P57	nf-core/sarek 3.5.1 run angry_allen (session 26cf85bf-0ac3-4237-8f48-c36b2ab20bd2, Slurm 3273686, completed 2025-10-23 23:48:40 EDT)	mosdepth_md_mean_depth_target	78.33	x	target bases (63709951 bp, --by intervals_sorted.bed)	intervals_sorted.bed (242,421 hg38 intervals lifted from SeqCap EZ Exome v3; 63,709,951 bp summed, 63,514,049 bp merged)	wes/sarek_3.5.1_run/reports/mosdepth/TOV2295_R_P57/TOV2295_R_P57.md.mosdepth.summary.txt	found	mean of per-base depth over the target footprint; mosdepth counts duplicates unless flagged (Sarek default)
TOV2295_R_P57	nf-core/sarek 3.5.1 run angry_allen (session 26cf85bf-0ac3-4237-8f48-c36b2ab20bd2, Slurm 3273686, completed 2025-10-23 23:48:40 EDT)	mosdepth_md_fraction_target_bases_ge_100x	0.22	fraction	target bases	intervals_sorted.bed (242,421 hg38 intervals lifted from SeqCap EZ Exome v3; 63,709,951 bp summed, 63,514,049 bp merged)	wes/sarek_3.5.1_run/reports/mosdepth/TOV2295_R_P57/TOV2295_R_P57.md.mosdepth.region.dist.txt	found	
TOV2295_R_P57	nf-core/sarek 3.5.1 run angry_allen (session 26cf85bf-0ac3-4237-8f48-c36b2ab20bd2, Slurm 3273686, completed 2025-10-23 23:48:40 EDT)	mosdepth_md_fraction_target_bases_ge_50x	0.55	fraction	target bases	intervals_sorted.bed (242,421 hg38 intervals lifted from SeqCap EZ Exome v3; 63,709,951 bp summed, 63,514,049 bp merged)	wes/sarek_3.5.1_run/reports/mosdepth/TOV2295_R_P57/TOV2295_R_P57.md.mosdepth.region.dist.txt	found	
TOV2295_R_P57	nf-core/sarek 3.5.1 run angry_allen (session 26cf85bf-0ac3-4237-8f48-c36b2ab20bd2, Slurm 3273686, completed 2025-10-23 23:48:40 EDT)	mosdepth_md_fraction_target_bases_ge_30x	0.77	fraction	target bases	intervals_sorted.bed (242,421 hg38 intervals lifted from SeqCap EZ Exome v3; 63,709,951 bp summed, 63,514,049 bp merged)	wes/sarek_3.5.1_run/reports/mosdepth/TOV2295_R_P57/TOV2295_R_P57.md.mosdepth.region.dist.txt	found	
TOV2295_R_P57	nf-core/sarek 3.5.1 run angry_allen (session 26cf85bf-0ac3-4237-8f48-c36b2ab20bd2, Slurm 3273686, completed 2025-10-23 23:48:40 EDT)	mosdepth_md_fraction_target_bases_ge_20x	0.87	fraction	target bases	intervals_sorted.bed (242,421 hg38 intervals lifted from SeqCap EZ Exome v3; 63,709,951 bp summed, 63,514,049 bp merged)	wes/sarek_3.5.1_run/reports/mosdepth/TOV2295_R_P57/TOV2295_R_P57.md.mosdepth.region.dist.txt	found	
TOV2295_R_P57	nf-core/sarek 3.5.1 run angry_allen (session 26cf85bf-0ac3-4237-8f48-c36b2ab20bd2, Slurm 3273686, completed 2025-10-23 23:48:40 EDT)	mosdepth_md_fraction_target_bases_ge_10x	0.95	fraction	target bases	intervals_sorted.bed (242,421 hg38 intervals lifted from SeqCap EZ Exome v3; 63,709,951 bp summed, 63,514,049 bp merged)	wes/sarek_3.5.1_run/reports/mosdepth/TOV2295_R_P57/TOV2295_R_P57.md.mosdepth.region.dist.txt	found	
TOV2295_R_P57	nf-core/sarek 3.5.1 run angry_allen (session 26cf85bf-0ac3-4237-8f48-c36b2ab20bd2, Slurm 3273686, completed 2025-10-23 23:48:40 EDT)	mosdepth_md_fraction_target_bases_ge_1x	0.99	fraction	target bases	intervals_sorted.bed (242,421 hg38 intervals lifted from SeqCap EZ Exome v3; 63,709,951 bp summed, 63,514,049 bp merged)	wes/sarek_3.5.1_run/reports/mosdepth/TOV2295_R_P57/TOV2295_R_P57.md.mosdepth.region.dist.txt	found	
TOV2295_R_P57	nf-core/sarek 3.5.1 run angry_allen (session 26cf85bf-0ac3-4237-8f48-c36b2ab20bd2, Slurm 3273686, completed 2025-10-23 23:48:40 EDT)	mosdepth_recal_mean_depth_genome	2.03	x	whole reference (3092843764 bp)		wes/sarek_3.5.1_run/reports/mosdepth/TOV2295_R_P57/TOV2295_R_P57.recal.mosdepth.summary.txt	found	
TOV2295_R_P57	nf-core/sarek 3.5.1 run angry_allen (session 26cf85bf-0ac3-4237-8f48-c36b2ab20bd2, Slurm 3273686, completed 2025-10-23 23:48:40 EDT)	mosdepth_recal_mean_depth_target	78.33	x	target bases (63709444 bp, --by intervals_sorted.bed)	intervals_sorted.bed (242,421 hg38 intervals lifted from SeqCap EZ Exome v3; 63,709,951 bp summed, 63,514,049 bp merged)	wes/sarek_3.5.1_run/reports/mosdepth/TOV2295_R_P57/TOV2295_R_P57.recal.mosdepth.summary.txt	found	mean of per-base depth over the target footprint; mosdepth counts duplicates unless flagged (Sarek default)
TOV2295_R_P57	nf-core/sarek 3.5.1 run angry_allen (session 26cf85bf-0ac3-4237-8f48-c36b2ab20bd2, Slurm 3273686, completed 2025-10-23 23:48:40 EDT)	mosdepth_recal_fraction_target_bases_ge_100x	0.22	fraction	target bases	intervals_sorted.bed (242,421 hg38 intervals lifted from SeqCap EZ Exome v3; 63,709,951 bp summed, 63,514,049 bp merged)	wes/sarek_3.5.1_run/reports/mosdepth/TOV2295_R_P57/TOV2295_R_P57.recal.mosdepth.region.dist.txt	found	
TOV2295_R_P57	nf-core/sarek 3.5.1 run angry_allen (session 26cf85bf-0ac3-4237-8f48-c36b2ab20bd2, Slurm 3273686, completed 2025-10-23 23:48:40 EDT)	mosdepth_recal_fraction_target_bases_ge_50x	0.55	fraction	target bases	intervals_sorted.bed (242,421 hg38 intervals lifted from SeqCap EZ Exome v3; 63,709,951 bp summed, 63,514,049 bp merged)	wes/sarek_3.5.1_run/reports/mosdepth/TOV2295_R_P57/TOV2295_R_P57.recal.mosdepth.region.dist.txt	found	
TOV2295_R_P57	nf-core/sarek 3.5.1 run angry_allen (session 26cf85bf-0ac3-4237-8f48-c36b2ab20bd2, Slurm 3273686, completed 2025-10-23 23:48:40 EDT)	mosdepth_recal_fraction_target_bases_ge_30x	0.77	fraction	target bases	intervals_sorted.bed (242,421 hg38 intervals lifted from SeqCap EZ Exome v3; 63,709,951 bp summed, 63,514,049 bp merged)	wes/sarek_3.5.1_run/reports/mosdepth/TOV2295_R_P57/TOV2295_R_P57.recal.mosdepth.region.dist.txt	found	
TOV2295_R_P57	nf-core/sarek 3.5.1 run angry_allen (session 26cf85bf-0ac3-4237-8f48-c36b2ab20bd2, Slurm 3273686, completed 2025-10-23 23:48:40 EDT)	mosdepth_recal_fraction_target_bases_ge_20x	0.87	fraction	target bases	intervals_sorted.bed (242,421 hg38 intervals lifted from SeqCap EZ Exome v3; 63,709,951 bp summed, 63,514,049 bp merged)	wes/sarek_3.5.1_run/reports/mosdepth/TOV2295_R_P57/TOV2295_R_P57.recal.mosdepth.region.dist.txt	found	
TOV2295_R_P57	nf-core/sarek 3.5.1 run angry_allen (session 26cf85bf-0ac3-4237-8f48-c36b2ab20bd2, Slurm 3273686, completed 2025-10-23 23:48:40 EDT)	mosdepth_recal_fraction_target_bases_ge_10x	0.95	fraction	target bases	intervals_sorted.bed (242,421 hg38 intervals lifted from SeqCap EZ Exome v3; 63,709,951 bp summed, 63,514,049 bp merged)	wes/sarek_3.5.1_run/reports/mosdepth/TOV2295_R_P57/TOV2295_R_P57.recal.mosdepth.region.dist.txt	found	
TOV2295_R_P57	nf-core/sarek 3.5.1 run angry_allen (session 26cf85bf-0ac3-4237-8f48-c36b2ab20bd2, Slurm 3273686, completed 2025-10-23 23:48:40 EDT)	mosdepth_recal_fraction_target_bases_ge_1x	0.99	fraction	target bases	intervals_sorted.bed (242,421 hg38 intervals lifted from SeqCap EZ Exome v3; 63,709,951 bp summed, 63,514,049 bp merged)	wes/sarek_3.5.1_run/reports/mosdepth/TOV2295_R_P57/TOV2295_R_P57.recal.mosdepth.region.dist.txt	found	
TOV2295_R_P57	nf-core/sarek 3.5.1 run angry_allen (session 26cf85bf-0ac3-4237-8f48-c36b2ab20bd2, Slurm 3273686, completed 2025-10-23 23:48:40 EDT)	gatk_calculatecontamination_estimate	0.0024913094107494845	fraction	GetPileupSummaries on af-only-gnomad.hg38 sites within calling intervals; tumour-only		wes/sarek_3.5.1_run/variant_calling/mutect2/TOV2295_R_P57/TOV2295_R_P57.mutect2.contamination.table	found	cross-sample contamination estimate, error=5.170306905129037E-4; not a stock-authentication result
TOV2295_R_P57	nf-core/sarek 3.5.1 run angry_kilby (session 26cf85bf, Slurm 3377445, 2025-10-24, failed at GETPILEUPSUMMARIES TOV3133D_P66)	cnvkit_reads_in_target_bins	55430741	reads	mapped reads in recal BAM (interval-restricted)	cnvkit.reference.target-tmp.bed (242,421 bins)	wes/sarek_3.5.1_run/task_evidence/oct24_CNVKIT_BATCH_TOV2295_R_P57.b6_ecdb564b1632e569b8ba3584395884/.command.err	found	
TOV2295_R_P57	nf-core/sarek 3.5.1 run angry_kilby (session 26cf85bf, Slurm 3377445, 2025-10-24, failed at GETPILEUPSUMMARIES TOV3133D_P66)	cnvkit_percent_mapped_reads_in_target_bins	60.916	percent	90995097 mapped reads in recal BAM (interval-restricted, so not a genome-wide on-target fraction)	cnvkit.reference.target-tmp.bed (242,421 bins)	wes/sarek_3.5.1_run/task_evidence/oct24_CNVKIT_BATCH_TOV2295_R_P57.b6_ecdb564b1632e569b8ba3584395884/.command.err	found	Sarek-internal CNVkit batch (flat reference) task log; recal CRAM excludes off-interval reads, so genome-wide on-target fraction must use md CRAM stats
TOV2295_R_P57	manual CNVkit 0.9.10 batch (apptainer image cnvkit-0.9.10--pyhdfd78af_0.img), outputs dated 2025-11-14 to 2025-12-03	cnvkit_target_mean_depth_length_weighted	85.9	x	63514049 bp in 290475 target bins (CNVkit depth column)	intervals_sorted.target.bed (290,475 CNVkit autobin-split target bins, sha256 2177970f...; 63,514,049 bp)	wes/cnvkit_0.9.10_manual/TOV2295_R_P57_new/TOV2295_R_P57.targetcoverage.cnn	found	derived here from the retained coverage file; not a pipeline-reported number
TOV2295_R_P57	manual CNVkit 0.9.10 batch (apptainer image cnvkit-0.9.10--pyhdfd78af_0.img), outputs dated 2025-11-14 to 2025-12-03	cnvkit_target_bins_zero_depth	1541	bins	290475 target bins	intervals_sorted.target.bed (290,475 CNVkit autobin-split target bins, sha256 2177970f...; 63,514,049 bp)	wes/cnvkit_0.9.10_manual/TOV2295_R_P57_new/TOV2295_R_P57.targetcoverage.cnn	found	derived here
TOV2295_R_P57	manual CNVkit 0.9.10 batch (apptainer image cnvkit-0.9.10--pyhdfd78af_0.img), outputs dated 2025-11-14 to 2025-12-03	cnvkit_call_segments	97	segments		intervals_sorted.target.bed (290,475 CNVkit autobin-split target bins, sha256 2177970f...; 63,514,049 bp)	wes/cnvkit_0.9.10_manual/TOV2295_R_P57_new/TOV2295_R_P57.call.cns	found	
TOV2295_R_P57	nf-core/sarek 3.5.1 run angry_allen (session 26cf85bf-0ac3-4237-8f48-c36b2ab20bd2, Slurm 3273686, completed 2025-10-23 23:48:40 EDT)	bcftools_stats_filtered_vcf_number_of_records	27940	records	all records in mutect2.filtered.vcf.gz (PASS and non-PASS)		wes/sarek_3.5.1_run/multiqc/multiqc_data/multiqc_bcftools_stats.txt	found	
TOV2295_R_P57	nf-core/sarek 3.5.1 run angry_allen (session 26cf85bf-0ac3-4237-8f48-c36b2ab20bd2, Slurm 3273686, completed 2025-10-23 23:48:40 EDT)	bcftools_stats_filtered_vcf_number_of_SNPs	17054	records	all records in mutect2.filtered.vcf.gz (PASS and non-PASS)		wes/sarek_3.5.1_run/multiqc/multiqc_data/multiqc_bcftools_stats.txt	found	
TOV2295_R_P57	nf-core/sarek 3.5.1 run angry_allen (session 26cf85bf-0ac3-4237-8f48-c36b2ab20bd2, Slurm 3273686, completed 2025-10-23 23:48:40 EDT)	bcftools_stats_filtered_vcf_number_of_indels	8951	records	all records in mutect2.filtered.vcf.gz (PASS and non-PASS)		wes/sarek_3.5.1_run/multiqc/multiqc_data/multiqc_bcftools_stats.txt	found	
TOV2295_R_P57	nf-core/sarek 3.5.1 run angry_allen (session 26cf85bf-0ac3-4237-8f48-c36b2ab20bd2, Slurm 3273686, completed 2025-10-23 23:48:40 EDT)	bcftools_stats_filtered_vcf_number_of_MNPs	2321	records	all records in mutect2.filtered.vcf.gz (PASS and non-PASS)		wes/sarek_3.5.1_run/multiqc/multiqc_data/multiqc_bcftools_stats.txt	found	
TOV2295_R_P57	nf-core/sarek 3.5.1 run angry_allen (session 26cf85bf-0ac3-4237-8f48-c36b2ab20bd2, Slurm 3273686, completed 2025-10-23 23:48:40 EDT)	bcftools_stats_filtered_vcf_tstv	1.03	ratio	all records in mutect2.filtered.vcf.gz (PASS and non-PASS)		wes/sarek_3.5.1_run/multiqc/multiqc_data/multiqc_bcftools_stats.txt	found	
TOV2295_R_P57	nf-core/sarek 3.5.1 run angry_allen (session 26cf85bf-0ac3-4237-8f48-c36b2ab20bd2, Slurm 3273686, completed 2025-10-23 23:48:40 EDT)	vcftools_filtered_vcf_PASS_records	648	records	records in mutect2.filtered.vcf.gz		wes/sarek_3.5.1_run/reports/vcftools/mutect2/TOV2295_R_P57/TOV2295_R_P57.mutect2.filtered.FILTER.summary	found	
TOV2414_P65	nf-core/sarek 3.5.1 run angry_allen (session 26cf85bf-0ac3-4237-8f48-c36b2ab20bd2, Slurm 3273686, completed 2025-10-23 23:48:40 EDT)	fastp_total_reads_before_filtering	111671640	reads (R1+R2)	all reads in provider BAM converted to FASTQ		wes/sarek_3.5.1_run/reports/fastp/TOV2414_P65/TOV2414_P65-7.fastp.json	found	
TOV2414_P65	nf-core/sarek 3.5.1 run angry_allen (session 26cf85bf-0ac3-4237-8f48-c36b2ab20bd2, Slurm 3273686, completed 2025-10-23 23:48:40 EDT)	fastp_total_reads_after_filtering	108382950	reads (R1+R2)	reads passing fastp --length_required 15 (adapter trimming disabled)		wes/sarek_3.5.1_run/reports/fastp/TOV2414_P65/TOV2414_P65-7.fastp.json	found	
TOV2414_P65	nf-core/sarek 3.5.1 run angry_allen (session 26cf85bf-0ac3-4237-8f48-c36b2ab20bd2, Slurm 3273686, completed 2025-10-23 23:48:40 EDT)	fastp_q30_rate_after_filtering	0.8833	fraction of bases	bases after filtering		wes/sarek_3.5.1_run/reports/fastp/TOV2414_P65/TOV2414_P65-7.fastp.json	found	
TOV2414_P65	nf-core/sarek 3.5.1 run angry_allen (session 26cf85bf-0ac3-4237-8f48-c36b2ab20bd2, Slurm 3273686, completed 2025-10-23 23:48:40 EDT)	fastp_gc_content_after_filtering	0.4485	fraction	bases after filtering		wes/sarek_3.5.1_run/reports/fastp/TOV2414_P65/TOV2414_P65-7.fastp.json	found	
TOV2414_P65	nf-core/sarek 3.5.1 run angry_allen (session 26cf85bf-0ac3-4237-8f48-c36b2ab20bd2, Slurm 3273686, completed 2025-10-23 23:48:40 EDT)	fastp_duplication_rate	0.0894	fraction of reads	fastp sequence-level estimate before alignment		wes/sarek_3.5.1_run/reports/fastp/TOV2414_P65/TOV2414_P65-7.fastp.json	found	
TOV2414_P65	nf-core/sarek 3.5.1 run angry_allen (session 26cf85bf-0ac3-4237-8f48-c36b2ab20bd2, Slurm 3273686, completed 2025-10-23 23:48:40 EDT)	fastp_insert_size_peak	168	bp	fastp overlap-based estimate		wes/sarek_3.5.1_run/reports/fastp/TOV2414_P65/TOV2414_P65-7.fastp.json	found	
TOV2414_P65	nf-core/sarek 3.5.1 run angry_allen (session 26cf85bf-0ac3-4237-8f48-c36b2ab20bd2, Slurm 3273686, completed 2025-10-23 23:48:40 EDT)	fastp_read_length_mean_R1	100	bp			wes/sarek_3.5.1_run/reports/fastp/TOV2414_P65/TOV2414_P65-7.fastp.json	found	
TOV2414_P65	nf-core/sarek 3.5.1 run angry_allen (session 26cf85bf-0ac3-4237-8f48-c36b2ab20bd2, Slurm 3273686, completed 2025-10-23 23:48:40 EDT)	samtools_stats_md_raw_total_sequences	108382950	reads	all reads, genome-wide (duplicate-marked CRAM)		wes/sarek_3.5.1_run/reports/samtools/TOV2414_P65/TOV2414_P65.md.cram.stats	found	
TOV2414_P65	nf-core/sarek 3.5.1 run angry_allen (session 26cf85bf-0ac3-4237-8f48-c36b2ab20bd2, Slurm 3273686, completed 2025-10-23 23:48:40 EDT)	samtools_stats_md_reads_mapped	108199489	reads	all reads, genome-wide (duplicate-marked CRAM)		wes/sarek_3.5.1_run/reports/samtools/TOV2414_P65/TOV2414_P65.md.cram.stats	found	
TOV2414_P65	nf-core/sarek 3.5.1 run angry_allen (session 26cf85bf-0ac3-4237-8f48-c36b2ab20bd2, Slurm 3273686, completed 2025-10-23 23:48:40 EDT)	samtools_stats_md_reads_mapped_and_paired	108194506	reads	all reads, genome-wide (duplicate-marked CRAM)		wes/sarek_3.5.1_run/reports/samtools/TOV2414_P65/TOV2414_P65.md.cram.stats	found	
TOV2414_P65	nf-core/sarek 3.5.1 run angry_allen (session 26cf85bf-0ac3-4237-8f48-c36b2ab20bd2, Slurm 3273686, completed 2025-10-23 23:48:40 EDT)	samtools_stats_md_reads_properly_paired	107201990	reads	all reads, genome-wide (duplicate-marked CRAM)		wes/sarek_3.5.1_run/reports/samtools/TOV2414_P65/TOV2414_P65.md.cram.stats	found	
TOV2414_P65	nf-core/sarek 3.5.1 run angry_allen (session 26cf85bf-0ac3-4237-8f48-c36b2ab20bd2, Slurm 3273686, completed 2025-10-23 23:48:40 EDT)	samtools_stats_md_reads_duplicated	16311467	reads	all reads, genome-wide (duplicate-marked CRAM)		wes/sarek_3.5.1_run/reports/samtools/TOV2414_P65/TOV2414_P65.md.cram.stats	found	
TOV2414_P65	nf-core/sarek 3.5.1 run angry_allen (session 26cf85bf-0ac3-4237-8f48-c36b2ab20bd2, Slurm 3273686, completed 2025-10-23 23:48:40 EDT)	samtools_stats_md_reads_MQ0	14611976	reads	all reads, genome-wide (duplicate-marked CRAM)		wes/sarek_3.5.1_run/reports/samtools/TOV2414_P65/TOV2414_P65.md.cram.stats	found	
TOV2414_P65	nf-core/sarek 3.5.1 run angry_allen (session 26cf85bf-0ac3-4237-8f48-c36b2ab20bd2, Slurm 3273686, completed 2025-10-23 23:48:40 EDT)	samtools_stats_md_reads_unmapped	183461	reads	all reads, genome-wide (duplicate-marked CRAM)		wes/sarek_3.5.1_run/reports/samtools/TOV2414_P65/TOV2414_P65.md.cram.stats	found	
TOV2414_P65	nf-core/sarek 3.5.1 run angry_allen (session 26cf85bf-0ac3-4237-8f48-c36b2ab20bd2, Slurm 3273686, completed 2025-10-23 23:48:40 EDT)	samtools_stats_md_error_rate	5.950578e-03	fraction	all reads, genome-wide (duplicate-marked CRAM)		wes/sarek_3.5.1_run/reports/samtools/TOV2414_P65/TOV2414_P65.md.cram.stats	found	
TOV2414_P65	nf-core/sarek 3.5.1 run angry_allen (session 26cf85bf-0ac3-4237-8f48-c36b2ab20bd2, Slurm 3273686, completed 2025-10-23 23:48:40 EDT)	samtools_stats_md_average_length	100	bp	all reads, genome-wide (duplicate-marked CRAM)		wes/sarek_3.5.1_run/reports/samtools/TOV2414_P65/TOV2414_P65.md.cram.stats	found	
TOV2414_P65	nf-core/sarek 3.5.1 run angry_allen (session 26cf85bf-0ac3-4237-8f48-c36b2ab20bd2, Slurm 3273686, completed 2025-10-23 23:48:40 EDT)	samtools_stats_md_insert_size_average	255.1	bp	all reads, genome-wide (duplicate-marked CRAM)		wes/sarek_3.5.1_run/reports/samtools/TOV2414_P65/TOV2414_P65.md.cram.stats	found	
TOV2414_P65	nf-core/sarek 3.5.1 run angry_allen (session 26cf85bf-0ac3-4237-8f48-c36b2ab20bd2, Slurm 3273686, completed 2025-10-23 23:48:40 EDT)	samtools_stats_md_insert_size_standard_deviation	105.3	bp	all reads, genome-wide (duplicate-marked CRAM)		wes/sarek_3.5.1_run/reports/samtools/TOV2414_P65/TOV2414_P65.md.cram.stats	found	
TOV2414_P65	nf-core/sarek 3.5.1 run angry_allen (session 26cf85bf-0ac3-4237-8f48-c36b2ab20bd2, Slurm 3273686, completed 2025-10-23 23:48:40 EDT)	samtools_stats_md_percentage_of_properly_paired_reads_pct	98.9	percent	all reads, genome-wide (duplicate-marked CRAM)		wes/sarek_3.5.1_run/reports/samtools/TOV2414_P65/TOV2414_P65.md.cram.stats	found	
TOV2414_P65	nf-core/sarek 3.5.1 run angry_allen (session 26cf85bf-0ac3-4237-8f48-c36b2ab20bd2, Slurm 3273686, completed 2025-10-23 23:48:40 EDT)	samtools_stats_md_bases_mapped_cigar	10835260648	bp	all reads, genome-wide (duplicate-marked CRAM)		wes/sarek_3.5.1_run/reports/samtools/TOV2414_P65/TOV2414_P65.md.cram.stats	found	
TOV2414_P65	nf-core/sarek 3.5.1 run angry_allen (session 26cf85bf-0ac3-4237-8f48-c36b2ab20bd2, Slurm 3273686, completed 2025-10-23 23:48:40 EDT)	samtools_stats_md_average_quality	37.1	reads	all reads, genome-wide (duplicate-marked CRAM)		wes/sarek_3.5.1_run/reports/samtools/TOV2414_P65/TOV2414_P65.md.cram.stats	found	
TOV2414_P65	nf-core/sarek 3.5.1 run angry_allen (session 26cf85bf-0ac3-4237-8f48-c36b2ab20bd2, Slurm 3273686, completed 2025-10-23 23:48:40 EDT)	samtools_stats_recal_raw_total_sequences	74484274	reads	reads retained after per-interval ApplyBQSR (interval-restricted CRAM used for calling)		wes/sarek_3.5.1_run/reports/samtools/TOV2414_P65/TOV2414_P65.recal.cram.stats	found	
TOV2414_P65	nf-core/sarek 3.5.1 run angry_allen (session 26cf85bf-0ac3-4237-8f48-c36b2ab20bd2, Slurm 3273686, completed 2025-10-23 23:48:40 EDT)	samtools_stats_recal_reads_mapped	74482606	reads	reads retained after per-interval ApplyBQSR (interval-restricted CRAM used for calling)		wes/sarek_3.5.1_run/reports/samtools/TOV2414_P65/TOV2414_P65.recal.cram.stats	found	
TOV2414_P65	nf-core/sarek 3.5.1 run angry_allen (session 26cf85bf-0ac3-4237-8f48-c36b2ab20bd2, Slurm 3273686, completed 2025-10-23 23:48:40 EDT)	samtools_stats_recal_reads_mapped_and_paired	74480429	reads	reads retained after per-interval ApplyBQSR (interval-restricted CRAM used for calling)		wes/sarek_3.5.1_run/reports/samtools/TOV2414_P65/TOV2414_P65.recal.cram.stats	found	
TOV2414_P65	nf-core/sarek 3.5.1 run angry_allen (session 26cf85bf-0ac3-4237-8f48-c36b2ab20bd2, Slurm 3273686, completed 2025-10-23 23:48:40 EDT)	samtools_stats_recal_reads_properly_paired	74151398	reads	reads retained after per-interval ApplyBQSR (interval-restricted CRAM used for calling)		wes/sarek_3.5.1_run/reports/samtools/TOV2414_P65/TOV2414_P65.recal.cram.stats	found	
TOV2414_P65	nf-core/sarek 3.5.1 run angry_allen (session 26cf85bf-0ac3-4237-8f48-c36b2ab20bd2, Slurm 3273686, completed 2025-10-23 23:48:40 EDT)	samtools_stats_recal_reads_duplicated	11352690	reads	reads retained after per-interval ApplyBQSR (interval-restricted CRAM used for calling)		wes/sarek_3.5.1_run/reports/samtools/TOV2414_P65/TOV2414_P65.recal.cram.stats	found	
TOV2414_P65	nf-core/sarek 3.5.1 run angry_allen (session 26cf85bf-0ac3-4237-8f48-c36b2ab20bd2, Slurm 3273686, completed 2025-10-23 23:48:40 EDT)	samtools_stats_recal_reads_MQ0	8872411	reads	reads retained after per-interval ApplyBQSR (interval-restricted CRAM used for calling)		wes/sarek_3.5.1_run/reports/samtools/TOV2414_P65/TOV2414_P65.recal.cram.stats	found	
TOV2414_P65	nf-core/sarek 3.5.1 run angry_allen (session 26cf85bf-0ac3-4237-8f48-c36b2ab20bd2, Slurm 3273686, completed 2025-10-23 23:48:40 EDT)	samtools_stats_recal_reads_unmapped	1668	reads	reads retained after per-interval ApplyBQSR (interval-restricted CRAM used for calling)		wes/sarek_3.5.1_run/reports/samtools/TOV2414_P65/TOV2414_P65.recal.cram.stats	found	
TOV2414_P65	nf-core/sarek 3.5.1 run angry_allen (session 26cf85bf-0ac3-4237-8f48-c36b2ab20bd2, Slurm 3273686, completed 2025-10-23 23:48:40 EDT)	samtools_stats_recal_error_rate	5.138509e-03	fraction	reads retained after per-interval ApplyBQSR (interval-restricted CRAM used for calling)		wes/sarek_3.5.1_run/reports/samtools/TOV2414_P65/TOV2414_P65.recal.cram.stats	found	
TOV2414_P65	nf-core/sarek 3.5.1 run angry_allen (session 26cf85bf-0ac3-4237-8f48-c36b2ab20bd2, Slurm 3273686, completed 2025-10-23 23:48:40 EDT)	samtools_stats_recal_average_length	100	bp	reads retained after per-interval ApplyBQSR (interval-restricted CRAM used for calling)		wes/sarek_3.5.1_run/reports/samtools/TOV2414_P65/TOV2414_P65.recal.cram.stats	found	
TOV2414_P65	nf-core/sarek 3.5.1 run angry_allen (session 26cf85bf-0ac3-4237-8f48-c36b2ab20bd2, Slurm 3273686, completed 2025-10-23 23:48:40 EDT)	samtools_stats_recal_insert_size_average	239.1	bp	reads retained after per-interval ApplyBQSR (interval-restricted CRAM used for calling)		wes/sarek_3.5.1_run/reports/samtools/TOV2414_P65/TOV2414_P65.recal.cram.stats	found	
TOV2414_P65	nf-core/sarek 3.5.1 run angry_allen (session 26cf85bf-0ac3-4237-8f48-c36b2ab20bd2, Slurm 3273686, completed 2025-10-23 23:48:40 EDT)	samtools_stats_recal_insert_size_standard_deviation	94.9	bp	reads retained after per-interval ApplyBQSR (interval-restricted CRAM used for calling)		wes/sarek_3.5.1_run/reports/samtools/TOV2414_P65/TOV2414_P65.recal.cram.stats	found	
TOV2414_P65	nf-core/sarek 3.5.1 run angry_allen (session 26cf85bf-0ac3-4237-8f48-c36b2ab20bd2, Slurm 3273686, completed 2025-10-23 23:48:40 EDT)	samtools_stats_recal_percentage_of_properly_paired_reads_pct	99.6	percent	reads retained after per-interval ApplyBQSR (interval-restricted CRAM used for calling)		wes/sarek_3.5.1_run/reports/samtools/TOV2414_P65/TOV2414_P65.recal.cram.stats	found	
TOV2414_P65	nf-core/sarek 3.5.1 run angry_allen (session 26cf85bf-0ac3-4237-8f48-c36b2ab20bd2, Slurm 3273686, completed 2025-10-23 23:48:40 EDT)	samtools_stats_recal_bases_mapped_cigar	7435061045	bp	reads retained after per-interval ApplyBQSR (interval-restricted CRAM used for calling)		wes/sarek_3.5.1_run/reports/samtools/TOV2414_P65/TOV2414_P65.recal.cram.stats	found	
TOV2414_P65	nf-core/sarek 3.5.1 run angry_allen (session 26cf85bf-0ac3-4237-8f48-c36b2ab20bd2, Slurm 3273686, completed 2025-10-23 23:48:40 EDT)	samtools_stats_recal_average_quality	33.5	reads	reads retained after per-interval ApplyBQSR (interval-restricted CRAM used for calling)		wes/sarek_3.5.1_run/reports/samtools/TOV2414_P65/TOV2414_P65.recal.cram.stats	found	
TOV2414_P65	nf-core/sarek 3.5.1 run angry_allen (session 26cf85bf-0ac3-4237-8f48-c36b2ab20bd2, Slurm 3273686, completed 2025-10-23 23:48:40 EDT)	mosdepth_md_mean_depth_genome	2.64	x	whole reference (3213029601 bp)		wes/sarek_3.5.1_run/reports/mosdepth/TOV2414_P65/TOV2414_P65.md.mosdepth.summary.txt	found	
TOV2414_P65	nf-core/sarek 3.5.1 run angry_allen (session 26cf85bf-0ac3-4237-8f48-c36b2ab20bd2, Slurm 3273686, completed 2025-10-23 23:48:40 EDT)	mosdepth_md_mean_depth_target	71.93	x	target bases (63709951 bp, --by intervals_sorted.bed)	intervals_sorted.bed (242,421 hg38 intervals lifted from SeqCap EZ Exome v3; 63,709,951 bp summed, 63,514,049 bp merged)	wes/sarek_3.5.1_run/reports/mosdepth/TOV2414_P65/TOV2414_P65.md.mosdepth.summary.txt	found	mean of per-base depth over the target footprint; mosdepth counts duplicates unless flagged (Sarek default)
TOV2414_P65	nf-core/sarek 3.5.1 run angry_allen (session 26cf85bf-0ac3-4237-8f48-c36b2ab20bd2, Slurm 3273686, completed 2025-10-23 23:48:40 EDT)	mosdepth_md_fraction_target_bases_ge_100x	0.15	fraction	target bases	intervals_sorted.bed (242,421 hg38 intervals lifted from SeqCap EZ Exome v3; 63,709,951 bp summed, 63,514,049 bp merged)	wes/sarek_3.5.1_run/reports/mosdepth/TOV2414_P65/TOV2414_P65.md.mosdepth.region.dist.txt	found	
TOV2414_P65	nf-core/sarek 3.5.1 run angry_allen (session 26cf85bf-0ac3-4237-8f48-c36b2ab20bd2, Slurm 3273686, completed 2025-10-23 23:48:40 EDT)	mosdepth_md_fraction_target_bases_ge_50x	0.57	fraction	target bases	intervals_sorted.bed (242,421 hg38 intervals lifted from SeqCap EZ Exome v3; 63,709,951 bp summed, 63,514,049 bp merged)	wes/sarek_3.5.1_run/reports/mosdepth/TOV2414_P65/TOV2414_P65.md.mosdepth.region.dist.txt	found	
TOV2414_P65	nf-core/sarek 3.5.1 run angry_allen (session 26cf85bf-0ac3-4237-8f48-c36b2ab20bd2, Slurm 3273686, completed 2025-10-23 23:48:40 EDT)	mosdepth_md_fraction_target_bases_ge_30x	0.82	fraction	target bases	intervals_sorted.bed (242,421 hg38 intervals lifted from SeqCap EZ Exome v3; 63,709,951 bp summed, 63,514,049 bp merged)	wes/sarek_3.5.1_run/reports/mosdepth/TOV2414_P65/TOV2414_P65.md.mosdepth.region.dist.txt	found	
TOV2414_P65	nf-core/sarek 3.5.1 run angry_allen (session 26cf85bf-0ac3-4237-8f48-c36b2ab20bd2, Slurm 3273686, completed 2025-10-23 23:48:40 EDT)	mosdepth_md_fraction_target_bases_ge_20x	0.92	fraction	target bases	intervals_sorted.bed (242,421 hg38 intervals lifted from SeqCap EZ Exome v3; 63,709,951 bp summed, 63,514,049 bp merged)	wes/sarek_3.5.1_run/reports/mosdepth/TOV2414_P65/TOV2414_P65.md.mosdepth.region.dist.txt	found	
TOV2414_P65	nf-core/sarek 3.5.1 run angry_allen (session 26cf85bf-0ac3-4237-8f48-c36b2ab20bd2, Slurm 3273686, completed 2025-10-23 23:48:40 EDT)	mosdepth_md_fraction_target_bases_ge_10x	0.96	fraction	target bases	intervals_sorted.bed (242,421 hg38 intervals lifted from SeqCap EZ Exome v3; 63,709,951 bp summed, 63,514,049 bp merged)	wes/sarek_3.5.1_run/reports/mosdepth/TOV2414_P65/TOV2414_P65.md.mosdepth.region.dist.txt	found	
TOV2414_P65	nf-core/sarek 3.5.1 run angry_allen (session 26cf85bf-0ac3-4237-8f48-c36b2ab20bd2, Slurm 3273686, completed 2025-10-23 23:48:40 EDT)	mosdepth_md_fraction_target_bases_ge_1x	0.99	fraction	target bases	intervals_sorted.bed (242,421 hg38 intervals lifted from SeqCap EZ Exome v3; 63,709,951 bp summed, 63,514,049 bp merged)	wes/sarek_3.5.1_run/reports/mosdepth/TOV2414_P65/TOV2414_P65.md.mosdepth.region.dist.txt	found	
TOV2414_P65	nf-core/sarek 3.5.1 run angry_allen (session 26cf85bf-0ac3-4237-8f48-c36b2ab20bd2, Slurm 3273686, completed 2025-10-23 23:48:40 EDT)	mosdepth_recal_mean_depth_genome	1.86	x	whole reference (3092843764 bp)		wes/sarek_3.5.1_run/reports/mosdepth/TOV2414_P65/TOV2414_P65.recal.mosdepth.summary.txt	found	
TOV2414_P65	nf-core/sarek 3.5.1 run angry_allen (session 26cf85bf-0ac3-4237-8f48-c36b2ab20bd2, Slurm 3273686, completed 2025-10-23 23:48:40 EDT)	mosdepth_recal_mean_depth_target	71.93	x	target bases (63709444 bp, --by intervals_sorted.bed)	intervals_sorted.bed (242,421 hg38 intervals lifted from SeqCap EZ Exome v3; 63,709,951 bp summed, 63,514,049 bp merged)	wes/sarek_3.5.1_run/reports/mosdepth/TOV2414_P65/TOV2414_P65.recal.mosdepth.summary.txt	found	mean of per-base depth over the target footprint; mosdepth counts duplicates unless flagged (Sarek default)
TOV2414_P65	nf-core/sarek 3.5.1 run angry_allen (session 26cf85bf-0ac3-4237-8f48-c36b2ab20bd2, Slurm 3273686, completed 2025-10-23 23:48:40 EDT)	mosdepth_recal_fraction_target_bases_ge_100x	0.15	fraction	target bases	intervals_sorted.bed (242,421 hg38 intervals lifted from SeqCap EZ Exome v3; 63,709,951 bp summed, 63,514,049 bp merged)	wes/sarek_3.5.1_run/reports/mosdepth/TOV2414_P65/TOV2414_P65.recal.mosdepth.region.dist.txt	found	
TOV2414_P65	nf-core/sarek 3.5.1 run angry_allen (session 26cf85bf-0ac3-4237-8f48-c36b2ab20bd2, Slurm 3273686, completed 2025-10-23 23:48:40 EDT)	mosdepth_recal_fraction_target_bases_ge_50x	0.57	fraction	target bases	intervals_sorted.bed (242,421 hg38 intervals lifted from SeqCap EZ Exome v3; 63,709,951 bp summed, 63,514,049 bp merged)	wes/sarek_3.5.1_run/reports/mosdepth/TOV2414_P65/TOV2414_P65.recal.mosdepth.region.dist.txt	found	
TOV2414_P65	nf-core/sarek 3.5.1 run angry_allen (session 26cf85bf-0ac3-4237-8f48-c36b2ab20bd2, Slurm 3273686, completed 2025-10-23 23:48:40 EDT)	mosdepth_recal_fraction_target_bases_ge_30x	0.82	fraction	target bases	intervals_sorted.bed (242,421 hg38 intervals lifted from SeqCap EZ Exome v3; 63,709,951 bp summed, 63,514,049 bp merged)	wes/sarek_3.5.1_run/reports/mosdepth/TOV2414_P65/TOV2414_P65.recal.mosdepth.region.dist.txt	found	
TOV2414_P65	nf-core/sarek 3.5.1 run angry_allen (session 26cf85bf-0ac3-4237-8f48-c36b2ab20bd2, Slurm 3273686, completed 2025-10-23 23:48:40 EDT)	mosdepth_recal_fraction_target_bases_ge_20x	0.92	fraction	target bases	intervals_sorted.bed (242,421 hg38 intervals lifted from SeqCap EZ Exome v3; 63,709,951 bp summed, 63,514,049 bp merged)	wes/sarek_3.5.1_run/reports/mosdepth/TOV2414_P65/TOV2414_P65.recal.mosdepth.region.dist.txt	found	
TOV2414_P65	nf-core/sarek 3.5.1 run angry_allen (session 26cf85bf-0ac3-4237-8f48-c36b2ab20bd2, Slurm 3273686, completed 2025-10-23 23:48:40 EDT)	mosdepth_recal_fraction_target_bases_ge_10x	0.96	fraction	target bases	intervals_sorted.bed (242,421 hg38 intervals lifted from SeqCap EZ Exome v3; 63,709,951 bp summed, 63,514,049 bp merged)	wes/sarek_3.5.1_run/reports/mosdepth/TOV2414_P65/TOV2414_P65.recal.mosdepth.region.dist.txt	found	
TOV2414_P65	nf-core/sarek 3.5.1 run angry_allen (session 26cf85bf-0ac3-4237-8f48-c36b2ab20bd2, Slurm 3273686, completed 2025-10-23 23:48:40 EDT)	mosdepth_recal_fraction_target_bases_ge_1x	0.99	fraction	target bases	intervals_sorted.bed (242,421 hg38 intervals lifted from SeqCap EZ Exome v3; 63,709,951 bp summed, 63,514,049 bp merged)	wes/sarek_3.5.1_run/reports/mosdepth/TOV2414_P65/TOV2414_P65.recal.mosdepth.region.dist.txt	found	
TOV2414_P65	nf-core/sarek 3.5.1 run angry_allen (session 26cf85bf-0ac3-4237-8f48-c36b2ab20bd2, Slurm 3273686, completed 2025-10-23 23:48:40 EDT)	gatk_calculatecontamination_estimate	0.0030809458525387964	fraction	GetPileupSummaries on af-only-gnomad.hg38 sites within calling intervals; tumour-only		wes/sarek_3.5.1_run/variant_calling/mutect2/TOV2414_P65/TOV2414_P65.mutect2.contamination.table	found	cross-sample contamination estimate, error=4.435183894727617E-4; not a stock-authentication result
TOV2414_P65	nf-core/sarek 3.5.1 run angry_kilby (session 26cf85bf, Slurm 3377445, 2025-10-24, failed at GETPILEUPSUMMARIES TOV3133D_P66)	cnvkit_reads_in_target_bins	50725984	reads	mapped reads in recal BAM (interval-restricted)	cnvkit.reference.target-tmp.bed (242,421 bins)	wes/sarek_3.5.1_run/task_evidence/oct24_CNVKIT_BATCH_TOV2414_P65.ad_34d92ef2d6e1ba0272c5fd188d3a96/.command.err	found	
TOV2414_P65	nf-core/sarek 3.5.1 run angry_kilby (session 26cf85bf, Slurm 3377445, 2025-10-24, failed at GETPILEUPSUMMARIES TOV3133D_P66)	cnvkit_percent_mapped_reads_in_target_bins	68.080	percent	74508964 mapped reads in recal BAM (interval-restricted, so not a genome-wide on-target fraction)	cnvkit.reference.target-tmp.bed (242,421 bins)	wes/sarek_3.5.1_run/task_evidence/oct24_CNVKIT_BATCH_TOV2414_P65.ad_34d92ef2d6e1ba0272c5fd188d3a96/.command.err	found	Sarek-internal CNVkit batch (flat reference) task log; recal CRAM excludes off-interval reads, so genome-wide on-target fraction must use md CRAM stats
TOV2414_P65	manual CNVkit 0.9.10 batch (apptainer image cnvkit-0.9.10--pyhdfd78af_0.img), outputs dated 2025-11-14 to 2025-12-03	cnvkit_target_mean_depth_length_weighted	78.64	x	63514049 bp in 290475 target bins (CNVkit depth column)	intervals_sorted.target.bed (290,475 CNVkit autobin-split target bins, sha256 2177970f...; 63,514,049 bp)	wes/cnvkit_0.9.10_manual/TOV2414_P65_new/TOV2414_P65.targetcoverage.cnn	found	derived here from the retained coverage file; not a pipeline-reported number
TOV2414_P65	manual CNVkit 0.9.10 batch (apptainer image cnvkit-0.9.10--pyhdfd78af_0.img), outputs dated 2025-11-14 to 2025-12-03	cnvkit_target_bins_zero_depth	1517	bins	290475 target bins	intervals_sorted.target.bed (290,475 CNVkit autobin-split target bins, sha256 2177970f...; 63,514,049 bp)	wes/cnvkit_0.9.10_manual/TOV2414_P65_new/TOV2414_P65.targetcoverage.cnn	found	derived here
TOV2414_P65	manual CNVkit 0.9.10 batch (apptainer image cnvkit-0.9.10--pyhdfd78af_0.img), outputs dated 2025-11-14 to 2025-12-03	cnvkit_call_segments	81	segments		intervals_sorted.target.bed (290,475 CNVkit autobin-split target bins, sha256 2177970f...; 63,514,049 bp)	wes/cnvkit_0.9.10_manual/TOV2414_P65_new/TOV2414_P65.call.cns	found	
TOV2414_P65	nf-core/sarek 3.5.1 run angry_allen (session 26cf85bf-0ac3-4237-8f48-c36b2ab20bd2, Slurm 3273686, completed 2025-10-23 23:48:40 EDT)	bcftools_stats_filtered_vcf_number_of_records	21390	records	all records in mutect2.filtered.vcf.gz (PASS and non-PASS)		wes/sarek_3.5.1_run/multiqc/multiqc_data/multiqc_bcftools_stats.txt	found	
TOV2414_P65	nf-core/sarek 3.5.1 run angry_allen (session 26cf85bf-0ac3-4237-8f48-c36b2ab20bd2, Slurm 3273686, completed 2025-10-23 23:48:40 EDT)	bcftools_stats_filtered_vcf_number_of_SNPs	14130	records	all records in mutect2.filtered.vcf.gz (PASS and non-PASS)		wes/sarek_3.5.1_run/multiqc/multiqc_data/multiqc_bcftools_stats.txt	found	
TOV2414_P65	nf-core/sarek 3.5.1 run angry_allen (session 26cf85bf-0ac3-4237-8f48-c36b2ab20bd2, Slurm 3273686, completed 2025-10-23 23:48:40 EDT)	bcftools_stats_filtered_vcf_number_of_indels	6228	records	all records in mutect2.filtered.vcf.gz (PASS and non-PASS)		wes/sarek_3.5.1_run/multiqc/multiqc_data/multiqc_bcftools_stats.txt	found	
TOV2414_P65	nf-core/sarek 3.5.1 run angry_allen (session 26cf85bf-0ac3-4237-8f48-c36b2ab20bd2, Slurm 3273686, completed 2025-10-23 23:48:40 EDT)	bcftools_stats_filtered_vcf_number_of_MNPs	1225	records	all records in mutect2.filtered.vcf.gz (PASS and non-PASS)		wes/sarek_3.5.1_run/multiqc/multiqc_data/multiqc_bcftools_stats.txt	found	
TOV2414_P65	nf-core/sarek 3.5.1 run angry_allen (session 26cf85bf-0ac3-4237-8f48-c36b2ab20bd2, Slurm 3273686, completed 2025-10-23 23:48:40 EDT)	bcftools_stats_filtered_vcf_tstv	1.19	ratio	all records in mutect2.filtered.vcf.gz (PASS and non-PASS)		wes/sarek_3.5.1_run/multiqc/multiqc_data/multiqc_bcftools_stats.txt	found	
TOV2414_P65	nf-core/sarek 3.5.1 run angry_allen (session 26cf85bf-0ac3-4237-8f48-c36b2ab20bd2, Slurm 3273686, completed 2025-10-23 23:48:40 EDT)	vcftools_filtered_vcf_PASS_records	575	records	records in mutect2.filtered.vcf.gz		wes/sarek_3.5.1_run/reports/vcftools/mutect2/TOV2414_P65/TOV2414_P65.mutect2.filtered.FILTER.summary	found	
TOV2835EP_P64	nf-core/sarek 3.5.1 run angry_allen (session 26cf85bf-0ac3-4237-8f48-c36b2ab20bd2, Slurm 3273686, completed 2025-10-23 23:48:40 EDT)	fastp_total_reads_before_filtering	128600352	reads (R1+R2)	all reads in provider BAM converted to FASTQ		wes/sarek_3.5.1_run/reports/fastp/TOV2835EP_P64/TOV2835EP_P64-6.fastp.json	found	
TOV2835EP_P64	nf-core/sarek 3.5.1 run angry_allen (session 26cf85bf-0ac3-4237-8f48-c36b2ab20bd2, Slurm 3273686, completed 2025-10-23 23:48:40 EDT)	fastp_total_reads_after_filtering	126522962	reads (R1+R2)	reads passing fastp --length_required 15 (adapter trimming disabled)		wes/sarek_3.5.1_run/reports/fastp/TOV2835EP_P64/TOV2835EP_P64-6.fastp.json	found	
TOV2835EP_P64	nf-core/sarek 3.5.1 run angry_allen (session 26cf85bf-0ac3-4237-8f48-c36b2ab20bd2, Slurm 3273686, completed 2025-10-23 23:48:40 EDT)	fastp_q30_rate_after_filtering	0.9173	fraction of bases	bases after filtering		wes/sarek_3.5.1_run/reports/fastp/TOV2835EP_P64/TOV2835EP_P64-6.fastp.json	found	
TOV2835EP_P64	nf-core/sarek 3.5.1 run angry_allen (session 26cf85bf-0ac3-4237-8f48-c36b2ab20bd2, Slurm 3273686, completed 2025-10-23 23:48:40 EDT)	fastp_gc_content_after_filtering	0.4317	fraction	bases after filtering		wes/sarek_3.5.1_run/reports/fastp/TOV2835EP_P64/TOV2835EP_P64-6.fastp.json	found	
TOV2835EP_P64	nf-core/sarek 3.5.1 run angry_allen (session 26cf85bf-0ac3-4237-8f48-c36b2ab20bd2, Slurm 3273686, completed 2025-10-23 23:48:40 EDT)	fastp_duplication_rate	0.121	fraction of reads	fastp sequence-level estimate before alignment		wes/sarek_3.5.1_run/reports/fastp/TOV2835EP_P64/TOV2835EP_P64-6.fastp.json	found	
TOV2835EP_P64	nf-core/sarek 3.5.1 run angry_allen (session 26cf85bf-0ac3-4237-8f48-c36b2ab20bd2, Slurm 3273686, completed 2025-10-23 23:48:40 EDT)	fastp_insert_size_peak	169	bp	fastp overlap-based estimate		wes/sarek_3.5.1_run/reports/fastp/TOV2835EP_P64/TOV2835EP_P64-6.fastp.json	found	
TOV2835EP_P64	nf-core/sarek 3.5.1 run angry_allen (session 26cf85bf-0ac3-4237-8f48-c36b2ab20bd2, Slurm 3273686, completed 2025-10-23 23:48:40 EDT)	fastp_read_length_mean_R1	100	bp			wes/sarek_3.5.1_run/reports/fastp/TOV2835EP_P64/TOV2835EP_P64-6.fastp.json	found	
TOV2835EP_P64	nf-core/sarek 3.5.1 run angry_allen (session 26cf85bf-0ac3-4237-8f48-c36b2ab20bd2, Slurm 3273686, completed 2025-10-23 23:48:40 EDT)	samtools_stats_md_raw_total_sequences	126522962	reads	all reads, genome-wide (duplicate-marked CRAM)		wes/sarek_3.5.1_run/reports/samtools/TOV2835EP_P64/TOV2835EP_P64.md.cram.stats	found	
TOV2835EP_P64	nf-core/sarek 3.5.1 run angry_allen (session 26cf85bf-0ac3-4237-8f48-c36b2ab20bd2, Slurm 3273686, completed 2025-10-23 23:48:40 EDT)	samtools_stats_md_reads_mapped	126498904	reads	all reads, genome-wide (duplicate-marked CRAM)		wes/sarek_3.5.1_run/reports/samtools/TOV2835EP_P64/TOV2835EP_P64.md.cram.stats	found	
TOV2835EP_P64	nf-core/sarek 3.5.1 run angry_allen (session 26cf85bf-0ac3-4237-8f48-c36b2ab20bd2, Slurm 3273686, completed 2025-10-23 23:48:40 EDT)	samtools_stats_md_reads_mapped_and_paired	126495362	reads	all reads, genome-wide (duplicate-marked CRAM)		wes/sarek_3.5.1_run/reports/samtools/TOV2835EP_P64/TOV2835EP_P64.md.cram.stats	found	
TOV2835EP_P64	nf-core/sarek 3.5.1 run angry_allen (session 26cf85bf-0ac3-4237-8f48-c36b2ab20bd2, Slurm 3273686, completed 2025-10-23 23:48:40 EDT)	samtools_stats_md_reads_properly_paired	125391044	reads	all reads, genome-wide (duplicate-marked CRAM)		wes/sarek_3.5.1_run/reports/samtools/TOV2835EP_P64/TOV2835EP_P64.md.cram.stats	found	
TOV2835EP_P64	nf-core/sarek 3.5.1 run angry_allen (session 26cf85bf-0ac3-4237-8f48-c36b2ab20bd2, Slurm 3273686, completed 2025-10-23 23:48:40 EDT)	samtools_stats_md_reads_duplicated	24305722	reads	all reads, genome-wide (duplicate-marked CRAM)		wes/sarek_3.5.1_run/reports/samtools/TOV2835EP_P64/TOV2835EP_P64.md.cram.stats	found	
TOV2835EP_P64	nf-core/sarek 3.5.1 run angry_allen (session 26cf85bf-0ac3-4237-8f48-c36b2ab20bd2, Slurm 3273686, completed 2025-10-23 23:48:40 EDT)	samtools_stats_md_reads_MQ0	16327717	reads	all reads, genome-wide (duplicate-marked CRAM)		wes/sarek_3.5.1_run/reports/samtools/TOV2835EP_P64/TOV2835EP_P64.md.cram.stats	found	
TOV2835EP_P64	nf-core/sarek 3.5.1 run angry_allen (session 26cf85bf-0ac3-4237-8f48-c36b2ab20bd2, Slurm 3273686, completed 2025-10-23 23:48:40 EDT)	samtools_stats_md_reads_unmapped	24058	reads	all reads, genome-wide (duplicate-marked CRAM)		wes/sarek_3.5.1_run/reports/samtools/TOV2835EP_P64/TOV2835EP_P64.md.cram.stats	found	
TOV2835EP_P64	nf-core/sarek 3.5.1 run angry_allen (session 26cf85bf-0ac3-4237-8f48-c36b2ab20bd2, Slurm 3273686, completed 2025-10-23 23:48:40 EDT)	samtools_stats_md_error_rate	4.976211e-03	fraction	all reads, genome-wide (duplicate-marked CRAM)		wes/sarek_3.5.1_run/reports/samtools/TOV2835EP_P64/TOV2835EP_P64.md.cram.stats	found	
TOV2835EP_P64	nf-core/sarek 3.5.1 run angry_allen (session 26cf85bf-0ac3-4237-8f48-c36b2ab20bd2, Slurm 3273686, completed 2025-10-23 23:48:40 EDT)	samtools_stats_md_average_length	100	bp	all reads, genome-wide (duplicate-marked CRAM)		wes/sarek_3.5.1_run/reports/samtools/TOV2835EP_P64/TOV2835EP_P64.md.cram.stats	found	
TOV2835EP_P64	nf-core/sarek 3.5.1 run angry_allen (session 26cf85bf-0ac3-4237-8f48-c36b2ab20bd2, Slurm 3273686, completed 2025-10-23 23:48:40 EDT)	samtools_stats_md_insert_size_average	239.7	bp	all reads, genome-wide (duplicate-marked CRAM)		wes/sarek_3.5.1_run/reports/samtools/TOV2835EP_P64/TOV2835EP_P64.md.cram.stats	found	
TOV2835EP_P64	nf-core/sarek 3.5.1 run angry_allen (session 26cf85bf-0ac3-4237-8f48-c36b2ab20bd2, Slurm 3273686, completed 2025-10-23 23:48:40 EDT)	samtools_stats_md_insert_size_standard_deviation	98.2	bp	all reads, genome-wide (duplicate-marked CRAM)		wes/sarek_3.5.1_run/reports/samtools/TOV2835EP_P64/TOV2835EP_P64.md.cram.stats	found	
TOV2835EP_P64	nf-core/sarek 3.5.1 run angry_allen (session 26cf85bf-0ac3-4237-8f48-c36b2ab20bd2, Slurm 3273686, completed 2025-10-23 23:48:40 EDT)	samtools_stats_md_percentage_of_properly_paired_reads_pct	99.1	percent	all reads, genome-wide (duplicate-marked CRAM)		wes/sarek_3.5.1_run/reports/samtools/TOV2835EP_P64/TOV2835EP_P64.md.cram.stats	found	
TOV2835EP_P64	nf-core/sarek 3.5.1 run angry_allen (session 26cf85bf-0ac3-4237-8f48-c36b2ab20bd2, Slurm 3273686, completed 2025-10-23 23:48:40 EDT)	samtools_stats_md_bases_mapped_cigar	12643848329	bp	all reads, genome-wide (duplicate-marked CRAM)		wes/sarek_3.5.1_run/reports/samtools/TOV2835EP_P64/TOV2835EP_P64.md.cram.stats	found	
TOV2835EP_P64	nf-core/sarek 3.5.1 run angry_allen (session 26cf85bf-0ac3-4237-8f48-c36b2ab20bd2, Slurm 3273686, completed 2025-10-23 23:48:40 EDT)	samtools_stats_md_average_quality	38.0	reads	all reads, genome-wide (duplicate-marked CRAM)		wes/sarek_3.5.1_run/reports/samtools/TOV2835EP_P64/TOV2835EP_P64.md.cram.stats	found	
TOV2835EP_P64	nf-core/sarek 3.5.1 run angry_allen (session 26cf85bf-0ac3-4237-8f48-c36b2ab20bd2, Slurm 3273686, completed 2025-10-23 23:48:40 EDT)	samtools_stats_recal_raw_total_sequences	91834906	reads	reads retained after per-interval ApplyBQSR (interval-restricted CRAM used for calling)		wes/sarek_3.5.1_run/reports/samtools/TOV2835EP_P64/TOV2835EP_P64.recal.cram.stats	found	
TOV2835EP_P64	nf-core/sarek 3.5.1 run angry_allen (session 26cf85bf-0ac3-4237-8f48-c36b2ab20bd2, Slurm 3273686, completed 2025-10-23 23:48:40 EDT)	samtools_stats_recal_reads_mapped	91833442	reads	reads retained after per-interval ApplyBQSR (interval-restricted CRAM used for calling)		wes/sarek_3.5.1_run/reports/samtools/TOV2835EP_P64/TOV2835EP_P64.recal.cram.stats	found	
TOV2835EP_P64	nf-core/sarek 3.5.1 run angry_allen (session 26cf85bf-0ac3-4237-8f48-c36b2ab20bd2, Slurm 3273686, completed 2025-10-23 23:48:40 EDT)	samtools_stats_recal_reads_mapped_and_paired	91831522	reads	reads retained after per-interval ApplyBQSR (interval-restricted CRAM used for calling)		wes/sarek_3.5.1_run/reports/samtools/TOV2835EP_P64/TOV2835EP_P64.recal.cram.stats	found	
TOV2835EP_P64	nf-core/sarek 3.5.1 run angry_allen (session 26cf85bf-0ac3-4237-8f48-c36b2ab20bd2, Slurm 3273686, completed 2025-10-23 23:48:40 EDT)	samtools_stats_recal_reads_properly_paired	91402349	reads	reads retained after per-interval ApplyBQSR (interval-restricted CRAM used for calling)		wes/sarek_3.5.1_run/reports/samtools/TOV2835EP_P64/TOV2835EP_P64.recal.cram.stats	found	
TOV2835EP_P64	nf-core/sarek 3.5.1 run angry_allen (session 26cf85bf-0ac3-4237-8f48-c36b2ab20bd2, Slurm 3273686, completed 2025-10-23 23:48:40 EDT)	samtools_stats_recal_reads_duplicated	18035548	reads	reads retained after per-interval ApplyBQSR (interval-restricted CRAM used for calling)		wes/sarek_3.5.1_run/reports/samtools/TOV2835EP_P64/TOV2835EP_P64.recal.cram.stats	found	
TOV2835EP_P64	nf-core/sarek 3.5.1 run angry_allen (session 26cf85bf-0ac3-4237-8f48-c36b2ab20bd2, Slurm 3273686, completed 2025-10-23 23:48:40 EDT)	samtools_stats_recal_reads_MQ0	10604608	reads	reads retained after per-interval ApplyBQSR (interval-restricted CRAM used for calling)		wes/sarek_3.5.1_run/reports/samtools/TOV2835EP_P64/TOV2835EP_P64.recal.cram.stats	found	
TOV2835EP_P64	nf-core/sarek 3.5.1 run angry_allen (session 26cf85bf-0ac3-4237-8f48-c36b2ab20bd2, Slurm 3273686, completed 2025-10-23 23:48:40 EDT)	samtools_stats_recal_reads_unmapped	1464	reads	reads retained after per-interval ApplyBQSR (interval-restricted CRAM used for calling)		wes/sarek_3.5.1_run/reports/samtools/TOV2835EP_P64/TOV2835EP_P64.recal.cram.stats	found	
TOV2835EP_P64	nf-core/sarek 3.5.1 run angry_allen (session 26cf85bf-0ac3-4237-8f48-c36b2ab20bd2, Slurm 3273686, completed 2025-10-23 23:48:40 EDT)	samtools_stats_recal_error_rate	4.441082e-03	fraction	reads retained after per-interval ApplyBQSR (interval-restricted CRAM used for calling)		wes/sarek_3.5.1_run/reports/samtools/TOV2835EP_P64/TOV2835EP_P64.recal.cram.stats	found	
TOV2835EP_P64	nf-core/sarek 3.5.1 run angry_allen (session 26cf85bf-0ac3-4237-8f48-c36b2ab20bd2, Slurm 3273686, completed 2025-10-23 23:48:40 EDT)	samtools_stats_recal_average_length	100	bp	reads retained after per-interval ApplyBQSR (interval-restricted CRAM used for calling)		wes/sarek_3.5.1_run/reports/samtools/TOV2835EP_P64/TOV2835EP_P64.recal.cram.stats	found	
TOV2835EP_P64	nf-core/sarek 3.5.1 run angry_allen (session 26cf85bf-0ac3-4237-8f48-c36b2ab20bd2, Slurm 3273686, completed 2025-10-23 23:48:40 EDT)	samtools_stats_recal_insert_size_average	225.4	bp	reads retained after per-interval ApplyBQSR (interval-restricted CRAM used for calling)		wes/sarek_3.5.1_run/reports/samtools/TOV2835EP_P64/TOV2835EP_P64.recal.cram.stats	found	
TOV2835EP_P64	nf-core/sarek 3.5.1 run angry_allen (session 26cf85bf-0ac3-4237-8f48-c36b2ab20bd2, Slurm 3273686, completed 2025-10-23 23:48:40 EDT)	samtools_stats_recal_insert_size_standard_deviation	88.1	bp	reads retained after per-interval ApplyBQSR (interval-restricted CRAM used for calling)		wes/sarek_3.5.1_run/reports/samtools/TOV2835EP_P64/TOV2835EP_P64.recal.cram.stats	found	
TOV2835EP_P64	nf-core/sarek 3.5.1 run angry_allen (session 26cf85bf-0ac3-4237-8f48-c36b2ab20bd2, Slurm 3273686, completed 2025-10-23 23:48:40 EDT)	samtools_stats_recal_percentage_of_properly_paired_reads_pct	99.5	percent	reads retained after per-interval ApplyBQSR (interval-restricted CRAM used for calling)		wes/sarek_3.5.1_run/reports/samtools/TOV2835EP_P64/TOV2835EP_P64.recal.cram.stats	found	
TOV2835EP_P64	nf-core/sarek 3.5.1 run angry_allen (session 26cf85bf-0ac3-4237-8f48-c36b2ab20bd2, Slurm 3273686, completed 2025-10-23 23:48:40 EDT)	samtools_stats_recal_bases_mapped_cigar	9160804524	bp	reads retained after per-interval ApplyBQSR (interval-restricted CRAM used for calling)		wes/sarek_3.5.1_run/reports/samtools/TOV2835EP_P64/TOV2835EP_P64.recal.cram.stats	found	
TOV2835EP_P64	nf-core/sarek 3.5.1 run angry_allen (session 26cf85bf-0ac3-4237-8f48-c36b2ab20bd2, Slurm 3273686, completed 2025-10-23 23:48:40 EDT)	samtools_stats_recal_average_quality	33.9	reads	reads retained after per-interval ApplyBQSR (interval-restricted CRAM used for calling)		wes/sarek_3.5.1_run/reports/samtools/TOV2835EP_P64/TOV2835EP_P64.recal.cram.stats	found	
TOV2835EP_P64	nf-core/sarek 3.5.1 run angry_allen (session 26cf85bf-0ac3-4237-8f48-c36b2ab20bd2, Slurm 3273686, completed 2025-10-23 23:48:40 EDT)	mosdepth_md_mean_depth_genome	2.89	x	whole reference (3213657735 bp)		wes/sarek_3.5.1_run/reports/mosdepth/TOV2835EP_P64/TOV2835EP_P64.md.mosdepth.summary.txt	found	
TOV2835EP_P64	nf-core/sarek 3.5.1 run angry_allen (session 26cf85bf-0ac3-4237-8f48-c36b2ab20bd2, Slurm 3273686, completed 2025-10-23 23:48:40 EDT)	mosdepth_md_mean_depth_target	82.46	x	target bases (63709951 bp, --by intervals_sorted.bed)	intervals_sorted.bed (242,421 hg38 intervals lifted from SeqCap EZ Exome v3; 63,709,951 bp summed, 63,514,049 bp merged)	wes/sarek_3.5.1_run/reports/mosdepth/TOV2835EP_P64/TOV2835EP_P64.md.mosdepth.summary.txt	found	mean of per-base depth over the target footprint; mosdepth counts duplicates unless flagged (Sarek default)
TOV2835EP_P64	nf-core/sarek 3.5.1 run angry_allen (session 26cf85bf-0ac3-4237-8f48-c36b2ab20bd2, Slurm 3273686, completed 2025-10-23 23:48:40 EDT)	mosdepth_md_fraction_target_bases_ge_100x	0.23	fraction	target bases	intervals_sorted.bed (242,421 hg38 intervals lifted from SeqCap EZ Exome v3; 63,709,951 bp summed, 63,514,049 bp merged)	wes/sarek_3.5.1_run/reports/mosdepth/TOV2835EP_P64/TOV2835EP_P64.md.mosdepth.region.dist.txt	found	
TOV2835EP_P64	nf-core/sarek 3.5.1 run angry_allen (session 26cf85bf-0ac3-4237-8f48-c36b2ab20bd2, Slurm 3273686, completed 2025-10-23 23:48:40 EDT)	mosdepth_md_fraction_target_bases_ge_50x	0.56	fraction	target bases	intervals_sorted.bed (242,421 hg38 intervals lifted from SeqCap EZ Exome v3; 63,709,951 bp summed, 63,514,049 bp merged)	wes/sarek_3.5.1_run/reports/mosdepth/TOV2835EP_P64/TOV2835EP_P64.md.mosdepth.region.dist.txt	found	
TOV2835EP_P64	nf-core/sarek 3.5.1 run angry_allen (session 26cf85bf-0ac3-4237-8f48-c36b2ab20bd2, Slurm 3273686, completed 2025-10-23 23:48:40 EDT)	mosdepth_md_fraction_target_bases_ge_30x	0.77	fraction	target bases	intervals_sorted.bed (242,421 hg38 intervals lifted from SeqCap EZ Exome v3; 63,709,951 bp summed, 63,514,049 bp merged)	wes/sarek_3.5.1_run/reports/mosdepth/TOV2835EP_P64/TOV2835EP_P64.md.mosdepth.region.dist.txt	found	
TOV2835EP_P64	nf-core/sarek 3.5.1 run angry_allen (session 26cf85bf-0ac3-4237-8f48-c36b2ab20bd2, Slurm 3273686, completed 2025-10-23 23:48:40 EDT)	mosdepth_md_fraction_target_bases_ge_20x	0.87	fraction	target bases	intervals_sorted.bed (242,421 hg38 intervals lifted from SeqCap EZ Exome v3; 63,709,951 bp summed, 63,514,049 bp merged)	wes/sarek_3.5.1_run/reports/mosdepth/TOV2835EP_P64/TOV2835EP_P64.md.mosdepth.region.dist.txt	found	
TOV2835EP_P64	nf-core/sarek 3.5.1 run angry_allen (session 26cf85bf-0ac3-4237-8f48-c36b2ab20bd2, Slurm 3273686, completed 2025-10-23 23:48:40 EDT)	mosdepth_md_fraction_target_bases_ge_10x	0.95	fraction	target bases	intervals_sorted.bed (242,421 hg38 intervals lifted from SeqCap EZ Exome v3; 63,709,951 bp summed, 63,514,049 bp merged)	wes/sarek_3.5.1_run/reports/mosdepth/TOV2835EP_P64/TOV2835EP_P64.md.mosdepth.region.dist.txt	found	
TOV2835EP_P64	nf-core/sarek 3.5.1 run angry_allen (session 26cf85bf-0ac3-4237-8f48-c36b2ab20bd2, Slurm 3273686, completed 2025-10-23 23:48:40 EDT)	mosdepth_md_fraction_target_bases_ge_1x	0.99	fraction	target bases	intervals_sorted.bed (242,421 hg38 intervals lifted from SeqCap EZ Exome v3; 63,709,951 bp summed, 63,514,049 bp merged)	wes/sarek_3.5.1_run/reports/mosdepth/TOV2835EP_P64/TOV2835EP_P64.md.mosdepth.region.dist.txt	found	
TOV2835EP_P64	nf-core/sarek 3.5.1 run angry_allen (session 26cf85bf-0ac3-4237-8f48-c36b2ab20bd2, Slurm 3273686, completed 2025-10-23 23:48:40 EDT)	mosdepth_recal_mean_depth_genome	2.14	x	whole reference (3092843764 bp)		wes/sarek_3.5.1_run/reports/mosdepth/TOV2835EP_P64/TOV2835EP_P64.recal.mosdepth.summary.txt	found	
TOV2835EP_P64	nf-core/sarek 3.5.1 run angry_allen (session 26cf85bf-0ac3-4237-8f48-c36b2ab20bd2, Slurm 3273686, completed 2025-10-23 23:48:40 EDT)	mosdepth_recal_mean_depth_target	82.46	x	target bases (63709444 bp, --by intervals_sorted.bed)	intervals_sorted.bed (242,421 hg38 intervals lifted from SeqCap EZ Exome v3; 63,709,951 bp summed, 63,514,049 bp merged)	wes/sarek_3.5.1_run/reports/mosdepth/TOV2835EP_P64/TOV2835EP_P64.recal.mosdepth.summary.txt	found	mean of per-base depth over the target footprint; mosdepth counts duplicates unless flagged (Sarek default)
TOV2835EP_P64	nf-core/sarek 3.5.1 run angry_allen (session 26cf85bf-0ac3-4237-8f48-c36b2ab20bd2, Slurm 3273686, completed 2025-10-23 23:48:40 EDT)	mosdepth_recal_fraction_target_bases_ge_100x	0.23	fraction	target bases	intervals_sorted.bed (242,421 hg38 intervals lifted from SeqCap EZ Exome v3; 63,709,951 bp summed, 63,514,049 bp merged)	wes/sarek_3.5.1_run/reports/mosdepth/TOV2835EP_P64/TOV2835EP_P64.recal.mosdepth.region.dist.txt	found	
TOV2835EP_P64	nf-core/sarek 3.5.1 run angry_allen (session 26cf85bf-0ac3-4237-8f48-c36b2ab20bd2, Slurm 3273686, completed 2025-10-23 23:48:40 EDT)	mosdepth_recal_fraction_target_bases_ge_50x	0.56	fraction	target bases	intervals_sorted.bed (242,421 hg38 intervals lifted from SeqCap EZ Exome v3; 63,709,951 bp summed, 63,514,049 bp merged)	wes/sarek_3.5.1_run/reports/mosdepth/TOV2835EP_P64/TOV2835EP_P64.recal.mosdepth.region.dist.txt	found	
TOV2835EP_P64	nf-core/sarek 3.5.1 run angry_allen (session 26cf85bf-0ac3-4237-8f48-c36b2ab20bd2, Slurm 3273686, completed 2025-10-23 23:48:40 EDT)	mosdepth_recal_fraction_target_bases_ge_30x	0.77	fraction	target bases	intervals_sorted.bed (242,421 hg38 intervals lifted from SeqCap EZ Exome v3; 63,709,951 bp summed, 63,514,049 bp merged)	wes/sarek_3.5.1_run/reports/mosdepth/TOV2835EP_P64/TOV2835EP_P64.recal.mosdepth.region.dist.txt	found	
TOV2835EP_P64	nf-core/sarek 3.5.1 run angry_allen (session 26cf85bf-0ac3-4237-8f48-c36b2ab20bd2, Slurm 3273686, completed 2025-10-23 23:48:40 EDT)	mosdepth_recal_fraction_target_bases_ge_20x	0.87	fraction	target bases	intervals_sorted.bed (242,421 hg38 intervals lifted from SeqCap EZ Exome v3; 63,709,951 bp summed, 63,514,049 bp merged)	wes/sarek_3.5.1_run/reports/mosdepth/TOV2835EP_P64/TOV2835EP_P64.recal.mosdepth.region.dist.txt	found	
TOV2835EP_P64	nf-core/sarek 3.5.1 run angry_allen (session 26cf85bf-0ac3-4237-8f48-c36b2ab20bd2, Slurm 3273686, completed 2025-10-23 23:48:40 EDT)	mosdepth_recal_fraction_target_bases_ge_10x	0.95	fraction	target bases	intervals_sorted.bed (242,421 hg38 intervals lifted from SeqCap EZ Exome v3; 63,709,951 bp summed, 63,514,049 bp merged)	wes/sarek_3.5.1_run/reports/mosdepth/TOV2835EP_P64/TOV2835EP_P64.recal.mosdepth.region.dist.txt	found	
TOV2835EP_P64	nf-core/sarek 3.5.1 run angry_allen (session 26cf85bf-0ac3-4237-8f48-c36b2ab20bd2, Slurm 3273686, completed 2025-10-23 23:48:40 EDT)	mosdepth_recal_fraction_target_bases_ge_1x	0.99	fraction	target bases	intervals_sorted.bed (242,421 hg38 intervals lifted from SeqCap EZ Exome v3; 63,709,951 bp summed, 63,514,049 bp merged)	wes/sarek_3.5.1_run/reports/mosdepth/TOV2835EP_P64/TOV2835EP_P64.recal.mosdepth.region.dist.txt	found	
TOV2835EP_P64	nf-core/sarek 3.5.1 run angry_allen (session 26cf85bf-0ac3-4237-8f48-c36b2ab20bd2, Slurm 3273686, completed 2025-10-23 23:48:40 EDT)	gatk_calculatecontamination_estimate	0.0016888575511987722	fraction	GetPileupSummaries on af-only-gnomad.hg38 sites within calling intervals; tumour-only		wes/sarek_3.5.1_run/variant_calling/mutect2/TOV2835EP_P64/TOV2835EP_P64.mutect2.contamination.table	found	cross-sample contamination estimate, error=0.0010991575374194535; not a stock-authentication result
TOV2835EP_P64	nf-core/sarek 3.5.1 run angry_kilby (session 26cf85bf, Slurm 3377445, 2025-10-24, failed at GETPILEUPSUMMARIES TOV3133D_P66)	cnvkit_reads_in_target_bins	59030743	reads	mapped reads in recal BAM (interval-restricted)	cnvkit.reference.target-tmp.bed (242,421 bins)	wes/sarek_3.5.1_run/task_evidence/oct24_CNVKIT_BATCH_TOV2835EP_P64.36_d2b6b1fc50b36bdee99aeaaae32dcf/.command.err	found	
TOV2835EP_P64	nf-core/sarek 3.5.1 run angry_kilby (session 26cf85bf, Slurm 3377445, 2025-10-24, failed at GETPILEUPSUMMARIES TOV3133D_P66)	cnvkit_percent_mapped_reads_in_target_bins	64.232	percent	91902948 mapped reads in recal BAM (interval-restricted, so not a genome-wide on-target fraction)	cnvkit.reference.target-tmp.bed (242,421 bins)	wes/sarek_3.5.1_run/task_evidence/oct24_CNVKIT_BATCH_TOV2835EP_P64.36_d2b6b1fc50b36bdee99aeaaae32dcf/.command.err	found	Sarek-internal CNVkit batch (flat reference) task log; recal CRAM excludes off-interval reads, so genome-wide on-target fraction must use md CRAM stats
TOV2835EP_P64	manual CNVkit 0.9.10 batch (apptainer image cnvkit-0.9.10--pyhdfd78af_0.img), outputs dated 2025-11-14 to 2025-12-03	cnvkit_target_mean_depth_length_weighted	91.61	x	63514049 bp in 290475 target bins (CNVkit depth column)	intervals_sorted.target.bed (290,475 CNVkit autobin-split target bins, sha256 2177970f...; 63,514,049 bp)	wes/cnvkit_0.9.10_manual/TOV2835EP_P64_new/TOV2835EP_P64.targetcoverage.cnn	found	derived here from the retained coverage file; not a pipeline-reported number
TOV2835EP_P64	manual CNVkit 0.9.10 batch (apptainer image cnvkit-0.9.10--pyhdfd78af_0.img), outputs dated 2025-11-14 to 2025-12-03	cnvkit_target_bins_zero_depth	1600	bins	290475 target bins	intervals_sorted.target.bed (290,475 CNVkit autobin-split target bins, sha256 2177970f...; 63,514,049 bp)	wes/cnvkit_0.9.10_manual/TOV2835EP_P64_new/TOV2835EP_P64.targetcoverage.cnn	found	derived here
TOV2835EP_P64	manual CNVkit 0.9.10 batch (apptainer image cnvkit-0.9.10--pyhdfd78af_0.img), outputs dated 2025-11-14 to 2025-12-03	cnvkit_call_segments	106	segments		intervals_sorted.target.bed (290,475 CNVkit autobin-split target bins, sha256 2177970f...; 63,514,049 bp)	wes/cnvkit_0.9.10_manual/TOV2835EP_P64_new/TOV2835EP_P64.call.cns	found	
TOV2835EP_P64	nf-core/sarek 3.5.1 run angry_allen (session 26cf85bf-0ac3-4237-8f48-c36b2ab20bd2, Slurm 3273686, completed 2025-10-23 23:48:40 EDT)	bcftools_stats_filtered_vcf_number_of_records	29323	records	all records in mutect2.filtered.vcf.gz (PASS and non-PASS)		wes/sarek_3.5.1_run/multiqc/multiqc_data/multiqc_bcftools_stats.txt	found	
TOV2835EP_P64	nf-core/sarek 3.5.1 run angry_allen (session 26cf85bf-0ac3-4237-8f48-c36b2ab20bd2, Slurm 3273686, completed 2025-10-23 23:48:40 EDT)	bcftools_stats_filtered_vcf_number_of_SNPs	17290	records	all records in mutect2.filtered.vcf.gz (PASS and non-PASS)		wes/sarek_3.5.1_run/multiqc/multiqc_data/multiqc_bcftools_stats.txt	found	
TOV2835EP_P64	nf-core/sarek 3.5.1 run angry_allen (session 26cf85bf-0ac3-4237-8f48-c36b2ab20bd2, Slurm 3273686, completed 2025-10-23 23:48:40 EDT)	bcftools_stats_filtered_vcf_number_of_indels	9622	records	all records in mutect2.filtered.vcf.gz (PASS and non-PASS)		wes/sarek_3.5.1_run/multiqc/multiqc_data/multiqc_bcftools_stats.txt	found	
TOV2835EP_P64	nf-core/sarek 3.5.1 run angry_allen (session 26cf85bf-0ac3-4237-8f48-c36b2ab20bd2, Slurm 3273686, completed 2025-10-23 23:48:40 EDT)	bcftools_stats_filtered_vcf_number_of_MNPs	2749	records	all records in mutect2.filtered.vcf.gz (PASS and non-PASS)		wes/sarek_3.5.1_run/multiqc/multiqc_data/multiqc_bcftools_stats.txt	found	
TOV2835EP_P64	nf-core/sarek 3.5.1 run angry_allen (session 26cf85bf-0ac3-4237-8f48-c36b2ab20bd2, Slurm 3273686, completed 2025-10-23 23:48:40 EDT)	bcftools_stats_filtered_vcf_tstv	1.07	ratio	all records in mutect2.filtered.vcf.gz (PASS and non-PASS)		wes/sarek_3.5.1_run/multiqc/multiqc_data/multiqc_bcftools_stats.txt	found	
TOV2835EP_P64	nf-core/sarek 3.5.1 run angry_allen (session 26cf85bf-0ac3-4237-8f48-c36b2ab20bd2, Slurm 3273686, completed 2025-10-23 23:48:40 EDT)	vcftools_filtered_vcf_PASS_records	780	records	records in mutect2.filtered.vcf.gz		wes/sarek_3.5.1_run/reports/vcftools/mutect2/TOV2835EP_P64/TOV2835EP_P64.mutect2.filtered.FILTER.summary	found	
TOV2881EP_P64	nf-core/sarek 3.5.1 run angry_allen (session 26cf85bf-0ac3-4237-8f48-c36b2ab20bd2, Slurm 3273686, completed 2025-10-23 23:48:40 EDT)	fastp_total_reads_before_filtering	127249330	reads (R1+R2)	all reads in provider BAM converted to FASTQ		wes/sarek_3.5.1_run/reports/fastp/TOV2881EP_P64/TOV2881EP_P64-7.fastp.json	found	
TOV2881EP_P64	nf-core/sarek 3.5.1 run angry_allen (session 26cf85bf-0ac3-4237-8f48-c36b2ab20bd2, Slurm 3273686, completed 2025-10-23 23:48:40 EDT)	fastp_total_reads_after_filtering	124597136	reads (R1+R2)	reads passing fastp --length_required 15 (adapter trimming disabled)		wes/sarek_3.5.1_run/reports/fastp/TOV2881EP_P64/TOV2881EP_P64-7.fastp.json	found	
TOV2881EP_P64	nf-core/sarek 3.5.1 run angry_allen (session 26cf85bf-0ac3-4237-8f48-c36b2ab20bd2, Slurm 3273686, completed 2025-10-23 23:48:40 EDT)	fastp_q30_rate_after_filtering	0.8813	fraction of bases	bases after filtering		wes/sarek_3.5.1_run/reports/fastp/TOV2881EP_P64/TOV2881EP_P64-7.fastp.json	found	
TOV2881EP_P64	nf-core/sarek 3.5.1 run angry_allen (session 26cf85bf-0ac3-4237-8f48-c36b2ab20bd2, Slurm 3273686, completed 2025-10-23 23:48:40 EDT)	fastp_gc_content_after_filtering	0.4332	fraction	bases after filtering		wes/sarek_3.5.1_run/reports/fastp/TOV2881EP_P64/TOV2881EP_P64-7.fastp.json	found	
TOV2881EP_P64	nf-core/sarek 3.5.1 run angry_allen (session 26cf85bf-0ac3-4237-8f48-c36b2ab20bd2, Slurm 3273686, completed 2025-10-23 23:48:40 EDT)	fastp_duplication_rate	0.1096	fraction of reads	fastp sequence-level estimate before alignment		wes/sarek_3.5.1_run/reports/fastp/TOV2881EP_P64/TOV2881EP_P64-7.fastp.json	found	
TOV2881EP_P64	nf-core/sarek 3.5.1 run angry_allen (session 26cf85bf-0ac3-4237-8f48-c36b2ab20bd2, Slurm 3273686, completed 2025-10-23 23:48:40 EDT)	fastp_insert_size_peak	165	bp	fastp overlap-based estimate		wes/sarek_3.5.1_run/reports/fastp/TOV2881EP_P64/TOV2881EP_P64-7.fastp.json	found	
TOV2881EP_P64	nf-core/sarek 3.5.1 run angry_allen (session 26cf85bf-0ac3-4237-8f48-c36b2ab20bd2, Slurm 3273686, completed 2025-10-23 23:48:40 EDT)	fastp_read_length_mean_R1	100	bp			wes/sarek_3.5.1_run/reports/fastp/TOV2881EP_P64/TOV2881EP_P64-7.fastp.json	found	
TOV2881EP_P64	nf-core/sarek 3.5.1 run angry_allen (session 26cf85bf-0ac3-4237-8f48-c36b2ab20bd2, Slurm 3273686, completed 2025-10-23 23:48:40 EDT)	samtools_stats_md_raw_total_sequences	124597136	reads	all reads, genome-wide (duplicate-marked CRAM)		wes/sarek_3.5.1_run/reports/samtools/TOV2881EP_P64/TOV2881EP_P64.md.cram.stats	found	
TOV2881EP_P64	nf-core/sarek 3.5.1 run angry_allen (session 26cf85bf-0ac3-4237-8f48-c36b2ab20bd2, Slurm 3273686, completed 2025-10-23 23:48:40 EDT)	samtools_stats_md_reads_mapped	124533741	reads	all reads, genome-wide (duplicate-marked CRAM)		wes/sarek_3.5.1_run/reports/samtools/TOV2881EP_P64/TOV2881EP_P64.md.cram.stats	found	
TOV2881EP_P64	nf-core/sarek 3.5.1 run angry_allen (session 26cf85bf-0ac3-4237-8f48-c36b2ab20bd2, Slurm 3273686, completed 2025-10-23 23:48:40 EDT)	samtools_stats_md_reads_mapped_and_paired	124530666	reads	all reads, genome-wide (duplicate-marked CRAM)		wes/sarek_3.5.1_run/reports/samtools/TOV2881EP_P64/TOV2881EP_P64.md.cram.stats	found	
TOV2881EP_P64	nf-core/sarek 3.5.1 run angry_allen (session 26cf85bf-0ac3-4237-8f48-c36b2ab20bd2, Slurm 3273686, completed 2025-10-23 23:48:40 EDT)	samtools_stats_md_reads_properly_paired	123601684	reads	all reads, genome-wide (duplicate-marked CRAM)		wes/sarek_3.5.1_run/reports/samtools/TOV2881EP_P64/TOV2881EP_P64.md.cram.stats	found	
TOV2881EP_P64	nf-core/sarek 3.5.1 run angry_allen (session 26cf85bf-0ac3-4237-8f48-c36b2ab20bd2, Slurm 3273686, completed 2025-10-23 23:48:40 EDT)	samtools_stats_md_reads_duplicated	22932228	reads	all reads, genome-wide (duplicate-marked CRAM)		wes/sarek_3.5.1_run/reports/samtools/TOV2881EP_P64/TOV2881EP_P64.md.cram.stats	found	
TOV2881EP_P64	nf-core/sarek 3.5.1 run angry_allen (session 26cf85bf-0ac3-4237-8f48-c36b2ab20bd2, Slurm 3273686, completed 2025-10-23 23:48:40 EDT)	samtools_stats_md_reads_MQ0	16269994	reads	all reads, genome-wide (duplicate-marked CRAM)		wes/sarek_3.5.1_run/reports/samtools/TOV2881EP_P64/TOV2881EP_P64.md.cram.stats	found	
TOV2881EP_P64	nf-core/sarek 3.5.1 run angry_allen (session 26cf85bf-0ac3-4237-8f48-c36b2ab20bd2, Slurm 3273686, completed 2025-10-23 23:48:40 EDT)	samtools_stats_md_reads_unmapped	63395	reads	all reads, genome-wide (duplicate-marked CRAM)		wes/sarek_3.5.1_run/reports/samtools/TOV2881EP_P64/TOV2881EP_P64.md.cram.stats	found	
TOV2881EP_P64	nf-core/sarek 3.5.1 run angry_allen (session 26cf85bf-0ac3-4237-8f48-c36b2ab20bd2, Slurm 3273686, completed 2025-10-23 23:48:40 EDT)	samtools_stats_md_error_rate	5.594049e-03	fraction	all reads, genome-wide (duplicate-marked CRAM)		wes/sarek_3.5.1_run/reports/samtools/TOV2881EP_P64/TOV2881EP_P64.md.cram.stats	found	
TOV2881EP_P64	nf-core/sarek 3.5.1 run angry_allen (session 26cf85bf-0ac3-4237-8f48-c36b2ab20bd2, Slurm 3273686, completed 2025-10-23 23:48:40 EDT)	samtools_stats_md_average_length	100	bp	all reads, genome-wide (duplicate-marked CRAM)		wes/sarek_3.5.1_run/reports/samtools/TOV2881EP_P64/TOV2881EP_P64.md.cram.stats	found	
TOV2881EP_P64	nf-core/sarek 3.5.1 run angry_allen (session 26cf85bf-0ac3-4237-8f48-c36b2ab20bd2, Slurm 3273686, completed 2025-10-23 23:48:40 EDT)	samtools_stats_md_insert_size_average	238.7	bp	all reads, genome-wide (duplicate-marked CRAM)		wes/sarek_3.5.1_run/reports/samtools/TOV2881EP_P64/TOV2881EP_P64.md.cram.stats	found	
TOV2881EP_P64	nf-core/sarek 3.5.1 run angry_allen (session 26cf85bf-0ac3-4237-8f48-c36b2ab20bd2, Slurm 3273686, completed 2025-10-23 23:48:40 EDT)	samtools_stats_md_insert_size_standard_deviation	94.0	bp	all reads, genome-wide (duplicate-marked CRAM)		wes/sarek_3.5.1_run/reports/samtools/TOV2881EP_P64/TOV2881EP_P64.md.cram.stats	found	
TOV2881EP_P64	nf-core/sarek 3.5.1 run angry_allen (session 26cf85bf-0ac3-4237-8f48-c36b2ab20bd2, Slurm 3273686, completed 2025-10-23 23:48:40 EDT)	samtools_stats_md_percentage_of_properly_paired_reads_pct	99.2	percent	all reads, genome-wide (duplicate-marked CRAM)		wes/sarek_3.5.1_run/reports/samtools/TOV2881EP_P64/TOV2881EP_P64.md.cram.stats	found	
TOV2881EP_P64	nf-core/sarek 3.5.1 run angry_allen (session 26cf85bf-0ac3-4237-8f48-c36b2ab20bd2, Slurm 3273686, completed 2025-10-23 23:48:40 EDT)	samtools_stats_md_bases_mapped_cigar	12455399561	bp	all reads, genome-wide (duplicate-marked CRAM)		wes/sarek_3.5.1_run/reports/samtools/TOV2881EP_P64/TOV2881EP_P64.md.cram.stats	found	
TOV2881EP_P64	nf-core/sarek 3.5.1 run angry_allen (session 26cf85bf-0ac3-4237-8f48-c36b2ab20bd2, Slurm 3273686, completed 2025-10-23 23:48:40 EDT)	samtools_stats_md_average_quality	37.0	reads	all reads, genome-wide (duplicate-marked CRAM)		wes/sarek_3.5.1_run/reports/samtools/TOV2881EP_P64/TOV2881EP_P64.md.cram.stats	found	
TOV2881EP_P64	nf-core/sarek 3.5.1 run angry_allen (session 26cf85bf-0ac3-4237-8f48-c36b2ab20bd2, Slurm 3273686, completed 2025-10-23 23:48:40 EDT)	samtools_stats_recal_raw_total_sequences	91209409	reads	reads retained after per-interval ApplyBQSR (interval-restricted CRAM used for calling)		wes/sarek_3.5.1_run/reports/samtools/TOV2881EP_P64/TOV2881EP_P64.recal.cram.stats	found	
TOV2881EP_P64	nf-core/sarek 3.5.1 run angry_allen (session 26cf85bf-0ac3-4237-8f48-c36b2ab20bd2, Slurm 3273686, completed 2025-10-23 23:48:40 EDT)	samtools_stats_recal_reads_mapped	91208219	reads	reads retained after per-interval ApplyBQSR (interval-restricted CRAM used for calling)		wes/sarek_3.5.1_run/reports/samtools/TOV2881EP_P64/TOV2881EP_P64.recal.cram.stats	found	
TOV2881EP_P64	nf-core/sarek 3.5.1 run angry_allen (session 26cf85bf-0ac3-4237-8f48-c36b2ab20bd2, Slurm 3273686, completed 2025-10-23 23:48:40 EDT)	samtools_stats_recal_reads_mapped_and_paired	91206649	reads	reads retained after per-interval ApplyBQSR (interval-restricted CRAM used for calling)		wes/sarek_3.5.1_run/reports/samtools/TOV2881EP_P64/TOV2881EP_P64.recal.cram.stats	found	
TOV2881EP_P64	nf-core/sarek 3.5.1 run angry_allen (session 26cf85bf-0ac3-4237-8f48-c36b2ab20bd2, Slurm 3273686, completed 2025-10-23 23:48:40 EDT)	samtools_stats_recal_reads_properly_paired	90844621	reads	reads retained after per-interval ApplyBQSR (interval-restricted CRAM used for calling)		wes/sarek_3.5.1_run/reports/samtools/TOV2881EP_P64/TOV2881EP_P64.recal.cram.stats	found	
TOV2881EP_P64	nf-core/sarek 3.5.1 run angry_allen (session 26cf85bf-0ac3-4237-8f48-c36b2ab20bd2, Slurm 3273686, completed 2025-10-23 23:48:40 EDT)	samtools_stats_recal_reads_duplicated	17119030	reads	reads retained after per-interval ApplyBQSR (interval-restricted CRAM used for calling)		wes/sarek_3.5.1_run/reports/samtools/TOV2881EP_P64/TOV2881EP_P64.recal.cram.stats	found	
TOV2881EP_P64	nf-core/sarek 3.5.1 run angry_allen (session 26cf85bf-0ac3-4237-8f48-c36b2ab20bd2, Slurm 3273686, completed 2025-10-23 23:48:40 EDT)	samtools_stats_recal_reads_MQ0	10764478	reads	reads retained after per-interval ApplyBQSR (interval-restricted CRAM used for calling)		wes/sarek_3.5.1_run/reports/samtools/TOV2881EP_P64/TOV2881EP_P64.recal.cram.stats	found	
TOV2881EP_P64	nf-core/sarek 3.5.1 run angry_allen (session 26cf85bf-0ac3-4237-8f48-c36b2ab20bd2, Slurm 3273686, completed 2025-10-23 23:48:40 EDT)	samtools_stats_recal_reads_unmapped	1190	reads	reads retained after per-interval ApplyBQSR (interval-restricted CRAM used for calling)		wes/sarek_3.5.1_run/reports/samtools/TOV2881EP_P64/TOV2881EP_P64.recal.cram.stats	found	
TOV2881EP_P64	nf-core/sarek 3.5.1 run angry_allen (session 26cf85bf-0ac3-4237-8f48-c36b2ab20bd2, Slurm 3273686, completed 2025-10-23 23:48:40 EDT)	samtools_stats_recal_error_rate	5.084801e-03	fraction	reads retained after per-interval ApplyBQSR (interval-restricted CRAM used for calling)		wes/sarek_3.5.1_run/reports/samtools/TOV2881EP_P64/TOV2881EP_P64.recal.cram.stats	found	
TOV2881EP_P64	nf-core/sarek 3.5.1 run angry_allen (session 26cf85bf-0ac3-4237-8f48-c36b2ab20bd2, Slurm 3273686, completed 2025-10-23 23:48:40 EDT)	samtools_stats_recal_average_length	100	bp	reads retained after per-interval ApplyBQSR (interval-restricted CRAM used for calling)		wes/sarek_3.5.1_run/reports/samtools/TOV2881EP_P64/TOV2881EP_P64.recal.cram.stats	found	
TOV2881EP_P64	nf-core/sarek 3.5.1 run angry_allen (session 26cf85bf-0ac3-4237-8f48-c36b2ab20bd2, Slurm 3273686, completed 2025-10-23 23:48:40 EDT)	samtools_stats_recal_insert_size_average	225.3	bp	reads retained after per-interval ApplyBQSR (interval-restricted CRAM used for calling)		wes/sarek_3.5.1_run/reports/samtools/TOV2881EP_P64/TOV2881EP_P64.recal.cram.stats	found	
TOV2881EP_P64	nf-core/sarek 3.5.1 run angry_allen (session 26cf85bf-0ac3-4237-8f48-c36b2ab20bd2, Slurm 3273686, completed 2025-10-23 23:48:40 EDT)	samtools_stats_recal_insert_size_standard_deviation	85.2	bp	reads retained after per-interval ApplyBQSR (interval-restricted CRAM used for calling)		wes/sarek_3.5.1_run/reports/samtools/TOV2881EP_P64/TOV2881EP_P64.recal.cram.stats	found	
TOV2881EP_P64	nf-core/sarek 3.5.1 run angry_allen (session 26cf85bf-0ac3-4237-8f48-c36b2ab20bd2, Slurm 3273686, completed 2025-10-23 23:48:40 EDT)	samtools_stats_recal_percentage_of_properly_paired_reads_pct	99.6	percent	reads retained after per-interval ApplyBQSR (interval-restricted CRAM used for calling)		wes/sarek_3.5.1_run/reports/samtools/TOV2881EP_P64/TOV2881EP_P64.recal.cram.stats	found	
TOV2881EP_P64	nf-core/sarek 3.5.1 run angry_allen (session 26cf85bf-0ac3-4237-8f48-c36b2ab20bd2, Slurm 3273686, completed 2025-10-23 23:48:40 EDT)	samtools_stats_recal_bases_mapped_cigar	9103268571	bp	reads retained after per-interval ApplyBQSR (interval-restricted CRAM used for calling)		wes/sarek_3.5.1_run/reports/samtools/TOV2881EP_P64/TOV2881EP_P64.recal.cram.stats	found	
TOV2881EP_P64	nf-core/sarek 3.5.1 run angry_allen (session 26cf85bf-0ac3-4237-8f48-c36b2ab20bd2, Slurm 3273686, completed 2025-10-23 23:48:40 EDT)	samtools_stats_recal_average_quality	33.5	reads	reads retained after per-interval ApplyBQSR (interval-restricted CRAM used for calling)		wes/sarek_3.5.1_run/reports/samtools/TOV2881EP_P64/TOV2881EP_P64.recal.cram.stats	found	
TOV2881EP_P64	nf-core/sarek 3.5.1 run angry_allen (session 26cf85bf-0ac3-4237-8f48-c36b2ab20bd2, Slurm 3273686, completed 2025-10-23 23:48:40 EDT)	mosdepth_md_mean_depth_genome	2.89	x	whole reference (3212449662 bp)		wes/sarek_3.5.1_run/reports/mosdepth/TOV2881EP_P64/TOV2881EP_P64.md.mosdepth.summary.txt	found	
TOV2881EP_P64	nf-core/sarek 3.5.1 run angry_allen (session 26cf85bf-0ac3-4237-8f48-c36b2ab20bd2, Slurm 3273686, completed 2025-10-23 23:48:40 EDT)	mosdepth_md_mean_depth_target	83.12	x	target bases (63709951 bp, --by intervals_sorted.bed)	intervals_sorted.bed (242,421 hg38 intervals lifted from SeqCap EZ Exome v3; 63,709,951 bp summed, 63,514,049 bp merged)	wes/sarek_3.5.1_run/reports/mosdepth/TOV2881EP_P64/TOV2881EP_P64.md.mosdepth.summary.txt	found	mean of per-base depth over the target footprint; mosdepth counts duplicates unless flagged (Sarek default)
TOV2881EP_P64	nf-core/sarek 3.5.1 run angry_allen (session 26cf85bf-0ac3-4237-8f48-c36b2ab20bd2, Slurm 3273686, completed 2025-10-23 23:48:40 EDT)	mosdepth_md_fraction_target_bases_ge_100x	0.24	fraction	target bases	intervals_sorted.bed (242,421 hg38 intervals lifted from SeqCap EZ Exome v3; 63,709,951 bp summed, 63,514,049 bp merged)	wes/sarek_3.5.1_run/reports/mosdepth/TOV2881EP_P64/TOV2881EP_P64.md.mosdepth.region.dist.txt	found	
TOV2881EP_P64	nf-core/sarek 3.5.1 run angry_allen (session 26cf85bf-0ac3-4237-8f48-c36b2ab20bd2, Slurm 3273686, completed 2025-10-23 23:48:40 EDT)	mosdepth_md_fraction_target_bases_ge_50x	0.58	fraction	target bases	intervals_sorted.bed (242,421 hg38 intervals lifted from SeqCap EZ Exome v3; 63,709,951 bp summed, 63,514,049 bp merged)	wes/sarek_3.5.1_run/reports/mosdepth/TOV2881EP_P64/TOV2881EP_P64.md.mosdepth.region.dist.txt	found	
TOV2881EP_P64	nf-core/sarek 3.5.1 run angry_allen (session 26cf85bf-0ac3-4237-8f48-c36b2ab20bd2, Slurm 3273686, completed 2025-10-23 23:48:40 EDT)	mosdepth_md_fraction_target_bases_ge_30x	0.78	fraction	target bases	intervals_sorted.bed (242,421 hg38 intervals lifted from SeqCap EZ Exome v3; 63,709,951 bp summed, 63,514,049 bp merged)	wes/sarek_3.5.1_run/reports/mosdepth/TOV2881EP_P64/TOV2881EP_P64.md.mosdepth.region.dist.txt	found	
TOV2881EP_P64	nf-core/sarek 3.5.1 run angry_allen (session 26cf85bf-0ac3-4237-8f48-c36b2ab20bd2, Slurm 3273686, completed 2025-10-23 23:48:40 EDT)	mosdepth_md_fraction_target_bases_ge_20x	0.88	fraction	target bases	intervals_sorted.bed (242,421 hg38 intervals lifted from SeqCap EZ Exome v3; 63,709,951 bp summed, 63,514,049 bp merged)	wes/sarek_3.5.1_run/reports/mosdepth/TOV2881EP_P64/TOV2881EP_P64.md.mosdepth.region.dist.txt	found	
TOV2881EP_P64	nf-core/sarek 3.5.1 run angry_allen (session 26cf85bf-0ac3-4237-8f48-c36b2ab20bd2, Slurm 3273686, completed 2025-10-23 23:48:40 EDT)	mosdepth_md_fraction_target_bases_ge_10x	0.95	fraction	target bases	intervals_sorted.bed (242,421 hg38 intervals lifted from SeqCap EZ Exome v3; 63,709,951 bp summed, 63,514,049 bp merged)	wes/sarek_3.5.1_run/reports/mosdepth/TOV2881EP_P64/TOV2881EP_P64.md.mosdepth.region.dist.txt	found	
TOV2881EP_P64	nf-core/sarek 3.5.1 run angry_allen (session 26cf85bf-0ac3-4237-8f48-c36b2ab20bd2, Slurm 3273686, completed 2025-10-23 23:48:40 EDT)	mosdepth_md_fraction_target_bases_ge_1x	0.99	fraction	target bases	intervals_sorted.bed (242,421 hg38 intervals lifted from SeqCap EZ Exome v3; 63,709,951 bp summed, 63,514,049 bp merged)	wes/sarek_3.5.1_run/reports/mosdepth/TOV2881EP_P64/TOV2881EP_P64.md.mosdepth.region.dist.txt	found	
TOV2881EP_P64	nf-core/sarek 3.5.1 run angry_allen (session 26cf85bf-0ac3-4237-8f48-c36b2ab20bd2, Slurm 3273686, completed 2025-10-23 23:48:40 EDT)	mosdepth_recal_mean_depth_genome	2.16	x	whole reference (3092843764 bp)		wes/sarek_3.5.1_run/reports/mosdepth/TOV2881EP_P64/TOV2881EP_P64.recal.mosdepth.summary.txt	found	
TOV2881EP_P64	nf-core/sarek 3.5.1 run angry_allen (session 26cf85bf-0ac3-4237-8f48-c36b2ab20bd2, Slurm 3273686, completed 2025-10-23 23:48:40 EDT)	mosdepth_recal_mean_depth_target	83.13	x	target bases (63709444 bp, --by intervals_sorted.bed)	intervals_sorted.bed (242,421 hg38 intervals lifted from SeqCap EZ Exome v3; 63,709,951 bp summed, 63,514,049 bp merged)	wes/sarek_3.5.1_run/reports/mosdepth/TOV2881EP_P64/TOV2881EP_P64.recal.mosdepth.summary.txt	found	mean of per-base depth over the target footprint; mosdepth counts duplicates unless flagged (Sarek default)
TOV2881EP_P64	nf-core/sarek 3.5.1 run angry_allen (session 26cf85bf-0ac3-4237-8f48-c36b2ab20bd2, Slurm 3273686, completed 2025-10-23 23:48:40 EDT)	mosdepth_recal_fraction_target_bases_ge_100x	0.24	fraction	target bases	intervals_sorted.bed (242,421 hg38 intervals lifted from SeqCap EZ Exome v3; 63,709,951 bp summed, 63,514,049 bp merged)	wes/sarek_3.5.1_run/reports/mosdepth/TOV2881EP_P64/TOV2881EP_P64.recal.mosdepth.region.dist.txt	found	
TOV2881EP_P64	nf-core/sarek 3.5.1 run angry_allen (session 26cf85bf-0ac3-4237-8f48-c36b2ab20bd2, Slurm 3273686, completed 2025-10-23 23:48:40 EDT)	mosdepth_recal_fraction_target_bases_ge_50x	0.58	fraction	target bases	intervals_sorted.bed (242,421 hg38 intervals lifted from SeqCap EZ Exome v3; 63,709,951 bp summed, 63,514,049 bp merged)	wes/sarek_3.5.1_run/reports/mosdepth/TOV2881EP_P64/TOV2881EP_P64.recal.mosdepth.region.dist.txt	found	
TOV2881EP_P64	nf-core/sarek 3.5.1 run angry_allen (session 26cf85bf-0ac3-4237-8f48-c36b2ab20bd2, Slurm 3273686, completed 2025-10-23 23:48:40 EDT)	mosdepth_recal_fraction_target_bases_ge_30x	0.78	fraction	target bases	intervals_sorted.bed (242,421 hg38 intervals lifted from SeqCap EZ Exome v3; 63,709,951 bp summed, 63,514,049 bp merged)	wes/sarek_3.5.1_run/reports/mosdepth/TOV2881EP_P64/TOV2881EP_P64.recal.mosdepth.region.dist.txt	found	
TOV2881EP_P64	nf-core/sarek 3.5.1 run angry_allen (session 26cf85bf-0ac3-4237-8f48-c36b2ab20bd2, Slurm 3273686, completed 2025-10-23 23:48:40 EDT)	mosdepth_recal_fraction_target_bases_ge_20x	0.88	fraction	target bases	intervals_sorted.bed (242,421 hg38 intervals lifted from SeqCap EZ Exome v3; 63,709,951 bp summed, 63,514,049 bp merged)	wes/sarek_3.5.1_run/reports/mosdepth/TOV2881EP_P64/TOV2881EP_P64.recal.mosdepth.region.dist.txt	found	
TOV2881EP_P64	nf-core/sarek 3.5.1 run angry_allen (session 26cf85bf-0ac3-4237-8f48-c36b2ab20bd2, Slurm 3273686, completed 2025-10-23 23:48:40 EDT)	mosdepth_recal_fraction_target_bases_ge_10x	0.95	fraction	target bases	intervals_sorted.bed (242,421 hg38 intervals lifted from SeqCap EZ Exome v3; 63,709,951 bp summed, 63,514,049 bp merged)	wes/sarek_3.5.1_run/reports/mosdepth/TOV2881EP_P64/TOV2881EP_P64.recal.mosdepth.region.dist.txt	found	
TOV2881EP_P64	nf-core/sarek 3.5.1 run angry_allen (session 26cf85bf-0ac3-4237-8f48-c36b2ab20bd2, Slurm 3273686, completed 2025-10-23 23:48:40 EDT)	mosdepth_recal_fraction_target_bases_ge_1x	0.99	fraction	target bases	intervals_sorted.bed (242,421 hg38 intervals lifted from SeqCap EZ Exome v3; 63,709,951 bp summed, 63,514,049 bp merged)	wes/sarek_3.5.1_run/reports/mosdepth/TOV2881EP_P64/TOV2881EP_P64.recal.mosdepth.region.dist.txt	found	
TOV2881EP_P64	nf-core/sarek 3.5.1 run angry_allen (session 26cf85bf-0ac3-4237-8f48-c36b2ab20bd2, Slurm 3273686, completed 2025-10-23 23:48:40 EDT)	gatk_calculatecontamination_estimate	0.0029953580935624066	fraction	GetPileupSummaries on af-only-gnomad.hg38 sites within calling intervals; tumour-only		wes/sarek_3.5.1_run/variant_calling/mutect2/TOV2881EP_P64/TOV2881EP_P64.mutect2.contamination.table	found	cross-sample contamination estimate, error=0.0011376534023676411; not a stock-authentication result
TOV2881EP_P64	nf-core/sarek 3.5.1 run angry_kilby (session 26cf85bf, Slurm 3377445, 2025-10-24, failed at GETPILEUPSUMMARIES TOV3133D_P66)	cnvkit_reads_in_target_bins	59303527	reads	mapped reads in recal BAM (interval-restricted)	cnvkit.reference.target-tmp.bed (242,421 bins)	wes/sarek_3.5.1_run/task_evidence/oct24_CNVKIT_BATCH_TOV2881EP_P64.ec_03f6bb30a3faac68cadaac88840ace/.command.err	found	
TOV2881EP_P64	nf-core/sarek 3.5.1 run angry_kilby (session 26cf85bf, Slurm 3377445, 2025-10-24, failed at GETPILEUPSUMMARIES TOV3133D_P66)	cnvkit_percent_mapped_reads_in_target_bins	64.990	percent	91250657 mapped reads in recal BAM (interval-restricted, so not a genome-wide on-target fraction)	cnvkit.reference.target-tmp.bed (242,421 bins)	wes/sarek_3.5.1_run/task_evidence/oct24_CNVKIT_BATCH_TOV2881EP_P64.ec_03f6bb30a3faac68cadaac88840ace/.command.err	found	Sarek-internal CNVkit batch (flat reference) task log; recal CRAM excludes off-interval reads, so genome-wide on-target fraction must use md CRAM stats
TOV2881EP_P64	manual CNVkit 0.9.10 batch (apptainer image cnvkit-0.9.10--pyhdfd78af_0.img), outputs dated 2025-11-14 to 2025-12-03	cnvkit_target_mean_depth_length_weighted	91.89	x	63514049 bp in 290475 target bins (CNVkit depth column)	intervals_sorted.target.bed (290,475 CNVkit autobin-split target bins, sha256 2177970f...; 63,514,049 bp)	wes/cnvkit_0.9.10_manual/TOV2881EP_P64_new/TOV2881EP_P64.targetcoverage.cnn	found	derived here from the retained coverage file; not a pipeline-reported number
TOV2881EP_P64	manual CNVkit 0.9.10 batch (apptainer image cnvkit-0.9.10--pyhdfd78af_0.img), outputs dated 2025-11-14 to 2025-12-03	cnvkit_target_bins_zero_depth	1512	bins	290475 target bins	intervals_sorted.target.bed (290,475 CNVkit autobin-split target bins, sha256 2177970f...; 63,514,049 bp)	wes/cnvkit_0.9.10_manual/TOV2881EP_P64_new/TOV2881EP_P64.targetcoverage.cnn	found	derived here
TOV2881EP_P64	manual CNVkit 0.9.10 batch (apptainer image cnvkit-0.9.10--pyhdfd78af_0.img), outputs dated 2025-11-14 to 2025-12-03	cnvkit_call_segments	104	segments		intervals_sorted.target.bed (290,475 CNVkit autobin-split target bins, sha256 2177970f...; 63,514,049 bp)	wes/cnvkit_0.9.10_manual/TOV2881EP_P64_new/TOV2881EP_P64.call.cns	found	
TOV2881EP_P64	nf-core/sarek 3.5.1 run angry_allen (session 26cf85bf-0ac3-4237-8f48-c36b2ab20bd2, Slurm 3273686, completed 2025-10-23 23:48:40 EDT)	bcftools_stats_filtered_vcf_number_of_records	23317	records	all records in mutect2.filtered.vcf.gz (PASS and non-PASS)		wes/sarek_3.5.1_run/multiqc/multiqc_data/multiqc_bcftools_stats.txt	found	
TOV2881EP_P64	nf-core/sarek 3.5.1 run angry_allen (session 26cf85bf-0ac3-4237-8f48-c36b2ab20bd2, Slurm 3273686, completed 2025-10-23 23:48:40 EDT)	bcftools_stats_filtered_vcf_number_of_SNPs	14545	records	all records in mutect2.filtered.vcf.gz (PASS and non-PASS)		wes/sarek_3.5.1_run/multiqc/multiqc_data/multiqc_bcftools_stats.txt	found	
TOV2881EP_P64	nf-core/sarek 3.5.1 run angry_allen (session 26cf85bf-0ac3-4237-8f48-c36b2ab20bd2, Slurm 3273686, completed 2025-10-23 23:48:40 EDT)	bcftools_stats_filtered_vcf_number_of_indels	7500	records	all records in mutect2.filtered.vcf.gz (PASS and non-PASS)		wes/sarek_3.5.1_run/multiqc/multiqc_data/multiqc_bcftools_stats.txt	found	
TOV2881EP_P64	nf-core/sarek 3.5.1 run angry_allen (session 26cf85bf-0ac3-4237-8f48-c36b2ab20bd2, Slurm 3273686, completed 2025-10-23 23:48:40 EDT)	bcftools_stats_filtered_vcf_number_of_MNPs	1543	records	all records in mutect2.filtered.vcf.gz (PASS and non-PASS)		wes/sarek_3.5.1_run/multiqc/multiqc_data/multiqc_bcftools_stats.txt	found	
TOV2881EP_P64	nf-core/sarek 3.5.1 run angry_allen (session 26cf85bf-0ac3-4237-8f48-c36b2ab20bd2, Slurm 3273686, completed 2025-10-23 23:48:40 EDT)	bcftools_stats_filtered_vcf_tstv	1.15	ratio	all records in mutect2.filtered.vcf.gz (PASS and non-PASS)		wes/sarek_3.5.1_run/multiqc/multiqc_data/multiqc_bcftools_stats.txt	found	
TOV2881EP_P64	nf-core/sarek 3.5.1 run angry_allen (session 26cf85bf-0ac3-4237-8f48-c36b2ab20bd2, Slurm 3273686, completed 2025-10-23 23:48:40 EDT)	vcftools_filtered_vcf_PASS_records	783	records	records in mutect2.filtered.vcf.gz		wes/sarek_3.5.1_run/reports/vcftools/mutect2/TOV2881EP_P64/TOV2881EP_P64.mutect2.filtered.FILTER.summary	found	
TOV2929D_P57	nf-core/sarek 3.5.1 run angry_allen (session 26cf85bf-0ac3-4237-8f48-c36b2ab20bd2, Slurm 3273686, completed 2025-10-23 23:48:40 EDT)	fastp_total_reads_before_filtering	113062542	reads (R1+R2)	all reads in provider BAM converted to FASTQ		wes/sarek_3.5.1_run/reports/fastp/TOV2929D_P57/TOV2929D_P57-6.fastp.json	found	
TOV2929D_P57	nf-core/sarek 3.5.1 run angry_allen (session 26cf85bf-0ac3-4237-8f48-c36b2ab20bd2, Slurm 3273686, completed 2025-10-23 23:48:40 EDT)	fastp_total_reads_after_filtering	111715756	reads (R1+R2)	reads passing fastp --length_required 15 (adapter trimming disabled)		wes/sarek_3.5.1_run/reports/fastp/TOV2929D_P57/TOV2929D_P57-6.fastp.json	found	
TOV2929D_P57	nf-core/sarek 3.5.1 run angry_allen (session 26cf85bf-0ac3-4237-8f48-c36b2ab20bd2, Slurm 3273686, completed 2025-10-23 23:48:40 EDT)	fastp_q30_rate_after_filtering	0.9155	fraction of bases	bases after filtering		wes/sarek_3.5.1_run/reports/fastp/TOV2929D_P57/TOV2929D_P57-6.fastp.json	found	
TOV2929D_P57	nf-core/sarek 3.5.1 run angry_allen (session 26cf85bf-0ac3-4237-8f48-c36b2ab20bd2, Slurm 3273686, completed 2025-10-23 23:48:40 EDT)	fastp_gc_content_after_filtering	0.4216	fraction	bases after filtering		wes/sarek_3.5.1_run/reports/fastp/TOV2929D_P57/TOV2929D_P57-6.fastp.json	found	
TOV2929D_P57	nf-core/sarek 3.5.1 run angry_allen (session 26cf85bf-0ac3-4237-8f48-c36b2ab20bd2, Slurm 3273686, completed 2025-10-23 23:48:40 EDT)	fastp_duplication_rate	0.1298	fraction of reads	fastp sequence-level estimate before alignment		wes/sarek_3.5.1_run/reports/fastp/TOV2929D_P57/TOV2929D_P57-6.fastp.json	found	
TOV2929D_P57	nf-core/sarek 3.5.1 run angry_allen (session 26cf85bf-0ac3-4237-8f48-c36b2ab20bd2, Slurm 3273686, completed 2025-10-23 23:48:40 EDT)	fastp_insert_size_peak	138	bp	fastp overlap-based estimate		wes/sarek_3.5.1_run/reports/fastp/TOV2929D_P57/TOV2929D_P57-6.fastp.json	found	
TOV2929D_P57	nf-core/sarek 3.5.1 run angry_allen (session 26cf85bf-0ac3-4237-8f48-c36b2ab20bd2, Slurm 3273686, completed 2025-10-23 23:48:40 EDT)	fastp_read_length_mean_R1	100	bp			wes/sarek_3.5.1_run/reports/fastp/TOV2929D_P57/TOV2929D_P57-6.fastp.json	found	
TOV2929D_P57	nf-core/sarek 3.5.1 run angry_allen (session 26cf85bf-0ac3-4237-8f48-c36b2ab20bd2, Slurm 3273686, completed 2025-10-23 23:48:40 EDT)	samtools_stats_md_raw_total_sequences	111715756	reads	all reads, genome-wide (duplicate-marked CRAM)		wes/sarek_3.5.1_run/reports/samtools/TOV2929D_P57/TOV2929D_P57.md.cram.stats	found	
TOV2929D_P57	nf-core/sarek 3.5.1 run angry_allen (session 26cf85bf-0ac3-4237-8f48-c36b2ab20bd2, Slurm 3273686, completed 2025-10-23 23:48:40 EDT)	samtools_stats_md_reads_mapped	111589820	reads	all reads, genome-wide (duplicate-marked CRAM)		wes/sarek_3.5.1_run/reports/samtools/TOV2929D_P57/TOV2929D_P57.md.cram.stats	found	
TOV2929D_P57	nf-core/sarek 3.5.1 run angry_allen (session 26cf85bf-0ac3-4237-8f48-c36b2ab20bd2, Slurm 3273686, completed 2025-10-23 23:48:40 EDT)	samtools_stats_md_reads_mapped_and_paired	111587480	reads	all reads, genome-wide (duplicate-marked CRAM)		wes/sarek_3.5.1_run/reports/samtools/TOV2929D_P57/TOV2929D_P57.md.cram.stats	found	
TOV2929D_P57	nf-core/sarek 3.5.1 run angry_allen (session 26cf85bf-0ac3-4237-8f48-c36b2ab20bd2, Slurm 3273686, completed 2025-10-23 23:48:40 EDT)	samtools_stats_md_reads_properly_paired	110167018	reads	all reads, genome-wide (duplicate-marked CRAM)		wes/sarek_3.5.1_run/reports/samtools/TOV2929D_P57/TOV2929D_P57.md.cram.stats	found	
TOV2929D_P57	nf-core/sarek 3.5.1 run angry_allen (session 26cf85bf-0ac3-4237-8f48-c36b2ab20bd2, Slurm 3273686, completed 2025-10-23 23:48:40 EDT)	samtools_stats_md_reads_duplicated	23306196	reads	all reads, genome-wide (duplicate-marked CRAM)		wes/sarek_3.5.1_run/reports/samtools/TOV2929D_P57/TOV2929D_P57.md.cram.stats	found	
TOV2929D_P57	nf-core/sarek 3.5.1 run angry_allen (session 26cf85bf-0ac3-4237-8f48-c36b2ab20bd2, Slurm 3273686, completed 2025-10-23 23:48:40 EDT)	samtools_stats_md_reads_MQ0	15838552	reads	all reads, genome-wide (duplicate-marked CRAM)		wes/sarek_3.5.1_run/reports/samtools/TOV2929D_P57/TOV2929D_P57.md.cram.stats	found	
TOV2929D_P57	nf-core/sarek 3.5.1 run angry_allen (session 26cf85bf-0ac3-4237-8f48-c36b2ab20bd2, Slurm 3273686, completed 2025-10-23 23:48:40 EDT)	samtools_stats_md_reads_unmapped	125936	reads	all reads, genome-wide (duplicate-marked CRAM)		wes/sarek_3.5.1_run/reports/samtools/TOV2929D_P57/TOV2929D_P57.md.cram.stats	found	
TOV2929D_P57	nf-core/sarek 3.5.1 run angry_allen (session 26cf85bf-0ac3-4237-8f48-c36b2ab20bd2, Slurm 3273686, completed 2025-10-23 23:48:40 EDT)	samtools_stats_md_error_rate	4.934461e-03	fraction	all reads, genome-wide (duplicate-marked CRAM)		wes/sarek_3.5.1_run/reports/samtools/TOV2929D_P57/TOV2929D_P57.md.cram.stats	found	
TOV2929D_P57	nf-core/sarek 3.5.1 run angry_allen (session 26cf85bf-0ac3-4237-8f48-c36b2ab20bd2, Slurm 3273686, completed 2025-10-23 23:48:40 EDT)	samtools_stats_md_average_length	100	bp	all reads, genome-wide (duplicate-marked CRAM)		wes/sarek_3.5.1_run/reports/samtools/TOV2929D_P57/TOV2929D_P57.md.cram.stats	found	
TOV2929D_P57	nf-core/sarek 3.5.1 run angry_allen (session 26cf85bf-0ac3-4237-8f48-c36b2ab20bd2, Slurm 3273686, completed 2025-10-23 23:48:40 EDT)	samtools_stats_md_insert_size_average	191.6	bp	all reads, genome-wide (duplicate-marked CRAM)		wes/sarek_3.5.1_run/reports/samtools/TOV2929D_P57/TOV2929D_P57.md.cram.stats	found	
TOV2929D_P57	nf-core/sarek 3.5.1 run angry_allen (session 26cf85bf-0ac3-4237-8f48-c36b2ab20bd2, Slurm 3273686, completed 2025-10-23 23:48:40 EDT)	samtools_stats_md_insert_size_standard_deviation	74.2	bp	all reads, genome-wide (duplicate-marked CRAM)		wes/sarek_3.5.1_run/reports/samtools/TOV2929D_P57/TOV2929D_P57.md.cram.stats	found	
TOV2929D_P57	nf-core/sarek 3.5.1 run angry_allen (session 26cf85bf-0ac3-4237-8f48-c36b2ab20bd2, Slurm 3273686, completed 2025-10-23 23:48:40 EDT)	samtools_stats_md_percentage_of_properly_paired_reads_pct	98.6	percent	all reads, genome-wide (duplicate-marked CRAM)		wes/sarek_3.5.1_run/reports/samtools/TOV2929D_P57/TOV2929D_P57.md.cram.stats	found	
TOV2929D_P57	nf-core/sarek 3.5.1 run angry_allen (session 26cf85bf-0ac3-4237-8f48-c36b2ab20bd2, Slurm 3273686, completed 2025-10-23 23:48:40 EDT)	samtools_stats_md_bases_mapped_cigar	11135962224	bp	all reads, genome-wide (duplicate-marked CRAM)		wes/sarek_3.5.1_run/reports/samtools/TOV2929D_P57/TOV2929D_P57.md.cram.stats	found	
TOV2929D_P57	nf-core/sarek 3.5.1 run angry_allen (session 26cf85bf-0ac3-4237-8f48-c36b2ab20bd2, Slurm 3273686, completed 2025-10-23 23:48:40 EDT)	samtools_stats_md_average_quality	37.9	reads	all reads, genome-wide (duplicate-marked CRAM)		wes/sarek_3.5.1_run/reports/samtools/TOV2929D_P57/TOV2929D_P57.md.cram.stats	found	
TOV2929D_P57	nf-core/sarek 3.5.1 run angry_allen (session 26cf85bf-0ac3-4237-8f48-c36b2ab20bd2, Slurm 3273686, completed 2025-10-23 23:48:40 EDT)	samtools_stats_recal_raw_total_sequences	85909514	reads	reads retained after per-interval ApplyBQSR (interval-restricted CRAM used for calling)		wes/sarek_3.5.1_run/reports/samtools/TOV2929D_P57/TOV2929D_P57.recal.cram.stats	found	
TOV2929D_P57	nf-core/sarek 3.5.1 run angry_allen (session 26cf85bf-0ac3-4237-8f48-c36b2ab20bd2, Slurm 3273686, completed 2025-10-23 23:48:40 EDT)	samtools_stats_recal_reads_mapped	85908594	reads	reads retained after per-interval ApplyBQSR (interval-restricted CRAM used for calling)		wes/sarek_3.5.1_run/reports/samtools/TOV2929D_P57/TOV2929D_P57.recal.cram.stats	found	
TOV2929D_P57	nf-core/sarek 3.5.1 run angry_allen (session 26cf85bf-0ac3-4237-8f48-c36b2ab20bd2, Slurm 3273686, completed 2025-10-23 23:48:40 EDT)	samtools_stats_recal_reads_mapped_and_paired	85907326	reads	reads retained after per-interval ApplyBQSR (interval-restricted CRAM used for calling)		wes/sarek_3.5.1_run/reports/samtools/TOV2929D_P57/TOV2929D_P57.recal.cram.stats	found	
TOV2929D_P57	nf-core/sarek 3.5.1 run angry_allen (session 26cf85bf-0ac3-4237-8f48-c36b2ab20bd2, Slurm 3273686, completed 2025-10-23 23:48:40 EDT)	samtools_stats_recal_reads_properly_paired	85290591	reads	reads retained after per-interval ApplyBQSR (interval-restricted CRAM used for calling)		wes/sarek_3.5.1_run/reports/samtools/TOV2929D_P57/TOV2929D_P57.recal.cram.stats	found	
TOV2929D_P57	nf-core/sarek 3.5.1 run angry_allen (session 26cf85bf-0ac3-4237-8f48-c36b2ab20bd2, Slurm 3273686, completed 2025-10-23 23:48:40 EDT)	samtools_stats_recal_reads_duplicated	18482663	reads	reads retained after per-interval ApplyBQSR (interval-restricted CRAM used for calling)		wes/sarek_3.5.1_run/reports/samtools/TOV2929D_P57/TOV2929D_P57.recal.cram.stats	found	
TOV2929D_P57	nf-core/sarek 3.5.1 run angry_allen (session 26cf85bf-0ac3-4237-8f48-c36b2ab20bd2, Slurm 3273686, completed 2025-10-23 23:48:40 EDT)	samtools_stats_recal_reads_MQ0	10762441	reads	reads retained after per-interval ApplyBQSR (interval-restricted CRAM used for calling)		wes/sarek_3.5.1_run/reports/samtools/TOV2929D_P57/TOV2929D_P57.recal.cram.stats	found	
TOV2929D_P57	nf-core/sarek 3.5.1 run angry_allen (session 26cf85bf-0ac3-4237-8f48-c36b2ab20bd2, Slurm 3273686, completed 2025-10-23 23:48:40 EDT)	samtools_stats_recal_reads_unmapped	920	reads	reads retained after per-interval ApplyBQSR (interval-restricted CRAM used for calling)		wes/sarek_3.5.1_run/reports/samtools/TOV2929D_P57/TOV2929D_P57.recal.cram.stats	found	
TOV2929D_P57	nf-core/sarek 3.5.1 run angry_allen (session 26cf85bf-0ac3-4237-8f48-c36b2ab20bd2, Slurm 3273686, completed 2025-10-23 23:48:40 EDT)	samtools_stats_recal_error_rate	4.445299e-03	fraction	reads retained after per-interval ApplyBQSR (interval-restricted CRAM used for calling)		wes/sarek_3.5.1_run/reports/samtools/TOV2929D_P57/TOV2929D_P57.recal.cram.stats	found	
TOV2929D_P57	nf-core/sarek 3.5.1 run angry_allen (session 26cf85bf-0ac3-4237-8f48-c36b2ab20bd2, Slurm 3273686, completed 2025-10-23 23:48:40 EDT)	samtools_stats_recal_average_length	100	bp	reads retained after per-interval ApplyBQSR (interval-restricted CRAM used for calling)		wes/sarek_3.5.1_run/reports/samtools/TOV2929D_P57/TOV2929D_P57.recal.cram.stats	found	
TOV2929D_P57	nf-core/sarek 3.5.1 run angry_allen (session 26cf85bf-0ac3-4237-8f48-c36b2ab20bd2, Slurm 3273686, completed 2025-10-23 23:48:40 EDT)	samtools_stats_recal_insert_size_average	183.9	bp	reads retained after per-interval ApplyBQSR (interval-restricted CRAM used for calling)		wes/sarek_3.5.1_run/reports/samtools/TOV2929D_P57/TOV2929D_P57.recal.cram.stats	found	
TOV2929D_P57	nf-core/sarek 3.5.1 run angry_allen (session 26cf85bf-0ac3-4237-8f48-c36b2ab20bd2, Slurm 3273686, completed 2025-10-23 23:48:40 EDT)	samtools_stats_recal_insert_size_standard_deviation	67.0	bp	reads retained after per-interval ApplyBQSR (interval-restricted CRAM used for calling)		wes/sarek_3.5.1_run/reports/samtools/TOV2929D_P57/TOV2929D_P57.recal.cram.stats	found	
TOV2929D_P57	nf-core/sarek 3.5.1 run angry_allen (session 26cf85bf-0ac3-4237-8f48-c36b2ab20bd2, Slurm 3273686, completed 2025-10-23 23:48:40 EDT)	samtools_stats_recal_percentage_of_properly_paired_reads_pct	99.3	percent	reads retained after per-interval ApplyBQSR (interval-restricted CRAM used for calling)		wes/sarek_3.5.1_run/reports/samtools/TOV2929D_P57/TOV2929D_P57.recal.cram.stats	found	
TOV2929D_P57	nf-core/sarek 3.5.1 run angry_allen (session 26cf85bf-0ac3-4237-8f48-c36b2ab20bd2, Slurm 3273686, completed 2025-10-23 23:48:40 EDT)	samtools_stats_recal_bases_mapped_cigar	8552772278	bp	reads retained after per-interval ApplyBQSR (interval-restricted CRAM used for calling)		wes/sarek_3.5.1_run/reports/samtools/TOV2929D_P57/TOV2929D_P57.recal.cram.stats	found	
TOV2929D_P57	nf-core/sarek 3.5.1 run angry_allen (session 26cf85bf-0ac3-4237-8f48-c36b2ab20bd2, Slurm 3273686, completed 2025-10-23 23:48:40 EDT)	samtools_stats_recal_average_quality	32.9	reads	reads retained after per-interval ApplyBQSR (interval-restricted CRAM used for calling)		wes/sarek_3.5.1_run/reports/samtools/TOV2929D_P57/TOV2929D_P57.recal.cram.stats	found	
TOV2929D_P57	nf-core/sarek 3.5.1 run angry_allen (session 26cf85bf-0ac3-4237-8f48-c36b2ab20bd2, Slurm 3273686, completed 2025-10-23 23:48:40 EDT)	mosdepth_md_mean_depth_genome	2.30	x	whole reference (3213349801 bp)		wes/sarek_3.5.1_run/reports/mosdepth/TOV2929D_P57/TOV2929D_P57.md.mosdepth.summary.txt	found	
TOV2929D_P57	nf-core/sarek 3.5.1 run angry_allen (session 26cf85bf-0ac3-4237-8f48-c36b2ab20bd2, Slurm 3273686, completed 2025-10-23 23:48:40 EDT)	mosdepth_md_mean_depth_target	69.72	x	target bases (63709951 bp, --by intervals_sorted.bed)	intervals_sorted.bed (242,421 hg38 intervals lifted from SeqCap EZ Exome v3; 63,709,951 bp summed, 63,514,049 bp merged)	wes/sarek_3.5.1_run/reports/mosdepth/TOV2929D_P57/TOV2929D_P57.md.mosdepth.summary.txt	found	mean of per-base depth over the target footprint; mosdepth counts duplicates unless flagged (Sarek default)
TOV2929D_P57	nf-core/sarek 3.5.1 run angry_allen (session 26cf85bf-0ac3-4237-8f48-c36b2ab20bd2, Slurm 3273686, completed 2025-10-23 23:48:40 EDT)	mosdepth_md_fraction_target_bases_ge_100x	0.19	fraction	target bases	intervals_sorted.bed (242,421 hg38 intervals lifted from SeqCap EZ Exome v3; 63,709,951 bp summed, 63,514,049 bp merged)	wes/sarek_3.5.1_run/reports/mosdepth/TOV2929D_P57/TOV2929D_P57.md.mosdepth.region.dist.txt	found	
TOV2929D_P57	nf-core/sarek 3.5.1 run angry_allen (session 26cf85bf-0ac3-4237-8f48-c36b2ab20bd2, Slurm 3273686, completed 2025-10-23 23:48:40 EDT)	mosdepth_md_fraction_target_bases_ge_50x	0.46	fraction	target bases	intervals_sorted.bed (242,421 hg38 intervals lifted from SeqCap EZ Exome v3; 63,709,951 bp summed, 63,514,049 bp merged)	wes/sarek_3.5.1_run/reports/mosdepth/TOV2929D_P57/TOV2929D_P57.md.mosdepth.region.dist.txt	found	
TOV2929D_P57	nf-core/sarek 3.5.1 run angry_allen (session 26cf85bf-0ac3-4237-8f48-c36b2ab20bd2, Slurm 3273686, completed 2025-10-23 23:48:40 EDT)	mosdepth_md_fraction_target_bases_ge_30x	0.66	fraction	target bases	intervals_sorted.bed (242,421 hg38 intervals lifted from SeqCap EZ Exome v3; 63,709,951 bp summed, 63,514,049 bp merged)	wes/sarek_3.5.1_run/reports/mosdepth/TOV2929D_P57/TOV2929D_P57.md.mosdepth.region.dist.txt	found	
TOV2929D_P57	nf-core/sarek 3.5.1 run angry_allen (session 26cf85bf-0ac3-4237-8f48-c36b2ab20bd2, Slurm 3273686, completed 2025-10-23 23:48:40 EDT)	mosdepth_md_fraction_target_bases_ge_20x	0.79	fraction	target bases	intervals_sorted.bed (242,421 hg38 intervals lifted from SeqCap EZ Exome v3; 63,709,951 bp summed, 63,514,049 bp merged)	wes/sarek_3.5.1_run/reports/mosdepth/TOV2929D_P57/TOV2929D_P57.md.mosdepth.region.dist.txt	found	
TOV2929D_P57	nf-core/sarek 3.5.1 run angry_allen (session 26cf85bf-0ac3-4237-8f48-c36b2ab20bd2, Slurm 3273686, completed 2025-10-23 23:48:40 EDT)	mosdepth_md_fraction_target_bases_ge_10x	0.91	fraction	target bases	intervals_sorted.bed (242,421 hg38 intervals lifted from SeqCap EZ Exome v3; 63,709,951 bp summed, 63,514,049 bp merged)	wes/sarek_3.5.1_run/reports/mosdepth/TOV2929D_P57/TOV2929D_P57.md.mosdepth.region.dist.txt	found	
TOV2929D_P57	nf-core/sarek 3.5.1 run angry_allen (session 26cf85bf-0ac3-4237-8f48-c36b2ab20bd2, Slurm 3273686, completed 2025-10-23 23:48:40 EDT)	mosdepth_md_fraction_target_bases_ge_1x	0.99	fraction	target bases	intervals_sorted.bed (242,421 hg38 intervals lifted from SeqCap EZ Exome v3; 63,709,951 bp summed, 63,514,049 bp merged)	wes/sarek_3.5.1_run/reports/mosdepth/TOV2929D_P57/TOV2929D_P57.md.mosdepth.region.dist.txt	found	
TOV2929D_P57	nf-core/sarek 3.5.1 run angry_allen (session 26cf85bf-0ac3-4237-8f48-c36b2ab20bd2, Slurm 3273686, completed 2025-10-23 23:48:40 EDT)	mosdepth_recal_mean_depth_genome	1.81	x	whole reference (3092843764 bp)		wes/sarek_3.5.1_run/reports/mosdepth/TOV2929D_P57/TOV2929D_P57.recal.mosdepth.summary.txt	found	
TOV2929D_P57	nf-core/sarek 3.5.1 run angry_allen (session 26cf85bf-0ac3-4237-8f48-c36b2ab20bd2, Slurm 3273686, completed 2025-10-23 23:48:40 EDT)	mosdepth_recal_mean_depth_target	69.72	x	target bases (63709444 bp, --by intervals_sorted.bed)	intervals_sorted.bed (242,421 hg38 intervals lifted from SeqCap EZ Exome v3; 63,709,951 bp summed, 63,514,049 bp merged)	wes/sarek_3.5.1_run/reports/mosdepth/TOV2929D_P57/TOV2929D_P57.recal.mosdepth.summary.txt	found	mean of per-base depth over the target footprint; mosdepth counts duplicates unless flagged (Sarek default)
TOV2929D_P57	nf-core/sarek 3.5.1 run angry_allen (session 26cf85bf-0ac3-4237-8f48-c36b2ab20bd2, Slurm 3273686, completed 2025-10-23 23:48:40 EDT)	mosdepth_recal_fraction_target_bases_ge_100x	0.19	fraction	target bases	intervals_sorted.bed (242,421 hg38 intervals lifted from SeqCap EZ Exome v3; 63,709,951 bp summed, 63,514,049 bp merged)	wes/sarek_3.5.1_run/reports/mosdepth/TOV2929D_P57/TOV2929D_P57.recal.mosdepth.region.dist.txt	found	
TOV2929D_P57	nf-core/sarek 3.5.1 run angry_allen (session 26cf85bf-0ac3-4237-8f48-c36b2ab20bd2, Slurm 3273686, completed 2025-10-23 23:48:40 EDT)	mosdepth_recal_fraction_target_bases_ge_50x	0.46	fraction	target bases	intervals_sorted.bed (242,421 hg38 intervals lifted from SeqCap EZ Exome v3; 63,709,951 bp summed, 63,514,049 bp merged)	wes/sarek_3.5.1_run/reports/mosdepth/TOV2929D_P57/TOV2929D_P57.recal.mosdepth.region.dist.txt	found	
TOV2929D_P57	nf-core/sarek 3.5.1 run angry_allen (session 26cf85bf-0ac3-4237-8f48-c36b2ab20bd2, Slurm 3273686, completed 2025-10-23 23:48:40 EDT)	mosdepth_recal_fraction_target_bases_ge_30x	0.66	fraction	target bases	intervals_sorted.bed (242,421 hg38 intervals lifted from SeqCap EZ Exome v3; 63,709,951 bp summed, 63,514,049 bp merged)	wes/sarek_3.5.1_run/reports/mosdepth/TOV2929D_P57/TOV2929D_P57.recal.mosdepth.region.dist.txt	found	
TOV2929D_P57	nf-core/sarek 3.5.1 run angry_allen (session 26cf85bf-0ac3-4237-8f48-c36b2ab20bd2, Slurm 3273686, completed 2025-10-23 23:48:40 EDT)	mosdepth_recal_fraction_target_bases_ge_20x	0.79	fraction	target bases	intervals_sorted.bed (242,421 hg38 intervals lifted from SeqCap EZ Exome v3; 63,709,951 bp summed, 63,514,049 bp merged)	wes/sarek_3.5.1_run/reports/mosdepth/TOV2929D_P57/TOV2929D_P57.recal.mosdepth.region.dist.txt	found	
TOV2929D_P57	nf-core/sarek 3.5.1 run angry_allen (session 26cf85bf-0ac3-4237-8f48-c36b2ab20bd2, Slurm 3273686, completed 2025-10-23 23:48:40 EDT)	mosdepth_recal_fraction_target_bases_ge_10x	0.91	fraction	target bases	intervals_sorted.bed (242,421 hg38 intervals lifted from SeqCap EZ Exome v3; 63,709,951 bp summed, 63,514,049 bp merged)	wes/sarek_3.5.1_run/reports/mosdepth/TOV2929D_P57/TOV2929D_P57.recal.mosdepth.region.dist.txt	found	
TOV2929D_P57	nf-core/sarek 3.5.1 run angry_allen (session 26cf85bf-0ac3-4237-8f48-c36b2ab20bd2, Slurm 3273686, completed 2025-10-23 23:48:40 EDT)	mosdepth_recal_fraction_target_bases_ge_1x	0.99	fraction	target bases	intervals_sorted.bed (242,421 hg38 intervals lifted from SeqCap EZ Exome v3; 63,709,951 bp summed, 63,514,049 bp merged)	wes/sarek_3.5.1_run/reports/mosdepth/TOV2929D_P57/TOV2929D_P57.recal.mosdepth.region.dist.txt	found	
TOV2929D_P57	nf-core/sarek 3.5.1 run angry_allen (session 26cf85bf-0ac3-4237-8f48-c36b2ab20bd2, Slurm 3273686, completed 2025-10-23 23:48:40 EDT)	gatk_calculatecontamination_estimate	0.003517672257772209	fraction	GetPileupSummaries on af-only-gnomad.hg38 sites within calling intervals; tumour-only		wes/sarek_3.5.1_run/variant_calling/mutect2/TOV2929D_P57/TOV2929D_P57.mutect2.contamination.table	found	cross-sample contamination estimate, error=0.0013451773976508358; not a stock-authentication result
TOV2929D_P57	nf-core/sarek 3.5.1 run angry_kilby (session 26cf85bf, Slurm 3377445, 2025-10-24, failed at GETPILEUPSUMMARIES TOV3133D_P66)	cnvkit_reads_in_target_bins	54283446	reads	mapped reads in recal BAM (interval-restricted)	cnvkit.reference.target-tmp.bed (242,421 bins)	wes/sarek_3.5.1_run/task_evidence/oct24_CNVKIT_BATCH_TOV2929D_P57.e4_cf2272b3a898107c8fd5d1b2d00216/.command.err	found	
TOV2929D_P57	nf-core/sarek 3.5.1 run angry_kilby (session 26cf85bf, Slurm 3377445, 2025-10-24, failed at GETPILEUPSUMMARIES TOV3133D_P66)	cnvkit_percent_mapped_reads_in_target_bins	63.099	percent	86028557 mapped reads in recal BAM (interval-restricted, so not a genome-wide on-target fraction)	cnvkit.reference.target-tmp.bed (242,421 bins)	wes/sarek_3.5.1_run/task_evidence/oct24_CNVKIT_BATCH_TOV2929D_P57.e4_cf2272b3a898107c8fd5d1b2d00216/.command.err	found	Sarek-internal CNVkit batch (flat reference) task log; recal CRAM excludes off-interval reads, so genome-wide on-target fraction must use md CRAM stats
TOV2929D_P57	manual CNVkit 0.9.10 batch (apptainer image cnvkit-0.9.10--pyhdfd78af_0.img), outputs dated 2025-11-14 to 2025-12-03	cnvkit_target_mean_depth_length_weighted	84.26	x	63514049 bp in 290475 target bins (CNVkit depth column)	intervals_sorted.target.bed (290,475 CNVkit autobin-split target bins, sha256 2177970f...; 63,514,049 bp)	wes/cnvkit_0.9.10_manual/TOV2929D_P57_new/TOV2929D_P57.targetcoverage.cnn	found	derived here from the retained coverage file; not a pipeline-reported number
TOV2929D_P57	manual CNVkit 0.9.10 batch (apptainer image cnvkit-0.9.10--pyhdfd78af_0.img), outputs dated 2025-11-14 to 2025-12-03	cnvkit_target_bins_zero_depth	1603	bins	290475 target bins	intervals_sorted.target.bed (290,475 CNVkit autobin-split target bins, sha256 2177970f...; 63,514,049 bp)	wes/cnvkit_0.9.10_manual/TOV2929D_P57_new/TOV2929D_P57.targetcoverage.cnn	found	derived here
TOV2929D_P57	manual CNVkit 0.9.10 batch (apptainer image cnvkit-0.9.10--pyhdfd78af_0.img), outputs dated 2025-11-14 to 2025-12-03	cnvkit_call_segments	117	segments		intervals_sorted.target.bed (290,475 CNVkit autobin-split target bins, sha256 2177970f...; 63,514,049 bp)	wes/cnvkit_0.9.10_manual/TOV2929D_P57_new/TOV2929D_P57.call.cns	found	
TOV2929D_P57	nf-core/sarek 3.5.1 run angry_allen (session 26cf85bf-0ac3-4237-8f48-c36b2ab20bd2, Slurm 3273686, completed 2025-10-23 23:48:40 EDT)	bcftools_stats_filtered_vcf_number_of_records	23201	records	all records in mutect2.filtered.vcf.gz (PASS and non-PASS)		wes/sarek_3.5.1_run/multiqc/multiqc_data/multiqc_bcftools_stats.txt	found	
TOV2929D_P57	nf-core/sarek 3.5.1 run angry_allen (session 26cf85bf-0ac3-4237-8f48-c36b2ab20bd2, Slurm 3273686, completed 2025-10-23 23:48:40 EDT)	bcftools_stats_filtered_vcf_number_of_SNPs	15319	records	all records in mutect2.filtered.vcf.gz (PASS and non-PASS)		wes/sarek_3.5.1_run/multiqc/multiqc_data/multiqc_bcftools_stats.txt	found	
TOV2929D_P57	nf-core/sarek 3.5.1 run angry_allen (session 26cf85bf-0ac3-4237-8f48-c36b2ab20bd2, Slurm 3273686, completed 2025-10-23 23:48:40 EDT)	bcftools_stats_filtered_vcf_number_of_indels	7184	records	all records in mutect2.filtered.vcf.gz (PASS and non-PASS)		wes/sarek_3.5.1_run/multiqc/multiqc_data/multiqc_bcftools_stats.txt	found	
TOV2929D_P57	nf-core/sarek 3.5.1 run angry_allen (session 26cf85bf-0ac3-4237-8f48-c36b2ab20bd2, Slurm 3273686, completed 2025-10-23 23:48:40 EDT)	bcftools_stats_filtered_vcf_number_of_MNPs	930	records	all records in mutect2.filtered.vcf.gz (PASS and non-PASS)		wes/sarek_3.5.1_run/multiqc/multiqc_data/multiqc_bcftools_stats.txt	found	
TOV2929D_P57	nf-core/sarek 3.5.1 run angry_allen (session 26cf85bf-0ac3-4237-8f48-c36b2ab20bd2, Slurm 3273686, completed 2025-10-23 23:48:40 EDT)	bcftools_stats_filtered_vcf_tstv	1.19	ratio	all records in mutect2.filtered.vcf.gz (PASS and non-PASS)		wes/sarek_3.5.1_run/multiqc/multiqc_data/multiqc_bcftools_stats.txt	found	
TOV2929D_P57	nf-core/sarek 3.5.1 run angry_allen (session 26cf85bf-0ac3-4237-8f48-c36b2ab20bd2, Slurm 3273686, completed 2025-10-23 23:48:40 EDT)	vcftools_filtered_vcf_PASS_records	1226	records	records in mutect2.filtered.vcf.gz		wes/sarek_3.5.1_run/reports/vcftools/mutect2/TOV2929D_P57/TOV2929D_P57.mutect2.filtered.FILTER.summary	found	
TOV3121D_P68	nf-core/sarek 3.5.1 run angry_allen (session 26cf85bf-0ac3-4237-8f48-c36b2ab20bd2, Slurm 3273686, completed 2025-10-23 23:48:40 EDT)	fastp_total_reads_before_filtering	125534004	reads (R1+R2)	all reads in provider BAM converted to FASTQ		wes/sarek_3.5.1_run/reports/fastp/TOV3121D_P68/TOV3121D_P68-7.fastp.json	found	
TOV3121D_P68	nf-core/sarek 3.5.1 run angry_allen (session 26cf85bf-0ac3-4237-8f48-c36b2ab20bd2, Slurm 3273686, completed 2025-10-23 23:48:40 EDT)	fastp_total_reads_after_filtering	123188938	reads (R1+R2)	reads passing fastp --length_required 15 (adapter trimming disabled)		wes/sarek_3.5.1_run/reports/fastp/TOV3121D_P68/TOV3121D_P68-7.fastp.json	found	
TOV3121D_P68	nf-core/sarek 3.5.1 run angry_allen (session 26cf85bf-0ac3-4237-8f48-c36b2ab20bd2, Slurm 3273686, completed 2025-10-23 23:48:40 EDT)	fastp_q30_rate_after_filtering	0.9086	fraction of bases	bases after filtering		wes/sarek_3.5.1_run/reports/fastp/TOV3121D_P68/TOV3121D_P68-7.fastp.json	found	
TOV3121D_P68	nf-core/sarek 3.5.1 run angry_allen (session 26cf85bf-0ac3-4237-8f48-c36b2ab20bd2, Slurm 3273686, completed 2025-10-23 23:48:40 EDT)	fastp_gc_content_after_filtering	0.4354	fraction	bases after filtering		wes/sarek_3.5.1_run/reports/fastp/TOV3121D_P68/TOV3121D_P68-7.fastp.json	found	
TOV3121D_P68	nf-core/sarek 3.5.1 run angry_allen (session 26cf85bf-0ac3-4237-8f48-c36b2ab20bd2, Slurm 3273686, completed 2025-10-23 23:48:40 EDT)	fastp_duplication_rate	0.1182	fraction of reads	fastp sequence-level estimate before alignment		wes/sarek_3.5.1_run/reports/fastp/TOV3121D_P68/TOV3121D_P68-7.fastp.json	found	
TOV3121D_P68	nf-core/sarek 3.5.1 run angry_allen (session 26cf85bf-0ac3-4237-8f48-c36b2ab20bd2, Slurm 3273686, completed 2025-10-23 23:48:40 EDT)	fastp_insert_size_peak	168	bp	fastp overlap-based estimate		wes/sarek_3.5.1_run/reports/fastp/TOV3121D_P68/TOV3121D_P68-7.fastp.json	found	
TOV3121D_P68	nf-core/sarek 3.5.1 run angry_allen (session 26cf85bf-0ac3-4237-8f48-c36b2ab20bd2, Slurm 3273686, completed 2025-10-23 23:48:40 EDT)	fastp_read_length_mean_R1	100	bp			wes/sarek_3.5.1_run/reports/fastp/TOV3121D_P68/TOV3121D_P68-7.fastp.json	found	
TOV3121D_P68	nf-core/sarek 3.5.1 run angry_allen (session 26cf85bf-0ac3-4237-8f48-c36b2ab20bd2, Slurm 3273686, completed 2025-10-23 23:48:40 EDT)	samtools_stats_md_raw_total_sequences	123188938	reads	all reads, genome-wide (duplicate-marked CRAM)		wes/sarek_3.5.1_run/reports/samtools/TOV3121D_P68/TOV3121D_P68.md.cram.stats	found	
TOV3121D_P68	nf-core/sarek 3.5.1 run angry_allen (session 26cf85bf-0ac3-4237-8f48-c36b2ab20bd2, Slurm 3273686, completed 2025-10-23 23:48:40 EDT)	samtools_stats_md_reads_mapped	123144902	reads	all reads, genome-wide (duplicate-marked CRAM)		wes/sarek_3.5.1_run/reports/samtools/TOV3121D_P68/TOV3121D_P68.md.cram.stats	found	
TOV3121D_P68	nf-core/sarek 3.5.1 run angry_allen (session 26cf85bf-0ac3-4237-8f48-c36b2ab20bd2, Slurm 3273686, completed 2025-10-23 23:48:40 EDT)	samtools_stats_md_reads_mapped_and_paired	123140878	reads	all reads, genome-wide (duplicate-marked CRAM)		wes/sarek_3.5.1_run/reports/samtools/TOV3121D_P68/TOV3121D_P68.md.cram.stats	found	
TOV3121D_P68	nf-core/sarek 3.5.1 run angry_allen (session 26cf85bf-0ac3-4237-8f48-c36b2ab20bd2, Slurm 3273686, completed 2025-10-23 23:48:40 EDT)	samtools_stats_md_reads_properly_paired	122159888	reads	all reads, genome-wide (duplicate-marked CRAM)		wes/sarek_3.5.1_run/reports/samtools/TOV3121D_P68/TOV3121D_P68.md.cram.stats	found	
TOV3121D_P68	nf-core/sarek 3.5.1 run angry_allen (session 26cf85bf-0ac3-4237-8f48-c36b2ab20bd2, Slurm 3273686, completed 2025-10-23 23:48:40 EDT)	samtools_stats_md_reads_duplicated	22921926	reads	all reads, genome-wide (duplicate-marked CRAM)		wes/sarek_3.5.1_run/reports/samtools/TOV3121D_P68/TOV3121D_P68.md.cram.stats	found	
TOV3121D_P68	nf-core/sarek 3.5.1 run angry_allen (session 26cf85bf-0ac3-4237-8f48-c36b2ab20bd2, Slurm 3273686, completed 2025-10-23 23:48:40 EDT)	samtools_stats_md_reads_MQ0	15402403	reads	all reads, genome-wide (duplicate-marked CRAM)		wes/sarek_3.5.1_run/reports/samtools/TOV3121D_P68/TOV3121D_P68.md.cram.stats	found	
TOV3121D_P68	nf-core/sarek 3.5.1 run angry_allen (session 26cf85bf-0ac3-4237-8f48-c36b2ab20bd2, Slurm 3273686, completed 2025-10-23 23:48:40 EDT)	samtools_stats_md_reads_unmapped	44036	reads	all reads, genome-wide (duplicate-marked CRAM)		wes/sarek_3.5.1_run/reports/samtools/TOV3121D_P68/TOV3121D_P68.md.cram.stats	found	
TOV3121D_P68	nf-core/sarek 3.5.1 run angry_allen (session 26cf85bf-0ac3-4237-8f48-c36b2ab20bd2, Slurm 3273686, completed 2025-10-23 23:48:40 EDT)	samtools_stats_md_error_rate	4.935376e-03	fraction	all reads, genome-wide (duplicate-marked CRAM)		wes/sarek_3.5.1_run/reports/samtools/TOV3121D_P68/TOV3121D_P68.md.cram.stats	found	
TOV3121D_P68	nf-core/sarek 3.5.1 run angry_allen (session 26cf85bf-0ac3-4237-8f48-c36b2ab20bd2, Slurm 3273686, completed 2025-10-23 23:48:40 EDT)	samtools_stats_md_average_length	100	bp	all reads, genome-wide (duplicate-marked CRAM)		wes/sarek_3.5.1_run/reports/samtools/TOV3121D_P68/TOV3121D_P68.md.cram.stats	found	
TOV3121D_P68	nf-core/sarek 3.5.1 run angry_allen (session 26cf85bf-0ac3-4237-8f48-c36b2ab20bd2, Slurm 3273686, completed 2025-10-23 23:48:40 EDT)	samtools_stats_md_insert_size_average	247.7	bp	all reads, genome-wide (duplicate-marked CRAM)		wes/sarek_3.5.1_run/reports/samtools/TOV3121D_P68/TOV3121D_P68.md.cram.stats	found	
TOV3121D_P68	nf-core/sarek 3.5.1 run angry_allen (session 26cf85bf-0ac3-4237-8f48-c36b2ab20bd2, Slurm 3273686, completed 2025-10-23 23:48:40 EDT)	samtools_stats_md_insert_size_standard_deviation	95.9	bp	all reads, genome-wide (duplicate-marked CRAM)		wes/sarek_3.5.1_run/reports/samtools/TOV3121D_P68/TOV3121D_P68.md.cram.stats	found	
TOV3121D_P68	nf-core/sarek 3.5.1 run angry_allen (session 26cf85bf-0ac3-4237-8f48-c36b2ab20bd2, Slurm 3273686, completed 2025-10-23 23:48:40 EDT)	samtools_stats_md_percentage_of_properly_paired_reads_pct	99.2	percent	all reads, genome-wide (duplicate-marked CRAM)		wes/sarek_3.5.1_run/reports/samtools/TOV3121D_P68/TOV3121D_P68.md.cram.stats	found	
TOV3121D_P68	nf-core/sarek 3.5.1 run angry_allen (session 26cf85bf-0ac3-4237-8f48-c36b2ab20bd2, Slurm 3273686, completed 2025-10-23 23:48:40 EDT)	samtools_stats_md_bases_mapped_cigar	12319580013	bp	all reads, genome-wide (duplicate-marked CRAM)		wes/sarek_3.5.1_run/reports/samtools/TOV3121D_P68/TOV3121D_P68.md.cram.stats	found	
TOV3121D_P68	nf-core/sarek 3.5.1 run angry_allen (session 26cf85bf-0ac3-4237-8f48-c36b2ab20bd2, Slurm 3273686, completed 2025-10-23 23:48:40 EDT)	samtools_stats_md_average_quality	37.8	reads	all reads, genome-wide (duplicate-marked CRAM)		wes/sarek_3.5.1_run/reports/samtools/TOV3121D_P68/TOV3121D_P68.md.cram.stats	found	
TOV3121D_P68	nf-core/sarek 3.5.1 run angry_allen (session 26cf85bf-0ac3-4237-8f48-c36b2ab20bd2, Slurm 3273686, completed 2025-10-23 23:48:40 EDT)	samtools_stats_recal_raw_total_sequences	89414553	reads	reads retained after per-interval ApplyBQSR (interval-restricted CRAM used for calling)		wes/sarek_3.5.1_run/reports/samtools/TOV3121D_P68/TOV3121D_P68.recal.cram.stats	found	
TOV3121D_P68	nf-core/sarek 3.5.1 run angry_allen (session 26cf85bf-0ac3-4237-8f48-c36b2ab20bd2, Slurm 3273686, completed 2025-10-23 23:48:40 EDT)	samtools_stats_recal_reads_mapped	89412926	reads	reads retained after per-interval ApplyBQSR (interval-restricted CRAM used for calling)		wes/sarek_3.5.1_run/reports/samtools/TOV3121D_P68/TOV3121D_P68.recal.cram.stats	found	
TOV3121D_P68	nf-core/sarek 3.5.1 run angry_allen (session 26cf85bf-0ac3-4237-8f48-c36b2ab20bd2, Slurm 3273686, completed 2025-10-23 23:48:40 EDT)	samtools_stats_recal_reads_mapped_and_paired	89410766	reads	reads retained after per-interval ApplyBQSR (interval-restricted CRAM used for calling)		wes/sarek_3.5.1_run/reports/samtools/TOV3121D_P68/TOV3121D_P68.recal.cram.stats	found	
TOV3121D_P68	nf-core/sarek 3.5.1 run angry_allen (session 26cf85bf-0ac3-4237-8f48-c36b2ab20bd2, Slurm 3273686, completed 2025-10-23 23:48:40 EDT)	samtools_stats_recal_reads_properly_paired	89033568	reads	reads retained after per-interval ApplyBQSR (interval-restricted CRAM used for calling)		wes/sarek_3.5.1_run/reports/samtools/TOV3121D_P68/TOV3121D_P68.recal.cram.stats	found	
TOV3121D_P68	nf-core/sarek 3.5.1 run angry_allen (session 26cf85bf-0ac3-4237-8f48-c36b2ab20bd2, Slurm 3273686, completed 2025-10-23 23:48:40 EDT)	samtools_stats_recal_reads_duplicated	17006427	reads	reads retained after per-interval ApplyBQSR (interval-restricted CRAM used for calling)		wes/sarek_3.5.1_run/reports/samtools/TOV3121D_P68/TOV3121D_P68.recal.cram.stats	found	
TOV3121D_P68	nf-core/sarek 3.5.1 run angry_allen (session 26cf85bf-0ac3-4237-8f48-c36b2ab20bd2, Slurm 3273686, completed 2025-10-23 23:48:40 EDT)	samtools_stats_recal_reads_MQ0	9971957	reads	reads retained after per-interval ApplyBQSR (interval-restricted CRAM used for calling)		wes/sarek_3.5.1_run/reports/samtools/TOV3121D_P68/TOV3121D_P68.recal.cram.stats	found	
TOV3121D_P68	nf-core/sarek 3.5.1 run angry_allen (session 26cf85bf-0ac3-4237-8f48-c36b2ab20bd2, Slurm 3273686, completed 2025-10-23 23:48:40 EDT)	samtools_stats_recal_reads_unmapped	1627	reads	reads retained after per-interval ApplyBQSR (interval-restricted CRAM used for calling)		wes/sarek_3.5.1_run/reports/samtools/TOV3121D_P68/TOV3121D_P68.recal.cram.stats	found	
TOV3121D_P68	nf-core/sarek 3.5.1 run angry_allen (session 26cf85bf-0ac3-4237-8f48-c36b2ab20bd2, Slurm 3273686, completed 2025-10-23 23:48:40 EDT)	samtools_stats_recal_error_rate	4.448088e-03	fraction	reads retained after per-interval ApplyBQSR (interval-restricted CRAM used for calling)		wes/sarek_3.5.1_run/reports/samtools/TOV3121D_P68/TOV3121D_P68.recal.cram.stats	found	
TOV3121D_P68	nf-core/sarek 3.5.1 run angry_allen (session 26cf85bf-0ac3-4237-8f48-c36b2ab20bd2, Slurm 3273686, completed 2025-10-23 23:48:40 EDT)	samtools_stats_recal_average_length	100	bp	reads retained after per-interval ApplyBQSR (interval-restricted CRAM used for calling)		wes/sarek_3.5.1_run/reports/samtools/TOV3121D_P68/TOV3121D_P68.recal.cram.stats	found	
TOV3121D_P68	nf-core/sarek 3.5.1 run angry_allen (session 26cf85bf-0ac3-4237-8f48-c36b2ab20bd2, Slurm 3273686, completed 2025-10-23 23:48:40 EDT)	samtools_stats_recal_insert_size_average	233.5	bp	reads retained after per-interval ApplyBQSR (interval-restricted CRAM used for calling)		wes/sarek_3.5.1_run/reports/samtools/TOV3121D_P68/TOV3121D_P68.recal.cram.stats	found	
TOV3121D_P68	nf-core/sarek 3.5.1 run angry_allen (session 26cf85bf-0ac3-4237-8f48-c36b2ab20bd2, Slurm 3273686, completed 2025-10-23 23:48:40 EDT)	samtools_stats_recal_insert_size_standard_deviation	86.8	bp	reads retained after per-interval ApplyBQSR (interval-restricted CRAM used for calling)		wes/sarek_3.5.1_run/reports/samtools/TOV3121D_P68/TOV3121D_P68.recal.cram.stats	found	
TOV3121D_P68	nf-core/sarek 3.5.1 run angry_allen (session 26cf85bf-0ac3-4237-8f48-c36b2ab20bd2, Slurm 3273686, completed 2025-10-23 23:48:40 EDT)	samtools_stats_recal_percentage_of_properly_paired_reads_pct	99.6	percent	reads retained after per-interval ApplyBQSR (interval-restricted CRAM used for calling)		wes/sarek_3.5.1_run/reports/samtools/TOV3121D_P68/TOV3121D_P68.recal.cram.stats	found	
TOV3121D_P68	nf-core/sarek 3.5.1 run angry_allen (session 26cf85bf-0ac3-4237-8f48-c36b2ab20bd2, Slurm 3273686, completed 2025-10-23 23:48:40 EDT)	samtools_stats_recal_bases_mapped_cigar	8925157627	bp	reads retained after per-interval ApplyBQSR (interval-restricted CRAM used for calling)		wes/sarek_3.5.1_run/reports/samtools/TOV3121D_P68/TOV3121D_P68.recal.cram.stats	found	
TOV3121D_P68	nf-core/sarek 3.5.1 run angry_allen (session 26cf85bf-0ac3-4237-8f48-c36b2ab20bd2, Slurm 3273686, completed 2025-10-23 23:48:40 EDT)	samtools_stats_recal_average_quality	34.6	reads	reads retained after per-interval ApplyBQSR (interval-restricted CRAM used for calling)		wes/sarek_3.5.1_run/reports/samtools/TOV3121D_P68/TOV3121D_P68.recal.cram.stats	found	
TOV3121D_P68	nf-core/sarek 3.5.1 run angry_allen (session 26cf85bf-0ac3-4237-8f48-c36b2ab20bd2, Slurm 3273686, completed 2025-10-23 23:48:40 EDT)	mosdepth_md_mean_depth_genome	2.89	x	whole reference (3212970717 bp)		wes/sarek_3.5.1_run/reports/mosdepth/TOV3121D_P68/TOV3121D_P68.md.mosdepth.summary.txt	found	
TOV3121D_P68	nf-core/sarek 3.5.1 run angry_allen (session 26cf85bf-0ac3-4237-8f48-c36b2ab20bd2, Slurm 3273686, completed 2025-10-23 23:48:40 EDT)	mosdepth_md_mean_depth_target	82.35	x	target bases (63709951 bp, --by intervals_sorted.bed)	intervals_sorted.bed (242,421 hg38 intervals lifted from SeqCap EZ Exome v3; 63,709,951 bp summed, 63,514,049 bp merged)	wes/sarek_3.5.1_run/reports/mosdepth/TOV3121D_P68/TOV3121D_P68.md.mosdepth.summary.txt	found	mean of per-base depth over the target footprint; mosdepth counts duplicates unless flagged (Sarek default)
TOV3121D_P68	nf-core/sarek 3.5.1 run angry_allen (session 26cf85bf-0ac3-4237-8f48-c36b2ab20bd2, Slurm 3273686, completed 2025-10-23 23:48:40 EDT)	mosdepth_md_fraction_target_bases_ge_100x	0.23	fraction	target bases	intervals_sorted.bed (242,421 hg38 intervals lifted from SeqCap EZ Exome v3; 63,709,951 bp summed, 63,514,049 bp merged)	wes/sarek_3.5.1_run/reports/mosdepth/TOV3121D_P68/TOV3121D_P68.md.mosdepth.region.dist.txt	found	
TOV3121D_P68	nf-core/sarek 3.5.1 run angry_allen (session 26cf85bf-0ac3-4237-8f48-c36b2ab20bd2, Slurm 3273686, completed 2025-10-23 23:48:40 EDT)	mosdepth_md_fraction_target_bases_ge_50x	0.57	fraction	target bases	intervals_sorted.bed (242,421 hg38 intervals lifted from SeqCap EZ Exome v3; 63,709,951 bp summed, 63,514,049 bp merged)	wes/sarek_3.5.1_run/reports/mosdepth/TOV3121D_P68/TOV3121D_P68.md.mosdepth.region.dist.txt	found	
TOV3121D_P68	nf-core/sarek 3.5.1 run angry_allen (session 26cf85bf-0ac3-4237-8f48-c36b2ab20bd2, Slurm 3273686, completed 2025-10-23 23:48:40 EDT)	mosdepth_md_fraction_target_bases_ge_30x	0.79	fraction	target bases	intervals_sorted.bed (242,421 hg38 intervals lifted from SeqCap EZ Exome v3; 63,709,951 bp summed, 63,514,049 bp merged)	wes/sarek_3.5.1_run/reports/mosdepth/TOV3121D_P68/TOV3121D_P68.md.mosdepth.region.dist.txt	found	
TOV3121D_P68	nf-core/sarek 3.5.1 run angry_allen (session 26cf85bf-0ac3-4237-8f48-c36b2ab20bd2, Slurm 3273686, completed 2025-10-23 23:48:40 EDT)	mosdepth_md_fraction_target_bases_ge_20x	0.88	fraction	target bases	intervals_sorted.bed (242,421 hg38 intervals lifted from SeqCap EZ Exome v3; 63,709,951 bp summed, 63,514,049 bp merged)	wes/sarek_3.5.1_run/reports/mosdepth/TOV3121D_P68/TOV3121D_P68.md.mosdepth.region.dist.txt	found	
TOV3121D_P68	nf-core/sarek 3.5.1 run angry_allen (session 26cf85bf-0ac3-4237-8f48-c36b2ab20bd2, Slurm 3273686, completed 2025-10-23 23:48:40 EDT)	mosdepth_md_fraction_target_bases_ge_10x	0.96	fraction	target bases	intervals_sorted.bed (242,421 hg38 intervals lifted from SeqCap EZ Exome v3; 63,709,951 bp summed, 63,514,049 bp merged)	wes/sarek_3.5.1_run/reports/mosdepth/TOV3121D_P68/TOV3121D_P68.md.mosdepth.region.dist.txt	found	
TOV3121D_P68	nf-core/sarek 3.5.1 run angry_allen (session 26cf85bf-0ac3-4237-8f48-c36b2ab20bd2, Slurm 3273686, completed 2025-10-23 23:48:40 EDT)	mosdepth_md_fraction_target_bases_ge_1x	0.99	fraction	target bases	intervals_sorted.bed (242,421 hg38 intervals lifted from SeqCap EZ Exome v3; 63,709,951 bp summed, 63,514,049 bp merged)	wes/sarek_3.5.1_run/reports/mosdepth/TOV3121D_P68/TOV3121D_P68.md.mosdepth.region.dist.txt	found	
TOV3121D_P68	nf-core/sarek 3.5.1 run angry_allen (session 26cf85bf-0ac3-4237-8f48-c36b2ab20bd2, Slurm 3273686, completed 2025-10-23 23:48:40 EDT)	mosdepth_recal_mean_depth_genome	2.14	x	whole reference (3092843764 bp)		wes/sarek_3.5.1_run/reports/mosdepth/TOV3121D_P68/TOV3121D_P68.recal.mosdepth.summary.txt	found	
TOV3121D_P68	nf-core/sarek 3.5.1 run angry_allen (session 26cf85bf-0ac3-4237-8f48-c36b2ab20bd2, Slurm 3273686, completed 2025-10-23 23:48:40 EDT)	mosdepth_recal_mean_depth_target	82.35	x	target bases (63709444 bp, --by intervals_sorted.bed)	intervals_sorted.bed (242,421 hg38 intervals lifted from SeqCap EZ Exome v3; 63,709,951 bp summed, 63,514,049 bp merged)	wes/sarek_3.5.1_run/reports/mosdepth/TOV3121D_P68/TOV3121D_P68.recal.mosdepth.summary.txt	found	mean of per-base depth over the target footprint; mosdepth counts duplicates unless flagged (Sarek default)
TOV3121D_P68	nf-core/sarek 3.5.1 run angry_allen (session 26cf85bf-0ac3-4237-8f48-c36b2ab20bd2, Slurm 3273686, completed 2025-10-23 23:48:40 EDT)	mosdepth_recal_fraction_target_bases_ge_100x	0.23	fraction	target bases	intervals_sorted.bed (242,421 hg38 intervals lifted from SeqCap EZ Exome v3; 63,709,951 bp summed, 63,514,049 bp merged)	wes/sarek_3.5.1_run/reports/mosdepth/TOV3121D_P68/TOV3121D_P68.recal.mosdepth.region.dist.txt	found	
TOV3121D_P68	nf-core/sarek 3.5.1 run angry_allen (session 26cf85bf-0ac3-4237-8f48-c36b2ab20bd2, Slurm 3273686, completed 2025-10-23 23:48:40 EDT)	mosdepth_recal_fraction_target_bases_ge_50x	0.57	fraction	target bases	intervals_sorted.bed (242,421 hg38 intervals lifted from SeqCap EZ Exome v3; 63,709,951 bp summed, 63,514,049 bp merged)	wes/sarek_3.5.1_run/reports/mosdepth/TOV3121D_P68/TOV3121D_P68.recal.mosdepth.region.dist.txt	found	
TOV3121D_P68	nf-core/sarek 3.5.1 run angry_allen (session 26cf85bf-0ac3-4237-8f48-c36b2ab20bd2, Slurm 3273686, completed 2025-10-23 23:48:40 EDT)	mosdepth_recal_fraction_target_bases_ge_30x	0.79	fraction	target bases	intervals_sorted.bed (242,421 hg38 intervals lifted from SeqCap EZ Exome v3; 63,709,951 bp summed, 63,514,049 bp merged)	wes/sarek_3.5.1_run/reports/mosdepth/TOV3121D_P68/TOV3121D_P68.recal.mosdepth.region.dist.txt	found	
TOV3121D_P68	nf-core/sarek 3.5.1 run angry_allen (session 26cf85bf-0ac3-4237-8f48-c36b2ab20bd2, Slurm 3273686, completed 2025-10-23 23:48:40 EDT)	mosdepth_recal_fraction_target_bases_ge_20x	0.88	fraction	target bases	intervals_sorted.bed (242,421 hg38 intervals lifted from SeqCap EZ Exome v3; 63,709,951 bp summed, 63,514,049 bp merged)	wes/sarek_3.5.1_run/reports/mosdepth/TOV3121D_P68/TOV3121D_P68.recal.mosdepth.region.dist.txt	found	
TOV3121D_P68	nf-core/sarek 3.5.1 run angry_allen (session 26cf85bf-0ac3-4237-8f48-c36b2ab20bd2, Slurm 3273686, completed 2025-10-23 23:48:40 EDT)	mosdepth_recal_fraction_target_bases_ge_10x	0.96	fraction	target bases	intervals_sorted.bed (242,421 hg38 intervals lifted from SeqCap EZ Exome v3; 63,709,951 bp summed, 63,514,049 bp merged)	wes/sarek_3.5.1_run/reports/mosdepth/TOV3121D_P68/TOV3121D_P68.recal.mosdepth.region.dist.txt	found	
TOV3121D_P68	nf-core/sarek 3.5.1 run angry_allen (session 26cf85bf-0ac3-4237-8f48-c36b2ab20bd2, Slurm 3273686, completed 2025-10-23 23:48:40 EDT)	mosdepth_recal_fraction_target_bases_ge_1x	0.99	fraction	target bases	intervals_sorted.bed (242,421 hg38 intervals lifted from SeqCap EZ Exome v3; 63,709,951 bp summed, 63,514,049 bp merged)	wes/sarek_3.5.1_run/reports/mosdepth/TOV3121D_P68/TOV3121D_P68.recal.mosdepth.region.dist.txt	found	
TOV3121D_P68	nf-core/sarek 3.5.1 run angry_allen (session 26cf85bf-0ac3-4237-8f48-c36b2ab20bd2, Slurm 3273686, completed 2025-10-23 23:48:40 EDT)	gatk_calculatecontamination_estimate	0.0025036593485037732	fraction	GetPileupSummaries on af-only-gnomad.hg38 sites within calling intervals; tumour-only		wes/sarek_3.5.1_run/variant_calling/mutect2/TOV3121D_P68/TOV3121D_P68.mutect2.contamination.table	found	cross-sample contamination estimate, error=5.664911945895816E-4; not a stock-authentication result
TOV3121D_P68	nf-core/sarek 3.5.1 run angry_kilby (session 26cf85bf, Slurm 3377445, 2025-10-24, failed at GETPILEUPSUMMARIES TOV3133D_P66)	cnvkit_reads_in_target_bins	57819403	reads	mapped reads in recal BAM (interval-restricted)	cnvkit.reference.target-tmp.bed (242,421 bins)	wes/sarek_3.5.1_run/task_evidence/oct24_CNVKIT_BATCH_TOV3121D_P68.96_ceaa2123d23bcdaae717012af0de56/.command.err	found	
TOV3121D_P68	nf-core/sarek 3.5.1 run angry_kilby (session 26cf85bf, Slurm 3377445, 2025-10-24, failed at GETPILEUPSUMMARIES TOV3133D_P66)	cnvkit_percent_mapped_reads_in_target_bins	64.641	percent	89446312 mapped reads in recal BAM (interval-restricted, so not a genome-wide on-target fraction)	cnvkit.reference.target-tmp.bed (242,421 bins)	wes/sarek_3.5.1_run/task_evidence/oct24_CNVKIT_BATCH_TOV3121D_P68.96_ceaa2123d23bcdaae717012af0de56/.command.err	found	Sarek-internal CNVkit batch (flat reference) task log; recal CRAM excludes off-interval reads, so genome-wide on-target fraction must use md CRAM stats
TOV3121D_P68	manual CNVkit 0.9.10 batch (apptainer image cnvkit-0.9.10--pyhdfd78af_0.img), outputs dated 2025-11-14 to 2025-12-03	cnvkit_target_mean_depth_length_weighted	89.87	x	63514049 bp in 290475 target bins (CNVkit depth column)	intervals_sorted.target.bed (290,475 CNVkit autobin-split target bins, sha256 2177970f...; 63,514,049 bp)	wes/cnvkit_0.9.10_manual/TOV3121D_P68_new/TOV3121D_P68.targetcoverage.cnn	found	derived here from the retained coverage file; not a pipeline-reported number
TOV3121D_P68	manual CNVkit 0.9.10 batch (apptainer image cnvkit-0.9.10--pyhdfd78af_0.img), outputs dated 2025-11-14 to 2025-12-03	cnvkit_target_bins_zero_depth	1623	bins	290475 target bins	intervals_sorted.target.bed (290,475 CNVkit autobin-split target bins, sha256 2177970f...; 63,514,049 bp)	wes/cnvkit_0.9.10_manual/TOV3121D_P68_new/TOV3121D_P68.targetcoverage.cnn	found	derived here
TOV3121D_P68	manual CNVkit 0.9.10 batch (apptainer image cnvkit-0.9.10--pyhdfd78af_0.img), outputs dated 2025-11-14 to 2025-12-03	cnvkit_call_segments	77	segments		intervals_sorted.target.bed (290,475 CNVkit autobin-split target bins, sha256 2177970f...; 63,514,049 bp)	wes/cnvkit_0.9.10_manual/TOV3121D_P68_new/TOV3121D_P68.call.cns	found	
TOV3121D_P68	nf-core/sarek 3.5.1 run angry_allen (session 26cf85bf-0ac3-4237-8f48-c36b2ab20bd2, Slurm 3273686, completed 2025-10-23 23:48:40 EDT)	bcftools_stats_filtered_vcf_number_of_records	25082	records	all records in mutect2.filtered.vcf.gz (PASS and non-PASS)		wes/sarek_3.5.1_run/multiqc/multiqc_data/multiqc_bcftools_stats.txt	found	
TOV3121D_P68	nf-core/sarek 3.5.1 run angry_allen (session 26cf85bf-0ac3-4237-8f48-c36b2ab20bd2, Slurm 3273686, completed 2025-10-23 23:48:40 EDT)	bcftools_stats_filtered_vcf_number_of_SNPs	15074	records	all records in mutect2.filtered.vcf.gz (PASS and non-PASS)		wes/sarek_3.5.1_run/multiqc/multiqc_data/multiqc_bcftools_stats.txt	found	
TOV3121D_P68	nf-core/sarek 3.5.1 run angry_allen (session 26cf85bf-0ac3-4237-8f48-c36b2ab20bd2, Slurm 3273686, completed 2025-10-23 23:48:40 EDT)	bcftools_stats_filtered_vcf_number_of_indels	8388	records	all records in mutect2.filtered.vcf.gz (PASS and non-PASS)		wes/sarek_3.5.1_run/multiqc/multiqc_data/multiqc_bcftools_stats.txt	found	
TOV3121D_P68	nf-core/sarek 3.5.1 run angry_allen (session 26cf85bf-0ac3-4237-8f48-c36b2ab20bd2, Slurm 3273686, completed 2025-10-23 23:48:40 EDT)	bcftools_stats_filtered_vcf_number_of_MNPs	1935	records	all records in mutect2.filtered.vcf.gz (PASS and non-PASS)		wes/sarek_3.5.1_run/multiqc/multiqc_data/multiqc_bcftools_stats.txt	found	
TOV3121D_P68	nf-core/sarek 3.5.1 run angry_allen (session 26cf85bf-0ac3-4237-8f48-c36b2ab20bd2, Slurm 3273686, completed 2025-10-23 23:48:40 EDT)	bcftools_stats_filtered_vcf_tstv	1.07	ratio	all records in mutect2.filtered.vcf.gz (PASS and non-PASS)		wes/sarek_3.5.1_run/multiqc/multiqc_data/multiqc_bcftools_stats.txt	found	
TOV3121D_P68	nf-core/sarek 3.5.1 run angry_allen (session 26cf85bf-0ac3-4237-8f48-c36b2ab20bd2, Slurm 3273686, completed 2025-10-23 23:48:40 EDT)	vcftools_filtered_vcf_PASS_records	547	records	records in mutect2.filtered.vcf.gz		wes/sarek_3.5.1_run/reports/vcftools/mutect2/TOV3121D_P68/TOV3121D_P68.mutect2.filtered.FILTER.summary	found	
TOV3121EP_P68	nf-core/sarek 3.5.1 run angry_allen (session 26cf85bf-0ac3-4237-8f48-c36b2ab20bd2, Slurm 3273686, completed 2025-10-23 23:48:40 EDT)	fastp_total_reads_before_filtering	116381192	reads (R1+R2)	all reads in provider BAM converted to FASTQ		wes/sarek_3.5.1_run/reports/fastp/TOV3121EP_P68/TOV3121EP_P68-7.fastp.json	found	
TOV3121EP_P68	nf-core/sarek 3.5.1 run angry_allen (session 26cf85bf-0ac3-4237-8f48-c36b2ab20bd2, Slurm 3273686, completed 2025-10-23 23:48:40 EDT)	fastp_total_reads_after_filtering	114753660	reads (R1+R2)	reads passing fastp --length_required 15 (adapter trimming disabled)		wes/sarek_3.5.1_run/reports/fastp/TOV3121EP_P68/TOV3121EP_P68-7.fastp.json	found	
TOV3121EP_P68	nf-core/sarek 3.5.1 run angry_allen (session 26cf85bf-0ac3-4237-8f48-c36b2ab20bd2, Slurm 3273686, completed 2025-10-23 23:48:40 EDT)	fastp_q30_rate_after_filtering	0.9203	fraction of bases	bases after filtering		wes/sarek_3.5.1_run/reports/fastp/TOV3121EP_P68/TOV3121EP_P68-7.fastp.json	found	
TOV3121EP_P68	nf-core/sarek 3.5.1 run angry_allen (session 26cf85bf-0ac3-4237-8f48-c36b2ab20bd2, Slurm 3273686, completed 2025-10-23 23:48:40 EDT)	fastp_gc_content_after_filtering	0.4309	fraction	bases after filtering		wes/sarek_3.5.1_run/reports/fastp/TOV3121EP_P68/TOV3121EP_P68-7.fastp.json	found	
TOV3121EP_P68	nf-core/sarek 3.5.1 run angry_allen (session 26cf85bf-0ac3-4237-8f48-c36b2ab20bd2, Slurm 3273686, completed 2025-10-23 23:48:40 EDT)	fastp_duplication_rate	0.1216	fraction of reads	fastp sequence-level estimate before alignment		wes/sarek_3.5.1_run/reports/fastp/TOV3121EP_P68/TOV3121EP_P68-7.fastp.json	found	
TOV3121EP_P68	nf-core/sarek 3.5.1 run angry_allen (session 26cf85bf-0ac3-4237-8f48-c36b2ab20bd2, Slurm 3273686, completed 2025-10-23 23:48:40 EDT)	fastp_insert_size_peak	159	bp	fastp overlap-based estimate		wes/sarek_3.5.1_run/reports/fastp/TOV3121EP_P68/TOV3121EP_P68-7.fastp.json	found	
TOV3121EP_P68	nf-core/sarek 3.5.1 run angry_allen (session 26cf85bf-0ac3-4237-8f48-c36b2ab20bd2, Slurm 3273686, completed 2025-10-23 23:48:40 EDT)	fastp_read_length_mean_R1	100	bp			wes/sarek_3.5.1_run/reports/fastp/TOV3121EP_P68/TOV3121EP_P68-7.fastp.json	found	
TOV3121EP_P68	nf-core/sarek 3.5.1 run angry_allen (session 26cf85bf-0ac3-4237-8f48-c36b2ab20bd2, Slurm 3273686, completed 2025-10-23 23:48:40 EDT)	samtools_stats_md_raw_total_sequences	114753660	reads	all reads, genome-wide (duplicate-marked CRAM)		wes/sarek_3.5.1_run/reports/samtools/TOV3121EP_P68/TOV3121EP_P68.md.cram.stats	found	
TOV3121EP_P68	nf-core/sarek 3.5.1 run angry_allen (session 26cf85bf-0ac3-4237-8f48-c36b2ab20bd2, Slurm 3273686, completed 2025-10-23 23:48:40 EDT)	samtools_stats_md_reads_mapped	114659424	reads	all reads, genome-wide (duplicate-marked CRAM)		wes/sarek_3.5.1_run/reports/samtools/TOV3121EP_P68/TOV3121EP_P68.md.cram.stats	found	
TOV3121EP_P68	nf-core/sarek 3.5.1 run angry_allen (session 26cf85bf-0ac3-4237-8f48-c36b2ab20bd2, Slurm 3273686, completed 2025-10-23 23:48:40 EDT)	samtools_stats_md_reads_mapped_and_paired	114654888	reads	all reads, genome-wide (duplicate-marked CRAM)		wes/sarek_3.5.1_run/reports/samtools/TOV3121EP_P68/TOV3121EP_P68.md.cram.stats	found	
TOV3121EP_P68	nf-core/sarek 3.5.1 run angry_allen (session 26cf85bf-0ac3-4237-8f48-c36b2ab20bd2, Slurm 3273686, completed 2025-10-23 23:48:40 EDT)	samtools_stats_md_reads_properly_paired	113709158	reads	all reads, genome-wide (duplicate-marked CRAM)		wes/sarek_3.5.1_run/reports/samtools/TOV3121EP_P68/TOV3121EP_P68.md.cram.stats	found	
TOV3121EP_P68	nf-core/sarek 3.5.1 run angry_allen (session 26cf85bf-0ac3-4237-8f48-c36b2ab20bd2, Slurm 3273686, completed 2025-10-23 23:48:40 EDT)	samtools_stats_md_reads_duplicated	20494575	reads	all reads, genome-wide (duplicate-marked CRAM)		wes/sarek_3.5.1_run/reports/samtools/TOV3121EP_P68/TOV3121EP_P68.md.cram.stats	found	
TOV3121EP_P68	nf-core/sarek 3.5.1 run angry_allen (session 26cf85bf-0ac3-4237-8f48-c36b2ab20bd2, Slurm 3273686, completed 2025-10-23 23:48:40 EDT)	samtools_stats_md_reads_MQ0	15134750	reads	all reads, genome-wide (duplicate-marked CRAM)		wes/sarek_3.5.1_run/reports/samtools/TOV3121EP_P68/TOV3121EP_P68.md.cram.stats	found	
TOV3121EP_P68	nf-core/sarek 3.5.1 run angry_allen (session 26cf85bf-0ac3-4237-8f48-c36b2ab20bd2, Slurm 3273686, completed 2025-10-23 23:48:40 EDT)	samtools_stats_md_reads_unmapped	94236	reads	all reads, genome-wide (duplicate-marked CRAM)		wes/sarek_3.5.1_run/reports/samtools/TOV3121EP_P68/TOV3121EP_P68.md.cram.stats	found	
TOV3121EP_P68	nf-core/sarek 3.5.1 run angry_allen (session 26cf85bf-0ac3-4237-8f48-c36b2ab20bd2, Slurm 3273686, completed 2025-10-23 23:48:40 EDT)	samtools_stats_md_error_rate	4.507042e-03	fraction	all reads, genome-wide (duplicate-marked CRAM)		wes/sarek_3.5.1_run/reports/samtools/TOV3121EP_P68/TOV3121EP_P68.md.cram.stats	found	
TOV3121EP_P68	nf-core/sarek 3.5.1 run angry_allen (session 26cf85bf-0ac3-4237-8f48-c36b2ab20bd2, Slurm 3273686, completed 2025-10-23 23:48:40 EDT)	samtools_stats_md_average_length	100	bp	all reads, genome-wide (duplicate-marked CRAM)		wes/sarek_3.5.1_run/reports/samtools/TOV3121EP_P68/TOV3121EP_P68.md.cram.stats	found	
TOV3121EP_P68	nf-core/sarek 3.5.1 run angry_allen (session 26cf85bf-0ac3-4237-8f48-c36b2ab20bd2, Slurm 3273686, completed 2025-10-23 23:48:40 EDT)	samtools_stats_md_insert_size_average	226.0	bp	all reads, genome-wide (duplicate-marked CRAM)		wes/sarek_3.5.1_run/reports/samtools/TOV3121EP_P68/TOV3121EP_P68.md.cram.stats	found	
TOV3121EP_P68	nf-core/sarek 3.5.1 run angry_allen (session 26cf85bf-0ac3-4237-8f48-c36b2ab20bd2, Slurm 3273686, completed 2025-10-23 23:48:40 EDT)	samtools_stats_md_insert_size_standard_deviation	90.1	bp	all reads, genome-wide (duplicate-marked CRAM)		wes/sarek_3.5.1_run/reports/samtools/TOV3121EP_P68/TOV3121EP_P68.md.cram.stats	found	
TOV3121EP_P68	nf-core/sarek 3.5.1 run angry_allen (session 26cf85bf-0ac3-4237-8f48-c36b2ab20bd2, Slurm 3273686, completed 2025-10-23 23:48:40 EDT)	samtools_stats_md_percentage_of_properly_paired_reads_pct	99.1	percent	all reads, genome-wide (duplicate-marked CRAM)		wes/sarek_3.5.1_run/reports/samtools/TOV3121EP_P68/TOV3121EP_P68.md.cram.stats	found	
TOV3121EP_P68	nf-core/sarek 3.5.1 run angry_allen (session 26cf85bf-0ac3-4237-8f48-c36b2ab20bd2, Slurm 3273686, completed 2025-10-23 23:48:40 EDT)	samtools_stats_md_bases_mapped_cigar	11458418000	bp	all reads, genome-wide (duplicate-marked CRAM)		wes/sarek_3.5.1_run/reports/samtools/TOV3121EP_P68/TOV3121EP_P68.md.cram.stats	found	
TOV3121EP_P68	nf-core/sarek 3.5.1 run angry_allen (session 26cf85bf-0ac3-4237-8f48-c36b2ab20bd2, Slurm 3273686, completed 2025-10-23 23:48:40 EDT)	samtools_stats_md_average_quality	38.1	reads	all reads, genome-wide (duplicate-marked CRAM)		wes/sarek_3.5.1_run/reports/samtools/TOV3121EP_P68/TOV3121EP_P68.md.cram.stats	found	
TOV3121EP_P68	nf-core/sarek 3.5.1 run angry_allen (session 26cf85bf-0ac3-4237-8f48-c36b2ab20bd2, Slurm 3273686, completed 2025-10-23 23:48:40 EDT)	samtools_stats_recal_raw_total_sequences	85555220	reads	reads retained after per-interval ApplyBQSR (interval-restricted CRAM used for calling)		wes/sarek_3.5.1_run/reports/samtools/TOV3121EP_P68/TOV3121EP_P68.recal.cram.stats	found	
TOV3121EP_P68	nf-core/sarek 3.5.1 run angry_allen (session 26cf85bf-0ac3-4237-8f48-c36b2ab20bd2, Slurm 3273686, completed 2025-10-23 23:48:40 EDT)	samtools_stats_recal_reads_mapped	85553136	reads	reads retained after per-interval ApplyBQSR (interval-restricted CRAM used for calling)		wes/sarek_3.5.1_run/reports/samtools/TOV3121EP_P68/TOV3121EP_P68.recal.cram.stats	found	
TOV3121EP_P68	nf-core/sarek 3.5.1 run angry_allen (session 26cf85bf-0ac3-4237-8f48-c36b2ab20bd2, Slurm 3273686, completed 2025-10-23 23:48:40 EDT)	samtools_stats_recal_reads_mapped_and_paired	85550412	reads	reads retained after per-interval ApplyBQSR (interval-restricted CRAM used for calling)		wes/sarek_3.5.1_run/reports/samtools/TOV3121EP_P68/TOV3121EP_P68.recal.cram.stats	found	
TOV3121EP_P68	nf-core/sarek 3.5.1 run angry_allen (session 26cf85bf-0ac3-4237-8f48-c36b2ab20bd2, Slurm 3273686, completed 2025-10-23 23:48:40 EDT)	samtools_stats_recal_reads_properly_paired	85165735	reads	reads retained after per-interval ApplyBQSR (interval-restricted CRAM used for calling)		wes/sarek_3.5.1_run/reports/samtools/TOV3121EP_P68/TOV3121EP_P68.recal.cram.stats	found	
TOV3121EP_P68	nf-core/sarek 3.5.1 run angry_allen (session 26cf85bf-0ac3-4237-8f48-c36b2ab20bd2, Slurm 3273686, completed 2025-10-23 23:48:40 EDT)	samtools_stats_recal_reads_duplicated	15615911	reads	reads retained after per-interval ApplyBQSR (interval-restricted CRAM used for calling)		wes/sarek_3.5.1_run/reports/samtools/TOV3121EP_P68/TOV3121EP_P68.recal.cram.stats	found	
TOV3121EP_P68	nf-core/sarek 3.5.1 run angry_allen (session 26cf85bf-0ac3-4237-8f48-c36b2ab20bd2, Slurm 3273686, completed 2025-10-23 23:48:40 EDT)	samtools_stats_recal_reads_MQ0	10082189	reads	reads retained after per-interval ApplyBQSR (interval-restricted CRAM used for calling)		wes/sarek_3.5.1_run/reports/samtools/TOV3121EP_P68/TOV3121EP_P68.recal.cram.stats	found	
TOV3121EP_P68	nf-core/sarek 3.5.1 run angry_allen (session 26cf85bf-0ac3-4237-8f48-c36b2ab20bd2, Slurm 3273686, completed 2025-10-23 23:48:40 EDT)	samtools_stats_recal_reads_unmapped	2084	reads	reads retained after per-interval ApplyBQSR (interval-restricted CRAM used for calling)		wes/sarek_3.5.1_run/reports/samtools/TOV3121EP_P68/TOV3121EP_P68.recal.cram.stats	found	
TOV3121EP_P68	nf-core/sarek 3.5.1 run angry_allen (session 26cf85bf-0ac3-4237-8f48-c36b2ab20bd2, Slurm 3273686, completed 2025-10-23 23:48:40 EDT)	samtools_stats_recal_error_rate	4.070223e-03	fraction	reads retained after per-interval ApplyBQSR (interval-restricted CRAM used for calling)		wes/sarek_3.5.1_run/reports/samtools/TOV3121EP_P68/TOV3121EP_P68.recal.cram.stats	found	
TOV3121EP_P68	nf-core/sarek 3.5.1 run angry_allen (session 26cf85bf-0ac3-4237-8f48-c36b2ab20bd2, Slurm 3273686, completed 2025-10-23 23:48:40 EDT)	samtools_stats_recal_average_length	100	bp	reads retained after per-interval ApplyBQSR (interval-restricted CRAM used for calling)		wes/sarek_3.5.1_run/reports/samtools/TOV3121EP_P68/TOV3121EP_P68.recal.cram.stats	found	
TOV3121EP_P68	nf-core/sarek 3.5.1 run angry_allen (session 26cf85bf-0ac3-4237-8f48-c36b2ab20bd2, Slurm 3273686, completed 2025-10-23 23:48:40 EDT)	samtools_stats_recal_insert_size_average	213.8	bp	reads retained after per-interval ApplyBQSR (interval-restricted CRAM used for calling)		wes/sarek_3.5.1_run/reports/samtools/TOV3121EP_P68/TOV3121EP_P68.recal.cram.stats	found	
TOV3121EP_P68	nf-core/sarek 3.5.1 run angry_allen (session 26cf85bf-0ac3-4237-8f48-c36b2ab20bd2, Slurm 3273686, completed 2025-10-23 23:48:40 EDT)	samtools_stats_recal_insert_size_standard_deviation	81.3	bp	reads retained after per-interval ApplyBQSR (interval-restricted CRAM used for calling)		wes/sarek_3.5.1_run/reports/samtools/TOV3121EP_P68/TOV3121EP_P68.recal.cram.stats	found	
TOV3121EP_P68	nf-core/sarek 3.5.1 run angry_allen (session 26cf85bf-0ac3-4237-8f48-c36b2ab20bd2, Slurm 3273686, completed 2025-10-23 23:48:40 EDT)	samtools_stats_recal_percentage_of_properly_paired_reads_pct	99.5	percent	reads retained after per-interval ApplyBQSR (interval-restricted CRAM used for calling)		wes/sarek_3.5.1_run/reports/samtools/TOV3121EP_P68/TOV3121EP_P68.recal.cram.stats	found	
TOV3121EP_P68	nf-core/sarek 3.5.1 run angry_allen (session 26cf85bf-0ac3-4237-8f48-c36b2ab20bd2, Slurm 3273686, completed 2025-10-23 23:48:40 EDT)	samtools_stats_recal_bases_mapped_cigar	8531041429	bp	reads retained after per-interval ApplyBQSR (interval-restricted CRAM used for calling)		wes/sarek_3.5.1_run/reports/samtools/TOV3121EP_P68/TOV3121EP_P68.recal.cram.stats	found	
TOV3121EP_P68	nf-core/sarek 3.5.1 run angry_allen (session 26cf85bf-0ac3-4237-8f48-c36b2ab20bd2, Slurm 3273686, completed 2025-10-23 23:48:40 EDT)	samtools_stats_recal_average_quality	34.7	reads	reads retained after per-interval ApplyBQSR (interval-restricted CRAM used for calling)		wes/sarek_3.5.1_run/reports/samtools/TOV3121EP_P68/TOV3121EP_P68.recal.cram.stats	found	
TOV3121EP_P68	nf-core/sarek 3.5.1 run angry_allen (session 26cf85bf-0ac3-4237-8f48-c36b2ab20bd2, Slurm 3273686, completed 2025-10-23 23:48:40 EDT)	mosdepth_md_mean_depth_genome	2.62	x	whole reference (3213258181 bp)		wes/sarek_3.5.1_run/reports/mosdepth/TOV3121EP_P68/TOV3121EP_P68.md.mosdepth.summary.txt	found	
TOV3121EP_P68	nf-core/sarek 3.5.1 run angry_allen (session 26cf85bf-0ac3-4237-8f48-c36b2ab20bd2, Slurm 3273686, completed 2025-10-23 23:48:40 EDT)	mosdepth_md_mean_depth_target	76.90	x	target bases (63709951 bp, --by intervals_sorted.bed)	intervals_sorted.bed (242,421 hg38 intervals lifted from SeqCap EZ Exome v3; 63,709,951 bp summed, 63,514,049 bp merged)	wes/sarek_3.5.1_run/reports/mosdepth/TOV3121EP_P68/TOV3121EP_P68.md.mosdepth.summary.txt	found	mean of per-base depth over the target footprint; mosdepth counts duplicates unless flagged (Sarek default)
TOV3121EP_P68	nf-core/sarek 3.5.1 run angry_allen (session 26cf85bf-0ac3-4237-8f48-c36b2ab20bd2, Slurm 3273686, completed 2025-10-23 23:48:40 EDT)	mosdepth_md_fraction_target_bases_ge_100x	0.21	fraction	target bases	intervals_sorted.bed (242,421 hg38 intervals lifted from SeqCap EZ Exome v3; 63,709,951 bp summed, 63,514,049 bp merged)	wes/sarek_3.5.1_run/reports/mosdepth/TOV3121EP_P68/TOV3121EP_P68.md.mosdepth.region.dist.txt	found	
TOV3121EP_P68	nf-core/sarek 3.5.1 run angry_allen (session 26cf85bf-0ac3-4237-8f48-c36b2ab20bd2, Slurm 3273686, completed 2025-10-23 23:48:40 EDT)	mosdepth_md_fraction_target_bases_ge_50x	0.53	fraction	target bases	intervals_sorted.bed (242,421 hg38 intervals lifted from SeqCap EZ Exome v3; 63,709,951 bp summed, 63,514,049 bp merged)	wes/sarek_3.5.1_run/reports/mosdepth/TOV3121EP_P68/TOV3121EP_P68.md.mosdepth.region.dist.txt	found	
TOV3121EP_P68	nf-core/sarek 3.5.1 run angry_allen (session 26cf85bf-0ac3-4237-8f48-c36b2ab20bd2, Slurm 3273686, completed 2025-10-23 23:48:40 EDT)	mosdepth_md_fraction_target_bases_ge_30x	0.75	fraction	target bases	intervals_sorted.bed (242,421 hg38 intervals lifted from SeqCap EZ Exome v3; 63,709,951 bp summed, 63,514,049 bp merged)	wes/sarek_3.5.1_run/reports/mosdepth/TOV3121EP_P68/TOV3121EP_P68.md.mosdepth.region.dist.txt	found	
TOV3121EP_P68	nf-core/sarek 3.5.1 run angry_allen (session 26cf85bf-0ac3-4237-8f48-c36b2ab20bd2, Slurm 3273686, completed 2025-10-23 23:48:40 EDT)	mosdepth_md_fraction_target_bases_ge_20x	0.86	fraction	target bases	intervals_sorted.bed (242,421 hg38 intervals lifted from SeqCap EZ Exome v3; 63,709,951 bp summed, 63,514,049 bp merged)	wes/sarek_3.5.1_run/reports/mosdepth/TOV3121EP_P68/TOV3121EP_P68.md.mosdepth.region.dist.txt	found	
TOV3121EP_P68	nf-core/sarek 3.5.1 run angry_allen (session 26cf85bf-0ac3-4237-8f48-c36b2ab20bd2, Slurm 3273686, completed 2025-10-23 23:48:40 EDT)	mosdepth_md_fraction_target_bases_ge_10x	0.95	fraction	target bases	intervals_sorted.bed (242,421 hg38 intervals lifted from SeqCap EZ Exome v3; 63,709,951 bp summed, 63,514,049 bp merged)	wes/sarek_3.5.1_run/reports/mosdepth/TOV3121EP_P68/TOV3121EP_P68.md.mosdepth.region.dist.txt	found	
TOV3121EP_P68	nf-core/sarek 3.5.1 run angry_allen (session 26cf85bf-0ac3-4237-8f48-c36b2ab20bd2, Slurm 3273686, completed 2025-10-23 23:48:40 EDT)	mosdepth_md_fraction_target_bases_ge_1x	0.99	fraction	target bases	intervals_sorted.bed (242,421 hg38 intervals lifted from SeqCap EZ Exome v3; 63,709,951 bp summed, 63,514,049 bp merged)	wes/sarek_3.5.1_run/reports/mosdepth/TOV3121EP_P68/TOV3121EP_P68.md.mosdepth.region.dist.txt	found	
TOV3121EP_P68	nf-core/sarek 3.5.1 run angry_allen (session 26cf85bf-0ac3-4237-8f48-c36b2ab20bd2, Slurm 3273686, completed 2025-10-23 23:48:40 EDT)	mosdepth_recal_mean_depth_genome	2.00	x	whole reference (3092843764 bp)		wes/sarek_3.5.1_run/reports/mosdepth/TOV3121EP_P68/TOV3121EP_P68.recal.mosdepth.summary.txt	found	
TOV3121EP_P68	nf-core/sarek 3.5.1 run angry_allen (session 26cf85bf-0ac3-4237-8f48-c36b2ab20bd2, Slurm 3273686, completed 2025-10-23 23:48:40 EDT)	mosdepth_recal_mean_depth_target	76.90	x	target bases (63709444 bp, --by intervals_sorted.bed)	intervals_sorted.bed (242,421 hg38 intervals lifted from SeqCap EZ Exome v3; 63,709,951 bp summed, 63,514,049 bp merged)	wes/sarek_3.5.1_run/reports/mosdepth/TOV3121EP_P68/TOV3121EP_P68.recal.mosdepth.summary.txt	found	mean of per-base depth over the target footprint; mosdepth counts duplicates unless flagged (Sarek default)
TOV3121EP_P68	nf-core/sarek 3.5.1 run angry_allen (session 26cf85bf-0ac3-4237-8f48-c36b2ab20bd2, Slurm 3273686, completed 2025-10-23 23:48:40 EDT)	mosdepth_recal_fraction_target_bases_ge_100x	0.21	fraction	target bases	intervals_sorted.bed (242,421 hg38 intervals lifted from SeqCap EZ Exome v3; 63,709,951 bp summed, 63,514,049 bp merged)	wes/sarek_3.5.1_run/reports/mosdepth/TOV3121EP_P68/TOV3121EP_P68.recal.mosdepth.region.dist.txt	found	
TOV3121EP_P68	nf-core/sarek 3.5.1 run angry_allen (session 26cf85bf-0ac3-4237-8f48-c36b2ab20bd2, Slurm 3273686, completed 2025-10-23 23:48:40 EDT)	mosdepth_recal_fraction_target_bases_ge_50x	0.53	fraction	target bases	intervals_sorted.bed (242,421 hg38 intervals lifted from SeqCap EZ Exome v3; 63,709,951 bp summed, 63,514,049 bp merged)	wes/sarek_3.5.1_run/reports/mosdepth/TOV3121EP_P68/TOV3121EP_P68.recal.mosdepth.region.dist.txt	found	
TOV3121EP_P68	nf-core/sarek 3.5.1 run angry_allen (session 26cf85bf-0ac3-4237-8f48-c36b2ab20bd2, Slurm 3273686, completed 2025-10-23 23:48:40 EDT)	mosdepth_recal_fraction_target_bases_ge_30x	0.75	fraction	target bases	intervals_sorted.bed (242,421 hg38 intervals lifted from SeqCap EZ Exome v3; 63,709,951 bp summed, 63,514,049 bp merged)	wes/sarek_3.5.1_run/reports/mosdepth/TOV3121EP_P68/TOV3121EP_P68.recal.mosdepth.region.dist.txt	found	
TOV3121EP_P68	nf-core/sarek 3.5.1 run angry_allen (session 26cf85bf-0ac3-4237-8f48-c36b2ab20bd2, Slurm 3273686, completed 2025-10-23 23:48:40 EDT)	mosdepth_recal_fraction_target_bases_ge_20x	0.86	fraction	target bases	intervals_sorted.bed (242,421 hg38 intervals lifted from SeqCap EZ Exome v3; 63,709,951 bp summed, 63,514,049 bp merged)	wes/sarek_3.5.1_run/reports/mosdepth/TOV3121EP_P68/TOV3121EP_P68.recal.mosdepth.region.dist.txt	found	
TOV3121EP_P68	nf-core/sarek 3.5.1 run angry_allen (session 26cf85bf-0ac3-4237-8f48-c36b2ab20bd2, Slurm 3273686, completed 2025-10-23 23:48:40 EDT)	mosdepth_recal_fraction_target_bases_ge_10x	0.95	fraction	target bases	intervals_sorted.bed (242,421 hg38 intervals lifted from SeqCap EZ Exome v3; 63,709,951 bp summed, 63,514,049 bp merged)	wes/sarek_3.5.1_run/reports/mosdepth/TOV3121EP_P68/TOV3121EP_P68.recal.mosdepth.region.dist.txt	found	
TOV3121EP_P68	nf-core/sarek 3.5.1 run angry_allen (session 26cf85bf-0ac3-4237-8f48-c36b2ab20bd2, Slurm 3273686, completed 2025-10-23 23:48:40 EDT)	mosdepth_recal_fraction_target_bases_ge_1x	0.99	fraction	target bases	intervals_sorted.bed (242,421 hg38 intervals lifted from SeqCap EZ Exome v3; 63,709,951 bp summed, 63,514,049 bp merged)	wes/sarek_3.5.1_run/reports/mosdepth/TOV3121EP_P68/TOV3121EP_P68.recal.mosdepth.region.dist.txt	found	
TOV3121EP_P68	nf-core/sarek 3.5.1 run angry_allen (session 26cf85bf-0ac3-4237-8f48-c36b2ab20bd2, Slurm 3273686, completed 2025-10-23 23:48:40 EDT)	gatk_calculatecontamination_estimate	0.00426324697416046	fraction	GetPileupSummaries on af-only-gnomad.hg38 sites within calling intervals; tumour-only		wes/sarek_3.5.1_run/variant_calling/mutect2/TOV3121EP_P68/TOV3121EP_P68.mutect2.contamination.table	found	cross-sample contamination estimate, error=0.0010469434454069013; not a stock-authentication result
TOV3121EP_P68	nf-core/sarek 3.5.1 run angry_kilby (session 26cf85bf, Slurm 3377445, 2025-10-24, failed at GETPILEUPSUMMARIES TOV3133D_P66)	cnvkit_reads_in_target_bins	56064906	reads	mapped reads in recal BAM (interval-restricted)	cnvkit.reference.target-tmp.bed (242,421 bins)	wes/sarek_3.5.1_run/task_evidence/oct24_CNVKIT_BATCH_TOV3121EP_P68.16_fda4442888f0e2b4b65817a33a17d5/.command.err	found	
TOV3121EP_P68	nf-core/sarek 3.5.1 run angry_kilby (session 26cf85bf, Slurm 3377445, 2025-10-24, failed at GETPILEUPSUMMARIES TOV3133D_P66)	cnvkit_percent_mapped_reads_in_target_bins	65.485	percent	85615187 mapped reads in recal BAM (interval-restricted, so not a genome-wide on-target fraction)	cnvkit.reference.target-tmp.bed (242,421 bins)	wes/sarek_3.5.1_run/task_evidence/oct24_CNVKIT_BATCH_TOV3121EP_P68.16_fda4442888f0e2b4b65817a33a17d5/.command.err	found	Sarek-internal CNVkit batch (flat reference) task log; recal CRAM excludes off-interval reads, so genome-wide on-target fraction must use md CRAM stats
TOV3121EP_P68	manual CNVkit 0.9.10 batch (apptainer image cnvkit-0.9.10--pyhdfd78af_0.img), outputs dated 2025-11-14 to 2025-12-03	cnvkit_target_mean_depth_length_weighted	87.04	x	63514049 bp in 290475 target bins (CNVkit depth column)	intervals_sorted.target.bed (290,475 CNVkit autobin-split target bins, sha256 2177970f...; 63,514,049 bp)	wes/cnvkit_0.9.10_manual/TOV3121EP_P68_new/TOV3121EP_P68.targetcoverage.cnn	found	derived here from the retained coverage file; not a pipeline-reported number
TOV3121EP_P68	manual CNVkit 0.9.10 batch (apptainer image cnvkit-0.9.10--pyhdfd78af_0.img), outputs dated 2025-11-14 to 2025-12-03	cnvkit_target_bins_zero_depth	1587	bins	290475 target bins	intervals_sorted.target.bed (290,475 CNVkit autobin-split target bins, sha256 2177970f...; 63,514,049 bp)	wes/cnvkit_0.9.10_manual/TOV3121EP_P68_new/TOV3121EP_P68.targetcoverage.cnn	found	derived here
TOV3121EP_P68	manual CNVkit 0.9.10 batch (apptainer image cnvkit-0.9.10--pyhdfd78af_0.img), outputs dated 2025-11-14 to 2025-12-03	cnvkit_call_segments	98	segments		intervals_sorted.target.bed (290,475 CNVkit autobin-split target bins, sha256 2177970f...; 63,514,049 bp)	wes/cnvkit_0.9.10_manual/TOV3121EP_P68_new/TOV3121EP_P68.call.cns	found	
TOV3121EP_P68	nf-core/sarek 3.5.1 run angry_allen (session 26cf85bf-0ac3-4237-8f48-c36b2ab20bd2, Slurm 3273686, completed 2025-10-23 23:48:40 EDT)	bcftools_stats_filtered_vcf_number_of_records	23833	records	all records in mutect2.filtered.vcf.gz (PASS and non-PASS)		wes/sarek_3.5.1_run/multiqc/multiqc_data/multiqc_bcftools_stats.txt	found	
TOV3121EP_P68	nf-core/sarek 3.5.1 run angry_allen (session 26cf85bf-0ac3-4237-8f48-c36b2ab20bd2, Slurm 3273686, completed 2025-10-23 23:48:40 EDT)	bcftools_stats_filtered_vcf_number_of_SNPs	14817	records	all records in mutect2.filtered.vcf.gz (PASS and non-PASS)		wes/sarek_3.5.1_run/multiqc/multiqc_data/multiqc_bcftools_stats.txt	found	
TOV3121EP_P68	nf-core/sarek 3.5.1 run angry_allen (session 26cf85bf-0ac3-4237-8f48-c36b2ab20bd2, Slurm 3273686, completed 2025-10-23 23:48:40 EDT)	bcftools_stats_filtered_vcf_number_of_indels	7801	records	all records in mutect2.filtered.vcf.gz (PASS and non-PASS)		wes/sarek_3.5.1_run/multiqc/multiqc_data/multiqc_bcftools_stats.txt	found	
TOV3121EP_P68	nf-core/sarek 3.5.1 run angry_allen (session 26cf85bf-0ac3-4237-8f48-c36b2ab20bd2, Slurm 3273686, completed 2025-10-23 23:48:40 EDT)	bcftools_stats_filtered_vcf_number_of_MNPs	1500	records	all records in mutect2.filtered.vcf.gz (PASS and non-PASS)		wes/sarek_3.5.1_run/multiqc/multiqc_data/multiqc_bcftools_stats.txt	found	
TOV3121EP_P68	nf-core/sarek 3.5.1 run angry_allen (session 26cf85bf-0ac3-4237-8f48-c36b2ab20bd2, Slurm 3273686, completed 2025-10-23 23:48:40 EDT)	bcftools_stats_filtered_vcf_tstv	1.01	ratio	all records in mutect2.filtered.vcf.gz (PASS and non-PASS)		wes/sarek_3.5.1_run/multiqc/multiqc_data/multiqc_bcftools_stats.txt	found	
TOV3121EP_P68	nf-core/sarek 3.5.1 run angry_allen (session 26cf85bf-0ac3-4237-8f48-c36b2ab20bd2, Slurm 3273686, completed 2025-10-23 23:48:40 EDT)	vcftools_filtered_vcf_PASS_records	636	records	records in mutect2.filtered.vcf.gz		wes/sarek_3.5.1_run/reports/vcftools/mutect2/TOV3121EP_P68/TOV3121EP_P68.mutect2.filtered.FILTER.summary	found	
TOV3133D_P66	nf-core/sarek 3.5.1 run angry_allen (session 26cf85bf-0ac3-4237-8f48-c36b2ab20bd2, Slurm 3273686, completed 2025-10-23 23:48:40 EDT)	fastp_total_reads_before_filtering	132238350	reads (R1+R2)	all reads in provider BAM converted to FASTQ		wes/sarek_3.5.1_run/reports/fastp/TOV3133D_P66/TOV3133D_P66-5.fastp.json	found	
TOV3133D_P66	nf-core/sarek 3.5.1 run angry_allen (session 26cf85bf-0ac3-4237-8f48-c36b2ab20bd2, Slurm 3273686, completed 2025-10-23 23:48:40 EDT)	fastp_total_reads_after_filtering	130478290	reads (R1+R2)	reads passing fastp --length_required 15 (adapter trimming disabled)		wes/sarek_3.5.1_run/reports/fastp/TOV3133D_P66/TOV3133D_P66-5.fastp.json	found	
TOV3133D_P66	nf-core/sarek 3.5.1 run angry_allen (session 26cf85bf-0ac3-4237-8f48-c36b2ab20bd2, Slurm 3273686, completed 2025-10-23 23:48:40 EDT)	fastp_q30_rate_after_filtering	0.9243	fraction of bases	bases after filtering		wes/sarek_3.5.1_run/reports/fastp/TOV3133D_P66/TOV3133D_P66-5.fastp.json	found	
TOV3133D_P66	nf-core/sarek 3.5.1 run angry_allen (session 26cf85bf-0ac3-4237-8f48-c36b2ab20bd2, Slurm 3273686, completed 2025-10-23 23:48:40 EDT)	fastp_gc_content_after_filtering	0.4373	fraction	bases after filtering		wes/sarek_3.5.1_run/reports/fastp/TOV3133D_P66/TOV3133D_P66-5.fastp.json	found	
TOV3133D_P66	nf-core/sarek 3.5.1 run angry_allen (session 26cf85bf-0ac3-4237-8f48-c36b2ab20bd2, Slurm 3273686, completed 2025-10-23 23:48:40 EDT)	fastp_duplication_rate	0.1486	fraction of reads	fastp sequence-level estimate before alignment		wes/sarek_3.5.1_run/reports/fastp/TOV3133D_P66/TOV3133D_P66-5.fastp.json	found	
TOV3133D_P66	nf-core/sarek 3.5.1 run angry_allen (session 26cf85bf-0ac3-4237-8f48-c36b2ab20bd2, Slurm 3273686, completed 2025-10-23 23:48:40 EDT)	fastp_insert_size_peak	162	bp	fastp overlap-based estimate		wes/sarek_3.5.1_run/reports/fastp/TOV3133D_P66/TOV3133D_P66-5.fastp.json	found	
TOV3133D_P66	nf-core/sarek 3.5.1 run angry_allen (session 26cf85bf-0ac3-4237-8f48-c36b2ab20bd2, Slurm 3273686, completed 2025-10-23 23:48:40 EDT)	fastp_read_length_mean_R1	100	bp			wes/sarek_3.5.1_run/reports/fastp/TOV3133D_P66/TOV3133D_P66-5.fastp.json	found	
TOV3133D_P66	nf-core/sarek 3.5.1 run angry_allen (session 26cf85bf-0ac3-4237-8f48-c36b2ab20bd2, Slurm 3273686, completed 2025-10-23 23:48:40 EDT)	samtools_stats_md_raw_total_sequences	130478290	reads	all reads, genome-wide (duplicate-marked CRAM)		wes/sarek_3.5.1_run/reports/samtools/TOV3133D_P66/TOV3133D_P66.md.cram.stats	found	
TOV3133D_P66	nf-core/sarek 3.5.1 run angry_allen (session 26cf85bf-0ac3-4237-8f48-c36b2ab20bd2, Slurm 3273686, completed 2025-10-23 23:48:40 EDT)	samtools_stats_md_reads_mapped	130415209	reads	all reads, genome-wide (duplicate-marked CRAM)		wes/sarek_3.5.1_run/reports/samtools/TOV3133D_P66/TOV3133D_P66.md.cram.stats	found	
TOV3133D_P66	nf-core/sarek 3.5.1 run angry_allen (session 26cf85bf-0ac3-4237-8f48-c36b2ab20bd2, Slurm 3273686, completed 2025-10-23 23:48:40 EDT)	samtools_stats_md_reads_mapped_and_paired	130412104	reads	all reads, genome-wide (duplicate-marked CRAM)		wes/sarek_3.5.1_run/reports/samtools/TOV3133D_P66/TOV3133D_P66.md.cram.stats	found	
TOV3133D_P66	nf-core/sarek 3.5.1 run angry_allen (session 26cf85bf-0ac3-4237-8f48-c36b2ab20bd2, Slurm 3273686, completed 2025-10-23 23:48:40 EDT)	samtools_stats_md_reads_properly_paired	129410276	reads	all reads, genome-wide (duplicate-marked CRAM)		wes/sarek_3.5.1_run/reports/samtools/TOV3133D_P66/TOV3133D_P66.md.cram.stats	found	
TOV3133D_P66	nf-core/sarek 3.5.1 run angry_allen (session 26cf85bf-0ac3-4237-8f48-c36b2ab20bd2, Slurm 3273686, completed 2025-10-23 23:48:40 EDT)	samtools_stats_md_reads_duplicated	29920185	reads	all reads, genome-wide (duplicate-marked CRAM)		wes/sarek_3.5.1_run/reports/samtools/TOV3133D_P66/TOV3133D_P66.md.cram.stats	found	
TOV3133D_P66	nf-core/sarek 3.5.1 run angry_allen (session 26cf85bf-0ac3-4237-8f48-c36b2ab20bd2, Slurm 3273686, completed 2025-10-23 23:48:40 EDT)	samtools_stats_md_reads_MQ0	17207862	reads	all reads, genome-wide (duplicate-marked CRAM)		wes/sarek_3.5.1_run/reports/samtools/TOV3133D_P66/TOV3133D_P66.md.cram.stats	found	
TOV3133D_P66	nf-core/sarek 3.5.1 run angry_allen (session 26cf85bf-0ac3-4237-8f48-c36b2ab20bd2, Slurm 3273686, completed 2025-10-23 23:48:40 EDT)	samtools_stats_md_reads_unmapped	63081	reads	all reads, genome-wide (duplicate-marked CRAM)		wes/sarek_3.5.1_run/reports/samtools/TOV3133D_P66/TOV3133D_P66.md.cram.stats	found	
TOV3133D_P66	nf-core/sarek 3.5.1 run angry_allen (session 26cf85bf-0ac3-4237-8f48-c36b2ab20bd2, Slurm 3273686, completed 2025-10-23 23:48:40 EDT)	samtools_stats_md_error_rate	4.599877e-03	fraction	all reads, genome-wide (duplicate-marked CRAM)		wes/sarek_3.5.1_run/reports/samtools/TOV3133D_P66/TOV3133D_P66.md.cram.stats	found	
TOV3133D_P66	nf-core/sarek 3.5.1 run angry_allen (session 26cf85bf-0ac3-4237-8f48-c36b2ab20bd2, Slurm 3273686, completed 2025-10-23 23:48:40 EDT)	samtools_stats_md_average_length	100	bp	all reads, genome-wide (duplicate-marked CRAM)		wes/sarek_3.5.1_run/reports/samtools/TOV3133D_P66/TOV3133D_P66.md.cram.stats	found	
TOV3133D_P66	nf-core/sarek 3.5.1 run angry_allen (session 26cf85bf-0ac3-4237-8f48-c36b2ab20bd2, Slurm 3273686, completed 2025-10-23 23:48:40 EDT)	samtools_stats_md_insert_size_average	229.2	bp	all reads, genome-wide (duplicate-marked CRAM)		wes/sarek_3.5.1_run/reports/samtools/TOV3133D_P66/TOV3133D_P66.md.cram.stats	found	
TOV3133D_P66	nf-core/sarek 3.5.1 run angry_allen (session 26cf85bf-0ac3-4237-8f48-c36b2ab20bd2, Slurm 3273686, completed 2025-10-23 23:48:40 EDT)	samtools_stats_md_insert_size_standard_deviation	88.5	bp	all reads, genome-wide (duplicate-marked CRAM)		wes/sarek_3.5.1_run/reports/samtools/TOV3133D_P66/TOV3133D_P66.md.cram.stats	found	
TOV3133D_P66	nf-core/sarek 3.5.1 run angry_allen (session 26cf85bf-0ac3-4237-8f48-c36b2ab20bd2, Slurm 3273686, completed 2025-10-23 23:48:40 EDT)	samtools_stats_md_percentage_of_properly_paired_reads_pct	99.2	percent	all reads, genome-wide (duplicate-marked CRAM)		wes/sarek_3.5.1_run/reports/samtools/TOV3133D_P66/TOV3133D_P66.md.cram.stats	found	
TOV3133D_P66	nf-core/sarek 3.5.1 run angry_allen (session 26cf85bf-0ac3-4237-8f48-c36b2ab20bd2, Slurm 3273686, completed 2025-10-23 23:48:40 EDT)	samtools_stats_md_bases_mapped_cigar	13040464109	bp	all reads, genome-wide (duplicate-marked CRAM)		wes/sarek_3.5.1_run/reports/samtools/TOV3133D_P66/TOV3133D_P66.md.cram.stats	found	
TOV3133D_P66	nf-core/sarek 3.5.1 run angry_allen (session 26cf85bf-0ac3-4237-8f48-c36b2ab20bd2, Slurm 3273686, completed 2025-10-23 23:48:40 EDT)	samtools_stats_md_average_quality	38.2	reads	all reads, genome-wide (duplicate-marked CRAM)		wes/sarek_3.5.1_run/reports/samtools/TOV3133D_P66/TOV3133D_P66.md.cram.stats	found	
TOV3133D_P66	nf-core/sarek 3.5.1 run angry_allen (session 26cf85bf-0ac3-4237-8f48-c36b2ab20bd2, Slurm 3273686, completed 2025-10-23 23:48:40 EDT)	samtools_stats_recal_raw_total_sequences	97022188	reads	reads retained after per-interval ApplyBQSR (interval-restricted CRAM used for calling)		wes/sarek_3.5.1_run/reports/samtools/TOV3133D_P66/TOV3133D_P66.recal.cram.stats	found	
TOV3133D_P66	nf-core/sarek 3.5.1 run angry_allen (session 26cf85bf-0ac3-4237-8f48-c36b2ab20bd2, Slurm 3273686, completed 2025-10-23 23:48:40 EDT)	samtools_stats_recal_reads_mapped	97020810	reads	reads retained after per-interval ApplyBQSR (interval-restricted CRAM used for calling)		wes/sarek_3.5.1_run/reports/samtools/TOV3133D_P66/TOV3133D_P66.recal.cram.stats	found	
TOV3133D_P66	nf-core/sarek 3.5.1 run angry_allen (session 26cf85bf-0ac3-4237-8f48-c36b2ab20bd2, Slurm 3273686, completed 2025-10-23 23:48:40 EDT)	samtools_stats_recal_reads_mapped_and_paired	97018990	reads	reads retained after per-interval ApplyBQSR (interval-restricted CRAM used for calling)		wes/sarek_3.5.1_run/reports/samtools/TOV3133D_P66/TOV3133D_P66.recal.cram.stats	found	
TOV3133D_P66	nf-core/sarek 3.5.1 run angry_allen (session 26cf85bf-0ac3-4237-8f48-c36b2ab20bd2, Slurm 3273686, completed 2025-10-23 23:48:40 EDT)	samtools_stats_recal_reads_properly_paired	96629349	reads	reads retained after per-interval ApplyBQSR (interval-restricted CRAM used for calling)		wes/sarek_3.5.1_run/reports/samtools/TOV3133D_P66/TOV3133D_P66.recal.cram.stats	found	
TOV3133D_P66	nf-core/sarek 3.5.1 run angry_allen (session 26cf85bf-0ac3-4237-8f48-c36b2ab20bd2, Slurm 3273686, completed 2025-10-23 23:48:40 EDT)	samtools_stats_recal_reads_duplicated	22805567	reads	reads retained after per-interval ApplyBQSR (interval-restricted CRAM used for calling)		wes/sarek_3.5.1_run/reports/samtools/TOV3133D_P66/TOV3133D_P66.recal.cram.stats	found	
TOV3133D_P66	nf-core/sarek 3.5.1 run angry_allen (session 26cf85bf-0ac3-4237-8f48-c36b2ab20bd2, Slurm 3273686, completed 2025-10-23 23:48:40 EDT)	samtools_stats_recal_reads_MQ0	11152309	reads	reads retained after per-interval ApplyBQSR (interval-restricted CRAM used for calling)		wes/sarek_3.5.1_run/reports/samtools/TOV3133D_P66/TOV3133D_P66.recal.cram.stats	found	
TOV3133D_P66	nf-core/sarek 3.5.1 run angry_allen (session 26cf85bf-0ac3-4237-8f48-c36b2ab20bd2, Slurm 3273686, completed 2025-10-23 23:48:40 EDT)	samtools_stats_recal_reads_unmapped	1378	reads	reads retained after per-interval ApplyBQSR (interval-restricted CRAM used for calling)		wes/sarek_3.5.1_run/reports/samtools/TOV3133D_P66/TOV3133D_P66.recal.cram.stats	found	
TOV3133D_P66	nf-core/sarek 3.5.1 run angry_allen (session 26cf85bf-0ac3-4237-8f48-c36b2ab20bd2, Slurm 3273686, completed 2025-10-23 23:48:40 EDT)	samtools_stats_recal_error_rate	4.120704e-03	fraction	reads retained after per-interval ApplyBQSR (interval-restricted CRAM used for calling)		wes/sarek_3.5.1_run/reports/samtools/TOV3133D_P66/TOV3133D_P66.recal.cram.stats	found	
TOV3133D_P66	nf-core/sarek 3.5.1 run angry_allen (session 26cf85bf-0ac3-4237-8f48-c36b2ab20bd2, Slurm 3273686, completed 2025-10-23 23:48:40 EDT)	samtools_stats_recal_average_length	100	bp	reads retained after per-interval ApplyBQSR (interval-restricted CRAM used for calling)		wes/sarek_3.5.1_run/reports/samtools/TOV3133D_P66/TOV3133D_P66.recal.cram.stats	found	
TOV3133D_P66	nf-core/sarek 3.5.1 run angry_allen (session 26cf85bf-0ac3-4237-8f48-c36b2ab20bd2, Slurm 3273686, completed 2025-10-23 23:48:40 EDT)	samtools_stats_recal_insert_size_average	217.3	bp	reads retained after per-interval ApplyBQSR (interval-restricted CRAM used for calling)		wes/sarek_3.5.1_run/reports/samtools/TOV3133D_P66/TOV3133D_P66.recal.cram.stats	found	
TOV3133D_P66	nf-core/sarek 3.5.1 run angry_allen (session 26cf85bf-0ac3-4237-8f48-c36b2ab20bd2, Slurm 3273686, completed 2025-10-23 23:48:40 EDT)	samtools_stats_recal_insert_size_standard_deviation	80.2	bp	reads retained after per-interval ApplyBQSR (interval-restricted CRAM used for calling)		wes/sarek_3.5.1_run/reports/samtools/TOV3133D_P66/TOV3133D_P66.recal.cram.stats	found	
TOV3133D_P66	nf-core/sarek 3.5.1 run angry_allen (session 26cf85bf-0ac3-4237-8f48-c36b2ab20bd2, Slurm 3273686, completed 2025-10-23 23:48:40 EDT)	samtools_stats_recal_percentage_of_properly_paired_reads_pct	99.6	percent	reads retained after per-interval ApplyBQSR (interval-restricted CRAM used for calling)		wes/sarek_3.5.1_run/reports/samtools/TOV3133D_P66/TOV3133D_P66.recal.cram.stats	found	
TOV3133D_P66	nf-core/sarek 3.5.1 run angry_allen (session 26cf85bf-0ac3-4237-8f48-c36b2ab20bd2, Slurm 3273686, completed 2025-10-23 23:48:40 EDT)	samtools_stats_recal_bases_mapped_cigar	9683906759	bp	reads retained after per-interval ApplyBQSR (interval-restricted CRAM used for calling)		wes/sarek_3.5.1_run/reports/samtools/TOV3133D_P66/TOV3133D_P66.recal.cram.stats	found	
TOV3133D_P66	nf-core/sarek 3.5.1 run angry_allen (session 26cf85bf-0ac3-4237-8f48-c36b2ab20bd2, Slurm 3273686, completed 2025-10-23 23:48:40 EDT)	samtools_stats_recal_average_quality	34.3	reads	reads retained after per-interval ApplyBQSR (interval-restricted CRAM used for calling)		wes/sarek_3.5.1_run/reports/samtools/TOV3133D_P66/TOV3133D_P66.recal.cram.stats	found	
TOV3133D_P66	nf-core/sarek 3.5.1 run angry_allen (session 26cf85bf-0ac3-4237-8f48-c36b2ab20bd2, Slurm 3273686, completed 2025-10-23 23:48:40 EDT)	mosdepth_md_mean_depth_genome	2.83	x	whole reference (3213107355 bp)		wes/sarek_3.5.1_run/reports/mosdepth/TOV3133D_P66/TOV3133D_P66.md.mosdepth.summary.txt	found	
TOV3133D_P66	nf-core/sarek 3.5.1 run angry_allen (session 26cf85bf-0ac3-4237-8f48-c36b2ab20bd2, Slurm 3273686, completed 2025-10-23 23:48:40 EDT)	mosdepth_md_mean_depth_target	83.27	x	target bases (63709951 bp, --by intervals_sorted.bed)	intervals_sorted.bed (242,421 hg38 intervals lifted from SeqCap EZ Exome v3; 63,709,951 bp summed, 63,514,049 bp merged)	wes/sarek_3.5.1_run/reports/mosdepth/TOV3133D_P66/TOV3133D_P66.md.mosdepth.summary.txt	found	mean of per-base depth over the target footprint; mosdepth counts duplicates unless flagged (Sarek default)
TOV3133D_P66	nf-core/sarek 3.5.1 run angry_allen (session 26cf85bf-0ac3-4237-8f48-c36b2ab20bd2, Slurm 3273686, completed 2025-10-23 23:48:40 EDT)	mosdepth_md_fraction_target_bases_ge_100x	0.24	fraction	target bases	intervals_sorted.bed (242,421 hg38 intervals lifted from SeqCap EZ Exome v3; 63,709,951 bp summed, 63,514,049 bp merged)	wes/sarek_3.5.1_run/reports/mosdepth/TOV3133D_P66/TOV3133D_P66.md.mosdepth.region.dist.txt	found	
TOV3133D_P66	nf-core/sarek 3.5.1 run angry_allen (session 26cf85bf-0ac3-4237-8f48-c36b2ab20bd2, Slurm 3273686, completed 2025-10-23 23:48:40 EDT)	mosdepth_md_fraction_target_bases_ge_50x	0.58	fraction	target bases	intervals_sorted.bed (242,421 hg38 intervals lifted from SeqCap EZ Exome v3; 63,709,951 bp summed, 63,514,049 bp merged)	wes/sarek_3.5.1_run/reports/mosdepth/TOV3133D_P66/TOV3133D_P66.md.mosdepth.region.dist.txt	found	
TOV3133D_P66	nf-core/sarek 3.5.1 run angry_allen (session 26cf85bf-0ac3-4237-8f48-c36b2ab20bd2, Slurm 3273686, completed 2025-10-23 23:48:40 EDT)	mosdepth_md_fraction_target_bases_ge_30x	0.79	fraction	target bases	intervals_sorted.bed (242,421 hg38 intervals lifted from SeqCap EZ Exome v3; 63,709,951 bp summed, 63,514,049 bp merged)	wes/sarek_3.5.1_run/reports/mosdepth/TOV3133D_P66/TOV3133D_P66.md.mosdepth.region.dist.txt	found	
TOV3133D_P66	nf-core/sarek 3.5.1 run angry_allen (session 26cf85bf-0ac3-4237-8f48-c36b2ab20bd2, Slurm 3273686, completed 2025-10-23 23:48:40 EDT)	mosdepth_md_fraction_target_bases_ge_20x	0.88	fraction	target bases	intervals_sorted.bed (242,421 hg38 intervals lifted from SeqCap EZ Exome v3; 63,709,951 bp summed, 63,514,049 bp merged)	wes/sarek_3.5.1_run/reports/mosdepth/TOV3133D_P66/TOV3133D_P66.md.mosdepth.region.dist.txt	found	
TOV3133D_P66	nf-core/sarek 3.5.1 run angry_allen (session 26cf85bf-0ac3-4237-8f48-c36b2ab20bd2, Slurm 3273686, completed 2025-10-23 23:48:40 EDT)	mosdepth_md_fraction_target_bases_ge_10x	0.96	fraction	target bases	intervals_sorted.bed (242,421 hg38 intervals lifted from SeqCap EZ Exome v3; 63,709,951 bp summed, 63,514,049 bp merged)	wes/sarek_3.5.1_run/reports/mosdepth/TOV3133D_P66/TOV3133D_P66.md.mosdepth.region.dist.txt	found	
TOV3133D_P66	nf-core/sarek 3.5.1 run angry_allen (session 26cf85bf-0ac3-4237-8f48-c36b2ab20bd2, Slurm 3273686, completed 2025-10-23 23:48:40 EDT)	mosdepth_md_fraction_target_bases_ge_1x	0.99	fraction	target bases	intervals_sorted.bed (242,421 hg38 intervals lifted from SeqCap EZ Exome v3; 63,709,951 bp summed, 63,514,049 bp merged)	wes/sarek_3.5.1_run/reports/mosdepth/TOV3133D_P66/TOV3133D_P66.md.mosdepth.region.dist.txt	found	
TOV3133D_P66	nf-core/sarek 3.5.1 run angry_allen (session 26cf85bf-0ac3-4237-8f48-c36b2ab20bd2, Slurm 3273686, completed 2025-10-23 23:48:40 EDT)	mosdepth_recal_mean_depth_genome	2.14	x	whole reference (3092517964 bp)		wes/sarek_3.5.1_run/reports/mosdepth/TOV3133D_P66/TOV3133D_P66.recal.mosdepth.summary.txt	found	
TOV3133D_P66	nf-core/sarek 3.5.1 run angry_allen (session 26cf85bf-0ac3-4237-8f48-c36b2ab20bd2, Slurm 3273686, completed 2025-10-23 23:48:40 EDT)	mosdepth_recal_mean_depth_target	83.28	x	target bases (63707189 bp, --by intervals_sorted.bed)	intervals_sorted.bed (242,421 hg38 intervals lifted from SeqCap EZ Exome v3; 63,709,951 bp summed, 63,514,049 bp merged)	wes/sarek_3.5.1_run/reports/mosdepth/TOV3133D_P66/TOV3133D_P66.recal.mosdepth.summary.txt	found	mean of per-base depth over the target footprint; mosdepth counts duplicates unless flagged (Sarek default)
TOV3133D_P66	nf-core/sarek 3.5.1 run angry_allen (session 26cf85bf-0ac3-4237-8f48-c36b2ab20bd2, Slurm 3273686, completed 2025-10-23 23:48:40 EDT)	mosdepth_recal_fraction_target_bases_ge_100x	0.24	fraction	target bases	intervals_sorted.bed (242,421 hg38 intervals lifted from SeqCap EZ Exome v3; 63,709,951 bp summed, 63,514,049 bp merged)	wes/sarek_3.5.1_run/reports/mosdepth/TOV3133D_P66/TOV3133D_P66.recal.mosdepth.region.dist.txt	found	
TOV3133D_P66	nf-core/sarek 3.5.1 run angry_allen (session 26cf85bf-0ac3-4237-8f48-c36b2ab20bd2, Slurm 3273686, completed 2025-10-23 23:48:40 EDT)	mosdepth_recal_fraction_target_bases_ge_50x	0.58	fraction	target bases	intervals_sorted.bed (242,421 hg38 intervals lifted from SeqCap EZ Exome v3; 63,709,951 bp summed, 63,514,049 bp merged)	wes/sarek_3.5.1_run/reports/mosdepth/TOV3133D_P66/TOV3133D_P66.recal.mosdepth.region.dist.txt	found	
TOV3133D_P66	nf-core/sarek 3.5.1 run angry_allen (session 26cf85bf-0ac3-4237-8f48-c36b2ab20bd2, Slurm 3273686, completed 2025-10-23 23:48:40 EDT)	mosdepth_recal_fraction_target_bases_ge_30x	0.79	fraction	target bases	intervals_sorted.bed (242,421 hg38 intervals lifted from SeqCap EZ Exome v3; 63,709,951 bp summed, 63,514,049 bp merged)	wes/sarek_3.5.1_run/reports/mosdepth/TOV3133D_P66/TOV3133D_P66.recal.mosdepth.region.dist.txt	found	
TOV3133D_P66	nf-core/sarek 3.5.1 run angry_allen (session 26cf85bf-0ac3-4237-8f48-c36b2ab20bd2, Slurm 3273686, completed 2025-10-23 23:48:40 EDT)	mosdepth_recal_fraction_target_bases_ge_20x	0.88	fraction	target bases	intervals_sorted.bed (242,421 hg38 intervals lifted from SeqCap EZ Exome v3; 63,709,951 bp summed, 63,514,049 bp merged)	wes/sarek_3.5.1_run/reports/mosdepth/TOV3133D_P66/TOV3133D_P66.recal.mosdepth.region.dist.txt	found	
TOV3133D_P66	nf-core/sarek 3.5.1 run angry_allen (session 26cf85bf-0ac3-4237-8f48-c36b2ab20bd2, Slurm 3273686, completed 2025-10-23 23:48:40 EDT)	mosdepth_recal_fraction_target_bases_ge_10x	0.96	fraction	target bases	intervals_sorted.bed (242,421 hg38 intervals lifted from SeqCap EZ Exome v3; 63,709,951 bp summed, 63,514,049 bp merged)	wes/sarek_3.5.1_run/reports/mosdepth/TOV3133D_P66/TOV3133D_P66.recal.mosdepth.region.dist.txt	found	
TOV3133D_P66	nf-core/sarek 3.5.1 run angry_allen (session 26cf85bf-0ac3-4237-8f48-c36b2ab20bd2, Slurm 3273686, completed 2025-10-23 23:48:40 EDT)	mosdepth_recal_fraction_target_bases_ge_1x	0.99	fraction	target bases	intervals_sorted.bed (242,421 hg38 intervals lifted from SeqCap EZ Exome v3; 63,709,951 bp summed, 63,514,049 bp merged)	wes/sarek_3.5.1_run/reports/mosdepth/TOV3133D_P66/TOV3133D_P66.recal.mosdepth.region.dist.txt	found	
TOV3133D_P66	nf-core/sarek 3.5.1 run angry_allen (session 26cf85bf-0ac3-4237-8f48-c36b2ab20bd2, Slurm 3273686, completed 2025-10-23 23:48:40 EDT)	gatk_calculatecontamination_estimate	0.0	fraction	GetPileupSummaries on af-only-gnomad.hg38 sites within calling intervals; tumour-only		wes/sarek_3.5.1_run/variant_calling/mutect2/TOV3133D_P66/TOV3133D_P66.mutect2.contamination.table	found	cross-sample contamination estimate, error=4.76837158203125E-7; not a stock-authentication result
TOV3133D_P66	nf-core/sarek 3.5.1 run angry_kilby (session 26cf85bf, Slurm 3377445, 2025-10-24, failed at GETPILEUPSUMMARIES TOV3133D_P66)	cnvkit_reads_in_target_bins	59993666	reads	mapped reads in recal BAM (interval-restricted)	cnvkit.reference.target-tmp.bed (242,421 bins)	wes/sarek_3.5.1_run/task_evidence/oct24_CNVKIT_BATCH_TOV3133D_P66.3d_de394ce78ca6f4f7430349d2d49c90/.command.err	found	
TOV3133D_P66	nf-core/sarek 3.5.1 run angry_kilby (session 26cf85bf, Slurm 3377445, 2025-10-24, failed at GETPILEUPSUMMARIES TOV3133D_P66)	cnvkit_percent_mapped_reads_in_target_bins	61.804	percent	97071349 mapped reads in recal BAM (interval-restricted, so not a genome-wide on-target fraction)	cnvkit.reference.target-tmp.bed (242,421 bins)	wes/sarek_3.5.1_run/task_evidence/oct24_CNVKIT_BATCH_TOV3133D_P66.3d_de394ce78ca6f4f7430349d2d49c90/.command.err	found	Sarek-internal CNVkit batch (flat reference) task log; recal CRAM excludes off-interval reads, so genome-wide on-target fraction must use md CRAM stats
TOV3133D_P66	manual CNVkit 0.9.10 batch (apptainer image cnvkit-0.9.10--pyhdfd78af_0.img), outputs dated 2025-11-14 to 2025-12-03	cnvkit_target_mean_depth_length_weighted	92.61	x	63514049 bp in 290475 target bins (CNVkit depth column)	intervals_sorted.target.bed (290,475 CNVkit autobin-split target bins, sha256 2177970f...; 63,514,049 bp)	wes/cnvkit_0.9.10_manual/TOV3133D_P66_new/TOV3133D_P66.targetcoverage.cnn	found	derived here from the retained coverage file; not a pipeline-reported number
TOV3133D_P66	manual CNVkit 0.9.10 batch (apptainer image cnvkit-0.9.10--pyhdfd78af_0.img), outputs dated 2025-11-14 to 2025-12-03	cnvkit_target_bins_zero_depth	1502	bins	290475 target bins	intervals_sorted.target.bed (290,475 CNVkit autobin-split target bins, sha256 2177970f...; 63,514,049 bp)	wes/cnvkit_0.9.10_manual/TOV3133D_P66_new/TOV3133D_P66.targetcoverage.cnn	found	derived here
TOV3133D_P66	manual CNVkit 0.9.10 batch (apptainer image cnvkit-0.9.10--pyhdfd78af_0.img), outputs dated 2025-11-14 to 2025-12-03	cnvkit_call_segments	246	segments		intervals_sorted.target.bed (290,475 CNVkit autobin-split target bins, sha256 2177970f...; 63,514,049 bp)	wes/cnvkit_0.9.10_manual/TOV3133D_P66_new/TOV3133D_P66.call.cns	found	
TOV3133D_P66	nf-core/sarek 3.5.1 run angry_allen (session 26cf85bf-0ac3-4237-8f48-c36b2ab20bd2, Slurm 3273686, completed 2025-10-23 23:48:40 EDT)	bcftools_stats_filtered_vcf_number_of_records	26942	records	all records in mutect2.filtered.vcf.gz (PASS and non-PASS)		wes/sarek_3.5.1_run/multiqc/multiqc_data/multiqc_bcftools_stats.txt	found	
TOV3133D_P66	nf-core/sarek 3.5.1 run angry_allen (session 26cf85bf-0ac3-4237-8f48-c36b2ab20bd2, Slurm 3273686, completed 2025-10-23 23:48:40 EDT)	bcftools_stats_filtered_vcf_number_of_SNPs	16649	records	all records in mutect2.filtered.vcf.gz (PASS and non-PASS)		wes/sarek_3.5.1_run/multiqc/multiqc_data/multiqc_bcftools_stats.txt	found	
TOV3133D_P66	nf-core/sarek 3.5.1 run angry_allen (session 26cf85bf-0ac3-4237-8f48-c36b2ab20bd2, Slurm 3273686, completed 2025-10-23 23:48:40 EDT)	bcftools_stats_filtered_vcf_number_of_indels	8552	records	all records in mutect2.filtered.vcf.gz (PASS and non-PASS)		wes/sarek_3.5.1_run/multiqc/multiqc_data/multiqc_bcftools_stats.txt	found	
TOV3133D_P66	nf-core/sarek 3.5.1 run angry_allen (session 26cf85bf-0ac3-4237-8f48-c36b2ab20bd2, Slurm 3273686, completed 2025-10-23 23:48:40 EDT)	bcftools_stats_filtered_vcf_number_of_MNPs	2104	records	all records in mutect2.filtered.vcf.gz (PASS and non-PASS)		wes/sarek_3.5.1_run/multiqc/multiqc_data/multiqc_bcftools_stats.txt	found	
TOV3133D_P66	nf-core/sarek 3.5.1 run angry_allen (session 26cf85bf-0ac3-4237-8f48-c36b2ab20bd2, Slurm 3273686, completed 2025-10-23 23:48:40 EDT)	bcftools_stats_filtered_vcf_tstv	1.07	ratio	all records in mutect2.filtered.vcf.gz (PASS and non-PASS)		wes/sarek_3.5.1_run/multiqc/multiqc_data/multiqc_bcftools_stats.txt	found	
TOV3133D_P66	nf-core/sarek 3.5.1 run angry_allen (session 26cf85bf-0ac3-4237-8f48-c36b2ab20bd2, Slurm 3273686, completed 2025-10-23 23:48:40 EDT)	vcftools_filtered_vcf_PASS_records	655	records	records in mutect2.filtered.vcf.gz		wes/sarek_3.5.1_run/reports/vcftools/mutect2/TOV3133D_P66/TOV3133D_P66.mutect2.filtered.FILTER.summary	found	
TOV3133G_P65	nf-core/sarek 3.5.1 run angry_allen (session 26cf85bf-0ac3-4237-8f48-c36b2ab20bd2, Slurm 3273686, completed 2025-10-23 23:48:40 EDT)	fastp_total_reads_before_filtering	120578724	reads (R1+R2)	all reads in provider BAM converted to FASTQ		wes/sarek_3.5.1_run/reports/fastp/TOV3133G_P65/TOV3133G_P65-5.fastp.json	found	
TOV3133G_P65	nf-core/sarek 3.5.1 run angry_allen (session 26cf85bf-0ac3-4237-8f48-c36b2ab20bd2, Slurm 3273686, completed 2025-10-23 23:48:40 EDT)	fastp_total_reads_after_filtering	119037700	reads (R1+R2)	reads passing fastp --length_required 15 (adapter trimming disabled)		wes/sarek_3.5.1_run/reports/fastp/TOV3133G_P65/TOV3133G_P65-5.fastp.json	found	
TOV3133G_P65	nf-core/sarek 3.5.1 run angry_allen (session 26cf85bf-0ac3-4237-8f48-c36b2ab20bd2, Slurm 3273686, completed 2025-10-23 23:48:40 EDT)	fastp_q30_rate_after_filtering	0.9305	fraction of bases	bases after filtering		wes/sarek_3.5.1_run/reports/fastp/TOV3133G_P65/TOV3133G_P65-5.fastp.json	found	
TOV3133G_P65	nf-core/sarek 3.5.1 run angry_allen (session 26cf85bf-0ac3-4237-8f48-c36b2ab20bd2, Slurm 3273686, completed 2025-10-23 23:48:40 EDT)	fastp_gc_content_after_filtering	0.4365	fraction	bases after filtering		wes/sarek_3.5.1_run/reports/fastp/TOV3133G_P65/TOV3133G_P65-5.fastp.json	found	
TOV3133G_P65	nf-core/sarek 3.5.1 run angry_allen (session 26cf85bf-0ac3-4237-8f48-c36b2ab20bd2, Slurm 3273686, completed 2025-10-23 23:48:40 EDT)	fastp_duplication_rate	0.1533	fraction of reads	fastp sequence-level estimate before alignment		wes/sarek_3.5.1_run/reports/fastp/TOV3133G_P65/TOV3133G_P65-5.fastp.json	found	
TOV3133G_P65	nf-core/sarek 3.5.1 run angry_allen (session 26cf85bf-0ac3-4237-8f48-c36b2ab20bd2, Slurm 3273686, completed 2025-10-23 23:48:40 EDT)	fastp_insert_size_peak	147	bp	fastp overlap-based estimate		wes/sarek_3.5.1_run/reports/fastp/TOV3133G_P65/TOV3133G_P65-5.fastp.json	found	
TOV3133G_P65	nf-core/sarek 3.5.1 run angry_allen (session 26cf85bf-0ac3-4237-8f48-c36b2ab20bd2, Slurm 3273686, completed 2025-10-23 23:48:40 EDT)	fastp_read_length_mean_R1	100	bp			wes/sarek_3.5.1_run/reports/fastp/TOV3133G_P65/TOV3133G_P65-5.fastp.json	found	
TOV3133G_P65	nf-core/sarek 3.5.1 run angry_allen (session 26cf85bf-0ac3-4237-8f48-c36b2ab20bd2, Slurm 3273686, completed 2025-10-23 23:48:40 EDT)	samtools_stats_md_raw_total_sequences	119037700	reads	all reads, genome-wide (duplicate-marked CRAM)		wes/sarek_3.5.1_run/reports/samtools/TOV3133G_P65/TOV3133G_P65.md.cram.stats	found	
TOV3133G_P65	nf-core/sarek 3.5.1 run angry_allen (session 26cf85bf-0ac3-4237-8f48-c36b2ab20bd2, Slurm 3273686, completed 2025-10-23 23:48:40 EDT)	samtools_stats_md_reads_mapped	118971260	reads	all reads, genome-wide (duplicate-marked CRAM)		wes/sarek_3.5.1_run/reports/samtools/TOV3133G_P65/TOV3133G_P65.md.cram.stats	found	
TOV3133G_P65	nf-core/sarek 3.5.1 run angry_allen (session 26cf85bf-0ac3-4237-8f48-c36b2ab20bd2, Slurm 3273686, completed 2025-10-23 23:48:40 EDT)	samtools_stats_md_reads_mapped_and_paired	118967052	reads	all reads, genome-wide (duplicate-marked CRAM)		wes/sarek_3.5.1_run/reports/samtools/TOV3133G_P65/TOV3133G_P65.md.cram.stats	found	
TOV3133G_P65	nf-core/sarek 3.5.1 run angry_allen (session 26cf85bf-0ac3-4237-8f48-c36b2ab20bd2, Slurm 3273686, completed 2025-10-23 23:48:40 EDT)	samtools_stats_md_reads_properly_paired	117464764	reads	all reads, genome-wide (duplicate-marked CRAM)		wes/sarek_3.5.1_run/reports/samtools/TOV3133G_P65/TOV3133G_P65.md.cram.stats	found	
TOV3133G_P65	nf-core/sarek 3.5.1 run angry_allen (session 26cf85bf-0ac3-4237-8f48-c36b2ab20bd2, Slurm 3273686, completed 2025-10-23 23:48:40 EDT)	samtools_stats_md_reads_duplicated	27503499	reads	all reads, genome-wide (duplicate-marked CRAM)		wes/sarek_3.5.1_run/reports/samtools/TOV3133G_P65/TOV3133G_P65.md.cram.stats	found	
TOV3133G_P65	nf-core/sarek 3.5.1 run angry_allen (session 26cf85bf-0ac3-4237-8f48-c36b2ab20bd2, Slurm 3273686, completed 2025-10-23 23:48:40 EDT)	samtools_stats_md_reads_MQ0	16076964	reads	all reads, genome-wide (duplicate-marked CRAM)		wes/sarek_3.5.1_run/reports/samtools/TOV3133G_P65/TOV3133G_P65.md.cram.stats	found	
TOV3133G_P65	nf-core/sarek 3.5.1 run angry_allen (session 26cf85bf-0ac3-4237-8f48-c36b2ab20bd2, Slurm 3273686, completed 2025-10-23 23:48:40 EDT)	samtools_stats_md_reads_unmapped	66440	reads	all reads, genome-wide (duplicate-marked CRAM)		wes/sarek_3.5.1_run/reports/samtools/TOV3133G_P65/TOV3133G_P65.md.cram.stats	found	
TOV3133G_P65	nf-core/sarek 3.5.1 run angry_allen (session 26cf85bf-0ac3-4237-8f48-c36b2ab20bd2, Slurm 3273686, completed 2025-10-23 23:48:40 EDT)	samtools_stats_md_error_rate	4.423029e-03	fraction	all reads, genome-wide (duplicate-marked CRAM)		wes/sarek_3.5.1_run/reports/samtools/TOV3133G_P65/TOV3133G_P65.md.cram.stats	found	
TOV3133G_P65	nf-core/sarek 3.5.1 run angry_allen (session 26cf85bf-0ac3-4237-8f48-c36b2ab20bd2, Slurm 3273686, completed 2025-10-23 23:48:40 EDT)	samtools_stats_md_average_length	100	bp	all reads, genome-wide (duplicate-marked CRAM)		wes/sarek_3.5.1_run/reports/samtools/TOV3133G_P65/TOV3133G_P65.md.cram.stats	found	
TOV3133G_P65	nf-core/sarek 3.5.1 run angry_allen (session 26cf85bf-0ac3-4237-8f48-c36b2ab20bd2, Slurm 3273686, completed 2025-10-23 23:48:40 EDT)	samtools_stats_md_insert_size_average	212.5	bp	all reads, genome-wide (duplicate-marked CRAM)		wes/sarek_3.5.1_run/reports/samtools/TOV3133G_P65/TOV3133G_P65.md.cram.stats	found	
TOV3133G_P65	nf-core/sarek 3.5.1 run angry_allen (session 26cf85bf-0ac3-4237-8f48-c36b2ab20bd2, Slurm 3273686, completed 2025-10-23 23:48:40 EDT)	samtools_stats_md_insert_size_standard_deviation	82.2	bp	all reads, genome-wide (duplicate-marked CRAM)		wes/sarek_3.5.1_run/reports/samtools/TOV3133G_P65/TOV3133G_P65.md.cram.stats	found	
TOV3133G_P65	nf-core/sarek 3.5.1 run angry_allen (session 26cf85bf-0ac3-4237-8f48-c36b2ab20bd2, Slurm 3273686, completed 2025-10-23 23:48:40 EDT)	samtools_stats_md_percentage_of_properly_paired_reads_pct	98.7	percent	all reads, genome-wide (duplicate-marked CRAM)		wes/sarek_3.5.1_run/reports/samtools/TOV3133G_P65/TOV3133G_P65.md.cram.stats	found	
TOV3133G_P65	nf-core/sarek 3.5.1 run angry_allen (session 26cf85bf-0ac3-4237-8f48-c36b2ab20bd2, Slurm 3273686, completed 2025-10-23 23:48:40 EDT)	samtools_stats_md_bases_mapped_cigar	11892000068	bp	all reads, genome-wide (duplicate-marked CRAM)		wes/sarek_3.5.1_run/reports/samtools/TOV3133G_P65/TOV3133G_P65.md.cram.stats	found	
TOV3133G_P65	nf-core/sarek 3.5.1 run angry_allen (session 26cf85bf-0ac3-4237-8f48-c36b2ab20bd2, Slurm 3273686, completed 2025-10-23 23:48:40 EDT)	samtools_stats_md_average_quality	38.4	reads	all reads, genome-wide (duplicate-marked CRAM)		wes/sarek_3.5.1_run/reports/samtools/TOV3133G_P65/TOV3133G_P65.md.cram.stats	found	
TOV3133G_P65	nf-core/sarek 3.5.1 run angry_allen (session 26cf85bf-0ac3-4237-8f48-c36b2ab20bd2, Slurm 3273686, completed 2025-10-23 23:48:40 EDT)	samtools_stats_recal_raw_total_sequences	90318434	reads	reads retained after per-interval ApplyBQSR (interval-restricted CRAM used for calling)		wes/sarek_3.5.1_run/reports/samtools/TOV3133G_P65/TOV3133G_P65.recal.cram.stats	found	
TOV3133G_P65	nf-core/sarek 3.5.1 run angry_allen (session 26cf85bf-0ac3-4237-8f48-c36b2ab20bd2, Slurm 3273686, completed 2025-10-23 23:48:40 EDT)	samtools_stats_recal_reads_mapped	90316712	reads	reads retained after per-interval ApplyBQSR (interval-restricted CRAM used for calling)		wes/sarek_3.5.1_run/reports/samtools/TOV3133G_P65/TOV3133G_P65.recal.cram.stats	found	
TOV3133G_P65	nf-core/sarek 3.5.1 run angry_allen (session 26cf85bf-0ac3-4237-8f48-c36b2ab20bd2, Slurm 3273686, completed 2025-10-23 23:48:40 EDT)	samtools_stats_recal_reads_mapped_and_paired	90314472	reads	reads retained after per-interval ApplyBQSR (interval-restricted CRAM used for calling)		wes/sarek_3.5.1_run/reports/samtools/TOV3133G_P65/TOV3133G_P65.recal.cram.stats	found	
TOV3133G_P65	nf-core/sarek 3.5.1 run angry_allen (session 26cf85bf-0ac3-4237-8f48-c36b2ab20bd2, Slurm 3273686, completed 2025-10-23 23:48:40 EDT)	samtools_stats_recal_reads_properly_paired	89702703	reads	reads retained after per-interval ApplyBQSR (interval-restricted CRAM used for calling)		wes/sarek_3.5.1_run/reports/samtools/TOV3133G_P65/TOV3133G_P65.recal.cram.stats	found	
TOV3133G_P65	nf-core/sarek 3.5.1 run angry_allen (session 26cf85bf-0ac3-4237-8f48-c36b2ab20bd2, Slurm 3273686, completed 2025-10-23 23:48:40 EDT)	samtools_stats_recal_reads_duplicated	21424811	reads	reads retained after per-interval ApplyBQSR (interval-restricted CRAM used for calling)		wes/sarek_3.5.1_run/reports/samtools/TOV3133G_P65/TOV3133G_P65.recal.cram.stats	found	
TOV3133G_P65	nf-core/sarek 3.5.1 run angry_allen (session 26cf85bf-0ac3-4237-8f48-c36b2ab20bd2, Slurm 3273686, completed 2025-10-23 23:48:40 EDT)	samtools_stats_recal_reads_MQ0	10656283	reads	reads retained after per-interval ApplyBQSR (interval-restricted CRAM used for calling)		wes/sarek_3.5.1_run/reports/samtools/TOV3133G_P65/TOV3133G_P65.recal.cram.stats	found	
TOV3133G_P65	nf-core/sarek 3.5.1 run angry_allen (session 26cf85bf-0ac3-4237-8f48-c36b2ab20bd2, Slurm 3273686, completed 2025-10-23 23:48:40 EDT)	samtools_stats_recal_reads_unmapped	1722	reads	reads retained after per-interval ApplyBQSR (interval-restricted CRAM used for calling)		wes/sarek_3.5.1_run/reports/samtools/TOV3133G_P65/TOV3133G_P65.recal.cram.stats	found	
TOV3133G_P65	nf-core/sarek 3.5.1 run angry_allen (session 26cf85bf-0ac3-4237-8f48-c36b2ab20bd2, Slurm 3273686, completed 2025-10-23 23:48:40 EDT)	samtools_stats_recal_error_rate	3.943804e-03	fraction	reads retained after per-interval ApplyBQSR (interval-restricted CRAM used for calling)		wes/sarek_3.5.1_run/reports/samtools/TOV3133G_P65/TOV3133G_P65.recal.cram.stats	found	
TOV3133G_P65	nf-core/sarek 3.5.1 run angry_allen (session 26cf85bf-0ac3-4237-8f48-c36b2ab20bd2, Slurm 3273686, completed 2025-10-23 23:48:40 EDT)	samtools_stats_recal_average_length	100	bp	reads retained after per-interval ApplyBQSR (interval-restricted CRAM used for calling)		wes/sarek_3.5.1_run/reports/samtools/TOV3133G_P65/TOV3133G_P65.recal.cram.stats	found	
TOV3133G_P65	nf-core/sarek 3.5.1 run angry_allen (session 26cf85bf-0ac3-4237-8f48-c36b2ab20bd2, Slurm 3273686, completed 2025-10-23 23:48:40 EDT)	samtools_stats_recal_insert_size_average	202.4	bp	reads retained after per-interval ApplyBQSR (interval-restricted CRAM used for calling)		wes/sarek_3.5.1_run/reports/samtools/TOV3133G_P65/TOV3133G_P65.recal.cram.stats	found	
TOV3133G_P65	nf-core/sarek 3.5.1 run angry_allen (session 26cf85bf-0ac3-4237-8f48-c36b2ab20bd2, Slurm 3273686, completed 2025-10-23 23:48:40 EDT)	samtools_stats_recal_insert_size_standard_deviation	73.6	bp	reads retained after per-interval ApplyBQSR (interval-restricted CRAM used for calling)		wes/sarek_3.5.1_run/reports/samtools/TOV3133G_P65/TOV3133G_P65.recal.cram.stats	found	
TOV3133G_P65	nf-core/sarek 3.5.1 run angry_allen (session 26cf85bf-0ac3-4237-8f48-c36b2ab20bd2, Slurm 3273686, completed 2025-10-23 23:48:40 EDT)	samtools_stats_recal_percentage_of_properly_paired_reads_pct	99.3	percent	reads retained after per-interval ApplyBQSR (interval-restricted CRAM used for calling)		wes/sarek_3.5.1_run/reports/samtools/TOV3133G_P65/TOV3133G_P65.recal.cram.stats	found	
TOV3133G_P65	nf-core/sarek 3.5.1 run angry_allen (session 26cf85bf-0ac3-4237-8f48-c36b2ab20bd2, Slurm 3273686, completed 2025-10-23 23:48:40 EDT)	samtools_stats_recal_bases_mapped_cigar	9011057672	bp	reads retained after per-interval ApplyBQSR (interval-restricted CRAM used for calling)		wes/sarek_3.5.1_run/reports/samtools/TOV3133G_P65/TOV3133G_P65.recal.cram.stats	found	
TOV3133G_P65	nf-core/sarek 3.5.1 run angry_allen (session 26cf85bf-0ac3-4237-8f48-c36b2ab20bd2, Slurm 3273686, completed 2025-10-23 23:48:40 EDT)	samtools_stats_recal_average_quality	33.9	reads	reads retained after per-interval ApplyBQSR (interval-restricted CRAM used for calling)		wes/sarek_3.5.1_run/reports/samtools/TOV3133G_P65/TOV3133G_P65.recal.cram.stats	found	
TOV3133G_P65	nf-core/sarek 3.5.1 run angry_allen (session 26cf85bf-0ac3-4237-8f48-c36b2ab20bd2, Slurm 3273686, completed 2025-10-23 23:48:40 EDT)	mosdepth_md_mean_depth_genome	2.51	x	whole reference (3213926135 bp)		wes/sarek_3.5.1_run/reports/mosdepth/TOV3133G_P65/TOV3133G_P65.md.mosdepth.summary.txt	found	
TOV3133G_P65	nf-core/sarek 3.5.1 run angry_allen (session 26cf85bf-0ac3-4237-8f48-c36b2ab20bd2, Slurm 3273686, completed 2025-10-23 23:48:40 EDT)	mosdepth_md_mean_depth_target	75.41	x	target bases (63709951 bp, --by intervals_sorted.bed)	intervals_sorted.bed (242,421 hg38 intervals lifted from SeqCap EZ Exome v3; 63,709,951 bp summed, 63,514,049 bp merged)	wes/sarek_3.5.1_run/reports/mosdepth/TOV3133G_P65/TOV3133G_P65.md.mosdepth.summary.txt	found	mean of per-base depth over the target footprint; mosdepth counts duplicates unless flagged (Sarek default)
TOV3133G_P65	nf-core/sarek 3.5.1 run angry_allen (session 26cf85bf-0ac3-4237-8f48-c36b2ab20bd2, Slurm 3273686, completed 2025-10-23 23:48:40 EDT)	mosdepth_md_fraction_target_bases_ge_100x	0.20	fraction	target bases	intervals_sorted.bed (242,421 hg38 intervals lifted from SeqCap EZ Exome v3; 63,709,951 bp summed, 63,514,049 bp merged)	wes/sarek_3.5.1_run/reports/mosdepth/TOV3133G_P65/TOV3133G_P65.md.mosdepth.region.dist.txt	found	
TOV3133G_P65	nf-core/sarek 3.5.1 run angry_allen (session 26cf85bf-0ac3-4237-8f48-c36b2ab20bd2, Slurm 3273686, completed 2025-10-23 23:48:40 EDT)	mosdepth_md_fraction_target_bases_ge_50x	0.53	fraction	target bases	intervals_sorted.bed (242,421 hg38 intervals lifted from SeqCap EZ Exome v3; 63,709,951 bp summed, 63,514,049 bp merged)	wes/sarek_3.5.1_run/reports/mosdepth/TOV3133G_P65/TOV3133G_P65.md.mosdepth.region.dist.txt	found	
TOV3133G_P65	nf-core/sarek 3.5.1 run angry_allen (session 26cf85bf-0ac3-4237-8f48-c36b2ab20bd2, Slurm 3273686, completed 2025-10-23 23:48:40 EDT)	mosdepth_md_fraction_target_bases_ge_30x	0.75	fraction	target bases	intervals_sorted.bed (242,421 hg38 intervals lifted from SeqCap EZ Exome v3; 63,709,951 bp summed, 63,514,049 bp merged)	wes/sarek_3.5.1_run/reports/mosdepth/TOV3133G_P65/TOV3133G_P65.md.mosdepth.region.dist.txt	found	
TOV3133G_P65	nf-core/sarek 3.5.1 run angry_allen (session 26cf85bf-0ac3-4237-8f48-c36b2ab20bd2, Slurm 3273686, completed 2025-10-23 23:48:40 EDT)	mosdepth_md_fraction_target_bases_ge_20x	0.86	fraction	target bases	intervals_sorted.bed (242,421 hg38 intervals lifted from SeqCap EZ Exome v3; 63,709,951 bp summed, 63,514,049 bp merged)	wes/sarek_3.5.1_run/reports/mosdepth/TOV3133G_P65/TOV3133G_P65.md.mosdepth.region.dist.txt	found	
TOV3133G_P65	nf-core/sarek 3.5.1 run angry_allen (session 26cf85bf-0ac3-4237-8f48-c36b2ab20bd2, Slurm 3273686, completed 2025-10-23 23:48:40 EDT)	mosdepth_md_fraction_target_bases_ge_10x	0.95	fraction	target bases	intervals_sorted.bed (242,421 hg38 intervals lifted from SeqCap EZ Exome v3; 63,709,951 bp summed, 63,514,049 bp merged)	wes/sarek_3.5.1_run/reports/mosdepth/TOV3133G_P65/TOV3133G_P65.md.mosdepth.region.dist.txt	found	
TOV3133G_P65	nf-core/sarek 3.5.1 run angry_allen (session 26cf85bf-0ac3-4237-8f48-c36b2ab20bd2, Slurm 3273686, completed 2025-10-23 23:48:40 EDT)	mosdepth_md_fraction_target_bases_ge_1x	0.99	fraction	target bases	intervals_sorted.bed (242,421 hg38 intervals lifted from SeqCap EZ Exome v3; 63,709,951 bp summed, 63,514,049 bp merged)	wes/sarek_3.5.1_run/reports/mosdepth/TOV3133G_P65/TOV3133G_P65.md.mosdepth.region.dist.txt	found	
TOV3133G_P65	nf-core/sarek 3.5.1 run angry_allen (session 26cf85bf-0ac3-4237-8f48-c36b2ab20bd2, Slurm 3273686, completed 2025-10-23 23:48:40 EDT)	mosdepth_recal_mean_depth_genome	1.94	x	whole reference (3092843764 bp)		wes/sarek_3.5.1_run/reports/mosdepth/TOV3133G_P65/TOV3133G_P65.recal.mosdepth.summary.txt	found	
TOV3133G_P65	nf-core/sarek 3.5.1 run angry_allen (session 26cf85bf-0ac3-4237-8f48-c36b2ab20bd2, Slurm 3273686, completed 2025-10-23 23:48:40 EDT)	mosdepth_recal_mean_depth_target	75.41	x	target bases (63709444 bp, --by intervals_sorted.bed)	intervals_sorted.bed (242,421 hg38 intervals lifted from SeqCap EZ Exome v3; 63,709,951 bp summed, 63,514,049 bp merged)	wes/sarek_3.5.1_run/reports/mosdepth/TOV3133G_P65/TOV3133G_P65.recal.mosdepth.summary.txt	found	mean of per-base depth over the target footprint; mosdepth counts duplicates unless flagged (Sarek default)
TOV3133G_P65	nf-core/sarek 3.5.1 run angry_allen (session 26cf85bf-0ac3-4237-8f48-c36b2ab20bd2, Slurm 3273686, completed 2025-10-23 23:48:40 EDT)	mosdepth_recal_fraction_target_bases_ge_100x	0.20	fraction	target bases	intervals_sorted.bed (242,421 hg38 intervals lifted from SeqCap EZ Exome v3; 63,709,951 bp summed, 63,514,049 bp merged)	wes/sarek_3.5.1_run/reports/mosdepth/TOV3133G_P65/TOV3133G_P65.recal.mosdepth.region.dist.txt	found	
TOV3133G_P65	nf-core/sarek 3.5.1 run angry_allen (session 26cf85bf-0ac3-4237-8f48-c36b2ab20bd2, Slurm 3273686, completed 2025-10-23 23:48:40 EDT)	mosdepth_recal_fraction_target_bases_ge_50x	0.53	fraction	target bases	intervals_sorted.bed (242,421 hg38 intervals lifted from SeqCap EZ Exome v3; 63,709,951 bp summed, 63,514,049 bp merged)	wes/sarek_3.5.1_run/reports/mosdepth/TOV3133G_P65/TOV3133G_P65.recal.mosdepth.region.dist.txt	found	
TOV3133G_P65	nf-core/sarek 3.5.1 run angry_allen (session 26cf85bf-0ac3-4237-8f48-c36b2ab20bd2, Slurm 3273686, completed 2025-10-23 23:48:40 EDT)	mosdepth_recal_fraction_target_bases_ge_30x	0.75	fraction	target bases	intervals_sorted.bed (242,421 hg38 intervals lifted from SeqCap EZ Exome v3; 63,709,951 bp summed, 63,514,049 bp merged)	wes/sarek_3.5.1_run/reports/mosdepth/TOV3133G_P65/TOV3133G_P65.recal.mosdepth.region.dist.txt	found	
TOV3133G_P65	nf-core/sarek 3.5.1 run angry_allen (session 26cf85bf-0ac3-4237-8f48-c36b2ab20bd2, Slurm 3273686, completed 2025-10-23 23:48:40 EDT)	mosdepth_recal_fraction_target_bases_ge_20x	0.86	fraction	target bases	intervals_sorted.bed (242,421 hg38 intervals lifted from SeqCap EZ Exome v3; 63,709,951 bp summed, 63,514,049 bp merged)	wes/sarek_3.5.1_run/reports/mosdepth/TOV3133G_P65/TOV3133G_P65.recal.mosdepth.region.dist.txt	found	
TOV3133G_P65	nf-core/sarek 3.5.1 run angry_allen (session 26cf85bf-0ac3-4237-8f48-c36b2ab20bd2, Slurm 3273686, completed 2025-10-23 23:48:40 EDT)	mosdepth_recal_fraction_target_bases_ge_10x	0.95	fraction	target bases	intervals_sorted.bed (242,421 hg38 intervals lifted from SeqCap EZ Exome v3; 63,709,951 bp summed, 63,514,049 bp merged)	wes/sarek_3.5.1_run/reports/mosdepth/TOV3133G_P65/TOV3133G_P65.recal.mosdepth.region.dist.txt	found	
TOV3133G_P65	nf-core/sarek 3.5.1 run angry_allen (session 26cf85bf-0ac3-4237-8f48-c36b2ab20bd2, Slurm 3273686, completed 2025-10-23 23:48:40 EDT)	mosdepth_recal_fraction_target_bases_ge_1x	0.99	fraction	target bases	intervals_sorted.bed (242,421 hg38 intervals lifted from SeqCap EZ Exome v3; 63,709,951 bp summed, 63,514,049 bp merged)	wes/sarek_3.5.1_run/reports/mosdepth/TOV3133G_P65/TOV3133G_P65.recal.mosdepth.region.dist.txt	found	
TOV3133G_P65	nf-core/sarek 3.5.1 run angry_allen (session 26cf85bf-0ac3-4237-8f48-c36b2ab20bd2, Slurm 3273686, completed 2025-10-23 23:48:40 EDT)	gatk_calculatecontamination_estimate	0.0016895085088341583	fraction	GetPileupSummaries on af-only-gnomad.hg38 sites within calling intervals; tumour-only		wes/sarek_3.5.1_run/variant_calling/mutect2/TOV3133G_P65/TOV3133G_P65.mutect2.contamination.table	found	cross-sample contamination estimate, error=6.745366890158571E-4; not a stock-authentication result
TOV3133G_P65	nf-core/sarek 3.5.1 run angry_kilby (session 26cf85bf, Slurm 3377445, 2025-10-24, failed at GETPILEUPSUMMARIES TOV3133D_P66)	cnvkit_reads_in_target_bins	55899078	reads	mapped reads in recal BAM (interval-restricted)	cnvkit.reference.target-tmp.bed (242,421 bins)	wes/sarek_3.5.1_run/task_evidence/oct24_CNVKIT_BATCH_TOV3133G_P65.88_4b018ca712993eb48e717c6f5af079/.command.err	found	
TOV3133G_P65	nf-core/sarek 3.5.1 run angry_kilby (session 26cf85bf, Slurm 3377445, 2025-10-24, failed at GETPILEUPSUMMARIES TOV3133D_P66)	cnvkit_percent_mapped_reads_in_target_bins	61.842	percent	90389813 mapped reads in recal BAM (interval-restricted, so not a genome-wide on-target fraction)	cnvkit.reference.target-tmp.bed (242,421 bins)	wes/sarek_3.5.1_run/task_evidence/oct24_CNVKIT_BATCH_TOV3133G_P65.88_4b018ca712993eb48e717c6f5af079/.command.err	found	Sarek-internal CNVkit batch (flat reference) task log; recal CRAM excludes off-interval reads, so genome-wide on-target fraction must use md CRAM stats
TOV3133G_P65	manual CNVkit 0.9.10 batch (apptainer image cnvkit-0.9.10--pyhdfd78af_0.img), outputs dated 2025-11-14 to 2025-12-03	cnvkit_target_mean_depth_length_weighted	86.34	x	63514049 bp in 290475 target bins (CNVkit depth column)	intervals_sorted.target.bed (290,475 CNVkit autobin-split target bins, sha256 2177970f...; 63,514,049 bp)	wes/cnvkit_0.9.10_manual/TOV3133G_P65_new/TOV3133G_P65.targetcoverage.cnn	found	derived here from the retained coverage file; not a pipeline-reported number
TOV3133G_P65	manual CNVkit 0.9.10 batch (apptainer image cnvkit-0.9.10--pyhdfd78af_0.img), outputs dated 2025-11-14 to 2025-12-03	cnvkit_target_bins_zero_depth	1489	bins	290475 target bins	intervals_sorted.target.bed (290,475 CNVkit autobin-split target bins, sha256 2177970f...; 63,514,049 bp)	wes/cnvkit_0.9.10_manual/TOV3133G_P65_new/TOV3133G_P65.targetcoverage.cnn	found	derived here
TOV3133G_P65	manual CNVkit 0.9.10 batch (apptainer image cnvkit-0.9.10--pyhdfd78af_0.img), outputs dated 2025-11-14 to 2025-12-03	cnvkit_call_segments	251	segments		intervals_sorted.target.bed (290,475 CNVkit autobin-split target bins, sha256 2177970f...; 63,514,049 bp)	wes/cnvkit_0.9.10_manual/TOV3133G_P65_new/TOV3133G_P65.call.cns	found	
TOV3133G_P65	nf-core/sarek 3.5.1 run angry_allen (session 26cf85bf-0ac3-4237-8f48-c36b2ab20bd2, Slurm 3273686, completed 2025-10-23 23:48:40 EDT)	bcftools_stats_filtered_vcf_number_of_records	23802	records	all records in mutect2.filtered.vcf.gz (PASS and non-PASS)		wes/sarek_3.5.1_run/multiqc/multiqc_data/multiqc_bcftools_stats.txt	found	
TOV3133G_P65	nf-core/sarek 3.5.1 run angry_allen (session 26cf85bf-0ac3-4237-8f48-c36b2ab20bd2, Slurm 3273686, completed 2025-10-23 23:48:40 EDT)	bcftools_stats_filtered_vcf_number_of_SNPs	15041	records	all records in mutect2.filtered.vcf.gz (PASS and non-PASS)		wes/sarek_3.5.1_run/multiqc/multiqc_data/multiqc_bcftools_stats.txt	found	
TOV3133G_P65	nf-core/sarek 3.5.1 run angry_allen (session 26cf85bf-0ac3-4237-8f48-c36b2ab20bd2, Slurm 3273686, completed 2025-10-23 23:48:40 EDT)	bcftools_stats_filtered_vcf_number_of_indels	7625	records	all records in mutect2.filtered.vcf.gz (PASS and non-PASS)		wes/sarek_3.5.1_run/multiqc/multiqc_data/multiqc_bcftools_stats.txt	found	
TOV3133G_P65	nf-core/sarek 3.5.1 run angry_allen (session 26cf85bf-0ac3-4237-8f48-c36b2ab20bd2, Slurm 3273686, completed 2025-10-23 23:48:40 EDT)	bcftools_stats_filtered_vcf_number_of_MNPs	1437	records	all records in mutect2.filtered.vcf.gz (PASS and non-PASS)		wes/sarek_3.5.1_run/multiqc/multiqc_data/multiqc_bcftools_stats.txt	found	
TOV3133G_P65	nf-core/sarek 3.5.1 run angry_allen (session 26cf85bf-0ac3-4237-8f48-c36b2ab20bd2, Slurm 3273686, completed 2025-10-23 23:48:40 EDT)	bcftools_stats_filtered_vcf_tstv	1.1	ratio	all records in mutect2.filtered.vcf.gz (PASS and non-PASS)		wes/sarek_3.5.1_run/multiqc/multiqc_data/multiqc_bcftools_stats.txt	found	
TOV3133G_P65	nf-core/sarek 3.5.1 run angry_allen (session 26cf85bf-0ac3-4237-8f48-c36b2ab20bd2, Slurm 3273686, completed 2025-10-23 23:48:40 EDT)	vcftools_filtered_vcf_PASS_records	672	records	records in mutect2.filtered.vcf.gz		wes/sarek_3.5.1_run/reports/vcftools/mutect2/TOV3133G_P65/TOV3133G_P65.mutect2.filtered.FILTER.summary	found	
TOV3392D_P69	nf-core/sarek 3.5.1 run angry_allen (session 26cf85bf-0ac3-4237-8f48-c36b2ab20bd2, Slurm 3273686, completed 2025-10-23 23:48:40 EDT)	fastp_total_reads_before_filtering	123035492	reads (R1+R2)	all reads in provider BAM converted to FASTQ		wes/sarek_3.5.1_run/reports/fastp/TOV3392D_P69/TOV3392D_P69-7.fastp.json	found	
TOV3392D_P69	nf-core/sarek 3.5.1 run angry_allen (session 26cf85bf-0ac3-4237-8f48-c36b2ab20bd2, Slurm 3273686, completed 2025-10-23 23:48:40 EDT)	fastp_total_reads_after_filtering	119358272	reads (R1+R2)	reads passing fastp --length_required 15 (adapter trimming disabled)		wes/sarek_3.5.1_run/reports/fastp/TOV3392D_P69/TOV3392D_P69-7.fastp.json	found	
TOV3392D_P69	nf-core/sarek 3.5.1 run angry_allen (session 26cf85bf-0ac3-4237-8f48-c36b2ab20bd2, Slurm 3273686, completed 2025-10-23 23:48:40 EDT)	fastp_q30_rate_after_filtering	0.9135	fraction of bases	bases after filtering		wes/sarek_3.5.1_run/reports/fastp/TOV3392D_P69/TOV3392D_P69-7.fastp.json	found	
TOV3392D_P69	nf-core/sarek 3.5.1 run angry_allen (session 26cf85bf-0ac3-4237-8f48-c36b2ab20bd2, Slurm 3273686, completed 2025-10-23 23:48:40 EDT)	fastp_gc_content_after_filtering	0.4515	fraction	bases after filtering		wes/sarek_3.5.1_run/reports/fastp/TOV3392D_P69/TOV3392D_P69-7.fastp.json	found	
TOV3392D_P69	nf-core/sarek 3.5.1 run angry_allen (session 26cf85bf-0ac3-4237-8f48-c36b2ab20bd2, Slurm 3273686, completed 2025-10-23 23:48:40 EDT)	fastp_duplication_rate	0.1004	fraction of reads	fastp sequence-level estimate before alignment		wes/sarek_3.5.1_run/reports/fastp/TOV3392D_P69/TOV3392D_P69-7.fastp.json	found	
TOV3392D_P69	nf-core/sarek 3.5.1 run angry_allen (session 26cf85bf-0ac3-4237-8f48-c36b2ab20bd2, Slurm 3273686, completed 2025-10-23 23:48:40 EDT)	fastp_insert_size_peak	165	bp	fastp overlap-based estimate		wes/sarek_3.5.1_run/reports/fastp/TOV3392D_P69/TOV3392D_P69-7.fastp.json	found	
TOV3392D_P69	nf-core/sarek 3.5.1 run angry_allen (session 26cf85bf-0ac3-4237-8f48-c36b2ab20bd2, Slurm 3273686, completed 2025-10-23 23:48:40 EDT)	fastp_read_length_mean_R1	100	bp			wes/sarek_3.5.1_run/reports/fastp/TOV3392D_P69/TOV3392D_P69-7.fastp.json	found	
TOV3392D_P69	nf-core/sarek 3.5.1 run angry_allen (session 26cf85bf-0ac3-4237-8f48-c36b2ab20bd2, Slurm 3273686, completed 2025-10-23 23:48:40 EDT)	samtools_stats_md_raw_total_sequences	119358272	reads	all reads, genome-wide (duplicate-marked CRAM)		wes/sarek_3.5.1_run/reports/samtools/TOV3392D_P69/TOV3392D_P69.md.cram.stats	found	
TOV3392D_P69	nf-core/sarek 3.5.1 run angry_allen (session 26cf85bf-0ac3-4237-8f48-c36b2ab20bd2, Slurm 3273686, completed 2025-10-23 23:48:40 EDT)	samtools_stats_md_reads_mapped	119260892	reads	all reads, genome-wide (duplicate-marked CRAM)		wes/sarek_3.5.1_run/reports/samtools/TOV3392D_P69/TOV3392D_P69.md.cram.stats	found	
TOV3392D_P69	nf-core/sarek 3.5.1 run angry_allen (session 26cf85bf-0ac3-4237-8f48-c36b2ab20bd2, Slurm 3273686, completed 2025-10-23 23:48:40 EDT)	samtools_stats_md_reads_mapped_and_paired	119251566	reads	all reads, genome-wide (duplicate-marked CRAM)		wes/sarek_3.5.1_run/reports/samtools/TOV3392D_P69/TOV3392D_P69.md.cram.stats	found	
TOV3392D_P69	nf-core/sarek 3.5.1 run angry_allen (session 26cf85bf-0ac3-4237-8f48-c36b2ab20bd2, Slurm 3273686, completed 2025-10-23 23:48:40 EDT)	samtools_stats_md_reads_properly_paired	117654316	reads	all reads, genome-wide (duplicate-marked CRAM)		wes/sarek_3.5.1_run/reports/samtools/TOV3392D_P69/TOV3392D_P69.md.cram.stats	found	
TOV3392D_P69	nf-core/sarek 3.5.1 run angry_allen (session 26cf85bf-0ac3-4237-8f48-c36b2ab20bd2, Slurm 3273686, completed 2025-10-23 23:48:40 EDT)	samtools_stats_md_reads_duplicated	18272616	reads	all reads, genome-wide (duplicate-marked CRAM)		wes/sarek_3.5.1_run/reports/samtools/TOV3392D_P69/TOV3392D_P69.md.cram.stats	found	
TOV3392D_P69	nf-core/sarek 3.5.1 run angry_allen (session 26cf85bf-0ac3-4237-8f48-c36b2ab20bd2, Slurm 3273686, completed 2025-10-23 23:48:40 EDT)	samtools_stats_md_reads_MQ0	16520221	reads	all reads, genome-wide (duplicate-marked CRAM)		wes/sarek_3.5.1_run/reports/samtools/TOV3392D_P69/TOV3392D_P69.md.cram.stats	found	
TOV3392D_P69	nf-core/sarek 3.5.1 run angry_allen (session 26cf85bf-0ac3-4237-8f48-c36b2ab20bd2, Slurm 3273686, completed 2025-10-23 23:48:40 EDT)	samtools_stats_md_reads_unmapped	97380	reads	all reads, genome-wide (duplicate-marked CRAM)		wes/sarek_3.5.1_run/reports/samtools/TOV3392D_P69/TOV3392D_P69.md.cram.stats	found	
TOV3392D_P69	nf-core/sarek 3.5.1 run angry_allen (session 26cf85bf-0ac3-4237-8f48-c36b2ab20bd2, Slurm 3273686, completed 2025-10-23 23:48:40 EDT)	samtools_stats_md_error_rate	5.069499e-03	fraction	all reads, genome-wide (duplicate-marked CRAM)		wes/sarek_3.5.1_run/reports/samtools/TOV3392D_P69/TOV3392D_P69.md.cram.stats	found	
TOV3392D_P69	nf-core/sarek 3.5.1 run angry_allen (session 26cf85bf-0ac3-4237-8f48-c36b2ab20bd2, Slurm 3273686, completed 2025-10-23 23:48:40 EDT)	samtools_stats_md_average_length	100	bp	all reads, genome-wide (duplicate-marked CRAM)		wes/sarek_3.5.1_run/reports/samtools/TOV3392D_P69/TOV3392D_P69.md.cram.stats	found	
TOV3392D_P69	nf-core/sarek 3.5.1 run angry_allen (session 26cf85bf-0ac3-4237-8f48-c36b2ab20bd2, Slurm 3273686, completed 2025-10-23 23:48:40 EDT)	samtools_stats_md_insert_size_average	256.6	bp	all reads, genome-wide (duplicate-marked CRAM)		wes/sarek_3.5.1_run/reports/samtools/TOV3392D_P69/TOV3392D_P69.md.cram.stats	found	
TOV3392D_P69	nf-core/sarek 3.5.1 run angry_allen (session 26cf85bf-0ac3-4237-8f48-c36b2ab20bd2, Slurm 3273686, completed 2025-10-23 23:48:40 EDT)	samtools_stats_md_insert_size_standard_deviation	111.0	bp	all reads, genome-wide (duplicate-marked CRAM)		wes/sarek_3.5.1_run/reports/samtools/TOV3392D_P69/TOV3392D_P69.md.cram.stats	found	
TOV3392D_P69	nf-core/sarek 3.5.1 run angry_allen (session 26cf85bf-0ac3-4237-8f48-c36b2ab20bd2, Slurm 3273686, completed 2025-10-23 23:48:40 EDT)	samtools_stats_md_percentage_of_properly_paired_reads_pct	98.6	percent	all reads, genome-wide (duplicate-marked CRAM)		wes/sarek_3.5.1_run/reports/samtools/TOV3392D_P69/TOV3392D_P69.md.cram.stats	found	
TOV3392D_P69	nf-core/sarek 3.5.1 run angry_allen (session 26cf85bf-0ac3-4237-8f48-c36b2ab20bd2, Slurm 3273686, completed 2025-10-23 23:48:40 EDT)	samtools_stats_md_bases_mapped_cigar	11931861023	bp	all reads, genome-wide (duplicate-marked CRAM)		wes/sarek_3.5.1_run/reports/samtools/TOV3392D_P69/TOV3392D_P69.md.cram.stats	found	
TOV3392D_P69	nf-core/sarek 3.5.1 run angry_allen (session 26cf85bf-0ac3-4237-8f48-c36b2ab20bd2, Slurm 3273686, completed 2025-10-23 23:48:40 EDT)	samtools_stats_md_average_quality	37.9	reads	all reads, genome-wide (duplicate-marked CRAM)		wes/sarek_3.5.1_run/reports/samtools/TOV3392D_P69/TOV3392D_P69.md.cram.stats	found	
TOV3392D_P69	nf-core/sarek 3.5.1 run angry_allen (session 26cf85bf-0ac3-4237-8f48-c36b2ab20bd2, Slurm 3273686, completed 2025-10-23 23:48:40 EDT)	samtools_stats_recal_raw_total_sequences	82015761	reads	reads retained after per-interval ApplyBQSR (interval-restricted CRAM used for calling)		wes/sarek_3.5.1_run/reports/samtools/TOV3392D_P69/TOV3392D_P69.recal.cram.stats	found	
TOV3392D_P69	nf-core/sarek 3.5.1 run angry_allen (session 26cf85bf-0ac3-4237-8f48-c36b2ab20bd2, Slurm 3273686, completed 2025-10-23 23:48:40 EDT)	samtools_stats_recal_reads_mapped	82012732	reads	reads retained after per-interval ApplyBQSR (interval-restricted CRAM used for calling)		wes/sarek_3.5.1_run/reports/samtools/TOV3392D_P69/TOV3392D_P69.recal.cram.stats	found	
TOV3392D_P69	nf-core/sarek 3.5.1 run angry_allen (session 26cf85bf-0ac3-4237-8f48-c36b2ab20bd2, Slurm 3273686, completed 2025-10-23 23:48:40 EDT)	samtools_stats_recal_reads_mapped_and_paired	82008770	reads	reads retained after per-interval ApplyBQSR (interval-restricted CRAM used for calling)		wes/sarek_3.5.1_run/reports/samtools/TOV3392D_P69/TOV3392D_P69.recal.cram.stats	found	
TOV3392D_P69	nf-core/sarek 3.5.1 run angry_allen (session 26cf85bf-0ac3-4237-8f48-c36b2ab20bd2, Slurm 3273686, completed 2025-10-23 23:48:40 EDT)	samtools_stats_recal_reads_properly_paired	81462831	reads	reads retained after per-interval ApplyBQSR (interval-restricted CRAM used for calling)		wes/sarek_3.5.1_run/reports/samtools/TOV3392D_P69/TOV3392D_P69.recal.cram.stats	found	
TOV3392D_P69	nf-core/sarek 3.5.1 run angry_allen (session 26cf85bf-0ac3-4237-8f48-c36b2ab20bd2, Slurm 3273686, completed 2025-10-23 23:48:40 EDT)	samtools_stats_recal_reads_duplicated	12673521	reads	reads retained after per-interval ApplyBQSR (interval-restricted CRAM used for calling)		wes/sarek_3.5.1_run/reports/samtools/TOV3392D_P69/TOV3392D_P69.recal.cram.stats	found	
TOV3392D_P69	nf-core/sarek 3.5.1 run angry_allen (session 26cf85bf-0ac3-4237-8f48-c36b2ab20bd2, Slurm 3273686, completed 2025-10-23 23:48:40 EDT)	samtools_stats_recal_reads_MQ0	10153375	reads	reads retained after per-interval ApplyBQSR (interval-restricted CRAM used for calling)		wes/sarek_3.5.1_run/reports/samtools/TOV3392D_P69/TOV3392D_P69.recal.cram.stats	found	
TOV3392D_P69	nf-core/sarek 3.5.1 run angry_allen (session 26cf85bf-0ac3-4237-8f48-c36b2ab20bd2, Slurm 3273686, completed 2025-10-23 23:48:40 EDT)	samtools_stats_recal_reads_unmapped	3029	reads	reads retained after per-interval ApplyBQSR (interval-restricted CRAM used for calling)		wes/sarek_3.5.1_run/reports/samtools/TOV3392D_P69/TOV3392D_P69.recal.cram.stats	found	
TOV3392D_P69	nf-core/sarek 3.5.1 run angry_allen (session 26cf85bf-0ac3-4237-8f48-c36b2ab20bd2, Slurm 3273686, completed 2025-10-23 23:48:40 EDT)	samtools_stats_recal_error_rate	4.331012e-03	fraction	reads retained after per-interval ApplyBQSR (interval-restricted CRAM used for calling)		wes/sarek_3.5.1_run/reports/samtools/TOV3392D_P69/TOV3392D_P69.recal.cram.stats	found	
TOV3392D_P69	nf-core/sarek 3.5.1 run angry_allen (session 26cf85bf-0ac3-4237-8f48-c36b2ab20bd2, Slurm 3273686, completed 2025-10-23 23:48:40 EDT)	samtools_stats_recal_average_length	100	bp	reads retained after per-interval ApplyBQSR (interval-restricted CRAM used for calling)		wes/sarek_3.5.1_run/reports/samtools/TOV3392D_P69/TOV3392D_P69.recal.cram.stats	found	
TOV3392D_P69	nf-core/sarek 3.5.1 run angry_allen (session 26cf85bf-0ac3-4237-8f48-c36b2ab20bd2, Slurm 3273686, completed 2025-10-23 23:48:40 EDT)	samtools_stats_recal_insert_size_average	239.0	bp	reads retained after per-interval ApplyBQSR (interval-restricted CRAM used for calling)		wes/sarek_3.5.1_run/reports/samtools/TOV3392D_P69/TOV3392D_P69.recal.cram.stats	found	
TOV3392D_P69	nf-core/sarek 3.5.1 run angry_allen (session 26cf85bf-0ac3-4237-8f48-c36b2ab20bd2, Slurm 3273686, completed 2025-10-23 23:48:40 EDT)	samtools_stats_recal_insert_size_standard_deviation	97.6	bp	reads retained after per-interval ApplyBQSR (interval-restricted CRAM used for calling)		wes/sarek_3.5.1_run/reports/samtools/TOV3392D_P69/TOV3392D_P69.recal.cram.stats	found	
TOV3392D_P69	nf-core/sarek 3.5.1 run angry_allen (session 26cf85bf-0ac3-4237-8f48-c36b2ab20bd2, Slurm 3273686, completed 2025-10-23 23:48:40 EDT)	samtools_stats_recal_percentage_of_properly_paired_reads_pct	99.3	percent	reads retained after per-interval ApplyBQSR (interval-restricted CRAM used for calling)		wes/sarek_3.5.1_run/reports/samtools/TOV3392D_P69/TOV3392D_P69.recal.cram.stats	found	
TOV3392D_P69	nf-core/sarek 3.5.1 run angry_allen (session 26cf85bf-0ac3-4237-8f48-c36b2ab20bd2, Slurm 3273686, completed 2025-10-23 23:48:40 EDT)	samtools_stats_recal_bases_mapped_cigar	8184446092	bp	reads retained after per-interval ApplyBQSR (interval-restricted CRAM used for calling)		wes/sarek_3.5.1_run/reports/samtools/TOV3392D_P69/TOV3392D_P69.recal.cram.stats	found	
TOV3392D_P69	nf-core/sarek 3.5.1 run angry_allen (session 26cf85bf-0ac3-4237-8f48-c36b2ab20bd2, Slurm 3273686, completed 2025-10-23 23:48:40 EDT)	samtools_stats_recal_average_quality	33.6	reads	reads retained after per-interval ApplyBQSR (interval-restricted CRAM used for calling)		wes/sarek_3.5.1_run/reports/samtools/TOV3392D_P69/TOV3392D_P69.recal.cram.stats	found	
TOV3392D_P69	nf-core/sarek 3.5.1 run angry_allen (session 26cf85bf-0ac3-4237-8f48-c36b2ab20bd2, Slurm 3273686, completed 2025-10-23 23:48:40 EDT)	mosdepth_md_mean_depth_genome	2.90	x	whole reference (3213647619 bp)		wes/sarek_3.5.1_run/reports/mosdepth/TOV3392D_P69/TOV3392D_P69.md.mosdepth.summary.txt	found	
TOV3392D_P69	nf-core/sarek 3.5.1 run angry_allen (session 26cf85bf-0ac3-4237-8f48-c36b2ab20bd2, Slurm 3273686, completed 2025-10-23 23:48:40 EDT)	mosdepth_md_mean_depth_target	78.68	x	target bases (63709951 bp, --by intervals_sorted.bed)	intervals_sorted.bed (242,421 hg38 intervals lifted from SeqCap EZ Exome v3; 63,709,951 bp summed, 63,514,049 bp merged)	wes/sarek_3.5.1_run/reports/mosdepth/TOV3392D_P69/TOV3392D_P69.md.mosdepth.summary.txt	found	mean of per-base depth over the target footprint; mosdepth counts duplicates unless flagged (Sarek default)
TOV3392D_P69	nf-core/sarek 3.5.1 run angry_allen (session 26cf85bf-0ac3-4237-8f48-c36b2ab20bd2, Slurm 3273686, completed 2025-10-23 23:48:40 EDT)	mosdepth_md_fraction_target_bases_ge_100x	0.20	fraction	target bases	intervals_sorted.bed (242,421 hg38 intervals lifted from SeqCap EZ Exome v3; 63,709,951 bp summed, 63,514,049 bp merged)	wes/sarek_3.5.1_run/reports/mosdepth/TOV3392D_P69/TOV3392D_P69.md.mosdepth.region.dist.txt	found	
TOV3392D_P69	nf-core/sarek 3.5.1 run angry_allen (session 26cf85bf-0ac3-4237-8f48-c36b2ab20bd2, Slurm 3273686, completed 2025-10-23 23:48:40 EDT)	mosdepth_md_fraction_target_bases_ge_50x	0.59	fraction	target bases	intervals_sorted.bed (242,421 hg38 intervals lifted from SeqCap EZ Exome v3; 63,709,951 bp summed, 63,514,049 bp merged)	wes/sarek_3.5.1_run/reports/mosdepth/TOV3392D_P69/TOV3392D_P69.md.mosdepth.region.dist.txt	found	
TOV3392D_P69	nf-core/sarek 3.5.1 run angry_allen (session 26cf85bf-0ac3-4237-8f48-c36b2ab20bd2, Slurm 3273686, completed 2025-10-23 23:48:40 EDT)	mosdepth_md_fraction_target_bases_ge_30x	0.83	fraction	target bases	intervals_sorted.bed (242,421 hg38 intervals lifted from SeqCap EZ Exome v3; 63,709,951 bp summed, 63,514,049 bp merged)	wes/sarek_3.5.1_run/reports/mosdepth/TOV3392D_P69/TOV3392D_P69.md.mosdepth.region.dist.txt	found	
TOV3392D_P69	nf-core/sarek 3.5.1 run angry_allen (session 26cf85bf-0ac3-4237-8f48-c36b2ab20bd2, Slurm 3273686, completed 2025-10-23 23:48:40 EDT)	mosdepth_md_fraction_target_bases_ge_20x	0.91	fraction	target bases	intervals_sorted.bed (242,421 hg38 intervals lifted from SeqCap EZ Exome v3; 63,709,951 bp summed, 63,514,049 bp merged)	wes/sarek_3.5.1_run/reports/mosdepth/TOV3392D_P69/TOV3392D_P69.md.mosdepth.region.dist.txt	found	
TOV3392D_P69	nf-core/sarek 3.5.1 run angry_allen (session 26cf85bf-0ac3-4237-8f48-c36b2ab20bd2, Slurm 3273686, completed 2025-10-23 23:48:40 EDT)	mosdepth_md_fraction_target_bases_ge_10x	0.97	fraction	target bases	intervals_sorted.bed (242,421 hg38 intervals lifted from SeqCap EZ Exome v3; 63,709,951 bp summed, 63,514,049 bp merged)	wes/sarek_3.5.1_run/reports/mosdepth/TOV3392D_P69/TOV3392D_P69.md.mosdepth.region.dist.txt	found	
TOV3392D_P69	nf-core/sarek 3.5.1 run angry_allen (session 26cf85bf-0ac3-4237-8f48-c36b2ab20bd2, Slurm 3273686, completed 2025-10-23 23:48:40 EDT)	mosdepth_md_fraction_target_bases_ge_1x	0.99	fraction	target bases	intervals_sorted.bed (242,421 hg38 intervals lifted from SeqCap EZ Exome v3; 63,709,951 bp summed, 63,514,049 bp merged)	wes/sarek_3.5.1_run/reports/mosdepth/TOV3392D_P69/TOV3392D_P69.md.mosdepth.region.dist.txt	found	
TOV3392D_P69	nf-core/sarek 3.5.1 run angry_allen (session 26cf85bf-0ac3-4237-8f48-c36b2ab20bd2, Slurm 3273686, completed 2025-10-23 23:48:40 EDT)	mosdepth_recal_mean_depth_genome	2.04	x	whole reference (3092580710 bp)		wes/sarek_3.5.1_run/reports/mosdepth/TOV3392D_P69/TOV3392D_P69.recal.mosdepth.summary.txt	found	
TOV3392D_P69	nf-core/sarek 3.5.1 run angry_allen (session 26cf85bf-0ac3-4237-8f48-c36b2ab20bd2, Slurm 3273686, completed 2025-10-23 23:48:40 EDT)	mosdepth_recal_mean_depth_target	78.68	x	target bases (63709402 bp, --by intervals_sorted.bed)	intervals_sorted.bed (242,421 hg38 intervals lifted from SeqCap EZ Exome v3; 63,709,951 bp summed, 63,514,049 bp merged)	wes/sarek_3.5.1_run/reports/mosdepth/TOV3392D_P69/TOV3392D_P69.recal.mosdepth.summary.txt	found	mean of per-base depth over the target footprint; mosdepth counts duplicates unless flagged (Sarek default)
TOV3392D_P69	nf-core/sarek 3.5.1 run angry_allen (session 26cf85bf-0ac3-4237-8f48-c36b2ab20bd2, Slurm 3273686, completed 2025-10-23 23:48:40 EDT)	mosdepth_recal_fraction_target_bases_ge_100x	0.20	fraction	target bases	intervals_sorted.bed (242,421 hg38 intervals lifted from SeqCap EZ Exome v3; 63,709,951 bp summed, 63,514,049 bp merged)	wes/sarek_3.5.1_run/reports/mosdepth/TOV3392D_P69/TOV3392D_P69.recal.mosdepth.region.dist.txt	found	
TOV3392D_P69	nf-core/sarek 3.5.1 run angry_allen (session 26cf85bf-0ac3-4237-8f48-c36b2ab20bd2, Slurm 3273686, completed 2025-10-23 23:48:40 EDT)	mosdepth_recal_fraction_target_bases_ge_50x	0.59	fraction	target bases	intervals_sorted.bed (242,421 hg38 intervals lifted from SeqCap EZ Exome v3; 63,709,951 bp summed, 63,514,049 bp merged)	wes/sarek_3.5.1_run/reports/mosdepth/TOV3392D_P69/TOV3392D_P69.recal.mosdepth.region.dist.txt	found	
TOV3392D_P69	nf-core/sarek 3.5.1 run angry_allen (session 26cf85bf-0ac3-4237-8f48-c36b2ab20bd2, Slurm 3273686, completed 2025-10-23 23:48:40 EDT)	mosdepth_recal_fraction_target_bases_ge_30x	0.83	fraction	target bases	intervals_sorted.bed (242,421 hg38 intervals lifted from SeqCap EZ Exome v3; 63,709,951 bp summed, 63,514,049 bp merged)	wes/sarek_3.5.1_run/reports/mosdepth/TOV3392D_P69/TOV3392D_P69.recal.mosdepth.region.dist.txt	found	
TOV3392D_P69	nf-core/sarek 3.5.1 run angry_allen (session 26cf85bf-0ac3-4237-8f48-c36b2ab20bd2, Slurm 3273686, completed 2025-10-23 23:48:40 EDT)	mosdepth_recal_fraction_target_bases_ge_20x	0.91	fraction	target bases	intervals_sorted.bed (242,421 hg38 intervals lifted from SeqCap EZ Exome v3; 63,709,951 bp summed, 63,514,049 bp merged)	wes/sarek_3.5.1_run/reports/mosdepth/TOV3392D_P69/TOV3392D_P69.recal.mosdepth.region.dist.txt	found	
TOV3392D_P69	nf-core/sarek 3.5.1 run angry_allen (session 26cf85bf-0ac3-4237-8f48-c36b2ab20bd2, Slurm 3273686, completed 2025-10-23 23:48:40 EDT)	mosdepth_recal_fraction_target_bases_ge_10x	0.97	fraction	target bases	intervals_sorted.bed (242,421 hg38 intervals lifted from SeqCap EZ Exome v3; 63,709,951 bp summed, 63,514,049 bp merged)	wes/sarek_3.5.1_run/reports/mosdepth/TOV3392D_P69/TOV3392D_P69.recal.mosdepth.region.dist.txt	found	
TOV3392D_P69	nf-core/sarek 3.5.1 run angry_allen (session 26cf85bf-0ac3-4237-8f48-c36b2ab20bd2, Slurm 3273686, completed 2025-10-23 23:48:40 EDT)	mosdepth_recal_fraction_target_bases_ge_1x	0.99	fraction	target bases	intervals_sorted.bed (242,421 hg38 intervals lifted from SeqCap EZ Exome v3; 63,709,951 bp summed, 63,514,049 bp merged)	wes/sarek_3.5.1_run/reports/mosdepth/TOV3392D_P69/TOV3392D_P69.recal.mosdepth.region.dist.txt	found	
TOV3392D_P69	nf-core/sarek 3.5.1 run angry_allen (session 26cf85bf-0ac3-4237-8f48-c36b2ab20bd2, Slurm 3273686, completed 2025-10-23 23:48:40 EDT)	gatk_calculatecontamination_estimate	0.002808991798824329	fraction	GetPileupSummaries on af-only-gnomad.hg38 sites within calling intervals; tumour-only		wes/sarek_3.5.1_run/variant_calling/mutect2/TOV3392D_P69/TOV3392D_P69.mutect2.contamination.table	found	cross-sample contamination estimate, error=9.096271508640518E-4; not a stock-authentication result
TOV3392D_P69	nf-core/sarek 3.5.1 run angry_kilby (session 26cf85bf, Slurm 3377445, 2025-10-24, failed at GETPILEUPSUMMARIES TOV3133D_P66)	cnvkit_reads_in_target_bins	55604559	reads	mapped reads in recal BAM (interval-restricted)	cnvkit.reference.target-tmp.bed (242,421 bins)	wes/sarek_3.5.1_run/task_evidence/oct24_CNVKIT_BATCH_TOV3392D_P69.a0_b412be85b4ae656bd8ffb7530b658f/.command.err	found	
TOV3392D_P69	nf-core/sarek 3.5.1 run angry_kilby (session 26cf85bf, Slurm 3377445, 2025-10-24, failed at GETPILEUPSUMMARIES TOV3133D_P66)	cnvkit_percent_mapped_reads_in_target_bins	67.771	percent	82047488 mapped reads in recal BAM (interval-restricted, so not a genome-wide on-target fraction)	cnvkit.reference.target-tmp.bed (242,421 bins)	wes/sarek_3.5.1_run/task_evidence/oct24_CNVKIT_BATCH_TOV3392D_P69.a0_b412be85b4ae656bd8ffb7530b658f/.command.err	found	Sarek-internal CNVkit batch (flat reference) task log; recal CRAM excludes off-interval reads, so genome-wide on-target fraction must use md CRAM stats
TOV3392D_P69	manual CNVkit 0.9.10 batch (apptainer image cnvkit-0.9.10--pyhdfd78af_0.img), outputs dated 2025-11-14 to 2025-12-03	cnvkit_target_mean_depth_length_weighted	86.17	x	63514049 bp in 290475 target bins (CNVkit depth column)	intervals_sorted.target.bed (290,475 CNVkit autobin-split target bins, sha256 2177970f...; 63,514,049 bp)	wes/cnvkit_0.9.10_manual/TOV3392D_P69_new/TOV3392D_P69.targetcoverage.cnn	found	derived here from the retained coverage file; not a pipeline-reported number
TOV3392D_P69	manual CNVkit 0.9.10 batch (apptainer image cnvkit-0.9.10--pyhdfd78af_0.img), outputs dated 2025-11-14 to 2025-12-03	cnvkit_target_bins_zero_depth	1473	bins	290475 target bins	intervals_sorted.target.bed (290,475 CNVkit autobin-split target bins, sha256 2177970f...; 63,514,049 bp)	wes/cnvkit_0.9.10_manual/TOV3392D_P69_new/TOV3392D_P69.targetcoverage.cnn	found	derived here
TOV3392D_P69	manual CNVkit 0.9.10 batch (apptainer image cnvkit-0.9.10--pyhdfd78af_0.img), outputs dated 2025-11-14 to 2025-12-03	cnvkit_call_segments	88	segments		intervals_sorted.target.bed (290,475 CNVkit autobin-split target bins, sha256 2177970f...; 63,514,049 bp)	wes/cnvkit_0.9.10_manual/TOV3392D_P69_new/TOV3392D_P69.call.cns	found	
TOV3392D_P69	nf-core/sarek 3.5.1 run angry_allen (session 26cf85bf-0ac3-4237-8f48-c36b2ab20bd2, Slurm 3273686, completed 2025-10-23 23:48:40 EDT)	bcftools_stats_filtered_vcf_number_of_records	25746	records	all records in mutect2.filtered.vcf.gz (PASS and non-PASS)		wes/sarek_3.5.1_run/multiqc/multiqc_data/multiqc_bcftools_stats.txt	found	
TOV3392D_P69	nf-core/sarek 3.5.1 run angry_allen (session 26cf85bf-0ac3-4237-8f48-c36b2ab20bd2, Slurm 3273686, completed 2025-10-23 23:48:40 EDT)	bcftools_stats_filtered_vcf_number_of_SNPs	16057	records	all records in mutect2.filtered.vcf.gz (PASS and non-PASS)		wes/sarek_3.5.1_run/multiqc/multiqc_data/multiqc_bcftools_stats.txt	found	
TOV3392D_P69	nf-core/sarek 3.5.1 run angry_allen (session 26cf85bf-0ac3-4237-8f48-c36b2ab20bd2, Slurm 3273686, completed 2025-10-23 23:48:40 EDT)	bcftools_stats_filtered_vcf_number_of_indels	7972	records	all records in mutect2.filtered.vcf.gz (PASS and non-PASS)		wes/sarek_3.5.1_run/multiqc/multiqc_data/multiqc_bcftools_stats.txt	found	
TOV3392D_P69	nf-core/sarek 3.5.1 run angry_allen (session 26cf85bf-0ac3-4237-8f48-c36b2ab20bd2, Slurm 3273686, completed 2025-10-23 23:48:40 EDT)	bcftools_stats_filtered_vcf_number_of_MNPs	1971	records	all records in mutect2.filtered.vcf.gz (PASS and non-PASS)		wes/sarek_3.5.1_run/multiqc/multiqc_data/multiqc_bcftools_stats.txt	found	
TOV3392D_P69	nf-core/sarek 3.5.1 run angry_allen (session 26cf85bf-0ac3-4237-8f48-c36b2ab20bd2, Slurm 3273686, completed 2025-10-23 23:48:40 EDT)	bcftools_stats_filtered_vcf_tstv	1.1	ratio	all records in mutect2.filtered.vcf.gz (PASS and non-PASS)		wes/sarek_3.5.1_run/multiqc/multiqc_data/multiqc_bcftools_stats.txt	found	
TOV3392D_P69	nf-core/sarek 3.5.1 run angry_allen (session 26cf85bf-0ac3-4237-8f48-c36b2ab20bd2, Slurm 3273686, completed 2025-10-23 23:48:40 EDT)	vcftools_filtered_vcf_PASS_records	660	records	records in mutect2.filtered.vcf.gz		wes/sarek_3.5.1_run/reports/vcftools/mutect2/TOV3392D_P69/TOV3392D_P69.mutect2.filtered.FILTER.summary	found	
TOV81D_P23	nf-core/sarek 3.5.1 run angry_allen (session 26cf85bf-0ac3-4237-8f48-c36b2ab20bd2, Slurm 3273686, completed 2025-10-23 23:48:40 EDT)	fastp_total_reads_before_filtering	130101168	reads (R1+R2)	all reads in provider BAM converted to FASTQ		wes/sarek_3.5.1_run/reports/fastp/TOV81D_P23/TOV81D_P23-6.fastp.json	found	
TOV81D_P23	nf-core/sarek 3.5.1 run angry_allen (session 26cf85bf-0ac3-4237-8f48-c36b2ab20bd2, Slurm 3273686, completed 2025-10-23 23:48:40 EDT)	fastp_total_reads_after_filtering	128533696	reads (R1+R2)	reads passing fastp --length_required 15 (adapter trimming disabled)		wes/sarek_3.5.1_run/reports/fastp/TOV81D_P23/TOV81D_P23-6.fastp.json	found	
TOV81D_P23	nf-core/sarek 3.5.1 run angry_allen (session 26cf85bf-0ac3-4237-8f48-c36b2ab20bd2, Slurm 3273686, completed 2025-10-23 23:48:40 EDT)	fastp_q30_rate_after_filtering	0.9261	fraction of bases	bases after filtering		wes/sarek_3.5.1_run/reports/fastp/TOV81D_P23/TOV81D_P23-6.fastp.json	found	
TOV81D_P23	nf-core/sarek 3.5.1 run angry_allen (session 26cf85bf-0ac3-4237-8f48-c36b2ab20bd2, Slurm 3273686, completed 2025-10-23 23:48:40 EDT)	fastp_gc_content_after_filtering	0.4292	fraction	bases after filtering		wes/sarek_3.5.1_run/reports/fastp/TOV81D_P23/TOV81D_P23-6.fastp.json	found	
TOV81D_P23	nf-core/sarek 3.5.1 run angry_allen (session 26cf85bf-0ac3-4237-8f48-c36b2ab20bd2, Slurm 3273686, completed 2025-10-23 23:48:40 EDT)	fastp_duplication_rate	0.1149	fraction of reads	fastp sequence-level estimate before alignment		wes/sarek_3.5.1_run/reports/fastp/TOV81D_P23/TOV81D_P23-6.fastp.json	found	
TOV81D_P23	nf-core/sarek 3.5.1 run angry_allen (session 26cf85bf-0ac3-4237-8f48-c36b2ab20bd2, Slurm 3273686, completed 2025-10-23 23:48:40 EDT)	fastp_insert_size_peak	138	bp	fastp overlap-based estimate		wes/sarek_3.5.1_run/reports/fastp/TOV81D_P23/TOV81D_P23-6.fastp.json	found	
TOV81D_P23	nf-core/sarek 3.5.1 run angry_allen (session 26cf85bf-0ac3-4237-8f48-c36b2ab20bd2, Slurm 3273686, completed 2025-10-23 23:48:40 EDT)	fastp_read_length_mean_R1	99	bp			wes/sarek_3.5.1_run/reports/fastp/TOV81D_P23/TOV81D_P23-6.fastp.json	found	
TOV81D_P23	nf-core/sarek 3.5.1 run angry_allen (session 26cf85bf-0ac3-4237-8f48-c36b2ab20bd2, Slurm 3273686, completed 2025-10-23 23:48:40 EDT)	samtools_stats_md_raw_total_sequences	128533696	reads	all reads, genome-wide (duplicate-marked CRAM)		wes/sarek_3.5.1_run/reports/samtools/TOV81D_P23/TOV81D_P23.md.cram.stats	found	
TOV81D_P23	nf-core/sarek 3.5.1 run angry_allen (session 26cf85bf-0ac3-4237-8f48-c36b2ab20bd2, Slurm 3273686, completed 2025-10-23 23:48:40 EDT)	samtools_stats_md_reads_mapped	128497280	reads	all reads, genome-wide (duplicate-marked CRAM)		wes/sarek_3.5.1_run/reports/samtools/TOV81D_P23/TOV81D_P23.md.cram.stats	found	
TOV81D_P23	nf-core/sarek 3.5.1 run angry_allen (session 26cf85bf-0ac3-4237-8f48-c36b2ab20bd2, Slurm 3273686, completed 2025-10-23 23:48:40 EDT)	samtools_stats_md_reads_mapped_and_paired	128490500	reads	all reads, genome-wide (duplicate-marked CRAM)		wes/sarek_3.5.1_run/reports/samtools/TOV81D_P23/TOV81D_P23.md.cram.stats	found	
TOV81D_P23	nf-core/sarek 3.5.1 run angry_allen (session 26cf85bf-0ac3-4237-8f48-c36b2ab20bd2, Slurm 3273686, completed 2025-10-23 23:48:40 EDT)	samtools_stats_md_reads_properly_paired	126900402	reads	all reads, genome-wide (duplicate-marked CRAM)		wes/sarek_3.5.1_run/reports/samtools/TOV81D_P23/TOV81D_P23.md.cram.stats	found	
TOV81D_P23	nf-core/sarek 3.5.1 run angry_allen (session 26cf85bf-0ac3-4237-8f48-c36b2ab20bd2, Slurm 3273686, completed 2025-10-23 23:48:40 EDT)	samtools_stats_md_reads_duplicated	28345777	reads	all reads, genome-wide (duplicate-marked CRAM)		wes/sarek_3.5.1_run/reports/samtools/TOV81D_P23/TOV81D_P23.md.cram.stats	found	
TOV81D_P23	nf-core/sarek 3.5.1 run angry_allen (session 26cf85bf-0ac3-4237-8f48-c36b2ab20bd2, Slurm 3273686, completed 2025-10-23 23:48:40 EDT)	samtools_stats_md_reads_MQ0	18854927	reads	all reads, genome-wide (duplicate-marked CRAM)		wes/sarek_3.5.1_run/reports/samtools/TOV81D_P23/TOV81D_P23.md.cram.stats	found	
TOV81D_P23	nf-core/sarek 3.5.1 run angry_allen (session 26cf85bf-0ac3-4237-8f48-c36b2ab20bd2, Slurm 3273686, completed 2025-10-23 23:48:40 EDT)	samtools_stats_md_reads_unmapped	36416	reads	all reads, genome-wide (duplicate-marked CRAM)		wes/sarek_3.5.1_run/reports/samtools/TOV81D_P23/TOV81D_P23.md.cram.stats	found	
TOV81D_P23	nf-core/sarek 3.5.1 run angry_allen (session 26cf85bf-0ac3-4237-8f48-c36b2ab20bd2, Slurm 3273686, completed 2025-10-23 23:48:40 EDT)	samtools_stats_md_error_rate	4.483055e-03	fraction	all reads, genome-wide (duplicate-marked CRAM)		wes/sarek_3.5.1_run/reports/samtools/TOV81D_P23/TOV81D_P23.md.cram.stats	found	
TOV81D_P23	nf-core/sarek 3.5.1 run angry_allen (session 26cf85bf-0ac3-4237-8f48-c36b2ab20bd2, Slurm 3273686, completed 2025-10-23 23:48:40 EDT)	samtools_stats_md_average_length	99	bp	all reads, genome-wide (duplicate-marked CRAM)		wes/sarek_3.5.1_run/reports/samtools/TOV81D_P23/TOV81D_P23.md.cram.stats	found	
TOV81D_P23	nf-core/sarek 3.5.1 run angry_allen (session 26cf85bf-0ac3-4237-8f48-c36b2ab20bd2, Slurm 3273686, completed 2025-10-23 23:48:40 EDT)	samtools_stats_md_insert_size_average	217.8	bp	all reads, genome-wide (duplicate-marked CRAM)		wes/sarek_3.5.1_run/reports/samtools/TOV81D_P23/TOV81D_P23.md.cram.stats	found	
TOV81D_P23	nf-core/sarek 3.5.1 run angry_allen (session 26cf85bf-0ac3-4237-8f48-c36b2ab20bd2, Slurm 3273686, completed 2025-10-23 23:48:40 EDT)	samtools_stats_md_insert_size_standard_deviation	95.7	bp	all reads, genome-wide (duplicate-marked CRAM)		wes/sarek_3.5.1_run/reports/samtools/TOV81D_P23/TOV81D_P23.md.cram.stats	found	
TOV81D_P23	nf-core/sarek 3.5.1 run angry_allen (session 26cf85bf-0ac3-4237-8f48-c36b2ab20bd2, Slurm 3273686, completed 2025-10-23 23:48:40 EDT)	samtools_stats_md_percentage_of_properly_paired_reads_pct	98.7	percent	all reads, genome-wide (duplicate-marked CRAM)		wes/sarek_3.5.1_run/reports/samtools/TOV81D_P23/TOV81D_P23.md.cram.stats	found	
TOV81D_P23	nf-core/sarek 3.5.1 run angry_allen (session 26cf85bf-0ac3-4237-8f48-c36b2ab20bd2, Slurm 3273686, completed 2025-10-23 23:48:40 EDT)	samtools_stats_md_bases_mapped_cigar	12770109837	bp	all reads, genome-wide (duplicate-marked CRAM)		wes/sarek_3.5.1_run/reports/samtools/TOV81D_P23/TOV81D_P23.md.cram.stats	found	
TOV81D_P23	nf-core/sarek 3.5.1 run angry_allen (session 26cf85bf-0ac3-4237-8f48-c36b2ab20bd2, Slurm 3273686, completed 2025-10-23 23:48:40 EDT)	samtools_stats_md_average_quality	38.3	reads	all reads, genome-wide (duplicate-marked CRAM)		wes/sarek_3.5.1_run/reports/samtools/TOV81D_P23/TOV81D_P23.md.cram.stats	found	
TOV81D_P23	nf-core/sarek 3.5.1 run angry_allen (session 26cf85bf-0ac3-4237-8f48-c36b2ab20bd2, Slurm 3273686, completed 2025-10-23 23:48:40 EDT)	samtools_stats_recal_raw_total_sequences	95315627	reads	reads retained after per-interval ApplyBQSR (interval-restricted CRAM used for calling)		wes/sarek_3.5.1_run/reports/samtools/TOV81D_P23/TOV81D_P23.recal.cram.stats	found	
TOV81D_P23	nf-core/sarek 3.5.1 run angry_allen (session 26cf85bf-0ac3-4237-8f48-c36b2ab20bd2, Slurm 3273686, completed 2025-10-23 23:48:40 EDT)	samtools_stats_recal_reads_mapped	95312734	reads	reads retained after per-interval ApplyBQSR (interval-restricted CRAM used for calling)		wes/sarek_3.5.1_run/reports/samtools/TOV81D_P23/TOV81D_P23.recal.cram.stats	found	
TOV81D_P23	nf-core/sarek 3.5.1 run angry_allen (session 26cf85bf-0ac3-4237-8f48-c36b2ab20bd2, Slurm 3273686, completed 2025-10-23 23:48:40 EDT)	samtools_stats_recal_reads_mapped_and_paired	95308891	reads	reads retained after per-interval ApplyBQSR (interval-restricted CRAM used for calling)		wes/sarek_3.5.1_run/reports/samtools/TOV81D_P23/TOV81D_P23.recal.cram.stats	found	
TOV81D_P23	nf-core/sarek 3.5.1 run angry_allen (session 26cf85bf-0ac3-4237-8f48-c36b2ab20bd2, Slurm 3273686, completed 2025-10-23 23:48:40 EDT)	samtools_stats_recal_reads_properly_paired	94671281	reads	reads retained after per-interval ApplyBQSR (interval-restricted CRAM used for calling)		wes/sarek_3.5.1_run/reports/samtools/TOV81D_P23/TOV81D_P23.recal.cram.stats	found	
TOV81D_P23	nf-core/sarek 3.5.1 run angry_allen (session 26cf85bf-0ac3-4237-8f48-c36b2ab20bd2, Slurm 3273686, completed 2025-10-23 23:48:40 EDT)	samtools_stats_recal_reads_duplicated	21536708	reads	reads retained after per-interval ApplyBQSR (interval-restricted CRAM used for calling)		wes/sarek_3.5.1_run/reports/samtools/TOV81D_P23/TOV81D_P23.recal.cram.stats	found	
TOV81D_P23	nf-core/sarek 3.5.1 run angry_allen (session 26cf85bf-0ac3-4237-8f48-c36b2ab20bd2, Slurm 3273686, completed 2025-10-23 23:48:40 EDT)	samtools_stats_recal_reads_MQ0	12476467	reads	reads retained after per-interval ApplyBQSR (interval-restricted CRAM used for calling)		wes/sarek_3.5.1_run/reports/samtools/TOV81D_P23/TOV81D_P23.recal.cram.stats	found	
TOV81D_P23	nf-core/sarek 3.5.1 run angry_allen (session 26cf85bf-0ac3-4237-8f48-c36b2ab20bd2, Slurm 3273686, completed 2025-10-23 23:48:40 EDT)	samtools_stats_recal_reads_unmapped	2893	reads	reads retained after per-interval ApplyBQSR (interval-restricted CRAM used for calling)		wes/sarek_3.5.1_run/reports/samtools/TOV81D_P23/TOV81D_P23.recal.cram.stats	found	
TOV81D_P23	nf-core/sarek 3.5.1 run angry_allen (session 26cf85bf-0ac3-4237-8f48-c36b2ab20bd2, Slurm 3273686, completed 2025-10-23 23:48:40 EDT)	samtools_stats_recal_error_rate	3.930185e-03	fraction	reads retained after per-interval ApplyBQSR (interval-restricted CRAM used for calling)		wes/sarek_3.5.1_run/reports/samtools/TOV81D_P23/TOV81D_P23.recal.cram.stats	found	
TOV81D_P23	nf-core/sarek 3.5.1 run angry_allen (session 26cf85bf-0ac3-4237-8f48-c36b2ab20bd2, Slurm 3273686, completed 2025-10-23 23:48:40 EDT)	samtools_stats_recal_average_length	99	bp	reads retained after per-interval ApplyBQSR (interval-restricted CRAM used for calling)		wes/sarek_3.5.1_run/reports/samtools/TOV81D_P23/TOV81D_P23.recal.cram.stats	found	
TOV81D_P23	nf-core/sarek 3.5.1 run angry_allen (session 26cf85bf-0ac3-4237-8f48-c36b2ab20bd2, Slurm 3273686, completed 2025-10-23 23:48:40 EDT)	samtools_stats_recal_insert_size_average	204.9	bp	reads retained after per-interval ApplyBQSR (interval-restricted CRAM used for calling)		wes/sarek_3.5.1_run/reports/samtools/TOV81D_P23/TOV81D_P23.recal.cram.stats	found	
TOV81D_P23	nf-core/sarek 3.5.1 run angry_allen (session 26cf85bf-0ac3-4237-8f48-c36b2ab20bd2, Slurm 3273686, completed 2025-10-23 23:48:40 EDT)	samtools_stats_recal_insert_size_standard_deviation	84.9	bp	reads retained after per-interval ApplyBQSR (interval-restricted CRAM used for calling)		wes/sarek_3.5.1_run/reports/samtools/TOV81D_P23/TOV81D_P23.recal.cram.stats	found	
TOV81D_P23	nf-core/sarek 3.5.1 run angry_allen (session 26cf85bf-0ac3-4237-8f48-c36b2ab20bd2, Slurm 3273686, completed 2025-10-23 23:48:40 EDT)	samtools_stats_recal_percentage_of_properly_paired_reads_pct	99.3	percent	reads retained after per-interval ApplyBQSR (interval-restricted CRAM used for calling)		wes/sarek_3.5.1_run/reports/samtools/TOV81D_P23/TOV81D_P23.recal.cram.stats	found	
TOV81D_P23	nf-core/sarek 3.5.1 run angry_allen (session 26cf85bf-0ac3-4237-8f48-c36b2ab20bd2, Slurm 3273686, completed 2025-10-23 23:48:40 EDT)	samtools_stats_recal_bases_mapped_cigar	9452354298	bp	reads retained after per-interval ApplyBQSR (interval-restricted CRAM used for calling)		wes/sarek_3.5.1_run/reports/samtools/TOV81D_P23/TOV81D_P23.recal.cram.stats	found	
TOV81D_P23	nf-core/sarek 3.5.1 run angry_allen (session 26cf85bf-0ac3-4237-8f48-c36b2ab20bd2, Slurm 3273686, completed 2025-10-23 23:48:40 EDT)	samtools_stats_recal_average_quality	33.4	reads	reads retained after per-interval ApplyBQSR (interval-restricted CRAM used for calling)		wes/sarek_3.5.1_run/reports/samtools/TOV81D_P23/TOV81D_P23.recal.cram.stats	found	
TOV81D_P23	nf-core/sarek 3.5.1 run angry_allen (session 26cf85bf-0ac3-4237-8f48-c36b2ab20bd2, Slurm 3273686, completed 2025-10-23 23:48:40 EDT)	mosdepth_md_mean_depth_genome	2.70	x	whole reference (3213854221 bp)		wes/sarek_3.5.1_run/reports/mosdepth/TOV81D_P23/TOV81D_P23.md.mosdepth.summary.txt	found	
TOV81D_P23	nf-core/sarek 3.5.1 run angry_allen (session 26cf85bf-0ac3-4237-8f48-c36b2ab20bd2, Slurm 3273686, completed 2025-10-23 23:48:40 EDT)	mosdepth_md_mean_depth_target	78.76	x	target bases (63709951 bp, --by intervals_sorted.bed)	intervals_sorted.bed (242,421 hg38 intervals lifted from SeqCap EZ Exome v3; 63,709,951 bp summed, 63,514,049 bp merged)	wes/sarek_3.5.1_run/reports/mosdepth/TOV81D_P23/TOV81D_P23.md.mosdepth.summary.txt	found	mean of per-base depth over the target footprint; mosdepth counts duplicates unless flagged (Sarek default)
TOV81D_P23	nf-core/sarek 3.5.1 run angry_allen (session 26cf85bf-0ac3-4237-8f48-c36b2ab20bd2, Slurm 3273686, completed 2025-10-23 23:48:40 EDT)	mosdepth_md_fraction_target_bases_ge_100x	0.21	fraction	target bases	intervals_sorted.bed (242,421 hg38 intervals lifted from SeqCap EZ Exome v3; 63,709,951 bp summed, 63,514,049 bp merged)	wes/sarek_3.5.1_run/reports/mosdepth/TOV81D_P23/TOV81D_P23.md.mosdepth.region.dist.txt	found	
TOV81D_P23	nf-core/sarek 3.5.1 run angry_allen (session 26cf85bf-0ac3-4237-8f48-c36b2ab20bd2, Slurm 3273686, completed 2025-10-23 23:48:40 EDT)	mosdepth_md_fraction_target_bases_ge_50x	0.57	fraction	target bases	intervals_sorted.bed (242,421 hg38 intervals lifted from SeqCap EZ Exome v3; 63,709,951 bp summed, 63,514,049 bp merged)	wes/sarek_3.5.1_run/reports/mosdepth/TOV81D_P23/TOV81D_P23.md.mosdepth.region.dist.txt	found	
TOV81D_P23	nf-core/sarek 3.5.1 run angry_allen (session 26cf85bf-0ac3-4237-8f48-c36b2ab20bd2, Slurm 3273686, completed 2025-10-23 23:48:40 EDT)	mosdepth_md_fraction_target_bases_ge_30x	0.78	fraction	target bases	intervals_sorted.bed (242,421 hg38 intervals lifted from SeqCap EZ Exome v3; 63,709,951 bp summed, 63,514,049 bp merged)	wes/sarek_3.5.1_run/reports/mosdepth/TOV81D_P23/TOV81D_P23.md.mosdepth.region.dist.txt	found	
TOV81D_P23	nf-core/sarek 3.5.1 run angry_allen (session 26cf85bf-0ac3-4237-8f48-c36b2ab20bd2, Slurm 3273686, completed 2025-10-23 23:48:40 EDT)	mosdepth_md_fraction_target_bases_ge_20x	0.88	fraction	target bases	intervals_sorted.bed (242,421 hg38 intervals lifted from SeqCap EZ Exome v3; 63,709,951 bp summed, 63,514,049 bp merged)	wes/sarek_3.5.1_run/reports/mosdepth/TOV81D_P23/TOV81D_P23.md.mosdepth.region.dist.txt	found	
TOV81D_P23	nf-core/sarek 3.5.1 run angry_allen (session 26cf85bf-0ac3-4237-8f48-c36b2ab20bd2, Slurm 3273686, completed 2025-10-23 23:48:40 EDT)	mosdepth_md_fraction_target_bases_ge_10x	0.95	fraction	target bases	intervals_sorted.bed (242,421 hg38 intervals lifted from SeqCap EZ Exome v3; 63,709,951 bp summed, 63,514,049 bp merged)	wes/sarek_3.5.1_run/reports/mosdepth/TOV81D_P23/TOV81D_P23.md.mosdepth.region.dist.txt	found	
TOV81D_P23	nf-core/sarek 3.5.1 run angry_allen (session 26cf85bf-0ac3-4237-8f48-c36b2ab20bd2, Slurm 3273686, completed 2025-10-23 23:48:40 EDT)	mosdepth_md_fraction_target_bases_ge_1x	0.99	fraction	target bases	intervals_sorted.bed (242,421 hg38 intervals lifted from SeqCap EZ Exome v3; 63,709,951 bp summed, 63,514,049 bp merged)	wes/sarek_3.5.1_run/reports/mosdepth/TOV81D_P23/TOV81D_P23.md.mosdepth.region.dist.txt	found	
TOV81D_P23	nf-core/sarek 3.5.1 run angry_allen (session 26cf85bf-0ac3-4237-8f48-c36b2ab20bd2, Slurm 3273686, completed 2025-10-23 23:48:40 EDT)	mosdepth_recal_mean_depth_genome	2.04	x	whole reference (3092843764 bp)		wes/sarek_3.5.1_run/reports/mosdepth/TOV81D_P23/TOV81D_P23.recal.mosdepth.summary.txt	found	
TOV81D_P23	nf-core/sarek 3.5.1 run angry_allen (session 26cf85bf-0ac3-4237-8f48-c36b2ab20bd2, Slurm 3273686, completed 2025-10-23 23:48:40 EDT)	mosdepth_recal_mean_depth_target	78.76	x	target bases (63709444 bp, --by intervals_sorted.bed)	intervals_sorted.bed (242,421 hg38 intervals lifted from SeqCap EZ Exome v3; 63,709,951 bp summed, 63,514,049 bp merged)	wes/sarek_3.5.1_run/reports/mosdepth/TOV81D_P23/TOV81D_P23.recal.mosdepth.summary.txt	found	mean of per-base depth over the target footprint; mosdepth counts duplicates unless flagged (Sarek default)
TOV81D_P23	nf-core/sarek 3.5.1 run angry_allen (session 26cf85bf-0ac3-4237-8f48-c36b2ab20bd2, Slurm 3273686, completed 2025-10-23 23:48:40 EDT)	mosdepth_recal_fraction_target_bases_ge_100x	0.21	fraction	target bases	intervals_sorted.bed (242,421 hg38 intervals lifted from SeqCap EZ Exome v3; 63,709,951 bp summed, 63,514,049 bp merged)	wes/sarek_3.5.1_run/reports/mosdepth/TOV81D_P23/TOV81D_P23.recal.mosdepth.region.dist.txt	found	
TOV81D_P23	nf-core/sarek 3.5.1 run angry_allen (session 26cf85bf-0ac3-4237-8f48-c36b2ab20bd2, Slurm 3273686, completed 2025-10-23 23:48:40 EDT)	mosdepth_recal_fraction_target_bases_ge_50x	0.57	fraction	target bases	intervals_sorted.bed (242,421 hg38 intervals lifted from SeqCap EZ Exome v3; 63,709,951 bp summed, 63,514,049 bp merged)	wes/sarek_3.5.1_run/reports/mosdepth/TOV81D_P23/TOV81D_P23.recal.mosdepth.region.dist.txt	found	
TOV81D_P23	nf-core/sarek 3.5.1 run angry_allen (session 26cf85bf-0ac3-4237-8f48-c36b2ab20bd2, Slurm 3273686, completed 2025-10-23 23:48:40 EDT)	mosdepth_recal_fraction_target_bases_ge_30x	0.78	fraction	target bases	intervals_sorted.bed (242,421 hg38 intervals lifted from SeqCap EZ Exome v3; 63,709,951 bp summed, 63,514,049 bp merged)	wes/sarek_3.5.1_run/reports/mosdepth/TOV81D_P23/TOV81D_P23.recal.mosdepth.region.dist.txt	found	
TOV81D_P23	nf-core/sarek 3.5.1 run angry_allen (session 26cf85bf-0ac3-4237-8f48-c36b2ab20bd2, Slurm 3273686, completed 2025-10-23 23:48:40 EDT)	mosdepth_recal_fraction_target_bases_ge_20x	0.88	fraction	target bases	intervals_sorted.bed (242,421 hg38 intervals lifted from SeqCap EZ Exome v3; 63,709,951 bp summed, 63,514,049 bp merged)	wes/sarek_3.5.1_run/reports/mosdepth/TOV81D_P23/TOV81D_P23.recal.mosdepth.region.dist.txt	found	
TOV81D_P23	nf-core/sarek 3.5.1 run angry_allen (session 26cf85bf-0ac3-4237-8f48-c36b2ab20bd2, Slurm 3273686, completed 2025-10-23 23:48:40 EDT)	mosdepth_recal_fraction_target_bases_ge_10x	0.95	fraction	target bases	intervals_sorted.bed (242,421 hg38 intervals lifted from SeqCap EZ Exome v3; 63,709,951 bp summed, 63,514,049 bp merged)	wes/sarek_3.5.1_run/reports/mosdepth/TOV81D_P23/TOV81D_P23.recal.mosdepth.region.dist.txt	found	
TOV81D_P23	nf-core/sarek 3.5.1 run angry_allen (session 26cf85bf-0ac3-4237-8f48-c36b2ab20bd2, Slurm 3273686, completed 2025-10-23 23:48:40 EDT)	mosdepth_recal_fraction_target_bases_ge_1x	0.99	fraction	target bases	intervals_sorted.bed (242,421 hg38 intervals lifted from SeqCap EZ Exome v3; 63,709,951 bp summed, 63,514,049 bp merged)	wes/sarek_3.5.1_run/reports/mosdepth/TOV81D_P23/TOV81D_P23.recal.mosdepth.region.dist.txt	found	
TOV81D_P23	nf-core/sarek 3.5.1 run angry_allen (session 26cf85bf-0ac3-4237-8f48-c36b2ab20bd2, Slurm 3273686, completed 2025-10-23 23:48:40 EDT)	gatk_calculatecontamination_estimate	0.0013929743228100265	fraction	GetPileupSummaries on af-only-gnomad.hg38 sites within calling intervals; tumour-only		wes/sarek_3.5.1_run/variant_calling/mutect2/TOV81D_P23/TOV81D_P23.mutect2.contamination.table	found	cross-sample contamination estimate, error=2.7665647598192544E-4; not a stock-authentication result
TOV81D_P23	nf-core/sarek 3.5.1 run angry_kilby (session 26cf85bf, Slurm 3377445, 2025-10-24, failed at GETPILEUPSUMMARIES TOV3133D_P66)	cnvkit_reads_in_target_bins	59188158	reads	mapped reads in recal BAM (interval-restricted)	cnvkit.reference.target-tmp.bed (242,421 bins)	wes/sarek_3.5.1_run/task_evidence/oct24_CNVKIT_BATCH_TOV81D_P23.a5_c66150f956d90d786643f4b3d08453/.command.err	found	
TOV81D_P23	nf-core/sarek 3.5.1 run angry_kilby (session 26cf85bf, Slurm 3377445, 2025-10-24, failed at GETPILEUPSUMMARIES TOV3133D_P66)	cnvkit_percent_mapped_reads_in_target_bins	62.008	percent	95453036 mapped reads in recal BAM (interval-restricted, so not a genome-wide on-target fraction)	cnvkit.reference.target-tmp.bed (242,421 bins)	wes/sarek_3.5.1_run/task_evidence/oct24_CNVKIT_BATCH_TOV81D_P23.a5_c66150f956d90d786643f4b3d08453/.command.err	found	Sarek-internal CNVkit batch (flat reference) task log; recal CRAM excludes off-interval reads, so genome-wide on-target fraction must use md CRAM stats
TOV81D_P23	manual CNVkit 0.9.10 batch (apptainer image cnvkit-0.9.10--pyhdfd78af_0.img), outputs dated 2025-11-14 to 2025-12-03	cnvkit_target_mean_depth_length_weighted	91.55	x	63514049 bp in 290475 target bins (CNVkit depth column)	intervals_sorted.target.bed (290,475 CNVkit autobin-split target bins, sha256 2177970f...; 63,514,049 bp)	wes/cnvkit_0.9.10_manual/TOV81D_P23_new/TOV81D_P23.targetcoverage.cnn	found	derived here from the retained coverage file; not a pipeline-reported number
TOV81D_P23	manual CNVkit 0.9.10 batch (apptainer image cnvkit-0.9.10--pyhdfd78af_0.img), outputs dated 2025-11-14 to 2025-12-03	cnvkit_target_bins_zero_depth	1427	bins	290475 target bins	intervals_sorted.target.bed (290,475 CNVkit autobin-split target bins, sha256 2177970f...; 63,514,049 bp)	wes/cnvkit_0.9.10_manual/TOV81D_P23_new/TOV81D_P23.targetcoverage.cnn	found	derived here
TOV81D_P23	manual CNVkit 0.9.10 batch (apptainer image cnvkit-0.9.10--pyhdfd78af_0.img), outputs dated 2025-11-14 to 2025-12-03	cnvkit_call_segments	71	segments		intervals_sorted.target.bed (290,475 CNVkit autobin-split target bins, sha256 2177970f...; 63,514,049 bp)	wes/cnvkit_0.9.10_manual/TOV81D_P23_new/TOV81D_P23.call.cns	found	
TOV81D_P23	nf-core/sarek 3.5.1 run angry_allen (session 26cf85bf-0ac3-4237-8f48-c36b2ab20bd2, Slurm 3273686, completed 2025-10-23 23:48:40 EDT)	bcftools_stats_filtered_vcf_number_of_records	28980	records	all records in mutect2.filtered.vcf.gz (PASS and non-PASS)		wes/sarek_3.5.1_run/multiqc/multiqc_data/multiqc_bcftools_stats.txt	found	
TOV81D_P23	nf-core/sarek 3.5.1 run angry_allen (session 26cf85bf-0ac3-4237-8f48-c36b2ab20bd2, Slurm 3273686, completed 2025-10-23 23:48:40 EDT)	bcftools_stats_filtered_vcf_number_of_SNPs	18236	records	all records in mutect2.filtered.vcf.gz (PASS and non-PASS)		wes/sarek_3.5.1_run/multiqc/multiqc_data/multiqc_bcftools_stats.txt	found	
TOV81D_P23	nf-core/sarek 3.5.1 run angry_allen (session 26cf85bf-0ac3-4237-8f48-c36b2ab20bd2, Slurm 3273686, completed 2025-10-23 23:48:40 EDT)	bcftools_stats_filtered_vcf_number_of_indels	9270	records	all records in mutect2.filtered.vcf.gz (PASS and non-PASS)		wes/sarek_3.5.1_run/multiqc/multiqc_data/multiqc_bcftools_stats.txt	found	
TOV81D_P23	nf-core/sarek 3.5.1 run angry_allen (session 26cf85bf-0ac3-4237-8f48-c36b2ab20bd2, Slurm 3273686, completed 2025-10-23 23:48:40 EDT)	bcftools_stats_filtered_vcf_number_of_MNPs	1826	records	all records in mutect2.filtered.vcf.gz (PASS and non-PASS)		wes/sarek_3.5.1_run/multiqc/multiqc_data/multiqc_bcftools_stats.txt	found	
TOV81D_P23	nf-core/sarek 3.5.1 run angry_allen (session 26cf85bf-0ac3-4237-8f48-c36b2ab20bd2, Slurm 3273686, completed 2025-10-23 23:48:40 EDT)	bcftools_stats_filtered_vcf_tstv	1.2	ratio	all records in mutect2.filtered.vcf.gz (PASS and non-PASS)		wes/sarek_3.5.1_run/multiqc/multiqc_data/multiqc_bcftools_stats.txt	found	
TOV81D_P23	nf-core/sarek 3.5.1 run angry_allen (session 26cf85bf-0ac3-4237-8f48-c36b2ab20bd2, Slurm 3273686, completed 2025-10-23 23:48:40 EDT)	vcftools_filtered_vcf_PASS_records	949	records	records in mutect2.filtered.vcf.gz		wes/sarek_3.5.1_run/reports/vcftools/mutect2/TOV81D_P23/TOV81D_P23.mutect2.filtered.FILTER.summary	found	
SRR4039087	manual CNVkit 0.9.10 batch (apptainer image cnvkit-0.9.10--pyhdfd78af_0.img), outputs dated 2025-11-14 to 2025-12-03	cnvkit_target_mean_depth_length_weighted	95.47	x	63514049 bp in 290475 target bins	intervals_sorted.target.bed (290,475 CNVkit autobin-split target bins, sha256 2177970f...; 63,514,049 bp)	wes/cnvkit_0.9.10_manual/OV1369_R2_P66_new/SRR4039087.sorted.targetcoverage.cnn	found	public CNV-reference exome (PRJNA339046); derived here from retained coverage file; identical copies exist in all 23 model directories
SRR4039087	manual CNVkit 0.9.10 batch (apptainer image cnvkit-0.9.10--pyhdfd78af_0.img), outputs dated 2025-11-14 to 2025-12-03	cnvkit_target_bins_zero_depth	41795	bins	290475 bins	intervals_sorted.target.bed (290,475 CNVkit autobin-split target bins, sha256 2177970f...; 63,514,049 bp)	wes/cnvkit_0.9.10_manual/OV1369_R2_P66_new/SRR4039087.sorted.targetcoverage.cnn	found	derived here
SRR4039087	manual CNVkit 0.9.10 batch (apptainer image cnvkit-0.9.10--pyhdfd78af_0.img), outputs dated 2025-11-14 to 2025-12-03	cnvkit_antitarget_mean_depth_length_weighted	0.63	x	2580384051 bp in 42709 antitarget bins	intervals.antitarget.bed (42,709 bins)	wes/cnvkit_0.9.10_manual/OV1369_R2_P66_new/SRR4039087.sorted.antitargetcoverage.cnn	found	public CNV-reference exome (PRJNA339046); derived here from retained coverage file; identical copies exist in all 23 model directories
SRR4039087	manual CNVkit 0.9.10 batch (apptainer image cnvkit-0.9.10--pyhdfd78af_0.img), outputs dated 2025-11-14 to 2025-12-03	cnvkit_antitarget_bins_zero_depth	1076	bins	42709 bins	intervals.antitarget.bed (42,709 bins)	wes/cnvkit_0.9.10_manual/OV1369_R2_P66_new/SRR4039087.sorted.antitargetcoverage.cnn	found	derived here
SRR4039087	bwa-mem2 alignment via cnvkit/normal_samples/run_bwa.sh (Slurm 4401780/4439216/4459055, 2025-11-13/14)	fastp_total_reads						not produced	normal exomes were aligned outside Sarek; no FastQC/fastp/MarkDuplicates/mosdepth/flagstat output exists for them in the searched roots
SRR4039087	bwa-mem2 alignment via cnvkit/normal_samples/run_bwa.sh (Slurm 4401780/4439216/4459055, 2025-11-13/14)	markduplicates_PERCENT_DUPLICATION						not produced	normal exomes were aligned outside Sarek; no FastQC/fastp/MarkDuplicates/mosdepth/flagstat output exists for them in the searched roots
SRR4039087	bwa-mem2 alignment via cnvkit/normal_samples/run_bwa.sh (Slurm 4401780/4439216/4459055, 2025-11-13/14)	samtools_stats_reads_mapped						not produced	normal exomes were aligned outside Sarek; no FastQC/fastp/MarkDuplicates/mosdepth/flagstat output exists for them in the searched roots
SRR4039087	bwa-mem2 alignment via cnvkit/normal_samples/run_bwa.sh (Slurm 4401780/4439216/4459055, 2025-11-13/14)	mosdepth_mean_depth_target						not produced	normal exomes were aligned outside Sarek; no FastQC/fastp/MarkDuplicates/mosdepth/flagstat output exists for them in the searched roots
SRR4039087	bwa-mem2 alignment via cnvkit/normal_samples/run_bwa.sh (Slurm 4401780/4439216/4459055, 2025-11-13/14)	gatk_calculatecontamination_estimate						not produced	normal exomes were aligned outside Sarek; no FastQC/fastp/MarkDuplicates/mosdepth/flagstat output exists for them in the searched roots
SRR4039088	manual CNVkit 0.9.10 batch (apptainer image cnvkit-0.9.10--pyhdfd78af_0.img), outputs dated 2025-11-14 to 2025-12-03	cnvkit_target_mean_depth_length_weighted	83.75	x	63514049 bp in 290475 target bins	intervals_sorted.target.bed (290,475 CNVkit autobin-split target bins, sha256 2177970f...; 63,514,049 bp)	wes/cnvkit_0.9.10_manual/OV1369_R2_P66_new/SRR4039088.sorted.targetcoverage.cnn	found	public CNV-reference exome (PRJNA339046); derived here from retained coverage file; identical copies exist in all 23 model directories
SRR4039088	manual CNVkit 0.9.10 batch (apptainer image cnvkit-0.9.10--pyhdfd78af_0.img), outputs dated 2025-11-14 to 2025-12-03	cnvkit_target_bins_zero_depth	48010	bins	290475 bins	intervals_sorted.target.bed (290,475 CNVkit autobin-split target bins, sha256 2177970f...; 63,514,049 bp)	wes/cnvkit_0.9.10_manual/OV1369_R2_P66_new/SRR4039088.sorted.targetcoverage.cnn	found	derived here
SRR4039088	manual CNVkit 0.9.10 batch (apptainer image cnvkit-0.9.10--pyhdfd78af_0.img), outputs dated 2025-11-14 to 2025-12-03	cnvkit_antitarget_mean_depth_length_weighted	0.54	x	2580384051 bp in 42709 antitarget bins	intervals.antitarget.bed (42,709 bins)	wes/cnvkit_0.9.10_manual/OV1369_R2_P66_new/SRR4039088.sorted.antitargetcoverage.cnn	found	public CNV-reference exome (PRJNA339046); derived here from retained coverage file; identical copies exist in all 23 model directories
SRR4039088	manual CNVkit 0.9.10 batch (apptainer image cnvkit-0.9.10--pyhdfd78af_0.img), outputs dated 2025-11-14 to 2025-12-03	cnvkit_antitarget_bins_zero_depth	1115	bins	42709 bins	intervals.antitarget.bed (42,709 bins)	wes/cnvkit_0.9.10_manual/OV1369_R2_P66_new/SRR4039088.sorted.antitargetcoverage.cnn	found	derived here
SRR4039088	bwa-mem2 alignment via cnvkit/normal_samples/run_bwa.sh (Slurm 4401780/4439216/4459055, 2025-11-13/14)	fastp_total_reads						not produced	normal exomes were aligned outside Sarek; no FastQC/fastp/MarkDuplicates/mosdepth/flagstat output exists for them in the searched roots
SRR4039088	bwa-mem2 alignment via cnvkit/normal_samples/run_bwa.sh (Slurm 4401780/4439216/4459055, 2025-11-13/14)	markduplicates_PERCENT_DUPLICATION						not produced	normal exomes were aligned outside Sarek; no FastQC/fastp/MarkDuplicates/mosdepth/flagstat output exists for them in the searched roots
SRR4039088	bwa-mem2 alignment via cnvkit/normal_samples/run_bwa.sh (Slurm 4401780/4439216/4459055, 2025-11-13/14)	samtools_stats_reads_mapped						not produced	normal exomes were aligned outside Sarek; no FastQC/fastp/MarkDuplicates/mosdepth/flagstat output exists for them in the searched roots
SRR4039088	bwa-mem2 alignment via cnvkit/normal_samples/run_bwa.sh (Slurm 4401780/4439216/4459055, 2025-11-13/14)	mosdepth_mean_depth_target						not produced	normal exomes were aligned outside Sarek; no FastQC/fastp/MarkDuplicates/mosdepth/flagstat output exists for them in the searched roots
SRR4039088	bwa-mem2 alignment via cnvkit/normal_samples/run_bwa.sh (Slurm 4401780/4439216/4459055, 2025-11-13/14)	gatk_calculatecontamination_estimate						not produced	normal exomes were aligned outside Sarek; no FastQC/fastp/MarkDuplicates/mosdepth/flagstat output exists for them in the searched roots
SRR4039089	manual CNVkit 0.9.10 batch (apptainer image cnvkit-0.9.10--pyhdfd78af_0.img), outputs dated 2025-11-14 to 2025-12-03	cnvkit_target_mean_depth_length_weighted	75.85	x	63514049 bp in 290475 target bins	intervals_sorted.target.bed (290,475 CNVkit autobin-split target bins, sha256 2177970f...; 63,514,049 bp)	wes/cnvkit_0.9.10_manual/OV1369_R2_P66_new/SRR4039089.sorted.targetcoverage.cnn	found	public CNV-reference exome (PRJNA339046); derived here from retained coverage file; identical copies exist in all 23 model directories
SRR4039089	manual CNVkit 0.9.10 batch (apptainer image cnvkit-0.9.10--pyhdfd78af_0.img), outputs dated 2025-11-14 to 2025-12-03	cnvkit_target_bins_zero_depth	31560	bins	290475 bins	intervals_sorted.target.bed (290,475 CNVkit autobin-split target bins, sha256 2177970f...; 63,514,049 bp)	wes/cnvkit_0.9.10_manual/OV1369_R2_P66_new/SRR4039089.sorted.targetcoverage.cnn	found	derived here
SRR4039089	manual CNVkit 0.9.10 batch (apptainer image cnvkit-0.9.10--pyhdfd78af_0.img), outputs dated 2025-11-14 to 2025-12-03	cnvkit_antitarget_mean_depth_length_weighted	0.45	x	2580384051 bp in 42709 antitarget bins	intervals.antitarget.bed (42,709 bins)	wes/cnvkit_0.9.10_manual/OV1369_R2_P66_new/SRR4039089.sorted.antitargetcoverage.cnn	found	public CNV-reference exome (PRJNA339046); derived here from retained coverage file; identical copies exist in all 23 model directories
SRR4039089	manual CNVkit 0.9.10 batch (apptainer image cnvkit-0.9.10--pyhdfd78af_0.img), outputs dated 2025-11-14 to 2025-12-03	cnvkit_antitarget_bins_zero_depth	1038	bins	42709 bins	intervals.antitarget.bed (42,709 bins)	wes/cnvkit_0.9.10_manual/OV1369_R2_P66_new/SRR4039089.sorted.antitargetcoverage.cnn	found	derived here
SRR4039089	bwa-mem2 alignment via cnvkit/normal_samples/run_bwa.sh (Slurm 4401780/4439216/4459055, 2025-11-13/14)	fastp_total_reads						not produced	normal exomes were aligned outside Sarek; no FastQC/fastp/MarkDuplicates/mosdepth/flagstat output exists for them in the searched roots
SRR4039089	bwa-mem2 alignment via cnvkit/normal_samples/run_bwa.sh (Slurm 4401780/4439216/4459055, 2025-11-13/14)	markduplicates_PERCENT_DUPLICATION						not produced	normal exomes were aligned outside Sarek; no FastQC/fastp/MarkDuplicates/mosdepth/flagstat output exists for them in the searched roots
SRR4039089	bwa-mem2 alignment via cnvkit/normal_samples/run_bwa.sh (Slurm 4401780/4439216/4459055, 2025-11-13/14)	samtools_stats_reads_mapped						not produced	normal exomes were aligned outside Sarek; no FastQC/fastp/MarkDuplicates/mosdepth/flagstat output exists for them in the searched roots
SRR4039089	bwa-mem2 alignment via cnvkit/normal_samples/run_bwa.sh (Slurm 4401780/4439216/4459055, 2025-11-13/14)	mosdepth_mean_depth_target						not produced	normal exomes were aligned outside Sarek; no FastQC/fastp/MarkDuplicates/mosdepth/flagstat output exists for them in the searched roots
SRR4039089	bwa-mem2 alignment via cnvkit/normal_samples/run_bwa.sh (Slurm 4401780/4439216/4459055, 2025-11-13/14)	gatk_calculatecontamination_estimate						not produced	normal exomes were aligned outside Sarek; no FastQC/fastp/MarkDuplicates/mosdepth/flagstat output exists for them in the searched roots
SRR4039096	manual CNVkit 0.9.10 batch (apptainer image cnvkit-0.9.10--pyhdfd78af_0.img), outputs dated 2025-11-14 to 2025-12-03	cnvkit_target_mean_depth_length_weighted	92.4	x	63514049 bp in 290475 target bins	intervals_sorted.target.bed (290,475 CNVkit autobin-split target bins, sha256 2177970f...; 63,514,049 bp)	wes/cnvkit_0.9.10_manual/OV1369_R2_P66_new/SRR4039096.sorted.targetcoverage.cnn	found	public CNV-reference exome (PRJNA339046); derived here from retained coverage file; identical copies exist in all 23 model directories
SRR4039096	manual CNVkit 0.9.10 batch (apptainer image cnvkit-0.9.10--pyhdfd78af_0.img), outputs dated 2025-11-14 to 2025-12-03	cnvkit_target_bins_zero_depth	40929	bins	290475 bins	intervals_sorted.target.bed (290,475 CNVkit autobin-split target bins, sha256 2177970f...; 63,514,049 bp)	wes/cnvkit_0.9.10_manual/OV1369_R2_P66_new/SRR4039096.sorted.targetcoverage.cnn	found	derived here
SRR4039096	manual CNVkit 0.9.10 batch (apptainer image cnvkit-0.9.10--pyhdfd78af_0.img), outputs dated 2025-11-14 to 2025-12-03	cnvkit_antitarget_mean_depth_length_weighted	0.59	x	2580384051 bp in 42709 antitarget bins	intervals.antitarget.bed (42,709 bins)	wes/cnvkit_0.9.10_manual/OV1369_R2_P66_new/SRR4039096.sorted.antitargetcoverage.cnn	found	public CNV-reference exome (PRJNA339046); derived here from retained coverage file; identical copies exist in all 23 model directories
SRR4039096	manual CNVkit 0.9.10 batch (apptainer image cnvkit-0.9.10--pyhdfd78af_0.img), outputs dated 2025-11-14 to 2025-12-03	cnvkit_antitarget_bins_zero_depth	1072	bins	42709 bins	intervals.antitarget.bed (42,709 bins)	wes/cnvkit_0.9.10_manual/OV1369_R2_P66_new/SRR4039096.sorted.antitargetcoverage.cnn	found	derived here
SRR4039096	bwa-mem2 alignment via cnvkit/normal_samples/run_bwa.sh (Slurm 4401780/4439216/4459055, 2025-11-13/14)	fastp_total_reads						not produced	normal exomes were aligned outside Sarek; no FastQC/fastp/MarkDuplicates/mosdepth/flagstat output exists for them in the searched roots
SRR4039096	bwa-mem2 alignment via cnvkit/normal_samples/run_bwa.sh (Slurm 4401780/4439216/4459055, 2025-11-13/14)	markduplicates_PERCENT_DUPLICATION						not produced	normal exomes were aligned outside Sarek; no FastQC/fastp/MarkDuplicates/mosdepth/flagstat output exists for them in the searched roots
SRR4039096	bwa-mem2 alignment via cnvkit/normal_samples/run_bwa.sh (Slurm 4401780/4439216/4459055, 2025-11-13/14)	samtools_stats_reads_mapped						not produced	normal exomes were aligned outside Sarek; no FastQC/fastp/MarkDuplicates/mosdepth/flagstat output exists for them in the searched roots
SRR4039096	bwa-mem2 alignment via cnvkit/normal_samples/run_bwa.sh (Slurm 4401780/4439216/4459055, 2025-11-13/14)	mosdepth_mean_depth_target						not produced	normal exomes were aligned outside Sarek; no FastQC/fastp/MarkDuplicates/mosdepth/flagstat output exists for them in the searched roots
SRR4039096	bwa-mem2 alignment via cnvkit/normal_samples/run_bwa.sh (Slurm 4401780/4439216/4459055, 2025-11-13/14)	gatk_calculatecontamination_estimate						not produced	normal exomes were aligned outside Sarek; no FastQC/fastp/MarkDuplicates/mosdepth/flagstat output exists for them in the searched roots
SRR4039097	manual CNVkit 0.9.10 batch (apptainer image cnvkit-0.9.10--pyhdfd78af_0.img), outputs dated 2025-11-14 to 2025-12-03	cnvkit_target_mean_depth_length_weighted	95.72	x	63514049 bp in 290475 target bins	intervals_sorted.target.bed (290,475 CNVkit autobin-split target bins, sha256 2177970f...; 63,514,049 bp)	wes/cnvkit_0.9.10_manual/OV1369_R2_P66_new/SRR4039097.sorted.targetcoverage.cnn	found	public CNV-reference exome (PRJNA339046); derived here from retained coverage file; identical copies exist in all 23 model directories
SRR4039097	manual CNVkit 0.9.10 batch (apptainer image cnvkit-0.9.10--pyhdfd78af_0.img), outputs dated 2025-11-14 to 2025-12-03	cnvkit_target_bins_zero_depth	46259	bins	290475 bins	intervals_sorted.target.bed (290,475 CNVkit autobin-split target bins, sha256 2177970f...; 63,514,049 bp)	wes/cnvkit_0.9.10_manual/OV1369_R2_P66_new/SRR4039097.sorted.targetcoverage.cnn	found	derived here
SRR4039097	manual CNVkit 0.9.10 batch (apptainer image cnvkit-0.9.10--pyhdfd78af_0.img), outputs dated 2025-11-14 to 2025-12-03	cnvkit_antitarget_mean_depth_length_weighted	0.6	x	2580384051 bp in 42709 antitarget bins	intervals.antitarget.bed (42,709 bins)	wes/cnvkit_0.9.10_manual/OV1369_R2_P66_new/SRR4039097.sorted.antitargetcoverage.cnn	found	public CNV-reference exome (PRJNA339046); derived here from retained coverage file; identical copies exist in all 23 model directories
SRR4039097	manual CNVkit 0.9.10 batch (apptainer image cnvkit-0.9.10--pyhdfd78af_0.img), outputs dated 2025-11-14 to 2025-12-03	cnvkit_antitarget_bins_zero_depth	1090	bins	42709 bins	intervals.antitarget.bed (42,709 bins)	wes/cnvkit_0.9.10_manual/OV1369_R2_P66_new/SRR4039097.sorted.antitargetcoverage.cnn	found	derived here
SRR4039097	bwa-mem2 alignment via cnvkit/normal_samples/run_bwa.sh (Slurm 4401780/4439216/4459055, 2025-11-13/14)	fastp_total_reads						not produced	normal exomes were aligned outside Sarek; no FastQC/fastp/MarkDuplicates/mosdepth/flagstat output exists for them in the searched roots
SRR4039097	bwa-mem2 alignment via cnvkit/normal_samples/run_bwa.sh (Slurm 4401780/4439216/4459055, 2025-11-13/14)	markduplicates_PERCENT_DUPLICATION						not produced	normal exomes were aligned outside Sarek; no FastQC/fastp/MarkDuplicates/mosdepth/flagstat output exists for them in the searched roots
SRR4039097	bwa-mem2 alignment via cnvkit/normal_samples/run_bwa.sh (Slurm 4401780/4439216/4459055, 2025-11-13/14)	samtools_stats_reads_mapped						not produced	normal exomes were aligned outside Sarek; no FastQC/fastp/MarkDuplicates/mosdepth/flagstat output exists for them in the searched roots
SRR4039097	bwa-mem2 alignment via cnvkit/normal_samples/run_bwa.sh (Slurm 4401780/4439216/4459055, 2025-11-13/14)	mosdepth_mean_depth_target						not produced	normal exomes were aligned outside Sarek; no FastQC/fastp/MarkDuplicates/mosdepth/flagstat output exists for them in the searched roots
SRR4039097	bwa-mem2 alignment via cnvkit/normal_samples/run_bwa.sh (Slurm 4401780/4439216/4459055, 2025-11-13/14)	gatk_calculatecontamination_estimate						not produced	normal exomes were aligned outside Sarek; no FastQC/fastp/MarkDuplicates/mosdepth/flagstat output exists for them in the searched roots
