cell_line,histotype_code,patient_id,rna_passage,wes_passage,tmt_plex,gene,rna_gene_ids,rna_tpm,rna_log2_tpm_plus1,rna_rank_all_models_desc,rna_n_measured_models,rna_rank_within_histotype_desc,rna_n_measured_within_histotype,rna_histotype_patient_median_log2_tpm_plus1,rna_histotype_measured_patients,rna_log2_tpm_plus1_delta_histotype_patient_median,protein_row,protein_uniprot,protein_isodoping,protein_unique_peptides,protein_log2_normalised,protein_rank_all_models_desc,protein_n_measured_models,interpretation
OV1369-R2,HGS,1369,p69,P66,1.0,CCNE1,ENSG00000105173,20.889146,4.452143764088775,23.0,31,13.0,15,5.363526958361573,12.0,-0.9113831942727977,CCNE1,P24864,True,5,12.5268281602376,29.0,31,descriptive abundance; no clinical expression threshold; isodoping flagged where supplied
OV1946,HGS,OV1946,p64,NA,5.0,CCNE1,ENSG00000105173,11.168444,3.6050727948204435,28.0,31,15.0,15,5.363526958361573,12.0,-1.758454163541129,CCNE1,P24864,True,5,12.87903110503067,12.0,31,descriptive abundance; no clinical expression threshold; isodoping flagged where supplied
OV2085,HGS,OV2085,p68,P64,2.0,CCNE1,ENSG00000105173,124.433068,6.97077392667497,3.0,31,2.0,15,5.363526958361573,12.0,1.6072469683133974,CCNE1,P24864,True,5,12.75083660083464,20.0,31,descriptive abundance; no clinical expression threshold; isodoping flagged where supplied
OV2295,HGS,2295,p64,P61,5.0,CCNE1,ENSG00000105173,63.68155599999999,6.0152824800452915,9.0,31,6.0,15,5.363526958361573,12.0,0.651755521683719,CCNE1,P24864,True,5,13.00837609647668,6.0,31,descriptive abundance; no clinical expression threshold; isodoping flagged where supplied
OV2295-R2,HGS,2295,p67,P70,3.0,CCNE1,ENSG00000105173,26.052390000000003,4.75768415248219,19.0,31,10.0,15,5.363526958361573,12.0,-0.6058428058793828,CCNE1,P24864,True,5,12.85719232121803,14.0,31,descriptive abundance; no clinical expression threshold; isodoping flagged where supplied
OV3133-R,HGS,3133,p64,P71,1.0,CCNE1,ENSG00000105173,28.623159500000003,4.88865361640179,17.0,31,9.0,15,5.363526958361573,12.0,-0.4748733419597828,CCNE1,P24864,True,5,12.56462325526477,26.0,31,descriptive abundance; no clinical expression threshold; isodoping flagged where supplied
OV3133-R2,HGS,3133,NA,P58,NA,CCNE1,ENSG00000105173,NA,NA,NA,31,NA,15,5.363526958361573,12.0,NA,CCNE1,P24864,True,5,NA,NA,31,descriptive abundance; no clinical expression threshold; isodoping flagged where supplied
OV3291,HGS,3291,NA,P46,NA,CCNE1,ENSG00000105173,NA,NA,NA,31,NA,15,5.363526958361573,12.0,NA,CCNE1,P24864,True,5,NA,NA,31,descriptive abundance; no clinical expression threshold; isodoping flagged where supplied
OV4453,HGS,OV4453,p60,NA,4.0,CCNE1,ENSG00000105173,95.830162,6.597384603026275,4.0,31,3.0,15,5.363526958361573,12.0,1.2338576446647025,CCNE1,P24864,True,5,13.08428902067678,2.0,31,descriptive abundance; no clinical expression threshold; isodoping flagged where supplied
OV4485,HGS,OV4485,p60,NA,2.0,CCNE1,ENSG00000105173,75.291538,6.253451141954366,6.0,31,4.0,15,5.363526958361573,12.0,0.8899241835927931,CCNE1,P24864,True,5,12.6728151115768,24.0,31,descriptive abundance; no clinical expression threshold; isodoping flagged where supplied
OV866-2,HGS,OV866-2,p67,NA,1.0,CCNE1,ENSG00000105173,65.88184899999999,6.063542827268137,8.0,31,5.0,15,5.363526958361573,12.0,0.7000158689065641,CCNE1,P24864,True,5,12.56484476560326,25.0,31,descriptive abundance; no clinical expression threshold; isodoping flagged where supplied
TOV1369,HGS,1369,p65,P65,2.0,CCNE1,ENSG00000105173,14.21042915,3.9269889530018793,27.0,31,14.0,15,5.363526958361573,12.0,-1.4365380053596932,CCNE1,P24864,True,5,12.83822511212454,15.0,31,descriptive abundance; no clinical expression threshold; isodoping flagged where supplied
TOV2295-R,HGS,2295,NA,P57,NA,CCNE1,ENSG00000105173,NA,NA,NA,31,NA,15,5.363526958361573,12.0,NA,CCNE1,P24864,True,5,NA,NA,31,descriptive abundance; no clinical expression threshold; isodoping flagged where supplied
TOV2835EP,HGS,TOV2835EP,NA,P64,NA,CCNE1,ENSG00000105173,NA,NA,NA,31,NA,15,5.363526958361573,12.0,NA,CCNE1,P24864,True,5,NA,NA,31,descriptive abundance; no clinical expression threshold; isodoping flagged where supplied
TOV2881EP,HGS,TOV2881EP,NA,P64,NA,CCNE1,ENSG00000105173,NA,NA,NA,31,NA,15,5.363526958361573,12.0,NA,CCNE1,P24864,True,5,NA,NA,31,descriptive abundance; no clinical expression threshold; isodoping flagged where supplied
TOV2929D,HGS,TOV2929D,NA,P57,NA,CCNE1,ENSG00000105173,NA,NA,NA,31,NA,15,5.363526958361573,12.0,NA,CCNE1,P24864,True,5,NA,NA,31,descriptive abundance; no clinical expression threshold; isodoping flagged where supplied
TOV3041G,HGS,TOV3041G,p67,NA,3.0,CCNE1,ENSG00000105173,39.52023400000001,5.3405706004594045,13.0,31,7.0,15,5.363526958361573,12.0,-0.0229563579021681,CCNE1,P24864,True,5,12.93889788975986,8.0,31,descriptive abundance; no clinical expression threshold; isodoping flagged where supplied
TOV3121D,HGS,3121,NA,P68,NA,CCNE1,ENSG00000105173,NA,NA,NA,31,NA,15,5.363526958361573,12.0,NA,CCNE1,P24864,True,5,NA,NA,31,descriptive abundance; no clinical expression threshold; isodoping flagged where supplied
TOV3121EP,HGS,3121,NA,P68,NA,CCNE1,ENSG00000105173,NA,NA,NA,31,NA,15,5.363526958361573,12.0,NA,CCNE1,P24864,True,5,NA,NA,31,descriptive abundance; no clinical expression threshold; isodoping flagged where supplied
TOV3133D,HGS,3133,NA,P66,NA,CCNE1,ENSG00000105173,NA,NA,NA,31,NA,15,5.363526958361573,12.0,NA,CCNE1,P24864,True,5,NA,NA,31,descriptive abundance; no clinical expression threshold; isodoping flagged where supplied
TOV3133G,HGS,3133,p61,P65,4.0,CCNE1,ENSG00000105173,38.151979,5.291013327597217,14.0,31,8.0,15,5.363526958361573,12.0,-0.07251363076435524,CCNE1,P24864,True,5,13.17151557273808,1.0,31,descriptive abundance; no clinical expression threshold; isodoping flagged where supplied
TOV3291G,HGS,3291,p62,NA,2.0,CCNE1,ENSG00000105173,158.021989,7.313082459862038,1.0,31,1.0,15,5.363526958361573,12.0,1.9495555015004653,CCNE1,P24864,True,5,12.87129147333248,13.0,31,descriptive abundance; no clinical expression threshold; isodoping flagged where supplied
OV3331,HGS,OV3331,p71,P54,4.0,CCNE1,ENSG00000105173,25.001545000000004,4.700525444972433,20.0,31,11.0,15,5.363526958361573,12.0,-0.6630015133891396,CCNE1,P24864,True,5,12.80308487163489,16.0,31,descriptive abundance; no clinical expression threshold; isodoping flagged where supplied
OV90,HGS,OV90,p70,P63,5.0,CCNE1,ENSG00000105173,22.297845,4.542124609784218,22.0,31,12.0,15,5.363526958361573,12.0,-0.8214023485773545,CCNE1,P24864,True,5,12.98844055129476,7.0,31,descriptive abundance; no clinical expression threshold; isodoping flagged where supplied
TOV81D,LGS,TOV81D,NA,P23,NA,CCNE1,ENSG00000105173,NA,NA,NA,31,NA,0,NA,0.0,NA,CCNE1,P24864,True,5,NA,NA,31,descriptive abundance; no clinical expression threshold; isodoping flagged where supplied
TOV21G,CC,TOV21G,p63,P59,5.0,CCNE1,ENSG00000105173,29.947454900000004,4.951748862836503,16.0,31,5.0,7,5.4213615691107915,7.0,-0.4696127062742885,CCNE1,P24864,True,5,12.88607316690632,11.0,31,descriptive abundance; no clinical expression threshold; isodoping flagged where supplied
TOV3392D,CC,TOV3392D,p69,P69,1.0,CCNE1,ENSG00000105173,80.135283,6.342257525231371,5.0,31,2.0,7,5.4213615691107915,7.0,0.9208959561205798,CCNE1,P24864,True,5,12.7532604463601,19.0,31,descriptive abundance; no clinical expression threshold; isodoping flagged where supplied
VOA10816,CC,VOA10816,p20,NA,1.0,CCNE1,ENSG00000105173,41.854107,5.4213615691107915,11.0,31,4.0,7,5.4213615691107915,7.0,0.0,CCNE1,P24864,True,5,12.3923840433249,30.0,31,descriptive abundance; no clinical expression threshold; isodoping flagged where supplied
VOA12539,CC,VOA12539,p41,NA,2.0,CCNE1,ENSG00000105173,146.95400999999998,7.2090049882241996,2.0,31,1.0,7,5.4213615691107915,7.0,1.787643419113408,CCNE1,P24864,True,5,13.05885865882953,4.0,31,descriptive abundance; no clinical expression threshold; isodoping flagged where supplied
VOA14993,CC,VOA14993,NA,NA,3.0,CCNE1,ENSG00000105173,NA,NA,NA,31,NA,7,5.4213615691107915,7.0,NA,CCNE1,P24864,True,5,12.78965354091421,17.0,31,descriptive abundance; no clinical expression threshold; isodoping flagged where supplied
VOA295,CC,VOA295,p31,NA,2.0,CCNE1,ENSG00000105173,22.417342,4.549505426019423,21.0,31,6.0,7,5.4213615691107915,7.0,-0.8718561430913683,CCNE1,P24864,True,5,12.56139786933016,27.0,31,descriptive abundance; no clinical expression threshold; isodoping flagged where supplied
VOA4841,CC,VOA4841,p43,NA,3.0,CCNE1,ENSG00000105173,6.410148,2.8895023572050325,31.0,31,7.0,7,5.4213615691107915,7.0,-2.531859211905759,CCNE1,P24864,True,5,12.70664626427569,23.0,31,descriptive abundance; no clinical expression threshold; isodoping flagged where supplied
VOA6861,CC,VOA6861,p17,NA,NA,CCNE1,ENSG00000105173,46.12714,5.558486226208488,10.0,31,3.0,7,5.4213615691107915,7.0,0.13712465709769628,CCNE1,P24864,True,5,NA,NA,31,descriptive abundance; no clinical expression threshold; isodoping flagged where supplied
TOV112D,EC,TOV112D,p63,P83,4.0,CCNE1,ENSG00000105173,28.40078,4.877782525023991,18.0,31,1.0,2,4.44638291250113,2.0,0.43139961252286163,CCNE1,P24864,True,5,12.90196251450055,9.0,31,descriptive abundance; no clinical expression threshold; isodoping flagged where supplied
VOA4395,EC,VOA4395,p39-40,NA,1.0,CCNE1,ENSG00000105173,15.167036000000005,4.014983299978268,25.0,31,2.0,2,4.44638291250113,2.0,-0.43139961252286163,CCNE1,P24864,True,5,12.55625677995207,28.0,31,descriptive abundance; no clinical expression threshold; isodoping flagged where supplied
TOV2414,MC,TOV2414,p69,P65,5.0,CCNE1,ENSG00000105173,19.183159,4.335080092768469,24.0,31,2.0,3,4.335080092768469,3.0,0.0,CCNE1,P24864,True,5,13.05046147115815,5.0,31,descriptive abundance; no clinical expression threshold; isodoping flagged where supplied
VOA8762,MC,VOA8762,p27,NA,4.0,CCNE1,ENSG00000105173,15.091181,4.008198310340664,26.0,31,3.0,3,4.335080092768469,3.0,-0.3268817824278045,CCNE1,P24864,True,5,12.73758068829119,21.0,31,descriptive abundance; no clinical expression threshold; isodoping flagged where supplied
VOA8771,MC,VOA8771,p28,NA,5.0,CCNE1,ENSG00000105173,67.78805100000001,6.104086074637293,7.0,31,1.0,3,4.335080092768469,3.0,1.7690059818688244,CCNE1,P24864,True,5,12.89029011975296,10.0,31,descriptive abundance; no clinical expression threshold; isodoping flagged where supplied
VOA5217,MMMT,VOA5217,p36,NA,4.0,CCNE1,ENSG00000105173,9.892834,3.445307445253695,29.0,31,1.0,2,3.4034671675162356,2.0,0.04184027773745935,CCNE1,P24864,True,5,13.06849257313587,3.0,31,descriptive abundance; no clinical expression threshold; isodoping flagged where supplied
VOA5436,MMMT,VOA5436,p35,NA,5.0,CCNE1,ENSG00000105173,9.278992,3.361626889778776,30.0,31,2.0,2,3.4034671675162356,2.0,-0.04184027773745935,CCNE1,P24864,True,5,12.71414316351879,22.0,31,descriptive abundance; no clinical expression threshold; isodoping flagged where supplied
BIN67,SCCOHT,BIN67,p51,NA,3.0,CCNE1,ENSG00000105173,32.172636999999995,5.051921796057835,15.0,31,2.0,2,5.219678531331702,2.0,-0.16775673527386736,CCNE1,P24864,True,5,12.7606782045117,18.0,31,descriptive abundance; no clinical expression threshold; isodoping flagged where supplied
COV434,SCCOHT,COV434,p46,NA,1.0,CCNE1,ENSG00000105173,40.85811,5.387435266605569,12.0,31,1.0,2,5.219678531331702,2.0,0.16775673527386648,CCNE1,P24864,True,5,12.3368761259082,31.0,31,descriptive abundance; no clinical expression threshold; isodoping flagged where supplied
OV1369-R2,HGS,1369,p69,P66,1.0,ERBB2,ENSG00000141736,28.9642363,4.905169699223096,30.0,31,14.0,15,5.572283877012303,12.0,-0.6671141777892071,ERBB2,P04626,True,29,13.09504753490508,27.0,31,descriptive abundance; no clinical expression threshold; isodoping flagged where supplied
OV1946,HGS,OV1946,p64,NA,5.0,ERBB2,ENSG00000141736,29.245250799999997,4.918636718755813,29.0,31,13.0,15,5.572283877012303,12.0,-0.65364715825649,ERBB2,P04626,True,29,12.91974977298359,31.0,31,descriptive abundance; no clinical expression threshold; isodoping flagged where supplied
OV2085,HGS,OV2085,p68,P64,2.0,ERBB2,ENSG00000141736,37.752488199999995,5.276217040075657,25.0,31,9.0,15,5.572283877012303,12.0,-0.2960668369366459,ERBB2,P04626,True,29,13.32622273451726,14.0,31,descriptive abundance; no clinical expression threshold; isodoping flagged where supplied
OV2295,HGS,2295,p64,P61,5.0,ERBB2,ENSG00000141736,78.473694,6.3124054984783005,7.0,31,2.0,15,5.572283877012303,12.0,0.7401216214659971,ERBB2,P04626,True,29,13.31748998068187,16.0,31,descriptive abundance; no clinical expression threshold; isodoping flagged where supplied
OV2295-R2,HGS,2295,p67,P70,3.0,ERBB2,ENSG00000141736,30.0697819,4.957440209121728,28.0,31,12.0,15,5.572283877012303,12.0,-0.6148436678905753,ERBB2,P04626,True,29,13.02457850468207,29.0,31,descriptive abundance; no clinical expression threshold; isodoping flagged where supplied
OV3133-R,HGS,3133,p64,P71,1.0,ERBB2,ENSG00000141736,35.41434829400001,5.186435120416432,26.0,31,10.0,15,5.572283877012303,12.0,-0.3858487565958715,ERBB2,P04626,True,29,13.28486085076809,18.0,31,descriptive abundance; no clinical expression threshold; isodoping flagged where supplied
OV3133-R2,HGS,3133,NA,P58,NA,ERBB2,ENSG00000141736,NA,NA,NA,31,NA,15,5.572283877012303,12.0,NA,ERBB2,P04626,True,29,NA,NA,31,descriptive abundance; no clinical expression threshold; isodoping flagged where supplied
OV3291,HGS,3291,NA,P46,NA,ERBB2,ENSG00000141736,NA,NA,NA,31,NA,15,5.572283877012303,12.0,NA,ERBB2,P04626,True,29,NA,NA,31,descriptive abundance; no clinical expression threshold; isodoping flagged where supplied
OV4453,HGS,OV4453,p60,NA,4.0,ERBB2,ENSG00000141736,71.50283500000002,6.179965503262875,12.0,31,3.0,15,5.572283877012303,12.0,0.6076816262505718,ERBB2,P04626,True,29,13.31465407734208,17.0,31,descriptive abundance; no clinical expression threshold; isodoping flagged where supplied
OV4485,HGS,OV4485,p60,NA,2.0,ERBB2,ENSG00000141736,49.852913,5.668258513026857,21.0,31,7.0,15,5.572283877012303,12.0,0.09597463601455392,ERBB2,P04626,True,29,13.40150299877742,8.0,31,descriptive abundance; no clinical expression threshold; isodoping flagged where supplied
OV866-2,HGS,OV866-2,p67,NA,1.0,ERBB2,ENSG00000141736,50.27316926272701,5.680132170276312,20.0,31,6.0,15,5.572283877012303,12.0,0.10784829326400835,ERBB2,P04626,True,29,13.35384769669199,12.0,31,descriptive abundance; no clinical expression threshold; isodoping flagged where supplied
TOV1369,HGS,1369,p65,P65,2.0,ERBB2,ENSG00000141736,68.26814343199999,6.114120101226086,14.0,31,4.0,15,5.572283877012303,12.0,0.5418362242137826,ERBB2,P04626,True,29,13.27537182275428,20.0,31,descriptive abundance; no clinical expression threshold; isodoping flagged where supplied
TOV2295-R,HGS,2295,NA,P57,NA,ERBB2,ENSG00000141736,NA,NA,NA,31,NA,15,5.572283877012303,12.0,NA,ERBB2,P04626,True,29,NA,NA,31,descriptive abundance; no clinical expression threshold; isodoping flagged where supplied
TOV2835EP,HGS,TOV2835EP,NA,P64,NA,ERBB2,ENSG00000141736,NA,NA,NA,31,NA,15,5.572283877012303,12.0,NA,ERBB2,P04626,True,29,NA,NA,31,descriptive abundance; no clinical expression threshold; isodoping flagged where supplied
TOV2881EP,HGS,TOV2881EP,NA,P64,NA,ERBB2,ENSG00000141736,NA,NA,NA,31,NA,15,5.572283877012303,12.0,NA,ERBB2,P04626,True,29,NA,NA,31,descriptive abundance; no clinical expression threshold; isodoping flagged where supplied
TOV2929D,HGS,TOV2929D,NA,P57,NA,ERBB2,ENSG00000141736,NA,NA,NA,31,NA,15,5.572283877012303,12.0,NA,ERBB2,P04626,True,29,NA,NA,31,descriptive abundance; no clinical expression threshold; isodoping flagged where supplied
TOV3041G,HGS,TOV3041G,p67,NA,3.0,ERBB2,ENSG00000141736,34.920132,5.166720746619972,27.0,31,11.0,15,5.572283877012303,12.0,-0.4055631303923315,ERBB2,P04626,True,29,13.20788972133084,23.0,31,descriptive abundance; no clinical expression threshold; isodoping flagged where supplied
TOV3121D,HGS,3121,NA,P68,NA,ERBB2,ENSG00000141736,NA,NA,NA,31,NA,15,5.572283877012303,12.0,NA,ERBB2,P04626,True,29,NA,NA,31,descriptive abundance; no clinical expression threshold; isodoping flagged where supplied
TOV3121EP,HGS,3121,NA,P68,NA,ERBB2,ENSG00000141736,NA,NA,NA,31,NA,15,5.572283877012303,12.0,NA,ERBB2,P04626,True,29,NA,NA,31,descriptive abundance; no clinical expression threshold; isodoping flagged where supplied
TOV3133D,HGS,3133,NA,P66,NA,ERBB2,ENSG00000141736,NA,NA,NA,31,NA,15,5.572283877012303,12.0,NA,ERBB2,P04626,True,29,NA,NA,31,descriptive abundance; no clinical expression threshold; isodoping flagged where supplied
TOV3133G,HGS,3133,p61,P65,4.0,ERBB2,ENSG00000141736,39.8507628243149,5.352291113590777,24.0,31,8.0,15,5.572283877012303,12.0,-0.2199927634215264,ERBB2,P04626,True,29,13.18033538081043,25.0,31,descriptive abundance; no clinical expression threshold; isodoping flagged where supplied
TOV3291G,HGS,3291,p62,NA,2.0,ERBB2,ENSG00000141736,66.73972635,6.081930253637127,15.0,31,5.0,15,5.572283877012303,12.0,0.5096463766248238,ERBB2,P04626,True,29,13.2537472053774,21.0,31,descriptive abundance; no clinical expression threshold; isodoping flagged where supplied
OV3331,HGS,OV3331,p71,P54,4.0,ERBB2,ENSG00000141736,110.83956845746062,6.805286888849257,3.0,31,1.0,15,5.572283877012303,12.0,1.2330030118369537,ERBB2,P04626,True,29,13.3360871237342,13.0,31,descriptive abundance; no clinical expression threshold; isodoping flagged where supplied
OV90,HGS,OV90,p70,P63,5.0,ERBB2,ENSG00000141736,23.301119430000004,4.602950867932892,31.0,31,15.0,15,5.572283877012303,12.0,-0.9693330090794117,ERBB2,P04626,True,29,12.99980529408047,30.0,31,descriptive abundance; no clinical expression threshold; isodoping flagged where supplied
TOV81D,LGS,TOV81D,NA,P23,NA,ERBB2,ENSG00000141736,NA,NA,NA,31,NA,0,NA,0.0,NA,ERBB2,P04626,True,29,NA,NA,31,descriptive abundance; no clinical expression threshold; isodoping flagged where supplied
TOV21G,CC,TOV21G,p63,P59,5.0,ERBB2,ENSG00000141736,58.525746800000015,5.895441910305661,19.0,31,7.0,7,6.278680908096826,7.0,-0.38323899779116477,ERBB2,P04626,True,29,13.24664001241301,22.0,31,descriptive abundance; no clinical expression threshold; isodoping flagged where supplied
TOV3392D,CC,TOV3392D,p69,P69,1.0,ERBB2,ENSG00000141736,216.377008563498,7.764055547869947,1.0,31,1.0,7,6.278680908096826,7.0,1.485374639773121,ERBB2,P04626,True,29,13.90404094331423,1.0,31,descriptive abundance; no clinical expression threshold; isodoping flagged where supplied
VOA10816,CC,VOA10816,p20,NA,1.0,ERBB2,ENSG00000141736,147.21650100000002,7.211562262153019,2.0,31,2.0,7,6.278680908096826,7.0,0.9328813540561933,ERBB2,P04626,True,29,13.37558430657029,11.0,31,descriptive abundance; no clinical expression threshold; isodoping flagged where supplied
VOA12539,CC,VOA12539,p41,NA,2.0,ERBB2,ENSG00000141736,72.5451607,6.200558509599236,10.0,31,5.0,7,6.278680908096826,7.0,-0.07812239849759006,ERBB2,P04626,True,29,13.65070045426861,2.0,31,descriptive abundance; no clinical expression threshold; isodoping flagged where supplied
VOA14993,CC,VOA14993,NA,NA,3.0,ERBB2,ENSG00000141736,NA,NA,NA,31,NA,7,6.278680908096826,7.0,NA,ERBB2,P04626,True,29,13.5349641888484,6.0,31,descriptive abundance; no clinical expression threshold; isodoping flagged where supplied
VOA295,CC,VOA295,p31,NA,2.0,ERBB2,ENSG00000141736,66.55604799999999,6.078013028450478,16.0,31,6.0,7,6.278680908096826,7.0,-0.2006678796463479,ERBB2,P04626,True,29,13.49383347241082,7.0,31,descriptive abundance; no clinical expression threshold; isodoping flagged where supplied
VOA4841,CC,VOA4841,p43,NA,3.0,ERBB2,ENSG00000141736,90.1203914,6.509702038922262,4.0,31,3.0,7,6.278680908096826,7.0,0.23102113082543596,ERBB2,P04626,True,29,13.1042090899028,26.0,31,descriptive abundance; no clinical expression threshold; isodoping flagged where supplied
VOA6861,CC,VOA6861,p17,NA,NA,ERBB2,ENSG00000141736,76.63745428685552,6.278680908096826,9.0,31,4.0,7,6.278680908096826,7.0,0.0,ERBB2,P04626,True,29,NA,NA,31,descriptive abundance; no clinical expression threshold; isodoping flagged where supplied
TOV112D,EC,TOV112D,p63,P83,4.0,ERBB2,ENSG00000141736,45.7441044,5.546712511454654,23.0,31,2.0,2,5.573305939254853,2.0,-0.02659342780019891,ERBB2,P04626,True,29,13.19346825036753,24.0,31,descriptive abundance; no clinical expression threshold; isodoping flagged where supplied
VOA4395,EC,VOA4395,p39-40,NA,1.0,ERBB2,ENSG00000141736,47.49954699999999,5.599899367055052,22.0,31,1.0,2,5.573305939254853,2.0,0.02659342780019891,ERBB2,P04626,True,29,13.38002877452424,10.0,31,descriptive abundance; no clinical expression threshold; isodoping flagged where supplied
TOV2414,MC,TOV2414,p69,P65,5.0,ERBB2,ENSG00000141736,79.34355480599999,6.328110389822278,6.0,31,1.0,3,6.310099041690741,3.0,0.018011348131537375,ERBB2,P04626,True,29,13.27892101325559,19.0,31,descriptive abundance; no clinical expression threshold; isodoping flagged where supplied
VOA8762,MC,VOA8762,p27,NA,4.0,ERBB2,ENSG00000141736,78.3467398,6.310099041690741,8.0,31,2.0,3,6.310099041690741,3.0,0.0,ERBB2,P04626,True,29,13.63914457854373,4.0,31,descriptive abundance; no clinical expression threshold; isodoping flagged where supplied
VOA8771,MC,VOA8771,p28,NA,5.0,ERBB2,ENSG00000141736,69.98197449999999,6.1493808011788404,13.0,31,3.0,3,6.310099041690741,3.0,-0.1607182405119003,ERBB2,P04626,True,29,13.64802319162523,3.0,31,descriptive abundance; no clinical expression threshold; isodoping flagged where supplied
VOA5217,MMMT,VOA5217,p36,NA,4.0,ERBB2,ENSG00000141736,72.027163,6.190361279926192,11.0,31,1.0,2,6.0566879222922285,2.0,0.13367335763396326,ERBB2,P04626,True,29,13.58144127659377,5.0,31,descriptive abundance; no clinical expression threshold; isodoping flagged where supplied
VOA5436,MMMT,VOA5436,p35,NA,5.0,ERBB2,ENSG00000141736,59.67433830000001,5.923014564658266,17.0,31,2.0,2,6.0566879222922285,2.0,-0.13367335763396238,ERBB2,P04626,True,29,13.32268251703292,15.0,31,descriptive abundance; no clinical expression threshold; isodoping flagged where supplied
BIN67,SCCOHT,BIN67,p51,NA,3.0,ERBB2,ENSG00000141736,87.92239330000001,6.474474873162024,5.0,31,1.0,2,6.197377688034052,2.0,0.277097185127972,ERBB2,P04626,True,29,13.38857764510971,9.0,31,descriptive abundance; no clinical expression threshold; isodoping flagged where supplied
COV434,SCCOHT,COV434,p46,NA,1.0,ERBB2,ENSG00000141736,59.55946281,5.920280502906081,18.0,31,2.0,2,6.197377688034052,2.0,-0.2770971851279711,ERBB2,P04626,True,29,13.0531470843212,28.0,31,descriptive abundance; no clinical expression threshold; isodoping flagged where supplied
OV1369-R2,HGS,1369,p69,P66,1.0,FOLR1,ENSG00000110195,0.26896,0.3436465934413079,27.0,31,13.0,15,5.088676143550565,12.0,-4.7450295501092565,FOLR1,P15328,False,12,11.10101719796016,25.0,31,descriptive abundance; no clinical expression threshold; isodoping flagged where supplied
OV1946,HGS,OV1946,p64,NA,5.0,FOLR1,ENSG00000110195,0.0401551,0.05679866809441615,30.0,31,15.0,15,5.088676143550565,12.0,-5.031877475456149,FOLR1,P15328,False,12,11.10408626786945,24.0,31,descriptive abundance; no clinical expression threshold; isodoping flagged where supplied
OV2085,HGS,OV2085,p68,P64,2.0,FOLR1,ENSG00000110195,129.4970434,7.027873310589212,8.0,31,5.0,15,5.088676143550565,12.0,1.939197167038647,FOLR1,P15328,False,12,12.49526645592224,7.0,31,descriptive abundance; no clinical expression threshold; isodoping flagged where supplied
OV2295,HGS,2295,p64,P61,5.0,FOLR1,ENSG00000110195,277.29024,8.120446502143453,3.0,31,3.0,15,5.088676143550565,12.0,3.0317703585928886,FOLR1,P15328,False,12,13.23451349569614,3.0,31,descriptive abundance; no clinical expression threshold; isodoping flagged where supplied
OV2295-R2,HGS,2295,p67,P70,3.0,FOLR1,ENSG00000110195,30.95514,4.9979761029325145,17.0,31,10.0,15,5.088676143550565,12.0,-0.09070004061805026,FOLR1,P15328,False,12,11.57675498630536,17.0,31,descriptive abundance; no clinical expression threshold; isodoping flagged where supplied
OV3133-R,HGS,3133,p64,P71,1.0,FOLR1,ENSG00000110195,376.972112,8.562135981460342,2.0,31,2.0,15,5.088676143550565,12.0,3.473459837909777,FOLR1,P15328,False,12,12.3929529380732,8.0,31,descriptive abundance; no clinical expression threshold; isodoping flagged where supplied
OV3133-R2,HGS,3133,NA,P58,NA,FOLR1,ENSG00000110195,NA,NA,NA,31,NA,15,5.088676143550565,12.0,NA,FOLR1,P15328,False,12,NA,NA,31,descriptive abundance; no clinical expression threshold; isodoping flagged where supplied
OV3291,HGS,3291,NA,P46,NA,FOLR1,ENSG00000110195,NA,NA,NA,31,NA,15,5.088676143550565,12.0,NA,FOLR1,P15328,False,12,NA,NA,31,descriptive abundance; no clinical expression threshold; isodoping flagged where supplied
OV4453,HGS,OV4453,p60,NA,4.0,FOLR1,ENSG00000110195,31.52373,5.023420817980344,16.0,31,9.0,15,5.088676143550565,12.0,-0.06525532557022107,FOLR1,P15328,False,12,11.41890129753219,20.0,31,descriptive abundance; no clinical expression threshold; isodoping flagged where supplied
OV4485,HGS,OV4485,p60,NA,2.0,FOLR1,ENSG00000110195,192.645749,7.597276020787592,5.0,31,4.0,15,5.088676143550565,12.0,2.5085998772370273,FOLR1,P15328,False,12,13.08795244061893,4.0,31,descriptive abundance; no clinical expression threshold; isodoping flagged where supplied
OV866-2,HGS,OV866-2,p67,NA,1.0,FOLR1,ENSG00000110195,0.0750092,0.10434900654736935,29.0,31,14.0,15,5.088676143550565,12.0,-4.984327137003195,FOLR1,P15328,False,12,10.89042292311317,28.0,31,descriptive abundance; no clinical expression threshold; isodoping flagged where supplied
TOV1369,HGS,1369,p65,P65,2.0,FOLR1,ENSG00000110195,42.06002,5.4282770844782995,14.0,31,7.0,15,5.088676143550565,12.0,0.33960094092773474,FOLR1,P15328,False,12,11.93658267870012,13.0,31,descriptive abundance; no clinical expression threshold; isodoping flagged where supplied
TOV2295-R,HGS,2295,NA,P57,NA,FOLR1,ENSG00000110195,NA,NA,NA,31,NA,15,5.088676143550565,12.0,NA,FOLR1,P15328,False,12,NA,NA,31,descriptive abundance; no clinical expression threshold; isodoping flagged where supplied
TOV2835EP,HGS,TOV2835EP,NA,P64,NA,FOLR1,ENSG00000110195,NA,NA,NA,31,NA,15,5.088676143550565,12.0,NA,FOLR1,P15328,False,12,NA,NA,31,descriptive abundance; no clinical expression threshold; isodoping flagged where supplied
TOV2881EP,HGS,TOV2881EP,NA,P64,NA,FOLR1,ENSG00000110195,NA,NA,NA,31,NA,15,5.088676143550565,12.0,NA,FOLR1,P15328,False,12,NA,NA,31,descriptive abundance; no clinical expression threshold; isodoping flagged where supplied
TOV2929D,HGS,TOV2929D,NA,P57,NA,FOLR1,ENSG00000110195,NA,NA,NA,31,NA,15,5.088676143550565,12.0,NA,FOLR1,P15328,False,12,NA,NA,31,descriptive abundance; no clinical expression threshold; isodoping flagged where supplied
TOV3041G,HGS,TOV3041G,p67,NA,3.0,FOLR1,ENSG00000110195,47.147105,5.589377148870807,13.0,31,6.0,15,5.088676143550565,12.0,0.5007010053202423,FOLR1,P15328,False,12,12.22919311636462,10.0,31,descriptive abundance; no clinical expression threshold; isodoping flagged where supplied
TOV3121D,HGS,3121,NA,P68,NA,FOLR1,ENSG00000110195,NA,NA,NA,31,NA,15,5.088676143550565,12.0,NA,FOLR1,P15328,False,12,NA,NA,31,descriptive abundance; no clinical expression threshold; isodoping flagged where supplied
TOV3121EP,HGS,3121,NA,P68,NA,FOLR1,ENSG00000110195,NA,NA,NA,31,NA,15,5.088676143550565,12.0,NA,FOLR1,P15328,False,12,NA,NA,31,descriptive abundance; no clinical expression threshold; isodoping flagged where supplied
TOV3133D,HGS,3133,NA,P66,NA,FOLR1,ENSG00000110195,NA,NA,NA,31,NA,15,5.088676143550565,12.0,NA,FOLR1,P15328,False,12,NA,NA,31,descriptive abundance; no clinical expression threshold; isodoping flagged where supplied
TOV3133G,HGS,3133,p61,P65,4.0,FOLR1,ENSG00000110195,712.6388,9.479050245399895,1.0,31,1.0,15,5.088676143550565,12.0,4.39037410184933,FOLR1,P15328,False,12,11.58875550024574,16.0,31,descriptive abundance; no clinical expression threshold; isodoping flagged where supplied
TOV3291G,HGS,3291,p62,NA,2.0,FOLR1,ENSG00000110195,2.67916,1.8793764178676295,24.0,31,12.0,15,5.088676143550565,12.0,-3.209299725682935,FOLR1,P15328,False,12,11.58922940087884,15.0,31,descriptive abundance; no clinical expression threshold; isodoping flagged where supplied
OV3331,HGS,OV3331,p71,P54,4.0,FOLR1,ENSG00000110195,21.457442,4.489121702764626,19.0,31,11.0,15,5.088676143550565,12.0,-0.5995544407859388,FOLR1,P15328,False,12,11.41398243099778,21.0,31,descriptive abundance; no clinical expression threshold; isodoping flagged where supplied
OV90,HGS,OV90,p70,P63,5.0,FOLR1,ENSG00000110195,34.6031126,5.153931469120785,15.0,31,8.0,15,5.088676143550565,12.0,0.06525532557022018,FOLR1,P15328,False,12,11.37273900267357,22.0,31,descriptive abundance; no clinical expression threshold; isodoping flagged where supplied
TOV81D,LGS,TOV81D,NA,P23,NA,FOLR1,ENSG00000110195,NA,NA,NA,31,NA,0,NA,0.0,NA,FOLR1,P15328,False,12,NA,NA,31,descriptive abundance; no clinical expression threshold; isodoping flagged where supplied
TOV21G,CC,TOV21G,p63,P59,5.0,FOLR1,ENSG00000110195,78.37843999999998,6.310675304663016,10.0,31,3.0,7,6.273626250905546,7.0,0.03704905375747014,FOLR1,P15328,False,12,11.90210626160201,14.0,31,descriptive abundance; no clinical expression threshold; isodoping flagged where supplied
TOV3392D,CC,TOV3392D,p69,P69,1.0,FOLR1,ENSG00000110195,204.992456,7.686447692762436,4.0,31,1.0,7,6.273626250905546,7.0,1.4128214418568898,FOLR1,P15328,False,12,12.78395328161519,6.0,31,descriptive abundance; no clinical expression threshold; isodoping flagged where supplied
VOA10816,CC,VOA10816,p20,NA,1.0,FOLR1,ENSG00000110195,48.50294,5.6294423048768785,12.0,31,5.0,7,6.273626250905546,7.0,-0.6441839460286678,FOLR1,P15328,False,12,11.94621200680996,12.0,31,descriptive abundance; no clinical expression threshold; isodoping flagged where supplied
VOA12539,CC,VOA12539,p41,NA,2.0,FOLR1,ENSG00000110195,16.98583,4.168788832578848,20.0,31,6.0,7,6.273626250905546,7.0,-2.1048374183266985,FOLR1,P15328,False,12,11.24620289839869,23.0,31,descriptive abundance; no clinical expression threshold; isodoping flagged where supplied
VOA14993,CC,VOA14993,NA,NA,3.0,FOLR1,ENSG00000110195,NA,NA,NA,31,NA,7,6.273626250905546,7.0,NA,FOLR1,P15328,False,12,13.59713724823837,1.0,31,descriptive abundance; no clinical expression threshold; isodoping flagged where supplied
VOA295,CC,VOA295,p31,NA,2.0,FOLR1,ENSG00000110195,119.27339,6.910173677163581,9.0,31,2.0,7,6.273626250905546,7.0,0.6365474262580344,FOLR1,P15328,False,12,12.34815463655884,9.0,31,descriptive abundance; no clinical expression threshold; isodoping flagged where supplied
VOA4841,CC,VOA4841,p43,NA,3.0,FOLR1,ENSG00000110195,76.36591800000001,6.273626250905546,11.0,31,4.0,7,6.273626250905546,7.0,0.0,FOLR1,P15328,False,12,12.0202044056346,11.0,31,descriptive abundance; no clinical expression threshold; isodoping flagged where supplied
VOA6861,CC,VOA6861,p17,NA,NA,FOLR1,ENSG00000110195,15.430483,4.038302986098208,22.0,31,7.0,7,6.273626250905546,7.0,-2.235323264807338,FOLR1,P15328,False,12,NA,NA,31,descriptive abundance; no clinical expression threshold; isodoping flagged where supplied
TOV112D,EC,TOV112D,p63,P83,4.0,FOLR1,ENSG00000110195,0.235291,0.3048509404363419,28.0,31,2.0,2,0.5766739473011107,2.0,-0.27182300686476873,FOLR1,P15328,False,12,10.5890099548421,30.0,31,descriptive abundance; no clinical expression threshold; isodoping flagged where supplied
VOA4395,EC,VOA4395,p39-40,NA,1.0,FOLR1,ENSG00000110195,0.800624,0.8484969541658793,25.0,31,1.0,2,0.5766739473011107,2.0,0.2718230068647687,FOLR1,P15328,False,12,10.71661239917074,29.0,31,descriptive abundance; no clinical expression threshold; isodoping flagged where supplied
TOV2414,MC,TOV2414,p69,P65,5.0,FOLR1,ENSG00000110195,16.574804999999998,4.135436776953669,21.0,31,3.0,3,7.400179260525492,3.0,-3.2647424835718235,FOLR1,P15328,False,12,11.49752646351765,18.0,31,descriptive abundance; no clinical expression threshold; isodoping flagged where supplied
VOA8762,MC,VOA8762,p27,NA,4.0,FOLR1,ENSG00000110195,167.918,7.400179260525492,7.0,31,2.0,3,7.400179260525492,3.0,0.0,FOLR1,P15328,False,12,13.08701512199516,5.0,31,descriptive abundance; no clinical expression threshold; isodoping flagged where supplied
VOA8771,MC,VOA8771,p28,NA,5.0,FOLR1,ENSG00000110195,185.337832,7.54177680285054,6.0,31,1.0,3,7.400179260525492,3.0,0.14159754232504795,FOLR1,P15328,False,12,13.39543017464236,2.0,31,descriptive abundance; no clinical expression threshold; isodoping flagged where supplied
VOA5217,MMMT,VOA5217,p36,NA,4.0,FOLR1,ENSG00000110195,9.828783,3.436799208699513,23.0,31,2.0,2,3.9799109989407464,2.0,-0.5431117902412335,FOLR1,P15328,False,12,11.07001641804832,26.0,31,descriptive abundance; no clinical expression threshold; isodoping flagged where supplied
VOA5436,MMMT,VOA5436,p35,NA,5.0,FOLR1,ENSG00000110195,21.991406,4.523022789181979,18.0,31,1.0,2,3.9799109989407464,2.0,0.543111790241233,FOLR1,P15328,False,12,11.48290872777383,19.0,31,descriptive abundance; no clinical expression threshold; isodoping flagged where supplied
BIN67,SCCOHT,BIN67,p51,NA,3.0,FOLR1,ENSG00000110195,0.396289,0.4815975774468618,26.0,31,1.0,2,0.2407987887234309,2.0,0.2407987887234309,FOLR1,P15328,False,12,10.93357168306485,27.0,31,descriptive abundance; no clinical expression threshold; isodoping flagged where supplied
COV434,SCCOHT,COV434,p46,NA,1.0,FOLR1,ENSG00000110195,0.0,0.0,31.0,31,2.0,2,0.2407987887234309,2.0,-0.2407987887234309,FOLR1,P15328,False,12,10.46720073664685,31.0,31,descriptive abundance; no clinical expression threshold; isodoping flagged where supplied
OV1369-R2,HGS,1369,p69,P66,1.0,ESR1,ENSG00000091831,0.243754,0.3147011654720726,15.0,31,12.0,15,1.5517795306602449,12.0,-1.2370783651881723,ESR1,P03372,True,3,12.19367488806139,26.0,31,descriptive abundance; no clinical expression threshold; isodoping flagged where supplied
OV1946,HGS,OV1946,p64,NA,5.0,ESR1,ENSG00000091831,0.03240664,0.04601132537468891,24.0,31,14.0,15,1.5517795306602449,12.0,-1.5057682052855559,ESR1,P03372,True,3,12.68327623008895,6.0,31,descriptive abundance; no clinical expression threshold; isodoping flagged where supplied
OV2085,HGS,OV2085,p68,P64,2.0,ESR1,ENSG00000091831,4.0358766,2.3322429314387305,7.0,31,6.0,15,1.5517795306602449,12.0,0.7804634007784856,ESR1,P03372,True,3,12.35991396559004,23.0,31,descriptive abundance; no clinical expression threshold; isodoping flagged where supplied
OV2295,HGS,2295,p64,P61,5.0,ESR1,ENSG00000091831,18.6955463,4.299797528765963,1.0,31,1.0,15,1.5517795306602449,12.0,2.7480179981057185,ESR1,P03372,True,3,12.66163440556081,7.0,31,descriptive abundance; no clinical expression threshold; isodoping flagged where supplied
OV2295-R2,HGS,2295,p67,P70,3.0,ESR1,ENSG00000091831,4.4145111,2.436831076439629,6.0,31,5.0,15,1.5517795306602449,12.0,0.8850515457793842,ESR1,P03372,True,3,12.75567894959922,4.0,31,descriptive abundance; no clinical expression threshold; isodoping flagged where supplied
OV3133-R,HGS,3133,p64,P71,1.0,ESR1,ENSG00000091831,4.6443148,2.4967984535152103,5.0,31,4.0,15,1.5517795306602449,12.0,0.9450189228549655,ESR1,P03372,True,3,12.04472293936916,29.0,31,descriptive abundance; no clinical expression threshold; isodoping flagged where supplied
OV3133-R2,HGS,3133,NA,P58,NA,ESR1,ENSG00000091831,NA,NA,NA,31,NA,15,1.5517795306602449,12.0,NA,ESR1,P03372,True,3,NA,NA,31,descriptive abundance; no clinical expression threshold; isodoping flagged where supplied
OV3291,HGS,3291,NA,P46,NA,ESR1,ENSG00000091831,NA,NA,NA,31,NA,15,1.5517795306602449,12.0,NA,ESR1,P03372,True,3,NA,NA,31,descriptive abundance; no clinical expression threshold; isodoping flagged where supplied
OV4453,HGS,OV4453,p60,NA,4.0,ESR1,ENSG00000091831,0.8140433,0.8592088924429082,12.0,31,11.0,15,1.5517795306602449,12.0,-0.6925706382173367,ESR1,P03372,True,3,12.70562755595061,5.0,31,descriptive abundance; no clinical expression threshold; isodoping flagged where supplied
OV4485,HGS,OV4485,p60,NA,2.0,ESR1,ENSG00000091831,12.074382000000002,3.7086708496496996,2.0,31,2.0,15,1.5517795306602449,12.0,2.1568913189894547,ESR1,P03372,True,3,12.37919038414435,21.0,31,descriptive abundance; no clinical expression threshold; isodoping flagged where supplied
OV866-2,HGS,OV866-2,p67,NA,1.0,ESR1,ENSG00000091831,0.0098135800665825,0.014088984128686878,27.0,31,15.0,15,1.5517795306602449,12.0,-1.537690546531558,ESR1,P03372,True,3,12.59367075144227,11.0,31,descriptive abundance; no clinical expression threshold; isodoping flagged where supplied
TOV1369,HGS,1369,p65,P65,2.0,ESR1,ENSG00000091831,3.7730187,2.254901988672626,8.0,31,7.0,15,1.5517795306602449,12.0,0.7031224580123809,ESR1,P03372,True,3,12.32669825452865,25.0,31,descriptive abundance; no clinical expression threshold; isodoping flagged where supplied
TOV2295-R,HGS,2295,NA,P57,NA,ESR1,ENSG00000091831,NA,NA,NA,31,NA,15,1.5517795306602449,12.0,NA,ESR1,P03372,True,3,NA,NA,31,descriptive abundance; no clinical expression threshold; isodoping flagged where supplied
TOV2835EP,HGS,TOV2835EP,NA,P64,NA,ESR1,ENSG00000091831,NA,NA,NA,31,NA,15,1.5517795306602449,12.0,NA,ESR1,P03372,True,3,NA,NA,31,descriptive abundance; no clinical expression threshold; isodoping flagged where supplied
TOV2881EP,HGS,TOV2881EP,NA,P64,NA,ESR1,ENSG00000091831,NA,NA,NA,31,NA,15,1.5517795306602449,12.0,NA,ESR1,P03372,True,3,NA,NA,31,descriptive abundance; no clinical expression threshold; isodoping flagged where supplied
TOV2929D,HGS,TOV2929D,NA,P57,NA,ESR1,ENSG00000091831,NA,NA,NA,31,NA,15,1.5517795306602449,12.0,NA,ESR1,P03372,True,3,NA,NA,31,descriptive abundance; no clinical expression threshold; isodoping flagged where supplied
TOV3041G,HGS,TOV3041G,p67,NA,3.0,ESR1,ENSG00000091831,3.6721986,2.224101599805587,9.0,31,8.0,15,1.5517795306602449,12.0,0.6723220691453422,ESR1,P03372,True,3,12.63230967955755,9.0,31,descriptive abundance; no clinical expression threshold; isodoping flagged where supplied
TOV3121D,HGS,3121,NA,P68,NA,ESR1,ENSG00000091831,NA,NA,NA,31,NA,15,1.5517795306602449,12.0,NA,ESR1,P03372,True,3,NA,NA,31,descriptive abundance; no clinical expression threshold; isodoping flagged where supplied
TOV3121EP,HGS,3121,NA,P68,NA,ESR1,ENSG00000091831,NA,NA,NA,31,NA,15,1.5517795306602449,12.0,NA,ESR1,P03372,True,3,NA,NA,31,descriptive abundance; no clinical expression threshold; isodoping flagged where supplied
TOV3133D,HGS,3133,NA,P66,NA,ESR1,ENSG00000091831,NA,NA,NA,31,NA,15,1.5517795306602449,12.0,NA,ESR1,P03372,True,3,NA,NA,31,descriptive abundance; no clinical expression threshold; isodoping flagged where supplied
TOV3133G,HGS,3133,p61,P65,4.0,ESR1,ENSG00000091831,10.9481257,3.578712415570758,3.0,31,3.0,15,1.5517795306602449,12.0,2.0269328849105133,ESR1,P03372,True,3,12.50668819114903,15.0,31,descriptive abundance; no clinical expression threshold; isodoping flagged where supplied
TOV3291G,HGS,3291,p62,NA,2.0,ESR1,ENSG00000091831,1.25780309,1.1749196696946442,11.0,31,10.0,15,1.5517795306602449,12.0,-0.37685986096560065,ESR1,P03372,True,3,12.46813130700037,18.0,31,descriptive abundance; no clinical expression threshold; isodoping flagged where supplied
OV3331,HGS,OV3331,p71,P54,4.0,ESR1,ENSG00000091831,2.52777239554452,1.8187574842481407,10.0,31,9.0,15,1.5517795306602449,12.0,0.2669779535878958,ESR1,P03372,True,3,12.42604307223452,19.0,31,descriptive abundance; no clinical expression threshold; isodoping flagged where supplied
OV90,HGS,OV90,p70,P63,5.0,ESR1,ENSG00000091831,0.0663809,0.09272284559011144,20.0,31,13.0,15,1.5517795306602449,12.0,-1.4590566850701334,ESR1,P03372,True,3,12.62679947644132,10.0,31,descriptive abundance; no clinical expression threshold; isodoping flagged where supplied
TOV81D,LGS,TOV81D,NA,P23,NA,ESR1,ENSG00000091831,NA,NA,NA,31,NA,0,NA,0.0,NA,ESR1,P03372,True,3,NA,NA,31,descriptive abundance; no clinical expression threshold; isodoping flagged where supplied
TOV21G,CC,TOV21G,p63,P59,5.0,ESR1,ENSG00000091831,0.0328898799999999,0.0466864516410922,23.0,31,5.0,7,0.1112888371843288,7.0,-0.0646023855432366,ESR1,P03372,True,3,12.88792681889953,2.0,31,descriptive abundance; no clinical expression threshold; isodoping flagged where supplied
TOV3392D,CC,TOV3392D,p69,P69,1.0,ESR1,ENSG00000091831,0.0,0.0,29.0,31,7.0,7,0.1112888371843288,7.0,-0.1112888371843288,ESR1,P03372,True,3,12.34927792777461,24.0,31,descriptive abundance; no clinical expression threshold; isodoping flagged where supplied
VOA10816,CC,VOA10816,p20,NA,1.0,ESR1,ENSG00000091831,0.0801928,0.1112888371843288,19.0,31,4.0,7,0.1112888371843288,7.0,0.0,ESR1,P03372,True,3,11.92387632255777,30.0,31,descriptive abundance; no clinical expression threshold; isodoping flagged where supplied
VOA12539,CC,VOA12539,p41,NA,2.0,ESR1,ENSG00000091831,0.02139992,0.03054785116550427,25.0,31,6.0,7,0.1112888371843288,7.0,-0.08074098601882454,ESR1,P03372,True,3,12.10649087271829,28.0,31,descriptive abundance; no clinical expression threshold; isodoping flagged where supplied
VOA14993,CC,VOA14993,NA,NA,3.0,ESR1,ENSG00000091831,NA,NA,NA,31,NA,7,0.1112888371843288,7.0,NA,ESR1,P03372,True,3,12.51004856917754,13.0,31,descriptive abundance; no clinical expression threshold; isodoping flagged where supplied
VOA295,CC,VOA295,p31,NA,2.0,ESR1,ENSG00000091831,0.1336622,0.1809908210694878,18.0,31,3.0,7,0.1112888371843288,7.0,0.069701983885159,ESR1,P03372,True,3,12.18945440557265,27.0,31,descriptive abundance; no clinical expression threshold; isodoping flagged where supplied
VOA4841,CC,VOA4841,p43,NA,3.0,ESR1,ENSG00000091831,0.4854834999999999,0.5709325805349038,13.0,31,2.0,7,0.1112888371843288,7.0,0.459643743350575,ESR1,P03372,True,3,12.3934412467942,20.0,31,descriptive abundance; no clinical expression threshold; isodoping flagged where supplied
VOA6861,CC,VOA6861,p17,NA,NA,ESR1,ENSG00000091831,6.6462618,2.934754597386222,4.0,31,1.0,7,0.1112888371843288,7.0,2.823465760201893,ESR1,P03372,True,3,NA,NA,31,descriptive abundance; no clinical expression threshold; isodoping flagged where supplied
TOV112D,EC,TOV112D,p63,P83,4.0,ESR1,ENSG00000091831,0.0361007,0.051164227281648815,22.0,31,1.0,2,0.025582113640824408,2.0,0.025582113640824408,ESR1,P03372,True,3,12.50739194447846,14.0,31,descriptive abundance; no clinical expression threshold; isodoping flagged where supplied
VOA4395,EC,VOA4395,p39-40,NA,1.0,ESR1,ENSG00000091831,0.0,0.0,29.0,31,2.0,2,0.025582113640824408,2.0,-0.025582113640824408,ESR1,P03372,True,3,12.4952180360979,16.0,31,descriptive abundance; no clinical expression threshold; isodoping flagged where supplied
TOV2414,MC,TOV2414,p69,P65,5.0,ESR1,ENSG00000091831,0.0,0.0,29.0,31,3.0,3,0.2864573825796335,3.0,-0.2864573825796335,ESR1,P03372,True,3,12.95599197403834,1.0,31,descriptive abundance; no clinical expression threshold; isodoping flagged where supplied
VOA8762,MC,VOA8762,p27,NA,4.0,ESR1,ENSG00000091831,0.3839345,0.4687756635227967,14.0,31,1.0,3,0.2864573825796335,3.0,0.1823182809431632,ESR1,P03372,True,3,12.51657779232318,12.0,31,descriptive abundance; no clinical expression threshold; isodoping flagged where supplied
VOA8771,MC,VOA8771,p28,NA,5.0,ESR1,ENSG00000091831,0.2196417,0.2864573825796335,16.0,31,2.0,3,0.2864573825796335,3.0,0.0,ESR1,P03372,True,3,12.37374103114275,22.0,31,descriptive abundance; no clinical expression threshold; isodoping flagged where supplied
VOA5217,MMMT,VOA5217,p36,NA,4.0,ESR1,ENSG00000091831,0.00605673,0.008711658803574088,28.0,31,2.0,2,0.039623036650282904,2.0,-0.030911377846708818,ESR1,P03372,True,3,12.7689781060797,3.0,31,descriptive abundance; no clinical expression threshold; isodoping flagged where supplied
VOA5436,MMMT,VOA5436,p35,NA,5.0,ESR1,ENSG00000091831,0.0501056,0.07053441449699172,21.0,31,1.0,2,0.039623036650282904,2.0,0.03091137784670881,ESR1,P03372,True,3,12.47201502350777,17.0,31,descriptive abundance; no clinical expression threshold; isodoping flagged where supplied
BIN67,SCCOHT,BIN67,p51,NA,3.0,ESR1,ENSG00000091831,0.0167328,0.023940585032066093,26.0,31,2.0,2,0.12256306005291118,2.0,-0.09862247502084509,ESR1,P03372,True,3,12.64133690208657,8.0,31,descriptive abundance; no clinical expression threshold; isodoping flagged where supplied
COV434,SCCOHT,COV434,p46,NA,1.0,ESR1,ENSG00000091831,0.1656910999999999,0.22118553507375627,17.0,31,1.0,2,0.12256306005291118,2.0,0.09862247502084509,ESR1,P03372,True,3,11.73537742639042,31.0,31,descriptive abundance; no clinical expression threshold; isodoping flagged where supplied
OV1369-R2,HGS,1369,p69,P66,1.0,PGR,ENSG00000082175,0.0,0.0,11.0,31,5.0,15,0.0,12.0,0.0,NA,NA,NA,NA,NA,NA,0,descriptive abundance; no clinical expression threshold; isodoping flagged where supplied
OV1946,HGS,OV1946,p64,NA,5.0,PGR,ENSG00000082175,0.6451662,0.7182333370328082,2.0,31,2.0,15,0.0,12.0,0.7182333370328082,NA,NA,NA,NA,NA,NA,0,descriptive abundance; no clinical expression threshold; isodoping flagged where supplied
OV2085,HGS,OV2085,p68,P64,2.0,PGR,ENSG00000082175,0.00513281,0.007386139881130633,8.0,31,4.0,15,0.0,12.0,0.007386139881130633,NA,NA,NA,NA,NA,NA,0,descriptive abundance; no clinical expression threshold; isodoping flagged where supplied
OV2295,HGS,2295,p64,P61,5.0,PGR,ENSG00000082175,4.8157879999999995,2.5399746803780157,1.0,31,1.0,15,0.0,12.0,2.5399746803780157,NA,NA,NA,NA,NA,NA,0,descriptive abundance; no clinical expression threshold; isodoping flagged where supplied
OV2295-R2,HGS,2295,p67,P70,3.0,PGR,ENSG00000082175,0.0,0.0,11.0,31,5.0,15,0.0,12.0,0.0,NA,NA,NA,NA,NA,NA,0,descriptive abundance; no clinical expression threshold; isodoping flagged where supplied
OV3133-R,HGS,3133,p64,P71,1.0,PGR,ENSG00000082175,0.0,0.0,11.0,31,5.0,15,0.0,12.0,0.0,NA,NA,NA,NA,NA,NA,0,descriptive abundance; no clinical expression threshold; isodoping flagged where supplied
OV3133-R2,HGS,3133,NA,P58,NA,PGR,ENSG00000082175,NA,NA,NA,31,NA,15,0.0,12.0,NA,NA,NA,NA,NA,NA,NA,0,descriptive abundance; no clinical expression threshold; isodoping flagged where supplied
OV3291,HGS,3291,NA,P46,NA,PGR,ENSG00000082175,NA,NA,NA,31,NA,15,0.0,12.0,NA,NA,NA,NA,NA,NA,NA,0,descriptive abundance; no clinical expression threshold; isodoping flagged where supplied
OV4453,HGS,OV4453,p60,NA,4.0,PGR,ENSG00000082175,0.01148112,0.01646939123917237,6.0,31,3.0,15,0.0,12.0,0.01646939123917237,NA,NA,NA,NA,NA,NA,0,descriptive abundance; no clinical expression threshold; isodoping flagged where supplied
OV4485,HGS,OV4485,p60,NA,2.0,PGR,ENSG00000082175,0.0,0.0,11.0,31,5.0,15,0.0,12.0,0.0,NA,NA,NA,NA,NA,NA,0,descriptive abundance; no clinical expression threshold; isodoping flagged where supplied
OV866-2,HGS,OV866-2,p67,NA,1.0,PGR,ENSG00000082175,0.0,0.0,11.0,31,5.0,15,0.0,12.0,0.0,NA,NA,NA,NA,NA,NA,0,descriptive abundance; no clinical expression threshold; isodoping flagged where supplied
TOV1369,HGS,1369,p65,P65,2.0,PGR,ENSG00000082175,0.0,0.0,11.0,31,5.0,15,0.0,12.0,0.0,NA,NA,NA,NA,NA,NA,0,descriptive abundance; no clinical expression threshold; isodoping flagged where supplied
TOV2295-R,HGS,2295,NA,P57,NA,PGR,ENSG00000082175,NA,NA,NA,31,NA,15,0.0,12.0,NA,NA,NA,NA,NA,NA,NA,0,descriptive abundance; no clinical expression threshold; isodoping flagged where supplied
TOV2835EP,HGS,TOV2835EP,NA,P64,NA,PGR,ENSG00000082175,NA,NA,NA,31,NA,15,0.0,12.0,NA,NA,NA,NA,NA,NA,NA,0,descriptive abundance; no clinical expression threshold; isodoping flagged where supplied
TOV2881EP,HGS,TOV2881EP,NA,P64,NA,PGR,ENSG00000082175,NA,NA,NA,31,NA,15,0.0,12.0,NA,NA,NA,NA,NA,NA,NA,0,descriptive abundance; no clinical expression threshold; isodoping flagged where supplied
TOV2929D,HGS,TOV2929D,NA,P57,NA,PGR,ENSG00000082175,NA,NA,NA,31,NA,15,0.0,12.0,NA,NA,NA,NA,NA,NA,NA,0,descriptive abundance; no clinical expression threshold; isodoping flagged where supplied
TOV3041G,HGS,TOV3041G,p67,NA,3.0,PGR,ENSG00000082175,0.0,0.0,11.0,31,5.0,15,0.0,12.0,0.0,NA,NA,NA,NA,NA,NA,0,descriptive abundance; no clinical expression threshold; isodoping flagged where supplied
TOV3121D,HGS,3121,NA,P68,NA,PGR,ENSG00000082175,NA,NA,NA,31,NA,15,0.0,12.0,NA,NA,NA,NA,NA,NA,NA,0,descriptive abundance; no clinical expression threshold; isodoping flagged where supplied
TOV3121EP,HGS,3121,NA,P68,NA,PGR,ENSG00000082175,NA,NA,NA,31,NA,15,0.0,12.0,NA,NA,NA,NA,NA,NA,NA,0,descriptive abundance; no clinical expression threshold; isodoping flagged where supplied
TOV3133D,HGS,3133,NA,P66,NA,PGR,ENSG00000082175,NA,NA,NA,31,NA,15,0.0,12.0,NA,NA,NA,NA,NA,NA,NA,0,descriptive abundance; no clinical expression threshold; isodoping flagged where supplied
TOV3133G,HGS,3133,p61,P65,4.0,PGR,ENSG00000082175,0.0,0.0,11.0,31,5.0,15,0.0,12.0,0.0,NA,NA,NA,NA,NA,NA,0,descriptive abundance; no clinical expression threshold; isodoping flagged where supplied
TOV3291G,HGS,3291,p62,NA,2.0,PGR,ENSG00000082175,0.0,0.0,11.0,31,5.0,15,0.0,12.0,0.0,NA,NA,NA,NA,NA,NA,0,descriptive abundance; no clinical expression threshold; isodoping flagged where supplied
OV3331,HGS,OV3331,p71,P54,4.0,PGR,ENSG00000082175,0.0,0.0,11.0,31,5.0,15,0.0,12.0,0.0,NA,NA,NA,NA,NA,NA,0,descriptive abundance; no clinical expression threshold; isodoping flagged where supplied
OV90,HGS,OV90,p70,P63,5.0,PGR,ENSG00000082175,0.0,0.0,11.0,31,5.0,15,0.0,12.0,0.0,NA,NA,NA,NA,NA,NA,0,descriptive abundance; no clinical expression threshold; isodoping flagged where supplied
TOV81D,LGS,TOV81D,NA,P23,NA,PGR,ENSG00000082175,NA,NA,NA,31,NA,0,NA,0.0,NA,NA,NA,NA,NA,NA,NA,0,descriptive abundance; no clinical expression threshold; isodoping flagged where supplied
TOV21G,CC,TOV21G,p63,P59,5.0,PGR,ENSG00000082175,0.0,0.0,11.0,31,2.0,7,0.0,7.0,0.0,NA,NA,NA,NA,NA,NA,0,descriptive abundance; no clinical expression threshold; isodoping flagged where supplied
TOV3392D,CC,TOV3392D,p69,P69,1.0,PGR,ENSG00000082175,0.0,0.0,11.0,31,2.0,7,0.0,7.0,0.0,NA,NA,NA,NA,NA,NA,0,descriptive abundance; no clinical expression threshold; isodoping flagged where supplied
VOA10816,CC,VOA10816,p20,NA,1.0,PGR,ENSG00000082175,0.0,0.0,11.0,31,2.0,7,0.0,7.0,0.0,NA,NA,NA,NA,NA,NA,0,descriptive abundance; no clinical expression threshold; isodoping flagged where supplied
VOA12539,CC,VOA12539,p41,NA,2.0,PGR,ENSG00000082175,0.0,0.0,11.0,31,2.0,7,0.0,7.0,0.0,NA,NA,NA,NA,NA,NA,0,descriptive abundance; no clinical expression threshold; isodoping flagged where supplied
VOA14993,CC,VOA14993,NA,NA,3.0,PGR,ENSG00000082175,NA,NA,NA,31,NA,7,0.0,7.0,NA,NA,NA,NA,NA,NA,NA,0,descriptive abundance; no clinical expression threshold; isodoping flagged where supplied
VOA295,CC,VOA295,p31,NA,2.0,PGR,ENSG00000082175,0.0,0.0,11.0,31,2.0,7,0.0,7.0,0.0,NA,NA,NA,NA,NA,NA,0,descriptive abundance; no clinical expression threshold; isodoping flagged where supplied
VOA4841,CC,VOA4841,p43,NA,3.0,PGR,ENSG00000082175,0.0,0.0,11.0,31,2.0,7,0.0,7.0,0.0,NA,NA,NA,NA,NA,NA,0,descriptive abundance; no clinical expression threshold; isodoping flagged where supplied
VOA6861,CC,VOA6861,p17,NA,NA,PGR,ENSG00000082175,0.02397685,0.034183099353803474,5.0,31,1.0,7,0.0,7.0,0.034183099353803474,NA,NA,NA,NA,NA,NA,0,descriptive abundance; no clinical expression threshold; isodoping flagged where supplied
TOV112D,EC,TOV112D,p63,P83,4.0,PGR,ENSG00000082175,0.00232772,0.0033542876920839505,10.0,31,1.0,2,0.0016771438460419753,2.0,0.0016771438460419753,NA,NA,NA,NA,NA,NA,0,descriptive abundance; no clinical expression threshold; isodoping flagged where supplied
VOA4395,EC,VOA4395,p39-40,NA,1.0,PGR,ENSG00000082175,0.0,0.0,11.0,31,2.0,2,0.0016771438460419753,2.0,-0.0016771438460419753,NA,NA,NA,NA,NA,NA,0,descriptive abundance; no clinical expression threshold; isodoping flagged where supplied
TOV2414,MC,TOV2414,p69,P65,5.0,PGR,ENSG00000082175,0.0,0.0,11.0,31,3.0,3,0.007210646033849213,3.0,-0.007210646033849213,NA,NA,NA,NA,NA,NA,0,descriptive abundance; no clinical expression threshold; isodoping flagged where supplied
VOA8762,MC,VOA8762,p27,NA,4.0,PGR,ENSG00000082175,0.00871101,0.012512909669829276,7.0,31,1.0,3,0.007210646033849213,3.0,0.0053022636359800635,NA,NA,NA,NA,NA,NA,0,descriptive abundance; no clinical expression threshold; isodoping flagged where supplied
VOA8771,MC,VOA8771,p28,NA,5.0,PGR,ENSG00000082175,0.00501055,0.007210646033849213,9.0,31,2.0,3,0.007210646033849213,3.0,0.0,NA,NA,NA,NA,NA,NA,0,descriptive abundance; no clinical expression threshold; isodoping flagged where supplied
VOA5217,MMMT,VOA5217,p36,NA,4.0,PGR,ENSG00000082175,0.0,0.0,11.0,31,1.0,2,0.0,2.0,0.0,NA,NA,NA,NA,NA,NA,0,descriptive abundance; no clinical expression threshold; isodoping flagged where supplied
VOA5436,MMMT,VOA5436,p35,NA,5.0,PGR,ENSG00000082175,0.0,0.0,11.0,31,1.0,2,0.0,2.0,0.0,NA,NA,NA,NA,NA,NA,0,descriptive abundance; no clinical expression threshold; isodoping flagged where supplied
BIN67,SCCOHT,BIN67,p51,NA,3.0,PGR,ENSG00000082175,0.07940544,0.11023686335263633,4.0,31,2.0,2,0.26041424549800307,2.0,-0.15017738214536674,NA,NA,NA,NA,NA,NA,0,descriptive abundance; no clinical expression threshold; isodoping flagged where supplied
COV434,SCCOHT,COV434,p46,NA,1.0,PGR,ENSG00000082175,0.3292308,0.41059162764336976,3.0,31,1.0,2,0.26041424549800307,2.0,0.1501773821453667,NA,NA,NA,NA,NA,NA,0,descriptive abundance; no clinical expression threshold; isodoping flagged where supplied
OV1369-R2,HGS,1369,p69,P66,1.0,MSLN,ENSG00000102854,129.878499,7.032084297494087,10.0,31,7.0,15,6.798842650812491,12.0,0.23324164668159675,MSLN,Q13421,False,19,12.06972608640844,14.0,31,descriptive abundance; no clinical expression threshold; isodoping flagged where supplied
OV1946,HGS,OV1946,p64,NA,5.0,MSLN,ENSG00000102854,0.0,0.0,29.0,31,14.0,15,6.798842650812491,12.0,-6.798842650812491,MSLN,Q13421,False,19,11.81248277726401,23.0,31,descriptive abundance; no clinical expression threshold; isodoping flagged where supplied
OV2085,HGS,OV2085,p68,P64,2.0,MSLN,ENSG00000102854,104.59472100000002,6.722393901578186,13.0,31,10.0,15,6.798842650812491,12.0,-0.07644874923430489,MSLN,Q13421,False,19,12.05817511241668,15.0,31,descriptive abundance; no clinical expression threshold; isodoping flagged where supplied
OV2295,HGS,2295,p64,P61,5.0,MSLN,ENSG00000102854,105.57899799999998,6.7357793645848005,12.0,31,9.0,15,6.798842650812491,12.0,-0.06306328622769009,MSLN,Q13421,False,19,12.47512918445732,11.0,31,descriptive abundance; no clinical expression threshold; isodoping flagged where supplied
OV2295-R2,HGS,2295,p67,P70,3.0,MSLN,ENSG00000102854,0.372129,0.4564161221168423,25.0,31,13.0,15,6.798842650812491,12.0,-6.342426528695649,MSLN,Q13421,False,19,11.82611737883838,20.0,31,descriptive abundance; no clinical expression threshold; isodoping flagged where supplied
OV3133-R,HGS,3133,p64,P71,1.0,MSLN,ENSG00000102854,441.97086,8.791067986712521,2.0,31,2.0,15,6.798842650812491,12.0,1.9922253359000308,MSLN,Q13421,False,19,12.70479614793991,5.0,31,descriptive abundance; no clinical expression threshold; isodoping flagged where supplied
OV3133-R2,HGS,3133,NA,P58,NA,MSLN,ENSG00000102854,NA,NA,NA,31,NA,15,6.798842650812491,12.0,NA,MSLN,Q13421,False,19,NA,NA,31,descriptive abundance; no clinical expression threshold; isodoping flagged where supplied
OV3291,HGS,3291,NA,P46,NA,MSLN,ENSG00000102854,NA,NA,NA,31,NA,15,6.798842650812491,12.0,NA,MSLN,Q13421,False,19,NA,NA,31,descriptive abundance; no clinical expression threshold; isodoping flagged where supplied
OV4453,HGS,OV4453,p60,NA,4.0,MSLN,ENSG00000102854,116.400228,6.875291400046795,11.0,31,8.0,15,6.798842650812491,12.0,0.076448749234304,MSLN,Q13421,False,19,12.54006096978203,7.0,31,descriptive abundance; no clinical expression threshold; isodoping flagged where supplied
OV4485,HGS,OV4485,p60,NA,2.0,MSLN,ENSG00000102854,385.762,8.595302244401626,4.0,31,4.0,15,6.798842650812491,12.0,1.7964595935891357,MSLN,Q13421,False,19,13.08073185568899,1.0,31,descriptive abundance; no clinical expression threshold; isodoping flagged where supplied
OV866-2,HGS,OV866-2,p67,NA,1.0,MSLN,ENSG00000102854,0.920846,0.9417418584400464,21.0,31,12.0,15,6.798842650812491,12.0,-5.857100792372444,MSLN,Q13421,False,19,12.10186490317029,12.0,31,descriptive abundance; no clinical expression threshold; isodoping flagged where supplied
TOV1369,HGS,1369,p65,P65,2.0,MSLN,ENSG00000102854,143.18858799999998,7.171813174829718,9.0,31,6.0,15,6.798842650812491,12.0,0.3729705240172274,MSLN,Q13421,False,19,12.49477970199209,9.0,31,descriptive abundance; no clinical expression threshold; isodoping flagged where supplied
TOV2295-R,HGS,2295,NA,P57,NA,MSLN,ENSG00000102854,NA,NA,NA,31,NA,15,6.798842650812491,12.0,NA,MSLN,Q13421,False,19,NA,NA,31,descriptive abundance; no clinical expression threshold; isodoping flagged where supplied
TOV2835EP,HGS,TOV2835EP,NA,P64,NA,MSLN,ENSG00000102854,NA,NA,NA,31,NA,15,6.798842650812491,12.0,NA,MSLN,Q13421,False,19,NA,NA,31,descriptive abundance; no clinical expression threshold; isodoping flagged where supplied
TOV2881EP,HGS,TOV2881EP,NA,P64,NA,MSLN,ENSG00000102854,NA,NA,NA,31,NA,15,6.798842650812491,12.0,NA,MSLN,Q13421,False,19,NA,NA,31,descriptive abundance; no clinical expression threshold; isodoping flagged where supplied
TOV2929D,HGS,TOV2929D,NA,P57,NA,MSLN,ENSG00000102854,NA,NA,NA,31,NA,15,6.798842650812491,12.0,NA,MSLN,Q13421,False,19,NA,NA,31,descriptive abundance; no clinical expression threshold; isodoping flagged where supplied
TOV3041G,HGS,TOV3041G,p67,NA,3.0,MSLN,ENSG00000102854,158.29600999999997,7.31556632088588,8.0,31,5.0,15,6.798842650812491,12.0,0.5167236700733895,MSLN,Q13421,False,19,13.06608822873491,2.0,31,descriptive abundance; no clinical expression threshold; isodoping flagged where supplied
TOV3121D,HGS,3121,NA,P68,NA,MSLN,ENSG00000102854,NA,NA,NA,31,NA,15,6.798842650812491,12.0,NA,MSLN,Q13421,False,19,NA,NA,31,descriptive abundance; no clinical expression threshold; isodoping flagged where supplied
TOV3121EP,HGS,3121,NA,P68,NA,MSLN,ENSG00000102854,NA,NA,NA,31,NA,15,6.798842650812491,12.0,NA,MSLN,Q13421,False,19,NA,NA,31,descriptive abundance; no clinical expression threshold; isodoping flagged where supplied
TOV3133D,HGS,3133,NA,P66,NA,MSLN,ENSG00000102854,NA,NA,NA,31,NA,15,6.798842650812491,12.0,NA,MSLN,Q13421,False,19,NA,NA,31,descriptive abundance; no clinical expression threshold; isodoping flagged where supplied
TOV3133G,HGS,3133,p61,P65,4.0,MSLN,ENSG00000102854,629.12289,9.299489408076402,1.0,31,1.0,15,6.798842650812491,12.0,2.5006467572639117,MSLN,Q13421,False,19,12.50804230629727,8.0,31,descriptive abundance; no clinical expression threshold; isodoping flagged where supplied
TOV3291G,HGS,3291,p62,NA,2.0,MSLN,ENSG00000102854,99.84140200000002,6.655944271040844,14.0,31,11.0,15,6.798842650812491,12.0,-0.14289837977164677,MSLN,Q13421,False,19,12.49408632943311,10.0,31,descriptive abundance; no clinical expression threshold; isodoping flagged where supplied
OV3331,HGS,OV3331,p71,P54,4.0,MSLN,ENSG00000102854,429.083669,8.748473540541069,3.0,31,3.0,15,6.798842650812491,12.0,1.949630889728578,MSLN,Q13421,False,19,13.01409137489341,4.0,31,descriptive abundance; no clinical expression threshold; isodoping flagged where supplied
OV90,HGS,OV90,p70,P63,5.0,MSLN,ENSG00000102854,0.0,0.0,29.0,31,14.0,15,6.798842650812491,12.0,-6.798842650812491,MSLN,Q13421,False,19,11.60485563723607,29.0,31,descriptive abundance; no clinical expression threshold; isodoping flagged where supplied
TOV81D,LGS,TOV81D,NA,P23,NA,MSLN,ENSG00000102854,NA,NA,NA,31,NA,0,NA,0.0,NA,MSLN,Q13421,False,19,NA,NA,31,descriptive abundance; no clinical expression threshold; isodoping flagged where supplied
TOV21G,CC,TOV21G,p63,P59,5.0,MSLN,ENSG00000102854,36.51453,5.229377578466152,16.0,31,4.0,7,5.229377578466152,7.0,0.0,MSLN,Q13421,False,19,11.64243660880573,28.0,31,descriptive abundance; no clinical expression threshold; isodoping flagged where supplied
TOV3392D,CC,TOV3392D,p69,P69,1.0,MSLN,ENSG00000102854,18.398073,4.277841437432491,18.0,31,5.0,7,5.229377578466152,7.0,-0.9515361410336611,MSLN,Q13421,False,19,11.95365893782819,18.0,31,descriptive abundance; no clinical expression threshold; isodoping flagged where supplied
VOA10816,CC,VOA10816,p20,NA,1.0,MSLN,ENSG00000102854,186.3619796,7.549684413809408,7.0,31,2.0,7,5.229377578466152,7.0,2.3203068353432563,MSLN,Q13421,False,19,11.97889609013328,16.0,31,descriptive abundance; no clinical expression threshold; isodoping flagged where supplied
VOA12539,CC,VOA12539,p41,NA,2.0,MSLN,ENSG00000102854,87.24080799999999,6.463374096291001,15.0,31,3.0,7,5.229377578466152,7.0,1.233996517824849,MSLN,Q13421,False,19,12.07628272367457,13.0,31,descriptive abundance; no clinical expression threshold; isodoping flagged where supplied
VOA14993,CC,VOA14993,NA,NA,3.0,MSLN,ENSG00000102854,NA,NA,NA,31,NA,7,5.229377578466152,7.0,NA,MSLN,Q13421,False,19,11.71866939828405,26.0,31,descriptive abundance; no clinical expression threshold; isodoping flagged where supplied
VOA295,CC,VOA295,p31,NA,2.0,MSLN,ENSG00000102854,1.174431,1.1206379292953257,20.0,31,6.0,7,5.229377578466152,7.0,-4.108739649170826,MSLN,Q13421,False,19,11.82204475651455,21.0,31,descriptive abundance; no clinical expression threshold; isodoping flagged where supplied
VOA4841,CC,VOA4841,p43,NA,3.0,MSLN,ENSG00000102854,355.70603000000006,8.478591794078373,6.0,31,1.0,7,5.229377578466152,7.0,3.249214215612221,MSLN,Q13421,False,19,13.04388519205755,3.0,31,descriptive abundance; no clinical expression threshold; isodoping flagged where supplied
VOA6861,CC,VOA6861,p17,NA,NA,MSLN,ENSG00000102854,0.5545067,0.6364568347786512,23.0,31,7.0,7,5.229377578466152,7.0,-4.5929207436875,MSLN,Q13421,False,19,NA,NA,31,descriptive abundance; no clinical expression threshold; isodoping flagged where supplied
TOV112D,EC,TOV112D,p63,P83,4.0,MSLN,ENSG00000102854,0.115187,0.1572856485778984,26.0,31,1.0,2,0.10468352734578873,2.0,0.052602121232109667,MSLN,Q13421,False,19,11.81357331044214,22.0,31,descriptive abundance; no clinical expression threshold; isodoping flagged where supplied
VOA4395,EC,VOA4395,p39-40,NA,1.0,MSLN,ENSG00000102854,0.0367596,0.05208140611367908,27.0,31,2.0,2,0.10468352734578873,2.0,-0.05260212123210965,MSLN,Q13421,False,19,11.9776326967971,17.0,31,descriptive abundance; no clinical expression threshold; isodoping flagged where supplied
TOV2414,MC,TOV2414,p69,P65,5.0,MSLN,ENSG00000102854,384.82563,8.591805173093631,5.0,31,1.0,3,0.574885849605713,3.0,8.016919323487919,MSLN,Q13421,False,19,12.68791795479325,6.0,31,descriptive abundance; no clinical expression threshold; isodoping flagged where supplied
VOA8762,MC,VOA8762,p27,NA,4.0,MSLN,ENSG00000102854,0.4895596,0.574885849605713,24.0,31,2.0,3,0.574885849605713,3.0,0.0,MSLN,Q13421,False,19,11.48678339943249,30.0,31,descriptive abundance; no clinical expression threshold; isodoping flagged where supplied
VOA8771,MC,VOA8771,p28,NA,5.0,MSLN,ENSG00000102854,0.0,0.0,29.0,31,3.0,3,0.574885849605713,3.0,-0.574885849605713,MSLN,Q13421,False,19,11.32517357920317,31.0,31,descriptive abundance; no clinical expression threshold; isodoping flagged where supplied
VOA5217,MMMT,VOA5217,p36,NA,4.0,MSLN,ENSG00000102854,0.632274,0.7068832541606116,22.0,31,2.0,2,2.782093001657377,2.0,-2.0752097474967655,MSLN,Q13421,False,19,11.78495840073541,24.0,31,descriptive abundance; no clinical expression threshold; isodoping flagged where supplied
VOA5436,MMMT,VOA5436,p35,NA,5.0,MSLN,ENSG00000102854,27.986369599999996,4.857302749154142,17.0,31,1.0,2,2.782093001657377,2.0,2.075209747496765,MSLN,Q13421,False,19,11.95030712506111,19.0,31,descriptive abundance; no clinical expression threshold; isodoping flagged where supplied
BIN67,SCCOHT,BIN67,p51,NA,3.0,MSLN,ENSG00000102854,2.0763149999999997,1.6212032359624124,19.0,31,1.0,2,0.8326873496714757,2.0,0.7885158862909367,MSLN,Q13421,False,19,11.68599058618148,27.0,31,descriptive abundance; no clinical expression threshold; isodoping flagged where supplied
COV434,SCCOHT,COV434,p46,NA,1.0,MSLN,ENSG00000102854,0.031090856,0.044171463380538914,28.0,31,2.0,2,0.8326873496714757,2.0,-0.7885158862909368,MSLN,Q13421,False,19,11.75067418867344,25.0,31,descriptive abundance; no clinical expression threshold; isodoping flagged where supplied
OV1369-R2,HGS,1369,p69,P66,1.0,TACSTD2,ENSG00000184292,27.1348,4.814283802728053,17.0,31,11.0,15,6.994188268765843,12.0,-2.17990446603779,TACSTD2,P09758,False,24,13.41140243457528,12.0,31,descriptive abundance; no clinical expression threshold; isodoping flagged where supplied
OV1946,HGS,OV1946,p64,NA,5.0,TACSTD2,ENSG00000184292,26.0578,4.757972637153828,18.0,31,12.0,15,6.994188268765843,12.0,-2.2362156316120148,TACSTD2,P09758,False,24,13.06814189738202,16.0,31,descriptive abundance; no clinical expression threshold; isodoping flagged where supplied
OV2085,HGS,OV2085,p68,P64,2.0,TACSTD2,ENSG00000184292,0.0436365,0.06161930676910324,22.0,31,14.0,15,6.994188268765843,12.0,-6.93256896199674,TACSTD2,P09758,False,24,12.81529283248621,26.0,31,descriptive abundance; no clinical expression threshold; isodoping flagged where supplied
OV2295,HGS,2295,p64,P61,5.0,TACSTD2,ENSG00000184292,797.746,9.641592991052368,4.0,31,3.0,15,6.994188268765843,12.0,2.6474047222865256,TACSTD2,P09758,False,24,14.44543274819214,3.0,31,descriptive abundance; no clinical expression threshold; isodoping flagged where supplied
OV2295-R2,HGS,2295,p67,P70,3.0,TACSTD2,ENSG00000184292,326.48,8.355262990220572,8.0,31,4.0,15,6.994188268765843,12.0,1.3610747214547292,TACSTD2,P09758,False,24,14.03599988624073,9.0,31,descriptive abundance; no clinical expression threshold; isodoping flagged where supplied
OV3133-R,HGS,3133,p64,P71,1.0,TACSTD2,ENSG00000184292,283.985,8.1547421757359,10.0,31,6.0,15,6.994188268765843,12.0,1.1605539069700566,TACSTD2,P09758,False,24,14.15252448275442,4.0,31,descriptive abundance; no clinical expression threshold; isodoping flagged where supplied
OV3133-R2,HGS,3133,NA,P58,NA,TACSTD2,ENSG00000184292,NA,NA,NA,31,NA,15,6.994188268765843,12.0,NA,TACSTD2,P09758,False,24,NA,NA,31,descriptive abundance; no clinical expression threshold; isodoping flagged where supplied
OV3291,HGS,3291,NA,P46,NA,TACSTD2,ENSG00000184292,NA,NA,NA,31,NA,15,6.994188268765843,12.0,NA,TACSTD2,P09758,False,24,NA,NA,31,descriptive abundance; no clinical expression threshold; isodoping flagged where supplied
OV4453,HGS,OV4453,p60,NA,4.0,TACSTD2,ENSG00000184292,807.272,9.658697060742165,3.0,31,2.0,15,6.994188268765843,12.0,2.6645087919763224,TACSTD2,P09758,False,24,15.18369396371216,1.0,31,descriptive abundance; no clinical expression threshold; isodoping flagged where supplied
OV4485,HGS,OV4485,p60,NA,2.0,TACSTD2,ENSG00000184292,930.943,9.864097908461053,1.0,31,1.0,15,6.994188268765843,12.0,2.8699096396952104,TACSTD2,P09758,False,24,14.97367785261104,2.0,31,descriptive abundance; no clinical expression threshold; isodoping flagged where supplied
OV866-2,HGS,OV866-2,p67,NA,1.0,TACSTD2,ENSG00000184292,16.3506,4.116913648299397,20.0,31,13.0,15,6.994188268765843,12.0,-2.877274620466446,TACSTD2,P09758,False,24,13.03141970528564,18.0,31,descriptive abundance; no clinical expression threshold; isodoping flagged where supplied
TOV1369,HGS,1369,p65,P65,2.0,TACSTD2,ENSG00000184292,227.304,7.83481232629577,11.0,31,7.0,15,6.994188268765843,12.0,0.8406240575299275,TACSTD2,P09758,False,24,13.83439482855518,11.0,31,descriptive abundance; no clinical expression threshold; isodoping flagged where supplied
TOV2295-R,HGS,2295,NA,P57,NA,TACSTD2,ENSG00000184292,NA,NA,NA,31,NA,15,6.994188268765843,12.0,NA,TACSTD2,P09758,False,24,NA,NA,31,descriptive abundance; no clinical expression threshold; isodoping flagged where supplied
TOV2835EP,HGS,TOV2835EP,NA,P64,NA,TACSTD2,ENSG00000184292,NA,NA,NA,31,NA,15,6.994188268765843,12.0,NA,TACSTD2,P09758,False,24,NA,NA,31,descriptive abundance; no clinical expression threshold; isodoping flagged where supplied
TOV2881EP,HGS,TOV2881EP,NA,P64,NA,TACSTD2,ENSG00000184292,NA,NA,NA,31,NA,15,6.994188268765843,12.0,NA,TACSTD2,P09758,False,24,NA,NA,31,descriptive abundance; no clinical expression threshold; isodoping flagged where supplied
TOV2929D,HGS,TOV2929D,NA,P57,NA,TACSTD2,ENSG00000184292,NA,NA,NA,31,NA,15,6.994188268765843,12.0,NA,TACSTD2,P09758,False,24,NA,NA,31,descriptive abundance; no clinical expression threshold; isodoping flagged where supplied
TOV3041G,HGS,TOV3041G,p67,NA,3.0,TACSTD2,ENSG00000184292,302.976,8.247813611970503,9.0,31,5.0,15,6.994188268765843,12.0,1.2536253432046607,TACSTD2,P09758,False,24,14.08886047135011,6.0,31,descriptive abundance; no clinical expression threshold; isodoping flagged where supplied
TOV3121D,HGS,3121,NA,P68,NA,TACSTD2,ENSG00000184292,NA,NA,NA,31,NA,15,6.994188268765843,12.0,NA,TACSTD2,P09758,False,24,NA,NA,31,descriptive abundance; no clinical expression threshold; isodoping flagged where supplied
TOV3121EP,HGS,3121,NA,P68,NA,TACSTD2,ENSG00000184292,NA,NA,NA,31,NA,15,6.994188268765843,12.0,NA,TACSTD2,P09758,False,24,NA,NA,31,descriptive abundance; no clinical expression threshold; isodoping flagged where supplied
TOV3133D,HGS,3133,NA,P66,NA,TACSTD2,ENSG00000184292,NA,NA,NA,31,NA,15,6.994188268765843,12.0,NA,TACSTD2,P09758,False,24,NA,NA,31,descriptive abundance; no clinical expression threshold; isodoping flagged where supplied
TOV3133G,HGS,3133,p61,P65,4.0,TACSTD2,ENSG00000184292,167.567,7.397178320383339,14.0,31,9.0,15,6.994188268765843,12.0,0.402990051617496,TACSTD2,P09758,False,24,13.91124288412437,10.0,31,descriptive abundance; no clinical expression threshold; isodoping flagged where supplied
TOV3291G,HGS,3291,p62,NA,2.0,TACSTD2,ENSG00000184292,201.788,7.663828473019773,13.0,31,8.0,15,6.994188268765843,12.0,0.6696402042539304,TACSTD2,P09758,False,24,14.0418985342542,8.0,31,descriptive abundance; no clinical expression threshold; isodoping flagged where supplied
OV3331,HGS,OV3331,p71,P54,4.0,TACSTD2,ENSG00000184292,75.9223,6.265329995227497,16.0,31,10.0,15,6.994188268765843,12.0,-0.7288582735383455,TACSTD2,P09758,False,24,13.09542975159009,15.0,31,descriptive abundance; no clinical expression threshold; isodoping flagged where supplied
OV90,HGS,OV90,p70,P63,5.0,TACSTD2,ENSG00000184292,0.0146715,0.0210127303372106,24.0,31,15.0,15,6.994188268765843,12.0,-6.973175538428632,TACSTD2,P09758,False,24,12.79910163795992,28.0,31,descriptive abundance; no clinical expression threshold; isodoping flagged where supplied
TOV81D,LGS,TOV81D,NA,P23,NA,TACSTD2,ENSG00000184292,NA,NA,NA,31,NA,0,NA,0.0,NA,TACSTD2,P09758,False,24,NA,NA,31,descriptive abundance; no clinical expression threshold; isodoping flagged where supplied
TOV21G,CC,TOV21G,p63,P59,5.0,TACSTD2,ENSG00000184292,0.0304919,0.04333316487158127,23.0,31,6.0,7,4.210303135637263,7.0,-4.166969970765682,TACSTD2,P09758,False,24,13.01568463141167,19.0,31,descriptive abundance; no clinical expression threshold; isodoping flagged where supplied
TOV3392D,CC,TOV3392D,p69,P69,1.0,TACSTD2,ENSG00000184292,17.5109,4.210303135637263,19.0,31,4.0,7,4.210303135637263,7.0,0.0,TACSTD2,P09758,False,24,12.88935856351237,23.0,31,descriptive abundance; no clinical expression threshold; isodoping flagged where supplied
VOA10816,CC,VOA10816,p20,NA,1.0,TACSTD2,ENSG00000184292,119.487,6.912733684385258,15.0,31,3.0,7,4.210303135637263,7.0,2.702430548747995,TACSTD2,P09758,False,24,12.9734913419763,20.0,31,descriptive abundance; no clinical expression threshold; isodoping flagged where supplied
VOA12539,CC,VOA12539,p41,NA,2.0,TACSTD2,ENSG00000184292,0.115399,0.15755988265772275,21.0,31,5.0,7,4.210303135637263,7.0,-4.05274325297954,TACSTD2,P09758,False,24,12.81919061575752,25.0,31,descriptive abundance; no clinical expression threshold; isodoping flagged where supplied
VOA14993,CC,VOA14993,NA,NA,3.0,TACSTD2,ENSG00000184292,NA,NA,NA,31,NA,7,4.210303135637263,7.0,NA,TACSTD2,P09758,False,24,12.9127805683692,21.0,31,descriptive abundance; no clinical expression threshold; isodoping flagged where supplied
VOA295,CC,VOA295,p31,NA,2.0,TACSTD2,ENSG00000184292,0.00788082,0.011325052964430963,26.0,31,7.0,7,4.210303135637263,7.0,-4.198978082672832,TACSTD2,P09758,False,24,13.04629271605834,17.0,31,descriptive abundance; no clinical expression threshold; isodoping flagged where supplied
VOA4841,CC,VOA4841,p43,NA,3.0,TACSTD2,ENSG00000184292,838.207,9.712882901559267,2.0,31,1.0,7,4.210303135637263,7.0,5.502579765922004,TACSTD2,P09758,False,24,14.06357410379235,7.0,31,descriptive abundance; no clinical expression threshold; isodoping flagged where supplied
VOA6861,CC,VOA6861,p17,NA,NA,TACSTD2,ENSG00000184292,521.601,9.029566075040504,6.0,31,2.0,7,4.210303135637263,7.0,4.819262939403242,TACSTD2,P09758,False,24,NA,NA,31,descriptive abundance; no clinical expression threshold; isodoping flagged where supplied
TOV112D,EC,TOV112D,p63,P83,4.0,TACSTD2,ENSG00000184292,0.0,0.0,27.0,31,1.0,2,0.0,2.0,0.0,TACSTD2,P09758,False,24,12.77487474646323,30.0,31,descriptive abundance; no clinical expression threshold; isodoping flagged where supplied
VOA4395,EC,VOA4395,p39-40,NA,1.0,TACSTD2,ENSG00000184292,0.0,0.0,27.0,31,1.0,2,0.0,2.0,0.0,TACSTD2,P09758,False,24,12.8114845432472,27.0,31,descriptive abundance; no clinical expression threshold; isodoping flagged where supplied
TOV2414,MC,TOV2414,p69,P65,5.0,TACSTD2,ENSG00000184292,677.853,9.406955394390499,5.0,31,1.0,3,8.487554681515965,3.0,0.9194007128745341,TACSTD2,P09758,False,24,14.13416523010926,5.0,31,descriptive abundance; no clinical expression threshold; isodoping flagged where supplied
VOA8762,MC,VOA8762,p27,NA,4.0,TACSTD2,ENSG00000184292,357.929,8.487554681515965,7.0,31,2.0,3,8.487554681515965,3.0,0.0,TACSTD2,P09758,False,24,13.10619499021075,14.0,31,descriptive abundance; no clinical expression threshold; isodoping flagged where supplied
VOA8771,MC,VOA8771,p28,NA,5.0,TACSTD2,ENSG00000184292,210.539,7.724779857468268,12.0,31,3.0,3,8.487554681515965,3.0,-0.762774824047697,TACSTD2,P09758,False,24,13.1675042992623,13.0,31,descriptive abundance; no clinical expression threshold; isodoping flagged where supplied
VOA5217,MMMT,VOA5217,p36,NA,4.0,TACSTD2,ENSG00000184292,0.0,0.0,27.0,31,2.0,2,0.006241301322799959,2.0,-0.006241301322799959,TACSTD2,P09758,False,24,12.89669464362095,22.0,31,descriptive abundance; no clinical expression threshold; isodoping flagged where supplied
VOA5436,MMMT,VOA5436,p35,NA,5.0,TACSTD2,ENSG00000184292,0.00868982,0.012482602645599918,25.0,31,1.0,2,0.006241301322799959,2.0,0.006241301322799959,TACSTD2,P09758,False,24,12.7726526941866,31.0,31,descriptive abundance; no clinical expression threshold; isodoping flagged where supplied
BIN67,SCCOHT,BIN67,p51,NA,3.0,TACSTD2,ENSG00000184292,0.0,0.0,27.0,31,1.0,2,0.0,2.0,0.0,TACSTD2,P09758,False,24,12.86096104244774,24.0,31,descriptive abundance; no clinical expression threshold; isodoping flagged where supplied
COV434,SCCOHT,COV434,p46,NA,1.0,TACSTD2,ENSG00000184292,0.0,0.0,27.0,31,1.0,2,0.0,2.0,0.0,TACSTD2,P09758,False,24,12.77577068192224,29.0,31,descriptive abundance; no clinical expression threshold; isodoping flagged where supplied
OV1369-R2,HGS,1369,p69,P66,1.0,CD274,ENSG00000120217,0.982573,0.9873739881481872,16.0,31,7.0,15,0.6215620753351978,12.0,0.3658119128129894,CD274,Q9NZQ7,False,6,9.1772278203565,17.0,19,descriptive abundance; no clinical expression threshold; isodoping flagged where supplied
OV1946,HGS,OV1946,p64,NA,5.0,CD274,ENSG00000120217,35.294818,5.181691676734464,1.0,31,1.0,15,0.6215620753351978,12.0,4.560129601399266,CD274,Q9NZQ7,False,6,11.61341578244676,2.0,19,descriptive abundance; no clinical expression threshold; isodoping flagged where supplied
OV2085,HGS,OV2085,p68,P64,2.0,CD274,ENSG00000120217,0.4961238,0.5812295590867146,19.0,31,9.0,15,0.6215620753351978,12.0,-0.04033251624848322,CD274,Q9NZQ7,False,6,NA,NA,19,descriptive abundance; no clinical expression threshold; isodoping flagged where supplied
OV2295,HGS,2295,p64,P61,5.0,CD274,ENSG00000120217,0.1175498,0.16033912188932245,26.0,31,13.0,15,0.6215620753351978,12.0,-0.4612229534458754,CD274,Q9NZQ7,False,6,9.726235918815224,13.0,19,descriptive abundance; no clinical expression threshold; isodoping flagged where supplied
OV2295-R2,HGS,2295,p67,P70,3.0,CD274,ENSG00000120217,0.4474546121464999,0.53351811031621,21.0,31,11.0,15,0.6215620753351978,12.0,-0.08804396501898781,CD274,Q9NZQ7,False,6,9.74912546544315,11.0,19,descriptive abundance; no clinical expression threshold; isodoping flagged where supplied
OV3133-R,HGS,3133,p64,P71,1.0,CD274,ENSG00000120217,1.02287,1.016403607893398,15.0,31,6.0,15,0.6215620753351978,12.0,0.3948415325582002,CD274,Q9NZQ7,False,6,10.00866132143001,6.0,19,descriptive abundance; no clinical expression threshold; isodoping flagged where supplied
OV3133-R2,HGS,3133,NA,P58,NA,CD274,ENSG00000120217,NA,NA,NA,31,NA,15,0.6215620753351978,12.0,NA,CD274,Q9NZQ7,False,6,NA,NA,19,descriptive abundance; no clinical expression threshold; isodoping flagged where supplied
OV3291,HGS,3291,NA,P46,NA,CD274,ENSG00000120217,NA,NA,NA,31,NA,15,0.6215620753351978,12.0,NA,CD274,Q9NZQ7,False,6,NA,NA,19,descriptive abundance; no clinical expression threshold; isodoping flagged where supplied
OV4453,HGS,OV4453,p60,NA,4.0,CD274,ENSG00000120217,1.4221124000000005,1.276265815965348,14.0,31,5.0,15,0.6215620753351978,12.0,0.6547037406301501,CD274,Q9NZQ7,False,6,NA,NA,19,descriptive abundance; no clinical expression threshold; isodoping flagged where supplied
OV4485,HGS,OV4485,p60,NA,2.0,CD274,ENSG00000120217,0.1505548,0.20232969960323358,24.0,31,12.0,15,0.6215620753351978,12.0,-0.41923237573196426,CD274,Q9NZQ7,False,6,NA,NA,19,descriptive abundance; no clinical expression threshold; isodoping flagged where supplied
OV866-2,HGS,OV866-2,p67,NA,1.0,CD274,ENSG00000120217,1.556453,1.3541435025395345,12.0,31,3.0,15,0.6215620753351978,12.0,0.7325814272043367,CD274,Q9NZQ7,False,6,10.03828998428213,4.0,19,descriptive abundance; no clinical expression threshold; isodoping flagged where supplied
TOV1369,HGS,1369,p65,P65,2.0,CD274,ENSG00000120217,0.0116427,0.016699837505384903,30.0,31,15.0,15,0.6215620753351978,12.0,-0.6048622378298129,CD274,Q9NZQ7,False,6,NA,NA,19,descriptive abundance; no clinical expression threshold; isodoping flagged where supplied
TOV2295-R,HGS,2295,NA,P57,NA,CD274,ENSG00000120217,NA,NA,NA,31,NA,15,0.6215620753351978,12.0,NA,CD274,Q9NZQ7,False,6,NA,NA,19,descriptive abundance; no clinical expression threshold; isodoping flagged where supplied
TOV2835EP,HGS,TOV2835EP,NA,P64,NA,CD274,ENSG00000120217,NA,NA,NA,31,NA,15,0.6215620753351978,12.0,NA,CD274,Q9NZQ7,False,6,NA,NA,19,descriptive abundance; no clinical expression threshold; isodoping flagged where supplied
TOV2881EP,HGS,TOV2881EP,NA,P64,NA,CD274,ENSG00000120217,NA,NA,NA,31,NA,15,0.6215620753351978,12.0,NA,CD274,Q9NZQ7,False,6,NA,NA,19,descriptive abundance; no clinical expression threshold; isodoping flagged where supplied
TOV2929D,HGS,TOV2929D,NA,P57,NA,CD274,ENSG00000120217,NA,NA,NA,31,NA,15,0.6215620753351978,12.0,NA,CD274,Q9NZQ7,False,6,NA,NA,19,descriptive abundance; no clinical expression threshold; isodoping flagged where supplied
TOV3041G,HGS,TOV3041G,p67,NA,3.0,CD274,ENSG00000120217,0.4920053,0.5772526604390863,20.0,31,10.0,15,0.6215620753351978,12.0,-0.04430941489611151,CD274,Q9NZQ7,False,6,10.02243201160013,5.0,19,descriptive abundance; no clinical expression threshold; isodoping flagged where supplied
TOV3121D,HGS,3121,NA,P68,NA,CD274,ENSG00000120217,NA,NA,NA,31,NA,15,0.6215620753351978,12.0,NA,CD274,Q9NZQ7,False,6,NA,NA,19,descriptive abundance; no clinical expression threshold; isodoping flagged where supplied
TOV3121EP,HGS,3121,NA,P68,NA,CD274,ENSG00000120217,NA,NA,NA,31,NA,15,0.6215620753351978,12.0,NA,CD274,Q9NZQ7,False,6,NA,NA,19,descriptive abundance; no clinical expression threshold; isodoping flagged where supplied
TOV3133D,HGS,3133,NA,P66,NA,CD274,ENSG00000120217,NA,NA,NA,31,NA,15,0.6215620753351978,12.0,NA,CD274,Q9NZQ7,False,6,NA,NA,19,descriptive abundance; no clinical expression threshold; isodoping flagged where supplied
TOV3133G,HGS,3133,p61,P65,4.0,CD274,ENSG00000120217,1.4233753,1.2770178474309912,13.0,31,4.0,15,0.6215620753351978,12.0,0.6554557720957934,CD274,Q9NZQ7,False,6,NA,NA,19,descriptive abundance; no clinical expression threshold; isodoping flagged where supplied
TOV3291G,HGS,3291,p62,NA,2.0,CD274,ENSG00000120217,2.223784,1.6887550836399956,11.0,31,2.0,15,0.6215620753351978,12.0,1.0671930083047978,CD274,Q9NZQ7,False,6,NA,NA,19,descriptive abundance; no clinical expression threshold; isodoping flagged where supplied
OV3331,HGS,OV3331,p71,P54,4.0,CD274,ENSG00000120217,0.100261,0.13784579533265903,27.0,31,14.0,15,0.6215620753351978,12.0,-0.48371628000253875,CD274,Q9NZQ7,False,6,NA,NA,19,descriptive abundance; no clinical expression threshold; isodoping flagged where supplied
OV90,HGS,OV90,p70,P63,5.0,CD274,ENSG00000120217,0.582159,0.6618945915836809,18.0,31,8.0,15,0.6215620753351978,12.0,0.04033251624848311,CD274,Q9NZQ7,False,6,9.94921407831166,7.0,19,descriptive abundance; no clinical expression threshold; isodoping flagged where supplied
TOV81D,LGS,TOV81D,NA,P23,NA,CD274,ENSG00000120217,NA,NA,NA,31,NA,0,NA,0.0,NA,CD274,Q9NZQ7,False,6,NA,NA,19,descriptive abundance; no clinical expression threshold; isodoping flagged where supplied
TOV21G,CC,TOV21G,p63,P59,5.0,CD274,ENSG00000120217,0.7283345,0.7893824621709491,17.0,31,5.0,7,1.868335845939623,7.0,-1.078953383768674,CD274,Q9NZQ7,False,6,9.786726686493154,10.0,19,descriptive abundance; no clinical expression threshold; isodoping flagged where supplied
TOV3392D,CC,TOV3392D,p69,P69,1.0,CD274,ENSG00000120217,0.20528844,0.2693784420245758,23.0,31,6.0,7,1.868335845939623,7.0,-1.5989574039150474,CD274,Q9NZQ7,False,6,8.818771691511543,18.0,19,descriptive abundance; no clinical expression threshold; isodoping flagged where supplied
VOA10816,CC,VOA10816,p20,NA,1.0,CD274,ENSG00000120217,2.7479400000000003,1.9060978573740146,8.0,31,3.0,7,1.868335845939623,7.0,0.03776201143439151,CD274,Q9NZQ7,False,6,9.695079081022518,15.0,19,descriptive abundance; no clinical expression threshold; isodoping flagged where supplied
VOA12539,CC,VOA12539,p41,NA,2.0,CD274,ENSG00000120217,0.0791039,0.10983377937482085,28.0,31,7.0,7,1.868335845939623,7.0,-1.7585020665648023,CD274,Q9NZQ7,False,6,NA,NA,19,descriptive abundance; no clinical expression threshold; isodoping flagged where supplied
VOA14993,CC,VOA14993,NA,NA,3.0,CD274,ENSG00000120217,NA,NA,NA,31,NA,7,1.868335845939623,7.0,NA,CD274,Q9NZQ7,False,6,9.72972145458033,12.0,19,descriptive abundance; no clinical expression threshold; isodoping flagged where supplied
VOA295,CC,VOA295,p31,NA,2.0,CD274,ENSG00000120217,4.1870545,2.374915528071635,7.0,31,2.0,7,1.868335845939623,7.0,0.5065796821320119,CD274,Q9NZQ7,False,6,NA,NA,19,descriptive abundance; no clinical expression threshold; isodoping flagged where supplied
VOA4841,CC,VOA4841,p43,NA,3.0,CD274,ENSG00000120217,9.406845,3.379460853943067,3.0,31,1.0,7,1.868335845939623,7.0,1.5111250080034437,CD274,Q9NZQ7,False,6,10.29535051843928,3.0,19,descriptive abundance; no clinical expression threshold; isodoping flagged where supplied
VOA6861,CC,VOA6861,p17,NA,NA,CD274,ENSG00000120217,2.6511118,1.868335845939623,9.0,31,4.0,7,1.868335845939623,7.0,0.0,CD274,Q9NZQ7,False,6,NA,NA,19,descriptive abundance; no clinical expression threshold; isodoping flagged where supplied
TOV112D,EC,TOV112D,p63,P83,4.0,CD274,ENSG00000120217,0.124212,0.16891411964127878,25.0,31,2.0,2,1.5167578503236858,2.0,-1.3478437306824071,CD274,Q9NZQ7,False,6,NA,NA,19,descriptive abundance; no clinical expression threshold; isodoping flagged where supplied
VOA4395,EC,VOA4395,p39-40,NA,1.0,CD274,ENSG00000120217,6.283347000000001,2.864601581006093,6.0,31,1.0,2,1.5167578503236858,2.0,1.3478437306824071,CD274,Q9NZQ7,False,6,9.354853679425988,16.0,19,descriptive abundance; no clinical expression threshold; isodoping flagged where supplied
TOV2414,MC,TOV2414,p69,P65,5.0,CD274,ENSG00000120217,18.222047000000003,4.264690075093551,2.0,31,1.0,3,3.195373900492045,3.0,1.0693161746015059,CD274,Q9NZQ7,False,6,12.95949117101442,1.0,19,descriptive abundance; no clinical expression threshold; isodoping flagged where supplied
VOA8762,MC,VOA8762,p27,NA,4.0,CD274,ENSG00000120217,8.160167,3.195373900492045,4.0,31,2.0,3,3.195373900492045,3.0,0.0,CD274,Q9NZQ7,False,6,NA,NA,19,descriptive abundance; no clinical expression threshold; isodoping flagged where supplied
VOA8771,MC,VOA8771,p28,NA,5.0,CD274,ENSG00000120217,6.434072,2.894152660965332,5.0,31,3.0,3,3.195373900492045,3.0,-0.3012212395267131,CD274,Q9NZQ7,False,6,9.824253106418965,9.0,19,descriptive abundance; no clinical expression threshold; isodoping flagged where supplied
VOA5217,MMMT,VOA5217,p36,NA,4.0,CD274,ENSG00000120217,2.3883099999999997,1.7605658743758474,10.0,31,1.0,2,1.0751674898245487,2.0,0.6853983845512988,CD274,Q9NZQ7,False,6,NA,NA,19,descriptive abundance; no clinical expression threshold; isodoping flagged where supplied
VOA5436,MMMT,VOA5436,p35,NA,5.0,CD274,ENSG00000120217,0.3101837,0.38976910527324976,22.0,31,2.0,2,1.0751674898245487,2.0,-0.685398384551299,CD274,Q9NZQ7,False,6,9.719257958226592,14.0,19,descriptive abundance; no clinical expression threshold; isodoping flagged where supplied
BIN67,SCCOHT,BIN67,p51,NA,3.0,CD274,ENSG00000120217,0.0278145,0.0395799103696708,29.0,31,1.0,2,0.02599491252579828,2.0,0.013584997843872518,CD274,Q9NZQ7,False,6,9.864923990719108,8.0,19,descriptive abundance; no clinical expression threshold; isodoping flagged where supplied
COV434,SCCOHT,COV434,p46,NA,1.0,CD274,ENSG00000120217,0.008639,0.01240991468192576,31.0,31,2.0,2,0.02599491252579828,2.0,-0.013584997843872518,CD274,Q9NZQ7,False,6,8.752797981606108,19.0,19,descriptive abundance; no clinical expression threshold; isodoping flagged where supplied
OV1369-R2,HGS,1369,p69,P66,1.0,BRCA1,ENSG00000012048,3.883779899999999,2.2879981830579728,20.0,31,6.0,15,1.9367590355427278,12.0,0.351239147515245,BRCA1,P38398,True,7,13.04463655001777,31.0,31,descriptive abundance; no clinical expression threshold; isodoping flagged where supplied
OV1946,HGS,OV1946,p64,NA,5.0,BRCA1,ENSG00000012048,12.194732505416,3.7218901983350565,12.0,31,1.0,15,1.9367590355427278,12.0,1.7851311627923288,BRCA1,P38398,True,7,13.48472012618879,4.0,31,descriptive abundance; no clinical expression threshold; isodoping flagged where supplied
OV2085,HGS,OV2085,p68,P64,2.0,BRCA1,ENSG00000012048,2.98681203931,1.9952355901991812,22.0,31,8.0,15,1.9367590355427278,12.0,0.058476554656453406,BRCA1,P38398,True,7,13.17821242922465,23.0,31,descriptive abundance; no clinical expression threshold; isodoping flagged where supplied
OV2295,HGS,2295,p64,P61,5.0,BRCA1,ENSG00000012048,1.0284135,1.020351781330556,29.0,31,13.0,15,1.9367590355427278,12.0,-0.9164072542121717,BRCA1,P38398,True,7,13.33168974405119,19.0,31,descriptive abundance; no clinical expression threshold; isodoping flagged where supplied
OV2295-R2,HGS,2295,p67,P70,3.0,BRCA1,ENSG00000012048,1.664339302624087,1.41377782078843,27.0,31,12.0,15,1.9367590355427278,12.0,-0.5229812147542978,BRCA1,P38398,True,7,13.35288520674911,15.0,31,descriptive abundance; no clinical expression threshold; isodoping flagged where supplied
OV3133-R,HGS,3133,p64,P71,1.0,BRCA1,ENSG00000012048,1.6875797999999995,1.426307592043516,26.0,31,11.0,15,1.9367590355427278,12.0,-0.5104514434992118,BRCA1,P38398,True,7,13.12422433946404,27.0,31,descriptive abundance; no clinical expression threshold; isodoping flagged where supplied
OV3133-R2,HGS,3133,NA,P58,NA,BRCA1,ENSG00000012048,NA,NA,NA,31,NA,15,1.9367590355427278,12.0,NA,BRCA1,P38398,True,7,NA,NA,31,descriptive abundance; no clinical expression threshold; isodoping flagged where supplied
OV3291,HGS,3291,NA,P46,NA,BRCA1,ENSG00000012048,NA,NA,NA,31,NA,15,1.9367590355427278,12.0,NA,BRCA1,P38398,True,7,NA,NA,31,descriptive abundance; no clinical expression threshold; isodoping flagged where supplied
OV4453,HGS,OV4453,p60,NA,4.0,BRCA1,ENSG00000012048,8.893716,3.306512487401109,14.0,31,2.0,15,1.9367590355427278,12.0,1.3697534518583812,BRCA1,P38398,True,7,13.62265638972359,2.0,31,descriptive abundance; no clinical expression threshold; isodoping flagged where supplied
OV4485,HGS,OV4485,p60,NA,2.0,BRCA1,ENSG00000012048,1.7004032810499998,1.4331748769518773,25.0,31,10.0,15,1.9367590355427278,12.0,-0.5035841585908505,BRCA1,P38398,True,7,13.35629521771069,14.0,31,descriptive abundance; no clinical expression threshold; isodoping flagged where supplied
OV866-2,HGS,OV866-2,p67,NA,1.0,BRCA1,ENSG00000012048,2.6763713000000005,1.8782824808862744,24.0,31,9.0,15,1.9367590355427278,12.0,-0.058476554656453406,BRCA1,P38398,True,7,13.42713291115696,9.0,31,descriptive abundance; no clinical expression threshold; isodoping flagged where supplied
TOV1369,HGS,1369,p65,P65,2.0,BRCA1,ENSG00000012048,1.0248522595925,1.0178166476866775,30.0,31,14.0,15,1.9367590355427278,12.0,-0.9189423878560503,BRCA1,P38398,True,7,13.40404727997952,11.0,31,descriptive abundance; no clinical expression threshold; isodoping flagged where supplied
TOV2295-R,HGS,2295,NA,P57,NA,BRCA1,ENSG00000012048,NA,NA,NA,31,NA,15,1.9367590355427278,12.0,NA,BRCA1,P38398,True,7,NA,NA,31,descriptive abundance; no clinical expression threshold; isodoping flagged where supplied
TOV2835EP,HGS,TOV2835EP,NA,P64,NA,BRCA1,ENSG00000012048,NA,NA,NA,31,NA,15,1.9367590355427278,12.0,NA,BRCA1,P38398,True,7,NA,NA,31,descriptive abundance; no clinical expression threshold; isodoping flagged where supplied
TOV2881EP,HGS,TOV2881EP,NA,P64,NA,BRCA1,ENSG00000012048,NA,NA,NA,31,NA,15,1.9367590355427278,12.0,NA,BRCA1,P38398,True,7,NA,NA,31,descriptive abundance; no clinical expression threshold; isodoping flagged where supplied
TOV2929D,HGS,TOV2929D,NA,P57,NA,BRCA1,ENSG00000012048,NA,NA,NA,31,NA,15,1.9367590355427278,12.0,NA,BRCA1,P38398,True,7,NA,NA,31,descriptive abundance; no clinical expression threshold; isodoping flagged where supplied
TOV3041G,HGS,TOV3041G,p67,NA,3.0,BRCA1,ENSG00000012048,0.2626696,0.3364771816431177,31.0,31,15.0,15,1.9367590355427278,12.0,-1.60028185389961,BRCA1,P38398,True,7,13.34969914717857,17.0,31,descriptive abundance; no clinical expression threshold; isodoping flagged where supplied
TOV3121D,HGS,3121,NA,P68,NA,BRCA1,ENSG00000012048,NA,NA,NA,31,NA,15,1.9367590355427278,12.0,NA,BRCA1,P38398,True,7,NA,NA,31,descriptive abundance; no clinical expression threshold; isodoping flagged where supplied
TOV3121EP,HGS,3121,NA,P68,NA,BRCA1,ENSG00000012048,NA,NA,NA,31,NA,15,1.9367590355427278,12.0,NA,BRCA1,P38398,True,7,NA,NA,31,descriptive abundance; no clinical expression threshold; isodoping flagged where supplied
TOV3133D,HGS,3133,NA,P66,NA,BRCA1,ENSG00000012048,NA,NA,NA,31,NA,15,1.9367590355427278,12.0,NA,BRCA1,P38398,True,7,NA,NA,31,descriptive abundance; no clinical expression threshold; isodoping flagged where supplied
TOV3133G,HGS,3133,p61,P65,4.0,BRCA1,ENSG00000012048,3.50782578,2.172431758813812,21.0,31,7.0,15,1.9367590355427278,12.0,0.23567272327108402,BRCA1,P38398,True,7,13.44953432150258,8.0,31,descriptive abundance; no clinical expression threshold; isodoping flagged where supplied
TOV3291G,HGS,3291,p62,NA,2.0,BRCA1,ENSG00000012048,4.4611136,2.4491951675157186,18.0,31,4.0,15,1.9367590355427278,12.0,0.5124361319729909,BRCA1,P38398,True,7,13.32672143000016,20.0,31,descriptive abundance; no clinical expression threshold; isodoping flagged where supplied
OV3331,HGS,OV3331,p71,P54,4.0,BRCA1,ENSG00000012048,3.9171015129630007,2.29780813972972,19.0,31,5.0,15,1.9367590355427278,12.0,0.3610491041869923,BRCA1,P38398,True,7,13.34510570502049,18.0,31,descriptive abundance; no clinical expression threshold; isodoping flagged where supplied
OV90,HGS,OV90,p70,P63,5.0,BRCA1,ENSG00000012048,7.979609900000001,3.1666527715187613,15.0,31,3.0,15,1.9367590355427278,12.0,1.2298937359760336,BRCA1,P38398,True,7,13.15572061929892,25.0,31,descriptive abundance; no clinical expression threshold; isodoping flagged where supplied
TOV81D,LGS,TOV81D,NA,P23,NA,BRCA1,ENSG00000012048,NA,NA,NA,31,NA,0,NA,0.0,NA,BRCA1,P38398,True,7,NA,NA,31,descriptive abundance; no clinical expression threshold; isodoping flagged where supplied
TOV21G,CC,TOV21G,p63,P59,5.0,BRCA1,ENSG00000012048,7.569470348786941,3.099206038784444,16.0,31,5.0,7,3.8916249409540615,7.0,-0.7924189021696177,BRCA1,P38398,True,7,13.55813859791631,3.0,31,descriptive abundance; no clinical expression threshold; isodoping flagged where supplied
TOV3392D,CC,TOV3392D,p69,P69,1.0,BRCA1,ENSG00000012048,1.6128117,1.3856031563207978,28.0,31,7.0,7,3.8916249409540615,7.0,-2.5060217846332637,BRCA1,P38398,True,7,13.17274415320803,24.0,31,descriptive abundance; no clinical expression threshold; isodoping flagged where supplied
VOA10816,CC,VOA10816,p20,NA,1.0,BRCA1,ENSG00000012048,18.924057113453,4.316439546584547,5.0,31,2.0,7,3.8916249409540615,7.0,0.4248146056304858,BRCA1,P38398,True,7,13.10859029275379,29.0,31,descriptive abundance; no clinical expression threshold; isodoping flagged where supplied
VOA12539,CC,VOA12539,p41,NA,2.0,BRCA1,ENSG00000012048,13.842116600265715,3.8916249409540615,9.0,31,4.0,7,3.8916249409540615,7.0,0.0,BRCA1,P38398,True,7,13.11598432163978,28.0,31,descriptive abundance; no clinical expression threshold; isodoping flagged where supplied
VOA14993,CC,VOA14993,NA,NA,3.0,BRCA1,ENSG00000012048,NA,NA,NA,31,NA,7,3.8916249409540615,7.0,NA,BRCA1,P38398,True,7,13.38518470533792,12.0,31,descriptive abundance; no clinical expression threshold; isodoping flagged where supplied
VOA295,CC,VOA295,p31,NA,2.0,BRCA1,ENSG00000012048,15.958865376700002,4.083967745321174,6.0,31,3.0,7,3.8916249409540615,7.0,0.19234280436711249,BRCA1,P38398,True,7,13.46886923362381,5.0,31,descriptive abundance; no clinical expression threshold; isodoping flagged where supplied
VOA4841,CC,VOA4841,p43,NA,3.0,BRCA1,ENSG00000012048,5.045078478500001,2.595761068971146,17.0,31,6.0,7,3.8916249409540615,7.0,-1.2958638719829154,BRCA1,P38398,True,7,13.24436736740802,21.0,31,descriptive abundance; no clinical expression threshold; isodoping flagged where supplied
VOA6861,CC,VOA6861,p17,NA,NA,BRCA1,ENSG00000012048,33.5261368,5.109617012012894,1.0,31,1.0,7,3.8916249409540615,7.0,1.2179920710588323,BRCA1,P38398,True,7,NA,NA,31,descriptive abundance; no clinical expression threshold; isodoping flagged where supplied
TOV112D,EC,TOV112D,p63,P83,4.0,BRCA1,ENSG00000012048,29.49806789651291,4.930645943319877,2.0,31,1.0,2,4.262737390348241,2.0,0.6679085529716353,BRCA1,P38398,True,7,13.46810979668805,6.0,31,descriptive abundance; no clinical expression threshold; isodoping flagged where supplied
VOA4395,EC,VOA4395,p39-40,NA,1.0,BRCA1,ENSG00000012048,11.082347139050002,3.5948288373766055,13.0,31,2.0,2,4.262737390348241,2.0,-0.6679085529716358,BRCA1,P38398,True,7,13.18256361330847,22.0,31,descriptive abundance; no clinical expression threshold; isodoping flagged where supplied
TOV2414,MC,TOV2414,p69,P65,5.0,BRCA1,ENSG00000012048,2.7456726,1.9052248026779282,23.0,31,3.0,3,3.781789267220992,3.0,-1.8765644645430637,BRCA1,P38398,True,7,13.42208539228412,10.0,31,descriptive abundance; no clinical expression threshold; isodoping flagged where supplied
VOA8762,MC,VOA8762,p27,NA,4.0,BRCA1,ENSG00000012048,12.754094588625,3.781789267220992,11.0,31,2.0,3,3.781789267220992,3.0,0.0,BRCA1,P38398,True,7,13.14156705669138,26.0,31,descriptive abundance; no clinical expression threshold; isodoping flagged where supplied
VOA8771,MC,VOA8771,p28,NA,5.0,BRCA1,ENSG00000012048,21.2266053,4.474215715279323,3.0,31,1.0,3,3.781789267220992,3.0,0.6924264480583311,BRCA1,P38398,True,7,13.38063290113208,13.0,31,descriptive abundance; no clinical expression threshold; isodoping flagged where supplied
VOA5217,MMMT,VOA5217,p36,NA,4.0,BRCA1,ENSG00000012048,15.896972014791997,4.07869282952262,7.0,31,1.0,2,3.984708807255024,2.0,0.09398402226759561,BRCA1,P38398,True,7,13.73199427749983,1.0,31,descriptive abundance; no clinical expression threshold; isodoping flagged where supplied
VOA5436,MMMT,VOA5436,p35,NA,5.0,BRCA1,ENSG00000012048,13.83285889,3.8907247849874285,10.0,31,2.0,2,3.984708807255024,2.0,-0.09398402226759561,BRCA1,P38398,True,7,13.46333324326498,7.0,31,descriptive abundance; no clinical expression threshold; isodoping flagged where supplied
BIN67,SCCOHT,BIN67,p51,NA,3.0,BRCA1,ENSG00000012048,14.357755572699997,3.9408954866800916,8.0,31,2.0,2,4.154544538524398,2.0,-0.21364905184430638,BRCA1,P38398,True,7,13.35223226889127,16.0,31,descriptive abundance; no clinical expression threshold; isodoping flagged where supplied
COV434,SCCOHT,COV434,p46,NA,1.0,BRCA1,ENSG00000012048,19.6517708526,4.368193590368705,4.0,31,1.0,2,4.154544538524398,2.0,0.21364905184430683,BRCA1,P38398,True,7,13.07883264178116,30.0,31,descriptive abundance; no clinical expression threshold; isodoping flagged where supplied
OV1369-R2,HGS,1369,p69,P66,1.0,BRCA2,ENSG00000139618,0.3487383,0.43161044471407717,23.0,31,9.0,15,0.44661593616488837,12.0,-0.015005491450811204,BRCA2,P51587,True,6,13.09621858707779,25.0,31,descriptive abundance; no clinical expression threshold; isodoping flagged where supplied
OV1946,HGS,OV1946,p64,NA,5.0,BRCA2,ENSG00000139618,1.098713,1.0695048908861657,15.0,31,2.0,15,0.44661593616488837,12.0,0.6228889547212774,BRCA2,P51587,True,6,13.27867489591046,18.0,31,descriptive abundance; no clinical expression threshold; isodoping flagged where supplied
OV2085,HGS,OV2085,p68,P64,2.0,BRCA2,ENSG00000139618,0.1585296,0.21229490499485645,29.0,31,14.0,15,0.44661593616488837,12.0,-0.23432103117003192,BRCA2,P51587,True,6,12.81723610119618,30.0,31,descriptive abundance; no clinical expression threshold; isodoping flagged where supplied
OV2295,HGS,2295,p64,P61,5.0,BRCA2,ENSG00000139618,0.58598274,0.6653770705047529,18.0,31,4.0,15,0.44661593616488837,12.0,0.21876113433986455,BRCA2,P51587,True,6,13.66797205894835,1.0,31,descriptive abundance; no clinical expression threshold; isodoping flagged where supplied
OV2295-R2,HGS,2295,p67,P70,3.0,BRCA2,ENSG00000139618,0.1874676,0.2478881501113634,28.0,31,13.0,15,0.44661593616488837,12.0,-0.19872778605352498,BRCA2,P51587,True,6,13.4521371181967,10.0,31,descriptive abundance; no clinical expression threshold; isodoping flagged where supplied
OV3133-R,HGS,3133,p64,P71,1.0,BRCA2,ENSG00000139618,0.3140213,0.3939886616231887,24.0,31,10.0,15,0.44661593616488837,12.0,-0.05262727454169969,BRCA2,P51587,True,6,13.15233384958819,20.0,31,descriptive abundance; no clinical expression threshold; isodoping flagged where supplied
OV3133-R2,HGS,3133,NA,P58,NA,BRCA2,ENSG00000139618,NA,NA,NA,31,NA,15,0.44661593616488837,12.0,NA,BRCA2,P51587,True,6,NA,NA,31,descriptive abundance; no clinical expression threshold; isodoping flagged where supplied
OV3291,HGS,3291,NA,P46,NA,BRCA2,ENSG00000139618,NA,NA,NA,31,NA,15,0.44661593616488837,12.0,NA,BRCA2,P51587,True,6,NA,NA,31,descriptive abundance; no clinical expression threshold; isodoping flagged where supplied
OV4453,HGS,OV4453,p60,NA,4.0,BRCA2,ENSG00000139618,0.6760473,0.745062864140204,17.0,31,3.0,15,0.44661593616488837,12.0,0.2984469279753156,BRCA2,P51587,True,6,13.50841367637877,6.0,31,descriptive abundance; no clinical expression threshold; isodoping flagged where supplied
OV4485,HGS,OV4485,p60,NA,2.0,BRCA2,ENSG00000139618,0.0931859,0.12853875709664223,30.0,31,15.0,15,0.44661593616488837,12.0,-0.3180771790682462,BRCA2,P51587,True,6,13.0400031091788,26.0,31,descriptive abundance; no clinical expression threshold; isodoping flagged where supplied
OV866-2,HGS,OV866-2,p67,NA,1.0,BRCA2,ENSG00000139618,0.23099,0.2998190420750042,27.0,31,12.0,15,0.44661593616488837,12.0,-0.14679689408988417,BRCA2,P51587,True,6,13.33041188969282,15.0,31,descriptive abundance; no clinical expression threshold; isodoping flagged where supplied
TOV1369,HGS,1369,p65,P65,2.0,BRCA2,ENSG00000139618,0.3528468,0.43599847390847046,22.0,31,8.0,15,0.44661593616488837,12.0,-0.010617462256417909,BRCA2,P51587,True,6,13.12238620166372,23.0,31,descriptive abundance; no clinical expression threshold; isodoping flagged where supplied
TOV2295-R,HGS,2295,NA,P57,NA,BRCA2,ENSG00000139618,NA,NA,NA,31,NA,15,0.44661593616488837,12.0,NA,BRCA2,P51587,True,6,NA,NA,31,descriptive abundance; no clinical expression threshold; isodoping flagged where supplied
TOV2835EP,HGS,TOV2835EP,NA,P64,NA,BRCA2,ENSG00000139618,NA,NA,NA,31,NA,15,0.44661593616488837,12.0,NA,BRCA2,P51587,True,6,NA,NA,31,descriptive abundance; no clinical expression threshold; isodoping flagged where supplied
TOV2881EP,HGS,TOV2881EP,NA,P64,NA,BRCA2,ENSG00000139618,NA,NA,NA,31,NA,15,0.44661593616488837,12.0,NA,BRCA2,P51587,True,6,NA,NA,31,descriptive abundance; no clinical expression threshold; isodoping flagged where supplied
TOV2929D,HGS,TOV2929D,NA,P57,NA,BRCA2,ENSG00000139618,NA,NA,NA,31,NA,15,0.44661593616488837,12.0,NA,BRCA2,P51587,True,6,NA,NA,31,descriptive abundance; no clinical expression threshold; isodoping flagged where supplied
TOV3041G,HGS,TOV3041G,p67,NA,3.0,BRCA2,ENSG00000139618,0.263784,0.3377499059534596,26.0,31,11.0,15,0.44661593616488837,12.0,-0.10886603021142877,BRCA2,P51587,True,6,13.46400999883733,9.0,31,descriptive abundance; no clinical expression threshold; isodoping flagged where supplied
TOV3121D,HGS,3121,NA,P68,NA,BRCA2,ENSG00000139618,NA,NA,NA,31,NA,15,0.44661593616488837,12.0,NA,BRCA2,P51587,True,6,NA,NA,31,descriptive abundance; no clinical expression threshold; isodoping flagged where supplied
TOV3121EP,HGS,3121,NA,P68,NA,BRCA2,ENSG00000139618,NA,NA,NA,31,NA,15,0.44661593616488837,12.0,NA,BRCA2,P51587,True,6,NA,NA,31,descriptive abundance; no clinical expression threshold; isodoping flagged where supplied
TOV3133D,HGS,3133,NA,P66,NA,BRCA2,ENSG00000139618,NA,NA,NA,31,NA,15,0.44661593616488837,12.0,NA,BRCA2,P51587,True,6,NA,NA,31,descriptive abundance; no clinical expression threshold; isodoping flagged where supplied
TOV3133G,HGS,3133,p61,P65,4.0,BRCA2,ENSG00000139618,0.39398,0.47920986242024843,21.0,31,7.0,15,0.44661593616488837,12.0,0.03259392625536006,BRCA2,P51587,True,6,13.55317857948614,2.0,31,descriptive abundance; no clinical expression threshold; isodoping flagged where supplied
TOV3291G,HGS,3291,p62,NA,2.0,BRCA2,ENSG00000139618,0.4404893,0.5265589441532709,20.0,31,6.0,15,0.44661593616488837,12.0,0.0799430079883825,BRCA2,P51587,True,6,12.95357601356148,27.0,31,descriptive abundance; no clinical expression threshold; isodoping flagged where supplied
OV3331,HGS,OV3331,p71,P54,4.0,BRCA2,ENSG00000139618,0.5114036844001001,0.5958890448169407,19.0,31,5.0,15,0.44661593616488837,12.0,0.14927310865205234,BRCA2,P51587,True,6,13.44361810198751,11.0,31,descriptive abundance; no clinical expression threshold; isodoping flagged where supplied
OV90,HGS,OV90,p70,P63,5.0,BRCA2,ENSG00000139618,1.975426,1.5730962378623214,12.0,31,1.0,15,0.44661593616488837,12.0,1.1264803016974332,BRCA2,P51587,True,6,13.51254224884616,5.0,31,descriptive abundance; no clinical expression threshold; isodoping flagged where supplied
TOV81D,LGS,TOV81D,NA,P23,NA,BRCA2,ENSG00000139618,NA,NA,NA,31,NA,0,NA,0.0,NA,BRCA2,P51587,True,6,NA,NA,31,descriptive abundance; no clinical expression threshold; isodoping flagged where supplied
TOV21G,CC,TOV21G,p63,P59,5.0,BRCA2,ENSG00000139618,0.719322,0.7818397625585382,16.0,31,6.0,7,1.162116561087338,7.0,-0.3802767985287999,BRCA2,P51587,True,6,13.49574118063254,7.0,31,descriptive abundance; no clinical expression threshold; isodoping flagged where supplied
TOV3392D,CC,TOV3392D,p69,P69,1.0,BRCA2,ENSG00000139618,0.0447485,0.06315568730917134,31.0,31,7.0,7,1.162116561087338,7.0,-1.0989608737781666,BRCA2,P51587,True,6,13.10265203909313,24.0,31,descriptive abundance; no clinical expression threshold; isodoping flagged where supplied
VOA10816,CC,VOA10816,p20,NA,1.0,BRCA2,ENSG00000139618,1.19527195,1.1343996717031373,14.0,31,5.0,7,1.162116561087338,7.0,-0.027716889384200805,BRCA2,P51587,True,6,12.9482526577685,28.0,31,descriptive abundance; no clinical expression threshold; isodoping flagged where supplied
VOA12539,CC,VOA12539,p41,NA,2.0,BRCA2,ENSG00000139618,2.082109,1.6239178842338642,11.0,31,3.0,7,1.162116561087338,7.0,0.4618013231465261,BRCA2,P51587,True,6,12.79331248464501,31.0,31,descriptive abundance; no clinical expression threshold; isodoping flagged where supplied
VOA14993,CC,VOA14993,NA,NA,3.0,BRCA2,ENSG00000139618,NA,NA,NA,31,NA,7,1.162116561087338,7.0,NA,BRCA2,P51587,True,6,13.42874586392263,12.0,31,descriptive abundance; no clinical expression threshold; isodoping flagged where supplied
VOA295,CC,VOA295,p31,NA,2.0,BRCA2,ENSG00000139618,7.528370000000001,3.0922700302154835,2.0,31,1.0,7,1.162116561087338,7.0,1.9301534691281454,BRCA2,P51587,True,6,13.1268436041789,22.0,31,descriptive abundance; no clinical expression threshold; isodoping flagged where supplied
VOA4841,CC,VOA4841,p43,NA,3.0,BRCA2,ENSG00000139618,1.237855,1.162116561087338,13.0,31,4.0,7,1.162116561087338,7.0,0.0,BRCA2,P51587,True,6,13.21866597959049,19.0,31,descriptive abundance; no clinical expression threshold; isodoping flagged where supplied
VOA6861,CC,VOA6861,p17,NA,NA,BRCA2,ENSG00000139618,2.9372100000000003,1.977173663952061,8.0,31,2.0,7,1.162116561087338,7.0,0.8150571028647229,BRCA2,P51587,True,6,NA,NA,31,descriptive abundance; no clinical expression threshold; isodoping flagged where supplied
TOV112D,EC,TOV112D,p63,P83,4.0,BRCA2,ENSG00000139618,6.7247213,2.949482883002629,3.0,31,1.0,2,2.3329324871438804,2.0,0.6165503958587486,BRCA2,P51587,True,6,13.48235421872077,8.0,31,descriptive abundance; no clinical expression threshold; isodoping flagged where supplied
VOA4395,EC,VOA4395,p39-40,NA,1.0,BRCA2,ENSG00000139618,2.286113,1.7163820912851313,10.0,31,2.0,2,2.3329324871438804,2.0,-0.616550395858749,BRCA2,P51587,True,6,13.295636688432,16.0,31,descriptive abundance; no clinical expression threshold; isodoping flagged where supplied
TOV2414,MC,TOV2414,p69,P65,5.0,BRCA2,ENSG00000139618,0.2874131,0.3644750540976552,25.0,31,3.0,3,2.612668370738136,3.0,-2.2481933166404806,BRCA2,P51587,True,6,13.40433704864734,13.0,31,descriptive abundance; no clinical expression threshold; isodoping flagged where supplied
VOA8762,MC,VOA8762,p27,NA,4.0,BRCA2,ENSG00000139618,5.116339000000001,2.612668370738136,5.0,31,2.0,3,2.612668370738136,3.0,0.0,BRCA2,P51587,True,6,13.14211597266783,21.0,31,descriptive abundance; no clinical expression threshold; isodoping flagged where supplied
VOA8771,MC,VOA8771,p28,NA,5.0,BRCA2,ENSG00000139618,7.838,3.1437199310949184,1.0,31,1.0,3,2.612668370738136,3.0,0.5310515603567825,BRCA2,P51587,True,6,13.36179540821213,14.0,31,descriptive abundance; no clinical expression threshold; isodoping flagged where supplied
VOA5217,MMMT,VOA5217,p36,NA,4.0,BRCA2,ENSG00000139618,2.3752910000000003,1.755011889173498,9.0,31,2.0,2,1.8854256258683935,2.0,-0.13041373669489542,BRCA2,P51587,True,6,13.52797708495208,3.0,31,descriptive abundance; no clinical expression threshold; isodoping flagged where supplied
VOA5436,MMMT,VOA5436,p35,NA,5.0,BRCA2,ENSG00000139618,3.044158,2.015839362563289,7.0,31,1.0,2,1.8854256258683935,2.0,0.13041373669489542,BRCA2,P51587,True,6,13.28694339922475,17.0,31,descriptive abundance; no clinical expression threshold; isodoping flagged where supplied
BIN67,SCCOHT,BIN67,p51,NA,3.0,BRCA2,ENSG00000139618,3.770255,2.254066389375926,6.0,31,2.0,2,2.517007832270722,2.0,-0.26294144289479604,BRCA2,P51587,True,6,13.51264674160436,4.0,31,descriptive abundance; no clinical expression threshold; isodoping flagged where supplied
COV434,SCCOHT,COV434,p46,NA,1.0,BRCA2,ENSG00000139618,5.868282,2.779949275165518,4.0,31,1.0,2,2.517007832270722,2.0,0.26294144289479604,BRCA2,P51587,True,6,12.87344329423444,29.0,31,descriptive abundance; no clinical expression threshold; isodoping flagged where supplied
OV1369-R2,HGS,1369,p69,P66,1.0,PALB2,ENSG00000083093,1.9335427999999997,1.5526440408919453,26.0,31,10.0,15,1.8678176643287059,12.0,-0.3151736234367606,NA,NA,NA,NA,NA,NA,0,descriptive abundance; no clinical expression threshold; isodoping flagged where supplied
OV1946,HGS,OV1946,p64,NA,5.0,PALB2,ENSG00000083093,16.846628,4.157579607392075,1.0,31,1.0,15,1.8678176643287059,12.0,2.2897619430633696,NA,NA,NA,NA,NA,NA,0,descriptive abundance; no clinical expression threshold; isodoping flagged where supplied
OV2085,HGS,OV2085,p68,P64,2.0,PALB2,ENSG00000083093,2.882326,1.956921266644154,22.0,31,7.0,15,1.8678176643287059,12.0,0.08910360231544812,NA,NA,NA,NA,NA,NA,0,descriptive abundance; no clinical expression threshold; isodoping flagged where supplied
OV2295,HGS,2295,p64,P61,5.0,PALB2,ENSG00000083093,3.354167,2.122396741805276,19.0,31,4.0,15,1.8678176643287059,12.0,0.25457907747657016,NA,NA,NA,NA,NA,NA,0,descriptive abundance; no clinical expression threshold; isodoping flagged where supplied
OV2295-R2,HGS,2295,p67,P70,3.0,PALB2,ENSG00000083093,1.6746219000000002,1.419334958224268,28.0,31,12.0,15,1.8678176643287059,12.0,-0.44848270610443786,NA,NA,NA,NA,NA,NA,0,descriptive abundance; no clinical expression threshold; isodoping flagged where supplied
OV3133-R,HGS,3133,p64,P71,1.0,PALB2,ENSG00000083093,0.9383464,0.9548264164210148,31.0,31,15.0,15,1.8678176643287059,12.0,-0.912991247907691,NA,NA,NA,NA,NA,NA,0,descriptive abundance; no clinical expression threshold; isodoping flagged where supplied
OV3133-R2,HGS,3133,NA,P58,NA,PALB2,ENSG00000083093,NA,NA,NA,31,NA,15,1.8678176643287059,12.0,NA,NA,NA,NA,NA,NA,NA,0,descriptive abundance; no clinical expression threshold; isodoping flagged where supplied
OV3291,HGS,3291,NA,P46,NA,PALB2,ENSG00000083093,NA,NA,NA,31,NA,15,1.8678176643287059,12.0,NA,NA,NA,NA,NA,NA,NA,0,descriptive abundance; no clinical expression threshold; isodoping flagged where supplied
OV4453,HGS,OV4453,p60,NA,4.0,PALB2,ENSG00000083093,7.24757822088,3.04397055552322,14.0,31,2.0,15,1.8678176643287059,12.0,1.1761528911945143,NA,NA,NA,NA,NA,NA,0,descriptive abundance; no clinical expression threshold; isodoping flagged where supplied
OV4485,HGS,OV4485,p60,NA,2.0,PALB2,ENSG00000083093,1.5963969,1.3765109387660266,29.0,31,13.0,15,1.8678176643287059,12.0,-0.4913067255626793,NA,NA,NA,NA,NA,NA,0,descriptive abundance; no clinical expression threshold; isodoping flagged where supplied
OV866-2,HGS,OV866-2,p67,NA,1.0,PALB2,ENSG00000083093,2.431202,1.778714062013258,24.0,31,9.0,15,1.8678176643287059,12.0,-0.0891036023154479,NA,NA,NA,NA,NA,NA,0,descriptive abundance; no clinical expression threshold; isodoping flagged where supplied
TOV1369,HGS,1369,p65,P65,2.0,PALB2,ENSG00000083093,0.9466781,0.9610143417222502,30.0,31,14.0,15,1.8678176643287059,12.0,-0.9068033226064557,NA,NA,NA,NA,NA,NA,0,descriptive abundance; no clinical expression threshold; isodoping flagged where supplied
TOV2295-R,HGS,2295,NA,P57,NA,PALB2,ENSG00000083093,NA,NA,NA,31,NA,15,1.8678176643287059,12.0,NA,NA,NA,NA,NA,NA,NA,0,descriptive abundance; no clinical expression threshold; isodoping flagged where supplied
TOV2835EP,HGS,TOV2835EP,NA,P64,NA,PALB2,ENSG00000083093,NA,NA,NA,31,NA,15,1.8678176643287059,12.0,NA,NA,NA,NA,NA,NA,NA,0,descriptive abundance; no clinical expression threshold; isodoping flagged where supplied
TOV2881EP,HGS,TOV2881EP,NA,P64,NA,PALB2,ENSG00000083093,NA,NA,NA,31,NA,15,1.8678176643287059,12.0,NA,NA,NA,NA,NA,NA,NA,0,descriptive abundance; no clinical expression threshold; isodoping flagged where supplied
TOV2929D,HGS,TOV2929D,NA,P57,NA,PALB2,ENSG00000083093,NA,NA,NA,31,NA,15,1.8678176643287059,12.0,NA,NA,NA,NA,NA,NA,NA,0,descriptive abundance; no clinical expression threshold; isodoping flagged where supplied
TOV3041G,HGS,TOV3041G,p67,NA,3.0,PALB2,ENSG00000083093,3.199384,2.0701777171002305,20.0,31,5.0,15,1.8678176643287059,12.0,0.20236005277152458,NA,NA,NA,NA,NA,NA,0,descriptive abundance; no clinical expression threshold; isodoping flagged where supplied
TOV3121D,HGS,3121,NA,P68,NA,PALB2,ENSG00000083093,NA,NA,NA,31,NA,15,1.8678176643287059,12.0,NA,NA,NA,NA,NA,NA,NA,0,descriptive abundance; no clinical expression threshold; isodoping flagged where supplied
TOV3121EP,HGS,3121,NA,P68,NA,PALB2,ENSG00000083093,NA,NA,NA,31,NA,15,1.8678176643287059,12.0,NA,NA,NA,NA,NA,NA,NA,0,descriptive abundance; no clinical expression threshold; isodoping flagged where supplied
TOV3133D,HGS,3133,NA,P66,NA,PALB2,ENSG00000083093,NA,NA,NA,31,NA,15,1.8678176643287059,12.0,NA,NA,NA,NA,NA,NA,NA,0,descriptive abundance; no clinical expression threshold; isodoping flagged where supplied
TOV3133G,HGS,3133,p61,P65,4.0,PALB2,ENSG00000083093,2.7951515999999996,1.9241575162599318,23.0,31,8.0,15,1.8678176643287059,12.0,0.056339851931225926,NA,NA,NA,NA,NA,NA,0,descriptive abundance; no clinical expression threshold; isodoping flagged where supplied
TOV3291G,HGS,3291,p62,NA,2.0,PALB2,ENSG00000083093,1.764773752,1.4671614261299384,27.0,31,11.0,15,1.8678176643287059,12.0,-0.4006562381987675,NA,NA,NA,NA,NA,NA,0,descriptive abundance; no clinical expression threshold; isodoping flagged where supplied
OV3331,HGS,OV3331,p71,P54,4.0,PALB2,ENSG00000083093,2.9465589999999997,1.9805953172906257,21.0,31,6.0,15,1.8678176643287059,12.0,0.11277765296191977,NA,NA,NA,NA,NA,NA,0,descriptive abundance; no clinical expression threshold; isodoping flagged where supplied
OV90,HGS,OV90,p70,P63,5.0,PALB2,ENSG00000083093,6.457728911399999,2.8987363560701236,15.0,31,3.0,15,1.8678176643287059,12.0,1.0309186917414177,NA,NA,NA,NA,NA,NA,0,descriptive abundance; no clinical expression threshold; isodoping flagged where supplied
TOV81D,LGS,TOV81D,NA,P23,NA,PALB2,ENSG00000083093,NA,NA,NA,31,NA,0,NA,0.0,NA,NA,NA,NA,NA,NA,NA,0,descriptive abundance; no clinical expression threshold; isodoping flagged where supplied
TOV21G,CC,TOV21G,p63,P59,5.0,PALB2,ENSG00000083093,5.601745000000001,2.722847413879993,17.0,31,6.0,7,3.5509868343412156,7.0,-0.8281394204612225,NA,NA,NA,NA,NA,NA,0,descriptive abundance; no clinical expression threshold; isodoping flagged where supplied
TOV3392D,CC,TOV3392D,p69,P69,1.0,PALB2,ENSG00000083093,3.3871309999999997,2.1332777859624903,18.0,31,7.0,7,3.5509868343412156,7.0,-1.4177090483787254,NA,NA,NA,NA,NA,NA,0,descriptive abundance; no clinical expression threshold; isodoping flagged where supplied
VOA10816,CC,VOA10816,p20,NA,1.0,PALB2,ENSG00000083093,8.926139692,3.3112327580339396,11.0,31,5.0,7,3.5509868343412156,7.0,-0.23975407630727608,NA,NA,NA,NA,NA,NA,0,descriptive abundance; no clinical expression threshold; isodoping flagged where supplied
VOA12539,CC,VOA12539,p41,NA,2.0,PALB2,ENSG00000083093,10.7207000363501,3.5509868343412156,8.0,31,4.0,7,3.5509868343412156,7.0,0.0,NA,NA,NA,NA,NA,NA,0,descriptive abundance; no clinical expression threshold; isodoping flagged where supplied
VOA14993,CC,VOA14993,NA,NA,3.0,PALB2,ENSG00000083093,NA,NA,NA,31,NA,7,3.5509868343412156,7.0,NA,NA,NA,NA,NA,NA,NA,0,descriptive abundance; no clinical expression threshold; isodoping flagged where supplied
VOA295,CC,VOA295,p31,NA,2.0,PALB2,ENSG00000083093,11.086441,3.5953175828538844,7.0,31,3.0,7,3.5509868343412156,7.0,0.044330748512668716,NA,NA,NA,NA,NA,NA,0,descriptive abundance; no clinical expression threshold; isodoping flagged where supplied
VOA4841,CC,VOA4841,p43,NA,3.0,PALB2,ENSG00000083093,12.184468,3.7207674537844637,4.0,31,1.0,7,3.5509868343412156,7.0,0.16978061944324807,NA,NA,NA,NA,NA,NA,0,descriptive abundance; no clinical expression threshold; isodoping flagged where supplied
VOA6861,CC,VOA6861,p17,NA,NA,PALB2,ENSG00000083093,11.901976,3.6895201331781706,6.0,31,2.0,7,3.5509868343412156,7.0,0.13853329883695498,NA,NA,NA,NA,NA,NA,0,descriptive abundance; no clinical expression threshold; isodoping flagged where supplied
TOV112D,EC,TOV112D,p63,P83,4.0,PALB2,ENSG00000083093,13.64772300195077,3.8726045090837404,2.0,31,1.0,2,3.6278761056544493,2.0,0.24472840342929114,NA,NA,NA,NA,NA,NA,0,descriptive abundance; no clinical expression threshold; isodoping flagged where supplied
VOA4395,EC,VOA4395,p39-40,NA,1.0,PALB2,ENSG00000083093,9.433474,3.383147702225158,10.0,31,2.0,2,3.6278761056544493,2.0,-0.24472840342929114,NA,NA,NA,NA,NA,NA,0,descriptive abundance; no clinical expression threshold; isodoping flagged where supplied
TOV2414,MC,TOV2414,p69,P65,5.0,PALB2,ENSG00000083093,2.3499550000000005,1.7441417159546244,25.0,31,3.0,3,3.498388613176772,3.0,-1.7542468972221474,NA,NA,NA,NA,NA,NA,0,descriptive abundance; no clinical expression threshold; isodoping flagged where supplied
VOA8762,MC,VOA8762,p27,NA,4.0,PALB2,ENSG00000083093,10.301078953,3.498388613176772,9.0,31,2.0,3,3.498388613176772,3.0,0.0,NA,NA,NA,NA,NA,NA,0,descriptive abundance; no clinical expression threshold; isodoping flagged where supplied
VOA8771,MC,VOA8771,p28,NA,5.0,PALB2,ENSG00000083093,12.828712999999995,3.7895949899935446,3.0,31,1.0,3,3.498388613176772,3.0,0.29120637681677275,NA,NA,NA,NA,NA,NA,0,descriptive abundance; no clinical expression threshold; isodoping flagged where supplied
VOA5217,MMMT,VOA5217,p36,NA,4.0,PALB2,ENSG00000083093,5.72651075449,2.749858329116287,16.0,31,2.0,2,2.954635418047315,2.0,-0.2047770889310283,NA,NA,NA,NA,NA,NA,0,descriptive abundance; no clinical expression threshold; isodoping flagged where supplied
VOA5436,MMMT,VOA5436,p35,NA,5.0,PALB2,ENSG00000083093,7.934658000000001,3.1594125069783434,13.0,31,1.0,2,2.954635418047315,2.0,0.2047770889310283,NA,NA,NA,NA,NA,NA,0,descriptive abundance; no clinical expression threshold; isodoping flagged where supplied
BIN67,SCCOHT,BIN67,p51,NA,3.0,PALB2,ENSG00000083093,8.750691,3.2855044616262274,12.0,31,2.0,2,3.488558048371212,2.0,-0.20305358674498475,NA,NA,NA,NA,NA,NA,0,descriptive abundance; no clinical expression threshold; isodoping flagged where supplied
COV434,SCCOHT,COV434,p46,NA,1.0,PALB2,ENSG00000083093,11.9206938,3.691611635116197,5.0,31,1.0,2,3.488558048371212,2.0,0.20305358674498475,NA,NA,NA,NA,NA,NA,0,descriptive abundance; no clinical expression threshold; isodoping flagged where supplied
OV1369-R2,HGS,1369,p69,P66,1.0,RAD51C,ENSG00000108384,67.10553200000001,6.089700083503887,2.0,31,1.0,15,4.466503925074498,12.0,1.6231961584293888,RAD51C,O43502,False,2,NA,NA,17,descriptive abundance; no clinical expression threshold; isodoping flagged where supplied
OV1946,HGS,OV1946,p64,NA,5.0,RAD51C,ENSG00000108384,0.3864636999999999,0.4714098446388093,31.0,31,15.0,15,4.466503925074498,12.0,-3.995094080435689,RAD51C,O43502,False,2,NA,NA,17,descriptive abundance; no clinical expression threshold; isodoping flagged where supplied
OV2085,HGS,OV2085,p68,P64,2.0,RAD51C,ENSG00000108384,13.51738,3.859709203725938,27.0,31,13.0,15,4.466503925074498,12.0,-0.6067947213485603,RAD51C,O43502,False,2,7.270169007766532,16.0,17,descriptive abundance; no clinical expression threshold; isodoping flagged where supplied
OV2295,HGS,2295,p64,P61,5.0,RAD51C,ENSG00000108384,19.879527999999997,4.384017193780026,21.0,31,8.0,15,4.466503925074498,12.0,-0.08248673129447237,RAD51C,O43502,False,2,NA,NA,17,descriptive abundance; no clinical expression threshold; isodoping flagged where supplied
OV2295-R2,HGS,2295,p67,P70,3.0,RAD51C,ENSG00000108384,26.0750721,4.7588932745741115,16.0,31,5.0,15,4.466503925074498,12.0,0.29238934949961326,RAD51C,O43502,False,2,7.321071362570638,14.0,17,descriptive abundance; no clinical expression threshold; isodoping flagged where supplied
OV3133-R,HGS,3133,p64,P71,1.0,RAD51C,ENSG00000108384,11.588313,3.6540130507314936,29.0,31,14.0,15,4.466503925074498,12.0,-0.8124908743430046,RAD51C,O43502,False,2,NA,NA,17,descriptive abundance; no clinical expression threshold; isodoping flagged where supplied
OV3133-R2,HGS,3133,NA,P58,NA,RAD51C,ENSG00000108384,NA,NA,NA,31,NA,15,4.466503925074498,12.0,NA,RAD51C,O43502,False,2,NA,NA,17,descriptive abundance; no clinical expression threshold; isodoping flagged where supplied
OV3291,HGS,3291,NA,P46,NA,RAD51C,ENSG00000108384,NA,NA,NA,31,NA,15,4.466503925074498,12.0,NA,RAD51C,O43502,False,2,NA,NA,17,descriptive abundance; no clinical expression threshold; isodoping flagged where supplied
OV4453,HGS,OV4453,p60,NA,4.0,RAD51C,ENSG00000108384,19.358001000000005,4.347524001636291,23.0,31,10.0,15,4.466503925074498,12.0,-0.11897992343820718,RAD51C,O43502,False,2,7.843011598397582,3.0,17,descriptive abundance; no clinical expression threshold; isodoping flagged where supplied
OV4485,HGS,OV4485,p60,NA,2.0,RAD51C,ENSG00000108384,22.530694400000005,4.556471990573006,20.0,31,7.0,15,4.466503925074498,12.0,0.08996806549850778,RAD51C,O43502,False,2,7.340859821095461,13.0,17,descriptive abundance; no clinical expression threshold; isodoping flagged where supplied
OV866-2,HGS,OV866-2,p67,NA,1.0,RAD51C,ENSG00000108384,23.96173,4.64164602011034,19.0,31,6.0,15,4.466503925074498,12.0,0.17514209503584155,RAD51C,O43502,False,2,NA,NA,17,descriptive abundance; no clinical expression threshold; isodoping flagged where supplied
TOV1369,HGS,1369,p65,P65,2.0,RAD51C,ENSG00000108384,28.1030849,4.863100180462336,14.0,31,4.0,15,4.466503925074498,12.0,0.3965962553878377,RAD51C,O43502,False,2,7.53565405644568,8.0,17,descriptive abundance; no clinical expression threshold; isodoping flagged where supplied
TOV2295-R,HGS,2295,NA,P57,NA,RAD51C,ENSG00000108384,NA,NA,NA,31,NA,15,4.466503925074498,12.0,NA,RAD51C,O43502,False,2,NA,NA,17,descriptive abundance; no clinical expression threshold; isodoping flagged where supplied
TOV2835EP,HGS,TOV2835EP,NA,P64,NA,RAD51C,ENSG00000108384,NA,NA,NA,31,NA,15,4.466503925074498,12.0,NA,RAD51C,O43502,False,2,NA,NA,17,descriptive abundance; no clinical expression threshold; isodoping flagged where supplied
TOV2881EP,HGS,TOV2881EP,NA,P64,NA,RAD51C,ENSG00000108384,NA,NA,NA,31,NA,15,4.466503925074498,12.0,NA,RAD51C,O43502,False,2,NA,NA,17,descriptive abundance; no clinical expression threshold; isodoping flagged where supplied
TOV2929D,HGS,TOV2929D,NA,P57,NA,RAD51C,ENSG00000108384,NA,NA,NA,31,NA,15,4.466503925074498,12.0,NA,RAD51C,O43502,False,2,NA,NA,17,descriptive abundance; no clinical expression threshold; isodoping flagged where supplied
TOV3041G,HGS,TOV3041G,p67,NA,3.0,RAD51C,ENSG00000108384,36.526133300000005,5.229823737195705,10.0,31,3.0,15,4.466503925074498,12.0,0.7633198121212068,RAD51C,O43502,False,2,7.781179057612684,5.0,17,descriptive abundance; no clinical expression threshold; isodoping flagged where supplied
TOV3121D,HGS,3121,NA,P68,NA,RAD51C,ENSG00000108384,NA,NA,NA,31,NA,15,4.466503925074498,12.0,NA,RAD51C,O43502,False,2,NA,NA,17,descriptive abundance; no clinical expression threshold; isodoping flagged where supplied
TOV3121EP,HGS,3121,NA,P68,NA,RAD51C,ENSG00000108384,NA,NA,NA,31,NA,15,4.466503925074498,12.0,NA,RAD51C,O43502,False,2,NA,NA,17,descriptive abundance; no clinical expression threshold; isodoping flagged where supplied
TOV3133D,HGS,3133,NA,P66,NA,RAD51C,ENSG00000108384,NA,NA,NA,31,NA,15,4.466503925074498,12.0,NA,RAD51C,O43502,False,2,NA,NA,17,descriptive abundance; no clinical expression threshold; isodoping flagged where supplied
TOV3133G,HGS,3133,p61,P65,4.0,RAD51C,ENSG00000108384,14.545242000000004,3.958401170844714,26.0,31,12.0,15,4.466503925074498,12.0,-0.508102754229784,RAD51C,O43502,False,2,8.022869226556855,1.0,17,descriptive abundance; no clinical expression threshold; isodoping flagged where supplied
TOV3291G,HGS,3291,p62,NA,2.0,RAD51C,ENSG00000108384,51.160262,5.704879211104195,3.0,31,2.0,15,4.466503925074498,12.0,1.2383752860296964,RAD51C,O43502,False,2,7.396608842095897,11.0,17,descriptive abundance; no clinical expression threshold; isodoping flagged where supplied
OV3331,HGS,OV3331,p71,P54,4.0,RAD51C,ENSG00000108384,18.4795116,4.283885600793701,24.0,31,11.0,15,4.466503925074498,12.0,-0.1826183242807975,RAD51C,O43502,False,2,7.789189541601502,4.0,17,descriptive abundance; no clinical expression threshold; isodoping flagged where supplied
OV90,HGS,OV90,p70,P63,5.0,RAD51C,ENSG00000108384,19.771534,4.3765358595759905,22.0,31,9.0,15,4.466503925074498,12.0,-0.08996806549850778,RAD51C,O43502,False,2,NA,NA,17,descriptive abundance; no clinical expression threshold; isodoping flagged where supplied
TOV81D,LGS,TOV81D,NA,P23,NA,RAD51C,ENSG00000108384,NA,NA,NA,31,NA,0,NA,0.0,NA,RAD51C,O43502,False,2,NA,NA,17,descriptive abundance; no clinical expression threshold; isodoping flagged where supplied
TOV21G,CC,TOV21G,p63,P59,5.0,RAD51C,ENSG00000108384,42.44319700000001,5.441058370366915,7.0,31,2.0,7,5.023508724438995,7.0,0.4175496459279202,RAD51C,O43502,False,2,NA,NA,17,descriptive abundance; no clinical expression threshold; isodoping flagged where supplied
TOV3392D,CC,TOV3392D,p69,P69,1.0,RAD51C,ENSG00000108384,12.9873222,3.8060478873717063,28.0,31,7.0,7,5.023508724438995,7.0,-1.2174608370672884,RAD51C,O43502,False,2,NA,NA,17,descriptive abundance; no clinical expression threshold; isodoping flagged where supplied
VOA10816,CC,VOA10816,p20,NA,1.0,RAD51C,ENSG00000108384,24.519262,4.673514702817129,18.0,31,6.0,7,5.023508724438995,7.0,-0.34999402162186577,RAD51C,O43502,False,2,NA,NA,17,descriptive abundance; no clinical expression threshold; isodoping flagged where supplied
VOA12539,CC,VOA12539,p41,NA,2.0,RAD51C,ENSG00000108384,31.525711800000007,5.023508724438995,12.0,31,4.0,7,5.023508724438995,7.0,0.0,RAD51C,O43502,False,2,7.641289006627726,6.0,17,descriptive abundance; no clinical expression threshold; isodoping flagged where supplied
VOA14993,CC,VOA14993,NA,NA,3.0,RAD51C,ENSG00000108384,NA,NA,NA,31,NA,7,5.023508724438995,7.0,NA,RAD51C,O43502,False,2,7.515106188749859,9.0,17,descriptive abundance; no clinical expression threshold; isodoping flagged where supplied
VOA295,CC,VOA295,p31,NA,2.0,RAD51C,ENSG00000108384,43.239794999999994,5.467272795261777,5.0,31,1.0,7,5.023508724438995,7.0,0.44376407082278213,RAD51C,O43502,False,2,7.547275669617207,7.0,17,descriptive abundance; no clinical expression threshold; isodoping flagged where supplied
VOA4841,CC,VOA4841,p43,NA,3.0,RAD51C,ENSG00000108384,29.227745999999996,4.917801500056775,13.0,31,5.0,7,5.023508724438995,7.0,-0.10570722438221924,RAD51C,O43502,False,2,7.246861049577739,17.0,17,descriptive abundance; no clinical expression threshold; isodoping flagged where supplied
VOA6861,CC,VOA6861,p17,NA,NA,RAD51C,ENSG00000108384,42.025363,5.427115459055006,8.0,31,3.0,7,5.023508724438995,7.0,0.4036067346160115,RAD51C,O43502,False,2,NA,NA,17,descriptive abundance; no clinical expression threshold; isodoping flagged where supplied
TOV112D,EC,TOV112D,p63,P83,4.0,RAD51C,ENSG00000108384,50.179933,5.677506353624022,4.0,31,1.0,2,5.24744643858806,2.0,0.43005991503596164,RAD51C,O43502,False,2,7.878615430863904,2.0,17,descriptive abundance; no clinical expression threshold; isodoping flagged where supplied
VOA4395,EC,VOA4395,p39-40,NA,1.0,RAD51C,ENSG00000108384,27.195373,4.8173865235520985,15.0,31,2.0,2,5.24744643858806,2.0,-0.43005991503596164,RAD51C,O43502,False,2,NA,NA,17,descriptive abundance; no clinical expression threshold; isodoping flagged where supplied
TOV2414,MC,TOV2414,p69,P65,5.0,RAD51C,ENSG00000108384,9.6875708,3.417862072076127,30.0,31,3.0,3,5.198498750454194,3.0,-1.780636678378067,RAD51C,O43502,False,2,NA,NA,17,descriptive abundance; no clinical expression threshold; isodoping flagged where supplied
VOA8762,MC,VOA8762,p27,NA,4.0,RAD51C,ENSG00000108384,35.720116999999995,5.198498750454194,11.0,31,2.0,3,5.198498750454194,3.0,0.0,RAD51C,O43502,False,2,7.356957238395127,12.0,17,descriptive abundance; no clinical expression threshold; isodoping flagged where supplied
VOA8771,MC,VOA8771,p28,NA,5.0,RAD51C,ENSG00000108384,42.694233,5.449370972523138,6.0,31,1.0,3,5.198498750454194,3.0,0.2508722220689439,RAD51C,O43502,False,2,NA,NA,17,descriptive abundance; no clinical expression threshold; isodoping flagged where supplied
VOA5217,MMMT,VOA5217,p36,NA,4.0,RAD51C,ENSG00000108384,15.026466999999998,4.002384516427603,25.0,31,2.0,2,4.352418748654989,2.0,-0.3500342322273857,RAD51C,O43502,False,2,7.303104000302073,15.0,17,descriptive abundance; no clinical expression threshold; isodoping flagged where supplied
VOA5436,MMMT,VOA5436,p35,NA,5.0,RAD51C,ENSG00000108384,25.036308,4.7024529808823745,17.0,31,1.0,2,4.352418748654989,2.0,0.3500342322273857,RAD51C,O43502,False,2,NA,NA,17,descriptive abundance; no clinical expression threshold; isodoping flagged where supplied
BIN67,SCCOHT,BIN67,p51,NA,3.0,RAD51C,ENSG00000108384,40.200633,5.364594597804243,9.0,31,2.0,2,5.922385501510307,2.0,-0.5577909037060644,RAD51C,O43502,False,2,7.476581767238939,10.0,17,descriptive abundance; no clinical expression threshold; isodoping flagged where supplied
COV434,SCCOHT,COV434,p46,NA,1.0,RAD51C,ENSG00000108384,88.27451,6.480176405216373,1.0,31,1.0,2,5.922385501510307,2.0,0.5577909037060653,RAD51C,O43502,False,2,NA,NA,17,descriptive abundance; no clinical expression threshold; isodoping flagged where supplied
OV1369-R2,HGS,1369,p69,P66,1.0,RAD51D,ENSG00000185379,15.249702000000005,4.0223413559783445,2.0,31,1.0,15,3.0128577653275794,12.0,1.009483590650765,NA,NA,NA,NA,NA,NA,0,descriptive abundance; no clinical expression threshold; isodoping flagged where supplied
OV1946,HGS,OV1946,p64,NA,5.0,RAD51D,ENSG00000185379,13.95484767,3.9025413101353434,5.0,31,2.0,15,3.0128577653275794,12.0,0.889683544807764,NA,NA,NA,NA,NA,NA,0,descriptive abundance; no clinical expression threshold; isodoping flagged where supplied
OV2085,HGS,OV2085,p68,P64,2.0,RAD51D,ENSG00000185379,8.016069599999998,3.17249865250961,16.0,31,4.0,15,3.0128577653275794,12.0,0.1596408871820305,NA,NA,NA,NA,NA,NA,0,descriptive abundance; no clinical expression threshold; isodoping flagged where supplied
OV2295,HGS,2295,p64,P61,5.0,RAD51D,ENSG00000185379,8.053597700000001,3.1784912013162785,15.0,31,3.0,15,3.0128577653275794,12.0,0.16563343598869906,NA,NA,NA,NA,NA,NA,0,descriptive abundance; no clinical expression threshold; isodoping flagged where supplied
OV2295-R2,HGS,2295,p67,P70,3.0,RAD51D,ENSG00000185379,5.722756199999999,2.749052831344176,29.0,31,14.0,15,3.0128577653275794,12.0,-0.26380493398340343,NA,NA,NA,NA,NA,NA,0,descriptive abundance; no clinical expression threshold; isodoping flagged where supplied
OV3133-R,HGS,3133,p64,P71,1.0,RAD51D,ENSG00000185379,4.61723209,2.4898594127037175,30.0,31,15.0,15,3.0128577653275794,12.0,-0.522998352623862,NA,NA,NA,NA,NA,NA,0,descriptive abundance; no clinical expression threshold; isodoping flagged where supplied
OV3133-R2,HGS,3133,NA,P58,NA,RAD51D,ENSG00000185379,NA,NA,NA,31,NA,15,3.0128577653275794,12.0,NA,NA,NA,NA,NA,NA,NA,0,descriptive abundance; no clinical expression threshold; isodoping flagged where supplied
OV3291,HGS,3291,NA,P46,NA,RAD51D,ENSG00000185379,NA,NA,NA,31,NA,15,3.0128577653275794,12.0,NA,NA,NA,NA,NA,NA,NA,0,descriptive abundance; no clinical expression threshold; isodoping flagged where supplied
OV4453,HGS,OV4453,p60,NA,4.0,RAD51D,ENSG00000185379,7.044266799999999,3.0079609315504956,21.0,31,8.0,15,3.0128577653275794,12.0,-0.004896833777083831,NA,NA,NA,NA,NA,NA,0,descriptive abundance; no clinical expression threshold; isodoping flagged where supplied
OV4485,HGS,OV4485,p60,NA,2.0,RAD51D,ENSG00000185379,7.099060699999999,3.0177545991046637,20.0,31,7.0,15,3.0128577653275794,12.0,0.004896833777084275,NA,NA,NA,NA,NA,NA,0,descriptive abundance; no clinical expression threshold; isodoping flagged where supplied
OV866-2,HGS,OV866-2,p67,NA,1.0,RAD51D,ENSG00000185379,6.5839323,2.9229460856905223,23.0,31,9.0,15,3.0128577653275794,12.0,-0.08991167963705715,NA,NA,NA,NA,NA,NA,0,descriptive abundance; no clinical expression threshold; isodoping flagged where supplied
TOV1369,HGS,1369,p65,P65,2.0,RAD51D,ENSG00000185379,6.525543299999999,2.9117957397356715,24.0,31,10.0,15,3.0128577653275794,12.0,-0.10106202559190791,NA,NA,NA,NA,NA,NA,0,descriptive abundance; no clinical expression threshold; isodoping flagged where supplied
TOV2295-R,HGS,2295,NA,P57,NA,RAD51D,ENSG00000185379,NA,NA,NA,31,NA,15,3.0128577653275794,12.0,NA,NA,NA,NA,NA,NA,NA,0,descriptive abundance; no clinical expression threshold; isodoping flagged where supplied
TOV2835EP,HGS,TOV2835EP,NA,P64,NA,RAD51D,ENSG00000185379,NA,NA,NA,31,NA,15,3.0128577653275794,12.0,NA,NA,NA,NA,NA,NA,NA,0,descriptive abundance; no clinical expression threshold; isodoping flagged where supplied
TOV2881EP,HGS,TOV2881EP,NA,P64,NA,RAD51D,ENSG00000185379,NA,NA,NA,31,NA,15,3.0128577653275794,12.0,NA,NA,NA,NA,NA,NA,NA,0,descriptive abundance; no clinical expression threshold; isodoping flagged where supplied
TOV2929D,HGS,TOV2929D,NA,P57,NA,RAD51D,ENSG00000185379,NA,NA,NA,31,NA,15,3.0128577653275794,12.0,NA,NA,NA,NA,NA,NA,NA,0,descriptive abundance; no clinical expression threshold; isodoping flagged where supplied
TOV3041G,HGS,TOV3041G,p67,NA,3.0,RAD51D,ENSG00000185379,7.791285800000001,3.136074187168562,17.0,31,5.0,15,3.0128577653275794,12.0,0.12321642184098236,NA,NA,NA,NA,NA,NA,0,descriptive abundance; no clinical expression threshold; isodoping flagged where supplied
TOV3121D,HGS,3121,NA,P68,NA,RAD51D,ENSG00000185379,NA,NA,NA,31,NA,15,3.0128577653275794,12.0,NA,NA,NA,NA,NA,NA,NA,0,descriptive abundance; no clinical expression threshold; isodoping flagged where supplied
TOV3121EP,HGS,3121,NA,P68,NA,RAD51D,ENSG00000185379,NA,NA,NA,31,NA,15,3.0128577653275794,12.0,NA,NA,NA,NA,NA,NA,NA,0,descriptive abundance; no clinical expression threshold; isodoping flagged where supplied
TOV3133D,HGS,3133,NA,P66,NA,RAD51D,ENSG00000185379,NA,NA,NA,31,NA,15,3.0128577653275794,12.0,NA,NA,NA,NA,NA,NA,NA,0,descriptive abundance; no clinical expression threshold; isodoping flagged where supplied
TOV3133G,HGS,3133,p61,P65,4.0,RAD51D,ENSG00000185379,6.2595635,2.8598828050643825,28.0,31,13.0,15,3.0128577653275794,12.0,-0.1529749602631969,NA,NA,NA,NA,NA,NA,0,descriptive abundance; no clinical expression threshold; isodoping flagged where supplied
TOV3291G,HGS,3291,p62,NA,2.0,RAD51D,ENSG00000185379,6.465250899999999,2.9001907487861955,25.0,31,11.0,15,3.0128577653275794,12.0,-0.11266701654138389,NA,NA,NA,NA,NA,NA,0,descriptive abundance; no clinical expression threshold; isodoping flagged where supplied
OV3331,HGS,OV3331,p71,P54,4.0,RAD51D,ENSG00000185379,6.4023598999999995,2.8879852806425546,27.0,31,12.0,15,3.0128577653275794,12.0,-0.12487248468502488,NA,NA,NA,NA,NA,NA,0,descriptive abundance; no clinical expression threshold; isodoping flagged where supplied
OV90,HGS,OV90,p70,P63,5.0,RAD51D,ENSG00000185379,7.2338302,3.0415636973665134,19.0,31,6.0,15,3.0128577653275794,12.0,0.028705932038934012,NA,NA,NA,NA,NA,NA,0,descriptive abundance; no clinical expression threshold; isodoping flagged where supplied
TOV81D,LGS,TOV81D,NA,P23,NA,RAD51D,ENSG00000185379,NA,NA,NA,31,NA,0,NA,0.0,NA,NA,NA,NA,NA,NA,NA,0,descriptive abundance; no clinical expression threshold; isodoping flagged where supplied
TOV21G,CC,TOV21G,p63,P59,5.0,RAD51D,ENSG00000185379,14.093360000000002,3.915842101264918,4.0,31,1.0,7,3.414912836024547,7.0,0.5009292652403707,NA,NA,NA,NA,NA,NA,0,descriptive abundance; no clinical expression threshold; isodoping flagged where supplied
TOV3392D,CC,TOV3392D,p69,P69,1.0,RAD51D,ENSG00000185379,9.665745,3.414912836024547,11.0,31,4.0,7,3.414912836024547,7.0,0.0,NA,NA,NA,NA,NA,NA,0,descriptive abundance; no clinical expression threshold; isodoping flagged where supplied
VOA10816,CC,VOA10816,p20,NA,1.0,RAD51D,ENSG00000185379,13.618894,3.8697622624655064,6.0,31,2.0,7,3.414912836024547,7.0,0.45484942644095927,NA,NA,NA,NA,NA,NA,0,descriptive abundance; no clinical expression threshold; isodoping flagged where supplied
VOA12539,CC,VOA12539,p41,NA,2.0,RAD51D,ENSG00000185379,8.161859399999999,3.1956404230961324,13.0,31,5.0,7,3.414912836024547,7.0,-0.2192724129284147,NA,NA,NA,NA,NA,NA,0,descriptive abundance; no clinical expression threshold; isodoping flagged where supplied
VOA14993,CC,VOA14993,NA,NA,3.0,RAD51D,ENSG00000185379,NA,NA,NA,31,NA,7,3.414912836024547,7.0,NA,NA,NA,NA,NA,NA,NA,0,descriptive abundance; no clinical expression threshold; isodoping flagged where supplied
VOA295,CC,VOA295,p31,NA,2.0,RAD51D,ENSG00000185379,10.3816381,3.5086363070723765,10.0,31,3.0,7,3.414912836024547,7.0,0.09372347104782941,NA,NA,NA,NA,NA,NA,0,descriptive abundance; no clinical expression threshold; isodoping flagged where supplied
VOA4841,CC,VOA4841,p43,NA,3.0,RAD51D,ENSG00000185379,4.241848,2.390075519857555,31.0,31,7.0,7,3.414912836024547,7.0,-1.024837316166992,NA,NA,NA,NA,NA,NA,0,descriptive abundance; no clinical expression threshold; isodoping flagged where supplied
VOA6861,CC,VOA6861,p17,NA,NA,RAD51D,ENSG00000185379,6.820635199999999,2.9672857894601843,22.0,31,6.0,7,3.414912836024547,7.0,-0.4476270465643628,NA,NA,NA,NA,NA,NA,0,descriptive abundance; no clinical expression threshold; isodoping flagged where supplied
TOV112D,EC,TOV112D,p63,P83,4.0,RAD51D,ENSG00000185379,14.448959000000002,3.949437722911123,3.0,31,1.0,2,3.4230937743826706,2.0,0.5263439485284525,NA,NA,NA,NA,NA,NA,0,descriptive abundance; no clinical expression threshold; isodoping flagged where supplied
VOA4395,EC,VOA4395,p39-40,NA,1.0,RAD51D,ENSG00000185379,6.447467,2.8967498258542177,26.0,31,2.0,2,3.4230937743826706,2.0,-0.5263439485284529,NA,NA,NA,NA,NA,NA,0,descriptive abundance; no clinical expression threshold; isodoping flagged where supplied
TOV2414,MC,TOV2414,p69,P65,5.0,RAD51D,ENSG00000185379,8.0558287,3.1788466684173793,14.0,31,3.0,3,3.836423748187259,3.0,-0.6575770797698799,NA,NA,NA,NA,NA,NA,0,descriptive abundance; no clinical expression threshold; isodoping flagged where supplied
VOA8762,MC,VOA8762,p27,NA,4.0,RAD51D,ENSG00000185379,13.2849467,3.836423748187259,7.0,31,2.0,3,3.836423748187259,3.0,0.0,NA,NA,NA,NA,NA,NA,0,descriptive abundance; no clinical expression threshold; isodoping flagged where supplied
VOA8771,MC,VOA8771,p28,NA,5.0,RAD51D,ENSG00000185379,21.595301999999997,4.497950934524766,1.0,31,1.0,3,3.836423748187259,3.0,0.6615271863375072,NA,NA,NA,NA,NA,NA,0,descriptive abundance; no clinical expression threshold; isodoping flagged where supplied
VOA5217,MMMT,VOA5217,p36,NA,4.0,RAD51D,ENSG00000185379,7.660412200565018,3.114435693030361,18.0,31,2.0,2,3.155970666353158,2.0,-0.041534973322796986,NA,NA,NA,NA,NA,NA,0,descriptive abundance; no clinical expression threshold; isodoping flagged where supplied
VOA5436,MMMT,VOA5436,p35,NA,5.0,RAD51D,ENSG00000185379,8.173712150000002,3.197505639675955,12.0,31,1.0,2,3.155970666353158,2.0,0.041534973322796986,NA,NA,NA,NA,NA,NA,0,descriptive abundance; no clinical expression threshold; isodoping flagged where supplied
BIN67,SCCOHT,BIN67,p51,NA,3.0,RAD51D,ENSG00000185379,10.448550999999998,3.517093108283833,9.0,31,2.0,2,3.673149420519279,2.0,-0.15605631223544592,NA,NA,NA,NA,NA,NA,0,descriptive abundance; no clinical expression threshold; isodoping flagged where supplied
COV434,SCCOHT,COV434,p46,NA,1.0,RAD51D,ENSG00000185379,13.213655500000002,3.829205732754725,8.0,31,1.0,2,3.673149420519279,2.0,0.15605631223544592,NA,NA,NA,NA,NA,NA,0,descriptive abundance; no clinical expression threshold; isodoping flagged where supplied
OV1369-R2,HGS,1369,p69,P66,1.0,BRIP1,ENSG00000136492,0.941696,0.9573173441023484,22.0,31,8.0,15,0.9727642474874458,12.0,-0.015446903385097466,NA,NA,NA,NA,NA,NA,0,descriptive abundance; no clinical expression threshold; isodoping flagged where supplied
OV1946,HGS,OV1946,p64,NA,5.0,BRIP1,ENSG00000136492,1.3336811,1.2226074287050694,20.0,31,6.0,15,0.9727642474874458,12.0,0.2498431812176236,NA,NA,NA,NA,NA,NA,0,descriptive abundance; no clinical expression threshold; isodoping flagged where supplied
OV2085,HGS,OV2085,p68,P64,2.0,BRIP1,ENSG00000136492,0.41155922,0.497289656317265,30.0,31,14.0,15,0.9727642474874458,12.0,-0.4754745911701808,NA,NA,NA,NA,NA,NA,0,descriptive abundance; no clinical expression threshold; isodoping flagged where supplied
OV2295,HGS,2295,p64,P61,5.0,BRIP1,ENSG00000136492,0.8042520000000001,0.8514008539812963,25.0,31,11.0,15,0.9727642474874458,12.0,-0.12136339350614955,NA,NA,NA,NA,NA,NA,0,descriptive abundance; no clinical expression threshold; isodoping flagged where supplied
OV2295-R2,HGS,2295,p67,P70,3.0,BRIP1,ENSG00000136492,1.342899,1.2282947624213485,19.0,31,5.0,15,0.9727642474874458,12.0,0.25553051493390266,NA,NA,NA,NA,NA,NA,0,descriptive abundance; no clinical expression threshold; isodoping flagged where supplied
OV3133-R,HGS,3133,p64,P71,1.0,BRIP1,ENSG00000136492,0.3334366,0.4151492316829791,31.0,31,15.0,15,0.9727642474874458,12.0,-0.5576150158044667,NA,NA,NA,NA,NA,NA,0,descriptive abundance; no clinical expression threshold; isodoping flagged where supplied
OV3133-R2,HGS,3133,NA,P58,NA,BRIP1,ENSG00000136492,NA,NA,NA,31,NA,15,0.9727642474874458,12.0,NA,NA,NA,NA,NA,NA,NA,0,descriptive abundance; no clinical expression threshold; isodoping flagged where supplied
OV3291,HGS,3291,NA,P46,NA,BRIP1,ENSG00000136492,NA,NA,NA,31,NA,15,0.9727642474874458,12.0,NA,NA,NA,NA,NA,NA,NA,0,descriptive abundance; no clinical expression threshold; isodoping flagged where supplied
OV4453,HGS,OV4453,p60,NA,4.0,BRIP1,ENSG00000136492,12.201073,3.722583293324499,1.0,31,1.0,15,0.9727642474874458,12.0,2.7498190458370533,NA,NA,NA,NA,NA,NA,0,descriptive abundance; no clinical expression threshold; isodoping flagged where supplied
OV4485,HGS,OV4485,p60,NA,2.0,BRIP1,ENSG00000136492,0.8734282,0.9056806867735695,23.0,31,9.0,15,0.9727642474874458,12.0,-0.06708356071387633,NA,NA,NA,NA,NA,NA,0,descriptive abundance; no clinical expression threshold; isodoping flagged where supplied
OV866-2,HGS,OV866-2,p67,NA,1.0,BRIP1,ENSG00000136492,1.7885650000000002,1.4795228998416399,17.0,31,3.0,15,0.9727642474874458,12.0,0.506758652354194,NA,NA,NA,NA,NA,NA,0,descriptive abundance; no clinical expression threshold; isodoping flagged where supplied
TOV1369,HGS,1369,p65,P65,2.0,BRIP1,ENSG00000136492,0.5616465,0.6430679167228481,28.0,31,13.0,15,0.9727642474874458,12.0,-0.3296963307645977,NA,NA,NA,NA,NA,NA,0,descriptive abundance; no clinical expression threshold; isodoping flagged where supplied
TOV2295-R,HGS,2295,NA,P57,NA,BRIP1,ENSG00000136492,NA,NA,NA,31,NA,15,0.9727642474874458,12.0,NA,NA,NA,NA,NA,NA,NA,0,descriptive abundance; no clinical expression threshold; isodoping flagged where supplied
TOV2835EP,HGS,TOV2835EP,NA,P64,NA,BRIP1,ENSG00000136492,NA,NA,NA,31,NA,15,0.9727642474874458,12.0,NA,NA,NA,NA,NA,NA,NA,0,descriptive abundance; no clinical expression threshold; isodoping flagged where supplied
TOV2881EP,HGS,TOV2881EP,NA,P64,NA,BRIP1,ENSG00000136492,NA,NA,NA,31,NA,15,0.9727642474874458,12.0,NA,NA,NA,NA,NA,NA,NA,0,descriptive abundance; no clinical expression threshold; isodoping flagged where supplied
TOV2929D,HGS,TOV2929D,NA,P57,NA,BRIP1,ENSG00000136492,NA,NA,NA,31,NA,15,0.9727642474874458,12.0,NA,NA,NA,NA,NA,NA,NA,0,descriptive abundance; no clinical expression threshold; isodoping flagged where supplied
TOV3041G,HGS,TOV3041G,p67,NA,3.0,BRIP1,ENSG00000136492,0.7889360000000001,0.8391017752410144,27.0,31,12.0,15,0.9727642474874458,12.0,-0.13366247224643146,NA,NA,NA,NA,NA,NA,0,descriptive abundance; no clinical expression threshold; isodoping flagged where supplied
TOV3121D,HGS,3121,NA,P68,NA,BRIP1,ENSG00000136492,NA,NA,NA,31,NA,15,0.9727642474874458,12.0,NA,NA,NA,NA,NA,NA,NA,0,descriptive abundance; no clinical expression threshold; isodoping flagged where supplied
TOV3121EP,HGS,3121,NA,P68,NA,BRIP1,ENSG00000136492,NA,NA,NA,31,NA,15,0.9727642474874458,12.0,NA,NA,NA,NA,NA,NA,NA,0,descriptive abundance; no clinical expression threshold; isodoping flagged where supplied
TOV3133D,HGS,3133,NA,P66,NA,BRIP1,ENSG00000136492,NA,NA,NA,31,NA,15,0.9727642474874458,12.0,NA,NA,NA,NA,NA,NA,NA,0,descriptive abundance; no clinical expression threshold; isodoping flagged where supplied
TOV3133G,HGS,3133,p61,P65,4.0,BRIP1,ENSG00000136492,1.1599684,1.1110102061402385,21.0,31,7.0,15,0.9727642474874458,12.0,0.13824595865279266,NA,NA,NA,NA,NA,NA,0,descriptive abundance; no clinical expression threshold; isodoping flagged where supplied
TOV3291G,HGS,3291,p62,NA,2.0,BRIP1,ENSG00000136492,0.8092680999999999,0.8554062044664775,24.0,31,10.0,15,0.9727642474874458,12.0,-0.1173580430209683,NA,NA,NA,NA,NA,NA,0,descriptive abundance; no clinical expression threshold; isodoping flagged where supplied
OV3331,HGS,OV3331,p71,P54,4.0,BRIP1,ENSG00000136492,1.592426,1.3743028083415987,18.0,31,4.0,15,0.9727642474874458,12.0,0.40153856085415285,NA,NA,NA,NA,NA,NA,0,descriptive abundance; no clinical expression threshold; isodoping flagged where supplied
OV90,HGS,OV90,p70,P63,5.0,BRIP1,ENSG00000136492,1.859514,1.5157699689023227,16.0,31,2.0,15,0.9727642474874458,12.0,0.5430057214148769,NA,NA,NA,NA,NA,NA,0,descriptive abundance; no clinical expression threshold; isodoping flagged where supplied
TOV81D,LGS,TOV81D,NA,P23,NA,BRIP1,ENSG00000136492,NA,NA,NA,31,NA,0,NA,0.0,NA,NA,NA,NA,NA,NA,NA,0,descriptive abundance; no clinical expression threshold; isodoping flagged where supplied
TOV21G,CC,TOV21G,p63,P59,5.0,BRIP1,ENSG00000136492,2.103041,1.6336827590986338,15.0,31,6.0,7,2.4793713050765893,7.0,-0.8456885459779555,NA,NA,NA,NA,NA,NA,0,descriptive abundance; no clinical expression threshold; isodoping flagged where supplied
TOV3392D,CC,TOV3392D,p69,P69,1.0,BRIP1,ENSG00000136492,0.4657498999999999,0.5516389583072946,29.0,31,7.0,7,2.4793713050765893,7.0,-1.9277323467692948,NA,NA,NA,NA,NA,NA,0,descriptive abundance; no clinical expression threshold; isodoping flagged where supplied
VOA10816,CC,VOA10816,p20,NA,1.0,BRIP1,ENSG00000136492,2.2481015,1.699596716038691,14.0,31,5.0,7,2.4793713050765893,7.0,-0.7797745890378984,NA,NA,NA,NA,NA,NA,0,descriptive abundance; no clinical expression threshold; isodoping flagged where supplied
VOA12539,CC,VOA12539,p41,NA,2.0,BRIP1,ENSG00000136492,6.277091,2.8633618517161925,8.0,31,3.0,7,2.4793713050765893,7.0,0.3839905466396032,NA,NA,NA,NA,NA,NA,0,descriptive abundance; no clinical expression threshold; isodoping flagged where supplied
VOA14993,CC,VOA14993,NA,NA,3.0,BRIP1,ENSG00000136492,NA,NA,NA,31,NA,7,2.4793713050765893,7.0,NA,NA,NA,NA,NA,NA,NA,0,descriptive abundance; no clinical expression threshold; isodoping flagged where supplied
VOA295,CC,VOA295,p31,NA,2.0,BRIP1,ENSG00000136492,9.070529999999998,3.3320677075518788,5.0,31,2.0,7,2.4793713050765893,7.0,0.8526964024752894,NA,NA,NA,NA,NA,NA,0,descriptive abundance; no clinical expression threshold; isodoping flagged where supplied
VOA4841,CC,VOA4841,p43,NA,3.0,BRIP1,ENSG00000136492,4.576543999999999,2.4793713050765893,10.0,31,4.0,7,2.4793713050765893,7.0,0.0,NA,NA,NA,NA,NA,NA,0,descriptive abundance; no clinical expression threshold; isodoping flagged where supplied
VOA6861,CC,VOA6861,p17,NA,NA,BRIP1,ENSG00000136492,9.640059,3.4114342456109967,4.0,31,1.0,7,2.4793713050765893,7.0,0.9320629405344074,NA,NA,NA,NA,NA,NA,0,descriptive abundance; no clinical expression threshold; isodoping flagged where supplied
TOV112D,EC,TOV112D,p63,P83,4.0,BRIP1,ENSG00000136492,10.724132,3.5514092111759834,3.0,31,1.0,2,2.678305425248306,2.0,0.8731037859276776,NA,NA,NA,NA,NA,NA,0,descriptive abundance; no clinical expression threshold; isodoping flagged where supplied
VOA4395,EC,VOA4395,p39-40,NA,1.0,BRIP1,ENSG00000136492,2.49478,1.8052016393206285,13.0,31,2.0,2,2.678305425248306,2.0,-0.8731037859276773,NA,NA,NA,NA,NA,NA,0,descriptive abundance; no clinical expression threshold; isodoping flagged where supplied
TOV2414,MC,TOV2414,p69,P65,5.0,BRIP1,ENSG00000136492,0.8006062,0.8484826923884856,26.0,31,3.0,3,2.8710136630709284,3.0,-2.0225309706824426,NA,NA,NA,NA,NA,NA,0,descriptive abundance; no clinical expression threshold; isodoping flagged where supplied
VOA8762,MC,VOA8762,p27,NA,4.0,BRIP1,ENSG00000136492,6.9726626,2.995061616098924,6.0,31,1.0,3,2.8710136630709284,3.0,0.12404795302799565,NA,NA,NA,NA,NA,NA,0,descriptive abundance; no clinical expression threshold; isodoping flagged where supplied
VOA8771,MC,VOA8771,p28,NA,5.0,BRIP1,ENSG00000136492,6.31579,2.8710136630709284,7.0,31,2.0,3,2.8710136630709284,3.0,0.0,NA,NA,NA,NA,NA,NA,0,descriptive abundance; no clinical expression threshold; isodoping flagged where supplied
VOA5217,MMMT,VOA5217,p36,NA,4.0,BRIP1,ENSG00000136492,3.5282805,2.1789633273007754,12.0,31,2.0,2,2.189988285340862,2.0,-0.01102495804008674,NA,NA,NA,NA,NA,NA,0,descriptive abundance; no clinical expression threshold; isodoping flagged where supplied
VOA5436,MMMT,VOA5436,p35,NA,5.0,BRIP1,ENSG00000136492,3.5980216,2.201013243380949,11.0,31,1.0,2,2.189988285340862,2.0,0.01102495804008674,NA,NA,NA,NA,NA,NA,0,descriptive abundance; no clinical expression threshold; isodoping flagged where supplied
BIN67,SCCOHT,BIN67,p51,NA,3.0,BRIP1,ENSG00000136492,4.8459348,2.5474337387845383,9.0,31,2.0,2,3.1039272346368443,2.0,-0.556493495852306,NA,NA,NA,NA,NA,NA,0,descriptive abundance; no clinical expression threshold; isodoping flagged where supplied
COV434,SCCOHT,COV434,p46,NA,1.0,BRIP1,ENSG00000136492,11.6443479,3.6604207304891503,2.0,31,1.0,2,3.1039272346368443,2.0,0.556493495852306,NA,NA,NA,NA,NA,NA,0,descriptive abundance; no clinical expression threshold; isodoping flagged where supplied
OV1369-R2,HGS,1369,p69,P66,1.0,ATM,ENSG00000149311,2.801364282,1.9265172842508247,20.0,31,6.0,15,1.5832965657683484,12.0,0.34322071848247626,ATM,Q13315,False,19,11.21912391579562,8.0,31,descriptive abundance; no clinical expression threshold; isodoping flagged where supplied
OV1946,HGS,OV1946,p64,NA,5.0,ATM,ENSG00000149311,8.393098300000002,3.231601107268691,15.0,31,2.0,15,1.5832965657683484,12.0,1.6483045415003428,ATM,Q13315,False,19,10.53217343492069,30.0,31,descriptive abundance; no clinical expression threshold; isodoping flagged where supplied
OV2085,HGS,OV2085,p68,P64,2.0,ATM,ENSG00000149311,0.8874216999999999,0.916416795237815,31.0,31,15.0,15,1.5832965657683484,12.0,-0.6668797705305334,ATM,Q13315,False,19,11.21503841017806,9.0,31,descriptive abundance; no clinical expression threshold; isodoping flagged where supplied
OV2295,HGS,2295,p64,P61,5.0,ATM,ENSG00000149311,1.68308759,1.4238941524724524,27.0,31,11.0,15,1.5832965657683484,12.0,-0.159402413295896,ATM,Q13315,False,19,10.49230334418289,31.0,31,descriptive abundance; no clinical expression threshold; isodoping flagged where supplied
OV2295-R2,HGS,2295,p67,P70,3.0,ATM,ENSG00000149311,1.3880783600000002,1.2558501765225825,29.0,31,13.0,15,1.5832965657683484,12.0,-0.32744638924576597,ATM,Q13315,False,19,10.85496688289286,22.0,31,descriptive abundance; no clinical expression threshold; isodoping flagged where supplied
OV3133-R,HGS,3133,p64,P71,1.0,ATM,ENSG00000149311,1.5935475,1.3749267924454818,28.0,31,12.0,15,1.5832965657683484,12.0,-0.20836977332286666,ATM,Q13315,False,19,10.88264426287128,21.0,31,descriptive abundance; no clinical expression threshold; isodoping flagged where supplied
OV3133-R2,HGS,3133,NA,P58,NA,ATM,ENSG00000149311,NA,NA,NA,31,NA,15,1.5832965657683484,12.0,NA,ATM,Q13315,False,19,NA,NA,31,descriptive abundance; no clinical expression threshold; isodoping flagged where supplied
OV3291,HGS,3291,NA,P46,NA,ATM,ENSG00000149311,NA,NA,NA,31,NA,15,1.5832965657683484,12.0,NA,ATM,Q13315,False,19,NA,NA,31,descriptive abundance; no clinical expression threshold; isodoping flagged where supplied
OV4453,HGS,OV4453,p60,NA,4.0,ATM,ENSG00000149311,4.818964899999999,2.5407625437780723,18.0,31,4.0,15,1.5832965657683484,12.0,0.9574659780097239,ATM,Q13315,False,19,10.85133713210787,23.0,31,descriptive abundance; no clinical expression threshold; isodoping flagged where supplied
OV4485,HGS,OV4485,p60,NA,2.0,ATM,ENSG00000149311,1.9540838,1.562710752348344,24.0,31,8.0,15,1.5832965657683484,12.0,-0.02058581342000454,ATM,Q13315,False,19,10.57001461094316,28.0,31,descriptive abundance; no clinical expression threshold; isodoping flagged where supplied
OV866-2,HGS,OV866-2,p67,NA,1.0,ATM,ENSG00000149311,1.8890057152760005,1.5305730579669754,25.0,31,9.0,15,1.5832965657683484,12.0,-0.052723507801373026,ATM,Q13315,False,19,11.34018035635421,4.0,31,descriptive abundance; no clinical expression threshold; isodoping flagged where supplied
TOV1369,HGS,1369,p65,P65,2.0,ATM,ENSG00000149311,0.96768488,0.976499195035559,30.0,31,14.0,15,1.5832965657683484,12.0,-0.6067973707327894,ATM,Q13315,False,19,10.88311126319402,20.0,31,descriptive abundance; no clinical expression threshold; isodoping flagged where supplied
TOV2295-R,HGS,2295,NA,P57,NA,ATM,ENSG00000149311,NA,NA,NA,31,NA,15,1.5832965657683484,12.0,NA,ATM,Q13315,False,19,NA,NA,31,descriptive abundance; no clinical expression threshold; isodoping flagged where supplied
TOV2835EP,HGS,TOV2835EP,NA,P64,NA,ATM,ENSG00000149311,NA,NA,NA,31,NA,15,1.5832965657683484,12.0,NA,ATM,Q13315,False,19,NA,NA,31,descriptive abundance; no clinical expression threshold; isodoping flagged where supplied
TOV2881EP,HGS,TOV2881EP,NA,P64,NA,ATM,ENSG00000149311,NA,NA,NA,31,NA,15,1.5832965657683484,12.0,NA,ATM,Q13315,False,19,NA,NA,31,descriptive abundance; no clinical expression threshold; isodoping flagged where supplied
TOV2929D,HGS,TOV2929D,NA,P57,NA,ATM,ENSG00000149311,NA,NA,NA,31,NA,15,1.5832965657683484,12.0,NA,ATM,Q13315,False,19,NA,NA,31,descriptive abundance; no clinical expression threshold; isodoping flagged where supplied
TOV3041G,HGS,TOV3041G,p67,NA,3.0,ATM,ENSG00000149311,1.77524836,1.472616885591465,26.0,31,10.0,15,1.5832965657683484,12.0,-0.11067968017688345,ATM,Q13315,False,19,10.97492299981145,18.0,31,descriptive abundance; no clinical expression threshold; isodoping flagged where supplied
TOV3121D,HGS,3121,NA,P68,NA,ATM,ENSG00000149311,NA,NA,NA,31,NA,15,1.5832965657683484,12.0,NA,ATM,Q13315,False,19,NA,NA,31,descriptive abundance; no clinical expression threshold; isodoping flagged where supplied
TOV3121EP,HGS,3121,NA,P68,NA,ATM,ENSG00000149311,NA,NA,NA,31,NA,15,1.5832965657683484,12.0,NA,ATM,Q13315,False,19,NA,NA,31,descriptive abundance; no clinical expression threshold; isodoping flagged where supplied
TOV3133D,HGS,3133,NA,P66,NA,ATM,ENSG00000149311,NA,NA,NA,31,NA,15,1.5832965657683484,12.0,NA,ATM,Q13315,False,19,NA,NA,31,descriptive abundance; no clinical expression threshold; isodoping flagged where supplied
TOV3133G,HGS,3133,p61,P65,4.0,ATM,ENSG00000149311,2.5623714776983695,1.8328379659312244,21.0,31,7.0,15,1.5832965657683484,12.0,0.24954140016287596,ATM,Q13315,False,19,11.05763864522238,14.0,31,descriptive abundance; no clinical expression threshold; isodoping flagged where supplied
TOV3291G,HGS,3291,p62,NA,2.0,ATM,ENSG00000149311,6.536335299999999,2.91386315349715,17.0,31,3.0,15,1.5832965657683484,12.0,1.3305665877288018,ATM,Q13315,False,19,10.82947546244694,24.0,31,descriptive abundance; no clinical expression threshold; isodoping flagged where supplied
OV3331,HGS,OV3331,p71,P54,4.0,ATM,ENSG00000149311,3.67284724,2.224301874845185,19.0,31,5.0,15,1.5832965657683484,12.0,0.6410053090768364,ATM,Q13315,False,19,11.30326690048885,6.0,31,descriptive abundance; no clinical expression threshold; isodoping flagged where supplied
OV90,HGS,OV90,p70,P63,5.0,ATM,ENSG00000149311,13.001388761987002,3.807498026390771,13.0,31,1.0,15,1.5832965657683484,12.0,2.2242014606224227,ATM,Q13315,False,19,10.73829658384535,25.0,31,descriptive abundance; no clinical expression threshold; isodoping flagged where supplied
TOV81D,LGS,TOV81D,NA,P23,NA,ATM,ENSG00000149311,NA,NA,NA,31,NA,0,NA,0.0,NA,ATM,Q13315,False,19,NA,NA,31,descriptive abundance; no clinical expression threshold; isodoping flagged where supplied
TOV21G,CC,TOV21G,p63,P59,5.0,ATM,ENSG00000149311,6.73028074,2.9505208093443156,16.0,31,6.0,7,4.0983741249918735,7.0,-1.1478533156475579,ATM,Q13315,False,19,10.53527613140259,29.0,31,descriptive abundance; no clinical expression threshold; isodoping flagged where supplied
TOV3392D,CC,TOV3392D,p69,P69,1.0,ATM,ENSG00000149311,2.4879299044879795,1.8023710471493226,22.0,31,7.0,7,4.0983741249918735,7.0,-2.296003077842551,ATM,Q13315,False,19,11.05106818497845,16.0,31,descriptive abundance; no clinical expression threshold; isodoping flagged where supplied
VOA10816,CC,VOA10816,p20,NA,1.0,ATM,ENSG00000149311,18.736230890000005,4.302774593521575,7.0,31,2.0,7,4.0983741249918735,7.0,0.20440046852970184,ATM,Q13315,False,19,10.89026903358248,19.0,31,descriptive abundance; no clinical expression threshold; isodoping flagged where supplied
VOA12539,CC,VOA12539,p41,NA,2.0,ATM,ENSG00000149311,18.3235333,4.272287009367676,9.0,31,3.0,7,4.0983741249918735,7.0,0.17391288437580243,ATM,Q13315,False,19,11.06354495484986,13.0,31,descriptive abundance; no clinical expression threshold; isodoping flagged where supplied
VOA14993,CC,VOA14993,NA,NA,3.0,ATM,ENSG00000149311,NA,NA,NA,31,NA,7,4.0983741249918735,7.0,NA,ATM,Q13315,False,19,11.47414240226083,2.0,31,descriptive abundance; no clinical expression threshold; isodoping flagged where supplied
VOA295,CC,VOA295,p31,NA,2.0,ATM,ENSG00000149311,16.12906057,4.0983741249918735,10.0,31,4.0,7,4.0983741249918735,7.0,0.0,ATM,Q13315,False,19,10.72575563194849,26.0,31,descriptive abundance; no clinical expression threshold; isodoping flagged where supplied
VOA4841,CC,VOA4841,p43,NA,3.0,ATM,ENSG00000149311,16.0866546,4.094798053958808,11.0,31,5.0,7,4.0983741249918735,7.0,-0.0035760710330654533,ATM,Q13315,False,19,11.10242215127169,12.0,31,descriptive abundance; no clinical expression threshold; isodoping flagged where supplied
VOA6861,CC,VOA6861,p17,NA,NA,ATM,ENSG00000149311,21.539390200000003,4.494376579016101,5.0,31,1.0,7,4.0983741249918735,7.0,0.3960024540242273,ATM,Q13315,False,19,NA,NA,31,descriptive abundance; no clinical expression threshold; isodoping flagged where supplied
TOV112D,EC,TOV112D,p63,P83,4.0,ATM,ENSG00000149311,38.5739115,5.30647776375522,1.0,31,1.0,2,4.804167140562592,2.0,0.5023106231926278,ATM,Q13315,False,19,11.18595108039755,10.0,31,descriptive abundance; no clinical expression threshold; isodoping flagged where supplied
VOA4395,EC,VOA4395,p39-40,NA,1.0,ATM,ENSG00000149311,18.7236755,4.301856517369965,8.0,31,2.0,2,4.804167140562592,2.0,-0.5023106231926269,ATM,Q13315,False,19,11.25770020257214,7.0,31,descriptive abundance; no clinical expression threshold; isodoping flagged where supplied
TOV2414,MC,TOV2414,p69,P65,5.0,ATM,ENSG00000149311,1.9607181002410004,1.565947133289824,23.0,31,3.0,3,4.307487980490014,3.0,-2.7415408472001896,ATM,Q13315,False,19,10.65414993179902,27.0,31,descriptive abundance; no clinical expression threshold; isodoping flagged where supplied
VOA8762,MC,VOA8762,p27,NA,4.0,ATM,ENSG00000149311,33.761963,5.119437647994862,3.0,31,1.0,3,4.307487980490014,3.0,0.8119496675048481,ATM,Q13315,False,19,10.98714981557189,17.0,31,descriptive abundance; no clinical expression threshold; isodoping flagged where supplied
VOA8771,MC,VOA8771,p28,NA,5.0,ATM,ENSG00000149311,18.800816,4.307487980490014,6.0,31,2.0,3,4.307487980490014,3.0,0.0,ATM,Q13315,False,19,11.43048268180639,3.0,31,descriptive abundance; no clinical expression threshold; isodoping flagged where supplied
VOA5217,MMMT,VOA5217,p36,NA,4.0,ATM,ENSG00000149311,9.1743251,3.3468611933419234,14.0,31,2.0,2,3.651527879846311,2.0,-0.30466668650438766,ATM,Q13315,False,19,11.05360582461608,15.0,31,descriptive abundance; no clinical expression threshold; isodoping flagged where supplied
VOA5436,MMMT,VOA5436,p35,NA,5.0,ATM,ENSG00000149311,14.521483700000005,3.9561945663506988,12.0,31,1.0,2,3.651527879846311,2.0,0.30466668650438766,ATM,Q13315,False,19,11.33708935715698,5.0,31,descriptive abundance; no clinical expression threshold; isodoping flagged where supplied
BIN67,SCCOHT,BIN67,p51,NA,3.0,ATM,ENSG00000149311,35.894212,5.205322597518142,2.0,31,1.0,2,4.999341704157163,2.0,0.20598089336097924,ATM,Q13315,False,19,11.57736660248701,1.0,31,descriptive abundance; no clinical expression threshold; isodoping flagged where supplied
COV434,SCCOHT,COV434,p46,NA,1.0,ATM,ENSG00000149311,26.729713600000004,4.793360810796184,4.0,31,2.0,2,4.999341704157163,2.0,-0.20598089336097924,ATM,Q13315,False,19,11.17347344638185,11.0,31,descriptive abundance; no clinical expression threshold; isodoping flagged where supplied
OV1369-R2,HGS,1369,p69,P66,1.0,ATR,ENSG00000175054,1.7882243999999998,1.4793466758904403,23.0,31,8.0,15,1.4843452643950206,12.0,-0.004998588504580237,ATR,Q13535,False,12,10.28858997231087,18.0,24,descriptive abundance; no clinical expression threshold; isodoping flagged where supplied
OV1946,HGS,OV1946,p64,NA,5.0,ATR,ENSG00000175054,12.171547,3.7193528951634622,5.0,31,2.0,15,1.4843452643950206,12.0,2.2350076307684414,ATR,Q13535,False,12,NA,NA,24,descriptive abundance; no clinical expression threshold; isodoping flagged where supplied
OV2085,HGS,OV2085,p68,P64,2.0,ATR,ENSG00000175054,1.631723,1.396007647296262,24.0,31,9.0,15,1.4843452643950206,12.0,-0.08833761709875865,ATR,Q13535,False,12,10.60016515871578,3.0,24,descriptive abundance; no clinical expression threshold; isodoping flagged where supplied
OV2295,HGS,2295,p64,P61,5.0,ATR,ENSG00000175054,1.5436299999999998,1.3468888294325316,26.0,31,11.0,15,1.4843452643950206,12.0,-0.13745643496248894,ATR,Q13535,False,12,NA,NA,24,descriptive abundance; no clinical expression threshold; isodoping flagged where supplied
OV2295-R2,HGS,2295,p67,P70,3.0,ATR,ENSG00000175054,2.4785280000000003,1.7984769335550268,18.0,31,5.0,15,1.4843452643950206,12.0,0.31413166916000623,ATR,Q13535,False,12,10.08165314133781,24.0,24,descriptive abundance; no clinical expression threshold; isodoping flagged where supplied
OV3133-R,HGS,3133,p64,P71,1.0,ATR,ENSG00000175054,1.9637412,1.567419474034501,22.0,31,7.0,15,1.4843452643950206,12.0,0.08307420963948053,ATR,Q13535,False,12,10.56599581148714,4.0,24,descriptive abundance; no clinical expression threshold; isodoping flagged where supplied
OV3133-R2,HGS,3133,NA,P58,NA,ATR,ENSG00000175054,NA,NA,NA,31,NA,15,1.4843452643950206,12.0,NA,ATR,Q13535,False,12,NA,NA,24,descriptive abundance; no clinical expression threshold; isodoping flagged where supplied
OV3291,HGS,3291,NA,P46,NA,ATR,ENSG00000175054,NA,NA,NA,31,NA,15,1.4843452643950206,12.0,NA,ATR,Q13535,False,12,NA,NA,24,descriptive abundance; no clinical expression threshold; isodoping flagged where supplied
OV4453,HGS,OV4453,p60,NA,4.0,ATR,ENSG00000175054,4.849575660000001,2.548331972487841,16.0,31,3.0,15,1.4843452643950206,12.0,1.0639867080928205,ATR,Q13535,False,12,10.19405206761886,20.0,24,descriptive abundance; no clinical expression threshold; isodoping flagged where supplied
OV4485,HGS,OV4485,p60,NA,2.0,ATR,ENSG00000175054,0.8008628999999998,0.8486883528050212,29.0,31,14.0,15,1.4843452643950206,12.0,-0.6356569115899994,ATR,Q13535,False,12,10.09498608606213,23.0,24,descriptive abundance; no clinical expression threshold; isodoping flagged where supplied
OV866-2,HGS,OV866-2,p67,NA,1.0,ATR,ENSG00000175054,1.2681728,1.1815305557151035,27.0,31,12.0,15,1.4843452643950206,12.0,-0.3028147086799171,ATR,Q13535,False,12,10.52659844454296,7.0,24,descriptive abundance; no clinical expression threshold; isodoping flagged where supplied
TOV1369,HGS,1369,p65,P65,2.0,ATR,ENSG00000175054,1.0182467,1.0131025327759005,28.0,31,13.0,15,1.4843452643950206,12.0,-0.4712427316191201,ATR,Q13535,False,12,10.28610374019863,19.0,24,descriptive abundance; no clinical expression threshold; isodoping flagged where supplied
TOV2295-R,HGS,2295,NA,P57,NA,ATR,ENSG00000175054,NA,NA,NA,31,NA,15,1.4843452643950206,12.0,NA,ATR,Q13535,False,12,NA,NA,24,descriptive abundance; no clinical expression threshold; isodoping flagged where supplied
TOV2835EP,HGS,TOV2835EP,NA,P64,NA,ATR,ENSG00000175054,NA,NA,NA,31,NA,15,1.4843452643950206,12.0,NA,ATR,Q13535,False,12,NA,NA,24,descriptive abundance; no clinical expression threshold; isodoping flagged where supplied
TOV2881EP,HGS,TOV2881EP,NA,P64,NA,ATR,ENSG00000175054,NA,NA,NA,31,NA,15,1.4843452643950206,12.0,NA,ATR,Q13535,False,12,NA,NA,24,descriptive abundance; no clinical expression threshold; isodoping flagged where supplied
TOV2929D,HGS,TOV2929D,NA,P57,NA,ATR,ENSG00000175054,NA,NA,NA,31,NA,15,1.4843452643950206,12.0,NA,ATR,Q13535,False,12,NA,NA,24,descriptive abundance; no clinical expression threshold; isodoping flagged where supplied
TOV3041G,HGS,TOV3041G,p67,NA,3.0,ATR,ENSG00000175054,0.5444504,0.62709353958125,30.0,31,15.0,15,1.4843452643950206,12.0,-0.8572517248137705,ATR,Q13535,False,12,10.55583092891203,5.0,24,descriptive abundance; no clinical expression threshold; isodoping flagged where supplied
TOV3121D,HGS,3121,NA,P68,NA,ATR,ENSG00000175054,NA,NA,NA,31,NA,15,1.4843452643950206,12.0,NA,ATR,Q13535,False,12,NA,NA,24,descriptive abundance; no clinical expression threshold; isodoping flagged where supplied
TOV3121EP,HGS,3121,NA,P68,NA,ATR,ENSG00000175054,NA,NA,NA,31,NA,15,1.4843452643950206,12.0,NA,ATR,Q13535,False,12,NA,NA,24,descriptive abundance; no clinical expression threshold; isodoping flagged where supplied
TOV3133D,HGS,3133,NA,P66,NA,ATR,ENSG00000175054,NA,NA,NA,31,NA,15,1.4843452643950206,12.0,NA,ATR,Q13535,False,12,NA,NA,24,descriptive abundance; no clinical expression threshold; isodoping flagged where supplied
TOV3133G,HGS,3133,p61,P65,4.0,ATR,ENSG00000175054,2.5719231,1.8367010209846437,17.0,31,4.0,15,1.4843452643950206,12.0,0.35235575658962315,ATR,Q13535,False,12,10.46154407251362,12.0,24,descriptive abundance; no clinical expression threshold; isodoping flagged where supplied
TOV3291G,HGS,3291,p62,NA,2.0,ATR,ENSG00000175054,1.572348642,1.363086190876224,25.0,31,10.0,15,1.4843452643950206,12.0,-0.12125907351879661,ATR,Q13535,False,12,10.10220965205268,22.0,24,descriptive abundance; no clinical expression threshold; isodoping flagged where supplied
OV3331,HGS,OV3331,p71,P54,4.0,ATR,ENSG00000175054,2.368014,1.7518981353427276,19.0,31,6.0,15,1.4843452643950206,12.0,0.2675528709477071,ATR,Q13535,False,12,10.84964030688598,1.0,24,descriptive abundance; no clinical expression threshold; isodoping flagged where supplied
OV90,HGS,OV90,p70,P63,5.0,ATR,ENSG00000175054,12.787893,3.7853301028124964,4.0,31,1.0,15,1.4843452643950206,12.0,2.3009848384174756,ATR,Q13535,False,12,NA,NA,24,descriptive abundance; no clinical expression threshold; isodoping flagged where supplied
TOV81D,LGS,TOV81D,NA,P23,NA,ATR,ENSG00000175054,NA,NA,NA,31,NA,0,NA,0.0,NA,ATR,Q13535,False,12,NA,NA,24,descriptive abundance; no clinical expression threshold; isodoping flagged where supplied
TOV21G,CC,TOV21G,p63,P59,5.0,ATR,ENSG00000175054,2.1242502,1.6435099937632898,21.0,31,7.0,7,3.5499867134896776,7.0,-1.9064767197263879,ATR,Q13535,False,12,NA,NA,24,descriptive abundance; no clinical expression threshold; isodoping flagged where supplied
TOV3392D,CC,TOV3392D,p69,P69,1.0,ATR,ENSG00000175054,2.215592,1.6850843664305077,20.0,31,6.0,7,3.5499867134896776,7.0,-1.86490234705917,ATR,Q13535,False,12,10.31575892418309,17.0,24,descriptive abundance; no clinical expression threshold; isodoping flagged where supplied
VOA10816,CC,VOA10816,p20,NA,1.0,ATR,ENSG00000175054,9.1592951,3.3447283994566823,14.0,31,5.0,7,3.5499867134896776,7.0,-0.20525831403299533,ATR,Q13535,False,12,10.54371949553632,6.0,24,descriptive abundance; no clinical expression threshold; isodoping flagged where supplied
VOA12539,CC,VOA12539,p41,NA,2.0,ATR,ENSG00000175054,14.319403,3.937288171150135,2.0,31,2.0,7,3.5499867134896776,7.0,0.3873014576604574,ATR,Q13535,False,12,10.44695319484065,13.0,24,descriptive abundance; no clinical expression threshold; isodoping flagged where supplied
VOA14993,CC,VOA14993,NA,NA,3.0,ATR,ENSG00000175054,NA,NA,NA,31,NA,7,3.5499867134896776,7.0,NA,ATR,Q13535,False,12,10.49499305080788,11.0,24,descriptive abundance; no clinical expression threshold; isodoping flagged where supplied
VOA295,CC,VOA295,p31,NA,2.0,ATR,ENSG00000175054,10.7125777,3.5499867134896776,12.0,31,4.0,7,3.5499867134896776,7.0,0.0,ATR,Q13535,False,12,10.5171022972265,9.0,24,descriptive abundance; no clinical expression threshold; isodoping flagged where supplied
VOA4841,CC,VOA4841,p43,NA,3.0,ATR,ENSG00000175054,12.035890000000002,3.7044171783173447,6.0,31,3.0,7,3.5499867134896776,7.0,0.1544304648276671,ATR,Q13535,False,12,10.60986979635561,2.0,24,descriptive abundance; no clinical expression threshold; isodoping flagged where supplied
VOA6861,CC,VOA6861,p17,NA,NA,ATR,ENSG00000175054,19.571188,4.36255320776905,1.0,31,1.0,7,3.5499867134896776,7.0,0.8125664942793724,ATR,Q13535,False,12,NA,NA,24,descriptive abundance; no clinical expression threshold; isodoping flagged where supplied
TOV112D,EC,TOV112D,p63,P83,4.0,ATR,ENSG00000175054,10.144530999999995,3.4782639992184228,13.0,31,2.0,2,3.582856263865005,2.0,-0.10459226464658222,ATR,Q13535,False,12,10.36627381304361,14.0,24,descriptive abundance; no clinical expression threshold; isodoping flagged where supplied
VOA4395,EC,VOA4395,p39-40,NA,1.0,ATR,ENSG00000175054,11.883463,3.687448528511587,8.0,31,1.0,2,3.582856263865005,2.0,0.10459226464658222,ATR,Q13535,False,12,10.50481051352393,10.0,24,descriptive abundance; no clinical expression threshold; isodoping flagged where supplied
TOV2414,MC,TOV2414,p69,P65,5.0,ATR,ENSG00000175054,0.5334620999999999,0.6167925103820842,31.0,31,3.0,3,2.7766388233961137,3.0,-2.1598463130140297,ATR,Q13535,False,12,NA,NA,24,descriptive abundance; no clinical expression threshold; isodoping flagged where supplied
VOA8762,MC,VOA8762,p27,NA,4.0,ATR,ENSG00000175054,11.430392599999998,3.6357999579011206,10.0,31,1.0,3,2.7766388233961137,3.0,0.859161134505007,ATR,Q13535,False,12,10.12219280810923,21.0,24,descriptive abundance; no clinical expression threshold; isodoping flagged where supplied
VOA8771,MC,VOA8771,p28,NA,5.0,ATR,ENSG00000175054,5.8525399,2.7766388233961137,15.0,31,2.0,3,2.7766388233961137,3.0,0.0,ATR,Q13535,False,12,NA,NA,24,descriptive abundance; no clinical expression threshold; isodoping flagged where supplied
VOA5217,MMMT,VOA5217,p36,NA,4.0,ATR,ENSG00000175054,11.529888799999998,3.647301706003606,9.0,31,2.0,2,3.74924402454346,2.0,-0.10194231853985425,ATR,Q13535,False,12,10.51748473047534,8.0,24,descriptive abundance; no clinical expression threshold; isodoping flagged where supplied
VOA5436,MMMT,VOA5436,p35,NA,5.0,ATR,ENSG00000175054,13.43187,3.8511863430833144,3.0,31,1.0,2,3.74924402454346,2.0,0.10194231853985425,ATR,Q13535,False,12,NA,NA,24,descriptive abundance; no clinical expression threshold; isodoping flagged where supplied
BIN67,SCCOHT,BIN67,p51,NA,3.0,ATR,ENSG00000175054,11.93849309329,3.693597695723761,7.0,31,1.0,2,3.630235278191084,2.0,0.06336241753267702,ATR,Q13535,False,12,10.3310183602131,15.0,24,descriptive abundance; no clinical expression threshold; isodoping flagged where supplied
COV434,SCCOHT,COV434,p46,NA,1.0,ATR,ENSG00000175054,10.850473999999997,3.566872860658407,11.0,31,2.0,2,3.630235278191084,2.0,-0.06336241753267702,ATR,Q13535,False,12,10.32098970203124,16.0,24,descriptive abundance; no clinical expression threshold; isodoping flagged where supplied
OV1369-R2,HGS,1369,p69,P66,1.0,CHEK2,ENSG00000183765,14.662233,3.969218010477006,18.0,31,6.0,15,3.903489789288817,12.0,0.0657282211881891,CHEK2,O96017,False,10,10.33669605201003,21.0,31,descriptive abundance; no clinical expression threshold; isodoping flagged where supplied
OV1946,HGS,OV1946,p64,NA,5.0,CHEK2,ENSG00000183765,13.9999430748,3.9068851205512134,19.0,31,7.0,15,3.903489789288817,12.0,0.0033953312623964393,CHEK2,O96017,False,10,10.60612362933134,10.0,31,descriptive abundance; no clinical expression threshold; isodoping flagged where supplied
OV2085,HGS,OV2085,p68,P64,2.0,CHEK2,ENSG00000183765,6.593699,2.9248028143621054,28.0,31,14.0,15,3.903489789288817,12.0,-0.9786869749267115,CHEK2,O96017,False,10,10.57356699752299,12.0,31,descriptive abundance; no clinical expression threshold; isodoping flagged where supplied
OV2295,HGS,2295,p64,P61,5.0,CHEK2,ENSG00000183765,13.953349100000002,3.902396735754891,20.0,31,8.0,15,3.903489789288817,12.0,-0.0010930535339257474,CHEK2,O96017,False,10,10.24809908927969,26.0,31,descriptive abundance; no clinical expression threshold; isodoping flagged where supplied
OV2295-R2,HGS,2295,p67,P70,3.0,CHEK2,ENSG00000183765,15.4825473,4.042867316357998,17.0,31,5.0,15,3.903489789288817,12.0,0.13937752706918083,CHEK2,O96017,False,10,10.54629300448406,14.0,31,descriptive abundance; no clinical expression threshold; isodoping flagged where supplied
OV3133-R,HGS,3133,p64,P71,1.0,CHEK2,ENSG00000183765,8.50739646150029,3.2490503225444347,25.0,31,12.0,15,3.903489789288817,12.0,-0.6544394667443822,CHEK2,O96017,False,10,10.10088987477586,30.0,31,descriptive abundance; no clinical expression threshold; isodoping flagged where supplied
OV3133-R2,HGS,3133,NA,P58,NA,CHEK2,ENSG00000183765,NA,NA,NA,31,NA,15,3.903489789288817,12.0,NA,CHEK2,O96017,False,10,NA,NA,31,descriptive abundance; no clinical expression threshold; isodoping flagged where supplied
OV3291,HGS,3291,NA,P46,NA,CHEK2,ENSG00000183765,NA,NA,NA,31,NA,15,3.903489789288817,12.0,NA,CHEK2,O96017,False,10,NA,NA,31,descriptive abundance; no clinical expression threshold; isodoping flagged where supplied
OV4453,HGS,OV4453,p60,NA,4.0,CHEK2,ENSG00000183765,17.8262000836373,4.234669927886986,15.0,31,4.0,15,3.903489789288817,12.0,0.3311801385981692,CHEK2,O96017,False,10,10.24138888017096,27.0,31,descriptive abundance; no clinical expression threshold; isodoping flagged where supplied
OV4485,HGS,OV4485,p60,NA,2.0,CHEK2,ENSG00000183765,6.6090026943,2.9277073732721575,27.0,31,13.0,15,3.903489789288817,12.0,-0.9757824160166595,CHEK2,O96017,False,10,10.31840198699748,22.0,31,descriptive abundance; no clinical expression threshold; isodoping flagged where supplied
OV866-2,HGS,OV866-2,p67,NA,1.0,CHEK2,ENSG00000183765,20.833568600000007,4.448476046597573,8.0,31,3.0,15,3.903489789288817,12.0,0.5449862573087563,CHEK2,O96017,False,10,10.69705413103545,9.0,31,descriptive abundance; no clinical expression threshold; isodoping flagged where supplied
TOV1369,HGS,1369,p65,P65,2.0,CHEK2,ENSG00000183765,13.231056900000002,3.8309709055758354,22.0,31,10.0,15,3.903489789288817,12.0,-0.07251888371298154,CHEK2,O96017,False,10,10.47250181505417,15.0,31,descriptive abundance; no clinical expression threshold; isodoping flagged where supplied
TOV2295-R,HGS,2295,NA,P57,NA,CHEK2,ENSG00000183765,NA,NA,NA,31,NA,15,3.903489789288817,12.0,NA,CHEK2,O96017,False,10,NA,NA,31,descriptive abundance; no clinical expression threshold; isodoping flagged where supplied
TOV2835EP,HGS,TOV2835EP,NA,P64,NA,CHEK2,ENSG00000183765,NA,NA,NA,31,NA,15,3.903489789288817,12.0,NA,CHEK2,O96017,False,10,NA,NA,31,descriptive abundance; no clinical expression threshold; isodoping flagged where supplied
TOV2881EP,HGS,TOV2881EP,NA,P64,NA,CHEK2,ENSG00000183765,NA,NA,NA,31,NA,15,3.903489789288817,12.0,NA,CHEK2,O96017,False,10,NA,NA,31,descriptive abundance; no clinical expression threshold; isodoping flagged where supplied
TOV2929D,HGS,TOV2929D,NA,P57,NA,CHEK2,ENSG00000183765,NA,NA,NA,31,NA,15,3.903489789288817,12.0,NA,CHEK2,O96017,False,10,NA,NA,31,descriptive abundance; no clinical expression threshold; isodoping flagged where supplied
TOV3041G,HGS,TOV3041G,p67,NA,3.0,CHEK2,ENSG00000183765,13.440540110383097,3.8520527983312003,21.0,31,9.0,15,3.903489789288817,12.0,-0.05143699095761667,CHEK2,O96017,False,10,10.29685874654333,23.0,31,descriptive abundance; no clinical expression threshold; isodoping flagged where supplied
TOV3121D,HGS,3121,NA,P68,NA,CHEK2,ENSG00000183765,NA,NA,NA,31,NA,15,3.903489789288817,12.0,NA,CHEK2,O96017,False,10,NA,NA,31,descriptive abundance; no clinical expression threshold; isodoping flagged where supplied
TOV3121EP,HGS,3121,NA,P68,NA,CHEK2,ENSG00000183765,NA,NA,NA,31,NA,15,3.903489789288817,12.0,NA,CHEK2,O96017,False,10,NA,NA,31,descriptive abundance; no clinical expression threshold; isodoping flagged where supplied
TOV3133D,HGS,3133,NA,P66,NA,CHEK2,ENSG00000183765,NA,NA,NA,31,NA,15,3.903489789288817,12.0,NA,CHEK2,O96017,False,10,NA,NA,31,descriptive abundance; no clinical expression threshold; isodoping flagged where supplied
TOV3133G,HGS,3133,p61,P65,4.0,CHEK2,ENSG00000183765,13.1590700383,3.8236546078230056,23.0,31,11.0,15,3.903489789288817,12.0,-0.07983518146581137,CHEK2,O96017,False,10,10.26001995094881,25.0,31,descriptive abundance; no clinical expression threshold; isodoping flagged where supplied
TOV3291G,HGS,3291,p62,NA,2.0,CHEK2,ENSG00000183765,45.885072192999985,5.551056748944661,1.0,31,1.0,15,3.903489789288817,12.0,1.647566959655844,CHEK2,O96017,False,10,10.85973284942119,3.0,31,descriptive abundance; no clinical expression threshold; isodoping flagged where supplied
OV3331,HGS,OV3331,p71,P54,4.0,CHEK2,ENSG00000183765,21.869234127099997,4.51533614670883,6.0,31,2.0,15,3.903489789288817,12.0,0.6118463574200135,CHEK2,O96017,False,10,10.56941317617742,13.0,31,descriptive abundance; no clinical expression threshold; isodoping flagged where supplied
OV90,HGS,OV90,p70,P63,5.0,CHEK2,ENSG00000183765,2.987057551649,1.9953244302360098,30.0,31,15.0,15,3.903489789288817,12.0,-1.9081653590528072,CHEK2,O96017,False,10,10.26191995706942,24.0,31,descriptive abundance; no clinical expression threshold; isodoping flagged where supplied
TOV81D,LGS,TOV81D,NA,P23,NA,CHEK2,ENSG00000183765,NA,NA,NA,31,NA,0,NA,0.0,NA,CHEK2,O96017,False,10,NA,NA,31,descriptive abundance; no clinical expression threshold; isodoping flagged where supplied
TOV21G,CC,TOV21G,p63,P59,5.0,CHEK2,ENSG00000183765,21.136621399999996,4.468363142597828,7.0,31,2.0,7,4.361250762888128,7.0,0.1071123797097,CHEK2,O96017,False,10,10.70341805179933,8.0,31,descriptive abundance; no clinical expression threshold; isodoping flagged where supplied
TOV3392D,CC,TOV3392D,p69,P69,1.0,CHEK2,ENSG00000183765,1.7446754000000002,1.4566355384833183,31.0,31,7.0,7,4.361250762888128,7.0,-2.9046152244048096,CHEK2,O96017,False,10,9.699967849369887,31.0,31,descriptive abundance; no clinical expression threshold; isodoping flagged where supplied
VOA10816,CC,VOA10816,p20,NA,1.0,CHEK2,ENSG00000183765,19.552625,4.361250762888128,11.0,31,4.0,7,4.361250762888128,7.0,0.0,CHEK2,O96017,False,10,10.5774317165032,11.0,31,descriptive abundance; no clinical expression threshold; isodoping flagged where supplied
VOA12539,CC,VOA12539,p41,NA,2.0,CHEK2,ENSG00000183765,30.12127899999999,4.959829447275744,3.0,31,1.0,7,4.361250762888128,7.0,0.5985786843876157,CHEK2,O96017,False,10,10.76449252230687,7.0,31,descriptive abundance; no clinical expression threshold; isodoping flagged where supplied
VOA14993,CC,VOA14993,NA,NA,3.0,CHEK2,ENSG00000183765,NA,NA,NA,31,NA,7,4.361250762888128,7.0,NA,CHEK2,O96017,False,10,10.41880022786725,17.0,31,descriptive abundance; no clinical expression threshold; isodoping flagged where supplied
VOA295,CC,VOA295,p31,NA,2.0,CHEK2,ENSG00000183765,19.7691102,4.376367503773551,10.0,31,3.0,7,4.361250762888128,7.0,0.015116740885423141,CHEK2,O96017,False,10,10.46575173777223,16.0,31,descriptive abundance; no clinical expression threshold; isodoping flagged where supplied
VOA4841,CC,VOA4841,p43,NA,3.0,CHEK2,ENSG00000183765,7.9050645,3.154626060905012,26.0,31,6.0,7,4.361250762888128,7.0,-1.2066247019831158,CHEK2,O96017,False,10,10.14784829090345,29.0,31,descriptive abundance; no clinical expression threshold; isodoping flagged where supplied
VOA6861,CC,VOA6861,p17,NA,NA,CHEK2,ENSG00000183765,19.138017371000004,4.331849748945853,12.0,31,5.0,7,4.361250762888128,7.0,-0.0294010139422749,CHEK2,O96017,False,10,NA,NA,31,descriptive abundance; no clinical expression threshold; isodoping flagged where supplied
TOV112D,EC,TOV112D,p63,P83,4.0,CHEK2,ENSG00000183765,24.350353,4.663933931575688,4.0,31,1.0,2,4.194110869015857,2.0,0.469823062559831,CHEK2,O96017,False,10,10.85628219141445,4.0,31,descriptive abundance; no clinical expression threshold; isodoping flagged where supplied
VOA4395,EC,VOA4395,p39-40,NA,1.0,CHEK2,ENSG00000183765,12.216679000809789,3.724287806456026,24.0,31,2.0,2,4.194110869015857,2.0,-0.469823062559831,CHEK2,O96017,False,10,10.79287229978097,6.0,31,descriptive abundance; no clinical expression threshold; isodoping flagged where supplied
TOV2414,MC,TOV2414,p69,P65,5.0,CHEK2,ENSG00000183765,4.113429877535,2.354291316092989,29.0,31,3.0,3,4.310620560831972,3.0,-1.956329244738983,CHEK2,O96017,False,10,10.33881122228346,20.0,31,descriptive abundance; no clinical expression threshold; isodoping flagged where supplied
VOA8762,MC,VOA8762,p27,NA,4.0,CHEK2,ENSG00000183765,22.463742599999996,4.55236124464838,5.0,31,1.0,3,4.310620560831972,3.0,0.241740683816408,CHEK2,O96017,False,10,10.3479807477912,19.0,31,descriptive abundance; no clinical expression threshold; isodoping flagged where supplied
VOA8771,MC,VOA8771,p28,NA,5.0,CHEK2,ENSG00000183765,18.843857,4.310620560831972,13.0,31,2.0,3,4.310620560831972,3.0,0.0,CHEK2,O96017,False,10,10.19105074160136,28.0,31,descriptive abundance; no clinical expression threshold; isodoping flagged where supplied
VOA5217,MMMT,VOA5217,p36,NA,4.0,CHEK2,ENSG00000183765,17.769827000791892,4.230343447973048,16.0,31,2.0,2,4.2550887222242135,2.0,-0.024745274251165128,CHEK2,O96017,False,10,10.96265849349145,2.0,31,descriptive abundance; no clinical expression threshold; isodoping flagged where supplied
VOA5436,MMMT,VOA5436,p35,NA,5.0,CHEK2,ENSG00000183765,18.424882899999997,4.2798339964753795,14.0,31,1.0,2,4.2550887222242135,2.0,0.024745274251166016,CHEK2,O96017,False,10,11.26395725154586,1.0,31,descriptive abundance; no clinical expression threshold; isodoping flagged where supplied
BIN67,SCCOHT,BIN67,p51,NA,3.0,CHEK2,ENSG00000183765,20.119259900000003,4.400487372892991,9.0,31,2.0,2,4.805096691495035,2.0,-0.4046093186020441,CHEK2,O96017,False,10,10.3959823398544,18.0,31,descriptive abundance; no clinical expression threshold; isodoping flagged where supplied
COV434,SCCOHT,COV434,p46,NA,1.0,CHEK2,ENSG00000183765,36.00648,5.209706010097079,2.0,31,1.0,2,4.805096691495035,2.0,0.4046093186020441,CHEK2,O96017,False,10,10.82542001718046,5.0,31,descriptive abundance; no clinical expression threshold; isodoping flagged where supplied
OV1369-R2,HGS,1369,p69,P66,1.0,CDK12,ENSG00000167258,22.2592516,4.539732771649522,11.0,31,3.0,15,3.5541813396764486,12.0,0.9855514319730734,CDK12,Q9NYV4,False,25,13.04294145903182,3.0,31,descriptive abundance; no clinical expression threshold; isodoping flagged where supplied
OV1946,HGS,OV1946,p64,NA,5.0,CDK12,ENSG00000167258,41.887181,5.422474584771321,2.0,31,1.0,15,3.5541813396764486,12.0,1.8682932450948728,CDK12,Q9NYV4,False,25,12.78240401128612,11.0,31,descriptive abundance; no clinical expression threshold; isodoping flagged where supplied
OV2085,HGS,OV2085,p68,P64,2.0,CDK12,ENSG00000167258,7.122452000000001,3.021915312907904,24.0,31,9.0,15,3.5541813396764486,12.0,-0.5322660267685446,CDK12,Q9NYV4,False,25,13.11926619619065,1.0,31,descriptive abundance; no clinical expression threshold; isodoping flagged where supplied
OV2295,HGS,2295,p64,P61,5.0,CDK12,ENSG00000167258,6.0038497999999985,2.808148145005244,25.0,31,10.0,15,3.5541813396764486,12.0,-0.7460331946712047,CDK12,Q9NYV4,False,25,12.51097064446488,26.0,31,descriptive abundance; no clinical expression threshold; isodoping flagged where supplied
OV2295-R2,HGS,2295,p67,P70,3.0,CDK12,ENSG00000167258,3.8608457,2.281207338739138,28.0,31,13.0,15,3.5541813396764486,12.0,-1.2729740009373107,CDK12,Q9NYV4,False,25,12.49644328686176,27.0,31,descriptive abundance; no clinical expression threshold; isodoping flagged where supplied
OV3133-R,HGS,3133,p64,P71,1.0,CDK12,ENSG00000167258,1.262481,1.1779056766949043,31.0,31,15.0,15,3.5541813396764486,12.0,-2.376275662981544,CDK12,Q9NYV4,False,25,12.31216654818036,30.0,31,descriptive abundance; no clinical expression threshold; isodoping flagged where supplied
OV3133-R2,HGS,3133,NA,P58,NA,CDK12,ENSG00000167258,NA,NA,NA,31,NA,15,3.5541813396764486,12.0,NA,CDK12,Q9NYV4,False,25,NA,NA,31,descriptive abundance; no clinical expression threshold; isodoping flagged where supplied
OV3291,HGS,3291,NA,P46,NA,CDK12,ENSG00000167258,NA,NA,NA,31,NA,15,3.5541813396764486,12.0,NA,CDK12,Q9NYV4,False,25,NA,NA,31,descriptive abundance; no clinical expression threshold; isodoping flagged where supplied
OV4453,HGS,OV4453,p60,NA,4.0,CDK12,ENSG00000167258,19.774396,4.376734627215254,13.0,31,4.0,15,3.5541813396764486,12.0,0.8225532875388053,CDK12,Q9NYV4,False,25,12.56075740076324,25.0,31,descriptive abundance; no clinical expression threshold; isodoping flagged where supplied
OV4485,HGS,OV4485,p60,NA,2.0,CDK12,ENSG00000167258,10.284604299999998,3.4962839255184357,22.0,31,7.0,15,3.5541813396764486,12.0,-0.05789741415801286,CDK12,Q9NYV4,False,25,12.49338555297189,28.0,31,descriptive abundance; no clinical expression threshold; isodoping flagged where supplied
OV866-2,HGS,OV866-2,p67,NA,1.0,CDK12,ENSG00000167258,13.6830439,3.876079175072383,20.0,31,6.0,15,3.5541813396764486,12.0,0.32189783539593453,CDK12,Q9NYV4,False,25,12.60022095112555,23.0,31,descriptive abundance; no clinical expression threshold; isodoping flagged where supplied
TOV1369,HGS,1369,p65,P65,2.0,CDK12,ENSG00000167258,5.428244200000001,2.6844247360193996,26.0,31,11.0,15,3.5541813396764486,12.0,-0.869756603657049,CDK12,Q9NYV4,False,25,12.74193704663661,12.0,31,descriptive abundance; no clinical expression threshold; isodoping flagged where supplied
TOV2295-R,HGS,2295,NA,P57,NA,CDK12,ENSG00000167258,NA,NA,NA,31,NA,15,3.5541813396764486,12.0,NA,CDK12,Q9NYV4,False,25,NA,NA,31,descriptive abundance; no clinical expression threshold; isodoping flagged where supplied
TOV2835EP,HGS,TOV2835EP,NA,P64,NA,CDK12,ENSG00000167258,NA,NA,NA,31,NA,15,3.5541813396764486,12.0,NA,CDK12,Q9NYV4,False,25,NA,NA,31,descriptive abundance; no clinical expression threshold; isodoping flagged where supplied
TOV2881EP,HGS,TOV2881EP,NA,P64,NA,CDK12,ENSG00000167258,NA,NA,NA,31,NA,15,3.5541813396764486,12.0,NA,CDK12,Q9NYV4,False,25,NA,NA,31,descriptive abundance; no clinical expression threshold; isodoping flagged where supplied
TOV2929D,HGS,TOV2929D,NA,P57,NA,CDK12,ENSG00000167258,NA,NA,NA,31,NA,15,3.5541813396764486,12.0,NA,CDK12,Q9NYV4,False,25,NA,NA,31,descriptive abundance; no clinical expression threshold; isodoping flagged where supplied
TOV3041G,HGS,TOV3041G,p67,NA,3.0,CDK12,ENSG00000167258,8.660455100000002,3.272091155422072,23.0,31,8.0,15,3.5541813396764486,12.0,-0.2820901842543764,CDK12,Q9NYV4,False,25,12.61442909006921,21.0,31,descriptive abundance; no clinical expression threshold; isodoping flagged where supplied
TOV3121D,HGS,3121,NA,P68,NA,CDK12,ENSG00000167258,NA,NA,NA,31,NA,15,3.5541813396764486,12.0,NA,CDK12,Q9NYV4,False,25,NA,NA,31,descriptive abundance; no clinical expression threshold; isodoping flagged where supplied
TOV3121EP,HGS,3121,NA,P68,NA,CDK12,ENSG00000167258,NA,NA,NA,31,NA,15,3.5541813396764486,12.0,NA,CDK12,Q9NYV4,False,25,NA,NA,31,descriptive abundance; no clinical expression threshold; isodoping flagged where supplied
TOV3133D,HGS,3133,NA,P66,NA,CDK12,ENSG00000167258,NA,NA,NA,31,NA,15,3.5541813396764486,12.0,NA,CDK12,Q9NYV4,False,25,NA,NA,31,descriptive abundance; no clinical expression threshold; isodoping flagged where supplied
TOV3133G,HGS,3133,p61,P65,4.0,CDK12,ENSG00000167258,4.210691200000001,2.381474759196775,27.0,31,12.0,15,3.5541813396764486,12.0,-1.1727065804796735,CDK12,Q9NYV4,False,25,12.79488833691632,10.0,31,descriptive abundance; no clinical expression threshold; isodoping flagged where supplied
TOV3291G,HGS,3291,p62,NA,2.0,CDK12,ENSG00000167258,2.7352567000000003,1.9012073935074647,30.0,31,14.0,15,3.5541813396764486,12.0,-1.6529739461689839,CDK12,Q9NYV4,False,25,12.11622749754361,31.0,31,descriptive abundance; no clinical expression threshold; isodoping flagged where supplied
OV3331,HGS,OV3331,p71,P54,4.0,CDK12,ENSG00000167258,17.253529,4.190103505653364,15.0,31,5.0,15,3.5541813396764486,12.0,0.6359221659769156,CDK12,Q9NYV4,False,25,12.92365241684767,4.0,31,descriptive abundance; no clinical expression threshold; isodoping flagged where supplied
OV90,HGS,OV90,p70,P63,5.0,CDK12,ENSG00000167258,25.627535,4.734846974510716,7.0,31,2.0,15,3.5541813396764486,12.0,1.1806656348342672,CDK12,Q9NYV4,False,25,12.80033551813062,9.0,31,descriptive abundance; no clinical expression threshold; isodoping flagged where supplied
TOV81D,LGS,TOV81D,NA,P23,NA,CDK12,ENSG00000167258,NA,NA,NA,31,NA,0,NA,0.0,NA,CDK12,Q9NYV4,False,25,NA,NA,31,descriptive abundance; no clinical expression threshold; isodoping flagged where supplied
TOV21G,CC,TOV21G,p63,P59,5.0,CDK12,ENSG00000167258,3.7941328,2.2612698729519676,29.0,31,7.0,7,4.326461292579391,7.0,-2.0651914196274235,CDK12,Q9NYV4,False,25,12.34705335025975,29.0,31,descriptive abundance; no clinical expression threshold; isodoping flagged where supplied
TOV3392D,CC,TOV3392D,p69,P69,1.0,CDK12,ENSG00000167258,16.773689,4.151671244439428,17.0,31,5.0,7,4.326461292579391,7.0,-0.1747900481399629,CDK12,Q9NYV4,False,25,12.7176309932191,14.0,31,descriptive abundance; no clinical expression threshold; isodoping flagged where supplied
VOA10816,CC,VOA10816,p20,NA,1.0,CDK12,ENSG00000167258,48.791844000000005,5.637837540305248,1.0,31,1.0,7,4.326461292579391,7.0,1.3113762477258568,CDK12,Q9NYV4,False,25,12.69490567292575,15.0,31,descriptive abundance; no clinical expression threshold; isodoping flagged where supplied
VOA12539,CC,VOA12539,p41,NA,2.0,CDK12,ENSG00000167258,19.0629423,4.326461292579391,14.0,31,4.0,7,4.326461292579391,7.0,0.0,CDK12,Q9NYV4,False,25,12.63584000868512,19.0,31,descriptive abundance; no clinical expression threshold; isodoping flagged where supplied
VOA14993,CC,VOA14993,NA,NA,3.0,CDK12,ENSG00000167258,NA,NA,NA,31,NA,7,4.326461292579391,7.0,NA,CDK12,Q9NYV4,False,25,12.66188262582561,16.0,31,descriptive abundance; no clinical expression threshold; isodoping flagged where supplied
VOA295,CC,VOA295,p31,NA,2.0,CDK12,ENSG00000167258,13.8736256,3.8946844569769374,19.0,31,6.0,7,4.326461292579391,7.0,-0.4317768356024536,CDK12,Q9NYV4,False,25,12.58013375782901,24.0,31,descriptive abundance; no clinical expression threshold; isodoping flagged where supplied
VOA4841,CC,VOA4841,p43,NA,3.0,CDK12,ENSG00000167258,31.345106999999995,5.0154755801888955,5.0,31,2.0,7,4.326461292579391,7.0,0.6890142876095044,CDK12,Q9NYV4,False,25,12.62593150162749,20.0,31,descriptive abundance; no clinical expression threshold; isodoping flagged where supplied
VOA6861,CC,VOA6861,p17,NA,NA,CDK12,ENSG00000167258,22.310775999999994,4.542925126497741,10.0,31,3.0,7,4.326461292579391,7.0,0.21646383391834956,CDK12,Q9NYV4,False,25,NA,NA,31,descriptive abundance; no clinical expression threshold; isodoping flagged where supplied
TOV112D,EC,TOV112D,p63,P83,4.0,CDK12,ENSG00000167258,37.200796999999994,5.255530833042439,3.0,31,1.0,2,4.899490622437236,2.0,0.35604021060520274,CDK12,Q9NYV4,False,25,13.06911275647592,2.0,31,descriptive abundance; no clinical expression threshold; isodoping flagged where supplied
VOA4395,EC,VOA4395,p39-40,NA,1.0,CDK12,ENSG00000167258,22.319265,4.543450411832034,9.0,31,2.0,2,4.899490622437236,2.0,-0.35604021060520186,CDK12,Q9NYV4,False,25,12.84406638768668,6.0,31,descriptive abundance; no clinical expression threshold; isodoping flagged where supplied
TOV2414,MC,TOV2414,p69,P65,5.0,CDK12,ENSG00000167258,13.9423056,3.901330868252163,18.0,31,3.0,3,4.701671104224549,3.0,-0.8003402359723863,CDK12,Q9NYV4,False,25,12.60581595774952,22.0,31,descriptive abundance; no clinical expression threshold; isodoping flagged where supplied
VOA8762,MC,VOA8762,p27,NA,4.0,CDK12,ENSG00000167258,25.0222013,4.701671104224549,8.0,31,2.0,3,4.701671104224549,3.0,0.0,CDK12,Q9NYV4,False,25,12.81773364376756,8.0,31,descriptive abundance; no clinical expression threshold; isodoping flagged where supplied
VOA8771,MC,VOA8771,p28,NA,5.0,CDK12,ENSG00000167258,26.695858999999995,4.791598379942904,6.0,31,1.0,3,4.701671104224549,3.0,0.08992727571835513,CDK12,Q9NYV4,False,25,12.7390504348318,13.0,31,descriptive abundance; no clinical expression threshold; isodoping flagged where supplied
VOA5217,MMMT,VOA5217,p36,NA,4.0,CDK12,ENSG00000167258,12.142562,3.7161746357230823,21.0,31,2.0,2,3.9450133367605718,2.0,-0.2288387010374895,CDK12,Q9NYV4,False,25,12.6572200241865,17.0,31,descriptive abundance; no clinical expression threshold; isodoping flagged where supplied
VOA5436,MMMT,VOA5436,p35,NA,5.0,CDK12,ENSG00000167258,17.049063,4.173852037798061,16.0,31,1.0,2,3.9450133367605718,2.0,0.22883870103748905,CDK12,Q9NYV4,False,25,12.64835826361423,18.0,31,descriptive abundance; no clinical expression threshold; isodoping flagged where supplied
BIN67,SCCOHT,BIN67,p51,NA,3.0,CDK12,ENSG00000167258,19.90963,4.386095628269282,12.0,31,2.0,2,4.739337534474398,2.0,-0.353241906205116,CDK12,Q9NYV4,False,25,12.82944590544797,7.0,31,descriptive abundance; no clinical expression threshold; isodoping flagged where supplied
COV434,SCCOHT,COV434,p46,NA,1.0,CDK12,ENSG00000167258,33.120797,5.092579440679513,4.0,31,1.0,2,4.739337534474398,2.0,0.3532419062051151,CDK12,Q9NYV4,False,25,12.84902261217765,5.0,31,descriptive abundance; no clinical expression threshold; isodoping flagged where supplied
OV1369-R2,HGS,1369,p69,P66,1.0,MLH1,ENSG00000076242,20.474556899999996,4.424556458392302,19.0,31,7.0,15,4.402716822930791,12.0,0.02183963546151091,MLH1,P40692,False,22,12.75025173801913,10.0,31,descriptive abundance; no clinical expression threshold; isodoping flagged where supplied
OV1946,HGS,OV1946,p64,NA,5.0,MLH1,ENSG00000076242,12.125413020484,3.7142909160073705,27.0,31,13.0,15,4.402716822930791,12.0,-0.6884259069234204,MLH1,P40692,False,22,12.65598946388057,17.0,31,descriptive abundance; no clinical expression threshold; isodoping flagged where supplied
OV2085,HGS,OV2085,p68,P64,2.0,MLH1,ENSG00000076242,15.551862200000004,4.0489216343107675,24.0,31,11.0,15,4.402716822930791,12.0,-0.35379518862002346,MLH1,P40692,False,22,12.99647230480487,3.0,31,descriptive abundance; no clinical expression threshold; isodoping flagged where supplied
OV2295,HGS,2295,p64,P61,5.0,MLH1,ENSG00000076242,17.965605000000004,4.245313489012421,23.0,31,10.0,15,4.402716822930791,12.0,-0.1574033339183698,MLH1,P40692,False,22,12.35938323926735,28.0,31,descriptive abundance; no clinical expression threshold; isodoping flagged where supplied
OV2295-R2,HGS,2295,p67,P70,3.0,MLH1,ENSG00000076242,10.84223700721352,3.5658697277438116,29.0,31,14.0,15,4.402716822930791,12.0,-0.8368470951869793,MLH1,P40692,False,22,12.74320067167169,12.0,31,descriptive abundance; no clinical expression threshold; isodoping flagged where supplied
OV3133-R,HGS,3133,p64,P71,1.0,MLH1,ENSG00000076242,20.0774100577024,4.397625697798662,20.0,31,8.0,15,4.402716822930791,12.0,-0.0050911251321288375,MLH1,P40692,False,22,12.47846159920714,25.0,31,descriptive abundance; no clinical expression threshold; isodoping flagged where supplied
OV3133-R2,HGS,3133,NA,P58,NA,MLH1,ENSG00000076242,NA,NA,NA,31,NA,15,4.402716822930791,12.0,NA,MLH1,P40692,False,22,NA,NA,31,descriptive abundance; no clinical expression threshold; isodoping flagged where supplied
OV3291,HGS,3291,NA,P46,NA,MLH1,ENSG00000076242,NA,NA,NA,31,NA,15,4.402716822930791,12.0,NA,MLH1,P40692,False,22,NA,NA,31,descriptive abundance; no clinical expression threshold; isodoping flagged where supplied
OV4453,HGS,OV4453,p60,NA,4.0,MLH1,ENSG00000076242,21.4451032,4.488328824501744,17.0,31,5.0,15,4.402716822930791,12.0,0.08561200157095339,MLH1,P40692,False,22,12.42356790792612,26.0,31,descriptive abundance; no clinical expression threshold; isodoping flagged where supplied
OV4485,HGS,OV4485,p60,NA,2.0,MLH1,ENSG00000076242,13.658380000000005,3.8736537648591045,26.0,31,12.0,15,4.402716822930791,12.0,-0.5290630580716864,MLH1,P40692,False,22,12.41305366703742,27.0,31,descriptive abundance; no clinical expression threshold; isodoping flagged where supplied
OV866-2,HGS,OV866-2,p67,NA,1.0,MLH1,ENSG00000076242,38.14355,5.290702697432201,2.0,31,1.0,15,4.402716822930791,12.0,0.8879858745014104,MLH1,P40692,False,22,12.82978757343365,6.0,31,descriptive abundance; no clinical expression threshold; isodoping flagged where supplied
TOV1369,HGS,1369,p65,P65,2.0,MLH1,ENSG00000076242,17.975631999999997,4.246076031546908,22.0,31,9.0,15,4.402716822930791,12.0,-0.1566407913838832,MLH1,P40692,False,22,12.58571601435337,22.0,31,descriptive abundance; no clinical expression threshold; isodoping flagged where supplied
TOV2295-R,HGS,2295,NA,P57,NA,MLH1,ENSG00000076242,NA,NA,NA,31,NA,15,4.402716822930791,12.0,NA,MLH1,P40692,False,22,NA,NA,31,descriptive abundance; no clinical expression threshold; isodoping flagged where supplied
TOV2835EP,HGS,TOV2835EP,NA,P64,NA,MLH1,ENSG00000076242,NA,NA,NA,31,NA,15,4.402716822930791,12.0,NA,MLH1,P40692,False,22,NA,NA,31,descriptive abundance; no clinical expression threshold; isodoping flagged where supplied
TOV2881EP,HGS,TOV2881EP,NA,P64,NA,MLH1,ENSG00000076242,NA,NA,NA,31,NA,15,4.402716822930791,12.0,NA,MLH1,P40692,False,22,NA,NA,31,descriptive abundance; no clinical expression threshold; isodoping flagged where supplied
TOV2929D,HGS,TOV2929D,NA,P57,NA,MLH1,ENSG00000076242,NA,NA,NA,31,NA,15,4.402716822930791,12.0,NA,MLH1,P40692,False,22,NA,NA,31,descriptive abundance; no clinical expression threshold; isodoping flagged where supplied
TOV3041G,HGS,TOV3041G,p67,NA,3.0,MLH1,ENSG00000076242,22.603916000000005,4.560954324182411,13.0,31,4.0,15,4.402716822930791,12.0,0.1582375012516204,MLH1,P40692,False,22,12.66364404853138,15.0,31,descriptive abundance; no clinical expression threshold; isodoping flagged where supplied
TOV3121D,HGS,3121,NA,P68,NA,MLH1,ENSG00000076242,NA,NA,NA,31,NA,15,4.402716822930791,12.0,NA,MLH1,P40692,False,22,NA,NA,31,descriptive abundance; no clinical expression threshold; isodoping flagged where supplied
TOV3121EP,HGS,3121,NA,P68,NA,MLH1,ENSG00000076242,NA,NA,NA,31,NA,15,4.402716822930791,12.0,NA,MLH1,P40692,False,22,NA,NA,31,descriptive abundance; no clinical expression threshold; isodoping flagged where supplied
TOV3133D,HGS,3133,NA,P66,NA,MLH1,ENSG00000076242,NA,NA,NA,31,NA,15,4.402716822930791,12.0,NA,MLH1,P40692,False,22,NA,NA,31,descriptive abundance; no clinical expression threshold; isodoping flagged where supplied
TOV3133G,HGS,3133,p61,P65,4.0,MLH1,ENSG00000076242,23.648901732389003,4.623451461550001,12.0,31,3.0,15,4.402716822930791,12.0,0.22073463861921017,MLH1,P40692,False,22,12.65627733637608,16.0,31,descriptive abundance; no clinical expression threshold; isodoping flagged where supplied
TOV3291G,HGS,3291,p62,NA,2.0,MLH1,ENSG00000076242,33.3335400433026,5.101546712439242,5.0,31,2.0,15,4.402716822930791,12.0,0.6988298895084508,MLH1,P40692,False,22,12.61206163817979,21.0,31,descriptive abundance; no clinical expression threshold; isodoping flagged where supplied
OV3331,HGS,OV3331,p71,P54,4.0,MLH1,ENSG00000076242,21.163555,4.4701174008919775,18.0,31,6.0,15,4.402716822930791,12.0,0.06740057796118659,MLH1,P40692,False,22,12.74569709152939,11.0,31,descriptive abundance; no clinical expression threshold; isodoping flagged where supplied
OV90,HGS,OV90,p70,P63,5.0,MLH1,ENSG00000076242,10.522388,3.526367839335204,30.0,31,15.0,15,4.402716822930791,12.0,-0.8763489835955869,MLH1,P40692,False,22,12.25373383585814,29.0,31,descriptive abundance; no clinical expression threshold; isodoping flagged where supplied
TOV81D,LGS,TOV81D,NA,P23,NA,MLH1,ENSG00000076242,NA,NA,NA,31,NA,0,NA,0.0,NA,MLH1,P40692,False,22,NA,NA,31,descriptive abundance; no clinical expression threshold; isodoping flagged where supplied
TOV21G,CC,TOV21G,p63,P59,5.0,MLH1,ENSG00000076242,1.6853063446420002,1.4250866828791975,31.0,31,7.0,7,4.524114590576494,7.0,-3.099027907697297,MLH1,P40692,False,22,12.16376862158856,31.0,31,descriptive abundance; no clinical expression threshold; isodoping flagged where supplied
TOV3392D,CC,TOV3392D,p69,P69,1.0,MLH1,ENSG00000076242,18.3022339,4.270695919062109,21.0,31,6.0,7,4.524114590576494,7.0,-0.25341867151438535,MLH1,P40692,False,22,12.50031328935385,23.0,31,descriptive abundance; no clinical expression threshold; isodoping flagged where supplied
VOA10816,CC,VOA10816,p20,NA,1.0,MLH1,ENSG00000076242,29.005921,4.907175307424368,7.0,31,2.0,7,4.524114590576494,7.0,0.3830607168478739,MLH1,P40692,False,22,12.81978202970712,8.0,31,descriptive abundance; no clinical expression threshold; isodoping flagged where supplied
VOA12539,CC,VOA12539,p41,NA,2.0,MLH1,ENSG00000076242,21.840071999999996,4.513495293481253,15.0,31,5.0,7,4.524114590576494,7.0,-0.01061929709524101,MLH1,P40692,False,22,12.7260995320742,13.0,31,descriptive abundance; no clinical expression threshold; isodoping flagged where supplied
VOA14993,CC,VOA14993,NA,NA,3.0,MLH1,ENSG00000076242,NA,NA,NA,31,NA,7,4.524114590576494,7.0,NA,MLH1,P40692,False,22,12.82799729964183,7.0,31,descriptive abundance; no clinical expression threshold; isodoping flagged where supplied
VOA295,CC,VOA295,p31,NA,2.0,MLH1,ENSG00000076242,34.59856800000001,5.153747302909076,3.0,31,1.0,7,4.524114590576494,7.0,0.6296327123325813,MLH1,P40692,False,22,13.24331478485268,1.0,31,descriptive abundance; no clinical expression threshold; isodoping flagged where supplied
VOA4841,CC,VOA4841,p43,NA,3.0,MLH1,ENSG00000076242,22.008812,4.524114590576494,14.0,31,4.0,7,4.524114590576494,7.0,0.0,MLH1,P40692,False,22,12.48034638188608,24.0,31,descriptive abundance; no clinical expression threshold; isodoping flagged where supplied
VOA6861,CC,VOA6861,p17,NA,NA,MLH1,ENSG00000076242,28.58296,4.886694507150985,9.0,31,3.0,7,4.524114590576494,7.0,0.3625799165744903,MLH1,P40692,False,22,NA,NA,31,descriptive abundance; no clinical expression threshold; isodoping flagged where supplied
TOV112D,EC,TOV112D,p63,P83,4.0,MLH1,ENSG00000076242,39.951994,5.355861794955714,1.0,31,1.0,2,4.922509093799897,2.0,0.43335270115581626,MLH1,P40692,False,22,13.07607312742861,2.0,31,descriptive abundance; no clinical expression threshold; isodoping flagged where supplied
VOA4395,EC,VOA4395,p39-40,NA,1.0,MLH1,ENSG00000076242,21.457982,4.489156392644081,16.0,31,2.0,2,4.922509093799897,2.0,-0.43335270115581626,MLH1,P40692,False,22,12.79175606467655,9.0,31,descriptive abundance; no clinical expression threshold; isodoping flagged where supplied
TOV2414,MC,TOV2414,p69,P65,5.0,MLH1,ENSG00000076242,28.94014500000001,4.904009303266805,8.0,31,1.0,3,4.757796743021701,3.0,0.14621256024510387,MLH1,P40692,False,22,12.17277079269001,30.0,31,descriptive abundance; no clinical expression threshold; isodoping flagged where supplied
VOA8762,MC,VOA8762,p27,NA,4.0,MLH1,ENSG00000076242,26.0545013,4.757796743021701,10.0,31,2.0,3,4.757796743021701,3.0,0.0,MLH1,P40692,False,22,12.65297672221823,18.0,31,descriptive abundance; no clinical expression threshold; isodoping flagged where supplied
VOA8771,MC,VOA8771,p28,NA,5.0,MLH1,ENSG00000076242,24.235116251,4.65736082762455,11.0,31,3.0,3,4.757796743021701,3.0,-0.10043591539715102,MLH1,P40692,False,22,12.65041977449152,19.0,31,descriptive abundance; no clinical expression threshold; isodoping flagged where supplied
VOA5217,MMMT,VOA5217,p36,NA,4.0,MLH1,ENSG00000076242,12.064075,3.7075330733412395,28.0,31,2.0,2,3.8386989932139537,2.0,-0.1311659198727142,MLH1,P40692,False,22,12.6387617064251,20.0,31,descriptive abundance; no clinical expression threshold; isodoping flagged where supplied
VOA5436,MMMT,VOA5436,p35,NA,5.0,MLH1,ENSG00000076242,14.6692575,3.969864913086668,25.0,31,1.0,2,3.8386989932139537,2.0,0.1311659198727142,MLH1,P40692,False,22,12.66584540451288,14.0,31,descriptive abundance; no clinical expression threshold; isodoping flagged where supplied
BIN67,SCCOHT,BIN67,p51,NA,3.0,MLH1,ENSG00000076242,30.215433,4.964187572939337,6.0,31,2.0,2,5.0556599236621445,2.0,-0.09147235072280768,MLH1,P40692,False,22,12.85098068700825,5.0,31,descriptive abundance; no clinical expression threshold; isodoping flagged where supplied
COV434,SCCOHT,COV434,p46,NA,1.0,MLH1,ENSG00000076242,34.43571549999999,5.147132274384952,4.0,31,1.0,2,5.0556599236621445,2.0,0.09147235072280768,MLH1,P40692,False,22,12.8845865409711,4.0,31,descriptive abundance; no clinical expression threshold; isodoping flagged where supplied
OV1369-R2,HGS,1369,p69,P66,1.0,MSH2,ENSG00000095002,6.31916916,2.8716798893866575,27.0,31,12.0,15,3.0886985071835884,12.0,-0.21701861779693088,MSH2,P43246,False,51,14.65525735983628,6.0,31,descriptive abundance; no clinical expression threshold; isodoping flagged where supplied
OV1946,HGS,OV1946,p64,NA,5.0,MSH2,ENSG00000095002,22.401663099999997,4.548539157211538,13.0,31,2.0,15,3.0886985071835884,12.0,1.4598406500279495,MSH2,P43246,False,51,14.4052466440929,23.0,31,descriptive abundance; no clinical expression threshold; isodoping flagged where supplied
OV2085,HGS,OV2085,p68,P64,2.0,MSH2,ENSG00000095002,7.136226508099999,3.02435984359608,23.0,31,8.0,15,3.0886985071835884,12.0,-0.06433866358750828,MSH2,P43246,False,51,15.33555866863745,1.0,31,descriptive abundance; no clinical expression threshold; isodoping flagged where supplied
OV2295,HGS,2295,p64,P61,5.0,MSH2,ENSG00000095002,12.088491069999998,3.710226878090408,18.0,31,5.0,15,3.0886985071835884,12.0,0.6215283709068196,MSH2,P43246,False,51,14.57639729126071,12.0,31,descriptive abundance; no clinical expression threshold; isodoping flagged where supplied
OV2295-R2,HGS,2295,p67,P70,3.0,MSH2,ENSG00000095002,13.9866956,3.9056104149965902,17.0,31,4.0,15,3.0886985071835884,12.0,0.8169119078130018,MSH2,P43246,False,51,14.55244202416553,14.0,31,descriptive abundance; no clinical expression threshold; isodoping flagged where supplied
OV3133-R,HGS,3133,p64,P71,1.0,MSH2,ENSG00000095002,6.8555236,2.973707439739446,25.0,31,10.0,15,3.0886985071835884,12.0,-0.11499106744414256,MSH2,P43246,False,51,14.3955042907715,24.0,31,descriptive abundance; no clinical expression threshold; isodoping flagged where supplied
OV3133-R2,HGS,3133,NA,P58,NA,MSH2,ENSG00000095002,NA,NA,NA,31,NA,15,3.0886985071835884,12.0,NA,MSH2,P43246,False,51,NA,NA,31,descriptive abundance; no clinical expression threshold; isodoping flagged where supplied
OV3291,HGS,3291,NA,P46,NA,MSH2,ENSG00000095002,NA,NA,NA,31,NA,15,3.0886985071835884,12.0,NA,MSH2,P43246,False,51,NA,NA,31,descriptive abundance; no clinical expression threshold; isodoping flagged where supplied
OV4453,HGS,OV4453,p60,NA,4.0,MSH2,ENSG00000095002,33.6456366,5.1146017603252885,7.0,31,1.0,15,3.0886985071835884,12.0,2.0259032531417,MSH2,P43246,False,51,14.24599901072976,27.0,31,descriptive abundance; no clinical expression threshold; isodoping flagged where supplied
OV4485,HGS,OV4485,p60,NA,2.0,MSH2,ENSG00000095002,5.305048300000001,2.656507422401802,28.0,31,13.0,15,3.0886985071835884,12.0,-0.43219108478178647,MSH2,P43246,False,51,14.32413005895364,25.0,31,descriptive abundance; no clinical expression threshold; isodoping flagged where supplied
OV866-2,HGS,OV866-2,p67,NA,1.0,MSH2,ENSG00000095002,6.8859266,2.9792802823061386,24.0,31,9.0,15,3.0886985071835884,12.0,-0.10941822487744979,MSH2,P43246,False,51,14.46686314009088,19.0,31,descriptive abundance; no clinical expression threshold; isodoping flagged where supplied
TOV1369,HGS,1369,p65,P65,2.0,MSH2,ENSG00000095002,3.473254,2.161324679678634,29.0,31,14.0,15,3.0886985071835884,12.0,-0.9273738275049546,MSH2,P43246,False,51,14.46108148953405,21.0,31,descriptive abundance; no clinical expression threshold; isodoping flagged where supplied
TOV2295-R,HGS,2295,NA,P57,NA,MSH2,ENSG00000095002,NA,NA,NA,31,NA,15,3.0886985071835884,12.0,NA,MSH2,P43246,False,51,NA,NA,31,descriptive abundance; no clinical expression threshold; isodoping flagged where supplied
TOV2835EP,HGS,TOV2835EP,NA,P64,NA,MSH2,ENSG00000095002,NA,NA,NA,31,NA,15,3.0886985071835884,12.0,NA,MSH2,P43246,False,51,NA,NA,31,descriptive abundance; no clinical expression threshold; isodoping flagged where supplied
TOV2881EP,HGS,TOV2881EP,NA,P64,NA,MSH2,ENSG00000095002,NA,NA,NA,31,NA,15,3.0886985071835884,12.0,NA,MSH2,P43246,False,51,NA,NA,31,descriptive abundance; no clinical expression threshold; isodoping flagged where supplied
TOV2929D,HGS,TOV2929D,NA,P57,NA,MSH2,ENSG00000095002,NA,NA,NA,31,NA,15,3.0886985071835884,12.0,NA,MSH2,P43246,False,51,NA,NA,31,descriptive abundance; no clinical expression threshold; isodoping flagged where supplied
TOV3041G,HGS,TOV3041G,p67,NA,3.0,MSH2,ENSG00000095002,6.791471999999999,2.961895914485027,26.0,31,11.0,15,3.0886985071835884,12.0,-0.12680259269856142,MSH2,P43246,False,51,14.65319882018866,7.0,31,descriptive abundance; no clinical expression threshold; isodoping flagged where supplied
TOV3121D,HGS,3121,NA,P68,NA,MSH2,ENSG00000095002,NA,NA,NA,31,NA,15,3.0886985071835884,12.0,NA,MSH2,P43246,False,51,NA,NA,31,descriptive abundance; no clinical expression threshold; isodoping flagged where supplied
TOV3121EP,HGS,3121,NA,P68,NA,MSH2,ENSG00000095002,NA,NA,NA,31,NA,15,3.0886985071835884,12.0,NA,MSH2,P43246,False,51,NA,NA,31,descriptive abundance; no clinical expression threshold; isodoping flagged where supplied
TOV3133D,HGS,3133,NA,P66,NA,MSH2,ENSG00000095002,NA,NA,NA,31,NA,15,3.0886985071835884,12.0,NA,MSH2,P43246,False,51,NA,NA,31,descriptive abundance; no clinical expression threshold; isodoping flagged where supplied
TOV3133G,HGS,3133,p61,P65,4.0,MSH2,ENSG00000095002,9.0726187,3.3323669018027466,20.0,31,7.0,15,3.0886985071835884,12.0,0.24366839461915824,MSH2,P43246,False,51,14.42495604609315,22.0,31,descriptive abundance; no clinical expression threshold; isodoping flagged where supplied
TOV3291G,HGS,3291,p62,NA,2.0,MSH2,ENSG00000095002,1.652102,1.4071362626542494,31.0,31,15.0,15,3.0886985071835884,12.0,-1.681562244529339,MSH2,P43246,False,51,13.86809326810961,30.0,31,descriptive abundance; no clinical expression threshold; isodoping flagged where supplied
OV3331,HGS,OV3331,p71,P54,4.0,MSH2,ENSG00000095002,10.7093922,3.5495942866271455,19.0,31,6.0,15,3.0886985071835884,12.0,0.4608957794435571,MSH2,P43246,False,51,14.62494725065319,9.0,31,descriptive abundance; no clinical expression threshold; isodoping flagged where supplied
OV90,HGS,OV90,p70,P63,5.0,MSH2,ENSG00000095002,19.5506447,4.361111748692297,14.0,31,3.0,15,3.0886985071835884,12.0,1.2724132415087084,MSH2,P43246,False,51,14.59206860373598,11.0,31,descriptive abundance; no clinical expression threshold; isodoping flagged where supplied
TOV81D,LGS,TOV81D,NA,P23,NA,MSH2,ENSG00000095002,NA,NA,NA,31,NA,0,NA,0.0,NA,MSH2,P43246,False,51,NA,NA,31,descriptive abundance; no clinical expression threshold; isodoping flagged where supplied
TOV21G,CC,TOV21G,p63,P59,5.0,MSH2,ENSG00000095002,16.07511748884,4.09382360019533,16.0,31,5.0,7,4.121657398342342,7.0,-0.027833798147011812,MSH2,P43246,False,51,14.49327838248843,17.0,31,descriptive abundance; no clinical expression threshold; isodoping flagged where supplied
TOV3392D,CC,TOV3392D,p69,P69,1.0,MSH2,ENSG00000095002,7.5695335502427,3.0992166788925086,22.0,31,7.0,7,4.121657398342342,7.0,-1.0224407194498335,MSH2,P43246,False,51,14.15561898369075,28.0,31,descriptive abundance; no clinical expression threshold; isodoping flagged where supplied
VOA10816,CC,VOA10816,p20,NA,1.0,MSH2,ENSG00000095002,29.547357600000005,4.9329756846776425,8.0,31,2.0,7,4.121657398342342,7.0,0.8113182863353003,MSH2,P43246,False,51,14.55163186998078,15.0,31,descriptive abundance; no clinical expression threshold; isodoping flagged where supplied
VOA12539,CC,VOA12539,p41,NA,2.0,MSH2,ENSG00000095002,27.5547236,4.835657514752531,10.0,31,3.0,7,4.121657398342342,7.0,0.7140001164101886,MSH2,P43246,False,51,14.52858010070669,16.0,31,descriptive abundance; no clinical expression threshold; isodoping flagged where supplied
VOA14993,CC,VOA14993,NA,NA,3.0,MSH2,ENSG00000095002,NA,NA,NA,31,NA,7,4.121657398342342,7.0,NA,MSH2,P43246,False,51,14.73432164368791,3.0,31,descriptive abundance; no clinical expression threshold; isodoping flagged where supplied
VOA295,CC,VOA295,p31,NA,2.0,MSH2,ENSG00000095002,16.4077447,4.121657398342342,15.0,31,4.0,7,4.121657398342342,7.0,0.0,MSH2,P43246,False,51,13.61989277148798,31.0,31,descriptive abundance; no clinical expression threshold; isodoping flagged where supplied
VOA4841,CC,VOA4841,p43,NA,3.0,MSH2,ENSG00000095002,8.2244812,3.2054677739118502,21.0,31,6.0,7,4.121657398342342,7.0,-0.9161896244304919,MSH2,P43246,False,51,14.32277469791122,26.0,31,descriptive abundance; no clinical expression threshold; isodoping flagged where supplied
VOA6861,CC,VOA6861,p17,NA,NA,MSH2,ENSG00000095002,49.3425459,5.653706272539005,1.0,31,1.0,7,4.121657398342342,7.0,1.5320488741966631,MSH2,P43246,False,51,NA,NA,31,descriptive abundance; no clinical expression threshold; isodoping flagged where supplied
TOV112D,EC,TOV112D,p63,P83,4.0,MSH2,ENSG00000095002,48.4825567,5.628848139322874,2.0,31,1.0,2,5.4764766761682875,2.0,0.15237146315458627,MSH2,P43246,False,51,14.78096994520117,2.0,31,descriptive abundance; no clinical expression threshold; isodoping flagged where supplied
VOA4395,EC,VOA4395,p39-40,NA,1.0,MSH2,ENSG00000095002,39.0604081,5.324105213013701,4.0,31,2.0,2,5.4764766761682875,2.0,-0.15237146315458627,MSH2,P43246,False,51,14.70452274959106,4.0,31,descriptive abundance; no clinical expression threshold; isodoping flagged where supplied
TOV2414,MC,TOV2414,p69,P65,5.0,MSH2,ENSG00000095002,2.1212374000000005,1.6421180922066057,30.0,31,3.0,3,4.793123712917707,3.0,-3.151005620711101,MSH2,P43246,False,51,14.03775600318507,29.0,31,descriptive abundance; no clinical expression threshold; isodoping flagged where supplied
VOA8762,MC,VOA8762,p27,NA,4.0,MSH2,ENSG00000095002,26.72515677,4.793123712917707,11.0,31,2.0,3,4.793123712917707,3.0,0.0,MSH2,P43246,False,51,14.49107050765481,18.0,31,descriptive abundance; no clinical expression threshold; isodoping flagged where supplied
VOA8771,MC,VOA8771,p28,NA,5.0,MSH2,ENSG00000095002,28.4600654,4.880688727981795,9.0,31,1.0,3,4.793123712917707,3.0,0.08756501506408831,MSH2,P43246,False,51,14.46283288757384,20.0,31,descriptive abundance; no clinical expression threshold; isodoping flagged where supplied
VOA5217,MMMT,VOA5217,p36,NA,4.0,MSH2,ENSG00000095002,36.1014957,5.2134054433365895,6.0,31,2.0,2,5.227980573328098,2.0,-0.014575129991508895,MSH2,P43246,False,51,14.67834133850806,5.0,31,descriptive abundance; no clinical expression threshold; isodoping flagged where supplied
VOA5436,MMMT,VOA5436,p35,NA,5.0,MSH2,ENSG00000095002,36.8587718,5.242555703319607,5.0,31,1.0,2,5.227980573328098,2.0,0.014575129991508895,MSH2,P43246,False,51,14.6287217066622,8.0,31,descriptive abundance; no clinical expression threshold; isodoping flagged where supplied
BIN67,SCCOHT,BIN67,p51,NA,3.0,MSH2,ENSG00000095002,25.616400399999996,4.734243569359847,12.0,31,2.0,2,5.112231356280475,2.0,-0.3779877869206283,MSH2,P43246,False,51,14.59447216185554,10.0,31,descriptive abundance; no clinical expression threshold; isodoping flagged where supplied
COV434,SCCOHT,COV434,p46,NA,1.0,MSH2,ENSG00000095002,43.949063200000005,5.490219143201102,3.0,31,1.0,2,5.112231356280475,2.0,0.3779877869206274,MSH2,P43246,False,51,14.57054049042096,13.0,31,descriptive abundance; no clinical expression threshold; isodoping flagged where supplied
OV1369-R2,HGS,1369,p69,P66,1.0,MSH6,ENSG00000116062,43.9179007,5.489218597860242,10.0,31,3.0,15,4.506616506654867,12.0,0.9826020912053757,MSH6,P52701,False,68,14.88650336594532,4.0,31,descriptive abundance; no clinical expression threshold; isodoping flagged where supplied
OV1946,HGS,OV1946,p64,NA,5.0,MSH6,ENSG00000116062,51.3826,5.711015764236325,7.0,31,2.0,15,4.506616506654867,12.0,1.204399257581458,MSH6,P52701,False,68,14.6358930734539,19.0,31,descriptive abundance; no clinical expression threshold; isodoping flagged where supplied
OV2085,HGS,OV2085,p68,P64,2.0,MSH6,ENSG00000116062,10.5673226199801,3.531983070839445,27.0,31,12.0,15,4.506616506654867,12.0,-0.9746334358154218,MSH6,P52701,False,68,15.34002089994065,1.0,31,descriptive abundance; no clinical expression threshold; isodoping flagged where supplied
OV2295,HGS,2295,p64,P61,5.0,MSH6,ENSG00000116062,20.95961733,4.4567810089335005,22.0,31,8.0,15,4.506616506654867,12.0,-0.049835497721366195,MSH6,P52701,False,68,14.77945083047033,12.0,31,descriptive abundance; no clinical expression threshold; isodoping flagged where supplied
OV2295-R2,HGS,2295,p67,P70,3.0,MSH6,ENSG00000116062,15.8297097,4.072938386351275,25.0,31,10.0,15,4.506616506654867,12.0,-0.43367812030359154,MSH6,P52701,False,68,14.84417289951038,7.0,31,descriptive abundance; no clinical expression threshold; isodoping flagged where supplied
OV3133-R,HGS,3133,p64,P71,1.0,MSH6,ENSG00000116062,10.295053144500002,3.497619153677344,28.0,31,13.0,15,4.506616506654867,12.0,-1.0089973529775227,MSH6,P52701,False,68,14.5241551810074,27.0,31,descriptive abundance; no clinical expression threshold; isodoping flagged where supplied
OV3133-R2,HGS,3133,NA,P58,NA,MSH6,ENSG00000116062,NA,NA,NA,31,NA,15,4.506616506654867,12.0,NA,MSH6,P52701,False,68,NA,NA,31,descriptive abundance; no clinical expression threshold; isodoping flagged where supplied
OV3291,HGS,3291,NA,P46,NA,MSH6,ENSG00000116062,NA,NA,NA,31,NA,15,4.506616506654867,12.0,NA,MSH6,P52701,False,68,NA,NA,31,descriptive abundance; no clinical expression threshold; isodoping flagged where supplied
OV4453,HGS,OV4453,p60,NA,4.0,MSH6,ENSG00000116062,83.7588312,6.405291788383311,2.0,31,1.0,15,4.506616506654867,12.0,1.898675281728444,MSH6,P52701,False,68,14.53421818458251,26.0,31,descriptive abundance; no clinical expression threshold; isodoping flagged where supplied
OV4485,HGS,OV4485,p60,NA,2.0,MSH6,ENSG00000116062,23.135210300000004,4.593067492519071,20.0,31,7.0,15,4.506616506654867,12.0,0.08645098586420463,MSH6,P52701,False,68,14.54212851019789,25.0,31,descriptive abundance; no clinical expression threshold; isodoping flagged where supplied
OV866-2,HGS,OV866-2,p67,NA,1.0,MSH6,ENSG00000116062,38.274989193,5.295538973431469,14.0,31,4.0,15,4.506616506654867,12.0,0.7889224667766026,MSH6,P52701,False,68,14.70078946259798,16.0,31,descriptive abundance; no clinical expression threshold; isodoping flagged where supplied
TOV1369,HGS,1369,p65,P65,2.0,MSH6,ENSG00000116062,9.20435043,3.351112443721083,29.0,31,14.0,15,4.506616506654867,12.0,-1.1555040629337836,MSH6,P52701,False,68,14.77642171224624,13.0,31,descriptive abundance; no clinical expression threshold; isodoping flagged where supplied
TOV2295-R,HGS,2295,NA,P57,NA,MSH6,ENSG00000116062,NA,NA,NA,31,NA,15,4.506616506654867,12.0,NA,MSH6,P52701,False,68,NA,NA,31,descriptive abundance; no clinical expression threshold; isodoping flagged where supplied
TOV2835EP,HGS,TOV2835EP,NA,P64,NA,MSH6,ENSG00000116062,NA,NA,NA,31,NA,15,4.506616506654867,12.0,NA,MSH6,P52701,False,68,NA,NA,31,descriptive abundance; no clinical expression threshold; isodoping flagged where supplied
TOV2881EP,HGS,TOV2881EP,NA,P64,NA,MSH6,ENSG00000116062,NA,NA,NA,31,NA,15,4.506616506654867,12.0,NA,MSH6,P52701,False,68,NA,NA,31,descriptive abundance; no clinical expression threshold; isodoping flagged where supplied
TOV2929D,HGS,TOV2929D,NA,P57,NA,MSH6,ENSG00000116062,NA,NA,NA,31,NA,15,4.506616506654867,12.0,NA,MSH6,P52701,False,68,NA,NA,31,descriptive abundance; no clinical expression threshold; isodoping flagged where supplied
TOV3041G,HGS,TOV3041G,p67,NA,3.0,MSH6,ENSG00000116062,36.35810136999999,5.223349230510705,15.0,31,5.0,15,4.506616506654867,12.0,0.7167327238558387,MSH6,P52701,False,68,14.86685967216902,5.0,31,descriptive abundance; no clinical expression threshold; isodoping flagged where supplied
TOV3121D,HGS,3121,NA,P68,NA,MSH6,ENSG00000116062,NA,NA,NA,31,NA,15,4.506616506654867,12.0,NA,MSH6,P52701,False,68,NA,NA,31,descriptive abundance; no clinical expression threshold; isodoping flagged where supplied
TOV3121EP,HGS,3121,NA,P68,NA,MSH6,ENSG00000116062,NA,NA,NA,31,NA,15,4.506616506654867,12.0,NA,MSH6,P52701,False,68,NA,NA,31,descriptive abundance; no clinical expression threshold; isodoping flagged where supplied
TOV3133D,HGS,3133,NA,P66,NA,MSH6,ENSG00000116062,NA,NA,NA,31,NA,15,4.506616506654867,12.0,NA,MSH6,P52701,False,68,NA,NA,31,descriptive abundance; no clinical expression threshold; isodoping flagged where supplied
TOV3133G,HGS,3133,p61,P65,4.0,MSH6,ENSG00000116062,14.944847269999997,3.9950183734829365,26.0,31,11.0,15,4.506616506654867,12.0,-0.5115981331719301,MSH6,P52701,False,68,14.60354573169113,23.0,31,descriptive abundance; no clinical expression threshold; isodoping flagged where supplied
TOV3291G,HGS,3291,p62,NA,2.0,MSH6,ENSG00000116062,5.80272982572766,2.7661137927960255,31.0,31,15.0,15,4.506616506654867,12.0,-1.7405027138588411,MSH6,P52701,False,68,14.12840226742416,31.0,31,descriptive abundance; no clinical expression threshold; isodoping flagged where supplied
OV3331,HGS,OV3331,p71,P54,4.0,MSH6,ENSG00000116062,30.0082113,4.9545784017780035,17.0,31,6.0,15,4.506616506654867,12.0,0.4479618951231368,MSH6,P52701,False,68,14.79703337270215,10.0,31,descriptive abundance; no clinical expression threshold; isodoping flagged where supplied
OV90,HGS,OV90,p70,P63,5.0,MSH6,ENSG00000116062,19.84430899,4.381581641021459,23.0,31,9.0,15,4.506616506654867,12.0,-0.12503486563340793,MSH6,P52701,False,68,14.80561691720355,9.0,31,descriptive abundance; no clinical expression threshold; isodoping flagged where supplied
TOV81D,LGS,TOV81D,NA,P23,NA,MSH6,ENSG00000116062,NA,NA,NA,31,NA,0,NA,0.0,NA,MSH6,P52701,False,68,NA,NA,31,descriptive abundance; no clinical expression threshold; isodoping flagged where supplied
TOV21G,CC,TOV21G,p63,P59,5.0,MSH6,ENSG00000116062,46.0501457427033,5.556127286745524,9.0,31,2.0,7,4.7493524538446525,7.0,0.8067748329008717,MSH6,P52701,False,68,14.7441761474297,14.0,31,descriptive abundance; no clinical expression threshold; isodoping flagged where supplied
TOV3392D,CC,TOV3392D,p69,P69,1.0,MSH6,ENSG00000116062,21.3610029,4.482912989974077,21.0,31,6.0,7,4.7493524538446525,7.0,-0.2664394638705758,MSH6,P52701,False,68,14.25376993550304,29.0,31,descriptive abundance; no clinical expression threshold; isodoping flagged where supplied
VOA10816,CC,VOA10816,p20,NA,1.0,MSH6,ENSG00000116062,25.896610175,4.7493524538446525,18.0,31,4.0,7,4.7493524538446525,7.0,0.0,MSH6,P52701,False,68,14.7174055595112,15.0,31,descriptive abundance; no clinical expression threshold; isodoping flagged where supplied
VOA12539,CC,VOA12539,p41,NA,2.0,MSH6,ENSG00000116062,24.2104360239515,4.655949165251712,19.0,31,5.0,7,4.7493524538446525,7.0,-0.09340328859294011,MSH6,P52701,False,68,14.6140965488967,21.0,31,descriptive abundance; no clinical expression threshold; isodoping flagged where supplied
VOA14993,CC,VOA14993,NA,NA,3.0,MSH6,ENSG00000116062,NA,NA,NA,31,NA,7,4.7493524538446525,7.0,NA,MSH6,P52701,False,68,14.89231148668505,2.0,31,descriptive abundance; no clinical expression threshold; isodoping flagged where supplied
VOA295,CC,VOA295,p31,NA,2.0,MSH6,ENSG00000116062,39.71554204234,5.347507703808638,11.0,31,3.0,7,4.7493524538446525,7.0,0.5981552499639857,MSH6,P52701,False,68,14.19261360647526,30.0,31,descriptive abundance; no clinical expression threshold; isodoping flagged where supplied
VOA4841,CC,VOA4841,p43,NA,3.0,MSH6,ENSG00000116062,17.700561534000002,4.225009686398881,24.0,31,7.0,7,4.7493524538446525,7.0,-0.5243427674457717,MSH6,P52701,False,68,14.39945479030256,28.0,31,descriptive abundance; no clinical expression threshold; isodoping flagged where supplied
VOA6861,CC,VOA6861,p17,NA,NA,MSH6,ENSG00000116062,68.171216,6.1120999134861895,4.0,31,1.0,7,4.7493524538446525,7.0,1.362747459641537,MSH6,P52701,False,68,NA,NA,31,descriptive abundance; no clinical expression threshold; isodoping flagged where supplied
TOV112D,EC,TOV112D,p63,P83,4.0,MSH6,ENSG00000116062,82.3133948,6.380476559961774,3.0,31,1.0,2,5.845898928321502,2.0,0.5345776316402713,MSH6,P52701,False,68,14.84567780093961,6.0,31,descriptive abundance; no clinical expression threshold; isodoping flagged where supplied
VOA4395,EC,VOA4395,p39-40,NA,1.0,MSH6,ENSG00000116062,38.706995524,5.311321296681231,13.0,31,2.0,2,5.845898928321502,2.0,-0.5345776316402713,MSH6,P52701,False,68,14.81140200524217,8.0,31,descriptive abundance; no clinical expression threshold; isodoping flagged where supplied
TOV2414,MC,TOV2414,p69,P65,5.0,MSH6,ENSG00000116062,7.814203346000001,3.139830180355052,30.0,31,3.0,3,5.315536658335146,3.0,-2.175706477980094,MSH6,P52701,False,68,14.5541846134571,24.0,31,descriptive abundance; no clinical expression threshold; isodoping flagged where supplied
VOA8762,MC,VOA8762,p27,NA,4.0,MSH6,ENSG00000116062,38.82318370648,5.315536658335146,12.0,31,2.0,3,5.315536658335146,3.0,0.0,MSH6,P52701,False,68,14.60627374979618,22.0,31,descriptive abundance; no clinical expression threshold; isodoping flagged where supplied
VOA8771,MC,VOA8771,p28,NA,5.0,MSH6,ENSG00000116062,55.70894831,5.825504496084409,5.0,31,1.0,3,5.315536658335146,3.0,0.5099678377492625,MSH6,P52701,False,68,14.67430005420907,17.0,31,descriptive abundance; no clinical expression threshold; isodoping flagged where supplied
VOA5217,MMMT,VOA5217,p36,NA,4.0,MSH6,ENSG00000116062,55.64098908000001,5.823774553252344,6.0,31,1.0,2,5.71880923818167,2.0,0.10496531507067353,MSH6,P52701,False,68,14.79477225609457,11.0,31,descriptive abundance; no clinical expression threshold; isodoping flagged where supplied
VOA5436,MMMT,VOA5436,p35,NA,5.0,MSH6,ENSG00000116062,47.970598499999994,5.613843923110998,8.0,31,2.0,2,5.71880923818167,2.0,-0.10496531507067264,MSH6,P52701,False,68,14.89177643193005,3.0,31,descriptive abundance; no clinical expression threshold; isodoping flagged where supplied
BIN67,SCCOHT,BIN67,p51,NA,3.0,MSH6,ENSG00000116062,32.281082360599996,5.0566304481643884,16.0,31,2.0,2,5.880553098960945,2.0,-0.8239226507965567,MSH6,P52701,False,68,14.62909003364799,20.0,31,descriptive abundance; no clinical expression threshold; isodoping flagged where supplied
COV434,SCCOHT,COV434,p46,NA,1.0,MSH6,ENSG00000116062,103.29135400000004,6.704475749757502,1.0,31,1.0,2,5.880553098960945,2.0,0.8239226507965567,MSH6,P52701,False,68,14.67277144263216,18.0,31,descriptive abundance; no clinical expression threshold; isodoping flagged where supplied
OV1369-R2,HGS,1369,p69,P66,1.0,PMS2,ENSG00000122512,9.94744,3.452521637672705,21.0,31,8.0,15,3.4594244496545192,12.0,-0.006902811981814416,PMS2,P54278,False,16,10.97534933343722,15.0,31,descriptive abundance; no clinical expression threshold; isodoping flagged where supplied
OV1946,HGS,OV1946,p64,NA,5.0,PMS2,ENSG00000122512,12.169199,3.7190956930352477,9.0,31,1.0,15,3.4594244496545192,12.0,0.25967124338072844,PMS2,P54278,False,16,10.77852531840747,23.0,31,descriptive abundance; no clinical expression threshold; isodoping flagged where supplied
OV2085,HGS,OV2085,p68,P64,2.0,PMS2,ENSG00000122512,12.0987399116,3.711356127205481,10.0,31,2.0,15,3.4594244496545192,12.0,0.2519316775509619,PMS2,P54278,False,16,11.3292159476989,3.0,31,descriptive abundance; no clinical expression threshold; isodoping flagged where supplied
OV2295,HGS,2295,p64,P61,5.0,PMS2,ENSG00000122512,9.991817,3.4583579852886355,20.0,31,7.0,15,3.4594244496545192,12.0,-0.001066464365883757,PMS2,P54278,False,16,10.46038775360806,29.0,31,descriptive abundance; no clinical expression threshold; isodoping flagged where supplied
OV2295-R2,HGS,2295,p67,P70,3.0,PMS2,ENSG00000122512,6.563272,2.919010503883206,26.0,31,11.0,15,3.4594244496545192,12.0,-0.5404139457713133,PMS2,P54278,False,16,11.02885793275227,13.0,31,descriptive abundance; no clinical expression threshold; isodoping flagged where supplied
OV3133-R,HGS,3133,p64,P71,1.0,PMS2,ENSG00000122512,3.51125102367,2.173527565491522,31.0,31,15.0,15,3.4594244496545192,12.0,-1.2858968841629972,PMS2,P54278,False,16,10.80289333080785,20.0,31,descriptive abundance; no clinical expression threshold; isodoping flagged where supplied
OV3133-R2,HGS,3133,NA,P58,NA,PMS2,ENSG00000122512,NA,NA,NA,31,NA,15,3.4594244496545192,12.0,NA,PMS2,P54278,False,16,NA,NA,31,descriptive abundance; no clinical expression threshold; isodoping flagged where supplied
OV3291,HGS,3291,NA,P46,NA,PMS2,ENSG00000122512,NA,NA,NA,31,NA,15,3.4594244496545192,12.0,NA,PMS2,P54278,False,16,NA,NA,31,descriptive abundance; no clinical expression threshold; isodoping flagged where supplied
OV4453,HGS,OV4453,p60,NA,4.0,PMS2,ENSG00000122512,10.0776041,3.4695739792691613,19.0,31,6.0,15,3.4594244496545192,12.0,0.010149529614642105,PMS2,P54278,False,16,10.74058802957955,24.0,31,descriptive abundance; no clinical expression threshold; isodoping flagged where supplied
OV4485,HGS,OV4485,p60,NA,2.0,PMS2,ENSG00000122512,9.922831,3.4492749200398767,22.0,31,9.0,15,3.4594244496545192,12.0,-0.01014952961464255,PMS2,P54278,False,16,10.82816667237557,19.0,31,descriptive abundance; no clinical expression threshold; isodoping flagged where supplied
OV866-2,HGS,OV866-2,p67,NA,1.0,PMS2,ENSG00000122512,12.005324,3.7010304362959596,11.0,31,3.0,15,3.4594244496545192,12.0,0.2416059866414404,PMS2,P54278,False,16,11.30369137025098,6.0,31,descriptive abundance; no clinical expression threshold; isodoping flagged where supplied
TOV1369,HGS,1369,p65,P65,2.0,PMS2,ENSG00000122512,3.749983,2.247922350104726,30.0,31,14.0,15,3.4594244496545192,12.0,-1.2115020995497932,PMS2,P54278,False,16,11.05946012616832,12.0,31,descriptive abundance; no clinical expression threshold; isodoping flagged where supplied
TOV2295-R,HGS,2295,NA,P57,NA,PMS2,ENSG00000122512,NA,NA,NA,31,NA,15,3.4594244496545192,12.0,NA,PMS2,P54278,False,16,NA,NA,31,descriptive abundance; no clinical expression threshold; isodoping flagged where supplied
TOV2835EP,HGS,TOV2835EP,NA,P64,NA,PMS2,ENSG00000122512,NA,NA,NA,31,NA,15,3.4594244496545192,12.0,NA,PMS2,P54278,False,16,NA,NA,31,descriptive abundance; no clinical expression threshold; isodoping flagged where supplied
TOV2881EP,HGS,TOV2881EP,NA,P64,NA,PMS2,ENSG00000122512,NA,NA,NA,31,NA,15,3.4594244496545192,12.0,NA,PMS2,P54278,False,16,NA,NA,31,descriptive abundance; no clinical expression threshold; isodoping flagged where supplied
TOV2929D,HGS,TOV2929D,NA,P57,NA,PMS2,ENSG00000122512,NA,NA,NA,31,NA,15,3.4594244496545192,12.0,NA,PMS2,P54278,False,16,NA,NA,31,descriptive abundance; no clinical expression threshold; isodoping flagged where supplied
TOV3041G,HGS,TOV3041G,p67,NA,3.0,PMS2,ENSG00000122512,6.669965,2.939219994359025,25.0,31,10.0,15,3.4594244496545192,12.0,-0.5202044552954943,PMS2,P54278,False,16,10.5924349610557,27.0,31,descriptive abundance; no clinical expression threshold; isodoping flagged where supplied
TOV3121D,HGS,3121,NA,P68,NA,PMS2,ENSG00000122512,NA,NA,NA,31,NA,15,3.4594244496545192,12.0,NA,PMS2,P54278,False,16,NA,NA,31,descriptive abundance; no clinical expression threshold; isodoping flagged where supplied
TOV3121EP,HGS,3121,NA,P68,NA,PMS2,ENSG00000122512,NA,NA,NA,31,NA,15,3.4594244496545192,12.0,NA,PMS2,P54278,False,16,NA,NA,31,descriptive abundance; no clinical expression threshold; isodoping flagged where supplied
TOV3133D,HGS,3133,NA,P66,NA,PMS2,ENSG00000122512,NA,NA,NA,31,NA,15,3.4594244496545192,12.0,NA,PMS2,P54278,False,16,NA,NA,31,descriptive abundance; no clinical expression threshold; isodoping flagged where supplied
TOV3133G,HGS,3133,p61,P65,4.0,PMS2,ENSG00000122512,3.8463689,2.276904225248289,29.0,31,13.0,15,3.4594244496545192,12.0,-1.1825202244062303,PMS2,P54278,False,16,10.77946584195608,21.0,31,descriptive abundance; no clinical expression threshold; isodoping flagged where supplied
TOV3291G,HGS,3291,p62,NA,2.0,PMS2,ENSG00000122512,11.74602499467306,3.671975489845892,13.0,31,4.0,15,3.4594244496545192,12.0,0.21255104019137283,PMS2,P54278,False,16,11.2607089794203,8.0,31,descriptive abundance; no clinical expression threshold; isodoping flagged where supplied
OV3331,HGS,OV3331,p71,P54,4.0,PMS2,ENSG00000122512,11.378484,3.62976273257316,14.0,31,5.0,15,3.4594244496545192,12.0,0.17033828291864062,PMS2,P54278,False,16,11.0010795920673,14.0,31,descriptive abundance; no clinical expression threshold; isodoping flagged where supplied
OV90,HGS,OV90,p70,P63,5.0,PMS2,ENSG00000122512,4.36632489724,2.423934403358666,28.0,31,12.0,15,3.4594244496545192,12.0,-1.0354900462958532,PMS2,P54278,False,16,10.49839221196672,28.0,31,descriptive abundance; no clinical expression threshold; isodoping flagged where supplied
TOV81D,LGS,TOV81D,NA,P23,NA,PMS2,ENSG00000122512,NA,NA,NA,31,NA,0,NA,0.0,NA,PMS2,P54278,False,16,NA,NA,31,descriptive abundance; no clinical expression threshold; isodoping flagged where supplied
TOV21G,CC,TOV21G,p63,P59,5.0,PMS2,ENSG00000122512,15.988383000000002,4.086476634348843,5.0,31,2.0,7,3.8395820577456807,7.0,0.24689457660316227,PMS2,P54278,False,16,10.3152289356989,30.0,31,descriptive abundance; no clinical expression threshold; isodoping flagged where supplied
TOV3392D,CC,TOV3392D,p69,P69,1.0,PMS2,ENSG00000122512,8.637687,3.2686869479050076,24.0,31,7.0,7,3.8395820577456807,7.0,-0.5708951098406732,PMS2,P54278,False,16,10.88685824164204,18.0,31,descriptive abundance; no clinical expression threshold; isodoping flagged where supplied
VOA10816,CC,VOA10816,p20,NA,1.0,PMS2,ENSG00000122512,13.31625318,3.8395820577456807,7.0,31,4.0,7,3.8395820577456807,7.0,0.0,PMS2,P54278,False,16,10.93789609212162,16.0,31,descriptive abundance; no clinical expression threshold; isodoping flagged where supplied
VOA12539,CC,VOA12539,p41,NA,2.0,PMS2,ENSG00000122512,12.264644,3.7295140515450718,8.0,31,5.0,7,3.8395820577456807,7.0,-0.11006800620060897,PMS2,P54278,False,16,11.30445293770017,5.0,31,descriptive abundance; no clinical expression threshold; isodoping flagged where supplied
VOA14993,CC,VOA14993,NA,NA,3.0,PMS2,ENSG00000122512,NA,NA,NA,31,NA,7,3.8395820577456807,7.0,NA,PMS2,P54278,False,16,11.0912056359312,11.0,31,descriptive abundance; no clinical expression threshold; isodoping flagged where supplied
VOA295,CC,VOA295,p31,NA,2.0,PMS2,ENSG00000122512,13.905805,3.8978023862276485,6.0,31,3.0,7,3.8395820577456807,7.0,0.05822032848196779,PMS2,P54278,False,16,11.40255195024264,1.0,31,descriptive abundance; no clinical expression threshold; isodoping flagged where supplied
VOA4841,CC,VOA4841,p43,NA,3.0,PMS2,ENSG00000122512,9.450943399999998,3.3855612742336816,23.0,31,6.0,7,3.8395820577456807,7.0,-0.45402078351199915,PMS2,P54278,False,16,10.66463706897027,26.0,31,descriptive abundance; no clinical expression threshold; isodoping flagged where supplied
VOA6861,CC,VOA6861,p17,NA,NA,PMS2,ENSG00000122512,21.320208735,4.480278613969393,2.0,31,1.0,7,3.8395820577456807,7.0,0.6406965562237121,PMS2,P54278,False,16,NA,NA,31,descriptive abundance; no clinical expression threshold; isodoping flagged where supplied
TOV112D,EC,TOV112D,p63,P83,4.0,PMS2,ENSG00000122512,19.030227,4.324106866008955,3.0,31,2.0,2,4.4117802071144645,2.0,-0.08767334110550973,PMS2,P54278,False,16,11.34790971603073,2.0,31,descriptive abundance; no clinical expression threshold; isodoping flagged where supplied
VOA4395,EC,VOA4395,p39-40,NA,1.0,PMS2,ENSG00000122512,21.618848,4.499453548219975,1.0,31,1.0,2,4.4117802071144645,2.0,0.08767334110551062,PMS2,P54278,False,16,11.32471630713059,4.0,31,descriptive abundance; no clinical expression threshold; isodoping flagged where supplied
TOV2414,MC,TOV2414,p69,P65,5.0,PMS2,ENSG00000122512,5.5196060000000005,2.704784780557348,27.0,31,3.0,3,3.594274913143145,3.0,-0.8894901325857969,PMS2,P54278,False,16,10.28744409539977,31.0,31,descriptive abundance; no clinical expression threshold; isodoping flagged where supplied
VOA8762,MC,VOA8762,p27,NA,4.0,PMS2,ENSG00000122512,11.077709,3.594274913143145,16.0,31,2.0,3,3.594274913143145,3.0,0.0,PMS2,P54278,False,16,10.72380755628397,25.0,31,descriptive abundance; no clinical expression threshold; isodoping flagged where supplied
VOA8771,MC,VOA8771,p28,NA,5.0,PMS2,ENSG00000122512,17.265722460000003,4.191066912307319,4.0,31,1.0,3,3.594274913143145,3.0,0.5967919991641737,PMS2,P54278,False,16,10.77861567964514,22.0,31,descriptive abundance; no clinical expression threshold; isodoping flagged where supplied
VOA5217,MMMT,VOA5217,p36,NA,4.0,PMS2,ENSG00000122512,10.601542,3.536244666438881,17.0,31,2.0,2,3.6184324106507466,2.0,-0.0821877442118657,PMS2,P54278,False,16,11.16352882843215,10.0,31,descriptive abundance; no clinical expression threshold; isodoping flagged where supplied
VOA5436,MMMT,VOA5436,p35,NA,5.0,PMS2,ENSG00000122512,12.001626001341508,3.700620154862612,12.0,31,1.0,2,3.6184324106507466,2.0,0.08218774421186525,PMS2,P54278,False,16,10.90198421160692,17.0,31,descriptive abundance; no clinical expression threshold; isodoping flagged where supplied
BIN67,SCCOHT,BIN67,p51,NA,3.0,PMS2,ENSG00000122512,10.464365,3.519084542547303,18.0,31,2.0,2,3.571313252377866,2.0,-0.05222870983056316,PMS2,P54278,False,16,11.29441172592857,7.0,31,descriptive abundance; no clinical expression threshold; isodoping flagged where supplied
COV434,SCCOHT,COV434,p46,NA,1.0,PMS2,ENSG00000122512,11.325224006651098,3.623541962208429,15.0,31,1.0,2,3.571313252377866,2.0,0.052228709830562714,PMS2,P54278,False,16,11.20712181865699,9.0,31,descriptive abundance; no clinical expression threshold; isodoping flagged where supplied
OV1369-R2,HGS,1369,p69,P66,1.0,POLE,ENSG00000177084,23.418429,4.609898480027734,17.0,31,5.0,15,4.102074383330665,12.0,0.5078240966970693,POLE,Q07864,False,14,10.65886359815209,6.0,31,descriptive abundance; no clinical expression threshold; isodoping flagged where supplied
OV1946,HGS,OV1946,p64,NA,5.0,POLE,ENSG00000177084,12.1453676,3.7164825812542577,28.0,31,13.0,15,4.102074383330665,12.0,-0.3855918020764073,POLE,Q07864,False,14,10.4732150293448,15.0,31,descriptive abundance; no clinical expression threshold; isodoping flagged where supplied
OV2085,HGS,OV2085,p68,P64,2.0,POLE,ENSG00000177084,7.602182900000001,3.1047028062555646,30.0,31,14.0,15,4.102074383330665,12.0,-0.9973715770751004,POLE,Q07864,False,14,10.60036799381762,10.0,31,descriptive abundance; no clinical expression threshold; isodoping flagged where supplied
OV2295,HGS,2295,p64,P61,5.0,POLE,ENSG00000177084,15.780399699999998,4.068705175286081,22.0,31,8.0,15,4.102074383330665,12.0,-0.033369208044583765,POLE,Q07864,False,14,10.46533083156834,16.0,31,descriptive abundance; no clinical expression threshold; isodoping flagged where supplied
OV2295-R2,HGS,2295,p67,P70,3.0,POLE,ENSG00000177084,17.8051092,4.2330527789226435,20.0,31,6.0,15,4.102074383330665,12.0,0.13097839559197855,POLE,Q07864,False,14,10.38670144847317,18.0,31,descriptive abundance; no clinical expression threshold; isodoping flagged where supplied
OV3133-R,HGS,3133,p64,P71,1.0,POLE,ENSG00000177084,6.024445999999999,2.812384448170668,31.0,31,15.0,15,4.102074383330665,12.0,-1.289689935159997,POLE,Q07864,False,14,10.53639705697834,12.0,31,descriptive abundance; no clinical expression threshold; isodoping flagged where supplied
OV3133-R2,HGS,3133,NA,P58,NA,POLE,ENSG00000177084,NA,NA,NA,31,NA,15,4.102074383330665,12.0,NA,POLE,Q07864,False,14,NA,NA,31,descriptive abundance; no clinical expression threshold; isodoping flagged where supplied
OV3291,HGS,3291,NA,P46,NA,POLE,ENSG00000177084,NA,NA,NA,31,NA,15,4.102074383330665,12.0,NA,POLE,Q07864,False,14,NA,NA,31,descriptive abundance; no clinical expression threshold; isodoping flagged where supplied
OV4453,HGS,OV4453,p60,NA,4.0,POLE,ENSG00000177084,68.51989309999998,6.119353958624565,3.0,31,1.0,15,4.102074383330665,12.0,2.0172795752939,POLE,Q07864,False,14,10.3626420673532,20.0,31,descriptive abundance; no clinical expression threshold; isodoping flagged where supplied
OV4485,HGS,OV4485,p60,NA,2.0,POLE,ENSG00000177084,15.6018233,4.053269789556968,23.0,31,9.0,15,4.102074383330665,12.0,-0.04880459377369739,POLE,Q07864,False,14,10.23259597077664,28.0,31,descriptive abundance; no clinical expression threshold; isodoping flagged where supplied
OV866-2,HGS,OV866-2,p67,NA,1.0,POLE,ENSG00000177084,41.463883800000005,5.40816442286068,10.0,31,2.0,15,4.102074383330665,12.0,1.306090039530015,POLE,Q07864,False,14,10.60745175130266,9.0,31,descriptive abundance; no clinical expression threshold; isodoping flagged where supplied
TOV1369,HGS,1369,p65,P65,2.0,POLE,ENSG00000177084,16.371229500000002,4.1186279635458325,21.0,31,7.0,15,4.102074383330665,12.0,0.016553580215167507,POLE,Q07864,False,14,10.63674637016393,8.0,31,descriptive abundance; no clinical expression threshold; isodoping flagged where supplied
TOV2295-R,HGS,2295,NA,P57,NA,POLE,ENSG00000177084,NA,NA,NA,31,NA,15,4.102074383330665,12.0,NA,POLE,Q07864,False,14,NA,NA,31,descriptive abundance; no clinical expression threshold; isodoping flagged where supplied
TOV2835EP,HGS,TOV2835EP,NA,P64,NA,POLE,ENSG00000177084,NA,NA,NA,31,NA,15,4.102074383330665,12.0,NA,POLE,Q07864,False,14,NA,NA,31,descriptive abundance; no clinical expression threshold; isodoping flagged where supplied
TOV2881EP,HGS,TOV2881EP,NA,P64,NA,POLE,ENSG00000177084,NA,NA,NA,31,NA,15,4.102074383330665,12.0,NA,POLE,Q07864,False,14,NA,NA,31,descriptive abundance; no clinical expression threshold; isodoping flagged where supplied
TOV2929D,HGS,TOV2929D,NA,P57,NA,POLE,ENSG00000177084,NA,NA,NA,31,NA,15,4.102074383330665,12.0,NA,POLE,Q07864,False,14,NA,NA,31,descriptive abundance; no clinical expression threshold; isodoping flagged where supplied
TOV3041G,HGS,TOV3041G,p67,NA,3.0,POLE,ENSG00000177084,27.34266809999999,4.824903670837501,14.0,31,4.0,15,4.102074383330665,12.0,0.7228292875068361,POLE,Q07864,False,14,10.76100336700495,3.0,31,descriptive abundance; no clinical expression threshold; isodoping flagged where supplied
TOV3121D,HGS,3121,NA,P68,NA,POLE,ENSG00000177084,NA,NA,NA,31,NA,15,4.102074383330665,12.0,NA,POLE,Q07864,False,14,NA,NA,31,descriptive abundance; no clinical expression threshold; isodoping flagged where supplied
TOV3121EP,HGS,3121,NA,P68,NA,POLE,ENSG00000177084,NA,NA,NA,31,NA,15,4.102074383330665,12.0,NA,POLE,Q07864,False,14,NA,NA,31,descriptive abundance; no clinical expression threshold; isodoping flagged where supplied
TOV3133D,HGS,3133,NA,P66,NA,POLE,ENSG00000177084,NA,NA,NA,31,NA,15,4.102074383330665,12.0,NA,POLE,Q07864,False,14,NA,NA,31,descriptive abundance; no clinical expression threshold; isodoping flagged where supplied
TOV3133G,HGS,3133,p61,P65,4.0,POLE,ENSG00000177084,12.464633000000005,3.751103002313602,27.0,31,12.0,15,4.102074383330665,12.0,-0.35097138101706316,POLE,Q07864,False,14,10.71282683658325,4.0,31,descriptive abundance; no clinical expression threshold; isodoping flagged where supplied
TOV3291G,HGS,3291,p62,NA,2.0,POLE,ENSG00000177084,15.436381636399998,4.038820828835433,24.0,31,10.0,15,4.102074383330665,12.0,-0.0632535544952324,POLE,Q07864,False,14,10.38976057643865,17.0,31,descriptive abundance; no clinical expression threshold; isodoping flagged where supplied
OV3331,HGS,OV3331,p71,P54,4.0,POLE,ENSG00000177084,28.5004827,4.882666655571973,13.0,31,3.0,15,4.102074383330665,12.0,0.7805922722413081,POLE,Q07864,False,14,10.29075128102136,25.0,31,descriptive abundance; no clinical expression threshold; isodoping flagged where supplied
OV90,HGS,OV90,p70,P63,5.0,POLE,ENSG00000177084,13.242506999999998,3.8321312101612475,26.0,31,11.0,15,4.102074383330665,12.0,-0.2699431731694175,POLE,Q07864,False,14,10.48865295520136,14.0,31,descriptive abundance; no clinical expression threshold; isodoping flagged where supplied
TOV81D,LGS,TOV81D,NA,P23,NA,POLE,ENSG00000177084,NA,NA,NA,31,NA,0,NA,0.0,NA,POLE,Q07864,False,14,NA,NA,31,descriptive abundance; no clinical expression threshold; isodoping flagged where supplied
TOV21G,CC,TOV21G,p63,P59,5.0,POLE,ENSG00000177084,36.813063099999994,5.240812816473458,12.0,31,5.0,7,5.431621462197737,7.0,-0.19080864572427902,POLE,Q07864,False,14,10.7705985190387,2.0,31,descriptive abundance; no clinical expression threshold; isodoping flagged where supplied
TOV3392D,CC,TOV3392D,p69,P69,1.0,POLE,ENSG00000177084,10.8279637,3.5641298158364627,29.0,31,7.0,7,5.431621462197737,7.0,-1.867491646361274,POLE,Q07864,False,14,10.26675589270808,26.0,31,descriptive abundance; no clinical expression threshold; isodoping flagged where supplied
VOA10816,CC,VOA10816,p20,NA,1.0,POLE,ENSG00000177084,46.24775030000001,5.562173731981865,8.0,31,3.0,7,5.431621462197737,7.0,0.13055226978412815,POLE,Q07864,False,14,10.36655964193366,19.0,31,descriptive abundance; no clinical expression threshold; isodoping flagged where supplied
VOA12539,CC,VOA12539,p41,NA,2.0,POLE,ENSG00000177084,42.1599552,5.431621462197737,9.0,31,4.0,7,5.431621462197737,7.0,0.0,POLE,Q07864,False,14,10.30351522365887,24.0,31,descriptive abundance; no clinical expression threshold; isodoping flagged where supplied
VOA14993,CC,VOA14993,NA,NA,3.0,POLE,ENSG00000177084,NA,NA,NA,31,NA,7,5.431621462197737,7.0,NA,POLE,Q07864,False,14,10.51466084352185,13.0,31,descriptive abundance; no clinical expression threshold; isodoping flagged where supplied
VOA295,CC,VOA295,p31,NA,2.0,POLE,ENSG00000177084,75.93656400000002,6.265597494955328,1.0,31,1.0,7,5.431621462197737,7.0,0.8339760327575911,POLE,Q07864,False,14,10.66363269066973,5.0,31,descriptive abundance; no clinical expression threshold; isodoping flagged where supplied
VOA4841,CC,VOA4841,p43,NA,3.0,POLE,ENSG00000177084,26.0719215,4.75872538510514,15.0,31,6.0,7,5.431621462197737,7.0,-0.6728960770925969,POLE,Q07864,False,14,10.04006134959246,31.0,31,descriptive abundance; no clinical expression threshold; isodoping flagged where supplied
VOA6861,CC,VOA6861,p17,NA,NA,POLE,ENSG00000177084,50.7204913,5.692664074457554,6.0,31,2.0,7,5.431621462197737,7.0,0.26104261225981684,POLE,Q07864,False,14,NA,NA,31,descriptive abundance; no clinical expression threshold; isodoping flagged where supplied
TOV112D,EC,TOV112D,p63,P83,4.0,POLE,ENSG00000177084,37.2243569,5.256420324269765,11.0,31,1.0,2,4.908487757937623,2.0,0.3479325663321422,POLE,Q07864,False,14,10.8953213630933,1.0,31,descriptive abundance; no clinical expression threshold; isodoping flagged where supplied
VOA4395,EC,VOA4395,p39-40,NA,1.0,POLE,ENSG00000177084,22.597386700000005,4.560555191605481,18.0,31,2.0,2,4.908487757937623,2.0,-0.3479325663321422,POLE,Q07864,False,14,10.58449599616351,11.0,31,descriptive abundance; no clinical expression threshold; isodoping flagged where supplied
TOV2414,MC,TOV2414,p69,P65,5.0,POLE,ENSG00000177084,14.8014914,3.981988826317674,25.0,31,3.0,3,5.673369096081023,3.0,-1.691380269763349,POLE,Q07864,False,14,10.14656911960943,29.0,31,descriptive abundance; no clinical expression threshold; isodoping flagged where supplied
VOA8762,MC,VOA8762,p27,NA,4.0,POLE,ENSG00000177084,50.0333731,5.673369096081023,7.0,31,2.0,3,5.673369096081023,3.0,0.0,POLE,Q07864,False,14,10.0649386839433,30.0,31,descriptive abundance; no clinical expression threshold; isodoping flagged where supplied
VOA8771,MC,VOA8771,p28,NA,5.0,POLE,ENSG00000177084,59.23331769999999,5.912489820810004,4.0,31,1.0,3,5.673369096081023,3.0,0.2391207247289806,POLE,Q07864,False,14,10.25966038439433,27.0,31,descriptive abundance; no clinical expression threshold; isodoping flagged where supplied
VOA5217,MMMT,VOA5217,p36,NA,4.0,POLE,ENSG00000177084,23.5784663,4.619322989018686,16.0,31,1.0,2,4.43029313449779,2.0,0.18902985452089638,POLE,Q07864,False,14,10.31616405140036,21.0,31,descriptive abundance; no clinical expression threshold; isodoping flagged where supplied
VOA5436,MMMT,VOA5436,p35,NA,5.0,POLE,ENSG00000177084,17.9124358,4.241263279976892,19.0,31,2.0,2,4.43029313449779,2.0,-0.18902985452089727,POLE,Q07864,False,14,10.30912687258583,23.0,31,descriptive abundance; no clinical expression threshold; isodoping flagged where supplied
BIN67,SCCOHT,BIN67,p51,NA,3.0,POLE,ENSG00000177084,52.982206,5.754412029088026,5.0,31,2.0,2,5.951060437988666,2.0,-0.19664840890064017,POLE,Q07864,False,14,10.31564309458882,22.0,31,descriptive abundance; no clinical expression threshold; isodoping flagged where supplied
COV434,SCCOHT,COV434,p46,NA,1.0,POLE,ENSG00000177084,69.89976039999999,6.147708846889306,2.0,31,1.0,2,5.951060437988666,2.0,0.19664840890064017,POLE,Q07864,False,14,10.64627086721707,7.0,31,descriptive abundance; no clinical expression threshold; isodoping flagged where supplied
OV1369-R2,HGS,1369,p69,P66,1.0,POLD1,ENSG00000062822,55.566770000000005,5.821882889379367,11.0,31,6.0,15,5.516723041305475,12.0,0.30515984807389174,POLD1,P28340,False,54,14.07779544425682,3.0,31,descriptive abundance; no clinical expression threshold; isodoping flagged where supplied
OV1946,HGS,OV1946,p64,NA,5.0,POLD1,ENSG00000062822,18.115822699999995,4.256695386593743,29.0,31,14.0,15,5.516723041305475,12.0,-1.260027654711732,POLD1,P28340,False,54,13.79547289776489,24.0,31,descriptive abundance; no clinical expression threshold; isodoping flagged where supplied
OV2085,HGS,OV2085,p68,P64,2.0,POLD1,ENSG00000062822,17.0556266,4.174376583134393,30.0,31,15.0,15,5.516723041305475,12.0,-1.3423464581710824,POLD1,P28340,False,54,14.16702896299911,1.0,31,descriptive abundance; no clinical expression threshold; isodoping flagged where supplied
OV2295,HGS,2295,p64,P61,5.0,POLD1,ENSG00000062822,39.439252,5.337684407017735,20.0,31,10.0,15,5.516723041305475,12.0,-0.17903863428773992,POLD1,P28340,False,54,13.82329293775602,20.0,31,descriptive abundance; no clinical expression threshold; isodoping flagged where supplied
OV2295-R2,HGS,2295,p67,P70,3.0,POLD1,ENSG00000062822,93.273053,6.5587735449082345,2.0,31,2.0,15,5.516723041305475,12.0,1.0420505036027592,POLD1,P28340,False,54,13.83400448602507,19.0,31,descriptive abundance; no clinical expression threshold; isodoping flagged where supplied
OV3133-R,HGS,3133,p64,P71,1.0,POLD1,ENSG00000062822,32.749151,5.0767793047991026,23.0,31,11.0,15,5.516723041305475,12.0,-0.43994373650637275,POLD1,P28340,False,54,13.80891147502279,22.0,31,descriptive abundance; no clinical expression threshold; isodoping flagged where supplied
OV3133-R2,HGS,3133,NA,P58,NA,POLD1,ENSG00000062822,NA,NA,NA,31,NA,15,5.516723041305475,12.0,NA,POLD1,P28340,False,54,NA,NA,31,descriptive abundance; no clinical expression threshold; isodoping flagged where supplied
OV3291,HGS,3291,NA,P46,NA,POLD1,ENSG00000062822,NA,NA,NA,31,NA,15,5.516723041305475,12.0,NA,POLD1,P28340,False,54,NA,NA,31,descriptive abundance; no clinical expression threshold; isodoping flagged where supplied
OV4453,HGS,OV4453,p60,NA,4.0,POLD1,ENSG00000062822,40.649034,5.380211129263988,19.0,31,9.0,15,5.516723041305475,12.0,-0.13651191204148727,POLD1,P28340,False,54,13.59084326737635,30.0,31,descriptive abundance; no clinical expression threshold; isodoping flagged where supplied
OV4485,HGS,OV4485,p60,NA,2.0,POLD1,ENSG00000062822,49.32610200020637,5.6532349533469635,13.0,31,7.0,15,5.516723041305475,12.0,0.13651191204148816,POLD1,P28340,False,54,13.78160222382009,25.0,31,descriptive abundance; no clinical expression threshold; isodoping flagged where supplied
OV866-2,HGS,OV866-2,p67,NA,1.0,POLD1,ENSG00000062822,82.92176,6.390973029197281,4.0,31,3.0,15,5.516723041305475,12.0,0.8742499878918055,POLD1,P28340,False,54,13.90965791433941,16.0,31,descriptive abundance; no clinical expression threshold; isodoping flagged where supplied
TOV1369,HGS,1369,p65,P65,2.0,POLD1,ENSG00000062822,61.635465075908,5.968907857494961,10.0,31,5.0,15,5.516723041305475,12.0,0.4521848161894857,POLD1,P28340,False,54,13.92422159666378,13.0,31,descriptive abundance; no clinical expression threshold; isodoping flagged where supplied
TOV2295-R,HGS,2295,NA,P57,NA,POLD1,ENSG00000062822,NA,NA,NA,31,NA,15,5.516723041305475,12.0,NA,POLD1,P28340,False,54,NA,NA,31,descriptive abundance; no clinical expression threshold; isodoping flagged where supplied
TOV2835EP,HGS,TOV2835EP,NA,P64,NA,POLD1,ENSG00000062822,NA,NA,NA,31,NA,15,5.516723041305475,12.0,NA,POLD1,P28340,False,54,NA,NA,31,descriptive abundance; no clinical expression threshold; isodoping flagged where supplied
TOV2881EP,HGS,TOV2881EP,NA,P64,NA,POLD1,ENSG00000062822,NA,NA,NA,31,NA,15,5.516723041305475,12.0,NA,POLD1,P28340,False,54,NA,NA,31,descriptive abundance; no clinical expression threshold; isodoping flagged where supplied
TOV2929D,HGS,TOV2929D,NA,P57,NA,POLD1,ENSG00000062822,NA,NA,NA,31,NA,15,5.516723041305475,12.0,NA,POLD1,P28340,False,54,NA,NA,31,descriptive abundance; no clinical expression threshold; isodoping flagged where supplied
TOV3041G,HGS,TOV3041G,p67,NA,3.0,POLD1,ENSG00000062822,109.411101,6.786741421243256,1.0,31,1.0,15,5.516723041305475,12.0,1.270018379937781,POLD1,P28340,False,54,14.03018125391122,6.0,31,descriptive abundance; no clinical expression threshold; isodoping flagged where supplied
TOV3121D,HGS,3121,NA,P68,NA,POLD1,ENSG00000062822,NA,NA,NA,31,NA,15,5.516723041305475,12.0,NA,POLD1,P28340,False,54,NA,NA,31,descriptive abundance; no clinical expression threshold; isodoping flagged where supplied
TOV3121EP,HGS,3121,NA,P68,NA,POLD1,ENSG00000062822,NA,NA,NA,31,NA,15,5.516723041305475,12.0,NA,POLD1,P28340,False,54,NA,NA,31,descriptive abundance; no clinical expression threshold; isodoping flagged where supplied
TOV3133D,HGS,3133,NA,P66,NA,POLD1,ENSG00000062822,NA,NA,NA,31,NA,15,5.516723041305475,12.0,NA,POLD1,P28340,False,54,NA,NA,31,descriptive abundance; no clinical expression threshold; isodoping flagged where supplied
TOV3133G,HGS,3133,p61,P65,4.0,POLD1,ENSG00000062822,46.4027933,5.566900170072525,17.0,31,8.0,15,5.516723041305475,12.0,0.05017712876705005,POLD1,P28340,False,54,13.87477481098298,17.0,31,descriptive abundance; no clinical expression threshold; isodoping flagged where supplied
TOV3291G,HGS,3291,p62,NA,2.0,POLD1,ENSG00000062822,62.922166,5.99824438964441,8.0,31,4.0,15,5.516723041305475,12.0,0.48152134833893445,POLD1,P28340,False,54,13.7646269675805,27.0,31,descriptive abundance; no clinical expression threshold; isodoping flagged where supplied
OV3331,HGS,OV3331,p71,P54,4.0,POLD1,ENSG00000062822,25.6628173,4.7367573243013155,27.0,31,12.0,15,5.516723041305475,12.0,-0.7799657170041598,POLD1,P28340,False,54,13.69742031500856,29.0,31,descriptive abundance; no clinical expression threshold; isodoping flagged where supplied
OV90,HGS,OV90,p70,P63,5.0,POLD1,ENSG00000062822,22.864890000000003,4.5768177815049995,28.0,31,13.0,15,5.516723041305475,12.0,-0.9399052598004758,POLD1,P28340,False,54,13.79840236742047,23.0,31,descriptive abundance; no clinical expression threshold; isodoping flagged where supplied
TOV81D,LGS,TOV81D,NA,P23,NA,POLD1,ENSG00000062822,NA,NA,NA,31,NA,0,NA,0.0,NA,POLD1,P28340,False,54,NA,NA,31,descriptive abundance; no clinical expression threshold; isodoping flagged where supplied
TOV21G,CC,TOV21G,p63,P59,5.0,POLD1,ENSG00000062822,43.1171493749,5.463267669235529,18.0,31,4.0,7,5.463267669235529,7.0,0.0,POLD1,P28340,False,54,13.962273617354,11.0,31,descriptive abundance; no clinical expression threshold; isodoping flagged where supplied
TOV3392D,CC,TOV3392D,p69,P69,1.0,POLD1,ENSG00000062822,16.298494399999996,4.112574571120591,31.0,31,7.0,7,5.463267669235529,7.0,-1.350693098114938,POLD1,P28340,False,54,13.71200431366983,28.0,31,descriptive abundance; no clinical expression threshold; isodoping flagged where supplied
VOA10816,CC,VOA10816,p20,NA,1.0,POLD1,ENSG00000062822,27.56377232400001,4.836114618853022,25.0,31,5.0,7,5.463267669235529,7.0,-0.6271530503825069,POLD1,P28340,False,54,14.07115210940372,4.0,31,descriptive abundance; no clinical expression threshold; isodoping flagged where supplied
VOA12539,CC,VOA12539,p41,NA,2.0,POLD1,ENSG00000062822,48.782979787,5.637580681077505,15.0,31,3.0,7,5.463267669235529,7.0,0.174313011841976,POLD1,P28340,False,54,13.82292332062818,21.0,31,descriptive abundance; no clinical expression threshold; isodoping flagged where supplied
VOA14993,CC,VOA14993,NA,NA,3.0,POLD1,ENSG00000062822,NA,NA,NA,31,NA,7,5.463267669235529,7.0,NA,POLD1,P28340,False,54,14.04573187537246,5.0,31,descriptive abundance; no clinical expression threshold; isodoping flagged where supplied
VOA295,CC,VOA295,p31,NA,2.0,POLD1,ENSG00000062822,68.99284,6.129135442304695,7.0,31,2.0,7,5.463267669235529,7.0,0.6658677730691656,POLD1,P28340,False,54,13.94103143401497,12.0,31,descriptive abundance; no clinical expression threshold; isodoping flagged where supplied
VOA4841,CC,VOA4841,p43,NA,3.0,POLD1,ENSG00000062822,26.176221800000004,4.764272992887936,26.0,31,6.0,7,5.463267669235529,7.0,-0.6989946763475929,POLD1,P28340,False,54,13.84705451646728,18.0,31,descriptive abundance; no clinical expression threshold; isodoping flagged where supplied
VOA6861,CC,VOA6861,p17,NA,NA,POLD1,ENSG00000062822,91.303796,6.528318074911863,3.0,31,1.0,7,5.463267669235529,7.0,1.0650504056763337,POLD1,P28340,False,54,NA,NA,31,descriptive abundance; no clinical expression threshold; isodoping flagged where supplied
TOV112D,EC,TOV112D,p63,P83,4.0,POLD1,ENSG00000062822,38.560263000000006,5.305980112175855,21.0,31,1.0,2,5.109286619356508,2.0,0.1966934928193469,POLD1,P28340,False,54,14.01942171293761,7.0,31,descriptive abundance; no clinical expression threshold; isodoping flagged where supplied
VOA4395,EC,VOA4395,p39-40,NA,1.0,POLD1,ENSG00000062822,29.1188154629,4.9125931265371605,24.0,31,2.0,2,5.109286619356508,2.0,-0.19669349281934778,POLD1,P28340,False,54,13.91161204378665,15.0,31,descriptive abundance; no clinical expression threshold; isodoping flagged where supplied
TOV2414,MC,TOV2414,p69,P65,5.0,POLD1,ENSG00000062822,37.152827399999985,5.253718070028698,22.0,31,3.0,3,5.978318300449909,3.0,-0.7246002304212116,POLD1,P28340,False,54,13.58839629062643,31.0,31,descriptive abundance; no clinical expression threshold; isodoping flagged where supplied
VOA8762,MC,VOA8762,p27,NA,4.0,POLD1,ENSG00000062822,62.04536044956999,5.978318300449909,9.0,31,2.0,3,5.978318300449909,3.0,0.0,POLD1,P28340,False,54,14.01817618453967,8.0,31,descriptive abundance; no clinical expression threshold; isodoping flagged where supplied
VOA8771,MC,VOA8771,p28,NA,5.0,POLD1,ENSG00000062822,75.48464799999999,6.257098293974769,5.0,31,1.0,3,5.978318300449909,3.0,0.2787799935248598,POLD1,P28340,False,54,13.99783348309066,9.0,31,descriptive abundance; no clinical expression threshold; isodoping flagged where supplied
VOA5217,MMMT,VOA5217,p36,NA,4.0,POLD1,ENSG00000062822,52.355006,5.737551732245556,12.0,31,1.0,2,5.680995997356078,2.0,0.05655573488947763,POLD1,P28340,False,54,14.09608218401531,2.0,31,descriptive abundance; no clinical expression threshold; isodoping flagged where supplied
VOA5436,MMMT,VOA5436,p35,NA,5.0,POLD1,ENSG00000062822,48.331603,5.6244402624666,16.0,31,2.0,2,5.680995997356078,2.0,-0.05655573488947763,POLD1,P28340,False,54,13.96230708021863,10.0,31,descriptive abundance; no clinical expression threshold; isodoping flagged where supplied
BIN67,SCCOHT,BIN67,p51,NA,3.0,POLD1,ENSG00000062822,49.23814899999999,5.650711404703777,14.0,31,2.0,2,5.946930895317577,2.0,-0.29621949061379915,POLD1,P28340,False,54,13.77750034004118,26.0,31,descriptive abundance; no clinical expression threshold; isodoping flagged where supplied
COV434,SCCOHT,COV434,p46,NA,1.0,POLD1,ENSG00000062822,74.74876099999999,6.243150385931375,6.0,31,1.0,2,5.946930895317577,2.0,0.29621949061379826,POLD1,P28340,False,54,13.91492518686788,14.0,31,descriptive abundance; no clinical expression threshold; isodoping flagged where supplied
OV1369-R2,HGS,1369,p69,P66,1.0,ARID1A,ENSG00000117713,10.7615904,3.5560112491991966,27.0,31,14.0,15,4.438698525213995,12.0,-0.8826872760147988,ARID1A,O14497,True,51,14.13015434270553,22.0,31,descriptive abundance; no clinical expression threshold; isodoping flagged where supplied
OV1946,HGS,OV1946,p64,NA,5.0,ARID1A,ENSG00000117713,20.5041228,4.426541376697643,18.0,31,8.0,15,4.438698525213995,12.0,-0.0121571485163523,ARID1A,O14497,True,51,14.32348942645756,19.0,31,descriptive abundance; no clinical expression threshold; isodoping flagged where supplied
OV2085,HGS,OV2085,p68,P64,2.0,ARID1A,ENSG00000117713,20.8696113,4.450855673730349,17.0,31,7.0,15,4.438698525213995,12.0,0.012157148516353189,ARID1A,O14497,True,51,14.94425621861471,1.0,31,descriptive abundance; no clinical expression threshold; isodoping flagged where supplied
OV2295,HGS,2295,p64,P61,5.0,ARID1A,ENSG00000117713,23.537138739159996,4.616895121903961,12.0,31,4.0,15,4.438698525213995,12.0,0.17819659668996568,ARID1A,O14497,True,51,14.79507685054233,2.0,31,descriptive abundance; no clinical expression threshold; isodoping flagged where supplied
OV2295-R2,HGS,2295,p67,P70,3.0,ARID1A,ENSG00000117713,11.404947323999998,3.6328437039133266,26.0,31,13.0,15,4.438698525213995,12.0,-0.8058548213006689,ARID1A,O14497,True,51,14.63607718209086,3.0,31,descriptive abundance; no clinical expression threshold; isodoping flagged where supplied
OV3133-R,HGS,3133,p64,P71,1.0,ARID1A,ENSG00000117713,6.6964617,2.9441953469667133,31.0,31,15.0,15,4.438698525213995,12.0,-1.4945031782472822,ARID1A,O14497,True,51,14.63350214075966,5.0,31,descriptive abundance; no clinical expression threshold; isodoping flagged where supplied
OV3133-R2,HGS,3133,NA,P58,NA,ARID1A,ENSG00000117713,NA,NA,NA,31,NA,15,4.438698525213995,12.0,NA,ARID1A,O14497,True,51,NA,NA,31,descriptive abundance; no clinical expression threshold; isodoping flagged where supplied
OV3291,HGS,3291,NA,P46,NA,ARID1A,ENSG00000117713,NA,NA,NA,31,NA,15,4.438698525213995,12.0,NA,ARID1A,O14497,True,51,NA,NA,31,descriptive abundance; no clinical expression threshold; isodoping flagged where supplied
OV4453,HGS,OV4453,p60,NA,4.0,ARID1A,ENSG00000117713,29.826506,4.946099472748506,8.0,31,2.0,15,4.438698525213995,12.0,0.5074009475345109,ARID1A,O14497,True,51,14.59816445764907,6.0,31,descriptive abundance; no clinical expression threshold; isodoping flagged where supplied
OV4485,HGS,OV4485,p60,NA,2.0,ARID1A,ENSG00000117713,22.522476,4.555968022617444,15.0,31,5.0,15,4.438698525213995,12.0,0.1172694974034485,ARID1A,O14497,True,51,14.5740658329335,8.0,31,descriptive abundance; no clinical expression threshold; isodoping flagged where supplied
OV866-2,HGS,OV866-2,p67,NA,1.0,ARID1A,ENSG00000117713,21.959475099999995,4.521017754353783,16.0,31,6.0,15,4.438698525213995,12.0,0.08231922913978718,ARID1A,O14497,True,51,14.4700120615239,12.0,31,descriptive abundance; no clinical expression threshold; isodoping flagged where supplied
TOV1369,HGS,1369,p65,P65,2.0,ARID1A,ENSG00000117713,13.4973554,3.8577178434530084,23.0,31,12.0,15,4.438698525213995,12.0,-0.580980681760987,ARID1A,O14497,True,51,14.58805127284369,7.0,31,descriptive abundance; no clinical expression threshold; isodoping flagged where supplied
TOV2295-R,HGS,2295,NA,P57,NA,ARID1A,ENSG00000117713,NA,NA,NA,31,NA,15,4.438698525213995,12.0,NA,ARID1A,O14497,True,51,NA,NA,31,descriptive abundance; no clinical expression threshold; isodoping flagged where supplied
TOV2835EP,HGS,TOV2835EP,NA,P64,NA,ARID1A,ENSG00000117713,NA,NA,NA,31,NA,15,4.438698525213995,12.0,NA,ARID1A,O14497,True,51,NA,NA,31,descriptive abundance; no clinical expression threshold; isodoping flagged where supplied
TOV2881EP,HGS,TOV2881EP,NA,P64,NA,ARID1A,ENSG00000117713,NA,NA,NA,31,NA,15,4.438698525213995,12.0,NA,ARID1A,O14497,True,51,NA,NA,31,descriptive abundance; no clinical expression threshold; isodoping flagged where supplied
TOV2929D,HGS,TOV2929D,NA,P57,NA,ARID1A,ENSG00000117713,NA,NA,NA,31,NA,15,4.438698525213995,12.0,NA,ARID1A,O14497,True,51,NA,NA,31,descriptive abundance; no clinical expression threshold; isodoping flagged where supplied
TOV3041G,HGS,TOV3041G,p67,NA,3.0,ARID1A,ENSG00000117713,16.323569299999996,4.114664304448986,19.0,31,9.0,15,4.438698525213995,12.0,-0.3240342207650091,ARID1A,O14497,True,51,14.41902814777699,16.0,31,descriptive abundance; no clinical expression threshold; isodoping flagged where supplied
TOV3121D,HGS,3121,NA,P68,NA,ARID1A,ENSG00000117713,NA,NA,NA,31,NA,15,4.438698525213995,12.0,NA,ARID1A,O14497,True,51,NA,NA,31,descriptive abundance; no clinical expression threshold; isodoping flagged where supplied
TOV3121EP,HGS,3121,NA,P68,NA,ARID1A,ENSG00000117713,NA,NA,NA,31,NA,15,4.438698525213995,12.0,NA,ARID1A,O14497,True,51,NA,NA,31,descriptive abundance; no clinical expression threshold; isodoping flagged where supplied
TOV3133D,HGS,3133,NA,P66,NA,ARID1A,ENSG00000117713,NA,NA,NA,31,NA,15,4.438698525213995,12.0,NA,ARID1A,O14497,True,51,NA,NA,31,descriptive abundance; no clinical expression threshold; isodoping flagged where supplied
TOV3133G,HGS,3133,p61,P65,4.0,ARID1A,ENSG00000117713,15.3454378,4.030816113988883,20.0,31,10.0,15,4.438698525213995,12.0,-0.4078824112251125,ARID1A,O14497,True,51,14.56303441477895,9.0,31,descriptive abundance; no clinical expression threshold; isodoping flagged where supplied
TOV3291G,HGS,3291,p62,NA,2.0,ARID1A,ENSG00000117713,15.118079399999996,4.010607940169308,22.0,31,11.0,15,4.438698525213995,12.0,-0.42809058504468744,ARID1A,O14497,True,51,14.55333423650826,10.0,31,descriptive abundance; no clinical expression threshold; isodoping flagged where supplied
OV3331,HGS,OV3331,p71,P54,4.0,ARID1A,ENSG00000117713,30.059214800000003,4.956949452672299,7.0,31,1.0,15,4.438698525213995,12.0,0.5182509274583031,ARID1A,O14497,True,51,14.63449235698782,4.0,31,descriptive abundance; no clinical expression threshold; isodoping flagged where supplied
OV90,HGS,OV90,p70,P63,5.0,ARID1A,ENSG00000117713,24.0602086,4.647326518522914,11.0,31,3.0,15,4.438698525213995,12.0,0.20862799330891857,ARID1A,O14497,True,51,14.36558086861439,18.0,31,descriptive abundance; no clinical expression threshold; isodoping flagged where supplied
TOV81D,LGS,TOV81D,NA,P23,NA,ARID1A,ENSG00000117713,NA,NA,NA,31,NA,0,NA,0.0,NA,ARID1A,O14497,True,51,NA,NA,31,descriptive abundance; no clinical expression threshold; isodoping flagged where supplied
TOV21G,CC,TOV21G,p63,P59,5.0,ARID1A,ENSG00000117713,11.702054500000004,3.6669899601714495,25.0,31,6.0,7,4.567405412059014,7.0,-0.9004154518875649,ARID1A,O14497,True,51,13.92355454912957,25.0,31,descriptive abundance; no clinical expression threshold; isodoping flagged where supplied
TOV3392D,CC,TOV3392D,p69,P69,1.0,ARID1A,ENSG00000117713,7.5189469042,3.0906750982925923,30.0,31,7.0,7,4.567405412059014,7.0,-1.476730313766422,ARID1A,O14497,True,51,14.00330512669052,24.0,31,descriptive abundance; no clinical expression threshold; isodoping flagged where supplied
VOA10816,CC,VOA10816,p20,NA,1.0,ARID1A,ENSG00000117713,13.0077733,3.808155735569565,24.0,31,5.0,7,4.567405412059014,7.0,-0.7592496764894494,ARID1A,O14497,True,51,13.92025579858136,26.0,31,descriptive abundance; no clinical expression threshold; isodoping flagged where supplied
VOA12539,CC,VOA12539,p41,NA,2.0,ARID1A,ENSG00000117713,49.606802,5.661259403762433,3.0,31,1.0,7,4.567405412059014,7.0,1.0938539917034182,ARID1A,O14497,True,51,13.70634573833832,30.0,31,descriptive abundance; no clinical expression threshold; isodoping flagged where supplied
VOA14993,CC,VOA14993,NA,NA,3.0,ARID1A,ENSG00000117713,NA,NA,NA,31,NA,7,4.567405412059014,7.0,NA,ARID1A,O14497,True,51,13.85937331378603,27.0,31,descriptive abundance; no clinical expression threshold; isodoping flagged where supplied
VOA295,CC,VOA295,p31,NA,2.0,ARID1A,ENSG00000117713,22.7096985,4.567405412059014,14.0,31,4.0,7,4.567405412059014,7.0,0.0,ARID1A,O14497,True,51,13.76806470501306,29.0,31,descriptive abundance; no clinical expression threshold; isodoping flagged where supplied
VOA4841,CC,VOA4841,p43,NA,3.0,ARID1A,ENSG00000117713,26.7235022,4.79303761381346,10.0,31,3.0,7,4.567405412059014,7.0,0.2256322017544452,ARID1A,O14497,True,51,14.27532842781511,20.0,31,descriptive abundance; no clinical expression threshold; isodoping flagged where supplied
VOA6861,CC,VOA6861,p17,NA,NA,ARID1A,ENSG00000117713,43.2915334,5.468959039960691,4.0,31,2.0,7,4.567405412059014,7.0,0.9015536279016763,ARID1A,O14497,True,51,NA,NA,31,descriptive abundance; no clinical expression threshold; isodoping flagged where supplied
TOV112D,EC,TOV112D,p63,P83,4.0,ARID1A,ENSG00000117713,51.7802518,5.721926328267435,2.0,31,1.0,2,5.167258971571426,2.0,0.554667356696009,ARID1A,O14497,True,51,14.4603801931246,13.0,31,descriptive abundance; no clinical expression threshold; isodoping flagged where supplied
VOA4395,EC,VOA4395,p39-40,NA,1.0,ARID1A,ENSG00000117713,23.46405440160245,4.612591614875418,13.0,31,2.0,2,5.167258971571426,2.0,-0.5546673566960081,ARID1A,O14497,True,51,13.69009503517812,31.0,31,descriptive abundance; no clinical expression threshold; isodoping flagged where supplied
TOV2414,MC,TOV2414,p69,P65,5.0,ARID1A,ENSG00000117713,15.201235000000002,4.018031887038269,21.0,31,3.0,3,4.832964683090469,3.0,-0.8149327960521999,ARID1A,O14497,True,51,14.20585997640166,21.0,31,descriptive abundance; no clinical expression threshold; isodoping flagged where supplied
VOA8762,MC,VOA8762,p27,NA,4.0,ARID1A,ENSG00000117713,32.113754,5.0493586685996705,6.0,31,1.0,3,4.832964683090469,3.0,0.21639398550920141,ARID1A,O14497,True,51,14.44738054212398,14.0,31,descriptive abundance; no clinical expression threshold; isodoping flagged where supplied
VOA8771,MC,VOA8771,p28,NA,5.0,ARID1A,ENSG00000117713,27.5014751,4.832964683090469,9.0,31,2.0,3,4.832964683090469,3.0,0.0,ARID1A,O14497,True,51,14.49817794393367,11.0,31,descriptive abundance; no clinical expression threshold; isodoping flagged where supplied
VOA5217,MMMT,VOA5217,p36,NA,4.0,ARID1A,ENSG00000117713,9.0806557,3.333517577412889,29.0,31,2.0,2,3.3461819680714457,2.0,-0.012664390658556623,ARID1A,O14497,True,51,14.03222153875706,23.0,31,descriptive abundance; no clinical expression threshold; isodoping flagged where supplied
VOA5436,MMMT,VOA5436,p35,NA,5.0,ARID1A,ENSG00000117713,9.2592002,3.358846358730002,28.0,31,1.0,2,3.3461819680714457,2.0,0.01266439065855618,ARID1A,O14497,True,51,13.8331083313369,28.0,31,descriptive abundance; no clinical expression threshold; isodoping flagged where supplied
BIN67,SCCOHT,BIN67,p51,NA,3.0,ARID1A,ENSG00000117713,35.7956331,5.201462652506417,5.0,31,2.0,2,5.706249879960257,2.0,-0.5047872274538401,ARID1A,O14497,True,51,14.41986799891797,15.0,31,descriptive abundance; no clinical expression threshold; isodoping flagged where supplied
COV434,SCCOHT,COV434,p46,NA,1.0,ARID1A,ENSG00000117713,73.0812793,6.211037107414098,1.0,31,1.0,2,5.706249879960257,2.0,0.504787227453841,ARID1A,O14497,True,51,14.38954657894921,17.0,31,descriptive abundance; no clinical expression threshold; isodoping flagged where supplied
OV1369-R2,HGS,1369,p69,P66,1.0,SMARCA4,ENSG00000127616,61.06173162672594,5.955632045934428,18.0,31,8.0,15,6.007864973131266,12.0,-0.052232927196837586,SMARCA4,P51532,False,42,13.82680493254873,22.0,31,descriptive abundance; no clinical expression threshold; isodoping flagged where supplied
OV1946,HGS,OV1946,p64,NA,5.0,SMARCA4,ENSG00000127616,67.7339098889204,6.1029501234627554,16.0,31,7.0,15,6.007864973131266,12.0,0.09508515033148957,SMARCA4,P51532,False,42,14.03115605811618,16.0,31,descriptive abundance; no clinical expression threshold; isodoping flagged where supplied
OV2085,HGS,OV2085,p68,P64,2.0,SMARCA4,ENSG00000127616,105.9678353817993,6.7410332414372185,3.0,31,2.0,15,6.007864973131266,12.0,0.7331682683059526,SMARCA4,P51532,False,42,14.83310730965481,1.0,31,descriptive abundance; no clinical expression threshold; isodoping flagged where supplied
OV2295,HGS,2295,p64,P61,5.0,SMARCA4,ENSG00000127616,42.89720339085079,5.456057126158969,26.0,31,14.0,15,6.007864973131266,12.0,-0.5518078469722969,SMARCA4,P51532,False,42,14.29891205265761,7.0,31,descriptive abundance; no clinical expression threshold; isodoping flagged where supplied
OV2295-R2,HGS,2295,p67,P70,3.0,SMARCA4,ENSG00000127616,81.68206521560812,6.369502519440582,11.0,31,4.0,15,6.007864973131266,12.0,0.361637546309316,SMARCA4,P51532,False,42,14.30148066759101,6.0,31,descriptive abundance; no clinical expression threshold; isodoping flagged where supplied
OV3133-R,HGS,3133,p64,P71,1.0,SMARCA4,ENSG00000127616,32.51586313616606,5.066772183028073,27.0,31,15.0,15,6.007864973131266,12.0,-0.9410927901031929,SMARCA4,P51532,False,42,14.35613668519598,3.0,31,descriptive abundance; no clinical expression threshold; isodoping flagged where supplied
OV3133-R2,HGS,3133,NA,P58,NA,SMARCA4,ENSG00000127616,NA,NA,NA,31,NA,15,6.007864973131266,12.0,NA,SMARCA4,P51532,False,42,NA,NA,31,descriptive abundance; no clinical expression threshold; isodoping flagged where supplied
OV3291,HGS,3291,NA,P46,NA,SMARCA4,ENSG00000127616,NA,NA,NA,31,NA,15,6.007864973131266,12.0,NA,SMARCA4,P51532,False,42,NA,NA,31,descriptive abundance; no clinical expression threshold; isodoping flagged where supplied
OV4453,HGS,OV4453,p60,NA,4.0,SMARCA4,ENSG00000127616,129.08795031999998,7.023343525245717,2.0,31,1.0,15,6.007864973131266,12.0,1.015478552114451,SMARCA4,P51532,False,42,14.31010311293304,5.0,31,descriptive abundance; no clinical expression threshold; isodoping flagged where supplied
OV4485,HGS,OV4485,p60,NA,2.0,SMARCA4,ENSG00000127616,46.66061656564658,5.574725710084179,24.0,31,12.0,15,6.007864973131266,12.0,-0.43313926304708694,SMARCA4,P51532,False,42,14.33779551913424,4.0,31,descriptive abundance; no clinical expression threshold; isodoping flagged where supplied
OV866-2,HGS,OV866-2,p67,NA,1.0,SMARCA4,ENSG00000127616,97.06959631575978,6.615734034155014,8.0,31,3.0,15,6.007864973131266,12.0,0.6078690610237478,SMARCA4,P51532,False,42,14.14787526558116,11.0,31,descriptive abundance; no clinical expression threshold; isodoping flagged where supplied
TOV1369,HGS,1369,p65,P65,2.0,SMARCA4,ENSG00000127616,50.993549845020176,5.700260753068197,23.0,31,11.0,15,6.007864973131266,12.0,-0.30760422006306865,SMARCA4,P51532,False,42,14.16626043027806,10.0,31,descriptive abundance; no clinical expression threshold; isodoping flagged where supplied
TOV2295-R,HGS,2295,NA,P57,NA,SMARCA4,ENSG00000127616,NA,NA,NA,31,NA,15,6.007864973131266,12.0,NA,SMARCA4,P51532,False,42,NA,NA,31,descriptive abundance; no clinical expression threshold; isodoping flagged where supplied
TOV2835EP,HGS,TOV2835EP,NA,P64,NA,SMARCA4,ENSG00000127616,NA,NA,NA,31,NA,15,6.007864973131266,12.0,NA,SMARCA4,P51532,False,42,NA,NA,31,descriptive abundance; no clinical expression threshold; isodoping flagged where supplied
TOV2881EP,HGS,TOV2881EP,NA,P64,NA,SMARCA4,ENSG00000127616,NA,NA,NA,31,NA,15,6.007864973131266,12.0,NA,SMARCA4,P51532,False,42,NA,NA,31,descriptive abundance; no clinical expression threshold; isodoping flagged where supplied
TOV2929D,HGS,TOV2929D,NA,P57,NA,SMARCA4,ENSG00000127616,NA,NA,NA,31,NA,15,6.007864973131266,12.0,NA,SMARCA4,P51532,False,42,NA,NA,31,descriptive abundance; no clinical expression threshold; isodoping flagged where supplied
TOV3041G,HGS,TOV3041G,p67,NA,3.0,SMARCA4,ENSG00000127616,57.547143184800014,5.871526870845706,21.0,31,10.0,15,6.007864973131266,12.0,-0.13633810228555987,SMARCA4,P51532,False,42,14.07140765915869,14.0,31,descriptive abundance; no clinical expression threshold; isodoping flagged where supplied
TOV3121D,HGS,3121,NA,P68,NA,SMARCA4,ENSG00000127616,NA,NA,NA,31,NA,15,6.007864973131266,12.0,NA,SMARCA4,P51532,False,42,NA,NA,31,descriptive abundance; no clinical expression threshold; isodoping flagged where supplied
TOV3121EP,HGS,3121,NA,P68,NA,SMARCA4,ENSG00000127616,NA,NA,NA,31,NA,15,6.007864973131266,12.0,NA,SMARCA4,P51532,False,42,NA,NA,31,descriptive abundance; no clinical expression threshold; isodoping flagged where supplied
TOV3133D,HGS,3133,NA,P66,NA,SMARCA4,ENSG00000127616,NA,NA,NA,31,NA,15,6.007864973131266,12.0,NA,SMARCA4,P51532,False,42,NA,NA,31,descriptive abundance; no clinical expression threshold; isodoping flagged where supplied
TOV3133G,HGS,3133,p61,P65,4.0,SMARCA4,ENSG00000127616,59.19942702480745,5.911677850437078,19.0,31,9.0,15,6.007864973131266,12.0,-0.09618712269418772,SMARCA4,P51532,False,42,14.05583137874352,15.0,31,descriptive abundance; no clinical expression threshold; isodoping flagged where supplied
TOV3291G,HGS,3291,p62,NA,2.0,SMARCA4,ENSG00000127616,76.36353519636,6.2735818164565895,12.0,31,5.0,15,6.007864973131266,12.0,0.26571684332532364,SMARCA4,P51532,False,42,14.11101738722915,12.0,31,descriptive abundance; no clinical expression threshold; isodoping flagged where supplied
OV3331,HGS,OV3331,p71,P54,4.0,SMARCA4,ENSG00000127616,72.93382657966839,6.208162679463036,13.0,31,6.0,15,6.007864973131266,12.0,0.2002977063317699,SMARCA4,P51532,False,42,14.2559625297012,9.0,31,descriptive abundance; no clinical expression threshold; isodoping flagged where supplied
OV90,HGS,OV90,p70,P63,5.0,SMARCA4,ENSG00000127616,43.37511255979948,5.471678873868294,25.0,31,13.0,15,6.007864973131266,12.0,-0.5361860992629719,SMARCA4,P51532,False,42,14.09141993866698,13.0,31,descriptive abundance; no clinical expression threshold; isodoping flagged where supplied
TOV81D,LGS,TOV81D,NA,P23,NA,SMARCA4,ENSG00000127616,NA,NA,NA,31,NA,0,NA,0.0,NA,SMARCA4,P51532,False,42,NA,NA,31,descriptive abundance; no clinical expression threshold; isodoping flagged where supplied
TOV21G,CC,TOV21G,p63,P59,5.0,SMARCA4,ENSG00000127616,97.65538761034313,6.624325934143199,7.0,31,3.0,7,6.04017807320282,7.0,0.5841478609403792,SMARCA4,P51532,False,42,13.80411535826535,23.0,31,descriptive abundance; no clinical expression threshold; isodoping flagged where supplied
TOV3392D,CC,TOV3392D,p69,P69,1.0,SMARCA4,ENSG00000127616,64.80740707472785,6.04017807320282,17.0,31,4.0,7,6.04017807320282,7.0,0.0,SMARCA4,P51532,False,42,13.76491446343037,24.0,31,descriptive abundance; no clinical expression threshold; isodoping flagged where supplied
VOA10816,CC,VOA10816,p20,NA,1.0,SMARCA4,ENSG00000127616,31.455388468755775,5.020386119237397,28.0,31,6.0,7,6.04017807320282,7.0,-1.0197919539654228,SMARCA4,P51532,False,42,13.65244947245184,27.0,31,descriptive abundance; no clinical expression threshold; isodoping flagged where supplied
VOA12539,CC,VOA12539,p41,NA,2.0,SMARCA4,ENSG00000127616,302.4778165160143,8.245447252641137,1.0,31,1.0,7,6.04017807320282,7.0,2.205269179438317,SMARCA4,P51532,False,42,13.87105785446353,20.0,31,descriptive abundance; no clinical expression threshold; isodoping flagged where supplied
VOA14993,CC,VOA14993,NA,NA,3.0,SMARCA4,ENSG00000127616,NA,NA,NA,31,NA,7,6.04017807320282,7.0,NA,SMARCA4,P51532,False,42,13.82714914425968,21.0,31,descriptive abundance; no clinical expression threshold; isodoping flagged where supplied
VOA295,CC,VOA295,p31,NA,2.0,SMARCA4,ENSG00000127616,103.51994948047393,6.70763452222146,5.0,31,2.0,7,6.04017807320282,7.0,0.6674564490186405,SMARCA4,P51532,False,42,13.73510245270652,25.0,31,descriptive abundance; no clinical expression threshold; isodoping flagged where supplied
VOA4841,CC,VOA4841,p43,NA,3.0,SMARCA4,ENSG00000127616,4.99496670433,2.583751741023755,31.0,31,7.0,7,6.04017807320282,7.0,-3.4564263321790647,SMARCA4,P51532,False,42,13.30633588651286,31.0,31,descriptive abundance; no clinical expression threshold; isodoping flagged where supplied
VOA6861,CC,VOA6861,p17,NA,NA,SMARCA4,ENSG00000127616,57.5496576089043,5.871588828937847,20.0,31,5.0,7,6.04017807320282,7.0,-0.16858924426497257,SMARCA4,P51532,False,42,NA,NA,31,descriptive abundance; no clinical expression threshold; isodoping flagged where supplied
TOV112D,EC,TOV112D,p63,P83,4.0,SMARCA4,ENSG00000127616,11.90410502434607,3.689758180394257,30.0,31,2.0,2,5.1827657914359335,2.0,-1.4930076110416763,SMARCA4,P51532,False,42,13.57750866172423,28.0,31,descriptive abundance; no clinical expression threshold; isodoping flagged where supplied
VOA4395,EC,VOA4395,p39-40,NA,1.0,SMARCA4,ENSG00000127616,101.23698614777842,6.675773402477611,6.0,31,1.0,2,5.1827657914359335,2.0,1.4930076110416772,SMARCA4,P51532,False,42,13.66107485838401,26.0,31,descriptive abundance; no clinical expression threshold; isodoping flagged where supplied
TOV2414,MC,TOV2414,p69,P65,5.0,SMARCA4,ENSG00000127616,72.62471631953844,6.2021182650503786,14.0,31,1.0,3,6.173546311182416,3.0,0.02857195386796274,SMARCA4,P51532,False,42,13.98160010207436,17.0,31,descriptive abundance; no clinical expression threshold; isodoping flagged where supplied
VOA8762,MC,VOA8762,p27,NA,4.0,SMARCA4,ENSG00000127616,71.180954257501,6.173546311182416,15.0,31,2.0,3,6.173546311182416,3.0,0.0,SMARCA4,P51532,False,42,14.26740608558749,8.0,31,descriptive abundance; no clinical expression threshold; isodoping flagged where supplied
VOA8771,MC,VOA8771,p28,NA,5.0,SMARCA4,ENSG00000127616,53.083880629899994,5.757126766563916,22.0,31,3.0,3,6.173546311182416,3.0,-0.41641954461849995,SMARCA4,P51532,False,42,14.36397431914488,2.0,31,descriptive abundance; no clinical expression threshold; isodoping flagged where supplied
VOA5217,MMMT,VOA5217,p36,NA,4.0,SMARCA4,ENSG00000127616,93.45322752395217,6.56152819010603,10.0,31,2.0,2,6.6430814178734785,2.0,-0.08155322776744889,SMARCA4,P51532,False,42,13.93165217959533,18.0,31,descriptive abundance; no clinical expression threshold; isodoping flagged where supplied
VOA5436,MMMT,VOA5436,p35,NA,5.0,SMARCA4,ENSG00000127616,104.7588545004332,6.7246346456409265,4.0,31,1.0,2,6.6430814178734785,2.0,0.081553227767448,SMARCA4,P51532,False,42,13.87837416073191,19.0,31,descriptive abundance; no clinical expression threshold; isodoping flagged where supplied
BIN67,SCCOHT,BIN67,p51,NA,3.0,SMARCA4,ENSG00000127616,94.70656161899998,6.580545933816809,9.0,31,1.0,2,5.353134173483916,2.0,1.2274117603328927,SMARCA4,P51532,False,42,13.31521991311272,30.0,31,descriptive abundance; no clinical expression threshold; isodoping flagged where supplied
COV434,SCCOHT,COV434,p46,NA,1.0,SMARCA4,ENSG00000127616,16.456862860196477,4.125722413151023,29.0,31,2.0,2,5.353134173483916,2.0,-1.2274117603328927,SMARCA4,P51532,False,42,13.4202026098836,29.0,31,descriptive abundance; no clinical expression threshold; isodoping flagged where supplied
OV1369-R2,HGS,1369,p69,P66,1.0,SMARCA2,ENSG00000080503,9.70772025,3.4205794476068387,17.0,31,6.0,15,2.7445785792726567,12.0,0.676000868334182,SMARCA2,P51531,False,18,11.68551531584097,18.0,31,descriptive abundance; no clinical expression threshold; isodoping flagged where supplied
OV1946,HGS,OV1946,p64,NA,5.0,SMARCA2,ENSG00000080503,31.187298684,5.0084195987384446,5.0,31,1.0,15,2.7445785792726567,12.0,2.263841019465788,SMARCA2,P51531,False,18,12.07046408061436,10.0,31,descriptive abundance; no clinical expression threshold; isodoping flagged where supplied
OV2085,HGS,OV2085,p68,P64,2.0,SMARCA2,ENSG00000080503,0.1208805082,0.1646324874066616,29.0,31,15.0,15,2.7445785792726567,12.0,-2.5799460918659953,SMARCA2,P51531,False,18,10.96053806450502,31.0,31,descriptive abundance; no clinical expression threshold; isodoping flagged where supplied
OV2295,HGS,2295,p64,P61,5.0,SMARCA2,ENSG00000080503,6.5757341300718775,2.921385700400092,19.0,31,7.0,15,2.7445785792726567,12.0,0.17680712112743535,SMARCA2,P51531,False,18,12.24467956549504,4.0,31,descriptive abundance; no clinical expression threshold; isodoping flagged where supplied
OV2295-R2,HGS,2295,p67,P70,3.0,SMARCA2,ENSG00000080503,2.96850008,1.988593834564889,23.0,31,10.0,15,2.7445785792726567,12.0,-0.7559847447077677,SMARCA2,P51531,False,18,11.88161789631731,14.0,31,descriptive abundance; no clinical expression threshold; isodoping flagged where supplied
OV3133-R,HGS,3133,p64,P71,1.0,SMARCA2,ENSG00000080503,2.478011618,1.7982627518518004,25.0,31,12.0,15,2.7445785792726567,12.0,-0.9463158274208563,SMARCA2,P51531,False,18,12.7111243053821,1.0,31,descriptive abundance; no clinical expression threshold; isodoping flagged where supplied
OV3133-R2,HGS,3133,NA,P58,NA,SMARCA2,ENSG00000080503,NA,NA,NA,31,NA,15,2.7445785792726567,12.0,NA,SMARCA2,P51531,False,18,NA,NA,31,descriptive abundance; no clinical expression threshold; isodoping flagged where supplied
OV3291,HGS,3291,NA,P46,NA,SMARCA2,ENSG00000080503,NA,NA,NA,31,NA,15,2.7445785792726567,12.0,NA,SMARCA2,P51531,False,18,NA,NA,31,descriptive abundance; no clinical expression threshold; isodoping flagged where supplied
OV4453,HGS,OV4453,p60,NA,4.0,SMARCA2,ENSG00000080503,14.7419337459,3.9765408678968526,12.0,31,4.0,15,2.7445785792726567,12.0,1.2319622886241959,SMARCA2,P51531,False,18,12.09735555144914,8.0,31,descriptive abundance; no clinical expression threshold; isodoping flagged where supplied
OV4485,HGS,OV4485,p60,NA,2.0,SMARCA2,ENSG00000080503,3.408791457297,2.1403832368450244,22.0,31,9.0,15,2.7445785792726567,12.0,-0.6041953424276323,SMARCA2,P51531,False,18,11.88010540996622,15.0,31,descriptive abundance; no clinical expression threshold; isodoping flagged where supplied
OV866-2,HGS,OV866-2,p67,NA,1.0,SMARCA2,ENSG00000080503,2.699944630333541,1.8875036809737693,24.0,31,11.0,15,2.7445785792726567,12.0,-0.8570748982988874,SMARCA2,P51531,False,18,11.669053048434613,19.0,31,descriptive abundance; no clinical expression threshold; isodoping flagged where supplied
TOV1369,HGS,1369,p65,P65,2.0,SMARCA2,ENSG00000080503,5.26691460450787,2.647755334518807,20.0,31,8.0,15,2.7445785792726567,12.0,-0.09682324475384974,SMARCA2,P51531,False,18,12.09587129974764,9.0,31,descriptive abundance; no clinical expression threshold; isodoping flagged where supplied
TOV2295-R,HGS,2295,NA,P57,NA,SMARCA2,ENSG00000080503,NA,NA,NA,31,NA,15,2.7445785792726567,12.0,NA,SMARCA2,P51531,False,18,NA,NA,31,descriptive abundance; no clinical expression threshold; isodoping flagged where supplied
TOV2835EP,HGS,TOV2835EP,NA,P64,NA,SMARCA2,ENSG00000080503,NA,NA,NA,31,NA,15,2.7445785792726567,12.0,NA,SMARCA2,P51531,False,18,NA,NA,31,descriptive abundance; no clinical expression threshold; isodoping flagged where supplied
TOV2881EP,HGS,TOV2881EP,NA,P64,NA,SMARCA2,ENSG00000080503,NA,NA,NA,31,NA,15,2.7445785792726567,12.0,NA,SMARCA2,P51531,False,18,NA,NA,31,descriptive abundance; no clinical expression threshold; isodoping flagged where supplied
TOV2929D,HGS,TOV2929D,NA,P57,NA,SMARCA2,ENSG00000080503,NA,NA,NA,31,NA,15,2.7445785792726567,12.0,NA,SMARCA2,P51531,False,18,NA,NA,31,descriptive abundance; no clinical expression threshold; isodoping flagged where supplied
TOV3041G,HGS,TOV3041G,p67,NA,3.0,SMARCA2,ENSG00000080503,15.95276740395035,4.083448895922378,11.0,31,3.0,15,2.7445785792726567,12.0,1.3388703166497211,SMARCA2,P51531,False,18,12.18408196431678,5.0,31,descriptive abundance; no clinical expression threshold; isodoping flagged where supplied
TOV3121D,HGS,3121,NA,P68,NA,SMARCA2,ENSG00000080503,NA,NA,NA,31,NA,15,2.7445785792726567,12.0,NA,SMARCA2,P51531,False,18,NA,NA,31,descriptive abundance; no clinical expression threshold; isodoping flagged where supplied
TOV3121EP,HGS,3121,NA,P68,NA,SMARCA2,ENSG00000080503,NA,NA,NA,31,NA,15,2.7445785792726567,12.0,NA,SMARCA2,P51531,False,18,NA,NA,31,descriptive abundance; no clinical expression threshold; isodoping flagged where supplied
TOV3133D,HGS,3133,NA,P66,NA,SMARCA2,ENSG00000080503,NA,NA,NA,31,NA,15,2.7445785792726567,12.0,NA,SMARCA2,P51531,False,18,NA,NA,31,descriptive abundance; no clinical expression threshold; isodoping flagged where supplied
TOV3133G,HGS,3133,p61,P65,4.0,SMARCA2,ENSG00000080503,1.86665894802,1.5193702745581399,26.0,31,13.0,15,2.7445785792726567,12.0,-1.2252083047145168,SMARCA2,P51531,False,18,11.98725020632355,11.0,31,descriptive abundance; no clinical expression threshold; isodoping flagged where supplied
TOV3291G,HGS,3291,p62,NA,2.0,SMARCA2,ENSG00000080503,23.8926259018465,4.637646521901712,6.0,31,2.0,15,2.7445785792726567,12.0,1.8930679426290555,SMARCA2,P51531,False,18,12.62664844572151,2.0,31,descriptive abundance; no clinical expression threshold; isodoping flagged where supplied
OV3331,HGS,OV3331,p71,P54,4.0,SMARCA2,ENSG00000080503,12.050265799999998,3.706007285930546,16.0,31,5.0,15,2.7445785792726567,12.0,0.9614287066578893,SMARCA2,P51531,False,18,11.89807983895035,13.0,31,descriptive abundance; no clinical expression threshold; isodoping flagged where supplied
OV90,HGS,OV90,p70,P63,5.0,SMARCA2,ENSG00000080503,0.4996629999999999,0.5846383388197525,27.0,31,14.0,15,2.7445785792726567,12.0,-2.1599402404529044,SMARCA2,P51531,False,18,11.17357825958146,30.0,31,descriptive abundance; no clinical expression threshold; isodoping flagged where supplied
TOV81D,LGS,TOV81D,NA,P23,NA,SMARCA2,ENSG00000080503,NA,NA,NA,31,NA,0,NA,0.0,NA,SMARCA2,P51531,False,18,NA,NA,31,descriptive abundance; no clinical expression threshold; isodoping flagged where supplied
TOV21G,CC,TOV21G,p63,P59,5.0,SMARCA2,ENSG00000080503,38.00182619099999,5.285469772067821,3.0,31,1.0,7,4.1595295833332315,7.0,1.1259401887345897,SMARCA2,P51531,False,18,11.69478949944153,17.0,31,descriptive abundance; no clinical expression threshold; isodoping flagged where supplied
TOV3392D,CC,TOV3392D,p69,P69,1.0,SMARCA2,ENSG00000080503,5.028496310648216,2.591798195209769,21.0,31,7.0,7,4.1595295833332315,7.0,-1.5677313881234625,SMARCA2,P51531,False,18,11.587171490883,21.0,31,descriptive abundance; no clinical expression threshold; isodoping flagged where supplied
VOA10816,CC,VOA10816,p20,NA,1.0,SMARCA2,ENSG00000080503,12.345259053649285,3.7382554057466133,15.0,31,6.0,7,4.1595295833332315,7.0,-0.4212741775866182,SMARCA2,P51531,False,18,11.2035066169792,29.0,31,descriptive abundance; no clinical expression threshold; isodoping flagged where supplied
VOA12539,CC,VOA12539,p41,NA,2.0,SMARCA2,ENSG00000080503,13.362191230690112,3.844203971936955,14.0,31,5.0,7,4.1595295833332315,7.0,-0.31532561139627635,SMARCA2,P51531,False,18,11.26870685353281,28.0,31,descriptive abundance; no clinical expression threshold; isodoping flagged where supplied
VOA14993,CC,VOA14993,NA,NA,3.0,SMARCA2,ENSG00000080503,NA,NA,NA,31,NA,7,4.1595295833332315,7.0,NA,SMARCA2,P51531,False,18,11.46316028258276,24.0,31,descriptive abundance; no clinical expression threshold; isodoping flagged where supplied
VOA295,CC,VOA295,p31,NA,2.0,SMARCA2,ENSG00000080503,16.8707661743,4.1595295833332315,9.0,31,4.0,7,4.1595295833332315,7.0,0.0,SMARCA2,P51531,False,18,11.70652494563973,16.0,31,descriptive abundance; no clinical expression threshold; isodoping flagged where supplied
VOA4841,CC,VOA4841,p43,NA,3.0,SMARCA2,ENSG00000080503,21.052909399999997,4.462897095344247,8.0,31,3.0,7,4.1595295833332315,7.0,0.3033675120110155,SMARCA2,P51531,False,18,12.1094895070011,7.0,31,descriptive abundance; no clinical expression threshold; isodoping flagged where supplied
VOA6861,CC,VOA6861,p17,NA,NA,SMARCA2,ENSG00000080503,32.632079566299986,5.07176608241173,4.0,31,2.0,7,4.1595295833332315,7.0,0.9122364990784986,SMARCA2,P51531,False,18,NA,NA,31,descriptive abundance; no clinical expression threshold; isodoping flagged where supplied
TOV112D,EC,TOV112D,p63,P83,4.0,SMARCA2,ENSG00000080503,0.35373847289,0.43694905330895945,28.0,31,2.0,2,4.096921176686238,2.0,-3.659972123377279,SMARCA2,P51531,False,18,11.45627105905801,26.0,31,descriptive abundance; no clinical expression threshold; isodoping flagged where supplied
VOA4395,EC,VOA4395,p39-40,NA,1.0,SMARCA2,ENSG00000080503,215.3005165,7.756893300063516,1.0,31,1.0,2,4.096921176686238,2.0,3.659972123377278,SMARCA2,P51531,False,18,12.11189272374488,6.0,31,descriptive abundance; no clinical expression threshold; isodoping flagged where supplied
TOV2414,MC,TOV2414,p69,P65,5.0,SMARCA2,ENSG00000080503,16.413686749824997,4.122149771317348,10.0,31,2.0,3,4.122149771317348,3.0,0.0,SMARCA2,P51531,False,18,11.96165884272261,12.0,31,descriptive abundance; no clinical expression threshold; isodoping flagged where supplied
VOA8762,MC,VOA8762,p27,NA,4.0,SMARCA2,ENSG00000080503,7.573906141790608,3.0999526241161184,18.0,31,3.0,3,4.122149771317348,3.0,-1.0221971472012297,SMARCA2,P51531,False,18,11.62634345723883,20.0,31,descriptive abundance; no clinical expression threshold; isodoping flagged where supplied
VOA8771,MC,VOA8771,p28,NA,5.0,SMARCA2,ENSG00000080503,21.241925929,4.47520981136234,7.0,31,1.0,3,4.122149771317348,3.0,0.35306004004499236,SMARCA2,P51531,False,18,12.25293143593393,3.0,31,descriptive abundance; no clinical expression threshold; isodoping flagged where supplied
VOA5217,MMMT,VOA5217,p36,NA,4.0,SMARCA2,ENSG00000080503,14.133845600064436,3.919706726406919,13.0,31,2.0,2,4.688183685984889,2.0,-0.7684769595779697,SMARCA2,P51531,False,18,11.46315712846264,25.0,31,descriptive abundance; no clinical expression threshold; isodoping flagged where supplied
VOA5436,MMMT,VOA5436,p35,NA,5.0,SMARCA2,ENSG00000080503,42.915570651695624,5.456660645562858,2.0,31,1.0,2,4.688183685984889,2.0,0.7684769595779688,SMARCA2,P51531,False,18,11.57494943836875,22.0,31,descriptive abundance; no clinical expression threshold; isodoping flagged where supplied
BIN67,SCCOHT,BIN67,p51,NA,3.0,SMARCA2,ENSG00000080503,0.02561418,0.036488113709559296,31.0,31,2.0,2,0.09224552303074782,2.0,-0.05575740932118852,SMARCA2,P51531,False,18,11.52231003476126,23.0,31,descriptive abundance; no clinical expression threshold; isodoping flagged where supplied
COV434,SCCOHT,COV434,p46,NA,1.0,SMARCA2,ENSG00000080503,0.1080346,0.14800293235193634,30.0,31,1.0,2,0.09224552303074782,2.0,0.05575740932118853,SMARCA2,P51531,False,18,11.35131306247691,27.0,31,descriptive abundance; no clinical expression threshold; isodoping flagged where supplied
OV1369-R2,HGS,1369,p69,P66,1.0,RB1,ENSG00000139687,5.315188,2.65882568296461,17.0,31,3.0,15,1.6404738144309177,12.0,1.0183518685336923,RB1,P06400,True,24,14.21120951725038,1.0,31,descriptive abundance; no clinical expression threshold; isodoping flagged where supplied
OV1946,HGS,OV1946,p64,NA,5.0,RB1,ENSG00000139687,10.708844,3.5495267422215973,12.0,31,2.0,15,1.6404738144309177,12.0,1.9090529277906796,RB1,P06400,True,24,13.63464478276709,13.0,31,descriptive abundance; no clinical expression threshold; isodoping flagged where supplied
OV2085,HGS,OV2085,p68,P64,2.0,RB1,ENSG00000139687,2.457713,1.7898181261635184,21.0,31,5.0,15,1.6404738144309177,12.0,0.14934431173260077,RB1,P06400,True,24,13.92816708382638,3.0,31,descriptive abundance; no clinical expression threshold; isodoping flagged where supplied
OV2295,HGS,2295,p64,P61,5.0,RB1,ENSG00000139687,5.2071665000000005,2.6339348450495152,18.0,31,4.0,15,1.6404738144309177,12.0,0.9934610306185976,RB1,P06400,True,24,13.30979386276185,28.0,31,descriptive abundance; no clinical expression threshold; isodoping flagged where supplied
OV2295-R2,HGS,2295,p67,P70,3.0,RB1,ENSG00000139687,1.6520906,1.40713006124917,25.0,31,9.0,15,1.6404738144309177,12.0,-0.23334375318174772,RB1,P06400,True,24,13.20612709960151,29.0,31,descriptive abundance; no clinical expression threshold; isodoping flagged where supplied
OV3133-R,HGS,3133,p64,P71,1.0,RB1,ENSG00000139687,2.18558579,1.6715586907296123,22.0,31,6.0,15,1.6404738144309177,12.0,0.031084876298694608,RB1,P06400,True,24,13.80553658482265,7.0,31,descriptive abundance; no clinical expression threshold; isodoping flagged where supplied
OV3133-R2,HGS,3133,NA,P58,NA,RB1,ENSG00000139687,NA,NA,NA,31,NA,15,1.6404738144309177,12.0,NA,RB1,P06400,True,24,NA,NA,31,descriptive abundance; no clinical expression threshold; isodoping flagged where supplied
OV3291,HGS,3291,NA,P46,NA,RB1,ENSG00000139687,NA,NA,NA,31,NA,15,1.6404738144309177,12.0,NA,RB1,P06400,True,24,NA,NA,31,descriptive abundance; no clinical expression threshold; isodoping flagged where supplied
OV4453,HGS,OV4453,p60,NA,4.0,RB1,ENSG00000139687,0.9668639004530362,0.9758971320268859,30.0,31,14.0,15,1.6404738144309177,12.0,-0.6645766824040318,RB1,P06400,True,24,13.41200054541235,26.0,31,descriptive abundance; no clinical expression threshold; isodoping flagged where supplied
OV4485,HGS,OV4485,p60,NA,2.0,RB1,ENSG00000139687,0.0861388,0.11920848000801443,31.0,31,15.0,15,1.6404738144309177,12.0,-1.5212653344229032,RB1,P06400,True,24,13.47088578416503,21.0,31,descriptive abundance; no clinical expression threshold; isodoping flagged where supplied
OV866-2,HGS,OV866-2,p67,NA,1.0,RB1,ENSG00000139687,1.38047,1.2512464473677019,27.0,31,11.0,15,1.6404738144309177,12.0,-0.3892273670632158,RB1,P06400,True,24,13.54316387954953,19.0,31,descriptive abundance; no clinical expression threshold; isodoping flagged where supplied
TOV1369,HGS,1369,p65,P65,2.0,RB1,ENSG00000139687,1.241585,1.1645192068404966,28.0,31,12.0,15,1.6404738144309177,12.0,-0.4759546075904211,RB1,P06400,True,24,13.74628829748292,8.0,31,descriptive abundance; no clinical expression threshold; isodoping flagged where supplied
TOV2295-R,HGS,2295,NA,P57,NA,RB1,ENSG00000139687,NA,NA,NA,31,NA,15,1.6404738144309177,12.0,NA,RB1,P06400,True,24,NA,NA,31,descriptive abundance; no clinical expression threshold; isodoping flagged where supplied
TOV2835EP,HGS,TOV2835EP,NA,P64,NA,RB1,ENSG00000139687,NA,NA,NA,31,NA,15,1.6404738144309177,12.0,NA,RB1,P06400,True,24,NA,NA,31,descriptive abundance; no clinical expression threshold; isodoping flagged where supplied
TOV2881EP,HGS,TOV2881EP,NA,P64,NA,RB1,ENSG00000139687,NA,NA,NA,31,NA,15,1.6404738144309177,12.0,NA,RB1,P06400,True,24,NA,NA,31,descriptive abundance; no clinical expression threshold; isodoping flagged where supplied
TOV2929D,HGS,TOV2929D,NA,P57,NA,RB1,ENSG00000139687,NA,NA,NA,31,NA,15,1.6404738144309177,12.0,NA,RB1,P06400,True,24,NA,NA,31,descriptive abundance; no clinical expression threshold; isodoping flagged where supplied
TOV3041G,HGS,TOV3041G,p67,NA,3.0,RB1,ENSG00000139687,0.986575,0.9902832611257555,29.0,31,13.0,15,1.6404738144309177,12.0,-0.6501905533051622,RB1,P06400,True,24,13.72758554785021,10.0,31,descriptive abundance; no clinical expression threshold; isodoping flagged where supplied
TOV3121D,HGS,3121,NA,P68,NA,RB1,ENSG00000139687,NA,NA,NA,31,NA,15,1.6404738144309177,12.0,NA,RB1,P06400,True,24,NA,NA,31,descriptive abundance; no clinical expression threshold; isodoping flagged where supplied
TOV3121EP,HGS,3121,NA,P68,NA,RB1,ENSG00000139687,NA,NA,NA,31,NA,15,1.6404738144309177,12.0,NA,RB1,P06400,True,24,NA,NA,31,descriptive abundance; no clinical expression threshold; isodoping flagged where supplied
TOV3133D,HGS,3133,NA,P66,NA,RB1,ENSG00000139687,NA,NA,NA,31,NA,15,1.6404738144309177,12.0,NA,RB1,P06400,True,24,NA,NA,31,descriptive abundance; no clinical expression threshold; isodoping flagged where supplied
TOV3133G,HGS,3133,p61,P65,4.0,RB1,ENSG00000139687,2.1314138,1.6468141656984958,23.0,31,7.0,15,1.6404738144309177,12.0,0.006340351267578148,RB1,P06400,True,24,13.7389888304644,9.0,31,descriptive abundance; no clinical expression threshold; isodoping flagged where supplied
TOV3291G,HGS,3291,p62,NA,2.0,RB1,ENSG00000139687,2.077505,1.6217612006477813,24.0,31,8.0,15,1.6404738144309177,12.0,-0.018712613783136378,RB1,P06400,True,24,13.56549406122283,18.0,31,descriptive abundance; no clinical expression threshold; isodoping flagged where supplied
OV3331,HGS,OV3331,p71,P54,4.0,RB1,ENSG00000139687,1.5973242,1.3770261035582336,26.0,31,10.0,15,1.6404738144309177,12.0,-0.26344771087268404,RB1,P06400,True,24,13.15411697797806,30.0,31,descriptive abundance; no clinical expression threshold; isodoping flagged where supplied
OV90,HGS,OV90,p70,P63,5.0,RB1,ENSG00000139687,16.5817452,4.136006377338,8.0,31,1.0,15,1.6404738144309177,12.0,2.4955325629070826,RB1,P06400,True,24,13.84966208730853,5.0,31,descriptive abundance; no clinical expression threshold; isodoping flagged where supplied
TOV81D,LGS,TOV81D,NA,P23,NA,RB1,ENSG00000139687,NA,NA,NA,31,NA,0,NA,0.0,NA,RB1,P06400,True,24,NA,NA,31,descriptive abundance; no clinical expression threshold; isodoping flagged where supplied
TOV21G,CC,TOV21G,p63,P59,5.0,RB1,ENSG00000139687,9.012485,3.3237281761788435,14.0,31,4.0,7,3.3237281761788435,7.0,0.0,RB1,P06400,True,24,14.07170269393201,2.0,31,descriptive abundance; no clinical expression threshold; isodoping flagged where supplied
TOV3392D,CC,TOV3392D,p69,P69,1.0,RB1,ENSG00000139687,21.577124,4.49678981416037,5.0,31,1.0,7,3.3237281761788435,7.0,1.1730616379815264,RB1,P06400,True,24,12.92596356767833,31.0,31,descriptive abundance; no clinical expression threshold; isodoping flagged where supplied
VOA10816,CC,VOA10816,p20,NA,1.0,RB1,ENSG00000139687,7.320423,3.0566568750598293,16.0,31,6.0,7,3.3237281761788435,7.0,-0.2670713011190142,RB1,P06400,True,24,13.48460686986853,20.0,31,descriptive abundance; no clinical expression threshold; isodoping flagged where supplied
VOA12539,CC,VOA12539,p41,NA,2.0,RB1,ENSG00000139687,9.177369,3.3472927465527893,13.0,31,3.0,7,3.3237281761788435,7.0,0.02356457037394577,RB1,P06400,True,24,13.45365025185825,22.0,31,descriptive abundance; no clinical expression threshold; isodoping flagged where supplied
VOA14993,CC,VOA14993,NA,NA,3.0,RB1,ENSG00000139687,NA,NA,NA,31,NA,7,3.3237281761788435,7.0,NA,RB1,P06400,True,24,13.62238903299017,14.0,31,descriptive abundance; no clinical expression threshold; isodoping flagged where supplied
VOA295,CC,VOA295,p31,NA,2.0,RB1,ENSG00000139687,13.161529899999998,3.8239052261215245,11.0,31,2.0,7,3.3237281761788435,7.0,0.500177049942681,RB1,P06400,True,24,13.81915211847437,6.0,31,descriptive abundance; no clinical expression threshold; isodoping flagged where supplied
VOA4841,CC,VOA4841,p43,NA,3.0,RB1,ENSG00000139687,4.6974047,2.5103048878561234,19.0,31,7.0,7,3.3237281761788435,7.0,-0.8134232883227202,RB1,P06400,True,24,13.32700833093909,27.0,31,descriptive abundance; no clinical expression threshold; isodoping flagged where supplied
VOA6861,CC,VOA6861,p17,NA,NA,RB1,ENSG00000139687,8.615506,3.265362778988234,15.0,31,5.0,7,3.3237281761788435,7.0,-0.058365397190609514,RB1,P06400,True,24,NA,NA,31,descriptive abundance; no clinical expression threshold; isodoping flagged where supplied
TOV112D,EC,TOV112D,p63,P83,4.0,RB1,ENSG00000139687,28.788334,4.89667553377695,1.0,31,1.0,2,4.57316817640438,2.0,0.32350735737256997,RB1,P06400,True,24,13.87215797806792,4.0,31,descriptive abundance; no clinical expression threshold; isodoping flagged where supplied
VOA4395,EC,VOA4395,p39-40,NA,1.0,RB1,ENSG00000139687,18.022841,4.249660819031809,7.0,31,2.0,2,4.57316817640438,2.0,-0.32350735737257086,RB1,P06400,True,24,13.59648218053461,15.0,31,descriptive abundance; no clinical expression threshold; isodoping flagged where supplied
TOV2414,MC,TOV2414,p69,P65,5.0,RB1,ENSG00000139687,2.740139,1.903091887996405,20.0,31,3.0,3,3.8339884132125337,3.0,-1.9308965252161288,RB1,P06400,True,24,13.43880317711042,25.0,31,descriptive abundance; no clinical expression threshold; isodoping flagged where supplied
VOA8762,MC,VOA8762,p27,NA,4.0,RB1,ENSG00000139687,13.2608534,3.8339884132125337,10.0,31,2.0,3,3.8339884132125337,3.0,0.0,RB1,P06400,True,24,13.57820890694488,17.0,31,descriptive abundance; no clinical expression threshold; isodoping flagged where supplied
VOA8771,MC,VOA8771,p28,NA,5.0,RB1,ENSG00000139687,18.101932,4.255646657015346,6.0,31,1.0,3,3.8339884132125337,3.0,0.421658243802812,RB1,P06400,True,24,13.58041950567749,16.0,31,descriptive abundance; no clinical expression threshold; isodoping flagged where supplied
VOA5217,MMMT,VOA5217,p36,NA,4.0,RB1,ENSG00000139687,23.384227,4.607876333369699,3.0,31,1.0,2,4.556331176454709,2.0,0.05154515691499029,RB1,P06400,True,24,13.45155561062378,23.0,31,descriptive abundance; no clinical expression threshold; isodoping flagged where supplied
VOA5436,MMMT,VOA5436,p35,NA,5.0,RB1,ENSG00000139687,21.7026062,4.504786019539719,4.0,31,2.0,2,4.556331176454709,2.0,-0.0515451569149894,RB1,P06400,True,24,13.71999647645009,11.0,31,descriptive abundance; no clinical expression threshold; isodoping flagged where supplied
BIN67,SCCOHT,BIN67,p51,NA,3.0,RB1,ENSG00000139687,27.6878347,4.842367175386387,2.0,31,1.0,2,4.461414655656999,2.0,0.38095251972938726,RB1,P06400,True,24,13.70705396618021,12.0,31,descriptive abundance; no clinical expression threshold; isodoping flagged where supplied
COV434,SCCOHT,COV434,p46,NA,1.0,RB1,ENSG00000139687,15.917707,4.080462135927612,9.0,31,2.0,2,4.461414655656999,2.0,-0.38095251972938726,RB1,P06400,True,24,13.45037194596771,24.0,31,descriptive abundance; no clinical expression threshold; isodoping flagged where supplied
OV1369-R2,HGS,1369,p69,P66,1.0,PTEN,ENSG00000171862,1.669622,1.416635480739897,27.0,31,12.0,15,2.1605746330129936,12.0,-0.7439391522730965,PTEN,P60484,True,5,11.72210772465402,31.0,31,descriptive abundance; no clinical expression threshold; isodoping flagged where supplied
OV1946,HGS,OV1946,p64,NA,5.0,PTEN,ENSG00000171862,6.537942999999999,2.914170885752038,16.0,31,4.0,15,2.1605746330129936,12.0,0.7535962527390443,PTEN,P60484,True,5,12.56947440471888,9.0,31,descriptive abundance; no clinical expression threshold; isodoping flagged where supplied
OV2085,HGS,OV2085,p68,P64,2.0,PTEN,ENSG00000171862,5.680147,2.7398798502798023,18.0,31,6.0,15,2.1605746330129936,12.0,0.5793052172668087,PTEN,P60484,True,5,12.01927202924932,28.0,31,descriptive abundance; no clinical expression threshold; isodoping flagged where supplied
OV2295,HGS,2295,p64,P61,5.0,PTEN,ENSG00000171862,7.04153,3.007470017997988,14.0,31,3.0,15,2.1605746330129936,12.0,0.8468953849849945,PTEN,P60484,True,5,12.66826620096182,2.0,31,descriptive abundance; no clinical expression threshold; isodoping flagged where supplied
OV2295-R2,HGS,2295,p67,P70,3.0,PTEN,ENSG00000171862,6.4649109,2.900125040681949,17.0,31,5.0,15,2.1605746330129936,12.0,0.7395504076689554,PTEN,P60484,True,5,12.598058406501,7.0,31,descriptive abundance; no clinical expression threshold; isodoping flagged where supplied
OV3133-R,HGS,3133,p64,P71,1.0,PTEN,ENSG00000171862,2.719368,1.895057497481916,22.0,31,9.0,15,2.1605746330129936,12.0,-0.2655171355310775,PTEN,P60484,True,5,12.26534345449106,21.0,31,descriptive abundance; no clinical expression threshold; isodoping flagged where supplied
OV3133-R2,HGS,3133,NA,P58,NA,PTEN,ENSG00000171862,NA,NA,NA,31,NA,15,2.1605746330129936,12.0,NA,PTEN,P60484,True,5,NA,NA,31,descriptive abundance; no clinical expression threshold; isodoping flagged where supplied
OV3291,HGS,3291,NA,P46,NA,PTEN,ENSG00000171862,NA,NA,NA,31,NA,15,2.1605746330129936,12.0,NA,PTEN,P60484,True,5,NA,NA,31,descriptive abundance; no clinical expression threshold; isodoping flagged where supplied
OV4453,HGS,OV4453,p60,NA,4.0,PTEN,ENSG00000171862,31.303065,5.013599153011356,1.0,31,1.0,15,2.1605746330129936,12.0,2.853024519998362,PTEN,P60484,True,5,12.67872107231259,1.0,31,descriptive abundance; no clinical expression threshold; isodoping flagged where supplied
OV4485,HGS,OV4485,p60,NA,2.0,PTEN,ENSG00000171862,2.6456372999999997,1.866171036549842,24.0,31,11.0,15,2.1605746330129936,12.0,-0.2944035964631515,PTEN,P60484,True,5,12.20123832238253,22.0,31,descriptive abundance; no clinical expression threshold; isodoping flagged where supplied
OV866-2,HGS,OV866-2,p67,NA,1.0,PTEN,ENSG00000171862,1.2544323,1.1727641868790655,30.0,31,15.0,15,2.1605746330129936,12.0,-0.9878104461339281,PTEN,P60484,True,5,12.39110515632732,17.0,31,descriptive abundance; no clinical expression threshold; isodoping flagged where supplied
TOV1369,HGS,1369,p65,P65,2.0,PTEN,ENSG00000171862,1.5392744,1.3444163044493127,28.0,31,13.0,15,2.1605746330129936,12.0,-0.8161583285636809,PTEN,P60484,True,5,12.131869082661,24.0,31,descriptive abundance; no clinical expression threshold; isodoping flagged where supplied
TOV2295-R,HGS,2295,NA,P57,NA,PTEN,ENSG00000171862,NA,NA,NA,31,NA,15,2.1605746330129936,12.0,NA,PTEN,P60484,True,5,NA,NA,31,descriptive abundance; no clinical expression threshold; isodoping flagged where supplied
TOV2835EP,HGS,TOV2835EP,NA,P64,NA,PTEN,ENSG00000171862,NA,NA,NA,31,NA,15,2.1605746330129936,12.0,NA,PTEN,P60484,True,5,NA,NA,31,descriptive abundance; no clinical expression threshold; isodoping flagged where supplied
TOV2881EP,HGS,TOV2881EP,NA,P64,NA,PTEN,ENSG00000171862,NA,NA,NA,31,NA,15,2.1605746330129936,12.0,NA,PTEN,P60484,True,5,NA,NA,31,descriptive abundance; no clinical expression threshold; isodoping flagged where supplied
TOV2929D,HGS,TOV2929D,NA,P57,NA,PTEN,ENSG00000171862,NA,NA,NA,31,NA,15,2.1605746330129936,12.0,NA,PTEN,P60484,True,5,NA,NA,31,descriptive abundance; no clinical expression threshold; isodoping flagged where supplied
TOV3041G,HGS,TOV3041G,p67,NA,3.0,PTEN,ENSG00000171862,1.3618606999999998,1.2399238786446805,29.0,31,14.0,15,2.1605746330129936,12.0,-0.9206507543683131,PTEN,P60484,True,5,12.46515354156158,15.0,31,descriptive abundance; no clinical expression threshold; isodoping flagged where supplied
TOV3121D,HGS,3121,NA,P68,NA,PTEN,ENSG00000171862,NA,NA,NA,31,NA,15,2.1605746330129936,12.0,NA,PTEN,P60484,True,5,NA,NA,31,descriptive abundance; no clinical expression threshold; isodoping flagged where supplied
TOV3121EP,HGS,3121,NA,P68,NA,PTEN,ENSG00000171862,NA,NA,NA,31,NA,15,2.1605746330129936,12.0,NA,PTEN,P60484,True,5,NA,NA,31,descriptive abundance; no clinical expression threshold; isodoping flagged where supplied
TOV3133D,HGS,3133,NA,P66,NA,PTEN,ENSG00000171862,NA,NA,NA,31,NA,15,2.1605746330129936,12.0,NA,PTEN,P60484,True,5,NA,NA,31,descriptive abundance; no clinical expression threshold; isodoping flagged where supplied
TOV3133G,HGS,3133,p61,P65,4.0,PTEN,ENSG00000171862,5.102141,2.60931551614249,19.0,31,7.0,15,2.1605746330129936,12.0,0.44874088312949656,PTEN,P60484,True,5,12.56603326010248,10.0,31,descriptive abundance; no clinical expression threshold; isodoping flagged where supplied
TOV3291G,HGS,3291,p62,NA,2.0,PTEN,ENSG00000171862,2.6652325,1.873904717037961,23.0,31,10.0,15,2.1605746330129936,12.0,-0.28666991597503255,PTEN,P60484,True,5,12.10237467873411,26.0,31,descriptive abundance; no clinical expression threshold; isodoping flagged where supplied
OV3331,HGS,OV3331,p71,P54,4.0,PTEN,ENSG00000171862,3.195849,2.0689627592137843,21.0,31,8.0,15,2.1605746330129936,12.0,-0.09161187379920932,PTEN,P60484,True,5,12.58585514994108,8.0,31,descriptive abundance; no clinical expression threshold; isodoping flagged where supplied
OV90,HGS,OV90,p70,P63,5.0,PTEN,ENSG00000171862,15.055878,4.005029654476832,7.0,31,2.0,15,2.1605746330129936,12.0,1.8444550214638387,PTEN,P60484,True,5,12.46963220382285,14.0,31,descriptive abundance; no clinical expression threshold; isodoping flagged where supplied
TOV81D,LGS,TOV81D,NA,P23,NA,PTEN,ENSG00000171862,NA,NA,NA,31,NA,0,NA,0.0,NA,PTEN,P60484,True,5,NA,NA,31,descriptive abundance; no clinical expression threshold; isodoping flagged where supplied
TOV21G,CC,TOV21G,p63,P59,5.0,PTEN,ENSG00000171862,3.623862,2.2090983409859577,20.0,31,5.0,7,3.164079557725819,7.0,-0.9549812167398612,PTEN,P60484,True,5,12.63122272910053,4.0,31,descriptive abundance; no clinical expression threshold; isodoping flagged where supplied
TOV3392D,CC,TOV3392D,p69,P69,1.0,PTEN,ENSG00000171862,2.192068,1.674491385337776,25.0,31,6.0,7,3.164079557725819,7.0,-1.4895881723880429,PTEN,P60484,True,5,12.32563155992184,20.0,31,descriptive abundance; no clinical expression threshold; isodoping flagged where supplied
VOA10816,CC,VOA10816,p20,NA,1.0,PTEN,ENSG00000171862,11.005199,3.5855874129857748,10.0,31,3.0,7,3.164079557725819,7.0,0.4215078552599558,PTEN,P60484,True,5,11.95108074949753,30.0,31,descriptive abundance; no clinical expression threshold; isodoping flagged where supplied
VOA12539,CC,VOA12539,p41,NA,2.0,PTEN,ENSG00000171862,12.591956,3.764681182224565,8.0,31,2.0,7,3.164079557725819,7.0,0.6006016244987462,PTEN,P60484,True,5,12.06246706881133,27.0,31,descriptive abundance; no clinical expression threshold; isodoping flagged where supplied
VOA14993,CC,VOA14993,NA,NA,3.0,PTEN,ENSG00000171862,NA,NA,NA,31,NA,7,3.164079557725819,7.0,NA,PTEN,P60484,True,5,12.55882519546157,11.0,31,descriptive abundance; no clinical expression threshold; isodoping flagged where supplied
VOA295,CC,VOA295,p31,NA,2.0,PTEN,ENSG00000171862,30.120809,4.959807659231961,2.0,31,1.0,7,3.164079557725819,7.0,1.7957281015061421,PTEN,P60484,True,5,11.97033911447244,29.0,31,descriptive abundance; no clinical expression threshold; isodoping flagged where supplied
VOA4841,CC,VOA4841,p43,NA,3.0,PTEN,ENSG00000171862,7.963608,3.164079557725819,13.0,31,4.0,7,3.164079557725819,7.0,0.0,PTEN,P60484,True,5,12.32900397394501,19.0,31,descriptive abundance; no clinical expression threshold; isodoping flagged where supplied
VOA6861,CC,VOA6861,p17,NA,NA,PTEN,ENSG00000171862,0.0450394,0.0635573357157922,31.0,31,7.0,7,3.164079557725819,7.0,-3.1005222220100266,PTEN,P60484,True,5,NA,NA,31,descriptive abundance; no clinical expression threshold; isodoping flagged where supplied
TOV112D,EC,TOV112D,p63,P83,4.0,PTEN,ENSG00000171862,15.424646000000005,4.037790371398551,6.0,31,1.0,2,3.4918166305712575,2.0,0.5459737408272938,PTEN,P60484,True,5,12.49153073876402,12.0,31,descriptive abundance; no clinical expression threshold; isodoping flagged where supplied
VOA4395,EC,VOA4395,p39-40,NA,1.0,PTEN,ENSG00000171862,6.705255999999999,2.945842889743964,15.0,31,2.0,2,3.4918166305712575,2.0,-0.5459737408272933,PTEN,P60484,True,5,12.14053874782764,23.0,31,descriptive abundance; no clinical expression threshold; isodoping flagged where supplied
TOV2414,MC,TOV2414,p69,P65,5.0,PTEN,ENSG00000171862,1.783052,1.476667864990492,26.0,31,3.0,3,4.46195131351628,3.0,-2.9852834485257875,PTEN,P60484,True,5,12.60444131095718,6.0,31,descriptive abundance; no clinical expression threshold; isodoping flagged where supplied
VOA8762,MC,VOA8762,p27,NA,4.0,PTEN,ENSG00000171862,28.027724999999997,4.859359602441655,3.0,31,1.0,3,4.46195131351628,3.0,0.3974082889253756,PTEN,P60484,True,5,12.45403876781935,16.0,31,descriptive abundance; no clinical expression threshold; isodoping flagged where supplied
VOA8771,MC,VOA8771,p28,NA,5.0,PTEN,ENSG00000171862,21.038457,4.46195131351628,4.0,31,2.0,3,4.46195131351628,3.0,0.0,PTEN,P60484,True,5,12.60603976639214,5.0,31,descriptive abundance; no clinical expression threshold; isodoping flagged where supplied
VOA5217,MMMT,VOA5217,p36,NA,4.0,PTEN,ENSG00000171862,9.772808,3.42932244130228,11.0,31,2.0,2,3.757776984325696,2.0,-0.3284545430234158,PTEN,P60484,True,5,12.6649555725347,3.0,31,descriptive abundance; no clinical expression threshold; isodoping flagged where supplied
VOA5436,MMMT,VOA5436,p35,NA,5.0,PTEN,ENSG00000171862,15.985497,4.086231527349112,5.0,31,1.0,2,3.757776984325696,2.0,0.3284545430234158,PTEN,P60484,True,5,12.47912921969191,13.0,31,descriptive abundance; no clinical expression threshold; isodoping flagged where supplied
BIN67,SCCOHT,BIN67,p51,NA,3.0,PTEN,ENSG00000171862,11.937271999999998,3.693461532388771,9.0,31,1.0,2,3.4793930255400927,2.0,0.21406850684867829,PTEN,P60484,True,5,12.34385730068326,18.0,31,descriptive abundance; no clinical expression threshold; isodoping flagged where supplied
COV434,SCCOHT,COV434,p46,NA,1.0,PTEN,ENSG00000171862,8.615251,3.265324518691414,12.0,31,2.0,2,3.4793930255400927,2.0,-0.21406850684867873,PTEN,P60484,True,5,12.12507534165489,25.0,31,descriptive abundance; no clinical expression threshold; isodoping flagged where supplied
OV1369-R2,HGS,1369,p69,P66,1.0,KRAS,ENSG00000133703,5.852861,2.776706424392406,16.0,31,5.0,15,1.8410806263188548,12.0,0.9356257980735512,KRAS,P01116,False,8,10.86428417266596,8.0,31,descriptive abundance; no clinical expression threshold; isodoping flagged where supplied
OV1946,HGS,OV1946,p64,NA,5.0,KRAS,ENSG00000133703,19.849366,4.381931608890026,7.0,31,4.0,15,1.8410806263188548,12.0,2.5408509825711714,KRAS,P01116,False,8,11.42535688311135,3.0,31,descriptive abundance; no clinical expression threshold; isodoping flagged where supplied
OV2085,HGS,OV2085,p68,P64,2.0,KRAS,ENSG00000133703,1.8346131,1.5031518332970093,29.0,31,13.0,15,1.8410806263188548,12.0,-0.33792879302184553,KRAS,P01116,False,8,10.40601945260994,30.0,31,descriptive abundance; no clinical expression threshold; isodoping flagged where supplied
OV2295,HGS,2295,p64,P61,5.0,KRAS,ENSG00000133703,1.9338224,1.5527815395885454,26.0,31,11.0,15,1.8410806263188548,12.0,-0.28829908673030946,KRAS,P01116,False,8,10.78283458439509,12.0,31,descriptive abundance; no clinical expression threshold; isodoping flagged where supplied
OV2295-R2,HGS,2295,p67,P70,3.0,KRAS,ENSG00000133703,2.5173005,1.8144685966464678,22.0,31,7.0,15,1.8410806263188548,12.0,-0.026612029672387072,KRAS,P01116,False,8,10.86253070808672,9.0,31,descriptive abundance; no clinical expression threshold; isodoping flagged where supplied
OV3133-R,HGS,3133,p64,P71,1.0,KRAS,ENSG00000133703,0.6713836,0.7410428849881134,31.0,31,15.0,15,1.8410806263188548,12.0,-1.1000377413307414,KRAS,P01116,False,8,10.77152446011489,13.0,31,descriptive abundance; no clinical expression threshold; isodoping flagged where supplied
OV3133-R2,HGS,3133,NA,P58,NA,KRAS,ENSG00000133703,NA,NA,NA,31,NA,15,1.8410806263188548,12.0,NA,KRAS,P01116,False,8,NA,NA,31,descriptive abundance; no clinical expression threshold; isodoping flagged where supplied
OV3291,HGS,3291,NA,P46,NA,KRAS,ENSG00000133703,NA,NA,NA,31,NA,15,1.8410806263188548,12.0,NA,KRAS,P01116,False,8,NA,NA,31,descriptive abundance; no clinical expression threshold; isodoping flagged where supplied
OV4453,HGS,OV4453,p60,NA,4.0,KRAS,ENSG00000133703,22.431529,4.5503791937211355,5.0,31,2.0,15,1.8410806263188548,12.0,2.7092985674022807,KRAS,P01116,False,8,10.85913263446661,10.0,31,descriptive abundance; no clinical expression threshold; isodoping flagged where supplied
OV4485,HGS,OV4485,p60,NA,2.0,KRAS,ENSG00000133703,1.767727,1.4687016470317624,30.0,31,14.0,15,1.8410806263188548,12.0,-0.3723789792870924,KRAS,P01116,False,8,10.52260202517856,26.0,31,descriptive abundance; no clinical expression threshold; isodoping flagged where supplied
OV866-2,HGS,OV866-2,p67,NA,1.0,KRAS,ENSG00000133703,116.06948,6.871221204199724,2.0,31,1.0,15,1.8410806263188548,12.0,5.03014057788087,KRAS,P01116,False,8,13.78335782435994,1.0,31,descriptive abundance; no clinical expression threshold; isodoping flagged where supplied
TOV1369,HGS,1369,p65,P65,2.0,KRAS,ENSG00000133703,2.3180715999999997,1.7303450182559241,23.0,31,8.0,15,1.8410806263188548,12.0,-0.1107356080629307,KRAS,P01116,False,8,10.69031242094376,18.0,31,descriptive abundance; no clinical expression threshold; isodoping flagged where supplied
TOV2295-R,HGS,2295,NA,P57,NA,KRAS,ENSG00000133703,NA,NA,NA,31,NA,15,1.8410806263188548,12.0,NA,KRAS,P01116,False,8,NA,NA,31,descriptive abundance; no clinical expression threshold; isodoping flagged where supplied
TOV2835EP,HGS,TOV2835EP,NA,P64,NA,KRAS,ENSG00000133703,NA,NA,NA,31,NA,15,1.8410806263188548,12.0,NA,KRAS,P01116,False,8,NA,NA,31,descriptive abundance; no clinical expression threshold; isodoping flagged where supplied
TOV2881EP,HGS,TOV2881EP,NA,P64,NA,KRAS,ENSG00000133703,NA,NA,NA,31,NA,15,1.8410806263188548,12.0,NA,KRAS,P01116,False,8,NA,NA,31,descriptive abundance; no clinical expression threshold; isodoping flagged where supplied
TOV2929D,HGS,TOV2929D,NA,P57,NA,KRAS,ENSG00000133703,NA,NA,NA,31,NA,15,1.8410806263188548,12.0,NA,KRAS,P01116,False,8,NA,NA,31,descriptive abundance; no clinical expression threshold; isodoping flagged where supplied
TOV3041G,HGS,TOV3041G,p67,NA,3.0,KRAS,ENSG00000133703,2.0538392,1.6106240989815013,24.0,31,9.0,15,1.8410806263188548,12.0,-0.23045652733735356,KRAS,P01116,False,8,10.41660094200553,29.0,31,descriptive abundance; no clinical expression threshold; isodoping flagged where supplied
TOV3121D,HGS,3121,NA,P68,NA,KRAS,ENSG00000133703,NA,NA,NA,31,NA,15,1.8410806263188548,12.0,NA,KRAS,P01116,False,8,NA,NA,31,descriptive abundance; no clinical expression threshold; isodoping flagged where supplied
TOV3121EP,HGS,3121,NA,P68,NA,KRAS,ENSG00000133703,NA,NA,NA,31,NA,15,1.8410806263188548,12.0,NA,KRAS,P01116,False,8,NA,NA,31,descriptive abundance; no clinical expression threshold; isodoping flagged where supplied
TOV3133D,HGS,3133,NA,P66,NA,KRAS,ENSG00000133703,NA,NA,NA,31,NA,15,1.8410806263188548,12.0,NA,KRAS,P01116,False,8,NA,NA,31,descriptive abundance; no clinical expression threshold; isodoping flagged where supplied
TOV3133G,HGS,3133,p61,P65,4.0,KRAS,ENSG00000133703,1.9249844,1.5484289303019725,27.0,31,12.0,15,1.8410806263188548,12.0,-0.29265169601688235,KRAS,P01116,False,8,10.94776999358109,5.0,31,descriptive abundance; no clinical expression threshold; isodoping flagged where supplied
TOV3291G,HGS,3291,p62,NA,2.0,KRAS,ENSG00000133703,2.035085,1.6017369208833616,25.0,31,10.0,15,1.8410806263188548,12.0,-0.23934370543549321,KRAS,P01116,False,8,10.71036689604725,16.0,31,descriptive abundance; no clinical expression threshold; isodoping flagged where supplied
OV3331,HGS,OV3331,p71,P54,4.0,KRAS,ENSG00000133703,2.9959435,1.9985361845202032,21.0,31,6.0,15,1.8410806263188548,12.0,0.15745555820134838,KRAS,P01116,False,8,10.53006666268414,25.0,31,descriptive abundance; no clinical expression threshold; isodoping flagged where supplied
OV90,HGS,OV90,p70,P63,5.0,KRAS,ENSG00000133703,21.653778,4.5016797653507306,6.0,31,3.0,15,1.8410806263188548,12.0,2.6605991390318757,KRAS,P01116,False,8,10.47269071885056,28.0,31,descriptive abundance; no clinical expression threshold; isodoping flagged where supplied
TOV81D,LGS,TOV81D,NA,P23,NA,KRAS,ENSG00000133703,NA,NA,NA,31,NA,0,NA,0.0,NA,KRAS,P01116,False,8,NA,NA,31,descriptive abundance; no clinical expression threshold; isodoping flagged where supplied
TOV21G,CC,TOV21G,p63,P59,5.0,KRAS,ENSG00000133703,4.963286699999999,2.5761076996205663,18.0,31,5.0,7,2.694211407145884,7.0,-0.11810370752531751,KRAS,P01116,False,8,10.68542899881525,19.0,31,descriptive abundance; no clinical expression threshold; isodoping flagged where supplied
TOV3392D,CC,TOV3392D,p69,P69,1.0,KRAS,ENSG00000133703,3.2516741,2.0880310154171586,20.0,31,7.0,7,2.694211407145884,7.0,-0.6061803917287252,KRAS,P01116,False,8,11.2132836982026,4.0,31,descriptive abundance; no clinical expression threshold; isodoping flagged where supplied
VOA10816,CC,VOA10816,p20,NA,1.0,KRAS,ENSG00000133703,4.69366,2.509356344334247,19.0,31,6.0,7,2.694211407145884,7.0,-0.184855062811637,KRAS,P01116,False,8,10.90398900879153,6.0,31,descriptive abundance; no clinical expression threshold; isodoping flagged where supplied
VOA12539,CC,VOA12539,p41,NA,2.0,KRAS,ENSG00000133703,8.422991099999999,3.236185081088522,13.0,31,3.0,7,2.694211407145884,7.0,0.5419736739426382,KRAS,P01116,False,8,10.53700687522512,24.0,31,descriptive abundance; no clinical expression threshold; isodoping flagged where supplied
VOA14993,CC,VOA14993,NA,NA,3.0,KRAS,ENSG00000133703,NA,NA,NA,31,NA,7,2.694211407145884,7.0,NA,KRAS,P01116,False,8,10.32862568637896,31.0,31,descriptive abundance; no clinical expression threshold; isodoping flagged where supplied
VOA295,CC,VOA295,p31,NA,2.0,KRAS,ENSG00000133703,9.303684,3.3650883486326895,12.0,31,2.0,7,2.694211407145884,7.0,0.6708769414868057,KRAS,P01116,False,8,10.70910423006668,17.0,31,descriptive abundance; no clinical expression threshold; isodoping flagged where supplied
VOA4841,CC,VOA4841,p43,NA,3.0,KRAS,ENSG00000133703,5.471999100000001,2.694211407145884,17.0,31,4.0,7,2.694211407145884,7.0,0.0,KRAS,P01116,False,8,10.48248274173206,27.0,31,descriptive abundance; no clinical expression threshold; isodoping flagged where supplied
VOA6861,CC,VOA6861,p17,NA,NA,KRAS,ENSG00000133703,12.442625,3.7487429818655675,10.0,31,1.0,7,2.694211407145884,7.0,1.0545315747196837,KRAS,P01116,False,8,NA,NA,31,descriptive abundance; no clinical expression threshold; isodoping flagged where supplied
TOV112D,EC,TOV112D,p63,P83,4.0,KRAS,ENSG00000133703,183.94982,7.530990086153185,1.0,31,1.0,2,6.056573713181175,2.0,1.4744163729720103,KRAS,P01116,False,8,11.82895707854795,2.0,31,descriptive abundance; no clinical expression threshold; isodoping flagged where supplied
VOA4395,EC,VOA4395,p39-40,NA,1.0,KRAS,ENSG00000133703,22.95338,4.5821573402091635,4.0,31,2.0,2,6.056573713181175,2.0,-1.4744163729720112,KRAS,P01116,False,8,10.83311158536932,11.0,31,descriptive abundance; no clinical expression threshold; isodoping flagged where supplied
TOV2414,MC,TOV2414,p69,P65,5.0,KRAS,ENSG00000133703,1.889632,1.5308857745322126,28.0,31,3.0,3,4.020888634385951,3.0,-2.4900028598537385,KRAS,P01116,False,8,10.89988514516997,7.0,31,descriptive abundance; no clinical expression threshold; isodoping flagged where supplied
VOA8762,MC,VOA8762,p27,NA,4.0,KRAS,ENSG00000133703,15.2333476,4.020888634385951,9.0,31,2.0,3,4.020888634385951,3.0,0.0,KRAS,P01116,False,8,10.65752469156521,22.0,31,descriptive abundance; no clinical expression threshold; isodoping flagged where supplied
VOA8771,MC,VOA8771,p28,NA,5.0,KRAS,ENSG00000133703,23.80591,4.632611978076674,3.0,31,1.0,3,4.020888634385951,3.0,0.6117233436907226,KRAS,P01116,False,8,10.74858951655279,15.0,31,descriptive abundance; no clinical expression threshold; isodoping flagged where supplied
VOA5217,MMMT,VOA5217,p36,NA,4.0,KRAS,ENSG00000133703,6.672401,2.939678125151777,15.0,31,2.0,2,3.511187973180113,2.0,-0.5715098480283358,KRAS,P01116,False,8,10.66538692642675,21.0,31,descriptive abundance; no clinical expression threshold; isodoping flagged where supplied
VOA5436,MMMT,VOA5436,p35,NA,5.0,KRAS,ENSG00000133703,15.943944,4.082697821208448,8.0,31,1.0,2,3.511187973180113,2.0,0.5715098480283354,KRAS,P01116,False,8,10.76840262415396,14.0,31,descriptive abundance; no clinical expression threshold; isodoping flagged where supplied
BIN67,SCCOHT,BIN67,p51,NA,3.0,KRAS,ENSG00000133703,7.4201791,3.0738509202196784,14.0,31,2.0,2,3.2824254984983607,2.0,-0.2085745782786823,KRAS,P01116,False,8,10.53825989774923,23.0,31,descriptive abundance; no clinical expression threshold; isodoping flagged where supplied
COV434,SCCOHT,COV434,p46,NA,1.0,KRAS,ENSG00000133703,10.243350200000002,3.491000076777043,11.0,31,1.0,2,3.2824254984983607,2.0,0.2085745782786823,KRAS,P01116,False,8,10.67393516773486,20.0,31,descriptive abundance; no clinical expression threshold; isodoping flagged where supplied
OV1369-R2,HGS,1369,p69,P66,1.0,NRAS,ENSG00000213281,2.88581,1.9582153608411343,31.0,31,15.0,15,3.874679982161891,12.0,-1.9164646213207566,NRAS,P01111,False,6,11.50827145383628,31.0,31,descriptive abundance; no clinical expression threshold; isodoping flagged where supplied
OV1946,HGS,OV1946,p64,NA,5.0,NRAS,ENSG00000213281,39.9787,5.356802312196456,4.0,31,3.0,15,3.874679982161891,12.0,1.4821223300345654,NRAS,P01111,False,6,13.15219493175508,1.0,31,descriptive abundance; no clinical expression threshold; isodoping flagged where supplied
OV2085,HGS,OV2085,p68,P64,2.0,NRAS,ENSG00000213281,11.555,3.6501901234967753,22.0,31,8.0,15,3.874679982161891,12.0,-0.22448985866511562,NRAS,P01111,False,6,11.85272509268345,26.0,31,descriptive abundance; no clinical expression threshold; isodoping flagged where supplied
OV2295,HGS,2295,p64,P61,5.0,NRAS,ENSG00000213281,10.7565,3.555386717630016,23.0,31,9.0,15,3.874679982161891,12.0,-0.3192932645318751,NRAS,P01111,False,6,12.52276930208394,3.0,31,descriptive abundance; no clinical expression threshold; isodoping flagged where supplied
OV2295-R2,HGS,2295,p67,P70,3.0,NRAS,ENSG00000213281,6.44821,2.896893749815011,28.0,31,13.0,15,3.874679982161891,12.0,-0.97778623234688,NRAS,P01111,False,6,12.02600748426588,20.0,31,descriptive abundance; no clinical expression threshold; isodoping flagged where supplied
OV3133-R,HGS,3133,p64,P71,1.0,NRAS,ENSG00000213281,16.7499,4.149738991622401,16.0,31,5.0,15,3.874679982161891,12.0,0.2750590094605103,NRAS,P01111,False,6,11.92435487528309,25.0,31,descriptive abundance; no clinical expression threshold; isodoping flagged where supplied
OV3133-R2,HGS,3133,NA,P58,NA,NRAS,ENSG00000213281,NA,NA,NA,31,NA,15,3.874679982161891,12.0,NA,NRAS,P01111,False,6,NA,NA,31,descriptive abundance; no clinical expression threshold; isodoping flagged where supplied
OV3291,HGS,3291,NA,P46,NA,NRAS,ENSG00000213281,NA,NA,NA,31,NA,15,3.874679982161891,12.0,NA,NRAS,P01111,False,6,NA,NA,31,descriptive abundance; no clinical expression threshold; isodoping flagged where supplied
OV4453,HGS,OV4453,p60,NA,4.0,NRAS,ENSG00000213281,45.1318,5.527689680384583,3.0,31,2.0,15,3.874679982161891,12.0,1.653009698222692,NRAS,P01111,False,6,12.43521391509792,6.0,31,descriptive abundance; no clinical expression threshold; isodoping flagged where supplied
OV4485,HGS,OV4485,p60,NA,2.0,NRAS,ENSG00000213281,9.34705,3.3711476010650814,25.0,31,11.0,15,3.874679982161891,12.0,-0.5035323810968095,NRAS,P01111,False,6,13.04468785234833,2.0,31,descriptive abundance; no clinical expression threshold; isodoping flagged where supplied
OV866-2,HGS,OV866-2,p67,NA,1.0,NRAS,ENSG00000213281,14.0882,3.915348799627526,20.0,31,7.0,15,3.874679982161891,12.0,0.04066881746563489,NRAS,P01111,False,6,12.52151706882365,4.0,31,descriptive abundance; no clinical expression threshold; isodoping flagged where supplied
TOV1369,HGS,1369,p65,P65,2.0,NRAS,ENSG00000213281,4.28176,2.401018747798774,30.0,31,14.0,15,3.874679982161891,12.0,-1.4736612343631168,NRAS,P01111,False,6,12.12377052463431,16.0,31,descriptive abundance; no clinical expression threshold; isodoping flagged where supplied
TOV2295-R,HGS,2295,NA,P57,NA,NRAS,ENSG00000213281,NA,NA,NA,31,NA,15,3.874679982161891,12.0,NA,NRAS,P01111,False,6,NA,NA,31,descriptive abundance; no clinical expression threshold; isodoping flagged where supplied
TOV2835EP,HGS,TOV2835EP,NA,P64,NA,NRAS,ENSG00000213281,NA,NA,NA,31,NA,15,3.874679982161891,12.0,NA,NRAS,P01111,False,6,NA,NA,31,descriptive abundance; no clinical expression threshold; isodoping flagged where supplied
TOV2881EP,HGS,TOV2881EP,NA,P64,NA,NRAS,ENSG00000213281,NA,NA,NA,31,NA,15,3.874679982161891,12.0,NA,NRAS,P01111,False,6,NA,NA,31,descriptive abundance; no clinical expression threshold; isodoping flagged where supplied
TOV2929D,HGS,TOV2929D,NA,P57,NA,NRAS,ENSG00000213281,NA,NA,NA,31,NA,15,3.874679982161891,12.0,NA,NRAS,P01111,False,6,NA,NA,31,descriptive abundance; no clinical expression threshold; isodoping flagged where supplied
TOV3041G,HGS,TOV3041G,p67,NA,3.0,NRAS,ENSG00000213281,14.7612,3.9783054753759717,19.0,31,6.0,15,3.874679982161891,12.0,0.10362549321408077,NRAS,P01111,False,6,12.03040609231204,19.0,31,descriptive abundance; no clinical expression threshold; isodoping flagged where supplied
TOV3121D,HGS,3121,NA,P68,NA,NRAS,ENSG00000213281,NA,NA,NA,31,NA,15,3.874679982161891,12.0,NA,NRAS,P01111,False,6,NA,NA,31,descriptive abundance; no clinical expression threshold; isodoping flagged where supplied
TOV3121EP,HGS,3121,NA,P68,NA,NRAS,ENSG00000213281,NA,NA,NA,31,NA,15,3.874679982161891,12.0,NA,NRAS,P01111,False,6,NA,NA,31,descriptive abundance; no clinical expression threshold; isodoping flagged where supplied
TOV3133D,HGS,3133,NA,P66,NA,NRAS,ENSG00000213281,NA,NA,NA,31,NA,15,3.874679982161891,12.0,NA,NRAS,P01111,False,6,NA,NA,31,descriptive abundance; no clinical expression threshold; isodoping flagged where supplied
TOV3133G,HGS,3133,p61,P65,4.0,NRAS,ENSG00000213281,10.458,3.518283337770111,24.0,31,10.0,15,3.874679982161891,12.0,-0.3563966443917801,NRAS,P01111,False,6,12.1999429777569,11.0,31,descriptive abundance; no clinical expression threshold; isodoping flagged where supplied
TOV3291G,HGS,3291,p62,NA,2.0,NRAS,ENSG00000213281,8.35444,3.225651289660073,27.0,31,12.0,15,3.874679982161891,12.0,-0.649028692501818,NRAS,P01111,False,6,11.94900177969645,24.0,31,descriptive abundance; no clinical expression threshold; isodoping flagged where supplied
OV3331,HGS,OV3331,p71,P54,4.0,NRAS,ENSG00000213281,21.9952,4.523260840452715,11.0,31,4.0,15,3.874679982161891,12.0,0.6485808582908241,NRAS,P01111,False,6,12.44093911854402,5.0,31,descriptive abundance; no clinical expression threshold; isodoping flagged where supplied
OV90,HGS,OV90,p70,P63,5.0,NRAS,ENSG00000213281,48.2113,5.620917723096537,2.0,31,1.0,15,3.874679982161891,12.0,1.746237740934646,NRAS,P01111,False,6,12.22553829487363,9.0,31,descriptive abundance; no clinical expression threshold; isodoping flagged where supplied
TOV81D,LGS,TOV81D,NA,P23,NA,NRAS,ENSG00000213281,NA,NA,NA,31,NA,0,NA,0.0,NA,NRAS,P01111,False,6,NA,NA,31,descriptive abundance; no clinical expression threshold; isodoping flagged where supplied
TOV21G,CC,TOV21G,p63,P59,5.0,NRAS,ENSG00000213281,21.7467,4.507585354969513,12.0,31,4.0,7,4.507585354969513,7.0,0.0,NRAS,P01111,False,6,12.29141039069406,7.0,31,descriptive abundance; no clinical expression threshold; isodoping flagged where supplied
TOV3392D,CC,TOV3392D,p69,P69,1.0,NRAS,ENSG00000213281,9.06111,3.330717575294693,26.0,31,7.0,7,4.507585354969513,7.0,-1.17686777967482,NRAS,P01111,False,6,12.28033614271064,8.0,31,descriptive abundance; no clinical expression threshold; isodoping flagged where supplied
VOA10816,CC,VOA10816,p20,NA,1.0,NRAS,ENSG00000213281,29.0519,4.909384301594992,6.0,31,1.0,7,4.507585354969513,7.0,0.40179894662547877,NRAS,P01111,False,6,11.68948819978571,29.0,31,descriptive abundance; no clinical expression threshold; isodoping flagged where supplied
VOA12539,CC,VOA12539,p41,NA,2.0,NRAS,ENSG00000213281,27.2685,4.821123426943073,9.0,31,3.0,7,4.507585354969513,7.0,0.3135380719735599,NRAS,P01111,False,6,11.96232590828378,23.0,31,descriptive abundance; no clinical expression threshold; isodoping flagged where supplied
VOA14993,CC,VOA14993,NA,NA,3.0,NRAS,ENSG00000213281,NA,NA,NA,31,NA,7,4.507585354969513,7.0,NA,NRAS,P01111,False,6,12.21331879441093,10.0,31,descriptive abundance; no clinical expression threshold; isodoping flagged where supplied
VOA295,CC,VOA295,p31,NA,2.0,NRAS,ENSG00000213281,28.3251,4.874064122808941,7.0,31,2.0,7,4.507585354969513,7.0,0.36647876783942834,NRAS,P01111,False,6,12.13198660189828,15.0,31,descriptive abundance; no clinical expression threshold; isodoping flagged where supplied
VOA4841,CC,VOA4841,p43,NA,3.0,NRAS,ENSG00000213281,15.7463,4.065770470379853,18.0,31,6.0,7,4.507585354969513,7.0,-0.4418148845896601,NRAS,P01111,False,6,12.19677171589388,12.0,31,descriptive abundance; no clinical expression threshold; isodoping flagged where supplied
VOA6861,CC,VOA6861,p17,NA,NA,NRAS,ENSG00000213281,17.9848,4.246772895502094,15.0,31,5.0,7,4.507585354969513,7.0,-0.26081245946741927,NRAS,P01111,False,6,NA,NA,31,descriptive abundance; no clinical expression threshold; isodoping flagged where supplied
TOV112D,EC,TOV112D,p63,P83,4.0,NRAS,ENSG00000213281,53.5299,5.768975604651602,1.0,31,1.0,2,4.9462381345012805,2.0,0.8227374701503214,NRAS,P01111,False,6,11.9748737391568,22.0,31,descriptive abundance; no clinical expression threshold; isodoping flagged where supplied
VOA4395,EC,VOA4395,p39-40,NA,1.0,NRAS,ENSG00000213281,16.43,4.12350066435096,17.0,31,2.0,2,4.9462381345012805,2.0,-0.8227374701503205,NRAS,P01111,False,6,11.63860943335315,30.0,31,descriptive abundance; no clinical expression threshold; isodoping flagged where supplied
TOV2414,MC,TOV2414,p69,P65,5.0,NRAS,ENSG00000213281,5.36623,2.670439279792765,29.0,31,3.0,3,4.411649954585716,3.0,-1.741210674792951,NRAS,P01111,False,6,12.19338582999799,13.0,31,descriptive abundance; no clinical expression threshold; isodoping flagged where supplied
VOA8762,MC,VOA8762,p27,NA,4.0,NRAS,ENSG00000213281,28.0052,4.858239662082697,8.0,31,1.0,3,4.411649954585716,3.0,0.44658970749698135,NRAS,P01111,False,6,11.97786050488496,21.0,31,descriptive abundance; no clinical expression threshold; isodoping flagged where supplied
VOA8771,MC,VOA8771,p28,NA,5.0,NRAS,ENSG00000213281,20.2833,4.411649954585716,13.0,31,2.0,3,4.411649954585716,3.0,0.0,NRAS,P01111,False,6,11.83293949069678,27.0,31,descriptive abundance; no clinical expression threshold; isodoping flagged where supplied
VOA5217,MMMT,VOA5217,p36,NA,4.0,NRAS,ENSG00000213281,11.8339,3.6818877419847373,21.0,31,2.0,2,4.015407071263147,2.0,-0.33351932927840977,NRAS,P01111,False,6,12.04198282912222,18.0,31,descriptive abundance; no clinical expression threshold; isodoping flagged where supplied
VOA5436,MMMT,VOA5436,p35,NA,5.0,NRAS,ENSG00000213281,19.3778,4.348926400541557,14.0,31,1.0,2,4.015407071263147,2.0,0.33351932927840977,NRAS,P01111,False,6,11.80467577146637,28.0,31,descriptive abundance; no clinical expression threshold; isodoping flagged where supplied
BIN67,SCCOHT,BIN67,p51,NA,3.0,NRAS,ENSG00000213281,25.5863,4.732611107018059,10.0,31,2.0,2,4.923105800374982,2.0,-0.19049469335692315,NRAS,P01111,False,6,12.17246072331215,14.0,31,descriptive abundance; no clinical expression threshold; isodoping flagged where supplied
COV434,SCCOHT,COV434,p46,NA,1.0,NRAS,ENSG00000213281,33.6216,5.113600493731906,5.0,31,1.0,2,4.923105800374982,2.0,0.19049469335692404,NRAS,P01111,False,6,12.12055631792753,17.0,31,descriptive abundance; no clinical expression threshold; isodoping flagged where supplied
OV1369-R2,HGS,1369,p69,P66,1.0,BRAF,ENSG00000157764,3.8357042,2.2737259976381217,24.0,31,9.0,15,2.4101175607091063,12.0,-0.13639156307098466,BRAF,P15056,False,2,7.404855419109743,29.0,31,descriptive abundance; no clinical expression threshold; isodoping flagged where supplied
OV1946,HGS,OV1946,p64,NA,5.0,BRAF,ENSG00000157764,9.53802980429224,3.3975332600343937,4.0,31,2.0,15,2.4101175607091063,12.0,0.9874156993252874,BRAF,P15056,False,2,7.763659599073417,9.0,31,descriptive abundance; no clinical expression threshold; isodoping flagged where supplied
OV2085,HGS,OV2085,p68,P64,2.0,BRAF,ENSG00000157764,3.74479708,2.246346389050886,25.0,31,10.0,15,2.4101175607091063,12.0,-0.1637711716582202,BRAF,P15056,False,2,7.749110761216222,10.0,31,descriptive abundance; no clinical expression threshold; isodoping flagged where supplied
OV2295,HGS,2295,p64,P61,5.0,BRAF,ENSG00000157764,5.9735795000000005,2.801899373642202,18.0,31,6.0,15,2.4101175607091063,12.0,0.3917818129330959,BRAF,P15056,False,2,7.951099951232749,4.0,31,descriptive abundance; no clinical expression threshold; isodoping flagged where supplied
OV2295-R2,HGS,2295,p67,P70,3.0,BRAF,ENSG00000157764,3.4513464,2.1542417744627538,28.0,31,12.0,15,2.4101175607091063,12.0,-0.25587578624635254,BRAF,P15056,False,2,7.655108861962544,13.0,31,descriptive abundance; no clinical expression threshold; isodoping flagged where supplied
OV3133-R,HGS,3133,p64,P71,1.0,BRAF,ENSG00000157764,3.2640098286500003,2.09221076354931,29.0,31,13.0,15,2.4101175607091063,12.0,-0.3179067971597962,BRAF,P15056,False,2,7.701168882121097,12.0,31,descriptive abundance; no clinical expression threshold; isodoping flagged where supplied
OV3133-R2,HGS,3133,NA,P58,NA,BRAF,ENSG00000157764,NA,NA,NA,31,NA,15,2.4101175607091063,12.0,NA,BRAF,P15056,False,2,NA,NA,31,descriptive abundance; no clinical expression threshold; isodoping flagged where supplied
OV3291,HGS,3291,NA,P46,NA,BRAF,ENSG00000157764,NA,NA,NA,31,NA,15,2.4101175607091063,12.0,NA,BRAF,P15056,False,2,NA,NA,31,descriptive abundance; no clinical expression threshold; isodoping flagged where supplied
OV4453,HGS,OV4453,p60,NA,4.0,BRAF,ENSG00000157764,11.422855623000002,3.6349249366904557,1.0,31,1.0,15,2.4101175607091063,12.0,1.2248073759813494,BRAF,P15056,False,2,7.600004250168277,16.0,31,descriptive abundance; no clinical expression threshold; isodoping flagged where supplied
OV4485,HGS,OV4485,p60,NA,2.0,BRAF,ENSG00000157764,7.317186199999999,3.0560955305407784,12.0,31,4.0,15,2.4101175607091063,12.0,0.6459779698316721,BRAF,P15056,False,2,7.501376748898032,26.0,31,descriptive abundance; no clinical expression threshold; isodoping flagged where supplied
OV866-2,HGS,OV866-2,p67,NA,1.0,BRAF,ENSG00000157764,3.7198122,2.2387294562992173,26.0,31,11.0,15,2.4101175607091063,12.0,-0.17138810440988905,BRAF,P15056,False,2,7.53426499986083,24.0,31,descriptive abundance; no clinical expression threshold; isodoping flagged where supplied
TOV1369,HGS,1369,p65,P65,2.0,BRAF,ENSG00000157764,2.6519331155019996,1.8686603428639732,30.0,31,14.0,15,2.4101175607091063,12.0,-0.5414572178451331,BRAF,P15056,False,2,7.562939990996998,20.0,31,descriptive abundance; no clinical expression threshold; isodoping flagged where supplied
TOV2295-R,HGS,2295,NA,P57,NA,BRAF,ENSG00000157764,NA,NA,NA,31,NA,15,2.4101175607091063,12.0,NA,BRAF,P15056,False,2,NA,NA,31,descriptive abundance; no clinical expression threshold; isodoping flagged where supplied
TOV2835EP,HGS,TOV2835EP,NA,P64,NA,BRAF,ENSG00000157764,NA,NA,NA,31,NA,15,2.4101175607091063,12.0,NA,BRAF,P15056,False,2,NA,NA,31,descriptive abundance; no clinical expression threshold; isodoping flagged where supplied
TOV2881EP,HGS,TOV2881EP,NA,P64,NA,BRAF,ENSG00000157764,NA,NA,NA,31,NA,15,2.4101175607091063,12.0,NA,BRAF,P15056,False,2,NA,NA,31,descriptive abundance; no clinical expression threshold; isodoping flagged where supplied
TOV2929D,HGS,TOV2929D,NA,P57,NA,BRAF,ENSG00000157764,NA,NA,NA,31,NA,15,2.4101175607091063,12.0,NA,BRAF,P15056,False,2,NA,NA,31,descriptive abundance; no clinical expression threshold; isodoping flagged where supplied
TOV3041G,HGS,TOV3041G,p67,NA,3.0,BRAF,ENSG00000157764,6.741815900000001,2.9526720008212624,16.0,31,5.0,15,2.4101175607091063,12.0,0.542554440112156,BRAF,P15056,False,2,7.527406041505921,25.0,31,descriptive abundance; no clinical expression threshold; isodoping flagged where supplied
TOV3121D,HGS,3121,NA,P68,NA,BRAF,ENSG00000157764,NA,NA,NA,31,NA,15,2.4101175607091063,12.0,NA,BRAF,P15056,False,2,NA,NA,31,descriptive abundance; no clinical expression threshold; isodoping flagged where supplied
TOV3121EP,HGS,3121,NA,P68,NA,BRAF,ENSG00000157764,NA,NA,NA,31,NA,15,2.4101175607091063,12.0,NA,BRAF,P15056,False,2,NA,NA,31,descriptive abundance; no clinical expression threshold; isodoping flagged where supplied
TOV3133D,HGS,3133,NA,P66,NA,BRAF,ENSG00000157764,NA,NA,NA,31,NA,15,2.4101175607091063,12.0,NA,BRAF,P15056,False,2,NA,NA,31,descriptive abundance; no clinical expression threshold; isodoping flagged where supplied
TOV3133G,HGS,3133,p61,P65,4.0,BRAF,ENSG00000157764,4.1615834,2.3678137038091944,22.0,31,7.0,15,2.4101175607091063,12.0,-0.042303856899911896,BRAF,P15056,False,2,7.778089386359665,8.0,31,descriptive abundance; no clinical expression threshold; isodoping flagged where supplied
TOV3291G,HGS,3291,p62,NA,2.0,BRAF,ENSG00000157764,2.6069996,1.8507992631371137,31.0,31,15.0,15,2.4101175607091063,12.0,-0.5593182975719926,BRAF,P15056,False,2,7.575079495429501,19.0,31,descriptive abundance; no clinical expression threshold; isodoping flagged where supplied
OV3331,HGS,OV3331,p71,P54,4.0,BRAF,ENSG00000157764,4.070628388430199,2.3421645473657344,23.0,31,8.0,15,2.4101175607091063,12.0,-0.06795301334337189,BRAF,P15056,False,2,7.472259255349191,28.0,31,descriptive abundance; no clinical expression threshold; isodoping flagged where supplied
OV90,HGS,OV90,p70,P63,5.0,BRAF,ENSG00000157764,7.818216100000001,3.1404868322018142,9.0,31,3.0,15,2.4101175607091063,12.0,0.7303692714927079,BRAF,P15056,False,2,7.628360350410203,14.0,31,descriptive abundance; no clinical expression threshold; isodoping flagged where supplied
TOV81D,LGS,TOV81D,NA,P23,NA,BRAF,ENSG00000157764,NA,NA,NA,31,NA,0,NA,0.0,NA,BRAF,P15056,False,2,NA,NA,31,descriptive abundance; no clinical expression threshold; isodoping flagged where supplied
TOV21G,CC,TOV21G,p63,P59,5.0,BRAF,ENSG00000157764,5.52372011141,2.705694887116827,19.0,31,5.0,7,2.965918622169637,7.0,-0.26022373505281005,BRAF,P15056,False,2,7.809231669987119,6.0,31,descriptive abundance; no clinical expression threshold; isodoping flagged where supplied
TOV3392D,CC,TOV3392D,p69,P69,1.0,BRAF,ENSG00000157764,7.833095589999999,3.1429191241352004,8.0,31,3.0,7,2.965918622169637,7.0,0.17700050196556338,BRAF,P15056,False,2,7.706149308075158,11.0,31,descriptive abundance; no clinical expression threshold; isodoping flagged where supplied
VOA10816,CC,VOA10816,p20,NA,1.0,BRAF,ENSG00000157764,5.144062600000001,2.6191929153184237,21.0,31,7.0,7,2.965918622169637,7.0,-0.3467257068512133,BRAF,P15056,False,2,7.125377530296547,31.0,31,descriptive abundance; no clinical expression threshold; isodoping flagged where supplied
VOA12539,CC,VOA12539,p41,NA,2.0,BRAF,ENSG00000157764,6.813227499999999,2.965918622169637,14.0,31,4.0,7,2.965918622169637,7.0,0.0,BRAF,P15056,False,2,7.616891102112111,15.0,31,descriptive abundance; no clinical expression threshold; isodoping flagged where supplied
VOA14993,CC,VOA14993,NA,NA,3.0,BRAF,ENSG00000157764,NA,NA,NA,31,NA,7,2.965918622169637,7.0,NA,BRAF,P15056,False,2,7.53781646450702,22.0,31,descriptive abundance; no clinical expression threshold; isodoping flagged where supplied
VOA295,CC,VOA295,p31,NA,2.0,BRAF,ENSG00000157764,8.3282659,3.22160891280341,6.0,31,2.0,7,2.965918622169637,7.0,0.255690290633773,BRAF,P15056,False,2,7.595356375404232,17.0,31,descriptive abundance; no clinical expression threshold; isodoping flagged where supplied
VOA4841,CC,VOA4841,p43,NA,3.0,BRAF,ENSG00000157764,5.4877257,2.697712823930136,20.0,31,6.0,7,2.965918622169637,7.0,-0.2682057982395012,BRAF,P15056,False,2,7.190012230139798,30.0,31,descriptive abundance; no clinical expression threshold; isodoping flagged where supplied
VOA6861,CC,VOA6861,p17,NA,NA,BRAF,ENSG00000157764,11.201061100000002,3.608934716211497,2.0,31,1.0,7,2.965918622169637,7.0,0.6430160940418599,BRAF,P15056,False,2,NA,NA,31,descriptive abundance; no clinical expression threshold; isodoping flagged where supplied
TOV112D,EC,TOV112D,p63,P83,4.0,BRAF,ENSG00000157764,10.6082754,3.537081746963336,3.0,31,1.0,2,3.3353841406067857,2.0,0.20169760635655054,BRAF,P15056,False,2,7.897202840772889,5.0,31,descriptive abundance; no clinical expression threshold; isodoping flagged where supplied
VOA4395,EC,VOA4395,p39-40,NA,1.0,BRAF,ENSG00000157764,7.7767483,3.133686534250235,10.0,31,2.0,2,3.3353841406067857,2.0,-0.20169760635655054,BRAF,P15056,False,2,7.545308740958466,21.0,31,descriptive abundance; no clinical expression threshold; isodoping flagged where supplied
TOV2414,MC,TOV2414,p69,P65,5.0,BRAF,ENSG00000157764,3.6912248,2.22996463536268,27.0,31,3.0,3,2.905126679029773,3.0,-0.6751620436670929,BRAF,P15056,False,2,7.78803458552269,7.0,31,descriptive abundance; no clinical expression threshold; isodoping flagged where supplied
VOA8762,MC,VOA8762,p27,NA,4.0,BRAF,ENSG00000157764,7.0193328,3.0034822109729125,13.0,31,1.0,3,2.905126679029773,3.0,0.09835553194313951,BRAF,P15056,False,2,7.50064676007243,27.0,31,descriptive abundance; no clinical expression threshold; isodoping flagged where supplied
VOA8771,MC,VOA8771,p28,NA,5.0,BRAF,ENSG00000157764,6.4908357,2.905126679029773,17.0,31,2.0,3,2.905126679029773,3.0,0.0,BRAF,P15056,False,2,8.0712142951643,1.0,31,descriptive abundance; no clinical expression threshold; isodoping flagged where supplied
VOA5217,MMMT,VOA5217,p36,NA,4.0,BRAF,ENSG00000157764,6.7594455,2.9559535592444783,15.0,31,2.0,2,3.136685242855669,2.0,-0.18073168361119052,BRAF,P15056,False,2,7.975726208493743,3.0,31,descriptive abundance; no clinical expression threshold; isodoping flagged where supplied
VOA5436,MMMT,VOA5436,p35,NA,5.0,BRAF,ENSG00000157764,8.9687798,3.317416926466859,5.0,31,1.0,2,3.136685242855669,2.0,0.18073168361119007,BRAF,P15056,False,2,7.587813669730924,18.0,31,descriptive abundance; no clinical expression threshold; isodoping flagged where supplied
BIN67,SCCOHT,BIN67,p51,NA,3.0,BRAF,ENSG00000157764,7.6917537,3.119647293154362,11.0,31,2.0,2,3.133198485847286,2.0,-0.01355119269292393,BRAF,P15056,False,2,7.982218337505204,2.0,31,descriptive abundance; no clinical expression threshold; isodoping flagged where supplied
COV434,SCCOHT,COV434,p46,NA,1.0,BRAF,ENSG00000157764,7.8565798408,3.1467496785402105,7.0,31,1.0,2,3.133198485847286,2.0,0.013551192692924374,BRAF,P15056,False,2,7.53756058601791,23.0,31,descriptive abundance; no clinical expression threshold; isodoping flagged where supplied
OV1369-R2,HGS,1369,p69,P66,1.0,PIK3CA,ENSG00000121879,0.746989,0.8048705242847747,30.0,31,14.0,15,1.6321679974636898,12.0,-0.8272974731789151,PIK3CA,P42336,True,4,11.05797709789722,31.0,31,descriptive abundance; no clinical expression threshold; isodoping flagged where supplied
OV1946,HGS,OV1946,p64,NA,5.0,PIK3CA,ENSG00000121879,5.87956,2.782316296596379,13.0,31,3.0,15,1.6321679974636898,12.0,1.150148299132689,PIK3CA,P42336,True,4,11.41890697259166,13.0,31,descriptive abundance; no clinical expression threshold; isodoping flagged where supplied
OV2085,HGS,OV2085,p68,P64,2.0,PIK3CA,ENSG00000121879,1.920162,1.5460484068154396,23.0,31,8.0,15,1.6321679974636898,12.0,-0.08611959064825014,PIK3CA,P42336,True,4,11.06323966146887,30.0,31,descriptive abundance; no clinical expression threshold; isodoping flagged where supplied
OV2295,HGS,2295,p64,P61,5.0,PIK3CA,ENSG00000121879,1.437277,1.2852702247241194,24.0,31,9.0,15,1.6321679974636898,12.0,-0.34689777273957034,PIK3CA,P42336,True,4,11.52340728417706,6.0,31,descriptive abundance; no clinical expression threshold; isodoping flagged where supplied
OV2295-R2,HGS,2295,p67,P70,3.0,PIK3CA,ENSG00000121879,3.769683,2.253893385827187,17.0,31,4.0,15,1.6321679974636898,12.0,0.621725388363497,PIK3CA,P42336,True,4,11.27803741116273,22.0,31,descriptive abundance; no clinical expression threshold; isodoping flagged where supplied
OV3133-R,HGS,3133,p64,P71,1.0,PIK3CA,ENSG00000121879,2.336694,1.7384193865727606,20.0,31,6.0,15,1.6321679974636898,12.0,0.10625138910907084,PIK3CA,P42336,True,4,11.31156075089152,20.0,31,descriptive abundance; no clinical expression threshold; isodoping flagged where supplied
OV3133-R2,HGS,3133,NA,P58,NA,PIK3CA,ENSG00000121879,NA,NA,NA,31,NA,15,1.6321679974636898,12.0,NA,PIK3CA,P42336,True,4,NA,NA,31,descriptive abundance; no clinical expression threshold; isodoping flagged where supplied
OV3291,HGS,3291,NA,P46,NA,PIK3CA,ENSG00000121879,NA,NA,NA,31,NA,15,1.6321679974636898,12.0,NA,PIK3CA,P42336,True,4,NA,NA,31,descriptive abundance; no clinical expression threshold; isodoping flagged where supplied
OV4453,HGS,OV4453,p60,NA,4.0,PIK3CA,ENSG00000121879,7.472982,3.0828698042062213,11.0,31,2.0,15,1.6321679974636898,12.0,1.4507018067425315,PIK3CA,P42336,True,4,11.52427765797698,5.0,31,descriptive abundance; no clinical expression threshold; isodoping flagged where supplied
OV4485,HGS,OV4485,p60,NA,2.0,PIK3CA,ENSG00000121879,1.10433,1.0733609651014564,26.0,31,11.0,15,1.6321679974636898,12.0,-0.5588070323622334,PIK3CA,P42336,True,4,11.22422972440576,26.0,31,descriptive abundance; no clinical expression threshold; isodoping flagged where supplied
OV866-2,HGS,OV866-2,p67,NA,1.0,PIK3CA,ENSG00000121879,1.249397,1.1695383073520313,25.0,31,10.0,15,1.6321679974636898,12.0,-0.46262969011165844,PIK3CA,P42336,True,4,11.39098923184511,15.0,31,descriptive abundance; no clinical expression threshold; isodoping flagged where supplied
TOV1369,HGS,1369,p65,P65,2.0,PIK3CA,ENSG00000121879,0.948145,0.962101060888286,27.0,31,12.0,15,1.6321679974636898,12.0,-0.6700669365754038,PIK3CA,P42336,True,4,11.23467511521668,25.0,31,descriptive abundance; no clinical expression threshold; isodoping flagged where supplied
TOV2295-R,HGS,2295,NA,P57,NA,PIK3CA,ENSG00000121879,NA,NA,NA,31,NA,15,1.6321679974636898,12.0,NA,PIK3CA,P42336,True,4,NA,NA,31,descriptive abundance; no clinical expression threshold; isodoping flagged where supplied
TOV2835EP,HGS,TOV2835EP,NA,P64,NA,PIK3CA,ENSG00000121879,NA,NA,NA,31,NA,15,1.6321679974636898,12.0,NA,PIK3CA,P42336,True,4,NA,NA,31,descriptive abundance; no clinical expression threshold; isodoping flagged where supplied
TOV2881EP,HGS,TOV2881EP,NA,P64,NA,PIK3CA,ENSG00000121879,NA,NA,NA,31,NA,15,1.6321679974636898,12.0,NA,PIK3CA,P42336,True,4,NA,NA,31,descriptive abundance; no clinical expression threshold; isodoping flagged where supplied
TOV2929D,HGS,TOV2929D,NA,P57,NA,PIK3CA,ENSG00000121879,NA,NA,NA,31,NA,15,1.6321679974636898,12.0,NA,PIK3CA,P42336,True,4,NA,NA,31,descriptive abundance; no clinical expression threshold; isodoping flagged where supplied
TOV3041G,HGS,TOV3041G,p67,NA,3.0,PIK3CA,ENSG00000121879,0.572417,0.652983866485377,31.0,31,15.0,15,1.6321679974636898,12.0,-0.9791841309783128,PIK3CA,P42336,True,4,11.45650003672942,11.0,31,descriptive abundance; no clinical expression threshold; isodoping flagged where supplied
TOV3121D,HGS,3121,NA,P68,NA,PIK3CA,ENSG00000121879,NA,NA,NA,31,NA,15,1.6321679974636898,12.0,NA,PIK3CA,P42336,True,4,NA,NA,31,descriptive abundance; no clinical expression threshold; isodoping flagged where supplied
TOV3121EP,HGS,3121,NA,P68,NA,PIK3CA,ENSG00000121879,NA,NA,NA,31,NA,15,1.6321679974636898,12.0,NA,PIK3CA,P42336,True,4,NA,NA,31,descriptive abundance; no clinical expression threshold; isodoping flagged where supplied
TOV3133D,HGS,3133,NA,P66,NA,PIK3CA,ENSG00000121879,NA,NA,NA,31,NA,15,1.6321679974636898,12.0,NA,PIK3CA,P42336,True,4,NA,NA,31,descriptive abundance; no clinical expression threshold; isodoping flagged where supplied
TOV3133G,HGS,3133,p61,P65,4.0,PIK3CA,ENSG00000121879,2.244859,1.698155789651119,21.0,31,7.0,15,1.6321679974636898,12.0,0.06598779218742923,PIK3CA,P42336,True,4,11.34815082357183,18.0,31,descriptive abundance; no clinical expression threshold; isodoping flagged where supplied
TOV3291G,HGS,3291,p62,NA,2.0,PIK3CA,ENSG00000121879,0.773547,0.8266375630153945,29.0,31,13.0,15,1.6321679974636898,12.0,-0.8055304344482953,PIK3CA,P42336,True,4,11.36363260684705,17.0,31,descriptive abundance; no clinical expression threshold; isodoping flagged where supplied
OV3331,HGS,OV3331,p71,P54,4.0,PIK3CA,ENSG00000121879,2.8478269999999997,1.9440439363603603,18.0,31,5.0,15,1.6321679974636898,12.0,0.31187593889667053,PIK3CA,P42336,True,4,11.39218539055164,14.0,31,descriptive abundance; no clinical expression threshold; isodoping flagged where supplied
OV90,HGS,OV90,p70,P63,5.0,PIK3CA,ENSG00000121879,14.07012,3.9136189997272552,3.0,31,1.0,15,1.6321679974636898,12.0,2.2814510022635655,PIK3CA,P42336,True,4,11.67359251922041,2.0,31,descriptive abundance; no clinical expression threshold; isodoping flagged where supplied
TOV81D,LGS,TOV81D,NA,P23,NA,PIK3CA,ENSG00000121879,NA,NA,NA,31,NA,0,NA,0.0,NA,PIK3CA,P42336,True,4,NA,NA,31,descriptive abundance; no clinical expression threshold; isodoping flagged where supplied
TOV21G,CC,TOV21G,p63,P59,5.0,PIK3CA,ENSG00000121879,2.599175,1.847666251052356,19.0,31,6.0,7,2.7085779360158857,7.0,-0.8609116849635297,PIK3CA,P42336,True,4,11.52608296280119,4.0,31,descriptive abundance; no clinical expression threshold; isodoping flagged where supplied
TOV3392D,CC,TOV3392D,p69,P69,1.0,PIK3CA,ENSG00000121879,2.214113,1.6844206513757398,22.0,31,7.0,7,2.7085779360158857,7.0,-1.0241572846401459,PIK3CA,P42336,True,4,11.51926603614752,7.0,31,descriptive abundance; no clinical expression threshold; isodoping flagged where supplied
VOA10816,CC,VOA10816,p20,NA,1.0,PIK3CA,ENSG00000121879,5.53677,2.7085779360158857,14.0,31,4.0,7,2.7085779360158857,7.0,0.0,PIK3CA,P42336,True,4,11.13741385826036,29.0,31,descriptive abundance; no clinical expression threshold; isodoping flagged where supplied
VOA12539,CC,VOA12539,p41,NA,2.0,PIK3CA,ENSG00000121879,7.043326,3.007792194373606,12.0,31,3.0,7,2.7085779360158857,7.0,0.2992142583577202,PIK3CA,P42336,True,4,11.1700029127061,27.0,31,descriptive abundance; no clinical expression threshold; isodoping flagged where supplied
VOA14993,CC,VOA14993,NA,NA,3.0,PIK3CA,ENSG00000121879,NA,NA,NA,31,NA,7,2.7085779360158857,7.0,NA,PIK3CA,P42336,True,4,11.50200328686684,8.0,31,descriptive abundance; no clinical expression threshold; isodoping flagged where supplied
VOA295,CC,VOA295,p31,NA,2.0,PIK3CA,ENSG00000121879,5.38204,2.674017650864293,15.0,31,5.0,7,2.7085779360158857,7.0,-0.034560285151592485,PIK3CA,P42336,True,4,11.14099145856941,28.0,31,descriptive abundance; no clinical expression threshold; isodoping flagged where supplied
VOA4841,CC,VOA4841,p43,NA,3.0,PIK3CA,ENSG00000121879,7.731214,3.126182262103656,10.0,31,2.0,7,2.7085779360158857,7.0,0.4176043260877704,PIK3CA,P42336,True,4,11.42762366941513,12.0,31,descriptive abundance; no clinical expression threshold; isodoping flagged where supplied
VOA6861,CC,VOA6861,p17,NA,NA,PIK3CA,ENSG00000121879,10.638683,3.5408559111347846,8.0,31,1.0,7,2.7085779360158857,7.0,0.8322779751188989,PIK3CA,P42336,True,4,NA,NA,31,descriptive abundance; no clinical expression threshold; isodoping flagged where supplied
TOV112D,EC,TOV112D,p63,P83,4.0,PIK3CA,ENSG00000121879,14.187639,3.9248257074703417,2.0,31,1.0,2,3.8390673930887003,2.0,0.08575831438164139,PIK3CA,P42336,True,4,11.50107654298705,9.0,31,descriptive abundance; no clinical expression threshold; isodoping flagged where supplied
VOA4395,EC,VOA4395,p39-40,NA,1.0,PIK3CA,ENSG00000121879,12.485238,3.7533090787070584,6.0,31,2.0,2,3.8390673930887003,2.0,-0.08575831438164183,PIK3CA,P42336,True,4,11.3478120446166,19.0,31,descriptive abundance; no clinical expression threshold; isodoping flagged where supplied
TOV2414,MC,TOV2414,p69,P65,5.0,PIK3CA,ENSG00000121879,0.946789,0.9610965280492274,28.0,31,3.0,3,3.6428107227732225,3.0,-2.681714194723995,PIK3CA,P42336,True,4,11.99649648113659,1.0,31,descriptive abundance; no clinical expression threshold; isodoping flagged where supplied
VOA8762,MC,VOA8762,p27,NA,4.0,PIK3CA,ENSG00000121879,11.490945,3.6428107227732225,7.0,31,2.0,3,3.6428107227732225,3.0,0.0,PIK3CA,P42336,True,4,11.37951047533744,16.0,31,descriptive abundance; no clinical expression threshold; isodoping flagged where supplied
VOA8771,MC,VOA8771,p28,NA,5.0,PIK3CA,ENSG00000121879,12.769968,3.7834533016881298,5.0,31,1.0,3,3.6428107227732225,3.0,0.14064257891490728,PIK3CA,P42336,True,4,11.26191263020547,24.0,31,descriptive abundance; no clinical expression threshold; isodoping flagged where supplied
VOA5217,MMMT,VOA5217,p36,NA,4.0,PIK3CA,ENSG00000121879,13.110644,3.818711927925613,4.0,31,2.0,2,3.9542673073729446,2.0,-0.13555537944733143,PIK3CA,P42336,True,4,11.49492586570318,10.0,31,descriptive abundance; no clinical expression threshold; isodoping flagged where supplied
VOA5436,MMMT,VOA5436,p35,NA,5.0,PIK3CA,ENSG00000121879,16.02783,4.089822686820276,1.0,31,1.0,2,3.9542673073729446,2.0,0.13555537944733143,PIK3CA,P42336,True,4,11.54583782101123,3.0,31,descriptive abundance; no clinical expression threshold; isodoping flagged where supplied
BIN67,SCCOHT,BIN67,p51,NA,3.0,PIK3CA,ENSG00000121879,9.718387,3.4220159071950587,9.0,31,1.0,2,2.896328085332687,2.0,0.5256878218623715,PIK3CA,P42336,True,4,11.29388553852077,21.0,31,descriptive abundance; no clinical expression threshold; isodoping flagged where supplied
COV434,SCCOHT,COV434,p46,NA,1.0,PIK3CA,ENSG00000121879,4.171706,2.370640263470315,16.0,31,2.0,2,2.896328085332687,2.0,-0.525687821862372,PIK3CA,P42336,True,4,11.27332735955031,23.0,31,descriptive abundance; no clinical expression threshold; isodoping flagged where supplied
OV1369-R2,HGS,1369,p69,P66,1.0,TP53,ENSG00000141510,78.3531316,6.31021525373409,12.0,31,7.0,15,6.08076308833876,12.0,0.22945216539533053,TP53,P04637,True,16,12.34747232990306,7.0,31,descriptive abundance; no clinical expression threshold; isodoping flagged where supplied
OV1946,HGS,OV1946,p64,NA,5.0,TP53,ENSG00000141510,42.981492,5.458824640974072,19.0,31,10.0,15,6.08076308833876,12.0,-0.6219384473646876,TP53,P04637,True,16,13.08560253809355,1.0,31,descriptive abundance; no clinical expression threshold; isodoping flagged where supplied
OV2085,HGS,OV2085,p68,P64,2.0,TP53,ENSG00000141510,56.34016615849,5.841474180067163,18.0,31,9.0,15,6.08076308833876,12.0,-0.23928890827159677,TP53,P04637,True,16,12.43632488551639,5.0,31,descriptive abundance; no clinical expression threshold; isodoping flagged where supplied
OV2295,HGS,2295,p64,P61,5.0,TP53,ENSG00000141510,91.42317258,6.53018270816236,8.0,31,4.0,15,6.08076308833876,12.0,0.44941961982360024,TP53,P04637,True,16,12.1875601584332,10.0,31,descriptive abundance; no clinical expression threshold; isodoping flagged where supplied
OV2295-R2,HGS,2295,p67,P70,3.0,TP53,ENSG00000141510,76.85893399999998,6.282790687152295,13.0,31,8.0,15,6.08076308833876,12.0,0.20202759881353582,TP53,P04637,True,16,12.2163942193698,9.0,31,descriptive abundance; no clinical expression threshold; isodoping flagged where supplied
OV3133-R,HGS,3133,p64,P71,1.0,TP53,ENSG00000141510,2.9146684000000005,1.9688901062553164,30.0,31,14.0,15,6.08076308833876,12.0,-4.111872982083443,TP53,P04637,True,16,11.78542073427503,15.0,31,descriptive abundance; no clinical expression threshold; isodoping flagged where supplied
OV3133-R2,HGS,3133,NA,P58,NA,TP53,ENSG00000141510,NA,NA,NA,31,NA,15,6.08076308833876,12.0,NA,TP53,P04637,True,16,NA,NA,31,descriptive abundance; no clinical expression threshold; isodoping flagged where supplied
OV3291,HGS,3291,NA,P46,NA,TP53,ENSG00000141510,NA,NA,NA,31,NA,15,6.08076308833876,12.0,NA,TP53,P04637,True,16,NA,NA,31,descriptive abundance; no clinical expression threshold; isodoping flagged where supplied
OV4453,HGS,OV4453,p60,NA,4.0,TP53,ENSG00000141510,416.875467,8.706929251913444,1.0,31,1.0,15,6.08076308833876,12.0,2.626166163574684,TP53,P04637,True,16,12.44091431072181,4.0,31,descriptive abundance; no clinical expression threshold; isodoping flagged where supplied
OV4485,HGS,OV4485,p60,NA,2.0,TP53,ENSG00000141510,91.269757,6.527785952121189,9.0,31,5.0,15,6.08076308833876,12.0,0.44702286378242917,TP53,P04637,True,16,12.37564792911471,6.0,31,descriptive abundance; no clinical expression threshold; isodoping flagged where supplied
OV866-2,HGS,OV866-2,p67,NA,1.0,TP53,ENSG00000141510,150.51459601630884,7.243312970839491,3.0,31,3.0,15,6.08076308833876,12.0,1.1625498825007314,TP53,P04637,True,16,12.47372190367564,3.0,31,descriptive abundance; no clinical expression threshold; isodoping flagged where supplied
TOV1369,HGS,1369,p65,P65,2.0,TP53,ENSG00000141510,79.442652,6.329888739486623,11.0,31,6.0,15,6.08076308833876,12.0,0.249125651147863,TP53,P04637,True,16,12.15273832461513,11.0,31,descriptive abundance; no clinical expression threshold; isodoping flagged where supplied
TOV2295-R,HGS,2295,NA,P57,NA,TP53,ENSG00000141510,NA,NA,NA,31,NA,15,6.08076308833876,12.0,NA,TP53,P04637,True,16,NA,NA,31,descriptive abundance; no clinical expression threshold; isodoping flagged where supplied
TOV2835EP,HGS,TOV2835EP,NA,P64,NA,TP53,ENSG00000141510,NA,NA,NA,31,NA,15,6.08076308833876,12.0,NA,TP53,P04637,True,16,NA,NA,31,descriptive abundance; no clinical expression threshold; isodoping flagged where supplied
TOV2881EP,HGS,TOV2881EP,NA,P64,NA,TP53,ENSG00000141510,NA,NA,NA,31,NA,15,6.08076308833876,12.0,NA,TP53,P04637,True,16,NA,NA,31,descriptive abundance; no clinical expression threshold; isodoping flagged where supplied
TOV2929D,HGS,TOV2929D,NA,P57,NA,TP53,ENSG00000141510,NA,NA,NA,31,NA,15,6.08076308833876,12.0,NA,TP53,P04637,True,16,NA,NA,31,descriptive abundance; no clinical expression threshold; isodoping flagged where supplied
TOV3041G,HGS,TOV3041G,p67,NA,3.0,TP53,ENSG00000141510,0.1044127,0.1432793831524121,31.0,31,15.0,15,6.08076308833876,12.0,-5.937483705186348,TP53,P04637,True,16,11.45700760620681,27.0,31,descriptive abundance; no clinical expression threshold; isodoping flagged where supplied
TOV3121D,HGS,3121,NA,P68,NA,TP53,ENSG00000141510,NA,NA,NA,31,NA,15,6.08076308833876,12.0,NA,TP53,P04637,True,16,NA,NA,31,descriptive abundance; no clinical expression threshold; isodoping flagged where supplied
TOV3121EP,HGS,3121,NA,P68,NA,TP53,ENSG00000141510,NA,NA,NA,31,NA,15,6.08076308833876,12.0,NA,TP53,P04637,True,16,NA,NA,31,descriptive abundance; no clinical expression threshold; isodoping flagged where supplied
TOV3133D,HGS,3133,NA,P66,NA,TP53,ENSG00000141510,NA,NA,NA,31,NA,15,6.08076308833876,12.0,NA,TP53,P04637,True,16,NA,NA,31,descriptive abundance; no clinical expression threshold; isodoping flagged where supplied
TOV3133G,HGS,3133,p61,P65,4.0,TP53,ENSG00000141510,3.6993777,2.232469725180755,29.0,31,13.0,15,6.08076308833876,12.0,-3.8482933631580045,TP53,P04637,True,16,12.06391567816877,12.0,31,descriptive abundance; no clinical expression threshold; isodoping flagged where supplied
TOV3291G,HGS,3291,p62,NA,2.0,TP53,ENSG00000141510,211.196986,7.729260354445244,2.0,31,2.0,15,6.08076308833876,12.0,1.6484972661064843,TP53,P04637,True,16,12.74965879441104,2.0,31,descriptive abundance; no clinical expression threshold; isodoping flagged where supplied
OV3331,HGS,OV3331,p71,P54,4.0,TP53,ENSG00000141510,5.7783821,2.7609409643872125,28.0,31,12.0,15,6.08076308833876,12.0,-3.319822123951547,TP53,P04637,True,16,11.34385541956555,30.0,31,descriptive abundance; no clinical expression threshold; isodoping flagged where supplied
OV90,HGS,OV90,p70,P63,5.0,TP53,ENSG00000141510,26.3015512833493,4.770911022780148,23.0,31,11.0,15,6.08076308833876,12.0,-1.3098520655586112,TP53,P04637,True,16,11.78409262956991,17.0,31,descriptive abundance; no clinical expression threshold; isodoping flagged where supplied
TOV81D,LGS,TOV81D,NA,P23,NA,TP53,ENSG00000141510,NA,NA,NA,31,NA,0,NA,0.0,NA,TP53,P04637,True,16,NA,NA,31,descriptive abundance; no clinical expression threshold; isodoping flagged where supplied
TOV21G,CC,TOV21G,p63,P59,5.0,TP53,ENSG00000141510,105.4281574,6.7337360809068185,5.0,31,1.0,7,6.0594864918243685,7.0,0.67424958908245,TP53,P04637,True,16,11.78511664833286,16.0,31,descriptive abundance; no clinical expression threshold; isodoping flagged where supplied
TOV3392D,CC,TOV3392D,p69,P69,1.0,TP53,ENSG00000141510,24.961763,4.698316451452252,24.0,31,6.0,7,6.0594864918243685,7.0,-1.3611700403721168,TP53,P04637,True,16,11.34601518360863,29.0,31,descriptive abundance; no clinical expression threshold; isodoping flagged where supplied
VOA10816,CC,VOA10816,p20,NA,1.0,TP53,ENSG00000141510,14.079878,3.914552851775971,26.0,31,7.0,7,6.0594864918243685,7.0,-2.1449336400483974,TP53,P04637,True,16,11.58814384270084,24.0,31,descriptive abundance; no clinical expression threshold; isodoping flagged where supplied
VOA12539,CC,VOA12539,p41,NA,2.0,TP53,ENSG00000141510,39.30685860027412,5.332953442988038,20.0,31,5.0,7,6.0594864918243685,7.0,-0.7265330488363304,TP53,P04637,True,16,11.36037202268724,28.0,31,descriptive abundance; no clinical expression threshold; isodoping flagged where supplied
VOA14993,CC,VOA14993,NA,NA,3.0,TP53,ENSG00000141510,NA,NA,NA,31,NA,7,6.0594864918243685,7.0,NA,TP53,P04637,True,16,11.77377350414082,18.0,31,descriptive abundance; no clinical expression threshold; isodoping flagged where supplied
VOA295,CC,VOA295,p31,NA,2.0,TP53,ENSG00000141510,81.96715200153058,6.374468358763679,10.0,31,3.0,7,6.0594864918243685,7.0,0.3149818669393101,TP53,P04637,True,16,11.58864771957203,23.0,31,descriptive abundance; no clinical expression threshold; isodoping flagged where supplied
VOA4841,CC,VOA4841,p43,NA,3.0,TP53,ENSG00000141510,65.69406559999999,6.0594864918243685,17.0,31,4.0,7,6.0594864918243685,7.0,0.0,TP53,P04637,True,16,11.52408938319873,26.0,31,descriptive abundance; no clinical expression threshold; isodoping flagged where supplied
VOA6861,CC,VOA6861,p17,NA,NA,TP53,ENSG00000141510,95.15963739,6.587359550663633,6.0,31,2.0,7,6.0594864918243685,7.0,0.5278730588392646,TP53,P04637,True,16,NA,NA,31,descriptive abundance; no clinical expression threshold; isodoping flagged where supplied
TOV112D,EC,TOV112D,p63,P83,4.0,TP53,ENSG00000141510,120.755373,6.927841628853719,4.0,31,1.0,2,6.55811845772718,2.0,0.3697231711265392,TP53,P04637,True,16,11.93617962233603,14.0,31,descriptive abundance; no clinical expression threshold; isodoping flagged where supplied
VOA4395,EC,VOA4395,p39-40,NA,1.0,TP53,ENSG00000141510,71.92771500044273,6.188395286600641,15.0,31,2.0,2,6.55811845772718,2.0,-0.3697231711265392,TP53,P04637,True,16,11.6555650737203,20.0,31,descriptive abundance; no clinical expression threshold; isodoping flagged where supplied
TOV2414,MC,TOV2414,p69,P65,5.0,TP53,ENSG00000141510,73.2095904465983,6.213533739895948,14.0,31,2.0,3,6.213533739895948,3.0,0.0,TP53,P04637,True,16,11.65994398253931,19.0,31,descriptive abundance; no clinical expression threshold; isodoping flagged where supplied
VOA8762,MC,VOA8762,p27,NA,4.0,TP53,ENSG00000141510,68.1994348,6.112688349301861,16.0,31,3.0,3,6.213533739895948,3.0,-0.10084539059408737,TP53,P04637,True,16,12.22688317839575,8.0,31,descriptive abundance; no clinical expression threshold; isodoping flagged where supplied
VOA8771,MC,VOA8771,p28,NA,5.0,TP53,ENSG00000141510,94.14307000000002,6.572026672661115,7.0,31,1.0,3,6.213533739895948,3.0,0.35849293276516736,TP53,P04637,True,16,11.96639841016676,13.0,31,descriptive abundance; no clinical expression threshold; isodoping flagged where supplied
VOA5217,MMMT,VOA5217,p36,NA,4.0,TP53,ENSG00000141510,21.622915,4.499712929833689,25.0,31,1.0,2,4.113984406414048,2.0,0.38572852341964126,TP53,P04637,True,16,10.94746024482959,31.0,31,descriptive abundance; no clinical expression threshold; isodoping flagged where supplied
VOA5436,MMMT,VOA5436,p35,NA,5.0,TP53,ENSG00000141510,12.253080999999998,3.728255882994407,27.0,31,2.0,2,4.113984406414048,2.0,-0.3857285234196408,TP53,P04637,True,16,11.56021926283243,25.0,31,descriptive abundance; no clinical expression threshold; isodoping flagged where supplied
BIN67,SCCOHT,BIN67,p51,NA,3.0,TP53,ENSG00000141510,32.78003699999999,5.0780990032423885,22.0,31,2.0,2,5.092847988130795,2.0,-0.014748984888406369,TP53,P04637,True,16,11.65509562827136,21.0,31,descriptive abundance; no clinical expression threshold; isodoping flagged where supplied
COV434,SCCOHT,COV434,p46,NA,1.0,TP53,ENSG00000141510,33.47782767290423,5.107596973019201,21.0,31,1.0,2,5.092847988130795,2.0,0.014748984888406369,TP53,P04637,True,16,11.63488865998268,22.0,31,descriptive abundance; no clinical expression threshold; isodoping flagged where supplied
OV1369-R2,HGS,1369,p69,P66,1.0,FBXW7,ENSG00000109670,2.5453770999999996,1.825939086242162,22.0,31,7.0,15,1.7551959243397142,12.0,0.07074316190244789,NA,NA,NA,NA,NA,NA,0,descriptive abundance; no clinical expression threshold; isodoping flagged where supplied
OV1946,HGS,OV1946,p64,NA,5.0,FBXW7,ENSG00000109670,7.419979050994999,3.073816643854234,12.0,31,2.0,15,1.7551959243397142,12.0,1.3186207195145196,NA,NA,NA,NA,NA,NA,0,descriptive abundance; no clinical expression threshold; isodoping flagged where supplied
OV2085,HGS,OV2085,p68,P64,2.0,FBXW7,ENSG00000109670,0.49002,0.5753316955915772,31.0,31,15.0,15,1.7551959243397142,12.0,-1.1798642287481371,NA,NA,NA,NA,NA,NA,0,descriptive abundance; no clinical expression threshold; isodoping flagged where supplied
OV2295,HGS,2295,p64,P61,5.0,FBXW7,ENSG00000109670,2.4021369999999993,1.766441237779957,23.0,31,8.0,15,1.7551959243397142,12.0,0.011245313440242821,NA,NA,NA,NA,NA,NA,0,descriptive abundance; no clinical expression threshold; isodoping flagged where supplied
OV2295-R2,HGS,2295,p67,P70,3.0,FBXW7,ENSG00000109670,2.8298862291151,1.93730153598069,20.0,31,6.0,15,1.7551959243397142,12.0,0.18210561164097583,NA,NA,NA,NA,NA,NA,0,descriptive abundance; no clinical expression threshold; isodoping flagged where supplied
OV3133-R,HGS,3133,p64,P71,1.0,FBXW7,ENSG00000109670,0.596705010537955,0.6750978010745777,30.0,31,14.0,15,1.7551959243397142,12.0,-1.0800981232651363,NA,NA,NA,NA,NA,NA,0,descriptive abundance; no clinical expression threshold; isodoping flagged where supplied
OV3133-R2,HGS,3133,NA,P58,NA,FBXW7,ENSG00000109670,NA,NA,NA,31,NA,15,1.7551959243397142,12.0,NA,NA,NA,NA,NA,NA,NA,0,descriptive abundance; no clinical expression threshold; isodoping flagged where supplied
OV3291,HGS,3291,NA,P46,NA,FBXW7,ENSG00000109670,NA,NA,NA,31,NA,15,1.7551959243397142,12.0,NA,NA,NA,NA,NA,NA,NA,0,descriptive abundance; no clinical expression threshold; isodoping flagged where supplied
OV4453,HGS,OV4453,p60,NA,4.0,FBXW7,ENSG00000109670,7.028715157240001,3.0051691303839556,14.0,31,3.0,15,1.7551959243397142,12.0,1.2499732060442414,NA,NA,NA,NA,NA,NA,0,descriptive abundance; no clinical expression threshold; isodoping flagged where supplied
OV4485,HGS,OV4485,p60,NA,2.0,FBXW7,ENSG00000109670,1.2677391,1.1812546699153195,28.0,31,12.0,15,1.7551959243397142,12.0,-0.5739412544243947,NA,NA,NA,NA,NA,NA,0,descriptive abundance; no clinical expression threshold; isodoping flagged where supplied
OV866-2,HGS,OV866-2,p67,NA,1.0,FBXW7,ENSG00000109670,2.15692604,1.658520461799105,24.0,31,9.0,15,1.7551959243397142,12.0,-0.09667546254060921,NA,NA,NA,NA,NA,NA,0,descriptive abundance; no clinical expression threshold; isodoping flagged where supplied
TOV1369,HGS,1369,p65,P65,2.0,FBXW7,ENSG00000109670,0.8005878743074001,0.8484680092665601,29.0,31,13.0,15,1.7551959243397142,12.0,-0.9067279150731541,NA,NA,NA,NA,NA,NA,0,descriptive abundance; no clinical expression threshold; isodoping flagged where supplied
TOV2295-R,HGS,2295,NA,P57,NA,FBXW7,ENSG00000109670,NA,NA,NA,31,NA,15,1.7551959243397142,12.0,NA,NA,NA,NA,NA,NA,NA,0,descriptive abundance; no clinical expression threshold; isodoping flagged where supplied
TOV2835EP,HGS,TOV2835EP,NA,P64,NA,FBXW7,ENSG00000109670,NA,NA,NA,31,NA,15,1.7551959243397142,12.0,NA,NA,NA,NA,NA,NA,NA,0,descriptive abundance; no clinical expression threshold; isodoping flagged where supplied
TOV2881EP,HGS,TOV2881EP,NA,P64,NA,FBXW7,ENSG00000109670,NA,NA,NA,31,NA,15,1.7551959243397142,12.0,NA,NA,NA,NA,NA,NA,NA,0,descriptive abundance; no clinical expression threshold; isodoping flagged where supplied
TOV2929D,HGS,TOV2929D,NA,P57,NA,FBXW7,ENSG00000109670,NA,NA,NA,31,NA,15,1.7551959243397142,12.0,NA,NA,NA,NA,NA,NA,NA,0,descriptive abundance; no clinical expression threshold; isodoping flagged where supplied
TOV3041G,HGS,TOV3041G,p67,NA,3.0,FBXW7,ENSG00000109670,1.4772893000000002,1.3087623576048117,26.0,31,10.0,15,1.7551959243397142,12.0,-0.4464335667349024,NA,NA,NA,NA,NA,NA,0,descriptive abundance; no clinical expression threshold; isodoping flagged where supplied
TOV3121D,HGS,3121,NA,P68,NA,FBXW7,ENSG00000109670,NA,NA,NA,31,NA,15,1.7551959243397142,12.0,NA,NA,NA,NA,NA,NA,NA,0,descriptive abundance; no clinical expression threshold; isodoping flagged where supplied
TOV3121EP,HGS,3121,NA,P68,NA,FBXW7,ENSG00000109670,NA,NA,NA,31,NA,15,1.7551959243397142,12.0,NA,NA,NA,NA,NA,NA,NA,0,descriptive abundance; no clinical expression threshold; isodoping flagged where supplied
TOV3133D,HGS,3133,NA,P66,NA,FBXW7,ENSG00000109670,NA,NA,NA,31,NA,15,1.7551959243397142,12.0,NA,NA,NA,NA,NA,NA,NA,0,descriptive abundance; no clinical expression threshold; isodoping flagged where supplied
TOV3133G,HGS,3133,p61,P65,4.0,FBXW7,ENSG00000109670,1.4430557000000002,1.2886867564409106,27.0,31,11.0,15,1.7551959243397142,12.0,-0.4665091678988036,NA,NA,NA,NA,NA,NA,0,descriptive abundance; no clinical expression threshold; isodoping flagged where supplied
TOV3291G,HGS,3291,p62,NA,2.0,FBXW7,ENSG00000109670,3.319442,2.1108449522432773,19.0,31,5.0,15,1.7551959243397142,12.0,0.3556490279035631,NA,NA,NA,NA,NA,NA,0,descriptive abundance; no clinical expression threshold; isodoping flagged where supplied
OV3331,HGS,OV3331,p71,P54,4.0,FBXW7,ENSG00000109670,3.7506642,2.248129233665993,18.0,31,4.0,15,1.7551959243397142,12.0,0.49293330932627866,NA,NA,NA,NA,NA,NA,0,descriptive abundance; no clinical expression threshold; isodoping flagged where supplied
OV90,HGS,OV90,p70,P63,5.0,FBXW7,ENSG00000109670,11.016841000000005,3.586985783563878,4.0,31,1.0,15,1.7551959243397142,12.0,1.831789859224164,NA,NA,NA,NA,NA,NA,0,descriptive abundance; no clinical expression threshold; isodoping flagged where supplied
TOV81D,LGS,TOV81D,NA,P23,NA,FBXW7,ENSG00000109670,NA,NA,NA,31,NA,0,NA,0.0,NA,NA,NA,NA,NA,NA,NA,0,descriptive abundance; no clinical expression threshold; isodoping flagged where supplied
TOV21G,CC,TOV21G,p63,P59,5.0,FBXW7,ENSG00000109670,6.310647600000001,2.869999210271574,15.0,31,6.0,7,3.4288528952342077,7.0,-0.5588536849626338,NA,NA,NA,NA,NA,NA,0,descriptive abundance; no clinical expression threshold; isodoping flagged where supplied
TOV3392D,CC,TOV3392D,p69,P69,1.0,FBXW7,ENSG00000109670,2.6409036,1.8642965431325855,21.0,31,7.0,7,3.4288528952342077,7.0,-1.5645563521016221,NA,NA,NA,NA,NA,NA,0,descriptive abundance; no clinical expression threshold; isodoping flagged where supplied
VOA10816,CC,VOA10816,p20,NA,1.0,FBXW7,ENSG00000109670,9.76930240357733,3.4288528952342077,6.0,31,4.0,7,3.4288528952342077,7.0,0.0,NA,NA,NA,NA,NA,NA,0,descriptive abundance; no clinical expression threshold; isodoping flagged where supplied
VOA12539,CC,VOA12539,p41,NA,2.0,FBXW7,ENSG00000109670,10.129173,3.4762744860284025,5.0,31,3.0,7,3.4288528952342077,7.0,0.047421590794194834,NA,NA,NA,NA,NA,NA,0,descriptive abundance; no clinical expression threshold; isodoping flagged where supplied
VOA14993,CC,VOA14993,NA,NA,3.0,FBXW7,ENSG00000109670,NA,NA,NA,31,NA,7,3.4288528952342077,7.0,NA,NA,NA,NA,NA,NA,NA,0,descriptive abundance; no clinical expression threshold; isodoping flagged where supplied
VOA295,CC,VOA295,p31,NA,2.0,FBXW7,ENSG00000109670,14.857311899999996,3.9870763238595517,1.0,31,1.0,7,3.4288528952342077,7.0,0.558223428625344,NA,NA,NA,NA,NA,NA,0,descriptive abundance; no clinical expression threshold; isodoping flagged where supplied
VOA4841,CC,VOA4841,p43,NA,3.0,FBXW7,ENSG00000109670,11.3424621,3.625558309889321,3.0,31,2.0,7,3.4288528952342077,7.0,0.1967054146551135,NA,NA,NA,NA,NA,NA,0,descriptive abundance; no clinical expression threshold; isodoping flagged where supplied
VOA6861,CC,VOA6861,p17,NA,NA,FBXW7,ENSG00000109670,7.0788255,3.014145569154196,13.0,31,5.0,7,3.4288528952342077,7.0,-0.4147073260800118,NA,NA,NA,NA,NA,NA,0,descriptive abundance; no clinical expression threshold; isodoping flagged where supplied
TOV112D,EC,TOV112D,p63,P83,4.0,FBXW7,ENSG00000109670,7.503069,3.087983645009775,11.0,31,2.0,2,3.431703439239252,2.0,-0.34371979422947696,NA,NA,NA,NA,NA,NA,0,descriptive abundance; no clinical expression threshold; isodoping flagged where supplied
VOA4395,EC,VOA4395,p39-40,NA,1.0,FBXW7,ENSG00000109670,12.693537,3.7754232334687283,2.0,31,1.0,2,3.431703439239252,2.0,0.3437197942294765,NA,NA,NA,NA,NA,NA,0,descriptive abundance; no clinical expression threshold; isodoping flagged where supplied
TOV2414,MC,TOV2414,p69,P65,5.0,FBXW7,ENSG00000109670,1.62668534,1.3932433852408141,25.0,31,3.0,3,3.1971929098282037,3.0,-1.8039495245873896,NA,NA,NA,NA,NA,NA,0,descriptive abundance; no clinical expression threshold; isodoping flagged where supplied
VOA8762,MC,VOA8762,p27,NA,4.0,FBXW7,ENSG00000109670,9.2818258,3.362024569411223,7.0,31,1.0,3,3.1971929098282037,3.0,0.16483165958301926,NA,NA,NA,NA,NA,NA,0,descriptive abundance; no clinical expression threshold; isodoping flagged where supplied
VOA8771,MC,VOA8771,p28,NA,5.0,FBXW7,ENSG00000109670,8.1717238,3.1971929098282037,10.0,31,2.0,3,3.1971929098282037,3.0,0.0,NA,NA,NA,NA,NA,NA,0,descriptive abundance; no clinical expression threshold; isodoping flagged where supplied
VOA5217,MMMT,VOA5217,p36,NA,4.0,FBXW7,ENSG00000109670,5.856038,2.7773751056959823,16.0,31,2.0,2,3.0460265359699514,2.0,-0.2686514302739691,NA,NA,NA,NA,NA,NA,0,descriptive abundance; no clinical expression threshold; isodoping flagged where supplied
VOA5436,MMMT,VOA5436,p35,NA,5.0,FBXW7,ENSG00000109670,8.949872000000003,3.314677966243921,9.0,31,1.0,2,3.0460265359699514,2.0,0.26865143027396954,NA,NA,NA,NA,NA,NA,0,descriptive abundance; no clinical expression threshold; isodoping flagged where supplied
BIN67,SCCOHT,BIN67,p51,NA,3.0,FBXW7,ENSG00000109670,9.026869,3.3257992737832915,8.0,31,1.0,2,3.044294147044658,2.0,0.2815051267386335,NA,NA,NA,NA,NA,NA,0,descriptive abundance; no clinical expression threshold; isodoping flagged where supplied
COV434,SCCOHT,COV434,p46,NA,1.0,FBXW7,ENSG00000109670,5.7870706,2.762789020306024,17.0,31,2.0,2,3.044294147044658,2.0,-0.2815051267386339,NA,NA,NA,NA,NA,NA,0,descriptive abundance; no clinical expression threshold; isodoping flagged where supplied
OV1369-R2,HGS,1369,p69,P66,1.0,MYC,ENSG00000136997,101.9871794,6.686320941093259,9.0,31,5.0,15,6.175110570307346,12.0,0.5112103707859124,NA,NA,NA,NA,NA,NA,0,descriptive abundance; no clinical expression threshold; isodoping flagged where supplied
OV1946,HGS,OV1946,p64,NA,5.0,MYC,ENSG00000136997,208.80638599999995,7.712914780513157,2.0,31,1.0,15,6.175110570307346,12.0,1.5378042102058105,NA,NA,NA,NA,NA,NA,0,descriptive abundance; no clinical expression threshold; isodoping flagged where supplied
OV2085,HGS,OV2085,p68,P64,2.0,MYC,ENSG00000136997,26.0040965,4.755106374457585,28.0,31,15.0,15,6.175110570307346,12.0,-1.420004195849761,NA,NA,NA,NA,NA,NA,0,descriptive abundance; no clinical expression threshold; isodoping flagged where supplied
OV2295,HGS,2295,p64,P61,5.0,MYC,ENSG00000136997,52.274973,5.735386051731081,20.0,31,11.0,15,6.175110570307346,12.0,-0.4397245185762655,NA,NA,NA,NA,NA,NA,0,descriptive abundance; no clinical expression threshold; isodoping flagged where supplied
OV2295-R2,HGS,2295,p67,P70,3.0,MYC,ENSG00000136997,78.60125070000001,6.31471919355217,15.0,31,8.0,15,6.175110570307346,12.0,0.1396086232448237,NA,NA,NA,NA,NA,NA,0,descriptive abundance; no clinical expression threshold; isodoping flagged where supplied
OV3133-R,HGS,3133,p64,P71,1.0,MYC,ENSG00000136997,39.6424746,5.344916341103243,26.0,31,14.0,15,6.175110570307346,12.0,-0.8301942292041034,NA,NA,NA,NA,NA,NA,0,descriptive abundance; no clinical expression threshold; isodoping flagged where supplied
OV3133-R2,HGS,3133,NA,P58,NA,MYC,ENSG00000136997,NA,NA,NA,31,NA,15,6.175110570307346,12.0,NA,NA,NA,NA,NA,NA,NA,0,descriptive abundance; no clinical expression threshold; isodoping flagged where supplied
OV3291,HGS,3291,NA,P46,NA,MYC,ENSG00000136997,NA,NA,NA,31,NA,15,6.175110570307346,12.0,NA,NA,NA,NA,NA,NA,NA,0,descriptive abundance; no clinical expression threshold; isodoping flagged where supplied
OV4453,HGS,OV4453,p60,NA,4.0,MYC,ENSG00000136997,68.75961,6.124320069454055,17.0,31,9.0,15,6.175110570307346,12.0,-0.0507905008532914,NA,NA,NA,NA,NA,NA,0,descriptive abundance; no clinical expression threshold; isodoping flagged where supplied
OV4485,HGS,OV4485,p60,NA,2.0,MYC,ENSG00000136997,136.51057699999998,7.103398781492559,5.0,31,4.0,15,6.175110570307346,12.0,0.9282882111852127,NA,NA,NA,NA,NA,NA,0,descriptive abundance; no clinical expression threshold; isodoping flagged where supplied
OV866-2,HGS,OV866-2,p67,NA,1.0,MYC,ENSG00000136997,148.151749,7.220637085039751,4.0,31,3.0,15,6.175110570307346,12.0,1.0455265147324049,NA,NA,NA,NA,NA,NA,0,descriptive abundance; no clinical expression threshold; isodoping flagged where supplied
TOV1369,HGS,1369,p65,P65,2.0,MYC,ENSG00000136997,53.397981,5.765481201228019,19.0,31,10.0,15,6.175110570307346,12.0,-0.4096293690793269,NA,NA,NA,NA,NA,NA,0,descriptive abundance; no clinical expression threshold; isodoping flagged where supplied
TOV2295-R,HGS,2295,NA,P57,NA,MYC,ENSG00000136997,NA,NA,NA,31,NA,15,6.175110570307346,12.0,NA,NA,NA,NA,NA,NA,NA,0,descriptive abundance; no clinical expression threshold; isodoping flagged where supplied
TOV2835EP,HGS,TOV2835EP,NA,P64,NA,MYC,ENSG00000136997,NA,NA,NA,31,NA,15,6.175110570307346,12.0,NA,NA,NA,NA,NA,NA,NA,0,descriptive abundance; no clinical expression threshold; isodoping flagged where supplied
TOV2881EP,HGS,TOV2881EP,NA,P64,NA,MYC,ENSG00000136997,NA,NA,NA,31,NA,15,6.175110570307346,12.0,NA,NA,NA,NA,NA,NA,NA,0,descriptive abundance; no clinical expression threshold; isodoping flagged where supplied
TOV2929D,HGS,TOV2929D,NA,P57,NA,MYC,ENSG00000136997,NA,NA,NA,31,NA,15,6.175110570307346,12.0,NA,NA,NA,NA,NA,NA,NA,0,descriptive abundance; no clinical expression threshold; isodoping flagged where supplied
TOV3041G,HGS,TOV3041G,p67,NA,3.0,MYC,ENSG00000136997,89.88184459999998,6.505920211951189,12.0,31,7.0,15,6.175110570307346,12.0,0.3308096416438424,NA,NA,NA,NA,NA,NA,0,descriptive abundance; no clinical expression threshold; isodoping flagged where supplied
TOV3121D,HGS,3121,NA,P68,NA,MYC,ENSG00000136997,NA,NA,NA,31,NA,15,6.175110570307346,12.0,NA,NA,NA,NA,NA,NA,NA,0,descriptive abundance; no clinical expression threshold; isodoping flagged where supplied
TOV3121EP,HGS,3121,NA,P68,NA,MYC,ENSG00000136997,NA,NA,NA,31,NA,15,6.175110570307346,12.0,NA,NA,NA,NA,NA,NA,NA,0,descriptive abundance; no clinical expression threshold; isodoping flagged where supplied
TOV3133D,HGS,3133,NA,P66,NA,MYC,ENSG00000136997,NA,NA,NA,31,NA,15,6.175110570307346,12.0,NA,NA,NA,NA,NA,NA,NA,0,descriptive abundance; no clinical expression threshold; isodoping flagged where supplied
TOV3133G,HGS,3133,p61,P65,4.0,MYC,ENSG00000136997,97.078676,6.615867598578304,10.0,31,6.0,15,6.175110570307346,12.0,0.44075702827095764,NA,NA,NA,NA,NA,NA,0,descriptive abundance; no clinical expression threshold; isodoping flagged where supplied
TOV3291G,HGS,3291,p62,NA,2.0,MYC,ENSG00000136997,46.17686252,5.560007570748593,24.0,31,12.0,15,6.175110570307346,12.0,-0.6151029995587534,NA,NA,NA,NA,NA,NA,0,descriptive abundance; no clinical expression threshold; isodoping flagged where supplied
OV3331,HGS,OV3331,p71,P54,4.0,MYC,ENSG00000136997,44.643737,5.512345009446869,25.0,31,13.0,15,6.175110570307346,12.0,-0.6627655608604774,NA,NA,NA,NA,NA,NA,0,descriptive abundance; no clinical expression threshold; isodoping flagged where supplied
OV90,HGS,OV90,p70,P63,5.0,MYC,ENSG00000136997,152.603059,7.2630631373454175,3.0,31,2.0,15,6.175110570307346,12.0,1.0879525670380712,NA,NA,NA,NA,NA,NA,0,descriptive abundance; no clinical expression threshold; isodoping flagged where supplied
TOV81D,LGS,TOV81D,NA,P23,NA,MYC,ENSG00000136997,NA,NA,NA,31,NA,0,NA,0.0,NA,NA,NA,NA,NA,NA,NA,0,descriptive abundance; no clinical expression threshold; isodoping flagged where supplied
TOV21G,CC,TOV21G,p63,P59,5.0,MYC,ENSG00000136997,52.265642,5.735133344583464,21.0,31,5.0,7,6.280347177220005,7.0,-0.5452138326365406,NA,NA,NA,NA,NA,NA,0,descriptive abundance; no clinical expression threshold; isodoping flagged where supplied
TOV3392D,CC,TOV3392D,p69,P69,1.0,MYC,ENSG00000136997,80.34591510000001,6.345997995635328,14.0,31,3.0,7,6.280347177220005,7.0,0.06565081841532283,NA,NA,NA,NA,NA,NA,0,descriptive abundance; no clinical expression threshold; isodoping flagged where supplied
VOA10816,CC,VOA10816,p20,NA,1.0,MYC,ENSG00000136997,76.727175,6.280347177220005,16.0,31,4.0,7,6.280347177220005,7.0,0.0,NA,NA,NA,NA,NA,NA,0,descriptive abundance; no clinical expression threshold; isodoping flagged where supplied
VOA12539,CC,VOA12539,p41,NA,2.0,MYC,ENSG00000136997,31.575532,5.025716834923887,27.0,31,7.0,7,6.280347177220005,7.0,-1.2546303422961174,NA,NA,NA,NA,NA,NA,0,descriptive abundance; no clinical expression threshold; isodoping flagged where supplied
VOA14993,CC,VOA14993,NA,NA,3.0,MYC,ENSG00000136997,NA,NA,NA,31,NA,7,6.280347177220005,7.0,NA,NA,NA,NA,NA,NA,NA,0,descriptive abundance; no clinical expression threshold; isodoping flagged where supplied
VOA295,CC,VOA295,p31,NA,2.0,MYC,ENSG00000136997,91.817902,6.536331182953502,11.0,31,2.0,7,6.280347177220005,7.0,0.255984005733497,NA,NA,NA,NA,NA,NA,0,descriptive abundance; no clinical expression threshold; isodoping flagged where supplied
VOA4841,CC,VOA4841,p43,NA,3.0,MYC,ENSG00000136997,113.826596,6.843313025807202,7.0,31,1.0,7,6.280347177220005,7.0,0.5629658485871971,NA,NA,NA,NA,NA,NA,0,descriptive abundance; no clinical expression threshold; isodoping flagged where supplied
VOA6861,CC,VOA6861,p17,NA,NA,MYC,ENSG00000136997,47.602768000000005,5.602966574688718,23.0,31,6.0,7,6.280347177220005,7.0,-0.6773806025312865,NA,NA,NA,NA,NA,NA,0,descriptive abundance; no clinical expression threshold; isodoping flagged where supplied
TOV112D,EC,TOV112D,p63,P83,4.0,MYC,ENSG00000136997,223.962759,7.813542382982063,1.0,31,1.0,2,7.39111449395064,2.0,0.4224278890314226,NA,NA,NA,NA,NA,NA,0,descriptive abundance; no clinical expression threshold; isodoping flagged where supplied
VOA4395,EC,VOA4395,p39-40,NA,1.0,MYC,ENSG00000136997,124.25172,6.968686604919219,6.0,31,2.0,2,7.39111449395064,2.0,-0.4224278890314217,NA,NA,NA,NA,NA,NA,0,descriptive abundance; no clinical expression threshold; isodoping flagged where supplied
TOV2414,MC,TOV2414,p69,P65,5.0,MYC,ENSG00000136997,80.99545699999999,6.357472073579842,13.0,31,1.0,3,4.647460210934466,3.0,1.7100118626453762,NA,NA,NA,NA,NA,NA,0,descriptive abundance; no clinical expression threshold; isodoping flagged where supplied
VOA8762,MC,VOA8762,p27,NA,4.0,MYC,ENSG00000136997,24.062531,4.647460210934466,29.0,31,2.0,3,4.647460210934466,3.0,0.0,NA,NA,NA,NA,NA,NA,0,descriptive abundance; no clinical expression threshold; isodoping flagged where supplied
VOA8771,MC,VOA8771,p28,NA,5.0,MYC,ENSG00000136997,10.4734712046,3.520230027831157,31.0,31,3.0,3,4.647460210934466,3.0,-1.127230183103309,NA,NA,NA,NA,NA,NA,0,descriptive abundance; no clinical expression threshold; isodoping flagged where supplied
VOA5217,MMMT,VOA5217,p36,NA,4.0,MYC,ENSG00000136997,48.376042,5.6257392890871545,22.0,31,1.0,2,4.779387060540701,2.0,0.8463522285464533,NA,NA,NA,NA,NA,NA,0,descriptive abundance; no clinical expression threshold; isodoping flagged where supplied
VOA5436,MMMT,VOA5436,p35,NA,5.0,MYC,ENSG00000136997,14.274305,3.933034831994247,30.0,31,2.0,2,4.779387060540701,2.0,-0.8463522285464542,NA,NA,NA,NA,NA,NA,0,descriptive abundance; no clinical expression threshold; isodoping flagged where supplied
BIN67,SCCOHT,BIN67,p51,NA,3.0,MYC,ENSG00000136997,61.598437,5.968054730312029,18.0,31,2.0,2,6.350220921394609,2.0,-0.38216619108257976,NA,NA,NA,NA,NA,NA,0,descriptive abundance; no clinical expression threshold; isodoping flagged where supplied
COV434,SCCOHT,COV434,p46,NA,1.0,MYC,ENSG00000136997,105.32869,6.732387112477188,8.0,31,1.0,2,6.350220921394609,2.0,0.3821661910825789,NA,NA,NA,NA,NA,NA,0,descriptive abundance; no clinical expression threshold; isodoping flagged where supplied
