cell_line,patient_id,histotype_code,rna_tpm,rna_log2_tpm_plus1,protein_log2_normalised,cohort,gene,ranking_direction,rna_preference_percentile,protein_preference_percentile,joint_mean_score,joint_weaker_assay_score,joint_rna25_score,joint_rna75_score,joint_mean_rank,joint_weaker_assay_rank,joint_rna25_rank,joint_rna75_rank,rank_best_across_methods,rank_worst_across_methods,absolute_assay_percentile_gap,both_assays_same_direction,n_ranked,protein_isodoping
OV1369-R2,1369,HGS,28.9642363,4.905169699223096,13.09504753490508,matched_models,ERBB2,higher,0.034482758620689655,0.13793103448275862,0.08620689655172414,0.034482758620689655,0.11206896551724138,0.06034482758620689,27.0,28.0,27.0,28.0,27.0,28.0,0.10344827586206896,False,30.0,True
OV1946,OV1946,HGS,29.245250799999997,4.918636718755813,12.91974977298359,matched_models,ERBB2,higher,0.06896551724137931,0.0,0.034482758620689655,0.0,0.017241379310344827,0.05172413793103448,29.0,29.0,30.0,29.0,29.0,30.0,0.06896551724137931,False,30.0,True
OV2085,OV2085,HGS,37.752488199999995,5.276217040075657,13.32622273451726,matched_models,ERBB2,higher,0.20689655172413793,0.5862068965517241,0.396551724137931,0.20689655172413793,0.4913793103448275,0.3017241379310345,20.0,21.0,17.0,22.0,17.0,22.0,0.3793103448275862,False,30.0,True
OV2295,2295,HGS,78.473694,6.3124054984783005,13.31748998068187,matched_models,ERBB2,higher,0.7931034482758621,0.5172413793103449,0.6551724137931034,0.5172413793103449,0.5862068965517242,0.7241379310344828,10.0,9.0,12.0,8.0,8.0,12.0,0.27586206896551724,True,30.0,True
OV2295-R2,2295,HGS,30.0697819,4.957440209121728,13.02457850468207,matched_models,ERBB2,higher,0.10344827586206896,0.06896551724137931,0.08620689655172414,0.06896551724137931,0.07758620689655173,0.09482758620689655,27.0,27.0,28.0,27.0,27.0,28.0,0.034482758620689655,False,30.0,True
OV3133-R,3133,HGS,35.41434829400001,5.186435120416432,13.28486085076809,matched_models,ERBB2,higher,0.1724137931034483,0.4482758620689655,0.3103448275862069,0.1724137931034483,0.3793103448275862,0.2413793103448276,22.0,23.0,20.0,24.0,20.0,24.0,0.27586206896551724,False,30.0,True
OV4453,OV4453,HGS,71.50283500000002,6.179965503262875,13.31465407734208,matched_models,ERBB2,higher,0.6551724137931034,0.4827586206896552,0.5689655172413793,0.4827586206896552,0.5258620689655172,0.6120689655172413,12.0,11.0,15.0,12.0,11.0,15.0,0.17241379310344823,False,30.0,True
OV4485,OV4485,HGS,49.852913,5.668258513026857,13.40150299877742,matched_models,ERBB2,higher,0.3448275862068966,0.7931034482758621,0.5689655172413793,0.3448275862068966,0.6810344827586208,0.45689655172413796,12.0,16.0,10.0,17.0,10.0,17.0,0.4482758620689655,False,30.0,True
OV866-2,OV866-2,HGS,50.27316926272701,5.680132170276312,13.35384769669199,matched_models,ERBB2,higher,0.3793103448275862,0.6551724137931034,0.5172413793103448,0.3793103448275862,0.5862068965517241,0.44827586206896547,17.0,14.0,13.0,18.0,13.0,18.0,0.27586206896551724,False,30.0,True
TOV1369,1369,HGS,68.26814343199999,6.114120101226086,13.27537182275428,matched_models,ERBB2,higher,0.5862068965517241,0.3793103448275862,0.48275862068965514,0.3793103448275862,0.43103448275862066,0.5344827586206896,18.0,14.0,18.0,14.0,14.0,18.0,0.2068965517241379,False,30.0,True
TOV3041G,TOV3041G,HGS,34.920132,5.166720746619972,13.20788972133084,matched_models,ERBB2,higher,0.13793103448275862,0.27586206896551724,0.20689655172413793,0.13793103448275862,0.24137931034482757,0.1724137931034483,26.0,25.0,24.0,26.0,24.0,26.0,0.13793103448275862,False,30.0,True
TOV3133G,3133,HGS,39.8507628243149,5.352291113590777,13.18033538081043,matched_models,ERBB2,higher,0.2413793103448276,0.20689655172413793,0.22413793103448276,0.20689655172413793,0.21551724137931036,0.23275862068965517,25.0,21.0,25.0,25.0,21.0,25.0,0.03448275862068967,False,30.0,True
TOV3291G,3291,HGS,66.73972635,6.081930253637127,13.2537472053774,matched_models,ERBB2,higher,0.5517241379310345,0.3448275862068966,0.4482758620689655,0.3448275862068966,0.39655172413793105,0.5,19.0,16.0,19.0,15.0,15.0,19.0,0.2068965517241379,False,30.0,True
OV3331,OV3331,HGS,110.83956845746062,6.805286888849257,13.3360871237342,matched_models,ERBB2,higher,0.9310344827586207,0.6206896551724138,0.7758620689655172,0.6206896551724138,0.6982758620689655,0.853448275862069,6.0,7.0,9.0,3.0,3.0,9.0,0.31034482758620685,True,30.0,True
OV90,OV90,HGS,23.301119430000004,4.602950867932892,12.99980529408047,matched_models,ERBB2,higher,0.0,0.034482758620689655,0.017241379310344827,0.0,0.02586206896551724,0.008620689655172414,30.0,29.0,29.0,30.0,29.0,30.0,0.034482758620689655,False,30.0,True
TOV21G,TOV21G,CC,58.525746800000015,5.895441910305661,13.24664001241301,matched_models,ERBB2,higher,0.41379310344827586,0.3103448275862069,0.3620689655172414,0.3103448275862069,0.33620689655172414,0.3879310344827586,21.0,18.0,22.0,20.0,18.0,22.0,0.10344827586206895,False,30.0,True
TOV3392D,TOV3392D,CC,216.377008563498,7.764055547869947,13.90404094331423,matched_models,ERBB2,higher,1.0,1.0,1.0,1.0,1.0,1.0,1.0,1.0,1.0,1.0,1.0,1.0,0.0,True,30.0,True
VOA10816,VOA10816,CC,147.21650100000002,7.211562262153019,13.37558430657029,matched_models,ERBB2,higher,0.9655172413793104,0.6896551724137931,0.8275862068965518,0.6896551724137931,0.7586206896551725,0.896551724137931,3.0,5.0,7.0,2.0,2.0,7.0,0.27586206896551724,True,30.0,True
VOA12539,VOA12539,CC,72.5451607,6.200558509599236,13.65070045426861,matched_models,ERBB2,higher,0.7241379310344828,0.9655172413793104,0.8448275862068966,0.7241379310344828,0.9051724137931034,0.7844827586206897,2.0,4.0,2.0,6.0,2.0,6.0,0.24137931034482762,True,30.0,True
VOA295,VOA295,CC,66.55604799999999,6.078013028450478,13.49383347241082,matched_models,ERBB2,higher,0.5172413793103449,0.8275862068965517,0.6724137931034483,0.5172413793103449,0.75,0.5948275862068966,9.0,9.0,8.0,13.0,8.0,13.0,0.31034482758620685,True,30.0,True
VOA4841,VOA4841,CC,90.1203914,6.509702038922262,13.1042090899028,matched_models,ERBB2,higher,0.896551724137931,0.1724137931034483,0.5344827586206897,0.1724137931034483,0.35344827586206895,0.7155172413793104,14.0,23.0,21.0,10.0,10.0,23.0,0.7241379310344828,False,30.0,True
TOV112D,TOV112D,EC,45.7441044,5.546712511454654,13.19346825036753,matched_models,ERBB2,higher,0.27586206896551724,0.2413793103448276,0.25862068965517243,0.2413793103448276,0.25,0.2672413793103448,24.0,20.0,23.0,23.0,20.0,24.0,0.03448275862068964,False,30.0,True
VOA4395,VOA4395,EC,47.49954699999999,5.599899367055052,13.38002877452424,matched_models,ERBB2,higher,0.3103448275862069,0.7241379310344828,0.5172413793103449,0.3103448275862069,0.6206896551724138,0.4137931034482759,15.0,18.0,11.0,19.0,11.0,19.0,0.41379310344827586,False,30.0,True
TOV2414,TOV2414,MC,79.34355480599999,6.328110389822278,13.27892101325559,matched_models,ERBB2,higher,0.8275862068965517,0.41379310344827586,0.6206896551724138,0.41379310344827586,0.5172413793103449,0.7241379310344828,11.0,13.0,16.0,8.0,8.0,16.0,0.41379310344827586,False,30.0,True
VOA8762,VOA8762,MC,78.3467398,6.310099041690741,13.63914457854373,matched_models,ERBB2,higher,0.7586206896551724,0.896551724137931,0.8275862068965517,0.7586206896551724,0.8620689655172413,0.793103448275862,4.0,2.0,3.0,5.0,2.0,5.0,0.13793103448275867,True,30.0,True
VOA8771,VOA8771,MC,69.98197449999999,6.1493808011788404,13.64802319162523,matched_models,ERBB2,higher,0.6206896551724138,0.9310344827586207,0.7758620689655172,0.6206896551724138,0.853448275862069,0.6982758620689655,6.0,7.0,4.0,11.0,4.0,11.0,0.31034482758620685,True,30.0,True
VOA5217,VOA5217,MMMT,72.027163,6.190361279926192,13.58144127659377,matched_models,ERBB2,higher,0.6896551724137931,0.8620689655172413,0.7758620689655172,0.6896551724137931,0.8189655172413793,0.7327586206896552,6.0,5.0,5.0,7.0,5.0,7.0,0.17241379310344818,True,30.0,True
VOA5436,VOA5436,MMMT,59.67433830000001,5.923014564658266,13.32268251703292,matched_models,ERBB2,higher,0.4827586206896552,0.5517241379310345,0.5172413793103449,0.4827586206896552,0.5344827586206896,0.5,15.0,11.0,14.0,15.0,11.0,15.0,0.06896551724137928,False,30.0,True
BIN67,BIN67,SCCOHT,87.92239330000001,6.474474873162024,13.38857764510971,matched_models,ERBB2,higher,0.8620689655172413,0.7586206896551724,0.8103448275862069,0.7586206896551724,0.7844827586206895,0.8362068965517242,5.0,2.0,6.0,4.0,2.0,6.0,0.10344827586206895,True,30.0,True
COV434,COV434,SCCOHT,59.55946281,5.920280502906081,13.0531470843212,matched_models,ERBB2,higher,0.4482758620689655,0.10344827586206896,0.27586206896551724,0.10344827586206896,0.1896551724137931,0.3620689655172414,23.0,26.0,26.0,21.0,21.0,26.0,0.3448275862068966,False,30.0,True
OV1369-R2,1369,HGS,28.9642363,4.905169699223096,13.09504753490508,selected_patient_representatives,ERBB2,higher,0.038461538461538464,0.11538461538461539,0.07692307692307693,0.038461538461538464,0.09615384615384615,0.057692307692307696,25.0,25.0,25.0,25.0,25.0,25.0,0.07692307692307693,False,27.0,True
OV1946,OV1946,HGS,29.245250799999997,4.918636718755813,12.91974977298359,selected_patient_representatives,ERBB2,higher,0.07692307692307693,0.0,0.038461538461538464,0.0,0.019230769230769232,0.057692307692307696,26.0,26.0,27.0,25.0,25.0,27.0,0.07692307692307693,False,27.0,True
OV2085,OV2085,HGS,37.752488199999995,5.276217040075657,13.32622273451726,selected_patient_representatives,ERBB2,higher,0.19230769230769232,0.5384615384615384,0.36538461538461536,0.19230769230769232,0.4519230769230769,0.27884615384615385,19.0,19.0,17.0,21.0,17.0,21.0,0.34615384615384615,False,27.0,True
OV2295,2295,HGS,78.473694,6.3124054984783005,13.31748998068187,selected_patient_representatives,ERBB2,higher,0.7692307692307693,0.46153846153846156,0.6153846153846154,0.46153846153846156,0.5384615384615384,0.6923076923076924,10.0,10.0,13.0,9.0,9.0,13.0,0.3076923076923077,False,27.0,True
OV3133-R,3133,HGS,35.41434829400001,5.186435120416432,13.28486085076809,selected_patient_representatives,ERBB2,higher,0.15384615384615385,0.38461538461538464,0.2692307692307693,0.15384615384615385,0.326923076923077,0.21153846153846156,21.0,21.0,20.0,23.0,20.0,23.0,0.23076923076923078,False,27.0,True
OV4453,OV4453,HGS,71.50283500000002,6.179965503262875,13.31465407734208,selected_patient_representatives,ERBB2,higher,0.6153846153846154,0.4230769230769231,0.5192307692307693,0.4230769230769231,0.47115384615384615,0.5673076923076923,13.0,12.0,15.0,13.0,12.0,15.0,0.19230769230769235,False,27.0,True
OV4485,OV4485,HGS,49.852913,5.668258513026857,13.40150299877742,selected_patient_representatives,ERBB2,higher,0.3076923076923077,0.7692307692307693,0.5384615384615385,0.3076923076923077,0.653846153846154,0.42307692307692313,12.0,15.0,10.0,16.0,10.0,16.0,0.46153846153846156,False,27.0,True
OV866-2,OV866-2,HGS,50.27316926272701,5.680132170276312,13.35384769669199,selected_patient_representatives,ERBB2,higher,0.34615384615384615,0.6153846153846154,0.4807692307692308,0.34615384615384615,0.5480769230769231,0.41346153846153844,15.0,13.0,12.0,17.0,12.0,17.0,0.2692307692307693,False,27.0,True
TOV3041G,TOV3041G,HGS,34.920132,5.166720746619972,13.20788972133084,selected_patient_representatives,ERBB2,higher,0.11538461538461539,0.23076923076923078,0.17307692307692307,0.11538461538461539,0.20192307692307693,0.14423076923076922,24.0,23.0,22.0,24.0,22.0,24.0,0.11538461538461539,False,27.0,True
TOV3291G,3291,HGS,66.73972635,6.081930253637127,13.2537472053774,selected_patient_representatives,ERBB2,higher,0.5384615384615384,0.3076923076923077,0.4230769230769231,0.3076923076923077,0.3653846153846154,0.4807692307692308,18.0,15.0,18.0,14.0,14.0,18.0,0.23076923076923073,False,27.0,True
OV3331,OV3331,HGS,110.83956845746062,6.805286888849257,13.3360871237342,selected_patient_representatives,ERBB2,higher,0.9230769230769231,0.5769230769230769,0.75,0.5769230769230769,0.6634615384615384,0.8365384615384615,6.0,7.0,9.0,3.0,3.0,9.0,0.34615384615384626,True,27.0,True
OV90,OV90,HGS,23.301119430000004,4.602950867932892,12.99980529408047,selected_patient_representatives,ERBB2,higher,0.0,0.038461538461538464,0.019230769230769232,0.0,0.028846153846153848,0.009615384615384616,27.0,26.0,26.0,27.0,26.0,27.0,0.038461538461538464,False,27.0,True
TOV21G,TOV21G,CC,58.525746800000015,5.895441910305661,13.24664001241301,selected_patient_representatives,ERBB2,higher,0.38461538461538464,0.2692307692307692,0.3269230769230769,0.2692307692307692,0.2980769230769231,0.3557692307692308,20.0,17.0,21.0,19.0,17.0,21.0,0.11538461538461542,False,27.0,True
TOV3392D,TOV3392D,CC,216.377008563498,7.764055547869947,13.90404094331423,selected_patient_representatives,ERBB2,higher,1.0,1.0,1.0,1.0,1.0,1.0,1.0,1.0,1.0,1.0,1.0,1.0,0.0,True,27.0,True
VOA10816,VOA10816,CC,147.21650100000002,7.211562262153019,13.37558430657029,selected_patient_representatives,ERBB2,higher,0.9615384615384616,0.6538461538461539,0.8076923076923077,0.6538461538461539,0.7307692307692308,0.8846153846153846,3.0,5.0,7.0,2.0,2.0,7.0,0.3076923076923077,True,27.0,True
VOA12539,VOA12539,CC,72.5451607,6.200558509599236,13.65070045426861,selected_patient_representatives,ERBB2,higher,0.6923076923076923,0.9615384615384616,0.8269230769230769,0.6923076923076923,0.8942307692307692,0.7596153846153846,2.0,4.0,2.0,6.0,2.0,6.0,0.2692307692307693,True,27.0,True
VOA295,VOA295,CC,66.55604799999999,6.078013028450478,13.49383347241082,selected_patient_representatives,ERBB2,higher,0.5,0.8076923076923077,0.6538461538461539,0.5,0.7307692307692308,0.5769230769230769,9.0,9.0,7.0,12.0,7.0,12.0,0.3076923076923077,True,27.0,True
VOA4841,VOA4841,CC,90.1203914,6.509702038922262,13.1042090899028,selected_patient_representatives,ERBB2,higher,0.8846153846153846,0.15384615384615385,0.5192307692307692,0.15384615384615385,0.33653846153846156,0.7019230769230769,14.0,21.0,19.0,8.0,8.0,21.0,0.7307692307692307,False,27.0,True
TOV112D,TOV112D,EC,45.7441044,5.546712511454654,13.19346825036753,selected_patient_representatives,ERBB2,higher,0.23076923076923078,0.19230769230769232,0.21153846153846156,0.19230769230769232,0.20192307692307693,0.22115384615384615,23.0,19.0,22.0,22.0,19.0,23.0,0.038461538461538464,False,27.0,True
VOA4395,VOA4395,EC,47.49954699999999,5.599899367055052,13.38002877452424,selected_patient_representatives,ERBB2,higher,0.2692307692307692,0.6923076923076923,0.4807692307692307,0.2692307692307692,0.5865384615384615,0.375,17.0,17.0,11.0,18.0,11.0,18.0,0.4230769230769231,False,27.0,True
TOV2414,TOV2414,MC,79.34355480599999,6.328110389822278,13.27892101325559,selected_patient_representatives,ERBB2,higher,0.8076923076923077,0.34615384615384615,0.5769230769230769,0.34615384615384615,0.4615384615384615,0.6923076923076924,11.0,13.0,16.0,9.0,9.0,16.0,0.46153846153846156,False,27.0,True
VOA8762,VOA8762,MC,78.3467398,6.310099041690741,13.63914457854373,selected_patient_representatives,ERBB2,higher,0.7307692307692307,0.8846153846153846,0.8076923076923077,0.7307692307692307,0.8461538461538461,0.7692307692307692,3.0,2.0,3.0,5.0,2.0,5.0,0.15384615384615385,True,27.0,True
VOA8771,VOA8771,MC,69.98197449999999,6.1493808011788404,13.64802319162523,selected_patient_representatives,ERBB2,higher,0.5769230769230769,0.9230769230769231,0.75,0.5769230769230769,0.8365384615384615,0.6634615384615384,6.0,7.0,4.0,11.0,4.0,11.0,0.34615384615384626,True,27.0,True
VOA5217,VOA5217,MMMT,72.027163,6.190361279926192,13.58144127659377,selected_patient_representatives,ERBB2,higher,0.6538461538461539,0.8461538461538461,0.75,0.6538461538461539,0.798076923076923,0.701923076923077,6.0,5.0,5.0,7.0,5.0,7.0,0.1923076923076923,True,27.0,True
VOA5436,VOA5436,MMMT,59.67433830000001,5.923014564658266,13.32268251703292,selected_patient_representatives,ERBB2,higher,0.46153846153846156,0.5,0.4807692307692308,0.46153846153846156,0.4903846153846154,0.47115384615384615,15.0,10.0,14.0,15.0,10.0,15.0,0.038461538461538436,False,27.0,True
BIN67,BIN67,SCCOHT,87.92239330000001,6.474474873162024,13.38857764510971,selected_patient_representatives,ERBB2,higher,0.8461538461538461,0.7307692307692307,0.7884615384615384,0.7307692307692307,0.7596153846153846,0.8173076923076923,5.0,2.0,6.0,4.0,2.0,6.0,0.11538461538461542,True,27.0,True
COV434,COV434,SCCOHT,59.55946281,5.920280502906081,13.0531470843212,selected_patient_representatives,ERBB2,higher,0.4230769230769231,0.07692307692307693,0.25,0.07692307692307693,0.16346153846153846,0.3365384615384615,22.0,24.0,24.0,20.0,20.0,24.0,0.34615384615384615,False,27.0,True
OV1369-R2;TOV1369,1369,HGS,48.61618986599999,5.5096449002245915,13.185209678829679,patient_means_of_matched_models,ERBB2,higher,0.19230769230769232,0.19230769230769232,0.19230769230769232,0.19230769230769232,0.19230769230769232,0.19230769230769232,24.0,19.0,23.0,23.0,19.0,24.0,0.0,False,27.0,True
OV2295;OV2295-R2,2295,HGS,54.271737949999995,5.634922853800014,13.17103424268197,patient_means_of_matched_models,ERBB2,higher,0.3076923076923077,0.15384615384615385,0.23076923076923078,0.15384615384615385,0.19230769230769232,0.2692307692307693,21.0,20.0,23.0,20.0,20.0,23.0,0.15384615384615385,False,27.0,True
OV3133-R;TOV3133G,3133,HGS,37.63255555915745,5.269363117003604,13.23259811578926,patient_means_of_matched_models,ERBB2,higher,0.11538461538461539,0.3076923076923077,0.21153846153846156,0.11538461538461539,0.25961538461538464,0.16346153846153846,23.0,22.0,20.0,24.0,20.0,24.0,0.19230769230769232,False,27.0,True
TOV3291G,3291,HGS,66.73972635,6.081930253637127,13.2537472053774,patient_means_of_matched_models,ERBB2,higher,0.5769230769230769,0.38461538461538464,0.4807692307692307,0.38461538461538464,0.4326923076923077,0.5288461538461539,16.0,13.0,17.0,13.0,13.0,17.0,0.19230769230769224,False,27.0,True
BIN67,BIN67,SCCOHT,87.92239330000001,6.474474873162024,13.38857764510971,patient_means_of_matched_models,ERBB2,higher,0.8461538461538461,0.7307692307692307,0.7884615384615384,0.7307692307692307,0.7596153846153846,0.8173076923076923,5.0,3.0,6.0,4.0,3.0,6.0,0.11538461538461542,True,27.0,True
COV434,COV434,SCCOHT,59.55946281,5.920280502906081,13.0531470843212,patient_means_of_matched_models,ERBB2,higher,0.46153846153846156,0.07692307692307693,0.2692307692307693,0.07692307692307693,0.17307692307692307,0.36538461538461536,20.0,24.0,25.0,19.0,19.0,25.0,0.38461538461538464,False,27.0,True
OV1946,OV1946,HGS,29.245250799999997,4.918636718755813,12.91974977298359,patient_means_of_matched_models,ERBB2,higher,0.038461538461538464,0.0,0.019230769230769232,0.0,0.009615384615384616,0.028846153846153848,26.0,26.0,27.0,26.0,26.0,27.0,0.038461538461538464,False,27.0,True
OV2085,OV2085,HGS,37.752488199999995,5.276217040075657,13.32622273451726,patient_means_of_matched_models,ERBB2,higher,0.15384615384615385,0.5384615384615384,0.34615384615384615,0.15384615384615385,0.4423076923076923,0.25,19.0,20.0,16.0,21.0,16.0,21.0,0.3846153846153846,False,27.0,True
OV3331,OV3331,HGS,110.83956845746062,6.805286888849257,13.3360871237342,patient_means_of_matched_models,ERBB2,higher,0.9230769230769231,0.5769230769230769,0.75,0.5769230769230769,0.6634615384615384,0.8365384615384615,8.0,8.0,10.0,3.0,3.0,10.0,0.34615384615384626,True,27.0,True
OV4453,OV4453,HGS,71.50283500000002,6.179965503262875,13.31465407734208,patient_means_of_matched_models,ERBB2,higher,0.6538461538461539,0.46153846153846156,0.5576923076923077,0.46153846153846156,0.5096153846153846,0.6057692307692308,11.0,11.0,14.0,11.0,11.0,14.0,0.1923076923076923,False,27.0,True
OV4485,OV4485,HGS,49.852913,5.668258513026857,13.40150299877742,patient_means_of_matched_models,ERBB2,higher,0.34615384615384615,0.7692307692307693,0.5576923076923077,0.34615384615384615,0.6634615384615385,0.45192307692307687,11.0,15.0,9.0,15.0,9.0,15.0,0.42307692307692313,False,27.0,True
OV866-2,OV866-2,HGS,50.27316926272701,5.680132170276312,13.35384769669199,patient_means_of_matched_models,ERBB2,higher,0.38461538461538464,0.6153846153846154,0.5,0.38461538461538464,0.5576923076923077,0.44230769230769235,13.0,13.0,12.0,16.0,12.0,16.0,0.23076923076923078,False,27.0,True
OV90,OV90,HGS,23.301119430000004,4.602950867932892,12.99980529408047,patient_means_of_matched_models,ERBB2,higher,0.0,0.038461538461538464,0.019230769230769232,0.0,0.028846153846153848,0.009615384615384616,26.0,26.0,26.0,27.0,26.0,27.0,0.038461538461538464,False,27.0,True
TOV112D,TOV112D,EC,45.7441044,5.546712511454654,13.19346825036753,patient_means_of_matched_models,ERBB2,higher,0.23076923076923078,0.23076923076923078,0.23076923076923078,0.23076923076923078,0.23076923076923078,0.23076923076923078,21.0,18.0,21.0,22.0,18.0,22.0,0.0,False,27.0,True
TOV21G,TOV21G,CC,58.525746800000015,5.895441910305661,13.24664001241301,patient_means_of_matched_models,ERBB2,higher,0.4230769230769231,0.34615384615384615,0.3846153846153846,0.34615384615384615,0.36538461538461536,0.40384615384615385,18.0,15.0,18.0,17.0,15.0,18.0,0.07692307692307693,False,27.0,True
TOV2414,TOV2414,MC,79.34355480599999,6.328110389822278,13.27892101325559,patient_means_of_matched_models,ERBB2,higher,0.8076923076923077,0.4230769230769231,0.6153846153846154,0.4230769230769231,0.5192307692307692,0.7115384615384616,10.0,12.0,13.0,8.0,8.0,13.0,0.38461538461538464,False,27.0,True
TOV3041G,TOV3041G,HGS,34.920132,5.166720746619972,13.20788972133084,patient_means_of_matched_models,ERBB2,higher,0.07692307692307693,0.2692307692307692,0.17307692307692307,0.07692307692307693,0.22115384615384615,0.125,25.0,24.0,22.0,25.0,22.0,25.0,0.1923076923076923,False,27.0,True
TOV3392D,TOV3392D,CC,216.377008563498,7.764055547869947,13.90404094331423,patient_means_of_matched_models,ERBB2,higher,1.0,1.0,1.0,1.0,1.0,1.0,1.0,1.0,1.0,1.0,1.0,1.0,0.0,True,27.0,True
VOA10816,VOA10816,CC,147.21650100000002,7.211562262153019,13.37558430657029,patient_means_of_matched_models,ERBB2,higher,0.9615384615384616,0.6538461538461539,0.8076923076923077,0.6538461538461539,0.7307692307692308,0.8846153846153846,4.0,6.0,8.0,2.0,2.0,8.0,0.3076923076923077,True,27.0,True
VOA12539,VOA12539,CC,72.5451607,6.200558509599236,13.65070045426861,patient_means_of_matched_models,ERBB2,higher,0.7307692307692307,0.9615384615384616,0.8461538461538461,0.7307692307692307,0.9038461538461539,0.7884615384615384,2.0,3.0,2.0,6.0,2.0,6.0,0.23076923076923084,True,27.0,True
VOA295,VOA295,CC,66.55604799999999,6.078013028450478,13.49383347241082,patient_means_of_matched_models,ERBB2,higher,0.5384615384615384,0.8076923076923077,0.6730769230769231,0.5384615384615384,0.7403846153846154,0.6057692307692308,9.0,9.0,7.0,11.0,7.0,11.0,0.2692307692307693,True,27.0,True
VOA4395,VOA4395,EC,47.49954699999999,5.599899367055052,13.38002877452424,patient_means_of_matched_models,ERBB2,higher,0.2692307692307692,0.6923076923076923,0.4807692307692307,0.2692307692307692,0.5865384615384615,0.375,16.0,17.0,11.0,18.0,11.0,18.0,0.4230769230769231,False,27.0,True
VOA4841,VOA4841,CC,90.1203914,6.509702038922262,13.1042090899028,patient_means_of_matched_models,ERBB2,higher,0.8846153846153846,0.11538461538461539,0.5,0.11538461538461539,0.3076923076923077,0.6923076923076923,13.0,22.0,19.0,9.0,9.0,22.0,0.7692307692307692,False,27.0,True
VOA5217,VOA5217,MMMT,72.027163,6.190361279926192,13.58144127659377,patient_means_of_matched_models,ERBB2,higher,0.6923076923076923,0.8461538461538461,0.7692307692307692,0.6923076923076923,0.8076923076923077,0.7307692307692307,7.0,5.0,5.0,7.0,5.0,7.0,0.15384615384615385,True,27.0,True
VOA5436,VOA5436,MMMT,59.67433830000001,5.923014564658266,13.32268251703292,patient_means_of_matched_models,ERBB2,higher,0.5,0.5,0.5,0.5,0.5,0.5,13.0,10.0,15.0,14.0,10.0,15.0,0.0,True,27.0,True
VOA8762,VOA8762,MC,78.3467398,6.310099041690741,13.63914457854373,patient_means_of_matched_models,ERBB2,higher,0.7692307692307693,0.8846153846153846,0.8269230769230769,0.7692307692307693,0.8557692307692307,0.7980769230769231,3.0,2.0,3.0,5.0,2.0,5.0,0.11538461538461531,True,27.0,True
VOA8771,VOA8771,MC,69.98197449999999,6.1493808011788404,13.64802319162523,patient_means_of_matched_models,ERBB2,higher,0.6153846153846154,0.9230769230769231,0.7692307692307693,0.6153846153846154,0.8461538461538461,0.6923076923076923,6.0,7.0,4.0,9.0,4.0,9.0,0.3076923076923077,True,27.0,True
OV1369-R2,1369,HGS,28.9642363,4.905169699223096,13.09504753490508,HGS_selected_representatives,ERBB2,higher,0.09090909090909091,0.18181818181818182,0.13636363636363635,0.09090909090909091,0.1590909090909091,0.11363636363636363,10.0,10.0,10.0,11.0,10.0,11.0,0.09090909090909091,False,12.0,True
OV1946,OV1946,HGS,29.245250799999997,4.918636718755813,12.91974977298359,HGS_selected_representatives,ERBB2,higher,0.18181818181818182,0.0,0.09090909090909091,0.0,0.045454545454545456,0.13636363636363635,11.0,11.0,12.0,10.0,10.0,12.0,0.18181818181818182,False,12.0,True
OV2085,OV2085,HGS,37.752488199999995,5.276217040075657,13.32622273451726,HGS_selected_representatives,ERBB2,higher,0.45454545454545453,0.7272727272727273,0.5909090909090909,0.45454545454545453,0.6590909090909091,0.5227272727272727,6.0,6.0,5.0,7.0,5.0,7.0,0.27272727272727276,False,12.0,True
OV2295,2295,HGS,78.473694,6.3124054984783005,13.31748998068187,HGS_selected_representatives,ERBB2,higher,0.9090909090909091,0.6363636363636364,0.7727272727272727,0.6363636363636364,0.7045454545454546,0.8409090909090908,2.0,2.0,4.0,2.0,2.0,4.0,0.2727272727272727,True,12.0,True
OV3133-R,3133,HGS,35.41434829400001,5.186435120416432,13.28486085076809,HGS_selected_representatives,ERBB2,higher,0.36363636363636365,0.45454545454545453,0.40909090909090906,0.36363636363636365,0.43181818181818177,0.38636363636363635,8.0,7.0,8.0,8.0,7.0,8.0,0.09090909090909088,False,12.0,True
OV4453,OV4453,HGS,71.50283500000002,6.179965503262875,13.31465407734208,HGS_selected_representatives,ERBB2,higher,0.8181818181818182,0.5454545454545454,0.6818181818181819,0.5454545454545454,0.6136363636363636,0.75,5.0,4.0,6.0,3.0,3.0,6.0,0.2727272727272728,True,12.0,True
OV4485,OV4485,HGS,49.852913,5.668258513026857,13.40150299877742,HGS_selected_representatives,ERBB2,higher,0.5454545454545454,1.0,0.7727272727272727,0.5454545454545454,0.8863636363636364,0.6590909090909091,2.0,4.0,1.0,5.0,1.0,5.0,0.4545454545454546,True,12.0,True
OV866-2,OV866-2,HGS,50.27316926272701,5.680132170276312,13.35384769669199,HGS_selected_representatives,ERBB2,higher,0.6363636363636364,0.9090909090909091,0.7727272727272727,0.6363636363636364,0.8409090909090908,0.7045454545454546,2.0,2.0,3.0,4.0,2.0,4.0,0.2727272727272727,True,12.0,True
TOV3041G,TOV3041G,HGS,34.920132,5.166720746619972,13.20788972133084,HGS_selected_representatives,ERBB2,higher,0.2727272727272727,0.2727272727272727,0.2727272727272727,0.2727272727272727,0.2727272727272727,0.2727272727272727,9.0,9.0,9.0,9.0,9.0,9.0,0.0,False,12.0,True
TOV3291G,3291,HGS,66.73972635,6.081930253637127,13.2537472053774,HGS_selected_representatives,ERBB2,higher,0.7272727272727273,0.36363636363636365,0.5454545454545454,0.36363636363636365,0.45454545454545453,0.6363636363636364,7.0,7.0,7.0,6.0,6.0,7.0,0.36363636363636365,False,12.0,True
OV3331,OV3331,HGS,110.83956845746062,6.805286888849257,13.3360871237342,HGS_selected_representatives,ERBB2,higher,1.0,0.8181818181818182,0.9090909090909092,0.8181818181818182,0.8636363636363636,0.9545454545454546,1.0,1.0,2.0,1.0,1.0,2.0,0.18181818181818177,True,12.0,True
OV90,OV90,HGS,23.301119430000004,4.602950867932892,12.99980529408047,HGS_selected_representatives,ERBB2,higher,0.0,0.09090909090909091,0.045454545454545456,0.0,0.06818181818181818,0.022727272727272728,12.0,11.0,11.0,12.0,11.0,12.0,0.09090909090909091,False,12.0,True
TOV21G,TOV21G,CC,58.525746800000015,5.895441910305661,13.24664001241301,CC_selected_representatives,ERBB2,higher,0.0,0.2,0.1,0.0,0.15000000000000002,0.05,6.0,5.0,5.0,6.0,5.0,6.0,0.2,False,6.0,True
TOV3392D,TOV3392D,CC,216.377008563498,7.764055547869947,13.90404094331423,CC_selected_representatives,ERBB2,higher,1.0,1.0,1.0,1.0,1.0,1.0,1.0,1.0,1.0,1.0,1.0,1.0,0.0,True,6.0,True
VOA10816,VOA10816,CC,147.21650100000002,7.211562262153019,13.37558430657029,CC_selected_representatives,ERBB2,higher,0.8,0.4,0.6000000000000001,0.4,0.5,0.7000000000000001,2.0,2.0,3.0,2.0,2.0,3.0,0.4,False,6.0,True
VOA12539,VOA12539,CC,72.5451607,6.200558509599236,13.65070045426861,CC_selected_representatives,ERBB2,higher,0.4,0.8,0.6000000000000001,0.4,0.7000000000000001,0.5,2.0,2.0,2.0,3.0,2.0,3.0,0.4,False,6.0,True
VOA295,VOA295,CC,66.55604799999999,6.078013028450478,13.49383347241082,CC_selected_representatives,ERBB2,higher,0.2,0.6,0.4,0.2,0.49999999999999994,0.30000000000000004,4.0,4.0,4.0,5.0,4.0,5.0,0.39999999999999997,False,6.0,True
VOA4841,VOA4841,CC,90.1203914,6.509702038922262,13.1042090899028,CC_selected_representatives,ERBB2,higher,0.6,0.0,0.3,0.0,0.15,0.44999999999999996,5.0,5.0,6.0,4.0,4.0,6.0,0.6,False,6.0,True
OV1369-R2,1369,HGS,0.26896,0.3436465934413079,11.10101719796016,matched_models,FOLR1,higher,0.13793103448275862,0.20689655172413793,0.1724137931034483,0.13793103448275862,0.1896551724137931,0.15517241379310345,24.0,24.0,24.0,26.0,24.0,26.0,0.06896551724137931,False,30.0,False
OV1946,OV1946,HGS,0.0401551,0.05679866809441615,11.10408626786945,matched_models,FOLR1,higher,0.034482758620689655,0.2413793103448276,0.13793103448275862,0.034482758620689655,0.1896551724137931,0.08620689655172414,26.0,28.0,24.0,27.0,24.0,28.0,0.20689655172413796,False,30.0,False
OV2085,OV2085,HGS,129.4970434,7.027873310589212,12.49526645592224,matched_models,FOLR1,higher,0.7586206896551724,0.8275862068965517,0.7931034482758621,0.7586206896551724,0.8103448275862069,0.7758620689655171,7.0,7.0,7.0,8.0,7.0,8.0,0.06896551724137934,True,30.0,False
OV2295,2295,HGS,277.29024,8.120446502143453,13.23451349569614,matched_models,FOLR1,higher,0.9310344827586207,0.9655172413793104,0.9482758620689655,0.9310344827586207,0.9568965517241379,0.9396551724137931,1.0,1.0,1.0,1.0,1.0,1.0,0.034482758620689724,True,30.0,False
OV2295-R2,2295,HGS,30.95514,4.9979761029325145,11.57675498630536,matched_models,FOLR1,higher,0.4482758620689655,0.4827586206896552,0.4655172413793104,0.4482758620689655,0.47413793103448276,0.45689655172413796,15.0,15.0,15.0,16.0,15.0,16.0,0.03448275862068967,False,30.0,False
OV3133-R,3133,HGS,376.972112,8.562135981460342,12.3929529380732,matched_models,FOLR1,higher,0.9655172413793104,0.7931034482758621,0.8793103448275863,0.7931034482758621,0.8362068965517242,0.9224137931034483,4.0,5.0,6.0,2.0,2.0,6.0,0.1724137931034483,True,30.0,False
OV4453,OV4453,HGS,31.52373,5.023420817980344,11.41890129753219,matched_models,FOLR1,higher,0.4827586206896552,0.3793103448275862,0.43103448275862066,0.3793103448275862,0.4051724137931034,0.4568965517241379,16.0,17.0,19.0,17.0,16.0,19.0,0.103448275862069,False,30.0,False
OV4485,OV4485,HGS,192.645749,7.597276020787592,13.08795244061893,matched_models,FOLR1,higher,0.8620689655172413,0.9310344827586207,0.896551724137931,0.8620689655172413,0.9137931034482758,0.8793103448275862,3.0,2.0,3.0,4.0,2.0,4.0,0.06896551724137934,True,30.0,False
OV866-2,OV866-2,HGS,0.0750092,0.10434900654736935,10.89042292311317,matched_models,FOLR1,higher,0.06896551724137931,0.10344827586206896,0.08620689655172414,0.06896551724137931,0.09482758620689655,0.07758620689655173,28.0,26.0,28.0,29.0,26.0,29.0,0.034482758620689655,False,30.0,False
TOV1369,1369,HGS,42.06002,5.4282770844782995,11.93658267870012,matched_models,FOLR1,higher,0.5517241379310345,0.6206896551724138,0.5862068965517242,0.5517241379310345,0.603448275862069,0.5689655172413793,14.0,13.0,14.0,14.0,13.0,14.0,0.06896551724137934,True,30.0,False
TOV3041G,TOV3041G,HGS,47.147105,5.589377148870807,12.22919311636462,matched_models,FOLR1,higher,0.5862068965517241,0.7241379310344828,0.6551724137931034,0.5862068965517241,0.6896551724137931,0.6206896551724137,11.0,11.0,9.0,13.0,9.0,13.0,0.13793103448275867,True,30.0,False
TOV3133G,3133,HGS,712.6388,9.479050245399895,11.58875550024574,matched_models,FOLR1,higher,1.0,0.5172413793103449,0.7586206896551724,0.5172413793103449,0.6379310344827587,0.8793103448275862,8.0,14.0,12.0,4.0,4.0,14.0,0.48275862068965514,True,30.0,False
TOV3291G,3291,HGS,2.67916,1.8793764178676295,11.58922940087884,matched_models,FOLR1,higher,0.2413793103448276,0.5517241379310345,0.39655172413793105,0.2413793103448276,0.47413793103448276,0.31896551724137934,19.0,22.0,15.0,22.0,15.0,22.0,0.31034482758620685,False,30.0,False
OV3331,OV3331,HGS,21.457442,4.489121702764626,11.41398243099778,matched_models,FOLR1,higher,0.3793103448275862,0.3448275862068966,0.3620689655172414,0.3448275862068966,0.35344827586206895,0.37068965517241376,21.0,18.0,21.0,19.0,18.0,21.0,0.03448275862068961,False,30.0,False
OV90,OV90,HGS,34.6031126,5.153931469120785,11.37273900267357,matched_models,FOLR1,higher,0.5172413793103449,0.3103448275862069,0.4137931034482759,0.3103448275862069,0.36206896551724144,0.4655172413793104,17.0,19.0,20.0,15.0,15.0,20.0,0.20689655172413796,False,30.0,False
TOV21G,TOV21G,CC,78.37843999999998,6.310675304663016,11.90210626160201,matched_models,FOLR1,higher,0.6896551724137931,0.5862068965517241,0.6379310344827587,0.5862068965517241,0.6120689655172413,0.6637931034482759,12.0,11.0,13.0,10.0,10.0,13.0,0.10344827586206906,True,30.0,False
TOV3392D,TOV3392D,CC,204.992456,7.686447692762436,12.78395328161519,matched_models,FOLR1,higher,0.896551724137931,0.8620689655172413,0.8793103448275862,0.8620689655172413,0.8706896551724138,0.8879310344827587,5.0,2.0,4.0,3.0,2.0,5.0,0.034482758620689724,True,30.0,False
VOA10816,VOA10816,CC,48.50294,5.6294423048768785,11.94621200680996,matched_models,FOLR1,higher,0.6206896551724138,0.6551724137931034,0.6379310344827587,0.6206896551724138,0.646551724137931,0.6293103448275863,12.0,10.0,11.0,12.0,10.0,12.0,0.03448275862068961,True,30.0,False
VOA12539,VOA12539,CC,16.98583,4.168788832578848,11.24620289839869,matched_models,FOLR1,higher,0.3448275862068966,0.27586206896551724,0.3103448275862069,0.27586206896551724,0.2931034482758621,0.3275862068965517,22.0,21.0,22.0,21.0,21.0,22.0,0.06896551724137934,False,30.0,False
VOA295,VOA295,CC,119.27339,6.910173677163581,12.34815463655884,matched_models,FOLR1,higher,0.7241379310344828,0.7586206896551724,0.7413793103448276,0.7241379310344828,0.7499999999999999,0.7327586206896552,9.0,8.0,8.0,9.0,8.0,9.0,0.03448275862068961,True,30.0,False
VOA4841,VOA4841,CC,76.36591800000001,6.273626250905546,12.0202044056346,matched_models,FOLR1,higher,0.6551724137931034,0.6896551724137931,0.6724137931034483,0.6551724137931034,0.6810344827586208,0.6637931034482758,10.0,9.0,10.0,11.0,9.0,11.0,0.034482758620689724,True,30.0,False
TOV112D,TOV112D,EC,0.235291,0.3048509404363419,10.5890099548421,matched_models,FOLR1,higher,0.10344827586206896,0.034482758620689655,0.06896551724137931,0.034482758620689655,0.05172413793103448,0.08620689655172414,29.0,28.0,29.0,27.0,27.0,29.0,0.06896551724137931,False,30.0,False
VOA4395,VOA4395,EC,0.800624,0.8484969541658793,10.71661239917074,matched_models,FOLR1,higher,0.20689655172413793,0.06896551724137931,0.13793103448275862,0.06896551724137931,0.10344827586206896,0.1724137931034483,26.0,26.0,27.0,24.0,24.0,27.0,0.13793103448275862,False,30.0,False
TOV2414,TOV2414,MC,16.574804999999998,4.135436776953669,11.49752646351765,matched_models,FOLR1,higher,0.3103448275862069,0.4482758620689655,0.3793103448275862,0.3103448275862069,0.41379310344827586,0.3448275862068966,20.0,19.0,17.0,20.0,17.0,20.0,0.13793103448275862,False,30.0,False
VOA8762,VOA8762,MC,167.918,7.400179260525492,13.08701512199516,matched_models,FOLR1,higher,0.7931034482758621,0.896551724137931,0.8448275862068966,0.7931034482758621,0.8706896551724138,0.8189655172413793,6.0,5.0,4.0,7.0,4.0,7.0,0.10344827586206895,True,30.0,False
VOA8771,VOA8771,MC,185.337832,7.54177680285054,13.39543017464236,matched_models,FOLR1,higher,0.8275862068965517,1.0,0.9137931034482758,0.8275862068965517,0.9568965517241379,0.8706896551724138,2.0,4.0,1.0,6.0,1.0,6.0,0.1724137931034483,True,30.0,False
VOA5217,VOA5217,MMMT,9.828783,3.436799208699513,11.07001641804832,matched_models,FOLR1,higher,0.27586206896551724,0.1724137931034483,0.22413793103448276,0.1724137931034483,0.19827586206896552,0.25,23.0,23.0,23.0,23.0,23.0,23.0,0.10344827586206895,False,30.0,False
VOA5436,VOA5436,MMMT,21.991406,4.523022789181979,11.48290872777383,matched_models,FOLR1,higher,0.41379310344827586,0.41379310344827586,0.41379310344827586,0.41379310344827586,0.41379310344827586,0.41379310344827586,18.0,16.0,17.0,18.0,16.0,18.0,0.0,False,30.0,False
BIN67,BIN67,SCCOHT,0.396289,0.4815975774468618,10.93357168306485,matched_models,FOLR1,higher,0.1724137931034483,0.13793103448275862,0.15517241379310345,0.13793103448275862,0.14655172413793105,0.16379310344827586,25.0,24.0,26.0,25.0,24.0,26.0,0.03448275862068967,False,30.0,False
COV434,COV434,SCCOHT,0.0,0.0,10.46720073664685,matched_models,FOLR1,higher,0.0,0.0,0.0,0.0,0.0,0.0,30.0,30.0,30.0,30.0,30.0,30.0,0.0,False,30.0,False
OV1369-R2,1369,HGS,0.26896,0.3436465934413079,11.10101719796016,selected_patient_representatives,FOLR1,higher,0.15384615384615385,0.23076923076923078,0.19230769230769232,0.15384615384615385,0.21153846153846154,0.17307692307692307,21.0,21.0,21.0,23.0,21.0,23.0,0.07692307692307693,False,27.0,False
OV1946,OV1946,HGS,0.0401551,0.05679866809441615,11.10408626786945,selected_patient_representatives,FOLR1,higher,0.038461538461538464,0.2692307692307692,0.15384615384615385,0.038461538461538464,0.21153846153846154,0.09615384615384615,23.0,25.0,21.0,24.0,21.0,25.0,0.23076923076923075,False,27.0,False
OV2085,OV2085,HGS,129.4970434,7.027873310589212,12.49526645592224,selected_patient_representatives,FOLR1,higher,0.7692307692307693,0.8076923076923077,0.7884615384615385,0.7692307692307693,0.7980769230769231,0.778846153846154,7.0,6.0,7.0,7.0,6.0,7.0,0.038461538461538436,True,27.0,False
OV2295,2295,HGS,277.29024,8.120446502143453,13.23451349569614,selected_patient_representatives,FOLR1,higher,0.9615384615384616,0.9615384615384616,0.9615384615384616,0.9615384615384616,0.9615384615384616,0.9615384615384616,1.0,1.0,1.0,1.0,1.0,1.0,0.0,True,27.0,False
OV3133-R,3133,HGS,376.972112,8.562135981460342,12.3929529380732,selected_patient_representatives,FOLR1,higher,1.0,0.7692307692307693,0.8846153846153846,0.7692307692307693,0.826923076923077,0.9423076923076923,4.0,6.0,6.0,2.0,2.0,6.0,0.23076923076923073,True,27.0,False
OV4453,OV4453,HGS,31.52373,5.023420817980344,11.41890129753219,selected_patient_representatives,FOLR1,higher,0.5,0.4230769230769231,0.46153846153846156,0.4230769230769231,0.4423076923076923,0.4807692307692308,13.0,14.0,16.0,14.0,13.0,16.0,0.07692307692307693,False,27.0,False
OV4485,OV4485,HGS,192.645749,7.597276020787592,13.08795244061893,selected_patient_representatives,FOLR1,higher,0.8846153846153846,0.9230769230769231,0.9038461538461539,0.8846153846153846,0.9134615384615384,0.8942307692307692,3.0,2.0,3.0,4.0,2.0,4.0,0.03846153846153855,True,27.0,False
OV866-2,OV866-2,HGS,0.0750092,0.10434900654736935,10.89042292311317,selected_patient_representatives,FOLR1,higher,0.07692307692307693,0.11538461538461539,0.09615384615384616,0.07692307692307693,0.10576923076923077,0.08653846153846154,25.0,23.0,25.0,26.0,23.0,26.0,0.038461538461538464,False,27.0,False
TOV3041G,TOV3041G,HGS,47.147105,5.589377148870807,12.22919311636462,selected_patient_representatives,FOLR1,higher,0.5769230769230769,0.6923076923076923,0.6346153846153846,0.5769230769230769,0.6634615384615383,0.6057692307692307,10.0,11.0,9.0,12.0,9.0,12.0,0.11538461538461542,True,27.0,False
TOV3291G,3291,HGS,2.67916,1.8793764178676295,11.58922940087884,selected_patient_representatives,FOLR1,higher,0.2692307692307692,0.5384615384615384,0.40384615384615385,0.2692307692307692,0.47115384615384615,0.33653846153846156,17.0,19.0,13.0,19.0,13.0,19.0,0.2692307692307692,False,27.0,False
OV3331,OV3331,HGS,21.457442,4.489121702764626,11.41398243099778,selected_patient_representatives,FOLR1,higher,0.4230769230769231,0.38461538461538464,0.40384615384615385,0.38461538461538464,0.3942307692307693,0.41346153846153844,17.0,15.0,17.0,16.0,15.0,17.0,0.038461538461538436,False,27.0,False
OV90,OV90,HGS,34.6031126,5.153931469120785,11.37273900267357,selected_patient_representatives,FOLR1,higher,0.5384615384615384,0.34615384615384615,0.4423076923076923,0.34615384615384615,0.39423076923076916,0.4903846153846154,15.0,16.0,18.0,13.0,13.0,18.0,0.1923076923076923,False,27.0,False
TOV21G,TOV21G,CC,78.37843999999998,6.310675304663016,11.90210626160201,selected_patient_representatives,FOLR1,higher,0.6923076923076923,0.5769230769230769,0.6346153846153846,0.5769230769230769,0.6057692307692307,0.6634615384615383,10.0,11.0,12.0,9.0,9.0,12.0,0.11538461538461542,True,27.0,False
TOV3392D,TOV3392D,CC,204.992456,7.686447692762436,12.78395328161519,selected_patient_representatives,FOLR1,higher,0.9230769230769231,0.8461538461538461,0.8846153846153846,0.8461538461538461,0.8653846153846154,0.9038461538461539,4.0,3.0,4.0,3.0,3.0,4.0,0.07692307692307698,True,27.0,False
VOA10816,VOA10816,CC,48.50294,5.6294423048768785,11.94621200680996,selected_patient_representatives,FOLR1,higher,0.6153846153846154,0.6153846153846154,0.6153846153846154,0.6153846153846154,0.6153846153846154,0.6153846153846154,12.0,10.0,11.0,11.0,10.0,12.0,0.0,True,27.0,False
VOA12539,VOA12539,CC,16.98583,4.168788832578848,11.24620289839869,selected_patient_representatives,FOLR1,higher,0.38461538461538464,0.3076923076923077,0.34615384615384615,0.3076923076923077,0.3269230769230769,0.3653846153846154,19.0,18.0,19.0,18.0,18.0,19.0,0.07692307692307693,False,27.0,False
VOA295,VOA295,CC,119.27339,6.910173677163581,12.34815463655884,selected_patient_representatives,FOLR1,higher,0.7307692307692307,0.7307692307692307,0.7307692307692307,0.7307692307692307,0.7307692307692307,0.7307692307692307,8.0,8.0,8.0,8.0,8.0,8.0,0.0,True,27.0,False
VOA4841,VOA4841,CC,76.36591800000001,6.273626250905546,12.0202044056346,selected_patient_representatives,FOLR1,higher,0.6538461538461539,0.6538461538461539,0.6538461538461539,0.6538461538461539,0.6538461538461539,0.6538461538461539,9.0,9.0,10.0,10.0,9.0,10.0,0.0,True,27.0,False
TOV112D,TOV112D,EC,0.235291,0.3048509404363419,10.5890099548421,selected_patient_representatives,FOLR1,higher,0.11538461538461539,0.038461538461538464,0.07692307692307693,0.038461538461538464,0.057692307692307696,0.09615384615384615,26.0,25.0,26.0,24.0,24.0,26.0,0.07692307692307693,False,27.0,False
VOA4395,VOA4395,EC,0.800624,0.8484969541658793,10.71661239917074,selected_patient_representatives,FOLR1,higher,0.23076923076923078,0.07692307692307693,0.15384615384615385,0.07692307692307693,0.11538461538461539,0.1923076923076923,23.0,23.0,24.0,21.0,21.0,24.0,0.15384615384615385,False,27.0,False
TOV2414,TOV2414,MC,16.574804999999998,4.135436776953669,11.49752646351765,selected_patient_representatives,FOLR1,higher,0.34615384615384615,0.5,0.4230769230769231,0.34615384615384615,0.46153846153846156,0.3846153846153846,16.0,16.0,14.0,17.0,14.0,17.0,0.15384615384615385,False,27.0,False
VOA8762,VOA8762,MC,167.918,7.400179260525492,13.08701512199516,selected_patient_representatives,FOLR1,higher,0.8076923076923077,0.8846153846153846,0.8461538461538461,0.8076923076923077,0.8653846153846154,0.826923076923077,6.0,5.0,4.0,6.0,4.0,6.0,0.07692307692307687,True,27.0,False
VOA8771,VOA8771,MC,185.337832,7.54177680285054,13.39543017464236,selected_patient_representatives,FOLR1,higher,0.8461538461538461,1.0,0.9230769230769231,0.8461538461538461,0.9615384615384616,0.8846153846153846,2.0,3.0,1.0,5.0,1.0,5.0,0.15384615384615385,True,27.0,False
VOA5217,VOA5217,MMMT,9.828783,3.436799208699513,11.07001641804832,selected_patient_representatives,FOLR1,higher,0.3076923076923077,0.19230769230769232,0.25,0.19230769230769232,0.22115384615384617,0.27884615384615385,20.0,20.0,20.0,20.0,20.0,20.0,0.11538461538461539,False,27.0,False
VOA5436,VOA5436,MMMT,21.991406,4.523022789181979,11.48290872777383,selected_patient_representatives,FOLR1,higher,0.46153846153846156,0.46153846153846156,0.46153846153846156,0.46153846153846156,0.46153846153846156,0.46153846153846156,13.0,13.0,14.0,15.0,13.0,15.0,0.0,False,27.0,False
BIN67,BIN67,SCCOHT,0.396289,0.4815975774468618,10.93357168306485,selected_patient_representatives,FOLR1,higher,0.19230769230769232,0.15384615384615385,0.17307692307692307,0.15384615384615385,0.16346153846153846,0.1826923076923077,22.0,21.0,23.0,22.0,21.0,23.0,0.038461538461538464,False,27.0,False
COV434,COV434,SCCOHT,0.0,0.0,10.46720073664685,selected_patient_representatives,FOLR1,higher,0.0,0.0,0.0,0.0,0.0,0.0,27.0,27.0,27.0,27.0,27.0,27.0,0.0,False,27.0,False
OV1369-R2;TOV1369,1369,HGS,21.16449,2.885961838959804,11.51879993833014,patient_means_of_matched_models,FOLR1,higher,0.2692307692307692,0.5,0.3846153846153846,0.2692307692307692,0.4423076923076923,0.3269230769230769,17.0,18.0,14.0,19.0,14.0,19.0,0.23076923076923078,False,27.0,False
OV2295;OV2295-R2,2295,HGS,154.12268999999998,6.5592113025379835,12.405634241000751,patient_means_of_matched_models,FOLR1,higher,0.7307692307692307,0.8076923076923077,0.7692307692307692,0.7307692307692307,0.7884615384615385,0.75,8.0,7.0,6.0,8.0,6.0,8.0,0.07692307692307698,True,27.0,False
OV3133-R;TOV3133G,3133,HGS,544.8054559999999,9.020593113430118,11.99085421915947,patient_means_of_matched_models,FOLR1,higher,1.0,0.6538461538461539,0.8269230769230769,0.6538461538461539,0.7403846153846154,0.9134615384615384,5.0,8.0,8.0,3.0,3.0,8.0,0.34615384615384615,True,27.0,False
TOV3291G,3291,HGS,2.67916,1.8793764178676295,11.58922940087884,patient_means_of_matched_models,FOLR1,higher,0.23076923076923078,0.5384615384615384,0.3846153846153846,0.23076923076923078,0.46153846153846156,0.3076923076923077,17.0,20.0,13.0,20.0,13.0,20.0,0.30769230769230765,False,27.0,False
BIN67,BIN67,SCCOHT,0.396289,0.4815975774468618,10.93357168306485,patient_means_of_matched_models,FOLR1,higher,0.15384615384615385,0.15384615384615385,0.15384615384615385,0.15384615384615385,0.15384615384615385,0.15384615384615385,22.0,22.0,23.0,23.0,22.0,23.0,0.0,False,27.0,False
COV434,COV434,SCCOHT,0.0,0.0,10.46720073664685,patient_means_of_matched_models,FOLR1,higher,0.0,0.0,0.0,0.0,0.0,0.0,27.0,27.0,27.0,27.0,27.0,27.0,0.0,False,27.0,False
OV1946,OV1946,HGS,0.0401551,0.05679866809441615,11.10408626786945,patient_means_of_matched_models,FOLR1,higher,0.038461538461538464,0.23076923076923078,0.13461538461538464,0.038461538461538464,0.18269230769230768,0.08653846153846154,23.0,25.0,22.0,25.0,22.0,25.0,0.19230769230769232,False,27.0,False
OV2085,OV2085,HGS,129.4970434,7.027873310589212,12.49526645592224,patient_means_of_matched_models,FOLR1,higher,0.8076923076923077,0.8461538461538461,0.8269230769230769,0.8076923076923077,0.8365384615384615,0.8173076923076924,5.0,5.0,5.0,6.0,5.0,6.0,0.038461538461538436,True,27.0,False
OV3331,OV3331,HGS,21.457442,4.489121702764626,11.41398243099778,patient_means_of_matched_models,FOLR1,higher,0.4230769230769231,0.34615384615384615,0.3846153846153846,0.34615384615384615,0.36538461538461536,0.40384615384615385,17.0,15.0,19.0,16.0,15.0,19.0,0.07692307692307693,False,27.0,False
OV4453,OV4453,HGS,31.52373,5.023420817980344,11.41890129753219,patient_means_of_matched_models,FOLR1,higher,0.5,0.38461538461538464,0.4423076923076923,0.38461538461538464,0.4134615384615385,0.47115384615384615,13.0,14.0,17.0,14.0,13.0,17.0,0.11538461538461536,False,27.0,False
OV4485,OV4485,HGS,192.645749,7.597276020787592,13.08795244061893,patient_means_of_matched_models,FOLR1,higher,0.9230769230769231,0.9615384615384616,0.9423076923076923,0.9230769230769231,0.9519230769230769,0.9326923076923077,1.0,1.0,2.0,2.0,1.0,2.0,0.038461538461538436,True,27.0,False
OV866-2,OV866-2,HGS,0.0750092,0.10434900654736935,10.89042292311317,patient_means_of_matched_models,FOLR1,higher,0.07692307692307693,0.11538461538461539,0.09615384615384616,0.07692307692307693,0.10576923076923077,0.08653846153846154,25.0,23.0,25.0,25.0,23.0,25.0,0.038461538461538464,False,27.0,False
OV90,OV90,HGS,34.6031126,5.153931469120785,11.37273900267357,patient_means_of_matched_models,FOLR1,higher,0.5384615384615384,0.3076923076923077,0.4230769230769231,0.3076923076923077,0.3653846153846154,0.4807692307692308,15.0,17.0,18.0,13.0,13.0,18.0,0.23076923076923073,False,27.0,False
TOV112D,TOV112D,EC,0.235291,0.3048509404363419,10.5890099548421,patient_means_of_matched_models,FOLR1,higher,0.11538461538461539,0.038461538461538464,0.07692307692307693,0.038461538461538464,0.057692307692307696,0.09615384615384615,26.0,25.0,26.0,24.0,24.0,26.0,0.07692307692307693,False,27.0,False
TOV21G,TOV21G,CC,78.37843999999998,6.310675304663016,11.90210626160201,patient_means_of_matched_models,FOLR1,higher,0.6923076923076923,0.5769230769230769,0.6346153846153846,0.5769230769230769,0.6057692307692307,0.6634615384615383,11.0,11.0,12.0,10.0,10.0,12.0,0.11538461538461542,True,27.0,False
TOV2414,TOV2414,MC,16.574804999999998,4.135436776953669,11.49752646351765,patient_means_of_matched_models,FOLR1,higher,0.34615384615384615,0.46153846153846156,0.40384615384615385,0.34615384615384615,0.4326923076923077,0.375,16.0,15.0,15.0,17.0,15.0,17.0,0.11538461538461542,False,27.0,False
TOV3041G,TOV3041G,HGS,47.147105,5.589377148870807,12.22919311636462,patient_means_of_matched_models,FOLR1,higher,0.5769230769230769,0.7307692307692307,0.6538461538461537,0.5769230769230769,0.6923076923076923,0.6153846153846153,10.0,11.0,9.0,12.0,9.0,12.0,0.15384615384615385,True,27.0,False
TOV3392D,TOV3392D,CC,204.992456,7.686447692762436,12.78395328161519,patient_means_of_matched_models,FOLR1,higher,0.9615384615384616,0.8846153846153846,0.9230769230769231,0.8846153846153846,0.9038461538461539,0.9423076923076923,3.0,2.0,3.0,1.0,1.0,3.0,0.07692307692307698,True,27.0,False
VOA10816,VOA10816,CC,48.50294,5.6294423048768785,11.94621200680996,patient_means_of_matched_models,FOLR1,higher,0.6153846153846154,0.6153846153846154,0.6153846153846154,0.6153846153846154,0.6153846153846154,0.6153846153846154,12.0,10.0,11.0,11.0,10.0,12.0,0.0,True,27.0,False
VOA12539,VOA12539,CC,16.98583,4.168788832578848,11.24620289839869,patient_means_of_matched_models,FOLR1,higher,0.38461538461538464,0.2692307692307692,0.3269230769230769,0.2692307692307692,0.2980769230769231,0.3557692307692308,20.0,18.0,20.0,18.0,18.0,20.0,0.11538461538461542,False,27.0,False
VOA295,VOA295,CC,119.27339,6.910173677163581,12.34815463655884,patient_means_of_matched_models,FOLR1,higher,0.7692307692307693,0.7692307692307693,0.7692307692307693,0.7692307692307693,0.7692307692307693,0.7692307692307693,7.0,6.0,7.0,7.0,6.0,7.0,0.0,True,27.0,False
VOA4395,VOA4395,EC,0.800624,0.8484969541658793,10.71661239917074,patient_means_of_matched_models,FOLR1,higher,0.19230769230769232,0.07692307692307693,0.13461538461538464,0.07692307692307693,0.10576923076923078,0.1634615384615385,23.0,23.0,24.0,22.0,22.0,24.0,0.11538461538461539,False,27.0,False
VOA4841,VOA4841,CC,76.36591800000001,6.273626250905546,12.0202044056346,patient_means_of_matched_models,FOLR1,higher,0.6538461538461539,0.6923076923076923,0.6730769230769231,0.6538461538461539,0.6826923076923076,0.6634615384615385,9.0,8.0,10.0,9.0,8.0,10.0,0.038461538461538436,True,27.0,False
VOA5217,VOA5217,MMMT,9.828783,3.436799208699513,11.07001641804832,patient_means_of_matched_models,FOLR1,higher,0.3076923076923077,0.19230769230769232,0.25,0.19230769230769232,0.22115384615384617,0.27884615384615385,21.0,21.0,21.0,21.0,21.0,21.0,0.11538461538461539,False,27.0,False
VOA5436,VOA5436,MMMT,21.991406,4.523022789181979,11.48290872777383,patient_means_of_matched_models,FOLR1,higher,0.46153846153846156,0.4230769230769231,0.4423076923076923,0.4230769230769231,0.4326923076923077,0.4519230769230769,13.0,13.0,15.0,15.0,13.0,15.0,0.03846153846153849,False,27.0,False
VOA8762,VOA8762,MC,167.918,7.400179260525492,13.08701512199516,patient_means_of_matched_models,FOLR1,higher,0.8461538461538461,0.9230769230769231,0.8846153846153846,0.8461538461538461,0.9038461538461539,0.8653846153846154,4.0,4.0,3.0,5.0,3.0,5.0,0.07692307692307698,True,27.0,False
VOA8771,VOA8771,MC,185.337832,7.54177680285054,13.39543017464236,patient_means_of_matched_models,FOLR1,higher,0.8846153846153846,1.0,0.9423076923076923,0.8846153846153846,0.9711538461538461,0.9134615384615384,1.0,2.0,1.0,3.0,1.0,3.0,0.11538461538461542,True,27.0,False
OV1369-R2,1369,HGS,0.26896,0.3436465934413079,11.10101719796016,HGS_selected_representatives,FOLR1,higher,0.18181818181818182,0.09090909090909091,0.13636363636363635,0.09090909090909091,0.11363636363636363,0.1590909090909091,10.0,10.0,11.0,10.0,10.0,11.0,0.09090909090909091,False,12.0,False
OV1946,OV1946,HGS,0.0401551,0.05679866809441615,11.10408626786945,HGS_selected_representatives,FOLR1,higher,0.0,0.18181818181818182,0.09090909090909091,0.0,0.13636363636363635,0.045454545454545456,11.0,11.0,10.0,12.0,10.0,12.0,0.18181818181818182,False,12.0,False
OV2085,OV2085,HGS,129.4970434,7.027873310589212,12.49526645592224,HGS_selected_representatives,FOLR1,higher,0.7272727272727273,0.8181818181818182,0.7727272727272727,0.7272727272727273,0.7954545454545454,0.75,4.0,3.0,3.0,4.0,3.0,4.0,0.09090909090909094,True,12.0,False
OV2295,2295,HGS,277.29024,8.120446502143453,13.23451349569614,HGS_selected_representatives,FOLR1,higher,0.9090909090909091,1.0,0.9545454545454546,0.9090909090909091,0.9772727272727273,0.9318181818181818,1.0,1.0,1.0,2.0,1.0,2.0,0.09090909090909094,True,12.0,False
OV3133-R,3133,HGS,376.972112,8.562135981460342,12.3929529380732,HGS_selected_representatives,FOLR1,higher,1.0,0.7272727272727273,0.8636363636363636,0.7272727272727273,0.7954545454545454,0.9318181818181819,2.0,3.0,3.0,1.0,1.0,3.0,0.2727272727272727,True,12.0,False
OV4453,OV4453,HGS,31.52373,5.023420817980344,11.41890129753219,HGS_selected_representatives,FOLR1,higher,0.45454545454545453,0.45454545454545453,0.45454545454545453,0.45454545454545453,0.45454545454545453,0.45454545454545453,6.0,6.0,7.0,7.0,6.0,7.0,0.0,False,12.0,False
OV4485,OV4485,HGS,192.645749,7.597276020787592,13.08795244061893,HGS_selected_representatives,FOLR1,higher,0.8181818181818182,0.9090909090909091,0.8636363636363636,0.8181818181818182,0.8863636363636364,0.8409090909090909,2.0,2.0,2.0,3.0,2.0,3.0,0.09090909090909083,True,12.0,False
OV866-2,OV866-2,HGS,0.0750092,0.10434900654736935,10.89042292311317,HGS_selected_representatives,FOLR1,higher,0.09090909090909091,0.0,0.045454545454545456,0.0,0.022727272727272728,0.06818181818181818,12.0,11.0,12.0,11.0,11.0,12.0,0.09090909090909091,False,12.0,False
TOV3041G,TOV3041G,HGS,47.147105,5.589377148870807,12.22919311636462,HGS_selected_representatives,FOLR1,higher,0.6363636363636364,0.6363636363636364,0.6363636363636364,0.6363636363636364,0.6363636363636364,0.6363636363636364,5.0,5.0,5.0,5.0,5.0,5.0,0.0,True,12.0,False
TOV3291G,3291,HGS,2.67916,1.8793764178676295,11.58922940087884,HGS_selected_representatives,FOLR1,higher,0.2727272727272727,0.5454545454545454,0.40909090909090906,0.2727272727272727,0.47727272727272724,0.3409090909090909,7.0,8.0,6.0,9.0,6.0,9.0,0.2727272727272727,False,12.0,False
OV3331,OV3331,HGS,21.457442,4.489121702764626,11.41398243099778,HGS_selected_representatives,FOLR1,higher,0.36363636363636365,0.36363636363636365,0.36363636363636365,0.36363636363636365,0.36363636363636365,0.36363636363636365,9.0,7.0,8.0,8.0,7.0,9.0,0.0,False,12.0,False
OV90,OV90,HGS,34.6031126,5.153931469120785,11.37273900267357,HGS_selected_representatives,FOLR1,higher,0.5454545454545454,0.2727272727272727,0.40909090909090906,0.2727272727272727,0.3409090909090909,0.47727272727272724,7.0,8.0,9.0,6.0,6.0,9.0,0.2727272727272727,False,12.0,False
TOV21G,TOV21G,CC,78.37843999999998,6.310675304663016,11.90210626160201,CC_selected_representatives,FOLR1,higher,0.6,0.2,0.4,0.2,0.30000000000000004,0.49999999999999994,4.0,4.0,5.0,3.0,3.0,5.0,0.39999999999999997,False,6.0,False
TOV3392D,TOV3392D,CC,204.992456,7.686447692762436,12.78395328161519,CC_selected_representatives,FOLR1,higher,1.0,1.0,1.0,1.0,1.0,1.0,1.0,1.0,1.0,1.0,1.0,1.0,0.0,True,6.0,False
VOA10816,VOA10816,CC,48.50294,5.6294423048768785,11.94621200680996,CC_selected_representatives,FOLR1,higher,0.2,0.4,0.30000000000000004,0.2,0.35000000000000003,0.25,5.0,4.0,4.0,5.0,4.0,5.0,0.2,False,6.0,False
VOA12539,VOA12539,CC,16.98583,4.168788832578848,11.24620289839869,CC_selected_representatives,FOLR1,higher,0.0,0.0,0.0,0.0,0.0,0.0,6.0,6.0,6.0,6.0,6.0,6.0,0.0,False,6.0,False
VOA295,VOA295,CC,119.27339,6.910173677163581,12.34815463655884,CC_selected_representatives,FOLR1,higher,0.8,0.8,0.8,0.8,0.8,0.8,2.0,2.0,2.0,2.0,2.0,2.0,0.0,True,6.0,False
VOA4841,VOA4841,CC,76.36591800000001,6.273626250905546,12.0202044056346,CC_selected_representatives,FOLR1,higher,0.4,0.6,0.5,0.4,0.5499999999999999,0.45000000000000007,3.0,3.0,3.0,4.0,3.0,4.0,0.19999999999999996,False,6.0,False
OV1369-R2,1369,HGS,129.878499,7.032084297494087,12.06972608640844,matched_models,MSLN,higher,0.6896551724137931,0.5517241379310345,0.6206896551724138,0.5517241379310345,0.5862068965517242,0.6551724137931034,12.0,11.0,12.0,11.0,11.0,12.0,0.13793103448275867,True,30.0,False
OV1946,OV1946,HGS,0.0,0.0,11.81248277726401,matched_models,MSLN,higher,0.034482758620689655,0.2413793103448276,0.13793103448275862,0.034482758620689655,0.1896551724137931,0.08620689655172414,26.0,27.0,26.0,28.0,26.0,28.0,0.20689655172413796,False,30.0,False
OV2085,OV2085,HGS,104.59472100000002,6.722393901578186,12.05817511241668,matched_models,MSLN,higher,0.5862068965517241,0.5172413793103449,0.5517241379310345,0.5172413793103449,0.5344827586206897,0.5689655172413792,14.0,13.0,16.0,14.0,13.0,16.0,0.06896551724137923,True,30.0,False
OV2295,2295,HGS,105.57899799999998,6.7357793645848005,12.47512918445732,matched_models,MSLN,higher,0.6206896551724138,0.6551724137931034,0.6379310344827587,0.6206896551724138,0.646551724137931,0.6293103448275863,10.0,10.0,11.0,12.0,10.0,12.0,0.03448275862068961,True,30.0,False
OV2295-R2,2295,HGS,0.372129,0.4564161221168423,11.82611737883838,matched_models,MSLN,higher,0.20689655172413793,0.3448275862068966,0.27586206896551724,0.20689655172413793,0.3103448275862069,0.2413793103448276,22.0,20.0,21.0,23.0,20.0,23.0,0.13793103448275865,False,30.0,False
OV3133-R,3133,HGS,441.97086,8.791067986712521,12.70479614793991,matched_models,MSLN,higher,0.9655172413793104,0.8620689655172413,0.9137931034482758,0.8620689655172413,0.8879310344827587,0.9396551724137931,2.0,3.0,5.0,1.0,1.0,5.0,0.10344827586206906,True,30.0,False
OV4453,OV4453,HGS,116.400228,6.875291400046795,12.54006096978203,matched_models,MSLN,higher,0.6551724137931034,0.7931034482758621,0.7241379310344828,0.6551724137931034,0.7586206896551724,0.6896551724137931,8.0,9.0,8.0,10.0,8.0,10.0,0.13793103448275867,True,30.0,False
OV4485,OV4485,HGS,385.762,8.595302244401626,13.08073185568899,matched_models,MSLN,higher,0.896551724137931,1.0,0.9482758620689655,0.896551724137931,0.9741379310344828,0.9224137931034483,1.0,1.0,1.0,3.0,1.0,3.0,0.10344827586206895,True,30.0,False
OV866-2,OV866-2,HGS,0.920846,0.9417418584400464,12.10186490317029,matched_models,MSLN,higher,0.3103448275862069,0.6206896551724138,0.4655172413793104,0.3103448275862069,0.5431034482758621,0.3879310344827587,16.0,18.0,15.0,18.0,15.0,18.0,0.3103448275862069,False,30.0,False
TOV1369,1369,HGS,143.18858799999998,7.171813174829718,12.49477970199209,matched_models,MSLN,higher,0.7241379310344828,0.7241379310344828,0.7241379310344828,0.7241379310344828,0.7241379310344828,0.7241379310344828,8.0,8.0,9.0,8.0,8.0,9.0,0.0,True,30.0,False
TOV3041G,TOV3041G,HGS,158.29600999999997,7.31556632088588,13.06608822873491,matched_models,MSLN,higher,0.7586206896551724,0.9655172413793104,0.8620689655172413,0.7586206896551724,0.9137931034482758,0.8103448275862069,6.0,6.0,2.0,7.0,2.0,7.0,0.206896551724138,True,30.0,False
TOV3133G,3133,HGS,629.12289,9.299489408076402,12.50804230629727,matched_models,MSLN,higher,1.0,0.7586206896551724,0.8793103448275862,0.7586206896551724,0.8189655172413792,0.9396551724137931,4.0,6.0,7.0,1.0,1.0,7.0,0.24137931034482762,True,30.0,False
TOV3291G,3291,HGS,99.84140200000002,6.655944271040844,12.49408632943311,matched_models,MSLN,higher,0.5517241379310345,0.6896551724137931,0.6206896551724138,0.5517241379310345,0.6551724137931034,0.5862068965517242,12.0,11.0,10.0,13.0,10.0,13.0,0.13793103448275867,True,30.0,False
OV3331,OV3331,HGS,429.083669,8.748473540541069,13.01409137489341,matched_models,MSLN,higher,0.9310344827586207,0.896551724137931,0.9137931034482758,0.896551724137931,0.9051724137931034,0.9224137931034483,2.0,1.0,3.0,3.0,1.0,3.0,0.03448275862068961,True,30.0,False
OV90,OV90,HGS,0.0,0.0,11.60485563723607,matched_models,MSLN,higher,0.034482758620689655,0.06896551724137931,0.05172413793103448,0.034482758620689655,0.06034482758620689,0.04310344827586207,29.0,27.0,29.0,29.0,27.0,29.0,0.034482758620689655,False,30.0,False
TOV21G,TOV21G,CC,36.51453,5.229377578466152,11.64243660880573,matched_models,MSLN,higher,0.4827586206896552,0.10344827586206896,0.2931034482758621,0.10344827586206896,0.19827586206896552,0.3879310344827586,20.0,25.0,24.0,19.0,19.0,25.0,0.37931034482758624,False,30.0,False
TOV3392D,TOV3392D,CC,18.398073,4.277841437432491,11.95365893782819,matched_models,MSLN,higher,0.41379310344827586,0.41379310344827586,0.41379310344827586,0.41379310344827586,0.41379310344827586,0.41379310344827586,17.0,16.0,17.0,17.0,16.0,17.0,0.0,False,30.0,False
VOA10816,VOA10816,CC,186.3619796,7.549684413809408,11.97889609013328,matched_models,MSLN,higher,0.7931034482758621,0.4827586206896552,0.6379310344827587,0.4827586206896552,0.5603448275862069,0.7155172413793104,10.0,15.0,14.0,9.0,9.0,15.0,0.3103448275862069,False,30.0,False
VOA12539,VOA12539,CC,87.24080799999999,6.463374096291001,12.07628272367457,matched_models,MSLN,higher,0.5172413793103449,0.5862068965517241,0.5517241379310345,0.5172413793103449,0.5689655172413792,0.5344827586206897,14.0,13.0,13.0,15.0,13.0,15.0,0.06896551724137923,True,30.0,False
VOA295,VOA295,CC,1.174431,1.1206379292953257,11.82204475651455,matched_models,MSLN,higher,0.3448275862068966,0.3103448275862069,0.3275862068965517,0.3103448275862069,0.31896551724137934,0.33620689655172414,19.0,18.0,20.0,20.0,18.0,20.0,0.03448275862068967,False,30.0,False
VOA4841,VOA4841,CC,355.70603000000006,8.478591794078373,13.04388519205755,matched_models,MSLN,higher,0.8275862068965517,0.9310344827586207,0.8793103448275862,0.8275862068965517,0.9051724137931034,0.853448275862069,4.0,4.0,3.0,5.0,3.0,5.0,0.10344827586206895,True,30.0,False
TOV112D,TOV112D,EC,0.115187,0.1572856485778984,11.81357331044214,matched_models,MSLN,higher,0.1724137931034483,0.27586206896551724,0.22413793103448276,0.1724137931034483,0.25,0.19827586206896552,25.0,22.0,22.0,25.0,22.0,25.0,0.10344827586206895,False,30.0,False
VOA4395,VOA4395,EC,0.0367596,0.05208140611367908,11.9776326967971,matched_models,MSLN,higher,0.13793103448275862,0.4482758620689655,0.2931034482758621,0.13793103448275862,0.3706896551724138,0.21551724137931033,20.0,23.0,19.0,24.0,19.0,24.0,0.3103448275862069,False,30.0,False
TOV2414,TOV2414,MC,384.82563,8.591805173093631,12.68791795479325,matched_models,MSLN,higher,0.8620689655172413,0.8275862068965517,0.8448275862068966,0.8275862068965517,0.8362068965517242,0.853448275862069,7.0,4.0,6.0,5.0,4.0,7.0,0.03448275862068961,True,30.0,False
VOA8762,VOA8762,MC,0.4895596,0.574885849605713,11.48678339943249,matched_models,MSLN,higher,0.2413793103448276,0.034482758620689655,0.13793103448275862,0.034482758620689655,0.08620689655172414,0.1896551724137931,26.0,27.0,28.0,26.0,26.0,28.0,0.20689655172413796,False,30.0,False
VOA8771,VOA8771,MC,0.0,0.0,11.32517357920317,matched_models,MSLN,higher,0.034482758620689655,0.0,0.017241379310344827,0.0,0.008620689655172414,0.02586206896551724,30.0,30.0,30.0,30.0,30.0,30.0,0.034482758620689655,False,30.0,False
VOA5217,VOA5217,MMMT,0.632274,0.7068832541606116,11.78495840073541,matched_models,MSLN,higher,0.27586206896551724,0.20689655172413793,0.24137931034482757,0.20689655172413793,0.22413793103448276,0.25862068965517243,24.0,20.0,23.0,22.0,20.0,24.0,0.06896551724137931,False,30.0,False
VOA5436,VOA5436,MMMT,27.986369599999996,4.857302749154142,11.95030712506111,matched_models,MSLN,higher,0.4482758620689655,0.3793103448275862,0.41379310344827586,0.3793103448275862,0.396551724137931,0.43103448275862066,17.0,17.0,18.0,16.0,16.0,18.0,0.06896551724137934,False,30.0,False
BIN67,BIN67,SCCOHT,2.0763149999999997,1.6212032359624124,11.68599058618148,matched_models,MSLN,higher,0.3793103448275862,0.13793103448275862,0.2586206896551724,0.13793103448275862,0.19827586206896552,0.3189655172413793,23.0,23.0,24.0,21.0,21.0,24.0,0.24137931034482757,False,30.0,False
COV434,COV434,SCCOHT,0.031090856,0.044171463380538914,11.75067418867344,matched_models,MSLN,higher,0.10344827586206896,0.1724137931034483,0.13793103448275862,0.10344827586206896,0.15517241379310345,0.1206896551724138,26.0,25.0,27.0,27.0,25.0,27.0,0.06896551724137932,False,30.0,False
OV1369-R2,1369,HGS,129.878499,7.032084297494087,12.06972608640844,selected_patient_representatives,MSLN,higher,0.7307692307692307,0.5769230769230769,0.6538461538461537,0.5769230769230769,0.6153846153846153,0.6923076923076923,10.0,9.0,10.0,9.0,9.0,10.0,0.15384615384615385,True,27.0,False
OV1946,OV1946,HGS,0.0,0.0,11.81248277726401,selected_patient_representatives,MSLN,higher,0.038461538461538464,0.2692307692307692,0.15384615384615385,0.038461538461538464,0.21153846153846154,0.09615384615384615,23.0,24.0,22.0,25.0,22.0,25.0,0.23076923076923075,False,27.0,False
OV2085,OV2085,HGS,104.59472100000002,6.722393901578186,12.05817511241668,selected_patient_representatives,MSLN,higher,0.6153846153846154,0.5384615384615384,0.5769230769230769,0.5384615384615384,0.5576923076923077,0.5961538461538461,12.0,11.0,14.0,12.0,11.0,14.0,0.07692307692307698,True,27.0,False
OV2295,2295,HGS,105.57899799999998,6.7357793645848005,12.47512918445732,selected_patient_representatives,MSLN,higher,0.6538461538461539,0.6923076923076923,0.6730769230769231,0.6538461538461539,0.6826923076923076,0.6634615384615385,8.0,8.0,9.0,10.0,8.0,10.0,0.038461538461538436,True,27.0,False
OV3133-R,3133,HGS,441.97086,8.791067986712521,12.70479614793991,selected_patient_representatives,MSLN,higher,1.0,0.8461538461538461,0.9230769230769231,0.8461538461538461,0.8846153846153846,0.9615384615384616,2.0,3.0,5.0,1.0,1.0,5.0,0.15384615384615385,True,27.0,False
OV4453,OV4453,HGS,116.400228,6.875291400046795,12.54006096978203,selected_patient_representatives,MSLN,higher,0.6923076923076923,0.7692307692307693,0.7307692307692308,0.6923076923076923,0.75,0.7115384615384615,7.0,7.0,7.0,8.0,7.0,8.0,0.07692307692307698,True,27.0,False
OV4485,OV4485,HGS,385.762,8.595302244401626,13.08073185568899,selected_patient_representatives,MSLN,higher,0.9230769230769231,1.0,0.9615384615384616,0.9230769230769231,0.9807692307692308,0.9423076923076923,1.0,1.0,1.0,2.0,1.0,2.0,0.07692307692307687,True,27.0,False
OV866-2,OV866-2,HGS,0.920846,0.9417418584400464,12.10186490317029,selected_patient_representatives,MSLN,higher,0.3076923076923077,0.6538461538461539,0.4807692307692308,0.3076923076923077,0.5673076923076923,0.3942307692307693,14.0,17.0,13.0,17.0,13.0,17.0,0.34615384615384615,False,27.0,False
TOV3041G,TOV3041G,HGS,158.29600999999997,7.31556632088588,13.06608822873491,selected_patient_representatives,MSLN,higher,0.7692307692307693,0.9615384615384616,0.8653846153846154,0.7692307692307693,0.9134615384615384,0.8173076923076924,5.0,6.0,2.0,6.0,2.0,6.0,0.1923076923076923,True,27.0,False
TOV3291G,3291,HGS,99.84140200000002,6.655944271040844,12.49408632943311,selected_patient_representatives,MSLN,higher,0.5769230769230769,0.7307692307692307,0.6538461538461537,0.5769230769230769,0.6923076923076923,0.6153846153846153,10.0,9.0,8.0,11.0,8.0,11.0,0.15384615384615385,True,27.0,False
OV3331,OV3331,HGS,429.083669,8.748473540541069,13.01409137489341,selected_patient_representatives,MSLN,higher,0.9615384615384616,0.8846153846153846,0.9230769230769231,0.8846153846153846,0.9038461538461539,0.9423076923076923,2.0,2.0,3.0,2.0,2.0,3.0,0.07692307692307698,True,27.0,False
OV90,OV90,HGS,0.0,0.0,11.60485563723607,selected_patient_representatives,MSLN,higher,0.038461538461538464,0.07692307692307693,0.057692307692307696,0.038461538461538464,0.06730769230769232,0.04807692307692308,26.0,24.0,26.0,26.0,24.0,26.0,0.038461538461538464,False,27.0,False
TOV21G,TOV21G,CC,36.51453,5.229377578466152,11.64243660880573,selected_patient_representatives,MSLN,higher,0.5,0.11538461538461539,0.3076923076923077,0.11538461538461539,0.21153846153846154,0.40384615384615385,18.0,22.0,22.0,16.0,16.0,22.0,0.3846153846153846,False,27.0,False
TOV3392D,TOV3392D,CC,18.398073,4.277841437432491,11.95365893782819,selected_patient_representatives,MSLN,higher,0.4230769230769231,0.4230769230769231,0.4230769230769231,0.4230769230769231,0.4230769230769231,0.4230769230769231,16.0,14.0,15.0,15.0,14.0,16.0,0.0,False,27.0,False
VOA10816,VOA10816,CC,186.3619796,7.549684413809408,11.97889609013328,selected_patient_representatives,MSLN,higher,0.8076923076923077,0.5,0.6538461538461539,0.5,0.5769230769230769,0.7307692307692308,9.0,13.0,12.0,7.0,7.0,13.0,0.3076923076923077,True,27.0,False
VOA12539,VOA12539,CC,87.24080799999999,6.463374096291001,12.07628272367457,selected_patient_representatives,MSLN,higher,0.5384615384615384,0.6153846153846154,0.5769230769230769,0.5384615384615384,0.5961538461538461,0.5576923076923077,12.0,11.0,11.0,13.0,11.0,13.0,0.07692307692307698,True,27.0,False
VOA295,VOA295,CC,1.174431,1.1206379292953257,11.82204475651455,selected_patient_representatives,MSLN,higher,0.34615384615384615,0.34615384615384615,0.34615384615384615,0.34615384615384615,0.34615384615384615,0.34615384615384615,17.0,16.0,18.0,18.0,16.0,18.0,0.0,False,27.0,False
VOA4841,VOA4841,CC,355.70603000000006,8.478591794078373,13.04388519205755,selected_patient_representatives,MSLN,higher,0.8461538461538461,0.9230769230769231,0.8846153846153846,0.8461538461538461,0.9038461538461539,0.8653846153846154,4.0,3.0,3.0,4.0,3.0,4.0,0.07692307692307698,True,27.0,False
TOV112D,TOV112D,EC,0.115187,0.1572856485778984,11.81357331044214,selected_patient_representatives,MSLN,higher,0.19230769230769232,0.3076923076923077,0.25,0.19230769230769232,0.27884615384615385,0.22115384615384617,21.0,19.0,19.0,22.0,19.0,22.0,0.11538461538461539,False,27.0,False
VOA4395,VOA4395,EC,0.0367596,0.05208140611367908,11.9776326967971,selected_patient_representatives,MSLN,higher,0.15384615384615385,0.46153846153846156,0.3076923076923077,0.15384615384615385,0.3846153846153846,0.23076923076923078,18.0,20.0,17.0,21.0,17.0,21.0,0.3076923076923077,False,27.0,False
TOV2414,TOV2414,MC,384.82563,8.591805173093631,12.68791795479325,selected_patient_representatives,MSLN,higher,0.8846153846153846,0.8076923076923077,0.8461538461538461,0.8076923076923077,0.826923076923077,0.8653846153846154,6.0,5.0,6.0,4.0,4.0,6.0,0.07692307692307687,True,27.0,False
VOA8762,VOA8762,MC,0.4895596,0.574885849605713,11.48678339943249,selected_patient_representatives,MSLN,higher,0.23076923076923078,0.038461538461538464,0.13461538461538464,0.038461538461538464,0.08653846153846154,0.18269230769230768,25.0,24.0,25.0,23.0,23.0,25.0,0.19230769230769232,False,27.0,False
VOA8771,VOA8771,MC,0.0,0.0,11.32517357920317,selected_patient_representatives,MSLN,higher,0.038461538461538464,0.0,0.019230769230769232,0.0,0.009615384615384616,0.028846153846153848,27.0,27.0,27.0,27.0,27.0,27.0,0.038461538461538464,False,27.0,False
VOA5217,VOA5217,MMMT,0.632274,0.7068832541606116,11.78495840073541,selected_patient_representatives,MSLN,higher,0.2692307692307692,0.23076923076923078,0.25,0.23076923076923078,0.24038461538461536,0.25961538461538464,21.0,18.0,20.0,20.0,18.0,21.0,0.038461538461538436,False,27.0,False
VOA5436,VOA5436,MMMT,27.986369599999996,4.857302749154142,11.95030712506111,selected_patient_representatives,MSLN,higher,0.46153846153846156,0.38461538461538464,0.42307692307692313,0.38461538461538464,0.40384615384615385,0.4423076923076923,15.0,15.0,16.0,14.0,14.0,16.0,0.07692307692307693,False,27.0,False
BIN67,BIN67,SCCOHT,2.0763149999999997,1.6212032359624124,11.68599058618148,selected_patient_representatives,MSLN,higher,0.38461538461538464,0.15384615384615385,0.2692307692307693,0.15384615384615385,0.21153846153846156,0.326923076923077,20.0,20.0,21.0,19.0,19.0,21.0,0.23076923076923078,False,27.0,False
COV434,COV434,SCCOHT,0.031090856,0.044171463380538914,11.75067418867344,selected_patient_representatives,MSLN,higher,0.11538461538461539,0.19230769230769232,0.15384615384615385,0.11538461538461539,0.1730769230769231,0.1346153846153846,23.0,22.0,24.0,24.0,22.0,24.0,0.07692307692307693,False,27.0,False
OV1369-R2;TOV1369,1369,HGS,136.5335435,7.101948736161903,12.282252894200266,patient_means_of_matched_models,MSLN,higher,0.7307692307692307,0.6923076923076923,0.7115384615384615,0.6923076923076923,0.7019230769230769,0.721153846153846,8.0,7.0,8.0,8.0,7.0,8.0,0.038461538461538436,True,27.0,False
OV2295;OV2295-R2,2295,HGS,52.97556349999999,3.596097743350821,12.15062328164785,patient_means_of_matched_models,MSLN,higher,0.4230769230769231,0.6538461538461539,0.5384615384615384,0.4230769230769231,0.5961538461538461,0.4807692307692307,13.0,13.0,10.0,13.0,10.0,13.0,0.23076923076923078,False,27.0,False
OV3133-R;TOV3133G,3133,HGS,535.546875,9.045278697394462,12.60641922711859,patient_means_of_matched_models,MSLN,higher,1.0,0.8076923076923077,0.9038461538461539,0.8076923076923077,0.8557692307692308,0.9519230769230769,3.0,5.0,5.0,1.0,1.0,5.0,0.1923076923076923,True,27.0,False
TOV3291G,3291,HGS,99.84140200000002,6.655944271040844,12.49408632943311,patient_means_of_matched_models,MSLN,higher,0.6153846153846154,0.7307692307692307,0.6730769230769231,0.6153846153846154,0.7019230769230769,0.6442307692307693,9.0,9.0,8.0,10.0,8.0,10.0,0.11538461538461531,True,27.0,False
BIN67,BIN67,SCCOHT,2.0763149999999997,1.6212032359624124,11.68599058618148,patient_means_of_matched_models,MSLN,higher,0.38461538461538464,0.15384615384615385,0.2692307692307693,0.15384615384615385,0.21153846153846156,0.326923076923077,20.0,20.0,22.0,19.0,19.0,22.0,0.23076923076923078,False,27.0,False
COV434,COV434,SCCOHT,0.031090856,0.044171463380538914,11.75067418867344,patient_means_of_matched_models,MSLN,higher,0.11538461538461539,0.19230769230769232,0.15384615384615385,0.11538461538461539,0.1730769230769231,0.1346153846153846,23.0,22.0,24.0,24.0,22.0,24.0,0.07692307692307693,False,27.0,False
OV1946,OV1946,HGS,0.0,0.0,11.81248277726401,patient_means_of_matched_models,MSLN,higher,0.038461538461538464,0.2692307692307692,0.15384615384615385,0.038461538461538464,0.21153846153846154,0.09615384615384615,23.0,24.0,23.0,25.0,23.0,25.0,0.23076923076923075,False,27.0,False
OV2085,OV2085,HGS,104.59472100000002,6.722393901578186,12.05817511241668,patient_means_of_matched_models,MSLN,higher,0.6538461538461539,0.5384615384615384,0.5961538461538461,0.5384615384615384,0.5673076923076923,0.625,11.0,11.0,13.0,11.0,11.0,13.0,0.11538461538461542,True,27.0,False
OV3331,OV3331,HGS,429.083669,8.748473540541069,13.01409137489341,patient_means_of_matched_models,MSLN,higher,0.9615384615384616,0.8846153846153846,0.9230769230769231,0.8846153846153846,0.9038461538461539,0.9423076923076923,2.0,2.0,3.0,2.0,2.0,3.0,0.07692307692307698,True,27.0,False
OV4453,OV4453,HGS,116.400228,6.875291400046795,12.54006096978203,patient_means_of_matched_models,MSLN,higher,0.6923076923076923,0.7692307692307693,0.7307692307692308,0.6923076923076923,0.75,0.7115384615384615,7.0,7.0,7.0,9.0,7.0,9.0,0.07692307692307698,True,27.0,False
OV4485,OV4485,HGS,385.762,8.595302244401626,13.08073185568899,patient_means_of_matched_models,MSLN,higher,0.9230769230769231,1.0,0.9615384615384616,0.9230769230769231,0.9807692307692308,0.9423076923076923,1.0,1.0,1.0,2.0,1.0,2.0,0.07692307692307687,True,27.0,False
OV866-2,OV866-2,HGS,0.920846,0.9417418584400464,12.10186490317029,patient_means_of_matched_models,MSLN,higher,0.3076923076923077,0.6153846153846154,0.46153846153846156,0.3076923076923077,0.5384615384615385,0.38461538461538464,14.0,17.0,14.0,17.0,14.0,17.0,0.3076923076923077,False,27.0,False
OV90,OV90,HGS,0.0,0.0,11.60485563723607,patient_means_of_matched_models,MSLN,higher,0.038461538461538464,0.07692307692307693,0.057692307692307696,0.038461538461538464,0.06730769230769232,0.04807692307692308,26.0,24.0,26.0,26.0,24.0,26.0,0.038461538461538464,False,27.0,False
TOV112D,TOV112D,EC,0.115187,0.1572856485778984,11.81357331044214,patient_means_of_matched_models,MSLN,higher,0.19230769230769232,0.3076923076923077,0.25,0.19230769230769232,0.27884615384615385,0.22115384615384617,21.0,19.0,19.0,22.0,19.0,22.0,0.11538461538461539,False,27.0,False
TOV21G,TOV21G,CC,36.51453,5.229377578466152,11.64243660880573,patient_means_of_matched_models,MSLN,higher,0.5384615384615384,0.11538461538461539,0.3269230769230769,0.11538461538461539,0.22115384615384615,0.4326923076923077,18.0,22.0,21.0,16.0,16.0,22.0,0.423076923076923,False,27.0,False
TOV2414,TOV2414,MC,384.82563,8.591805173093631,12.68791795479325,patient_means_of_matched_models,MSLN,higher,0.8846153846153846,0.8461538461538461,0.8653846153846154,0.8461538461538461,0.8557692307692307,0.875,5.0,3.0,6.0,4.0,3.0,6.0,0.038461538461538436,True,27.0,False
TOV3041G,TOV3041G,HGS,158.29600999999997,7.31556632088588,13.06608822873491,patient_means_of_matched_models,MSLN,higher,0.7692307692307693,0.9615384615384616,0.8653846153846154,0.7692307692307693,0.9134615384615384,0.8173076923076924,5.0,6.0,2.0,6.0,2.0,6.0,0.1923076923076923,True,27.0,False
TOV3392D,TOV3392D,CC,18.398073,4.277841437432491,11.95365893782819,patient_means_of_matched_models,MSLN,higher,0.46153846153846156,0.4230769230769231,0.4423076923076923,0.4230769230769231,0.4326923076923077,0.4519230769230769,15.0,13.0,15.0,15.0,13.0,15.0,0.03846153846153849,False,27.0,False
VOA10816,VOA10816,CC,186.3619796,7.549684413809408,11.97889609013328,patient_means_of_matched_models,MSLN,higher,0.8076923076923077,0.5,0.6538461538461539,0.5,0.5769230769230769,0.7307692307692308,10.0,12.0,11.0,7.0,7.0,12.0,0.3076923076923077,True,27.0,False
VOA12539,VOA12539,CC,87.24080799999999,6.463374096291001,12.07628272367457,patient_means_of_matched_models,MSLN,higher,0.5769230769230769,0.5769230769230769,0.5769230769230769,0.5769230769230769,0.5769230769230769,0.5769230769230769,12.0,10.0,11.0,12.0,10.0,12.0,0.0,True,27.0,False
VOA295,VOA295,CC,1.174431,1.1206379292953257,11.82204475651455,patient_means_of_matched_models,MSLN,higher,0.34615384615384615,0.34615384615384615,0.34615384615384615,0.34615384615384615,0.34615384615384615,0.34615384615384615,17.0,16.0,18.0,18.0,16.0,18.0,0.0,False,27.0,False
VOA4395,VOA4395,EC,0.0367596,0.05208140611367908,11.9776326967971,patient_means_of_matched_models,MSLN,higher,0.15384615384615385,0.46153846153846156,0.3076923076923077,0.15384615384615385,0.3846153846153846,0.23076923076923078,19.0,20.0,17.0,21.0,17.0,21.0,0.3076923076923077,False,27.0,False
VOA4841,VOA4841,CC,355.70603000000006,8.478591794078373,13.04388519205755,patient_means_of_matched_models,MSLN,higher,0.8461538461538461,0.9230769230769231,0.8846153846153846,0.8461538461538461,0.9038461538461539,0.8653846153846154,4.0,3.0,3.0,5.0,3.0,5.0,0.07692307692307698,True,27.0,False
VOA5217,VOA5217,MMMT,0.632274,0.7068832541606116,11.78495840073541,patient_means_of_matched_models,MSLN,higher,0.2692307692307692,0.23076923076923078,0.25,0.23076923076923078,0.24038461538461536,0.25961538461538464,21.0,18.0,20.0,20.0,18.0,21.0,0.038461538461538436,False,27.0,False
VOA5436,VOA5436,MMMT,27.986369599999996,4.857302749154142,11.95030712506111,patient_means_of_matched_models,MSLN,higher,0.5,0.38461538461538464,0.4423076923076923,0.38461538461538464,0.4134615384615385,0.47115384615384615,15.0,15.0,16.0,14.0,14.0,16.0,0.11538461538461536,False,27.0,False
VOA8762,VOA8762,MC,0.4895596,0.574885849605713,11.48678339943249,patient_means_of_matched_models,MSLN,higher,0.23076923076923078,0.038461538461538464,0.13461538461538464,0.038461538461538464,0.08653846153846154,0.18269230769230768,25.0,24.0,25.0,23.0,23.0,25.0,0.19230769230769232,False,27.0,False
VOA8771,VOA8771,MC,0.0,0.0,11.32517357920317,patient_means_of_matched_models,MSLN,higher,0.038461538461538464,0.0,0.019230769230769232,0.0,0.009615384615384616,0.028846153846153848,27.0,27.0,27.0,27.0,27.0,27.0,0.038461538461538464,False,27.0,False
OV1369-R2,1369,HGS,129.878499,7.032084297494087,12.06972608640844,HGS_selected_representatives,MSLN,higher,0.6363636363636364,0.2727272727272727,0.45454545454545453,0.2727272727272727,0.36363636363636365,0.5454545454545454,6.0,7.0,8.0,6.0,6.0,8.0,0.36363636363636365,False,12.0,False
OV1946,OV1946,HGS,0.0,0.0,11.81248277726401,HGS_selected_representatives,MSLN,higher,0.045454545454545456,0.09090909090909091,0.06818181818181818,0.045454545454545456,0.07954545454545454,0.056818181818181816,11.0,11.0,11.0,11.0,11.0,11.0,0.045454545454545456,False,12.0,False
OV2085,OV2085,HGS,104.59472100000002,6.722393901578186,12.05817511241668,HGS_selected_representatives,MSLN,higher,0.36363636363636365,0.18181818181818182,0.2727272727272727,0.18181818181818182,0.22727272727272727,0.3181818181818182,9.0,9.0,10.0,9.0,9.0,10.0,0.18181818181818182,False,12.0,False
OV2295,2295,HGS,105.57899799999998,6.7357793645848005,12.47512918445732,HGS_selected_representatives,MSLN,higher,0.45454545454545453,0.45454545454545453,0.45454545454545453,0.45454545454545453,0.45454545454545453,0.45454545454545453,6.0,6.0,7.0,7.0,6.0,7.0,0.0,False,12.0,False
OV3133-R,3133,HGS,441.97086,8.791067986712521,12.70479614793991,HGS_selected_representatives,MSLN,higher,1.0,0.7272727272727273,0.8636363636363636,0.7272727272727273,0.7954545454545454,0.9318181818181819,2.0,3.0,4.0,1.0,1.0,4.0,0.2727272727272727,True,12.0,False
OV4453,OV4453,HGS,116.400228,6.875291400046795,12.54006096978203,HGS_selected_representatives,MSLN,higher,0.5454545454545454,0.6363636363636364,0.5909090909090908,0.5454545454545454,0.6136363636363636,0.5681818181818181,5.0,5.0,5.0,5.0,5.0,5.0,0.09090909090909094,True,12.0,False
OV4485,OV4485,HGS,385.762,8.595302244401626,13.08073185568899,HGS_selected_representatives,MSLN,higher,0.8181818181818182,1.0,0.9090909090909092,0.8181818181818182,0.9545454545454546,0.8636363636363636,1.0,1.0,1.0,3.0,1.0,3.0,0.18181818181818177,True,12.0,False
OV866-2,OV866-2,HGS,0.920846,0.9417418584400464,12.10186490317029,HGS_selected_representatives,MSLN,higher,0.18181818181818182,0.36363636363636365,0.2727272727272727,0.18181818181818182,0.3181818181818182,0.22727272727272727,9.0,9.0,9.0,10.0,9.0,10.0,0.18181818181818182,False,12.0,False
TOV3041G,TOV3041G,HGS,158.29600999999997,7.31556632088588,13.06608822873491,HGS_selected_representatives,MSLN,higher,0.7272727272727273,0.9090909090909091,0.8181818181818181,0.7272727272727273,0.8636363636363635,0.7727272727272727,4.0,3.0,2.0,4.0,2.0,4.0,0.18181818181818177,True,12.0,False
TOV3291G,3291,HGS,99.84140200000002,6.655944271040844,12.49408632943311,HGS_selected_representatives,MSLN,higher,0.2727272727272727,0.5454545454545454,0.40909090909090906,0.2727272727272727,0.47727272727272724,0.3409090909090909,8.0,7.0,6.0,8.0,6.0,8.0,0.2727272727272727,False,12.0,False
OV3331,OV3331,HGS,429.083669,8.748473540541069,13.01409137489341,HGS_selected_representatives,MSLN,higher,0.9090909090909091,0.8181818181818182,0.8636363636363636,0.8181818181818182,0.8409090909090909,0.8863636363636364,2.0,1.0,3.0,2.0,1.0,3.0,0.09090909090909083,True,12.0,False
OV90,OV90,HGS,0.0,0.0,11.60485563723607,HGS_selected_representatives,MSLN,higher,0.045454545454545456,0.0,0.022727272727272728,0.0,0.011363636363636364,0.03409090909090909,12.0,12.0,12.0,12.0,12.0,12.0,0.045454545454545456,False,12.0,False
TOV21G,TOV21G,CC,36.51453,5.229377578466152,11.64243660880573,CC_selected_representatives,MSLN,higher,0.4,0.0,0.2,0.0,0.1,0.30000000000000004,5.0,5.0,6.0,4.0,4.0,6.0,0.4,False,6.0,False
TOV3392D,TOV3392D,CC,18.398073,4.277841437432491,11.95365893782819,CC_selected_representatives,MSLN,higher,0.2,0.4,0.30000000000000004,0.2,0.35000000000000003,0.25,4.0,4.0,4.0,5.0,4.0,5.0,0.2,False,6.0,False
VOA10816,VOA10816,CC,186.3619796,7.549684413809408,11.97889609013328,CC_selected_representatives,MSLN,higher,0.8,0.6,0.7,0.6,0.6499999999999999,0.7500000000000001,2.0,2.0,3.0,2.0,2.0,3.0,0.20000000000000007,True,6.0,False
VOA12539,VOA12539,CC,87.24080799999999,6.463374096291001,12.07628272367457,CC_selected_representatives,MSLN,higher,0.6,0.8,0.7,0.6,0.7500000000000001,0.6499999999999999,2.0,2.0,2.0,3.0,2.0,3.0,0.20000000000000007,True,6.0,False
VOA295,VOA295,CC,1.174431,1.1206379292953257,11.82204475651455,CC_selected_representatives,MSLN,higher,0.0,0.2,0.1,0.0,0.15000000000000002,0.05,6.0,5.0,5.0,6.0,5.0,6.0,0.2,False,6.0,False
VOA4841,VOA4841,CC,355.70603000000006,8.478591794078373,13.04388519205755,CC_selected_representatives,MSLN,higher,1.0,1.0,1.0,1.0,1.0,1.0,1.0,1.0,1.0,1.0,1.0,1.0,0.0,True,6.0,False
OV1369-R2,1369,HGS,27.1348,4.814283802728053,13.41140243457528,matched_models,TACSTD2,higher,0.4827586206896552,0.6206896551724138,0.5517241379310345,0.4827586206896552,0.5862068965517242,0.5172413793103449,14.0,15.0,14.0,14.0,14.0,15.0,0.13793103448275862,False,30.0,False
OV1946,OV1946,HGS,26.0578,4.757972637153828,13.06814189738202,matched_models,TACSTD2,higher,0.4482758620689655,0.4827586206896552,0.4655172413793104,0.4482758620689655,0.47413793103448276,0.45689655172413796,16.0,16.0,16.0,17.0,16.0,17.0,0.03448275862068967,False,30.0,False
OV2085,OV2085,HGS,0.0436365,0.06161930676910324,12.81529283248621,matched_models,TACSTD2,higher,0.3103448275862069,0.1724137931034483,0.2413793103448276,0.1724137931034483,0.20689655172413796,0.27586206896551724,23.0,22.0,24.0,22.0,22.0,24.0,0.13793103448275862,False,30.0,False
OV2295,2295,HGS,797.746,9.641592991052368,14.44543274819214,matched_models,TACSTD2,higher,0.896551724137931,0.9310344827586207,0.9137931034482758,0.896551724137931,0.9224137931034483,0.9051724137931034,3.0,3.0,3.0,4.0,3.0,4.0,0.03448275862068961,True,30.0,False
OV2295-R2,2295,HGS,326.48,8.355262990220572,14.03599988624073,matched_models,TACSTD2,higher,0.7931034482758621,0.7241379310344828,0.7586206896551724,0.7241379310344828,0.7413793103448276,0.7758620689655172,8.0,7.0,8.0,6.0,6.0,8.0,0.06896551724137934,True,30.0,False
OV3133-R,3133,HGS,283.985,8.1547421757359,14.15252448275442,matched_models,TACSTD2,higher,0.7241379310344828,0.896551724137931,0.8103448275862069,0.7241379310344828,0.853448275862069,0.7672413793103449,6.0,7.0,5.0,8.0,5.0,8.0,0.1724137931034483,True,30.0,False
OV4453,OV4453,HGS,807.272,9.658697060742165,15.18369396371216,matched_models,TACSTD2,higher,0.9310344827586207,1.0,0.9655172413793103,0.9310344827586207,0.9827586206896551,0.9482758620689655,2.0,2.0,1.0,2.0,1.0,2.0,0.06896551724137934,True,30.0,False
OV4485,OV4485,HGS,930.943,9.864097908461053,14.97367785261104,matched_models,TACSTD2,higher,1.0,0.9655172413793104,0.9827586206896552,0.9655172413793104,0.9741379310344828,0.9913793103448276,1.0,1.0,2.0,1.0,1.0,2.0,0.03448275862068961,True,30.0,False
OV866-2,OV866-2,HGS,16.3506,4.116913648299397,13.03141970528564,matched_models,TACSTD2,higher,0.3793103448275862,0.41379310344827586,0.39655172413793105,0.3793103448275862,0.4051724137931034,0.38793103448275856,18.0,17.0,17.0,18.0,17.0,18.0,0.03448275862068967,False,30.0,False
TOV1369,1369,HGS,227.304,7.83481232629577,13.83439482855518,matched_models,TACSTD2,higher,0.6896551724137931,0.6551724137931034,0.6724137931034483,0.6551724137931034,0.6637931034482758,0.6810344827586208,11.0,9.0,11.0,10.0,9.0,11.0,0.034482758620689724,True,30.0,False
TOV3041G,TOV3041G,HGS,302.976,8.247813611970503,14.08886047135011,matched_models,TACSTD2,higher,0.7586206896551724,0.8275862068965517,0.7931034482758621,0.7586206896551724,0.8103448275862069,0.7758620689655171,7.0,6.0,7.0,7.0,6.0,7.0,0.06896551724137934,True,30.0,False
TOV3133G,3133,HGS,167.567,7.397178320383339,13.91124288412437,matched_models,TACSTD2,higher,0.5862068965517241,0.6896551724137931,0.6379310344827587,0.5862068965517241,0.6637931034482759,0.6120689655172413,12.0,11.0,10.0,13.0,10.0,13.0,0.10344827586206906,True,30.0,False
TOV3291G,3291,HGS,201.788,7.663828473019773,14.0418985342542,matched_models,TACSTD2,higher,0.6206896551724138,0.7586206896551724,0.6896551724137931,0.6206896551724138,0.7241379310344827,0.6551724137931034,9.0,10.0,9.0,11.0,9.0,11.0,0.13793103448275856,True,30.0,False
OV3331,OV3331,HGS,75.9223,6.265329995227497,13.09542975159009,matched_models,TACSTD2,higher,0.5172413793103449,0.5172413793103449,0.5172413793103449,0.5172413793103449,0.5172413793103449,0.5172413793103449,15.0,14.0,15.0,14.0,14.0,15.0,0.0,True,30.0,False
OV90,OV90,HGS,0.0146715,0.0210127303372106,12.79910163795992,matched_models,TACSTD2,higher,0.2413793103448276,0.10344827586206896,0.1724137931034483,0.10344827586206896,0.13793103448275862,0.20689655172413793,25.0,24.0,26.0,24.0,24.0,26.0,0.13793103448275862,False,30.0,False
TOV21G,TOV21G,CC,0.0304919,0.04333316487158127,13.01568463141167,matched_models,TACSTD2,higher,0.27586206896551724,0.3793103448275862,0.3275862068965517,0.27586206896551724,0.35344827586206895,0.3017241379310345,20.0,19.0,20.0,21.0,19.0,21.0,0.10344827586206895,False,30.0,False
TOV3392D,TOV3392D,CC,17.5109,4.210303135637263,12.88935856351237,matched_models,TACSTD2,higher,0.41379310344827586,0.27586206896551724,0.3448275862068966,0.27586206896551724,0.3103448275862069,0.3793103448275862,19.0,19.0,21.0,19.0,19.0,21.0,0.13793103448275862,False,30.0,False
VOA10816,VOA10816,CC,119.487,6.912733684385258,12.9734913419763,matched_models,TACSTD2,higher,0.5517241379310345,0.3448275862068966,0.4482758620689655,0.3448275862068966,0.39655172413793105,0.5,17.0,18.0,18.0,16.0,16.0,18.0,0.2068965517241379,False,30.0,False
VOA12539,VOA12539,CC,0.115399,0.15755988265772275,12.81919061575752,matched_models,TACSTD2,higher,0.3448275862068966,0.20689655172413793,0.27586206896551724,0.20689655172413793,0.2413793103448276,0.3103448275862069,22.0,21.0,23.0,20.0,20.0,23.0,0.13793103448275865,False,30.0,False
VOA295,VOA295,CC,0.00788082,0.011325052964430963,13.04629271605834,matched_models,TACSTD2,higher,0.1724137931034483,0.4482758620689655,0.3103448275862069,0.1724137931034483,0.3793103448275862,0.2413793103448276,21.0,22.0,19.0,23.0,19.0,23.0,0.27586206896551724,False,30.0,False
VOA4841,VOA4841,CC,838.207,9.712882901559267,14.06357410379235,matched_models,TACSTD2,higher,0.9655172413793104,0.7931034482758621,0.8793103448275863,0.7931034482758621,0.8362068965517242,0.9224137931034483,4.0,5.0,6.0,3.0,3.0,6.0,0.1724137931034483,True,30.0,False
TOV112D,TOV112D,EC,0.0,0.0,12.77487474646323,matched_models,TACSTD2,higher,0.06896551724137931,0.034482758620689655,0.05172413793103448,0.034482758620689655,0.04310344827586207,0.06034482758620689,30.0,29.0,30.0,30.0,29.0,30.0,0.034482758620689655,False,30.0,False
VOA4395,VOA4395,EC,0.0,0.0,12.8114845432472,matched_models,TACSTD2,higher,0.06896551724137931,0.13793103448275862,0.10344827586206896,0.06896551724137931,0.12068965517241378,0.08620689655172414,27.0,25.0,27.0,28.0,25.0,28.0,0.06896551724137931,False,30.0,False
TOV2414,TOV2414,MC,677.853,9.406955394390499,14.13416523010926,matched_models,TACSTD2,higher,0.8620689655172413,0.8620689655172413,0.8620689655172413,0.8620689655172413,0.8620689655172413,0.8620689655172413,5.0,4.0,4.0,5.0,4.0,5.0,0.0,True,30.0,False
VOA8762,VOA8762,MC,357.929,8.487554681515965,13.10619499021075,matched_models,TACSTD2,higher,0.8275862068965517,0.5517241379310345,0.6896551724137931,0.5517241379310345,0.6206896551724138,0.7586206896551724,9.0,13.0,12.0,9.0,9.0,13.0,0.27586206896551724,True,30.0,False
VOA8771,VOA8771,MC,210.539,7.724779857468268,13.1675042992623,matched_models,TACSTD2,higher,0.6551724137931034,0.5862068965517241,0.6206896551724137,0.5862068965517241,0.603448275862069,0.6379310344827586,13.0,11.0,13.0,12.0,11.0,13.0,0.06896551724137934,True,30.0,False
VOA5217,VOA5217,MMMT,0.0,0.0,12.89669464362095,matched_models,TACSTD2,higher,0.06896551724137931,0.3103448275862069,0.1896551724137931,0.06896551724137931,0.25,0.12931034482758622,24.0,25.0,22.0,26.0,22.0,26.0,0.2413793103448276,False,30.0,False
VOA5436,VOA5436,MMMT,0.00868982,0.012482602645599918,12.7726526941866,matched_models,TACSTD2,higher,0.20689655172413793,0.0,0.10344827586206896,0.0,0.05172413793103448,0.15517241379310345,27.0,30.0,29.0,25.0,25.0,30.0,0.20689655172413793,False,30.0,False
BIN67,BIN67,SCCOHT,0.0,0.0,12.86096104244774,matched_models,TACSTD2,higher,0.06896551724137931,0.2413793103448276,0.15517241379310345,0.06896551724137931,0.19827586206896552,0.11206896551724138,26.0,25.0,25.0,27.0,25.0,27.0,0.1724137931034483,False,30.0,False
COV434,COV434,SCCOHT,0.0,0.0,12.77577068192224,matched_models,TACSTD2,higher,0.06896551724137931,0.06896551724137931,0.06896551724137931,0.06896551724137931,0.06896551724137931,0.06896551724137931,29.0,25.0,28.0,29.0,25.0,29.0,0.0,False,30.0,False
OV1369-R2,1369,HGS,27.1348,4.814283802728053,13.41140243457528,selected_patient_representatives,TACSTD2,higher,0.5384615384615384,0.6923076923076923,0.6153846153846154,0.5384615384615384,0.6538461538461537,0.5769230769230769,11.0,12.0,11.0,11.0,11.0,12.0,0.15384615384615385,True,27.0,False
OV1946,OV1946,HGS,26.0578,4.757972637153828,13.06814189738202,selected_patient_representatives,TACSTD2,higher,0.5,0.5384615384615384,0.5192307692307692,0.5,0.5288461538461539,0.5096153846153846,13.0,13.0,13.0,14.0,13.0,14.0,0.038461538461538436,True,27.0,False
OV2085,OV2085,HGS,0.0436365,0.06161930676910324,12.81529283248621,selected_patient_representatives,TACSTD2,higher,0.34615384615384615,0.19230769230769232,0.2692307692307692,0.19230769230769232,0.23076923076923078,0.30769230769230765,20.0,19.0,21.0,19.0,19.0,21.0,0.15384615384615383,False,27.0,False
OV2295,2295,HGS,797.746,9.641592991052368,14.44543274819214,selected_patient_representatives,TACSTD2,higher,0.8846153846153846,0.9230769230769231,0.9038461538461539,0.8846153846153846,0.9134615384615384,0.8942307692307692,3.0,3.0,3.0,4.0,3.0,4.0,0.03846153846153855,True,27.0,False
OV3133-R,3133,HGS,283.985,8.1547421757359,14.15252448275442,selected_patient_representatives,TACSTD2,higher,0.7307692307692307,0.8846153846153846,0.8076923076923077,0.7307692307692307,0.8461538461538461,0.7692307692307692,6.0,7.0,4.0,7.0,4.0,7.0,0.15384615384615385,True,27.0,False
OV4453,OV4453,HGS,807.272,9.658697060742165,15.18369396371216,selected_patient_representatives,TACSTD2,higher,0.9230769230769231,1.0,0.9615384615384616,0.9230769230769231,0.9807692307692308,0.9423076923076923,2.0,2.0,1.0,2.0,1.0,2.0,0.07692307692307687,True,27.0,False
OV4485,OV4485,HGS,930.943,9.864097908461053,14.97367785261104,selected_patient_representatives,TACSTD2,higher,1.0,0.9615384615384616,0.9807692307692308,0.9615384615384616,0.9711538461538461,0.9903846153846154,1.0,1.0,2.0,1.0,1.0,2.0,0.038461538461538436,True,27.0,False
OV866-2,OV866-2,HGS,16.3506,4.116913648299397,13.03141970528564,selected_patient_representatives,TACSTD2,higher,0.4230769230769231,0.46153846153846156,0.4423076923076923,0.4230769230769231,0.4519230769230769,0.4326923076923077,15.0,14.0,14.0,15.0,14.0,15.0,0.03846153846153849,False,27.0,False
TOV3041G,TOV3041G,HGS,302.976,8.247813611970503,14.08886047135011,selected_patient_representatives,TACSTD2,higher,0.7692307692307693,0.8076923076923077,0.7884615384615385,0.7692307692307693,0.7980769230769231,0.778846153846154,7.0,5.0,7.0,6.0,5.0,7.0,0.038461538461538436,True,27.0,False
TOV3291G,3291,HGS,201.788,7.663828473019773,14.0418985342542,selected_patient_representatives,TACSTD2,higher,0.6538461538461539,0.7307692307692307,0.6923076923076923,0.6538461538461539,0.7115384615384615,0.6730769230769231,9.0,8.0,8.0,10.0,8.0,10.0,0.07692307692307687,True,27.0,False
OV3331,OV3331,HGS,75.9223,6.265329995227497,13.09542975159009,selected_patient_representatives,TACSTD2,higher,0.5769230769230769,0.5769230769230769,0.5769230769230769,0.5769230769230769,0.5769230769230769,0.5769230769230769,12.0,11.0,12.0,11.0,11.0,12.0,0.0,True,27.0,False
OV90,OV90,HGS,0.0146715,0.0210127303372106,12.79910163795992,selected_patient_representatives,TACSTD2,higher,0.2692307692307692,0.11538461538461539,0.1923076923076923,0.11538461538461539,0.15384615384615385,0.23076923076923078,22.0,21.0,23.0,21.0,21.0,23.0,0.15384615384615383,False,27.0,False
TOV21G,TOV21G,CC,0.0304919,0.04333316487158127,13.01568463141167,selected_patient_representatives,TACSTD2,higher,0.3076923076923077,0.4230769230769231,0.3653846153846154,0.3076923076923077,0.3942307692307692,0.33653846153846156,17.0,16.0,17.0,18.0,16.0,18.0,0.11538461538461536,False,27.0,False
TOV3392D,TOV3392D,CC,17.5109,4.210303135637263,12.88935856351237,selected_patient_representatives,TACSTD2,higher,0.46153846153846156,0.3076923076923077,0.38461538461538464,0.3076923076923077,0.34615384615384615,0.4230769230769231,16.0,16.0,18.0,16.0,16.0,18.0,0.15384615384615385,False,27.0,False
VOA10816,VOA10816,CC,119.487,6.912733684385258,12.9734913419763,selected_patient_representatives,TACSTD2,higher,0.6153846153846154,0.38461538461538464,0.5,0.38461538461538464,0.44230769230769235,0.5576923076923077,14.0,15.0,15.0,13.0,13.0,15.0,0.23076923076923078,False,27.0,False
VOA12539,VOA12539,CC,0.115399,0.15755988265772275,12.81919061575752,selected_patient_representatives,TACSTD2,higher,0.38461538461538464,0.23076923076923078,0.3076923076923077,0.23076923076923078,0.2692307692307692,0.3461538461538462,19.0,18.0,20.0,17.0,17.0,20.0,0.15384615384615385,False,27.0,False
VOA295,VOA295,CC,0.00788082,0.011325052964430963,13.04629271605834,selected_patient_representatives,TACSTD2,higher,0.19230769230769232,0.5,0.34615384615384615,0.19230769230769232,0.4230769230769231,0.2692307692307693,18.0,19.0,16.0,20.0,16.0,20.0,0.3076923076923077,False,27.0,False
VOA4841,VOA4841,CC,838.207,9.712882901559267,14.06357410379235,selected_patient_representatives,TACSTD2,higher,0.9615384615384616,0.7692307692307693,0.8653846153846154,0.7692307692307693,0.8173076923076924,0.9134615384615384,4.0,5.0,6.0,3.0,3.0,6.0,0.1923076923076923,True,27.0,False
TOV112D,TOV112D,EC,0.0,0.0,12.77487474646323,selected_patient_representatives,TACSTD2,higher,0.07692307692307693,0.038461538461538464,0.057692307692307696,0.038461538461538464,0.04807692307692308,0.06730769230769232,27.0,26.0,27.0,27.0,26.0,27.0,0.038461538461538464,False,27.0,False
VOA4395,VOA4395,EC,0.0,0.0,12.8114845432472,selected_patient_representatives,TACSTD2,higher,0.07692307692307693,0.15384615384615385,0.11538461538461539,0.07692307692307693,0.13461538461538464,0.09615384615384616,24.0,22.0,24.0,25.0,22.0,25.0,0.07692307692307693,False,27.0,False
TOV2414,TOV2414,MC,677.853,9.406955394390499,14.13416523010926,selected_patient_representatives,TACSTD2,higher,0.8461538461538461,0.8461538461538461,0.8461538461538461,0.8461538461538461,0.8461538461538461,0.8461538461538461,5.0,4.0,4.0,5.0,4.0,5.0,0.0,True,27.0,False
VOA8762,VOA8762,MC,357.929,8.487554681515965,13.10619499021075,selected_patient_representatives,TACSTD2,higher,0.8076923076923077,0.6153846153846154,0.7115384615384616,0.6153846153846154,0.6634615384615385,0.7596153846153847,8.0,10.0,9.0,8.0,8.0,10.0,0.1923076923076923,True,27.0,False
VOA8771,VOA8771,MC,210.539,7.724779857468268,13.1675042992623,selected_patient_representatives,TACSTD2,higher,0.6923076923076923,0.6538461538461539,0.6730769230769231,0.6538461538461539,0.6634615384615385,0.6826923076923076,10.0,8.0,9.0,9.0,8.0,10.0,0.038461538461538436,True,27.0,False
VOA5217,VOA5217,MMMT,0.0,0.0,12.89669464362095,selected_patient_representatives,TACSTD2,higher,0.07692307692307693,0.34615384615384615,0.21153846153846154,0.07692307692307693,0.2788461538461538,0.14423076923076922,21.0,22.0,19.0,23.0,19.0,23.0,0.2692307692307692,False,27.0,False
VOA5436,VOA5436,MMMT,0.00868982,0.012482602645599918,12.7726526941866,selected_patient_representatives,TACSTD2,higher,0.23076923076923078,0.0,0.11538461538461539,0.0,0.057692307692307696,0.17307692307692307,24.0,27.0,26.0,22.0,22.0,27.0,0.23076923076923078,False,27.0,False
BIN67,BIN67,SCCOHT,0.0,0.0,12.86096104244774,selected_patient_representatives,TACSTD2,higher,0.07692307692307693,0.2692307692307692,0.17307692307692307,0.07692307692307693,0.22115384615384615,0.125,23.0,22.0,22.0,24.0,22.0,24.0,0.1923076923076923,False,27.0,False
COV434,COV434,SCCOHT,0.0,0.0,12.77577068192224,selected_patient_representatives,TACSTD2,higher,0.07692307692307693,0.07692307692307693,0.07692307692307693,0.07692307692307693,0.07692307692307693,0.07692307692307693,26.0,22.0,25.0,26.0,22.0,26.0,0.0,False,27.0,False
OV1369-R2;TOV1369,1369,HGS,127.21940000000001,6.324548064511911,13.62289863156523,patient_means_of_matched_models,TACSTD2,higher,0.5769230769230769,0.6923076923076923,0.6346153846153846,0.5769230769230769,0.6634615384615383,0.6057692307692307,11.0,11.0,11.0,11.0,11.0,11.0,0.11538461538461542,True,27.0,False
OV2295;OV2295-R2,2295,HGS,562.113,8.99842799063647,14.240716317216435,patient_means_of_matched_models,TACSTD2,higher,0.8461538461538461,0.9230769230769231,0.8846153846153846,0.8461538461538461,0.9038461538461539,0.8653846153846154,3.0,4.0,3.0,5.0,3.0,5.0,0.07692307692307698,True,27.0,False
OV3133-R;TOV3133G,3133,HGS,225.776,7.775960248059619,14.031883683439395,patient_means_of_matched_models,TACSTD2,higher,0.7307692307692307,0.7307692307692307,0.7307692307692307,0.7307692307692307,0.7307692307692307,0.7307692307692307,7.0,7.0,8.0,8.0,7.0,8.0,0.0,True,27.0,False
TOV3291G,3291,HGS,201.788,7.663828473019773,14.0418985342542,patient_means_of_matched_models,TACSTD2,higher,0.6538461538461539,0.7692307692307693,0.7115384615384616,0.6538461538461539,0.7403846153846154,0.6826923076923077,8.0,8.0,7.0,9.0,7.0,9.0,0.11538461538461542,True,27.0,False
BIN67,BIN67,SCCOHT,0.0,0.0,12.86096104244774,patient_means_of_matched_models,TACSTD2,higher,0.07692307692307693,0.2692307692307692,0.17307692307692307,0.07692307692307693,0.22115384615384615,0.125,23.0,22.0,22.0,24.0,22.0,24.0,0.1923076923076923,False,27.0,False
COV434,COV434,SCCOHT,0.0,0.0,12.77577068192224,patient_means_of_matched_models,TACSTD2,higher,0.07692307692307693,0.07692307692307693,0.07692307692307693,0.07692307692307693,0.07692307692307693,0.07692307692307693,26.0,22.0,25.0,26.0,22.0,26.0,0.0,False,27.0,False
OV1946,OV1946,HGS,26.0578,4.757972637153828,13.06814189738202,patient_means_of_matched_models,TACSTD2,higher,0.5,0.5384615384615384,0.5192307692307692,0.5,0.5288461538461539,0.5096153846153846,13.0,13.0,13.0,14.0,13.0,14.0,0.038461538461538436,True,27.0,False
OV2085,OV2085,HGS,0.0436365,0.06161930676910324,12.81529283248621,patient_means_of_matched_models,TACSTD2,higher,0.34615384615384615,0.19230769230769232,0.2692307692307692,0.19230769230769232,0.23076923076923078,0.30769230769230765,20.0,19.0,21.0,19.0,19.0,21.0,0.15384615384615383,False,27.0,False
OV3331,OV3331,HGS,75.9223,6.265329995227497,13.09542975159009,patient_means_of_matched_models,TACSTD2,higher,0.5384615384615384,0.5769230769230769,0.5576923076923077,0.5384615384615384,0.5673076923076923,0.5480769230769231,12.0,12.0,12.0,13.0,12.0,13.0,0.038461538461538436,True,27.0,False
OV4453,OV4453,HGS,807.272,9.658697060742165,15.18369396371216,patient_means_of_matched_models,TACSTD2,higher,0.9230769230769231,1.0,0.9615384615384616,0.9230769230769231,0.9807692307692308,0.9423076923076923,2.0,2.0,1.0,2.0,1.0,2.0,0.07692307692307687,True,27.0,False
OV4485,OV4485,HGS,930.943,9.864097908461053,14.97367785261104,patient_means_of_matched_models,TACSTD2,higher,1.0,0.9615384615384616,0.9807692307692308,0.9615384615384616,0.9711538461538461,0.9903846153846154,1.0,1.0,2.0,1.0,1.0,2.0,0.038461538461538436,True,27.0,False
OV866-2,OV866-2,HGS,16.3506,4.116913648299397,13.03141970528564,patient_means_of_matched_models,TACSTD2,higher,0.4230769230769231,0.46153846153846156,0.4423076923076923,0.4230769230769231,0.4519230769230769,0.4326923076923077,15.0,14.0,14.0,15.0,14.0,15.0,0.03846153846153849,False,27.0,False
OV90,OV90,HGS,0.0146715,0.0210127303372106,12.79910163795992,patient_means_of_matched_models,TACSTD2,higher,0.2692307692307692,0.11538461538461539,0.1923076923076923,0.11538461538461539,0.15384615384615385,0.23076923076923078,22.0,21.0,23.0,21.0,21.0,23.0,0.15384615384615383,False,27.0,False
TOV112D,TOV112D,EC,0.0,0.0,12.77487474646323,patient_means_of_matched_models,TACSTD2,higher,0.07692307692307693,0.038461538461538464,0.057692307692307696,0.038461538461538464,0.04807692307692308,0.06730769230769232,27.0,26.0,27.0,27.0,26.0,27.0,0.038461538461538464,False,27.0,False
TOV21G,TOV21G,CC,0.0304919,0.04333316487158127,13.01568463141167,patient_means_of_matched_models,TACSTD2,higher,0.3076923076923077,0.4230769230769231,0.3653846153846154,0.3076923076923077,0.3942307692307692,0.33653846153846156,17.0,16.0,17.0,18.0,16.0,18.0,0.11538461538461536,False,27.0,False
TOV2414,TOV2414,MC,677.853,9.406955394390499,14.13416523010926,patient_means_of_matched_models,TACSTD2,higher,0.8846153846153846,0.8846153846153846,0.8846153846153846,0.8846153846153846,0.8846153846153846,0.8846153846153846,3.0,3.0,4.0,4.0,3.0,4.0,0.0,True,27.0,False
TOV3041G,TOV3041G,HGS,302.976,8.247813611970503,14.08886047135011,patient_means_of_matched_models,TACSTD2,higher,0.7692307692307693,0.8461538461538461,0.8076923076923077,0.7692307692307693,0.8269230769230769,0.7884615384615385,6.0,6.0,6.0,6.0,6.0,6.0,0.07692307692307687,True,27.0,False
TOV3392D,TOV3392D,CC,17.5109,4.210303135637263,12.88935856351237,patient_means_of_matched_models,TACSTD2,higher,0.46153846153846156,0.3076923076923077,0.38461538461538464,0.3076923076923077,0.34615384615384615,0.4230769230769231,16.0,16.0,18.0,16.0,16.0,18.0,0.15384615384615385,False,27.0,False
VOA10816,VOA10816,CC,119.487,6.912733684385258,12.9734913419763,patient_means_of_matched_models,TACSTD2,higher,0.6153846153846154,0.38461538461538464,0.5,0.38461538461538464,0.44230769230769235,0.5576923076923077,14.0,15.0,15.0,12.0,12.0,15.0,0.23076923076923078,False,27.0,False
VOA12539,VOA12539,CC,0.115399,0.15755988265772275,12.81919061575752,patient_means_of_matched_models,TACSTD2,higher,0.38461538461538464,0.23076923076923078,0.3076923076923077,0.23076923076923078,0.2692307692307692,0.3461538461538462,19.0,18.0,20.0,17.0,17.0,20.0,0.15384615384615385,False,27.0,False
VOA295,VOA295,CC,0.00788082,0.011325052964430963,13.04629271605834,patient_means_of_matched_models,TACSTD2,higher,0.19230769230769232,0.5,0.34615384615384615,0.19230769230769232,0.4230769230769231,0.2692307692307693,18.0,19.0,16.0,20.0,16.0,20.0,0.3076923076923077,False,27.0,False
VOA4395,VOA4395,EC,0.0,0.0,12.8114845432472,patient_means_of_matched_models,TACSTD2,higher,0.07692307692307693,0.15384615384615385,0.11538461538461539,0.07692307692307693,0.13461538461538464,0.09615384615384616,24.0,22.0,24.0,25.0,22.0,25.0,0.07692307692307693,False,27.0,False
VOA4841,VOA4841,CC,838.207,9.712882901559267,14.06357410379235,patient_means_of_matched_models,TACSTD2,higher,0.9615384615384616,0.8076923076923077,0.8846153846153846,0.8076923076923077,0.8461538461538463,0.9230769230769231,3.0,5.0,5.0,3.0,3.0,5.0,0.15384615384615385,True,27.0,False
VOA5217,VOA5217,MMMT,0.0,0.0,12.89669464362095,patient_means_of_matched_models,TACSTD2,higher,0.07692307692307693,0.34615384615384615,0.21153846153846154,0.07692307692307693,0.2788461538461538,0.14423076923076922,21.0,22.0,19.0,23.0,19.0,23.0,0.2692307692307692,False,27.0,False
VOA5436,VOA5436,MMMT,0.00868982,0.012482602645599918,12.7726526941866,patient_means_of_matched_models,TACSTD2,higher,0.23076923076923078,0.0,0.11538461538461539,0.0,0.057692307692307696,0.17307692307692307,24.0,27.0,26.0,22.0,22.0,27.0,0.23076923076923078,False,27.0,False
VOA8762,VOA8762,MC,357.929,8.487554681515965,13.10619499021075,patient_means_of_matched_models,TACSTD2,higher,0.8076923076923077,0.6153846153846154,0.7115384615384616,0.6153846153846154,0.6634615384615385,0.7596153846153847,8.0,10.0,9.0,7.0,7.0,10.0,0.1923076923076923,True,27.0,False
VOA8771,VOA8771,MC,210.539,7.724779857468268,13.1675042992623,patient_means_of_matched_models,TACSTD2,higher,0.6923076923076923,0.6538461538461539,0.6730769230769231,0.6538461538461539,0.6634615384615385,0.6826923076923076,10.0,8.0,9.0,10.0,8.0,10.0,0.038461538461538436,True,27.0,False
OV1369-R2,1369,HGS,27.1348,4.814283802728053,13.41140243457528,HGS_selected_representatives,TACSTD2,higher,0.36363636363636365,0.45454545454545453,0.40909090909090906,0.36363636363636365,0.43181818181818177,0.38636363636363635,7.0,7.0,7.0,8.0,7.0,8.0,0.09090909090909088,False,12.0,False
OV1946,OV1946,HGS,26.0578,4.757972637153828,13.06814189738202,HGS_selected_representatives,TACSTD2,higher,0.2727272727272727,0.2727272727272727,0.2727272727272727,0.2727272727272727,0.2727272727272727,0.2727272727272727,9.0,9.0,9.0,9.0,9.0,9.0,0.0,False,12.0,False
OV2085,OV2085,HGS,0.0436365,0.06161930676910324,12.81529283248621,HGS_selected_representatives,TACSTD2,higher,0.09090909090909091,0.09090909090909091,0.09090909090909091,0.09090909090909091,0.09090909090909091,0.09090909090909091,11.0,11.0,11.0,11.0,11.0,11.0,0.0,False,12.0,False
OV2295,2295,HGS,797.746,9.641592991052368,14.44543274819214,HGS_selected_representatives,TACSTD2,higher,0.8181818181818182,0.8181818181818182,0.8181818181818182,0.8181818181818182,0.8181818181818182,0.8181818181818182,3.0,3.0,3.0,3.0,3.0,3.0,0.0,True,12.0,False
OV3133-R,3133,HGS,283.985,8.1547421757359,14.15252448275442,HGS_selected_representatives,TACSTD2,higher,0.6363636363636364,0.7272727272727273,0.6818181818181819,0.6363636363636364,0.7045454545454545,0.6590909090909092,4.0,4.0,4.0,5.0,4.0,5.0,0.09090909090909094,True,12.0,False
OV4453,OV4453,HGS,807.272,9.658697060742165,15.18369396371216,HGS_selected_representatives,TACSTD2,higher,0.9090909090909091,1.0,0.9545454545454546,0.9090909090909091,0.9772727272727273,0.9318181818181818,1.0,1.0,1.0,2.0,1.0,2.0,0.09090909090909094,True,12.0,False
OV4485,OV4485,HGS,930.943,9.864097908461053,14.97367785261104,HGS_selected_representatives,TACSTD2,higher,1.0,0.9090909090909091,0.9545454545454546,0.9090909090909091,0.9318181818181818,0.9772727272727273,1.0,1.0,2.0,1.0,1.0,2.0,0.09090909090909094,True,12.0,False
OV866-2,OV866-2,HGS,16.3506,4.116913648299397,13.03141970528564,HGS_selected_representatives,TACSTD2,higher,0.18181818181818182,0.18181818181818182,0.18181818181818182,0.18181818181818182,0.18181818181818182,0.18181818181818182,10.0,10.0,10.0,10.0,10.0,10.0,0.0,False,12.0,False
TOV3041G,TOV3041G,HGS,302.976,8.247813611970503,14.08886047135011,HGS_selected_representatives,TACSTD2,higher,0.7272727272727273,0.6363636363636364,0.6818181818181819,0.6363636363636364,0.6590909090909092,0.7045454545454545,4.0,4.0,5.0,4.0,4.0,5.0,0.09090909090909094,True,12.0,False
TOV3291G,3291,HGS,201.788,7.663828473019773,14.0418985342542,HGS_selected_representatives,TACSTD2,higher,0.5454545454545454,0.5454545454545454,0.5454545454545454,0.5454545454545454,0.5454545454545454,0.5454545454545454,6.0,6.0,6.0,6.0,6.0,6.0,0.0,True,12.0,False
OV3331,OV3331,HGS,75.9223,6.265329995227497,13.09542975159009,HGS_selected_representatives,TACSTD2,higher,0.45454545454545453,0.36363636363636365,0.40909090909090906,0.36363636363636365,0.38636363636363635,0.43181818181818177,7.0,7.0,8.0,7.0,7.0,8.0,0.09090909090909088,False,12.0,False
OV90,OV90,HGS,0.0146715,0.0210127303372106,12.79910163795992,HGS_selected_representatives,TACSTD2,higher,0.0,0.0,0.0,0.0,0.0,0.0,12.0,12.0,12.0,12.0,12.0,12.0,0.0,False,12.0,False
TOV21G,TOV21G,CC,0.0304919,0.04333316487158127,13.01568463141167,CC_selected_representatives,TACSTD2,higher,0.2,0.6,0.4,0.2,0.49999999999999994,0.30000000000000004,3.0,3.0,4.0,4.0,3.0,4.0,0.39999999999999997,False,6.0,False
TOV3392D,TOV3392D,CC,17.5109,4.210303135637263,12.88935856351237,CC_selected_representatives,TACSTD2,higher,0.6,0.2,0.4,0.2,0.30000000000000004,0.49999999999999994,3.0,3.0,5.0,3.0,3.0,5.0,0.39999999999999997,False,6.0,False
VOA10816,VOA10816,CC,119.487,6.912733684385258,12.9734913419763,CC_selected_representatives,TACSTD2,higher,0.8,0.4,0.6000000000000001,0.4,0.5,0.7000000000000001,2.0,2.0,3.0,2.0,2.0,3.0,0.4,False,6.0,False
VOA12539,VOA12539,CC,0.115399,0.15755988265772275,12.81919061575752,CC_selected_representatives,TACSTD2,higher,0.4,0.0,0.2,0.0,0.1,0.30000000000000004,6.0,5.0,6.0,4.0,4.0,6.0,0.4,False,6.0,False
VOA295,VOA295,CC,0.00788082,0.011325052964430963,13.04629271605834,CC_selected_representatives,TACSTD2,higher,0.0,0.8,0.4,0.0,0.6000000000000001,0.2,3.0,5.0,2.0,6.0,2.0,6.0,0.8,False,6.0,False
VOA4841,VOA4841,CC,838.207,9.712882901559267,14.06357410379235,CC_selected_representatives,TACSTD2,higher,1.0,1.0,1.0,1.0,1.0,1.0,1.0,1.0,1.0,1.0,1.0,1.0,0.0,True,6.0,False
OV1369-R2,1369,HGS,109.401268,6.786612931879996,12.83039830190242,matched_models,SLC34A2,higher,0.7241379310344828,0.9310344827586207,0.8275862068965517,0.7241379310344828,0.8793103448275862,0.7758620689655172,6.0,7.0,4.0,9.0,4.0,9.0,0.2068965517241379,True,30.0,False
OV1946,OV1946,HGS,0.0799190999999999,0.1109232397957818,10.28881789734047,matched_models,SLC34A2,higher,0.06896551724137931,0.10344827586206896,0.08620689655172414,0.06896551724137931,0.09482758620689655,0.07758620689655173,29.0,26.0,29.0,28.0,26.0,29.0,0.034482758620689655,False,30.0,False
OV2085,OV2085,HGS,31.91755,5.040785057184437,11.80171951909659,matched_models,SLC34A2,higher,0.5517241379310345,0.5862068965517241,0.5689655172413792,0.5517241379310345,0.5775862068965516,0.5603448275862069,12.0,12.0,13.0,13.0,12.0,13.0,0.03448275862068961,True,30.0,False
OV2295,2295,HGS,230.649721,7.855801134558347,12.34340136363735,matched_models,SLC34A2,higher,0.8620689655172413,0.6896551724137931,0.7758620689655172,0.6896551724137931,0.7327586206896552,0.8189655172413793,9.0,8.0,9.0,5.0,5.0,9.0,0.17241379310344818,True,30.0,False
OV2295-R2,2295,HGS,102.353914,6.691449214256214,12.39686820260085,matched_models,SLC34A2,higher,0.6896551724137931,0.7931034482758621,0.7413793103448276,0.6896551724137931,0.7672413793103449,0.7155172413793104,10.0,8.0,8.0,10.0,8.0,10.0,0.10344827586206895,True,30.0,False
OV3133-R,3133,HGS,171.83359000000002,7.433239820569131,12.86097225242256,matched_models,SLC34A2,higher,0.7586206896551724,0.9655172413793104,0.8620689655172413,0.7586206896551724,0.9137931034482758,0.8103448275862069,3.0,5.0,2.0,7.0,2.0,7.0,0.206896551724138,True,30.0,False
OV4453,OV4453,HGS,31.155291,5.0069842405717,11.19687718362732,matched_models,SLC34A2,higher,0.5172413793103449,0.2413793103448276,0.37931034482758624,0.2413793103448276,0.3103448275862069,0.4482758620689656,18.0,18.0,20.0,17.0,17.0,20.0,0.27586206896551724,False,30.0,False
OV4485,OV4485,HGS,352.074085,8.46382712354843,12.58177764733317,matched_models,SLC34A2,higher,0.9655172413793104,0.8620689655172413,0.9137931034482758,0.8620689655172413,0.8879310344827587,0.9396551724137931,2.0,2.0,3.0,2.0,2.0,3.0,0.10344827586206906,True,30.0,False
OV866-2,OV866-2,HGS,5.8477046,2.7756204673192046,11.59417084777713,matched_models,SLC34A2,higher,0.41379310344827586,0.4482758620689655,0.43103448275862066,0.41379310344827586,0.4396551724137931,0.4224137931034483,16.0,15.0,18.0,18.0,15.0,18.0,0.03448275862068967,False,30.0,False
TOV1369,1369,HGS,216.02356,7.761707859403609,12.3700609302291,matched_models,SLC34A2,higher,0.8275862068965517,0.7586206896551724,0.7931034482758621,0.7586206896551724,0.7758620689655171,0.8103448275862069,7.0,5.0,7.0,7.0,5.0,7.0,0.06896551724137934,True,30.0,False
TOV3041G,TOV3041G,HGS,199.4307066,7.646959740552862,12.72849275803739,matched_models,SLC34A2,higher,0.7931034482758621,0.896551724137931,0.8448275862068966,0.7931034482758621,0.8706896551724138,0.8189655172413793,5.0,4.0,5.0,5.0,4.0,5.0,0.10344827586206895,True,30.0,False
TOV3133G,3133,HGS,244.6303251,7.940344874141739,12.43072280053496,matched_models,SLC34A2,higher,0.896551724137931,0.8275862068965517,0.8620689655172413,0.8275862068965517,0.8448275862068966,0.8793103448275862,3.0,3.0,6.0,3.0,3.0,6.0,0.06896551724137934,True,30.0,False
TOV3291G,3291,HGS,0.8159522,0.8607262281076001,11.77067239173664,matched_models,SLC34A2,higher,0.2413793103448276,0.5517241379310345,0.39655172413793105,0.2413793103448276,0.47413793103448276,0.31896551724137934,17.0,18.0,14.0,20.0,14.0,20.0,0.31034482758620685,False,30.0,False
OV3331,OV3331,HGS,45.75922370000001,5.547179073228766,12.35810572513525,matched_models,SLC34A2,higher,0.6206896551724138,0.7241379310344828,0.6724137931034483,0.6206896551724138,0.6982758620689655,0.646551724137931,11.0,11.0,11.0,11.0,11.0,11.0,0.10344827586206895,True,30.0,False
OV90,OV90,HGS,3.2591399,2.0905621188812953,10.46785419261159,matched_models,SLC34A2,higher,0.27586206896551724,0.1724137931034483,0.22413793103448276,0.1724137931034483,0.19827586206896552,0.25,24.0,21.0,24.0,24.0,21.0,24.0,0.10344827586206895,False,30.0,False
TOV21G,TOV21G,CC,38.303291,5.296578214256603,10.24365303621433,matched_models,SLC34A2,higher,0.5862068965517241,0.06896551724137931,0.3275862068965517,0.06896551724137931,0.1982758620689655,0.45689655172413784,20.0,26.0,25.0,16.0,16.0,26.0,0.5172413793103448,False,30.0,False
TOV3392D,TOV3392D,CC,11.7607899,3.6736457303805525,11.60534676233463,matched_models,SLC34A2,higher,0.4482758620689655,0.4827586206896552,0.4655172413793104,0.4482758620689655,0.47413793103448276,0.45689655172413796,15.0,14.0,14.0,15.0,14.0,15.0,0.03448275862068967,False,30.0,False
VOA10816,VOA10816,CC,332.654303,8.382210299580189,12.24179418647384,matched_models,SLC34A2,higher,0.9310344827586207,0.6551724137931034,0.7931034482758621,0.6551724137931034,0.7241379310344828,0.8620689655172413,7.0,10.0,10.0,4.0,4.0,10.0,0.27586206896551724,True,30.0,False
VOA12539,VOA12539,CC,425.436165,8.736185984470481,13.57464614219026,matched_models,SLC34A2,higher,1.0,1.0,1.0,1.0,1.0,1.0,1.0,1.0,1.0,1.0,1.0,1.0,0.0,True,30.0,False
VOA295,VOA295,CC,13.895870899999998,3.896840569356368,11.85616535925416,matched_models,SLC34A2,higher,0.4827586206896552,0.6206896551724138,0.5517241379310345,0.4827586206896552,0.5862068965517242,0.5172413793103449,13.0,13.0,12.0,14.0,12.0,14.0,0.13793103448275862,False,30.0,False
VOA4841,VOA4841,CC,0.523933,0.607799475867614,11.50779294819386,matched_models,SLC34A2,higher,0.1724137931034483,0.3793103448275862,0.27586206896551724,0.1724137931034483,0.3275862068965517,0.22413793103448276,22.0,21.0,19.0,25.0,19.0,25.0,0.2068965517241379,False,30.0,False
TOV112D,TOV112D,EC,0.0642253,0.08980360646349196,10.67311535741059,matched_models,SLC34A2,higher,0.034482758620689655,0.20689655172413793,0.12068965517241378,0.034482758620689655,0.16379310344827586,0.07758620689655173,28.0,28.0,27.0,28.0,27.0,28.0,0.1724137931034483,False,30.0,False
VOA4395,VOA4395,EC,0.356803,0.4402112649314516,11.35769634249498,matched_models,SLC34A2,higher,0.13793103448275862,0.3448275862068966,0.2413793103448276,0.13793103448275862,0.2931034482758621,0.1896551724137931,23.0,23.0,22.0,26.0,22.0,26.0,0.20689655172413796,False,30.0,False
TOV2414,TOV2414,MC,0.0484255,0.06822434870280246,9.972139437654532,matched_models,SLC34A2,higher,0.0,0.0,0.0,0.0,0.0,0.0,30.0,30.0,30.0,30.0,30.0,30.0,0.0,False,30.0,False
VOA8762,VOA8762,MC,5.265904900000001,2.6475228735488083,11.21132456074212,matched_models,SLC34A2,higher,0.3793103448275862,0.27586206896551724,0.3275862068965517,0.27586206896551724,0.3017241379310345,0.35344827586206895,20.0,17.0,21.0,19.0,17.0,21.0,0.10344827586206895,False,30.0,False
VOA8771,VOA8771,MC,4.2324756,2.3874936789432732,10.10111031744318,matched_models,SLC34A2,higher,0.3448275862068966,0.034482758620689655,0.18965517241379312,0.034482758620689655,0.11206896551724138,0.26724137931034486,27.0,28.0,28.0,22.0,22.0,28.0,0.3103448275862069,False,30.0,False
VOA5217,VOA5217,MMMT,71.595514,6.18180849531343,11.55520783843019,matched_models,SLC34A2,higher,0.6551724137931034,0.41379310344827586,0.5344827586206896,0.41379310344827586,0.47413793103448276,0.5948275862068966,14.0,15.0,14.0,12.0,12.0,15.0,0.24137931034482757,False,30.0,False
VOA5436,VOA5436,MMMT,3.491912,2.1673296645134066,10.40083466078942,matched_models,SLC34A2,higher,0.3103448275862069,0.13793103448275862,0.22413793103448276,0.13793103448275862,0.1810344827586207,0.26724137931034486,24.0,23.0,26.0,22.0,22.0,26.0,0.1724137931034483,False,30.0,False
BIN67,BIN67,SCCOHT,0.6704984,0.7402786008631431,11.64349734007268,matched_models,SLC34A2,higher,0.20689655172413793,0.5172413793103449,0.3620689655172414,0.20689655172413793,0.43965517241379315,0.28448275862068967,19.0,20.0,17.0,21.0,17.0,21.0,0.31034482758620696,False,30.0,False
COV434,COV434,SCCOHT,0.2453224,0.31651928821157244,11.28878830190954,matched_models,SLC34A2,higher,0.10344827586206896,0.3103448275862069,0.20689655172413793,0.10344827586206896,0.25862068965517243,0.15517241379310345,26.0,25.0,23.0,27.0,23.0,27.0,0.20689655172413796,False,30.0,False
OV1369-R2,1369,HGS,109.401268,6.786612931879996,12.83039830190242,selected_patient_representatives,SLC34A2,higher,0.7692307692307693,0.9230769230769231,0.8461538461538463,0.7692307692307693,0.8846153846153846,0.8076923076923077,5.0,5.0,3.0,7.0,3.0,7.0,0.15384615384615385,True,27.0,False
OV1946,OV1946,HGS,0.0799190999999999,0.1109232397957818,10.28881789734047,selected_patient_representatives,SLC34A2,higher,0.07692307692307693,0.11538461538461539,0.09615384615384616,0.07692307692307693,0.10576923076923077,0.08653846153846154,26.0,23.0,26.0,25.0,23.0,26.0,0.038461538461538464,False,27.0,False
OV2085,OV2085,HGS,31.91755,5.040785057184437,11.80171951909659,selected_patient_representatives,SLC34A2,higher,0.6153846153846154,0.6538461538461539,0.6346153846153846,0.6153846153846154,0.6442307692307693,0.625,9.0,9.0,10.0,10.0,9.0,10.0,0.038461538461538436,True,27.0,False
OV2295,2295,HGS,230.649721,7.855801134558347,12.34340136363735,selected_patient_representatives,SLC34A2,higher,0.8846153846153846,0.7692307692307693,0.8269230769230769,0.7692307692307693,0.7980769230769231,0.8557692307692307,6.0,5.0,6.0,4.0,4.0,6.0,0.11538461538461531,True,27.0,False
OV3133-R,3133,HGS,171.83359000000002,7.433239820569131,12.86097225242256,selected_patient_representatives,SLC34A2,higher,0.8076923076923077,0.9615384615384616,0.8846153846153846,0.8076923076923077,0.9230769230769231,0.8461538461538463,3.0,4.0,2.0,6.0,2.0,6.0,0.15384615384615385,True,27.0,False
OV4453,OV4453,HGS,31.155291,5.0069842405717,11.19687718362732,selected_patient_representatives,SLC34A2,higher,0.5769230769230769,0.2692307692307692,0.423076923076923,0.2692307692307692,0.34615384615384615,0.49999999999999994,15.0,15.0,17.0,14.0,14.0,17.0,0.30769230769230765,False,27.0,False
OV4485,OV4485,HGS,352.074085,8.46382712354843,12.58177764733317,selected_patient_representatives,SLC34A2,higher,0.9615384615384616,0.8461538461538461,0.9038461538461539,0.8461538461538461,0.875,0.9326923076923077,2.0,2.0,4.0,2.0,2.0,4.0,0.11538461538461542,True,27.0,False
OV866-2,OV866-2,HGS,5.8477046,2.7756204673192046,11.59417084777713,selected_patient_representatives,SLC34A2,higher,0.46153846153846156,0.5,0.4807692307692308,0.46153846153846156,0.4903846153846154,0.47115384615384615,13.0,12.0,14.0,15.0,12.0,15.0,0.038461538461538436,False,27.0,False
TOV3041G,TOV3041G,HGS,199.4307066,7.646959740552862,12.72849275803739,selected_patient_representatives,SLC34A2,higher,0.8461538461538461,0.8846153846153846,0.8653846153846154,0.8461538461538461,0.875,0.8557692307692307,4.0,2.0,4.0,4.0,2.0,4.0,0.038461538461538436,True,27.0,False
TOV3291G,3291,HGS,0.8159522,0.8607262281076001,11.77067239173664,selected_patient_representatives,SLC34A2,higher,0.2692307692307692,0.6153846153846154,0.4423076923076923,0.2692307692307692,0.5288461538461539,0.3557692307692308,14.0,15.0,11.0,17.0,11.0,17.0,0.3461538461538462,False,27.0,False
OV3331,OV3331,HGS,45.75922370000001,5.547179073228766,12.35810572513525,selected_patient_representatives,SLC34A2,higher,0.6923076923076923,0.8076923076923077,0.75,0.6923076923076923,0.778846153846154,0.721153846153846,8.0,8.0,7.0,8.0,7.0,8.0,0.11538461538461542,True,27.0,False
OV90,OV90,HGS,3.2591399,2.0905621188812953,10.46785419261159,selected_patient_representatives,SLC34A2,higher,0.3076923076923077,0.19230769230769232,0.25,0.19230769230769232,0.22115384615384617,0.27884615384615385,21.0,18.0,21.0,21.0,18.0,21.0,0.11538461538461539,False,27.0,False
TOV21G,TOV21G,CC,38.303291,5.296578214256603,10.24365303621433,selected_patient_representatives,SLC34A2,higher,0.6538461538461539,0.07692307692307693,0.3653846153846154,0.07692307692307693,0.22115384615384615,0.5096153846153847,17.0,23.0,22.0,12.0,12.0,23.0,0.5769230769230769,False,27.0,False
TOV3392D,TOV3392D,CC,11.7607899,3.6736457303805525,11.60534676233463,selected_patient_representatives,SLC34A2,higher,0.5,0.5384615384615384,0.5192307692307692,0.5,0.5288461538461539,0.5096153846153846,12.0,11.0,11.0,13.0,11.0,13.0,0.038461538461538436,True,27.0,False
VOA10816,VOA10816,CC,332.654303,8.382210299580189,12.24179418647384,selected_patient_representatives,SLC34A2,higher,0.9230769230769231,0.7307692307692307,0.8269230769230769,0.7307692307692307,0.7788461538461537,0.875,6.0,7.0,8.0,3.0,3.0,8.0,0.1923076923076924,True,27.0,False
VOA12539,VOA12539,CC,425.436165,8.736185984470481,13.57464614219026,selected_patient_representatives,SLC34A2,higher,1.0,1.0,1.0,1.0,1.0,1.0,1.0,1.0,1.0,1.0,1.0,1.0,0.0,True,27.0,False
VOA295,VOA295,CC,13.895870899999998,3.896840569356368,11.85616535925416,selected_patient_representatives,SLC34A2,higher,0.5384615384615384,0.6923076923076923,0.6153846153846154,0.5384615384615384,0.6538461538461537,0.5769230769230769,10.0,10.0,9.0,11.0,9.0,11.0,0.15384615384615385,True,27.0,False
VOA4841,VOA4841,CC,0.523933,0.607799475867614,11.50779294819386,selected_patient_representatives,SLC34A2,higher,0.19230769230769232,0.4230769230769231,0.3076923076923077,0.19230769230769232,0.36538461538461536,0.25,19.0,18.0,16.0,22.0,16.0,22.0,0.23076923076923075,False,27.0,False
TOV112D,TOV112D,EC,0.0642253,0.08980360646349196,10.67311535741059,selected_patient_representatives,SLC34A2,higher,0.038461538461538464,0.23076923076923078,0.13461538461538464,0.038461538461538464,0.18269230769230768,0.08653846153846154,25.0,25.0,24.0,25.0,24.0,25.0,0.19230769230769232,False,27.0,False
VOA4395,VOA4395,EC,0.356803,0.4402112649314516,11.35769634249498,selected_patient_representatives,SLC34A2,higher,0.15384615384615385,0.38461538461538464,0.2692307692307693,0.15384615384615385,0.326923076923077,0.21153846153846156,20.0,20.0,19.0,23.0,19.0,23.0,0.23076923076923078,False,27.0,False
TOV2414,TOV2414,MC,0.0484255,0.06822434870280246,9.972139437654532,selected_patient_representatives,SLC34A2,higher,0.0,0.0,0.0,0.0,0.0,0.0,27.0,27.0,27.0,27.0,27.0,27.0,0.0,False,27.0,False
VOA8762,VOA8762,MC,5.265904900000001,2.6475228735488083,11.21132456074212,selected_patient_representatives,SLC34A2,higher,0.4230769230769231,0.3076923076923077,0.3653846153846154,0.3076923076923077,0.33653846153846156,0.3942307692307692,17.0,14.0,18.0,16.0,14.0,18.0,0.11538461538461536,False,27.0,False
VOA8771,VOA8771,MC,4.2324756,2.3874936789432732,10.10111031744318,selected_patient_representatives,SLC34A2,higher,0.38461538461538464,0.038461538461538464,0.21153846153846156,0.038461538461538464,0.125,0.29807692307692313,24.0,25.0,25.0,19.0,19.0,25.0,0.34615384615384615,False,27.0,False
VOA5217,VOA5217,MMMT,71.595514,6.18180849531343,11.55520783843019,selected_patient_representatives,SLC34A2,higher,0.7307692307692307,0.46153846153846156,0.5961538461538461,0.46153846153846156,0.5288461538461539,0.6634615384615384,11.0,12.0,11.0,9.0,9.0,12.0,0.26923076923076916,False,27.0,False
VOA5436,VOA5436,MMMT,3.491912,2.1673296645134066,10.40083466078942,selected_patient_representatives,SLC34A2,higher,0.34615384615384615,0.15384615384615385,0.25,0.15384615384615385,0.20192307692307693,0.298076923076923,21.0,20.0,23.0,20.0,20.0,23.0,0.1923076923076923,False,27.0,False
BIN67,BIN67,SCCOHT,0.6704984,0.7402786008631431,11.64349734007268,selected_patient_representatives,SLC34A2,higher,0.23076923076923078,0.5769230769230769,0.40384615384615385,0.23076923076923078,0.49038461538461536,0.3173076923076923,16.0,17.0,15.0,18.0,15.0,18.0,0.3461538461538461,False,27.0,False
COV434,COV434,SCCOHT,0.2453224,0.31651928821157244,11.28878830190954,selected_patient_representatives,SLC34A2,higher,0.11538461538461539,0.34615384615384615,0.23076923076923078,0.11538461538461539,0.28846153846153844,0.17307692307692307,23.0,22.0,20.0,24.0,20.0,24.0,0.23076923076923075,False,27.0,False
OV1369-R2;TOV1369,1369,HGS,162.712414,7.274160395641802,12.60022961606576,patient_means_of_matched_models,SLC34A2,higher,0.8076923076923077,0.8846153846153846,0.8461538461538461,0.8076923076923077,0.8653846153846154,0.826923076923077,5.0,5.0,5.0,6.0,5.0,6.0,0.07692307692307687,True,27.0,False
OV2295;OV2295-R2,2295,HGS,166.50181750000002,7.273625174407281,12.370134783119099,patient_means_of_matched_models,SLC34A2,higher,0.7692307692307693,0.8076923076923077,0.7884615384615385,0.7692307692307693,0.7980769230769231,0.778846153846154,7.0,6.0,6.0,7.0,6.0,7.0,0.038461538461538436,True,27.0,False
OV3133-R;TOV3133G,3133,HGS,208.23195755,7.686792347355436,12.64584752647876,patient_means_of_matched_models,SLC34A2,higher,0.8846153846153846,0.9230769230769231,0.9038461538461539,0.8846153846153846,0.9134615384615384,0.8942307692307692,2.0,2.0,3.0,3.0,2.0,3.0,0.03846153846153855,True,27.0,False
TOV3291G,3291,HGS,0.8159522,0.8607262281076001,11.77067239173664,patient_means_of_matched_models,SLC34A2,higher,0.2692307692307692,0.6153846153846154,0.4423076923076923,0.2692307692307692,0.5288461538461539,0.3557692307692308,14.0,15.0,11.0,17.0,11.0,17.0,0.3461538461538462,False,27.0,False
BIN67,BIN67,SCCOHT,0.6704984,0.7402786008631431,11.64349734007268,patient_means_of_matched_models,SLC34A2,higher,0.23076923076923078,0.5769230769230769,0.40384615384615385,0.23076923076923078,0.49038461538461536,0.3173076923076923,16.0,17.0,15.0,18.0,15.0,18.0,0.3461538461538461,False,27.0,False
COV434,COV434,SCCOHT,0.2453224,0.31651928821157244,11.28878830190954,patient_means_of_matched_models,SLC34A2,higher,0.11538461538461539,0.34615384615384615,0.23076923076923078,0.11538461538461539,0.28846153846153844,0.17307692307692307,23.0,22.0,20.0,24.0,20.0,24.0,0.23076923076923075,False,27.0,False
OV1946,OV1946,HGS,0.0799190999999999,0.1109232397957818,10.28881789734047,patient_means_of_matched_models,SLC34A2,higher,0.07692307692307693,0.11538461538461539,0.09615384615384616,0.07692307692307693,0.10576923076923077,0.08653846153846154,26.0,23.0,26.0,25.0,23.0,26.0,0.038461538461538464,False,27.0,False
OV2085,OV2085,HGS,31.91755,5.040785057184437,11.80171951909659,patient_means_of_matched_models,SLC34A2,higher,0.6153846153846154,0.6538461538461539,0.6346153846153846,0.6153846153846154,0.6442307692307693,0.625,9.0,9.0,10.0,10.0,9.0,10.0,0.038461538461538436,True,27.0,False
OV3331,OV3331,HGS,45.75922370000001,5.547179073228766,12.35810572513525,patient_means_of_matched_models,SLC34A2,higher,0.6923076923076923,0.7692307692307693,0.7307692307692308,0.6923076923076923,0.75,0.7115384615384615,8.0,8.0,8.0,8.0,8.0,8.0,0.07692307692307698,True,27.0,False
OV4453,OV4453,HGS,31.155291,5.0069842405717,11.19687718362732,patient_means_of_matched_models,SLC34A2,higher,0.5769230769230769,0.2692307692307692,0.423076923076923,0.2692307692307692,0.34615384615384615,0.49999999999999994,15.0,15.0,17.0,14.0,14.0,17.0,0.30769230769230765,False,27.0,False
OV4485,OV4485,HGS,352.074085,8.46382712354843,12.58177764733317,patient_means_of_matched_models,SLC34A2,higher,0.9615384615384616,0.8461538461538461,0.9038461538461539,0.8461538461538461,0.875,0.9326923076923077,2.0,3.0,4.0,2.0,2.0,4.0,0.11538461538461542,True,27.0,False
OV866-2,OV866-2,HGS,5.8477046,2.7756204673192046,11.59417084777713,patient_means_of_matched_models,SLC34A2,higher,0.46153846153846156,0.5,0.4807692307692308,0.46153846153846156,0.4903846153846154,0.47115384615384615,13.0,12.0,14.0,15.0,12.0,15.0,0.038461538461538436,False,27.0,False
OV90,OV90,HGS,3.2591399,2.0905621188812953,10.46785419261159,patient_means_of_matched_models,SLC34A2,higher,0.3076923076923077,0.19230769230769232,0.25,0.19230769230769232,0.22115384615384617,0.27884615384615385,21.0,18.0,21.0,21.0,18.0,21.0,0.11538461538461539,False,27.0,False
TOV112D,TOV112D,EC,0.0642253,0.08980360646349196,10.67311535741059,patient_means_of_matched_models,SLC34A2,higher,0.038461538461538464,0.23076923076923078,0.13461538461538464,0.038461538461538464,0.18269230769230768,0.08653846153846154,25.0,25.0,24.0,25.0,24.0,25.0,0.19230769230769232,False,27.0,False
TOV21G,TOV21G,CC,38.303291,5.296578214256603,10.24365303621433,patient_means_of_matched_models,SLC34A2,higher,0.6538461538461539,0.07692307692307693,0.3653846153846154,0.07692307692307693,0.22115384615384615,0.5096153846153847,17.0,23.0,22.0,12.0,12.0,23.0,0.5769230769230769,False,27.0,False
TOV2414,TOV2414,MC,0.0484255,0.06822434870280246,9.972139437654532,patient_means_of_matched_models,SLC34A2,higher,0.0,0.0,0.0,0.0,0.0,0.0,27.0,27.0,27.0,27.0,27.0,27.0,0.0,False,27.0,False
TOV3041G,TOV3041G,HGS,199.4307066,7.646959740552862,12.72849275803739,patient_means_of_matched_models,SLC34A2,higher,0.8461538461538461,0.9615384615384616,0.9038461538461539,0.8461538461538461,0.9326923076923077,0.875,2.0,3.0,2.0,4.0,2.0,4.0,0.11538461538461542,True,27.0,False
TOV3392D,TOV3392D,CC,11.7607899,3.6736457303805525,11.60534676233463,patient_means_of_matched_models,SLC34A2,higher,0.5,0.5384615384615384,0.5192307692307692,0.5,0.5288461538461539,0.5096153846153846,12.0,11.0,11.0,13.0,11.0,13.0,0.038461538461538436,True,27.0,False
VOA10816,VOA10816,CC,332.654303,8.382210299580189,12.24179418647384,patient_means_of_matched_models,SLC34A2,higher,0.9230769230769231,0.7307692307692307,0.8269230769230769,0.7307692307692307,0.7788461538461537,0.875,6.0,7.0,7.0,4.0,4.0,7.0,0.1923076923076924,True,27.0,False
VOA12539,VOA12539,CC,425.436165,8.736185984470481,13.57464614219026,patient_means_of_matched_models,SLC34A2,higher,1.0,1.0,1.0,1.0,1.0,1.0,1.0,1.0,1.0,1.0,1.0,1.0,0.0,True,27.0,False
VOA295,VOA295,CC,13.895870899999998,3.896840569356368,11.85616535925416,patient_means_of_matched_models,SLC34A2,higher,0.5384615384615384,0.6923076923076923,0.6153846153846154,0.5384615384615384,0.6538461538461537,0.5769230769230769,10.0,10.0,9.0,11.0,9.0,11.0,0.15384615384615385,True,27.0,False
VOA4395,VOA4395,EC,0.356803,0.4402112649314516,11.35769634249498,patient_means_of_matched_models,SLC34A2,higher,0.15384615384615385,0.38461538461538464,0.2692307692307693,0.15384615384615385,0.326923076923077,0.21153846153846156,20.0,20.0,19.0,23.0,19.0,23.0,0.23076923076923078,False,27.0,False
VOA4841,VOA4841,CC,0.523933,0.607799475867614,11.50779294819386,patient_means_of_matched_models,SLC34A2,higher,0.19230769230769232,0.4230769230769231,0.3076923076923077,0.19230769230769232,0.36538461538461536,0.25,19.0,18.0,16.0,22.0,16.0,22.0,0.23076923076923075,False,27.0,False
VOA5217,VOA5217,MMMT,71.595514,6.18180849531343,11.55520783843019,patient_means_of_matched_models,SLC34A2,higher,0.7307692307692307,0.46153846153846156,0.5961538461538461,0.46153846153846156,0.5288461538461539,0.6634615384615384,11.0,12.0,11.0,9.0,9.0,12.0,0.26923076923076916,False,27.0,False
VOA5436,VOA5436,MMMT,3.491912,2.1673296645134066,10.40083466078942,patient_means_of_matched_models,SLC34A2,higher,0.34615384615384615,0.15384615384615385,0.25,0.15384615384615385,0.20192307692307693,0.298076923076923,21.0,20.0,23.0,20.0,20.0,23.0,0.1923076923076923,False,27.0,False
VOA8762,VOA8762,MC,5.265904900000001,2.6475228735488083,11.21132456074212,patient_means_of_matched_models,SLC34A2,higher,0.4230769230769231,0.3076923076923077,0.3653846153846154,0.3076923076923077,0.33653846153846156,0.3942307692307692,17.0,14.0,18.0,16.0,14.0,18.0,0.11538461538461536,False,27.0,False
VOA8771,VOA8771,MC,4.2324756,2.3874936789432732,10.10111031744318,patient_means_of_matched_models,SLC34A2,higher,0.38461538461538464,0.038461538461538464,0.21153846153846156,0.038461538461538464,0.125,0.29807692307692313,24.0,25.0,25.0,19.0,19.0,25.0,0.34615384615384615,False,27.0,False
OV1369-R2,1369,HGS,109.401268,6.786612931879996,12.83039830190242,HGS_selected_representatives,SLC34A2,higher,0.6363636363636364,0.9090909090909091,0.7727272727272727,0.6363636363636364,0.8409090909090908,0.7045454545454546,4.0,4.0,2.0,5.0,2.0,5.0,0.2727272727272727,True,12.0,False
OV1946,OV1946,HGS,0.0799190999999999,0.1109232397957818,10.28881789734047,HGS_selected_representatives,SLC34A2,higher,0.0,0.0,0.0,0.0,0.0,0.0,12.0,12.0,12.0,12.0,12.0,12.0,0.0,False,12.0,False
OV2085,OV2085,HGS,31.91755,5.040785057184437,11.80171951909659,HGS_selected_representatives,SLC34A2,higher,0.45454545454545453,0.45454545454545453,0.45454545454545453,0.45454545454545453,0.45454545454545453,0.45454545454545453,7.0,7.0,7.0,7.0,7.0,7.0,0.0,False,12.0,False
OV2295,2295,HGS,230.649721,7.855801134558347,12.34340136363735,HGS_selected_representatives,SLC34A2,higher,0.9090909090909091,0.5454545454545454,0.7272727272727273,0.5454545454545454,0.6363636363636364,0.8181818181818181,5.0,5.0,5.0,3.0,3.0,5.0,0.36363636363636365,True,12.0,False
OV3133-R,3133,HGS,171.83359000000002,7.433239820569131,12.86097225242256,HGS_selected_representatives,SLC34A2,higher,0.7272727272727273,1.0,0.8636363636363636,0.7272727272727273,0.9318181818181819,0.7954545454545454,1.0,2.0,1.0,4.0,1.0,4.0,0.2727272727272727,True,12.0,False
OV4453,OV4453,HGS,31.155291,5.0069842405717,11.19687718362732,HGS_selected_representatives,SLC34A2,higher,0.36363636363636365,0.18181818181818182,0.2727272727272727,0.18181818181818182,0.22727272727272727,0.3181818181818182,8.0,9.0,10.0,8.0,8.0,10.0,0.18181818181818182,False,12.0,False
OV4485,OV4485,HGS,352.074085,8.46382712354843,12.58177764733317,HGS_selected_representatives,SLC34A2,higher,1.0,0.7272727272727273,0.8636363636363636,0.7272727272727273,0.7954545454545454,0.9318181818181819,1.0,2.0,4.0,1.0,1.0,4.0,0.2727272727272727,True,12.0,False
OV866-2,OV866-2,HGS,5.8477046,2.7756204673192046,11.59417084777713,HGS_selected_representatives,SLC34A2,higher,0.2727272727272727,0.2727272727272727,0.2727272727272727,0.2727272727272727,0.2727272727272727,0.2727272727272727,8.0,8.0,9.0,9.0,8.0,9.0,0.0,False,12.0,False
TOV3041G,TOV3041G,HGS,199.4307066,7.646959740552862,12.72849275803739,HGS_selected_representatives,SLC34A2,higher,0.8181818181818182,0.8181818181818182,0.8181818181818182,0.8181818181818182,0.8181818181818182,0.8181818181818182,3.0,1.0,3.0,2.0,1.0,3.0,0.0,True,12.0,False
TOV3291G,3291,HGS,0.8159522,0.8607262281076001,11.77067239173664,HGS_selected_representatives,SLC34A2,higher,0.09090909090909091,0.36363636363636365,0.2272727272727273,0.09090909090909091,0.2954545454545454,0.1590909090909091,10.0,10.0,8.0,10.0,8.0,10.0,0.2727272727272727,False,12.0,False
OV3331,OV3331,HGS,45.75922370000001,5.547179073228766,12.35810572513525,HGS_selected_representatives,SLC34A2,higher,0.5454545454545454,0.6363636363636364,0.5909090909090908,0.5454545454545454,0.6136363636363636,0.5681818181818181,6.0,5.0,6.0,6.0,5.0,6.0,0.09090909090909094,True,12.0,False
OV90,OV90,HGS,3.2591399,2.0905621188812953,10.46785419261159,HGS_selected_representatives,SLC34A2,higher,0.18181818181818182,0.09090909090909091,0.13636363636363635,0.09090909090909091,0.11363636363636363,0.1590909090909091,11.0,10.0,11.0,10.0,10.0,11.0,0.09090909090909091,False,12.0,False
TOV21G,TOV21G,CC,38.303291,5.296578214256603,10.24365303621433,CC_selected_representatives,SLC34A2,higher,0.6,0.0,0.3,0.0,0.15,0.44999999999999996,5.0,5.0,6.0,4.0,4.0,6.0,0.6,False,6.0,False
TOV3392D,TOV3392D,CC,11.7607899,3.6736457303805525,11.60534676233463,CC_selected_representatives,SLC34A2,higher,0.2,0.4,0.30000000000000004,0.2,0.35000000000000003,0.25,4.0,4.0,4.0,5.0,4.0,5.0,0.2,False,6.0,False
VOA10816,VOA10816,CC,332.654303,8.382210299580189,12.24179418647384,CC_selected_representatives,SLC34A2,higher,0.8,0.8,0.8,0.8,0.8,0.8,2.0,2.0,2.0,2.0,2.0,2.0,0.0,True,6.0,False
VOA12539,VOA12539,CC,425.436165,8.736185984470481,13.57464614219026,CC_selected_representatives,SLC34A2,higher,1.0,1.0,1.0,1.0,1.0,1.0,1.0,1.0,1.0,1.0,1.0,1.0,0.0,True,6.0,False
VOA295,VOA295,CC,13.895870899999998,3.896840569356368,11.85616535925416,CC_selected_representatives,SLC34A2,higher,0.4,0.6,0.5,0.4,0.5499999999999999,0.45000000000000007,3.0,3.0,3.0,3.0,3.0,3.0,0.19999999999999996,False,6.0,False
VOA4841,VOA4841,CC,0.523933,0.607799475867614,11.50779294819386,CC_selected_representatives,SLC34A2,higher,0.0,0.2,0.1,0.0,0.15000000000000002,0.05,6.0,5.0,5.0,6.0,5.0,6.0,0.2,False,6.0,False
OV1369-R2,1369,HGS,57.938798000000006,5.881145733273913,13.21095301914609,matched_models,CDH6,higher,0.8275862068965517,0.6896551724137931,0.7586206896551724,0.6896551724137931,0.7241379310344828,0.7931034482758621,6.0,7.0,9.0,5.0,5.0,9.0,0.13793103448275856,True,30.0,False
OV1946,OV1946,HGS,0.0534075,0.07506363627176396,12.5775117943425,matched_models,CDH6,higher,0.034482758620689655,0.20689655172413793,0.12068965517241378,0.034482758620689655,0.16379310344827586,0.07758620689655173,28.0,27.0,25.0,28.0,25.0,28.0,0.1724137931034483,False,30.0,False
OV2085,OV2085,HGS,0.5656093,0.6467242309700667,12.44081704169464,matched_models,CDH6,higher,0.3103448275862069,0.06896551724137931,0.1896551724137931,0.06896551724137931,0.12931034482758622,0.25,26.0,26.0,26.0,23.0,23.0,26.0,0.2413793103448276,False,30.0,False
OV2295,2295,HGS,19.23865,4.339041154521293,13.44842293706447,matched_models,CDH6,higher,0.5862068965517241,0.7931034482758621,0.6896551724137931,0.5862068965517241,0.7413793103448276,0.6379310344827586,11.0,10.0,8.0,11.0,8.0,11.0,0.206896551724138,True,30.0,False
OV2295-R2,2295,HGS,159.82846,7.329378916364739,13.81433336355424,matched_models,CDH6,higher,0.9655172413793104,0.896551724137931,0.9310344827586208,0.896551724137931,0.9137931034482759,0.9482758620689655,2.0,2.0,3.0,2.0,2.0,3.0,0.06896551724137934,True,30.0,False
OV3133-R,3133,HGS,4.133909,2.360057723959251,14.0244991857289,matched_models,CDH6,higher,0.4482758620689655,0.9655172413793104,0.7068965517241379,0.4482758620689655,0.8362068965517242,0.5775862068965517,9.0,15.0,5.0,12.0,5.0,15.0,0.5172413793103449,False,30.0,False
OV4453,OV4453,HGS,43.89297,5.4884176391812005,13.0967546842152,matched_models,CDH6,higher,0.7586206896551724,0.6551724137931034,0.7068965517241379,0.6551724137931034,0.6810344827586207,0.732758620689655,9.0,8.0,11.0,8.0,8.0,11.0,0.10344827586206895,True,30.0,False
OV4485,OV4485,HGS,0.490577,0.5758709037751254,12.81109651076238,matched_models,CDH6,higher,0.27586206896551724,0.41379310344827586,0.3448275862068966,0.27586206896551724,0.3793103448275862,0.3103448275862069,20.0,18.0,18.0,19.0,18.0,20.0,0.13793103448275862,False,30.0,False
OV866-2,OV866-2,HGS,59.06082000000001,5.908352266783054,12.85879075397508,matched_models,CDH6,higher,0.8620689655172413,0.5172413793103449,0.6896551724137931,0.5172413793103449,0.603448275862069,0.7758620689655172,11.0,11.0,12.0,7.0,7.0,12.0,0.34482758620689646,True,30.0,False
TOV1369,1369,HGS,106.79796,6.752186066142219,13.99277178967458,matched_models,CDH6,higher,0.896551724137931,0.9310344827586207,0.9137931034482758,0.896551724137931,0.9224137931034483,0.9051724137931034,3.0,2.0,2.0,3.0,2.0,3.0,0.03448275862068961,True,30.0,False
TOV3041G,TOV3041G,HGS,121.3898,6.935339518208912,13.78205679982036,matched_models,CDH6,higher,0.9310344827586207,0.8275862068965517,0.8793103448275862,0.8275862068965517,0.853448275862069,0.9051724137931034,4.0,4.0,4.0,3.0,3.0,4.0,0.10344827586206895,True,30.0,False
TOV3133G,3133,HGS,21.364688,4.483150726961488,13.80649394923442,matched_models,CDH6,higher,0.6206896551724138,0.8620689655172413,0.7413793103448276,0.6206896551724138,0.8017241379310345,0.6810344827586208,7.0,9.0,6.0,10.0,6.0,10.0,0.2413793103448275,True,30.0,False
TOV3291G,3291,HGS,37.590464,5.270172485397122,12.60850462885849,matched_models,CDH6,higher,0.6896551724137931,0.2413793103448276,0.4655172413793104,0.2413793103448276,0.35344827586206895,0.5775862068965517,17.0,19.0,21.0,12.0,12.0,21.0,0.4482758620689655,False,30.0,False
OV3331,OV3331,HGS,580.40567,9.183401330806829,14.717332809272,matched_models,CDH6,higher,1.0,1.0,1.0,1.0,1.0,1.0,1.0,1.0,1.0,1.0,1.0,1.0,0.0,True,30.0,False
OV90,OV90,HGS,53.973361,5.780660781463359,13.37868606530245,matched_models,CDH6,higher,0.7931034482758621,0.7586206896551724,0.7758620689655172,0.7586206896551724,0.7672413793103448,0.7844827586206897,5.0,5.0,7.0,6.0,5.0,7.0,0.034482758620689724,True,30.0,False
TOV21G,TOV21G,CC,2.5052115,1.8095014972445675,12.77734327867617,matched_models,CDH6,higher,0.41379310344827586,0.3448275862068966,0.3793103448275862,0.3448275862068966,0.3620689655172414,0.39655172413793105,19.0,16.0,20.0,18.0,16.0,20.0,0.06896551724137928,False,30.0,False
TOV3392D,TOV3392D,CC,0.0444445,0.06273583208705853,12.51461178797689,matched_models,CDH6,higher,0.0,0.13793103448275862,0.06896551724137931,0.0,0.10344827586206896,0.034482758620689655,29.0,29.0,29.0,30.0,29.0,30.0,0.13793103448275862,False,30.0,False
VOA10816,VOA10816,CC,10.210854,3.4868242762097257,12.98901079705602,matched_models,CDH6,higher,0.5172413793103449,0.6206896551724138,0.5689655172413793,0.5172413793103449,0.5948275862068966,0.5431034482758621,13.0,11.0,13.0,15.0,11.0,15.0,0.10344827586206895,True,30.0,False
VOA12539,VOA12539,CC,0.0809543,0.11230553088287765,12.37670499989213,matched_models,CDH6,higher,0.06896551724137931,0.0,0.034482758620689655,0.0,0.017241379310344827,0.05172413793103448,30.0,29.0,30.0,29.0,29.0,30.0,0.06896551724137931,False,30.0,False
VOA295,VOA295,CC,0.8723132,0.9048217887097026,12.4253330574106,matched_models,CDH6,higher,0.3793103448275862,0.034482758620689655,0.20689655172413793,0.034482758620689655,0.12068965517241378,0.29310344827586204,25.0,27.0,28.0,22.0,22.0,28.0,0.3448275862068965,False,30.0,False
VOA4841,VOA4841,CC,0.1586346,0.21242565358781076,12.82396707625634,matched_models,CDH6,higher,0.13793103448275862,0.4482758620689655,0.2931034482758621,0.13793103448275862,0.3706896551724138,0.21551724137931033,21.0,23.0,19.0,25.0,19.0,25.0,0.3103448275862069,False,30.0,False
TOV112D,TOV112D,EC,0.11477,0.15674608316110966,12.79560902172266,matched_models,CDH6,higher,0.10344827586206896,0.3793103448275862,0.24137931034482757,0.10344827586206896,0.31034482758620685,0.1724137931034483,24.0,24.0,22.0,26.0,22.0,26.0,0.27586206896551724,False,30.0,False
VOA4395,VOA4395,EC,11.029018,3.588446966465652,12.8378439060687,matched_models,CDH6,higher,0.5517241379310345,0.4827586206896552,0.5172413793103449,0.4827586206896552,0.5,0.5344827586206896,14.0,13.0,15.0,16.0,13.0,16.0,0.06896551724137928,False,30.0,False
TOV2414,TOV2414,MC,0.4451981,0.5312672631750093,12.62311421781481,matched_models,CDH6,higher,0.2413793103448276,0.27586206896551724,0.25862068965517243,0.2413793103448276,0.2672413793103448,0.25,22.0,19.0,23.0,23.0,19.0,23.0,0.03448275862068964,False,30.0,False
VOA8762,VOA8762,MC,41.45872,5.407988973961848,13.37105587173095,matched_models,CDH6,higher,0.7241379310344828,0.7241379310344828,0.7241379310344828,0.7241379310344828,0.7241379310344828,0.7241379310344828,8.0,6.0,9.0,9.0,6.0,9.0,0.0,True,30.0,False
VOA8771,VOA8771,MC,22.512179,4.555336342377698,12.69991707862449,matched_models,CDH6,higher,0.6551724137931034,0.3103448275862069,0.48275862068965514,0.3103448275862069,0.39655172413793105,0.5689655172413793,16.0,17.0,17.0,14.0,14.0,17.0,0.3448275862068965,False,30.0,False
VOA5217,VOA5217,MMMT,0.2021860999999999,0.26566024443934605,12.94137959954495,matched_models,CDH6,higher,0.20689655172413793,0.5862068965517241,0.396551724137931,0.20689655172413793,0.4913793103448275,0.3017241379310345,18.0,21.0,16.0,20.0,16.0,21.0,0.3793103448275862,False,30.0,False
VOA5436,VOA5436,MMMT,0.63008617,0.7049482305580568,12.51608267162933,matched_models,CDH6,higher,0.3448275862068966,0.1724137931034483,0.25862068965517243,0.1724137931034483,0.21551724137931036,0.3017241379310345,22.0,22.0,24.0,20.0,20.0,24.0,0.1724137931034483,False,30.0,False
BIN67,BIN67,SCCOHT,6.437824000000001,2.894880610099492,12.91102436135045,matched_models,CDH6,higher,0.4827586206896552,0.5517241379310345,0.5172413793103449,0.4827586206896552,0.5344827586206896,0.5,14.0,13.0,14.0,17.0,13.0,17.0,0.06896551724137928,False,30.0,False
COV434,COV434,SCCOHT,0.1997295,0.262709161667555,12.49071189622325,matched_models,CDH6,higher,0.1724137931034483,0.10344827586206896,0.13793103448275862,0.10344827586206896,0.1206896551724138,0.15517241379310345,27.0,24.0,27.0,27.0,24.0,27.0,0.06896551724137932,False,30.0,False
OV1369-R2,1369,HGS,57.938798000000006,5.881145733273913,13.21095301914609,selected_patient_representatives,CDH6,higher,0.8846153846153846,0.7692307692307693,0.8269230769230769,0.7692307692307693,0.7980769230769231,0.8557692307692307,4.0,4.0,6.0,3.0,3.0,6.0,0.11538461538461531,True,27.0,False
OV1946,OV1946,HGS,0.0534075,0.07506363627176396,12.5775117943425,selected_patient_representatives,CDH6,higher,0.038461538461538464,0.23076923076923078,0.13461538461538464,0.038461538461538464,0.18269230769230768,0.08653846153846154,25.0,24.0,22.0,25.0,22.0,25.0,0.19230769230769232,False,27.0,False
OV2085,OV2085,HGS,0.5656093,0.6467242309700667,12.44081704169464,selected_patient_representatives,CDH6,higher,0.34615384615384615,0.07692307692307693,0.21153846153846154,0.07692307692307693,0.14423076923076922,0.2788461538461538,23.0,23.0,23.0,21.0,21.0,23.0,0.2692307692307692,False,27.0,False
OV2295,2295,HGS,19.23865,4.339041154521293,13.44842293706447,selected_patient_representatives,CDH6,higher,0.6538461538461539,0.8846153846153846,0.7692307692307692,0.6538461538461539,0.8269230769230769,0.7115384615384616,6.0,7.0,5.0,8.0,5.0,8.0,0.23076923076923073,True,27.0,False
OV3133-R,3133,HGS,4.133909,2.360057723959251,14.0244991857289,selected_patient_representatives,CDH6,higher,0.5,0.9615384615384616,0.7307692307692308,0.5,0.8461538461538461,0.6153846153846154,9.0,12.0,3.0,9.0,3.0,12.0,0.46153846153846156,True,27.0,False
OV4453,OV4453,HGS,43.89297,5.4884176391812005,13.0967546842152,selected_patient_representatives,CDH6,higher,0.8076923076923077,0.7307692307692307,0.7692307692307692,0.7307692307692307,0.75,0.7884615384615385,6.0,6.0,8.0,6.0,6.0,8.0,0.07692307692307698,True,27.0,False
OV4485,OV4485,HGS,0.490577,0.5758709037751254,12.81109651076238,selected_patient_representatives,CDH6,higher,0.3076923076923077,0.46153846153846156,0.38461538461538464,0.3076923076923077,0.4230769230769231,0.34615384615384615,17.0,15.0,15.0,16.0,15.0,17.0,0.15384615384615385,False,27.0,False
OV866-2,OV866-2,HGS,59.06082000000001,5.908352266783054,12.85879075397508,selected_patient_representatives,CDH6,higher,0.9230769230769231,0.5769230769230769,0.75,0.5769230769230769,0.6634615384615384,0.8365384615384615,8.0,8.0,9.0,5.0,5.0,9.0,0.34615384615384626,True,27.0,False
TOV3041G,TOV3041G,HGS,121.3898,6.935339518208912,13.78205679982036,selected_patient_representatives,CDH6,higher,0.9615384615384616,0.9230769230769231,0.9423076923076923,0.9230769230769231,0.9326923076923077,0.9519230769230769,2.0,2.0,2.0,2.0,2.0,2.0,0.038461538461538436,True,27.0,False
TOV3291G,3291,HGS,37.590464,5.270172485397122,12.60850462885849,selected_patient_representatives,CDH6,higher,0.7307692307692307,0.2692307692307692,0.5,0.2692307692307692,0.3846153846153846,0.6153846153846153,14.0,16.0,18.0,10.0,10.0,18.0,0.4615384615384615,False,27.0,False
OV3331,OV3331,HGS,580.40567,9.183401330806829,14.717332809272,selected_patient_representatives,CDH6,higher,1.0,1.0,1.0,1.0,1.0,1.0,1.0,1.0,1.0,1.0,1.0,1.0,0.0,True,27.0,False
OV90,OV90,HGS,53.973361,5.780660781463359,13.37868606530245,selected_patient_representatives,CDH6,higher,0.8461538461538461,0.8461538461538461,0.8461538461538461,0.8461538461538461,0.8461538461538461,0.8461538461538461,3.0,3.0,3.0,4.0,3.0,4.0,0.0,True,27.0,False
TOV21G,TOV21G,CC,2.5052115,1.8095014972445675,12.77734327867617,selected_patient_representatives,CDH6,higher,0.46153846153846156,0.38461538461538464,0.42307692307692313,0.38461538461538464,0.40384615384615385,0.4423076923076923,16.0,13.0,17.0,15.0,13.0,17.0,0.07692307692307693,False,27.0,False
TOV3392D,TOV3392D,CC,0.0444445,0.06273583208705853,12.51461178797689,selected_patient_representatives,CDH6,higher,0.0,0.15384615384615385,0.07692307692307693,0.0,0.11538461538461539,0.038461538461538464,26.0,26.0,26.0,27.0,26.0,27.0,0.15384615384615385,False,27.0,False
VOA10816,VOA10816,CC,10.210854,3.4868242762097257,12.98901079705602,selected_patient_representatives,CDH6,higher,0.5769230769230769,0.6923076923076923,0.6346153846153846,0.5769230769230769,0.6634615384615383,0.6057692307692307,10.0,8.0,10.0,11.0,8.0,11.0,0.11538461538461542,True,27.0,False
VOA12539,VOA12539,CC,0.0809543,0.11230553088287765,12.37670499989213,selected_patient_representatives,CDH6,higher,0.07692307692307693,0.0,0.038461538461538464,0.0,0.019230769230769232,0.057692307692307696,27.0,26.0,27.0,26.0,26.0,27.0,0.07692307692307693,False,27.0,False
VOA295,VOA295,CC,0.8723132,0.9048217887097026,12.4253330574106,selected_patient_representatives,CDH6,higher,0.4230769230769231,0.038461538461538464,0.23076923076923078,0.038461538461538464,0.1346153846153846,0.3269230769230769,22.0,24.0,24.0,19.0,19.0,24.0,0.3846153846153846,False,27.0,False
VOA4841,VOA4841,CC,0.1586346,0.21242565358781076,12.82396707625634,selected_patient_representatives,CDH6,higher,0.15384615384615385,0.5,0.3269230769230769,0.15384615384615385,0.41346153846153844,0.2403846153846154,18.0,20.0,16.0,22.0,16.0,22.0,0.34615384615384615,False,27.0,False
TOV112D,TOV112D,EC,0.11477,0.15674608316110966,12.79560902172266,selected_patient_representatives,CDH6,higher,0.11538461538461539,0.4230769230769231,0.2692307692307692,0.11538461538461539,0.34615384615384615,0.1923076923076923,21.0,21.0,19.0,23.0,19.0,23.0,0.3076923076923077,False,27.0,False
VOA4395,VOA4395,EC,11.029018,3.588446966465652,12.8378439060687,selected_patient_representatives,CDH6,higher,0.6153846153846154,0.5384615384615384,0.5769230769230769,0.5384615384615384,0.5576923076923077,0.5961538461538461,11.0,10.0,12.0,13.0,10.0,13.0,0.07692307692307698,True,27.0,False
TOV2414,TOV2414,MC,0.4451981,0.5312672631750093,12.62311421781481,selected_patient_representatives,CDH6,higher,0.2692307692307692,0.3076923076923077,0.28846153846153844,0.2692307692307692,0.2980769230769231,0.27884615384615385,20.0,16.0,20.0,20.0,16.0,20.0,0.03846153846153849,False,27.0,False
VOA8762,VOA8762,MC,41.45872,5.407988973961848,13.37105587173095,selected_patient_representatives,CDH6,higher,0.7692307692307693,0.8076923076923077,0.7884615384615385,0.7692307692307693,0.7980769230769231,0.778846153846154,5.0,4.0,6.0,7.0,4.0,7.0,0.038461538461538436,True,27.0,False
VOA8771,VOA8771,MC,22.512179,4.555336342377698,12.69991707862449,selected_patient_representatives,CDH6,higher,0.6923076923076923,0.34615384615384615,0.5192307692307692,0.34615384615384615,0.43269230769230765,0.6057692307692307,13.0,14.0,14.0,11.0,11.0,14.0,0.34615384615384615,False,27.0,False
VOA5217,VOA5217,MMMT,0.2021860999999999,0.26566024443934605,12.94137959954495,selected_patient_representatives,CDH6,higher,0.23076923076923078,0.6538461538461539,0.4423076923076923,0.23076923076923078,0.5480769230769231,0.33653846153846156,15.0,18.0,13.0,17.0,13.0,18.0,0.4230769230769231,False,27.0,False
VOA5436,VOA5436,MMMT,0.63008617,0.7049482305580568,12.51608267162933,selected_patient_representatives,CDH6,higher,0.38461538461538464,0.19230769230769232,0.2884615384615385,0.19230769230769232,0.24038461538461542,0.33653846153846156,19.0,19.0,21.0,17.0,17.0,21.0,0.19230769230769232,False,27.0,False
BIN67,BIN67,SCCOHT,6.437824000000001,2.894880610099492,12.91102436135045,selected_patient_representatives,CDH6,higher,0.5384615384615384,0.6153846153846154,0.5769230769230769,0.5384615384615384,0.5961538461538461,0.5576923076923077,11.0,10.0,11.0,14.0,10.0,14.0,0.07692307692307698,True,27.0,False
COV434,COV434,SCCOHT,0.1997295,0.262709161667555,12.49071189622325,selected_patient_representatives,CDH6,higher,0.19230769230769232,0.11538461538461539,0.15384615384615385,0.11538461538461539,0.1346153846153846,0.1730769230769231,24.0,21.0,24.0,24.0,21.0,24.0,0.07692307692307693,False,27.0,False
OV1369-R2;TOV1369,1369,HGS,82.368379,6.316665899708066,13.601862404410335,patient_means_of_matched_models,CDH6,higher,0.9230769230769231,0.8461538461538461,0.8846153846153846,0.8461538461538461,0.8653846153846154,0.9038461538461539,3.0,3.0,4.0,3.0,3.0,4.0,0.07692307692307698,True,27.0,False
OV2295;OV2295-R2,2295,HGS,89.533555,5.834210035443016,13.631378150309356,patient_means_of_matched_models,CDH6,higher,0.8461538461538461,0.8846153846153846,0.8653846153846154,0.8461538461538461,0.875,0.8557692307692307,4.0,3.0,3.0,4.0,3.0,4.0,0.038461538461538436,True,27.0,False
OV3133-R;TOV3133G,3133,HGS,12.7492985,3.4216042254603694,13.91549656748166,patient_means_of_matched_models,CDH6,higher,0.5384615384615384,0.9615384615384616,0.75,0.5384615384615384,0.8557692307692307,0.6442307692307693,6.0,10.0,5.0,9.0,5.0,10.0,0.42307692307692313,True,27.0,False
TOV3291G,3291,HGS,37.590464,5.270172485397122,12.60850462885849,patient_means_of_matched_models,CDH6,higher,0.6923076923076923,0.2692307692307692,0.4807692307692307,0.2692307692307692,0.375,0.5865384615384615,14.0,16.0,18.0,12.0,12.0,18.0,0.4230769230769231,False,27.0,False
BIN67,BIN67,SCCOHT,6.437824000000001,2.894880610099492,12.91102436135045,patient_means_of_matched_models,CDH6,higher,0.5,0.6153846153846154,0.5576923076923077,0.5,0.5865384615384616,0.5288461538461539,12.0,12.0,11.0,14.0,11.0,14.0,0.11538461538461542,True,27.0,False
COV434,COV434,SCCOHT,0.1997295,0.262709161667555,12.49071189622325,patient_means_of_matched_models,CDH6,higher,0.19230769230769232,0.11538461538461539,0.15384615384615385,0.11538461538461539,0.1346153846153846,0.1730769230769231,24.0,21.0,24.0,24.0,21.0,24.0,0.07692307692307693,False,27.0,False
OV1946,OV1946,HGS,0.0534075,0.07506363627176396,12.5775117943425,patient_means_of_matched_models,CDH6,higher,0.038461538461538464,0.23076923076923078,0.13461538461538464,0.038461538461538464,0.18269230769230768,0.08653846153846154,25.0,24.0,22.0,25.0,22.0,25.0,0.19230769230769232,False,27.0,False
OV2085,OV2085,HGS,0.5656093,0.6467242309700667,12.44081704169464,patient_means_of_matched_models,CDH6,higher,0.34615384615384615,0.07692307692307693,0.21153846153846154,0.07692307692307693,0.14423076923076922,0.2788461538461538,23.0,23.0,23.0,21.0,21.0,23.0,0.2692307692307692,False,27.0,False
OV3331,OV3331,HGS,580.40567,9.183401330806829,14.717332809272,patient_means_of_matched_models,CDH6,higher,1.0,1.0,1.0,1.0,1.0,1.0,1.0,1.0,1.0,1.0,1.0,1.0,0.0,True,27.0,False
OV4453,OV4453,HGS,43.89297,5.4884176391812005,13.0967546842152,patient_means_of_matched_models,CDH6,higher,0.7692307692307693,0.7307692307692307,0.75,0.7307692307692307,0.7403846153846153,0.7596153846153847,6.0,6.0,8.0,7.0,6.0,8.0,0.03846153846153855,True,27.0,False
OV4485,OV4485,HGS,0.490577,0.5758709037751254,12.81109651076238,patient_means_of_matched_models,CDH6,higher,0.3076923076923077,0.46153846153846156,0.38461538461538464,0.3076923076923077,0.4230769230769231,0.34615384615384615,17.0,15.0,14.0,16.0,14.0,17.0,0.15384615384615385,False,27.0,False
OV866-2,OV866-2,HGS,59.06082000000001,5.908352266783054,12.85879075397508,patient_means_of_matched_models,CDH6,higher,0.8846153846153846,0.5769230769230769,0.7307692307692307,0.5769230769230769,0.6538461538461537,0.8076923076923077,9.0,8.0,10.0,5.0,5.0,10.0,0.3076923076923077,True,27.0,False
OV90,OV90,HGS,53.973361,5.780660781463359,13.37868606530245,patient_means_of_matched_models,CDH6,higher,0.8076923076923077,0.8076923076923077,0.8076923076923077,0.8076923076923077,0.8076923076923077,0.8076923076923077,5.0,5.0,6.0,5.0,5.0,6.0,0.0,True,27.0,False
TOV112D,TOV112D,EC,0.11477,0.15674608316110966,12.79560902172266,patient_means_of_matched_models,CDH6,higher,0.11538461538461539,0.4230769230769231,0.2692307692307692,0.11538461538461539,0.34615384615384615,0.1923076923076923,21.0,21.0,19.0,23.0,19.0,23.0,0.3076923076923077,False,27.0,False
TOV21G,TOV21G,CC,2.5052115,1.8095014972445675,12.77734327867617,patient_means_of_matched_models,CDH6,higher,0.46153846153846156,0.38461538461538464,0.42307692307692313,0.38461538461538464,0.40384615384615385,0.4423076923076923,16.0,13.0,17.0,15.0,13.0,17.0,0.07692307692307693,False,27.0,False
TOV2414,TOV2414,MC,0.4451981,0.5312672631750093,12.62311421781481,patient_means_of_matched_models,CDH6,higher,0.2692307692307692,0.3076923076923077,0.28846153846153844,0.2692307692307692,0.2980769230769231,0.27884615384615385,20.0,16.0,20.0,20.0,16.0,20.0,0.03846153846153849,False,27.0,False
TOV3041G,TOV3041G,HGS,121.3898,6.935339518208912,13.78205679982036,patient_means_of_matched_models,CDH6,higher,0.9615384615384616,0.9230769230769231,0.9423076923076923,0.9230769230769231,0.9326923076923077,0.9519230769230769,2.0,2.0,2.0,2.0,2.0,2.0,0.038461538461538436,True,27.0,False
TOV3392D,TOV3392D,CC,0.0444445,0.06273583208705853,12.51461178797689,patient_means_of_matched_models,CDH6,higher,0.0,0.15384615384615385,0.07692307692307693,0.0,0.11538461538461539,0.038461538461538464,26.0,26.0,26.0,27.0,26.0,27.0,0.15384615384615385,False,27.0,False
VOA10816,VOA10816,CC,10.210854,3.4868242762097257,12.98901079705602,patient_means_of_matched_models,CDH6,higher,0.5769230769230769,0.6923076923076923,0.6346153846153846,0.5769230769230769,0.6634615384615383,0.6057692307692307,10.0,8.0,9.0,10.0,8.0,10.0,0.11538461538461542,True,27.0,False
VOA12539,VOA12539,CC,0.0809543,0.11230553088287765,12.37670499989213,patient_means_of_matched_models,CDH6,higher,0.07692307692307693,0.0,0.038461538461538464,0.0,0.019230769230769232,0.057692307692307696,27.0,26.0,27.0,26.0,26.0,27.0,0.07692307692307693,False,27.0,False
VOA295,VOA295,CC,0.8723132,0.9048217887097026,12.4253330574106,patient_means_of_matched_models,CDH6,higher,0.4230769230769231,0.038461538461538464,0.23076923076923078,0.038461538461538464,0.1346153846153846,0.3269230769230769,22.0,24.0,24.0,19.0,19.0,24.0,0.3846153846153846,False,27.0,False
VOA4395,VOA4395,EC,11.029018,3.588446966465652,12.8378439060687,patient_means_of_matched_models,CDH6,higher,0.6153846153846154,0.5384615384615384,0.5769230769230769,0.5384615384615384,0.5576923076923077,0.5961538461538461,11.0,10.0,12.0,11.0,10.0,12.0,0.07692307692307698,True,27.0,False
VOA4841,VOA4841,CC,0.1586346,0.21242565358781076,12.82396707625634,patient_means_of_matched_models,CDH6,higher,0.15384615384615385,0.5,0.3269230769230769,0.15384615384615385,0.41346153846153844,0.2403846153846154,18.0,20.0,16.0,22.0,16.0,22.0,0.34615384615384615,False,27.0,False
VOA5217,VOA5217,MMMT,0.2021860999999999,0.26566024443934605,12.94137959954495,patient_means_of_matched_models,CDH6,higher,0.23076923076923078,0.6538461538461539,0.4423076923076923,0.23076923076923078,0.5480769230769231,0.33653846153846156,15.0,18.0,13.0,17.0,13.0,18.0,0.4230769230769231,False,27.0,False
VOA5436,VOA5436,MMMT,0.63008617,0.7049482305580568,12.51608267162933,patient_means_of_matched_models,CDH6,higher,0.38461538461538464,0.19230769230769232,0.2884615384615385,0.19230769230769232,0.24038461538461542,0.33653846153846156,19.0,19.0,21.0,17.0,17.0,21.0,0.19230769230769232,False,27.0,False
VOA8762,VOA8762,MC,41.45872,5.407988973961848,13.37105587173095,patient_means_of_matched_models,CDH6,higher,0.7307692307692307,0.7692307692307693,0.75,0.7307692307692307,0.7596153846153847,0.7403846153846153,6.0,6.0,7.0,8.0,6.0,8.0,0.03846153846153855,True,27.0,False
VOA8771,VOA8771,MC,22.512179,4.555336342377698,12.69991707862449,patient_means_of_matched_models,CDH6,higher,0.6538461538461539,0.34615384615384615,0.5,0.34615384615384615,0.423076923076923,0.576923076923077,13.0,14.0,15.0,13.0,13.0,15.0,0.3076923076923077,False,27.0,False
OV1369-R2,1369,HGS,57.938798000000006,5.881145733273913,13.21095301914609,HGS_selected_representatives,CDH6,higher,0.7272727272727273,0.5454545454545454,0.6363636363636364,0.5454545454545454,0.5909090909090908,0.6818181818181818,3.0,4.0,6.0,4.0,3.0,6.0,0.18181818181818188,True,12.0,False
OV1946,OV1946,HGS,0.0534075,0.07506363627176396,12.5775117943425,HGS_selected_representatives,CDH6,higher,0.0,0.09090909090909091,0.045454545454545456,0.0,0.06818181818181818,0.022727272727272728,12.0,11.0,11.0,12.0,11.0,12.0,0.09090909090909091,False,12.0,False
OV2085,OV2085,HGS,0.5656093,0.6467242309700667,12.44081704169464,HGS_selected_representatives,CDH6,higher,0.18181818181818182,0.0,0.09090909090909091,0.0,0.045454545454545456,0.13636363636363635,11.0,11.0,12.0,10.0,10.0,12.0,0.18181818181818182,False,12.0,False
OV2295,2295,HGS,19.23865,4.339041154521293,13.44842293706447,HGS_selected_representatives,CDH6,higher,0.36363636363636365,0.7272727272727273,0.5454545454545454,0.36363636363636365,0.6363636363636364,0.45454545454545453,7.0,6.0,4.0,7.0,4.0,7.0,0.36363636363636365,False,12.0,False
OV3133-R,3133,HGS,4.133909,2.360057723959251,14.0244991857289,HGS_selected_representatives,CDH6,higher,0.2727272727272727,0.9090909090909091,0.5909090909090908,0.2727272727272727,0.75,0.43181818181818177,6.0,8.0,3.0,8.0,3.0,8.0,0.6363636363636364,False,12.0,False
OV4453,OV4453,HGS,43.89297,5.4884176391812005,13.0967546842152,HGS_selected_representatives,CDH6,higher,0.5454545454545454,0.45454545454545453,0.5,0.45454545454545453,0.47727272727272724,0.5227272727272727,8.0,5.0,8.0,6.0,5.0,8.0,0.09090909090909088,False,12.0,False
OV4485,OV4485,HGS,0.490577,0.5758709037751254,12.81109651076238,HGS_selected_representatives,CDH6,higher,0.09090909090909091,0.2727272727272727,0.18181818181818182,0.09090909090909091,0.22727272727272727,0.13636363636363635,10.0,10.0,10.0,10.0,10.0,10.0,0.1818181818181818,False,12.0,False
OV866-2,OV866-2,HGS,59.06082000000001,5.908352266783054,12.85879075397508,HGS_selected_representatives,CDH6,higher,0.8181818181818182,0.36363636363636365,0.5909090909090909,0.36363636363636365,0.4772727272727273,0.7045454545454546,5.0,6.0,7.0,3.0,3.0,7.0,0.4545454545454546,False,12.0,False
TOV3041G,TOV3041G,HGS,121.3898,6.935339518208912,13.78205679982036,HGS_selected_representatives,CDH6,higher,0.9090909090909091,0.8181818181818182,0.8636363636363636,0.8181818181818182,0.8409090909090909,0.8863636363636364,2.0,2.0,2.0,2.0,2.0,2.0,0.09090909090909083,True,12.0,False
TOV3291G,3291,HGS,37.590464,5.270172485397122,12.60850462885849,HGS_selected_representatives,CDH6,higher,0.45454545454545453,0.18181818181818182,0.3181818181818182,0.18181818181818182,0.25,0.38636363636363635,9.0,9.0,9.0,9.0,9.0,9.0,0.2727272727272727,False,12.0,False
OV3331,OV3331,HGS,580.40567,9.183401330806829,14.717332809272,HGS_selected_representatives,CDH6,higher,1.0,1.0,1.0,1.0,1.0,1.0,1.0,1.0,1.0,1.0,1.0,1.0,0.0,True,12.0,False
OV90,OV90,HGS,53.973361,5.780660781463359,13.37868606530245,HGS_selected_representatives,CDH6,higher,0.6363636363636364,0.6363636363636364,0.6363636363636364,0.6363636363636364,0.6363636363636364,0.6363636363636364,3.0,3.0,4.0,5.0,3.0,5.0,0.0,True,12.0,False
TOV21G,TOV21G,CC,2.5052115,1.8095014972445675,12.77734327867617,CC_selected_representatives,CDH6,higher,0.8,0.6,0.7,0.6,0.6499999999999999,0.7500000000000001,2.0,2.0,3.0,2.0,2.0,3.0,0.20000000000000007,True,6.0,False
TOV3392D,TOV3392D,CC,0.0444445,0.06273583208705853,12.51461178797689,CC_selected_representatives,CDH6,higher,0.0,0.4,0.2,0.0,0.30000000000000004,0.1,5.0,5.0,4.0,6.0,4.0,6.0,0.4,False,6.0,False
VOA10816,VOA10816,CC,10.210854,3.4868242762097257,12.98901079705602,CC_selected_representatives,CDH6,higher,1.0,1.0,1.0,1.0,1.0,1.0,1.0,1.0,1.0,1.0,1.0,1.0,0.0,True,6.0,False
VOA12539,VOA12539,CC,0.0809543,0.11230553088287765,12.37670499989213,CC_selected_representatives,CDH6,higher,0.2,0.0,0.1,0.0,0.05,0.15000000000000002,6.0,5.0,6.0,5.0,5.0,6.0,0.2,False,6.0,False
VOA295,VOA295,CC,0.8723132,0.9048217887097026,12.4253330574106,CC_selected_representatives,CDH6,higher,0.6,0.2,0.4,0.2,0.30000000000000004,0.49999999999999994,4.0,4.0,4.0,4.0,4.0,4.0,0.39999999999999997,False,6.0,False
VOA4841,VOA4841,CC,0.1586346,0.21242565358781076,12.82396707625634,CC_selected_representatives,CDH6,higher,0.4,0.8,0.6000000000000001,0.4,0.7000000000000001,0.5,3.0,3.0,2.0,3.0,2.0,3.0,0.4,False,6.0,False
OV1369-R2,1369,HGS,21.136195000000004,4.468335352851638,11.03531612366213,matched_models,CD276,higher,0.06896551724137931,0.06896551724137931,0.06896551724137931,0.06896551724137931,0.06896551724137931,0.06896551724137931,29.0,27.0,29.0,29.0,27.0,29.0,0.0,False,30.0,False
OV1946,OV1946,HGS,47.913833,5.612170616881,10.95157513709362,matched_models,CD276,higher,0.3448275862068966,0.0,0.1724137931034483,0.0,0.08620689655172414,0.25862068965517243,26.0,29.0,28.0,23.0,23.0,29.0,0.3448275862068966,False,30.0,False
OV2085,OV2085,HGS,46.448126599999995,5.568279221159136,11.20571741546495,matched_models,CD276,higher,0.3103448275862069,0.41379310344827586,0.3620689655172414,0.3103448275862069,0.3879310344827586,0.33620689655172414,19.0,16.0,18.0,21.0,16.0,21.0,0.10344827586206895,False,30.0,False
OV2295,2295,HGS,42.8198304,5.453511995428358,11.07691816161428,matched_models,CD276,higher,0.20689655172413793,0.13793103448275862,0.1724137931034483,0.13793103448275862,0.15517241379310345,0.1896551724137931,26.0,23.0,27.0,25.0,23.0,27.0,0.06896551724137931,False,30.0,False
OV2295-R2,2295,HGS,212.00632630000004,7.734752468986875,11.66866836861921,matched_models,CD276,higher,1.0,0.9310344827586207,0.9655172413793103,0.9310344827586207,0.9482758620689655,0.9827586206896551,2.0,2.0,3.0,1.0,1.0,3.0,0.06896551724137934,True,30.0,False
OV3133-R,3133,HGS,16.389119,4.120112936874719,11.22841128961198,matched_models,CD276,higher,0.0,0.4482758620689655,0.22413793103448276,0.0,0.33620689655172414,0.11206896551724138,25.0,29.0,20.0,28.0,20.0,29.0,0.4482758620689655,False,30.0,False
OV4453,OV4453,HGS,88.43987379999999,6.482846247421746,11.11442188271028,matched_models,CD276,higher,0.6896551724137931,0.2413793103448276,0.4655172413793104,0.2413793103448276,0.35344827586206895,0.5775862068965517,16.0,19.0,19.0,12.0,12.0,19.0,0.4482758620689655,False,30.0,False
OV4485,OV4485,HGS,37.18832920000001,5.255059896031237,11.29143679201831,matched_models,CD276,higher,0.13793103448275862,0.6551724137931034,0.39655172413793105,0.13793103448275862,0.5258620689655172,0.2672413793103448,18.0,23.0,15.0,22.0,15.0,23.0,0.5172413793103448,False,30.0,False
OV866-2,OV866-2,HGS,101.99915799999998,6.686488733453222,11.36718905810842,matched_models,CD276,higher,0.7931034482758621,0.7241379310344828,0.7586206896551724,0.7241379310344828,0.7413793103448276,0.7758620689655172,7.0,6.0,8.0,6.0,6.0,8.0,0.06896551724137934,True,30.0,False
TOV1369,1369,HGS,38.1397877,5.290564025481925,11.07919667667524,matched_models,CD276,higher,0.1724137931034483,0.1724137931034483,0.1724137931034483,0.1724137931034483,0.1724137931034483,0.1724137931034483,26.0,22.0,26.0,26.0,22.0,26.0,0.0,False,30.0,False
TOV3041G,TOV3041G,HGS,70.576055,6.161405124967749,11.29967289394681,matched_models,CD276,higher,0.4827586206896552,0.6896551724137931,0.5862068965517242,0.4827586206896552,0.6379310344827587,0.5344827586206897,12.0,12.0,9.0,14.0,9.0,14.0,0.20689655172413796,False,30.0,False
TOV3133G,3133,HGS,18.0495368,4.25168401310636,11.01704450303514,matched_models,CD276,higher,0.034482758620689655,0.034482758620689655,0.034482758620689655,0.034482758620689655,0.034482758620689655,0.034482758620689655,30.0,28.0,30.0,30.0,28.0,30.0,0.0,False,30.0,False
TOV3291G,3291,HGS,86.22609299999998,6.446687865332808,11.2509744168049,matched_models,CD276,higher,0.6206896551724138,0.6206896551724138,0.6206896551724138,0.6206896551724138,0.6206896551724138,0.6206896551724138,10.0,9.0,11.0,11.0,9.0,11.0,0.0,True,30.0,False
OV3331,OV3331,HGS,120.600292,6.926002882918445,11.24514857156382,matched_models,CD276,higher,0.8275862068965517,0.5517241379310345,0.6896551724137931,0.5517241379310345,0.6206896551724138,0.7586206896551724,9.0,10.0,11.0,7.0,7.0,11.0,0.27586206896551724,True,30.0,False
OV90,OV90,HGS,87.718395,6.471161360899997,11.46830636004824,matched_models,CD276,higher,0.6551724137931034,0.7931034482758621,0.7241379310344828,0.6551724137931034,0.7586206896551724,0.6896551724137931,8.0,8.0,7.0,9.0,7.0,9.0,0.13793103448275867,True,30.0,False
TOV21G,TOV21G,CC,78.2452284,6.308252163629561,11.17455814071261,matched_models,CD276,higher,0.5862068965517241,0.3448275862068966,0.46551724137931033,0.3448275862068966,0.4051724137931034,0.5258620689655171,17.0,15.0,17.0,15.0,15.0,17.0,0.2413793103448275,False,30.0,False
TOV3392D,TOV3392D,CC,31.621502400000004,5.0277513225262425,11.19039526338361,matched_models,CD276,higher,0.10344827586206896,0.3793103448275862,0.24137931034482757,0.10344827586206896,0.31034482758620685,0.1724137931034483,23.0,25.0,22.0,26.0,22.0,26.0,0.27586206896551724,False,30.0,False
VOA10816,VOA10816,CC,44.969499388,5.522605050048336,11.41406942952789,matched_models,CD276,higher,0.2413793103448276,0.7586206896551724,0.5,0.2413793103448276,0.6293103448275861,0.3706896551724138,14.0,19.0,10.0,19.0,10.0,19.0,0.5172413793103448,False,30.0,False
VOA12539,VOA12539,CC,138.344041,7.122507497178267,11.58857069145782,matched_models,CD276,higher,0.896551724137931,0.8275862068965517,0.8620689655172413,0.8275862068965517,0.8448275862068966,0.8793103448275862,5.0,5.0,5.0,4.0,4.0,5.0,0.06896551724137934,True,30.0,False
VOA295,VOA295,CC,99.2092905,6.646872458157537,11.23189092207062,matched_models,CD276,higher,0.7586206896551724,0.4827586206896552,0.6206896551724138,0.4827586206896552,0.5517241379310345,0.689655172413793,10.0,12.0,14.0,10.0,10.0,14.0,0.2758620689655172,False,30.0,False
VOA4841,VOA4841,CC,58.83763999999998,5.902981371258674,11.13736995331887,matched_models,CD276,higher,0.41379310344827586,0.3103448275862069,0.3620689655172414,0.3103448275862069,0.33620689655172414,0.3879310344827586,19.0,16.0,20.0,18.0,16.0,20.0,0.10344827586206895,False,30.0,False
TOV112D,TOV112D,EC,46.013208000536906,5.554994222739966,11.09203098321091,matched_models,CD276,higher,0.27586206896551724,0.20689655172413793,0.24137931034482757,0.20689655172413793,0.22413793103448276,0.25862068965517243,23.0,21.0,24.0,23.0,21.0,24.0,0.06896551724137931,False,30.0,False
VOA4395,VOA4395,EC,92.05336300000002,6.539986385910622,11.58870342835562,matched_models,CD276,higher,0.7241379310344828,0.8620689655172413,0.7931034482758621,0.7241379310344828,0.8275862068965517,0.7586206896551724,6.0,6.0,6.0,7.0,6.0,7.0,0.13793103448275856,True,30.0,False
TOV2414,TOV2414,MC,73.4636509,6.218464447125683,11.05098276372637,matched_models,CD276,higher,0.5172413793103449,0.10344827586206896,0.3103448275862069,0.10344827586206896,0.20689655172413796,0.4137931034482759,22.0,25.0,25.0,17.0,17.0,25.0,0.4137931034482759,False,30.0,False
VOA8762,VOA8762,MC,153.79534299999997,7.274218258596395,11.94736193120271,matched_models,CD276,higher,0.9655172413793104,1.0,0.9827586206896552,0.9655172413793104,0.9913793103448276,0.9741379310344828,1.0,1.0,1.0,2.0,1.0,2.0,0.03448275862068961,True,30.0,False
VOA8771,VOA8771,MC,139.237217610518,7.13172546734442,11.89756974947836,matched_models,CD276,higher,0.9310344827586207,0.9655172413793104,0.9482758620689655,0.9310344827586207,0.9568965517241379,0.9396551724137931,3.0,2.0,2.0,3.0,2.0,3.0,0.034482758620689724,True,30.0,False
VOA5217,VOA5217,MMMT,66.32442259999999,6.073058046562862,11.23499078003665,matched_models,CD276,higher,0.4482758620689655,0.5172413793103449,0.4827586206896552,0.4482758620689655,0.5,0.4655172413793104,15.0,14.0,16.0,16.0,14.0,16.0,0.06896551724137934,False,30.0,False
VOA5436,VOA5436,MMMT,75.247574,6.252619530366987,11.24582337524184,matched_models,CD276,higher,0.5517241379310345,0.5862068965517241,0.5689655172413792,0.5517241379310345,0.5775862068965516,0.5603448275862069,13.0,10.0,13.0,13.0,10.0,13.0,0.03448275862068961,True,30.0,False
BIN67,BIN67,SCCOHT,127.88388000000002,7.009928021368997,11.60126844966107,matched_models,CD276,higher,0.8620689655172413,0.896551724137931,0.8793103448275862,0.8620689655172413,0.8879310344827587,0.8706896551724138,4.0,4.0,4.0,5.0,4.0,5.0,0.034482758620689724,True,30.0,False
COV434,COV434,SCCOHT,49.57580599999999,5.660375501325638,11.13203068460953,matched_models,CD276,higher,0.3793103448275862,0.27586206896551724,0.3275862068965517,0.27586206896551724,0.3017241379310345,0.35344827586206895,21.0,18.0,23.0,20.0,18.0,23.0,0.10344827586206895,False,30.0,False
OV1369-R2,1369,HGS,21.136195000000004,4.468335352851638,11.03531612366213,selected_patient_representatives,CD276,higher,0.038461538461538464,0.038461538461538464,0.038461538461538464,0.038461538461538464,0.038461538461538464,0.038461538461538464,27.0,25.0,27.0,27.0,25.0,27.0,0.0,False,27.0,False
OV1946,OV1946,HGS,47.913833,5.612170616881,10.95157513709362,selected_patient_representatives,CD276,higher,0.3076923076923077,0.0,0.15384615384615385,0.0,0.07692307692307693,0.23076923076923078,25.0,26.0,26.0,22.0,22.0,26.0,0.3076923076923077,False,27.0,False
OV2085,OV2085,HGS,46.448126599999995,5.568279221159136,11.20571741546495,selected_patient_representatives,CD276,higher,0.2692307692307692,0.38461538461538464,0.3269230769230769,0.2692307692307692,0.3557692307692308,0.2980769230769231,18.0,15.0,17.0,20.0,15.0,20.0,0.11538461538461542,False,27.0,False
OV2295,2295,HGS,42.8198304,5.453511995428358,11.07691816161428,selected_patient_representatives,CD276,higher,0.15384615384615385,0.11538461538461539,0.13461538461538464,0.11538461538461539,0.125,0.14423076923076925,26.0,21.0,25.0,24.0,21.0,26.0,0.038461538461538464,False,27.0,False
OV3133-R,3133,HGS,16.389119,4.120112936874719,11.22841128961198,selected_patient_representatives,CD276,higher,0.0,0.4230769230769231,0.21153846153846154,0.0,0.3173076923076923,0.10576923076923077,22.0,26.0,18.0,26.0,18.0,26.0,0.4230769230769231,False,27.0,False
OV4453,OV4453,HGS,88.43987379999999,6.482846247421746,11.11442188271028,selected_patient_representatives,CD276,higher,0.6923076923076923,0.19230769230769232,0.4423076923076923,0.19230769230769232,0.3173076923076923,0.5673076923076923,15.0,18.0,18.0,11.0,11.0,18.0,0.5,False,27.0,False
OV4485,OV4485,HGS,37.18832920000001,5.255059896031237,11.29143679201831,selected_patient_representatives,CD276,higher,0.11538461538461539,0.6538461538461539,0.38461538461538464,0.11538461538461539,0.5192307692307693,0.25,17.0,21.0,14.0,21.0,14.0,21.0,0.5384615384615384,False,27.0,False
OV866-2,OV866-2,HGS,101.99915799999998,6.686488733453222,11.36718905810842,selected_patient_representatives,CD276,higher,0.8076923076923077,0.7307692307692307,0.7692307692307692,0.7307692307692307,0.75,0.7884615384615385,6.0,5.0,7.0,5.0,5.0,7.0,0.07692307692307698,True,27.0,False
TOV3041G,TOV3041G,HGS,70.576055,6.161405124967749,11.29967289394681,selected_patient_representatives,CD276,higher,0.46153846153846156,0.6923076923076923,0.5769230769230769,0.46153846153846156,0.6346153846153846,0.5192307692307692,11.0,11.0,8.0,13.0,8.0,13.0,0.23076923076923073,False,27.0,False
TOV3291G,3291,HGS,86.22609299999998,6.446687865332808,11.2509744168049,selected_patient_representatives,CD276,higher,0.6153846153846154,0.6153846153846154,0.6153846153846154,0.6153846153846154,0.6153846153846154,0.6153846153846154,9.0,8.0,10.0,10.0,8.0,10.0,0.0,True,27.0,False
OV3331,OV3331,HGS,120.600292,6.926002882918445,11.24514857156382,selected_patient_representatives,CD276,higher,0.8461538461538461,0.5384615384615384,0.6923076923076923,0.5384615384615384,0.6153846153846154,0.7692307692307692,8.0,9.0,10.0,6.0,6.0,10.0,0.3076923076923077,True,27.0,False
OV90,OV90,HGS,87.718395,6.471161360899997,11.46830636004824,selected_patient_representatives,CD276,higher,0.6538461538461539,0.8076923076923077,0.7307692307692308,0.6538461538461539,0.7692307692307693,0.6923076923076923,7.0,7.0,6.0,9.0,6.0,9.0,0.15384615384615385,True,27.0,False
TOV21G,TOV21G,CC,78.2452284,6.308252163629561,11.17455814071261,selected_patient_representatives,CD276,higher,0.5769230769230769,0.3076923076923077,0.4423076923076923,0.3076923076923077,0.375,0.5096153846153846,15.0,14.0,16.0,14.0,14.0,16.0,0.26923076923076916,False,27.0,False
TOV3392D,TOV3392D,CC,31.621502400000004,5.0277513225262425,11.19039526338361,selected_patient_representatives,CD276,higher,0.07692307692307693,0.34615384615384615,0.21153846153846154,0.07692307692307693,0.2788461538461538,0.14423076923076922,22.0,23.0,21.0,25.0,21.0,25.0,0.2692307692307692,False,27.0,False
VOA10816,VOA10816,CC,44.969499388,5.522605050048336,11.41406942952789,selected_patient_representatives,CD276,higher,0.19230769230769232,0.7692307692307693,0.4807692307692308,0.19230769230769232,0.6250000000000001,0.33653846153846156,13.0,18.0,9.0,18.0,9.0,18.0,0.576923076923077,False,27.0,False
VOA12539,VOA12539,CC,138.344041,7.122507497178267,11.58857069145782,selected_patient_representatives,CD276,higher,0.9230769230769231,0.8461538461538461,0.8846153846153846,0.8461538461538461,0.8653846153846154,0.9038461538461539,4.0,4.0,4.0,3.0,3.0,4.0,0.07692307692307698,True,27.0,False
VOA295,VOA295,CC,99.2092905,6.646872458157537,11.23189092207062,selected_patient_representatives,CD276,higher,0.7692307692307693,0.46153846153846156,0.6153846153846154,0.46153846153846156,0.5384615384615384,0.6923076923076924,9.0,11.0,13.0,8.0,8.0,13.0,0.3076923076923077,False,27.0,False
VOA4841,VOA4841,CC,58.83763999999998,5.902981371258674,11.13736995331887,selected_patient_representatives,CD276,higher,0.38461538461538464,0.2692307692307692,0.3269230769230769,0.2692307692307692,0.2980769230769231,0.3557692307692308,18.0,15.0,20.0,17.0,15.0,20.0,0.11538461538461542,False,27.0,False
TOV112D,TOV112D,EC,46.013208000536906,5.554994222739966,11.09203098321091,selected_patient_representatives,CD276,higher,0.23076923076923078,0.15384615384615385,0.19230769230769232,0.15384615384615385,0.17307692307692307,0.21153846153846154,24.0,20.0,24.0,23.0,20.0,24.0,0.07692307692307693,False,27.0,False
VOA4395,VOA4395,EC,92.05336300000002,6.539986385910622,11.58870342835562,selected_patient_representatives,CD276,higher,0.7307692307692307,0.8846153846153846,0.8076923076923077,0.7307692307692307,0.8461538461538461,0.7692307692307692,5.0,5.0,5.0,6.0,5.0,6.0,0.15384615384615385,True,27.0,False
TOV2414,TOV2414,MC,73.4636509,6.218464447125683,11.05098276372637,selected_patient_representatives,CD276,higher,0.5,0.07692307692307693,0.28846153846153844,0.07692307692307693,0.1826923076923077,0.3942307692307692,20.0,23.0,23.0,16.0,16.0,23.0,0.4230769230769231,False,27.0,False
VOA8762,VOA8762,MC,153.79534299999997,7.274218258596395,11.94736193120271,selected_patient_representatives,CD276,higher,1.0,1.0,1.0,1.0,1.0,1.0,1.0,1.0,1.0,1.0,1.0,1.0,0.0,True,27.0,False
VOA8771,VOA8771,MC,139.237217610518,7.13172546734442,11.89756974947836,selected_patient_representatives,CD276,higher,0.9615384615384616,0.9615384615384616,0.9615384615384616,0.9615384615384616,0.9615384615384616,0.9615384615384616,2.0,2.0,2.0,2.0,2.0,2.0,0.0,True,27.0,False
VOA5217,VOA5217,MMMT,66.32442259999999,6.073058046562862,11.23499078003665,selected_patient_representatives,CD276,higher,0.4230769230769231,0.5,0.46153846153846156,0.4230769230769231,0.4807692307692308,0.4423076923076923,14.0,13.0,15.0,15.0,13.0,15.0,0.07692307692307693,False,27.0,False
VOA5436,VOA5436,MMMT,75.247574,6.252619530366987,11.24582337524184,selected_patient_representatives,CD276,higher,0.5384615384615384,0.5769230769230769,0.5576923076923077,0.5384615384615384,0.5673076923076923,0.5480769230769231,12.0,9.0,12.0,12.0,9.0,12.0,0.038461538461538436,True,27.0,False
BIN67,BIN67,SCCOHT,127.88388000000002,7.009928021368997,11.60126844966107,selected_patient_representatives,CD276,higher,0.8846153846153846,0.9230769230769231,0.9038461538461539,0.8846153846153846,0.9134615384615384,0.8942307692307692,3.0,3.0,3.0,4.0,3.0,4.0,0.03846153846153855,True,27.0,False
COV434,COV434,SCCOHT,49.57580599999999,5.660375501325638,11.13203068460953,selected_patient_representatives,CD276,higher,0.34615384615384615,0.23076923076923078,0.28846153846153844,0.23076923076923078,0.2596153846153846,0.3173076923076923,20.0,17.0,22.0,19.0,17.0,22.0,0.11538461538461536,False,27.0,False
OV1369-R2;TOV1369,1369,HGS,29.63799135,4.879449689166782,11.057256400168685,patient_means_of_matched_models,CD276,higher,0.038461538461538464,0.07692307692307693,0.057692307692307696,0.038461538461538464,0.06730769230769232,0.04807692307692308,27.0,24.0,26.0,26.0,24.0,27.0,0.038461538461538464,False,27.0,False
OV2295;OV2295-R2,2295,HGS,127.41307835000002,6.594132232207617,11.372793265116744,patient_means_of_matched_models,CD276,higher,0.7307692307692307,0.7307692307692307,0.7307692307692307,0.7307692307692307,0.7307692307692307,0.7307692307692307,7.0,5.0,7.0,8.0,5.0,8.0,0.0,True,27.0,False
OV3133-R;TOV3133G,3133,HGS,17.2193279,4.185898474990539,11.12272789632356,patient_means_of_matched_models,CD276,higher,0.0,0.19230769230769232,0.09615384615384616,0.0,0.14423076923076925,0.04807692307692308,26.0,26.0,23.0,26.0,23.0,26.0,0.19230769230769232,False,27.0,False
TOV3291G,3291,HGS,86.22609299999998,6.446687865332808,11.2509744168049,patient_means_of_matched_models,CD276,higher,0.5769230769230769,0.5769230769230769,0.5769230769230769,0.5769230769230769,0.5769230769230769,0.5769230769230769,11.0,9.0,12.0,11.0,9.0,12.0,0.0,True,27.0,False
BIN67,BIN67,SCCOHT,127.88388000000002,7.009928021368997,11.60126844966107,patient_means_of_matched_models,CD276,higher,0.8846153846153846,0.9230769230769231,0.9038461538461539,0.8846153846153846,0.9134615384615384,0.8942307692307692,3.0,3.0,3.0,4.0,3.0,4.0,0.03846153846153855,True,27.0,False
COV434,COV434,SCCOHT,49.57580599999999,5.660375501325638,11.13203068460953,patient_means_of_matched_models,CD276,higher,0.3076923076923077,0.23076923076923078,0.2692307692307693,0.23076923076923078,0.25,0.2884615384615385,21.0,17.0,22.0,20.0,17.0,22.0,0.07692307692307693,False,27.0,False
OV1946,OV1946,HGS,47.913833,5.612170616881,10.95157513709362,patient_means_of_matched_models,CD276,higher,0.2692307692307692,0.0,0.1346153846153846,0.0,0.0673076923076923,0.20192307692307693,25.0,26.0,27.0,23.0,23.0,27.0,0.2692307692307692,False,27.0,False
OV2085,OV2085,HGS,46.448126599999995,5.568279221159136,11.20571741546495,patient_means_of_matched_models,CD276,higher,0.23076923076923078,0.38461538461538464,0.3076923076923077,0.23076923076923078,0.3461538461538462,0.2692307692307692,19.0,17.0,18.0,21.0,17.0,21.0,0.15384615384615385,False,27.0,False
OV3331,OV3331,HGS,120.600292,6.926002882918445,11.24514857156382,patient_means_of_matched_models,CD276,higher,0.8461538461538461,0.5,0.6730769230769231,0.5,0.5865384615384616,0.7596153846153846,9.0,10.0,11.0,6.0,6.0,11.0,0.34615384615384615,True,27.0,False
OV4453,OV4453,HGS,88.43987379999999,6.482846247421746,11.11442188271028,patient_means_of_matched_models,CD276,higher,0.6538461538461539,0.15384615384615385,0.40384615384615385,0.15384615384615385,0.27884615384615385,0.5288461538461539,17.0,19.0,20.0,12.0,12.0,20.0,0.5,False,27.0,False
OV4485,OV4485,HGS,37.18832920000001,5.255059896031237,11.29143679201831,patient_means_of_matched_models,CD276,higher,0.11538461538461539,0.6153846153846154,0.3653846153846154,0.11538461538461539,0.4903846153846154,0.2403846153846154,18.0,21.0,15.0,22.0,15.0,22.0,0.5,False,27.0,False
OV866-2,OV866-2,HGS,101.99915799999998,6.686488733453222,11.36718905810842,patient_means_of_matched_models,CD276,higher,0.8076923076923077,0.6923076923076923,0.75,0.6923076923076923,0.721153846153846,0.778846153846154,6.0,6.0,8.0,5.0,5.0,8.0,0.11538461538461542,True,27.0,False
OV90,OV90,HGS,87.718395,6.471161360899997,11.46830636004824,patient_means_of_matched_models,CD276,higher,0.6153846153846154,0.8076923076923077,0.7115384615384616,0.6153846153846154,0.7596153846153847,0.6634615384615385,8.0,8.0,6.0,10.0,6.0,10.0,0.1923076923076923,True,27.0,False
TOV112D,TOV112D,EC,46.013208000536906,5.554994222739966,11.09203098321091,patient_means_of_matched_models,CD276,higher,0.19230769230769232,0.11538461538461539,0.15384615384615385,0.11538461538461539,0.1346153846153846,0.1730769230769231,24.0,21.0,25.0,24.0,21.0,25.0,0.07692307692307693,False,27.0,False
TOV21G,TOV21G,CC,78.2452284,6.308252163629561,11.17455814071261,patient_means_of_matched_models,CD276,higher,0.5384615384615384,0.3076923076923077,0.4230769230769231,0.3076923076923077,0.3653846153846154,0.4807692307692308,16.0,15.0,17.0,14.0,14.0,17.0,0.23076923076923073,False,27.0,False
TOV2414,TOV2414,MC,73.4636509,6.218464447125683,11.05098276372637,patient_means_of_matched_models,CD276,higher,0.46153846153846156,0.038461538461538464,0.25,0.038461538461538464,0.14423076923076925,0.3557692307692308,22.0,24.0,23.0,17.0,17.0,24.0,0.42307692307692313,False,27.0,False
TOV3041G,TOV3041G,HGS,70.576055,6.161405124967749,11.29967289394681,patient_means_of_matched_models,CD276,higher,0.4230769230769231,0.6538461538461539,0.5384615384615384,0.4230769230769231,0.5961538461538461,0.4807692307692307,12.0,12.0,10.0,15.0,10.0,15.0,0.23076923076923078,False,27.0,False
TOV3392D,TOV3392D,CC,31.621502400000004,5.0277513225262425,11.19039526338361,patient_means_of_matched_models,CD276,higher,0.07692307692307693,0.34615384615384615,0.21153846153846154,0.07692307692307693,0.2788461538461538,0.14423076923076922,23.0,23.0,21.0,25.0,21.0,25.0,0.2692307692307692,False,27.0,False
VOA10816,VOA10816,CC,44.969499388,5.522605050048336,11.41406942952789,patient_means_of_matched_models,CD276,higher,0.15384615384615385,0.7692307692307693,0.46153846153846156,0.15384615384615385,0.6153846153846154,0.3076923076923077,14.0,19.0,9.0,19.0,9.0,19.0,0.6153846153846154,False,27.0,False
VOA12539,VOA12539,CC,138.344041,7.122507497178267,11.58857069145782,patient_means_of_matched_models,CD276,higher,0.9230769230769231,0.8461538461538461,0.8846153846153846,0.8461538461538461,0.8653846153846154,0.9038461538461539,4.0,4.0,4.0,3.0,3.0,4.0,0.07692307692307698,True,27.0,False
VOA295,VOA295,CC,99.2092905,6.646872458157537,11.23189092207062,patient_means_of_matched_models,CD276,higher,0.7692307692307693,0.4230769230769231,0.5961538461538461,0.4230769230769231,0.5096153846153846,0.6826923076923077,10.0,12.0,14.0,9.0,9.0,14.0,0.3461538461538462,False,27.0,False
VOA4395,VOA4395,EC,92.05336300000002,6.539986385910622,11.58870342835562,patient_means_of_matched_models,CD276,higher,0.6923076923076923,0.8846153846153846,0.7884615384615384,0.6923076923076923,0.8365384615384615,0.7403846153846153,5.0,6.0,5.0,7.0,5.0,7.0,0.1923076923076923,True,27.0,False
VOA4841,VOA4841,CC,58.83763999999998,5.902981371258674,11.13736995331887,patient_means_of_matched_models,CD276,higher,0.34615384615384615,0.2692307692307692,0.3076923076923077,0.2692307692307692,0.28846153846153844,0.32692307692307687,19.0,16.0,19.0,18.0,16.0,19.0,0.07692307692307693,False,27.0,False
VOA5217,VOA5217,MMMT,66.32442259999999,6.073058046562862,11.23499078003665,patient_means_of_matched_models,CD276,higher,0.38461538461538464,0.46153846153846156,0.42307692307692313,0.38461538461538464,0.4423076923076923,0.40384615384615385,15.0,14.0,16.0,16.0,14.0,16.0,0.07692307692307693,False,27.0,False
VOA5436,VOA5436,MMMT,75.247574,6.252619530366987,11.24582337524184,patient_means_of_matched_models,CD276,higher,0.5,0.5384615384615384,0.5192307692307692,0.5,0.5288461538461539,0.5096153846153846,13.0,10.0,13.0,13.0,10.0,13.0,0.038461538461538436,True,27.0,False
VOA8762,VOA8762,MC,153.79534299999997,7.274218258596395,11.94736193120271,patient_means_of_matched_models,CD276,higher,1.0,1.0,1.0,1.0,1.0,1.0,1.0,1.0,1.0,1.0,1.0,1.0,0.0,True,27.0,False
VOA8771,VOA8771,MC,139.237217610518,7.13172546734442,11.89756974947836,patient_means_of_matched_models,CD276,higher,0.9615384615384616,0.9615384615384616,0.9615384615384616,0.9615384615384616,0.9615384615384616,0.9615384615384616,2.0,2.0,2.0,2.0,2.0,2.0,0.0,True,27.0,False
OV1369-R2,1369,HGS,21.136195000000004,4.468335352851638,11.03531612366213,HGS_selected_representatives,CD276,higher,0.09090909090909091,0.09090909090909091,0.09090909090909091,0.09090909090909091,0.09090909090909091,0.09090909090909091,12.0,10.0,12.0,12.0,10.0,12.0,0.0,False,12.0,False
OV1946,OV1946,HGS,47.913833,5.612170616881,10.95157513709362,HGS_selected_representatives,CD276,higher,0.45454545454545453,0.0,0.22727272727272727,0.0,0.11363636363636363,0.3409090909090909,9.0,11.0,11.0,8.0,8.0,11.0,0.45454545454545453,False,12.0,False
OV2085,OV2085,HGS,46.448126599999995,5.568279221159136,11.20571741546495,HGS_selected_representatives,CD276,higher,0.36363636363636365,0.36363636363636365,0.36363636363636365,0.36363636363636365,0.36363636363636365,0.36363636363636365,8.0,6.0,8.0,7.0,6.0,8.0,0.0,False,12.0,False
OV2295,2295,HGS,42.8198304,5.453511995428358,11.07691816161428,HGS_selected_representatives,CD276,higher,0.2727272727272727,0.18181818181818182,0.22727272727272727,0.18181818181818182,0.20454545454545453,0.25,9.0,8.0,10.0,10.0,8.0,10.0,0.09090909090909088,False,12.0,False
OV3133-R,3133,HGS,16.389119,4.120112936874719,11.22841128961198,HGS_selected_representatives,CD276,higher,0.0,0.45454545454545453,0.22727272727272727,0.0,0.3409090909090909,0.11363636363636363,9.0,11.0,9.0,11.0,9.0,11.0,0.45454545454545453,False,12.0,False
OV4453,OV4453,HGS,88.43987379999999,6.482846247421746,11.11442188271028,HGS_selected_representatives,CD276,higher,0.8181818181818182,0.2727272727272727,0.5454545454545454,0.2727272727272727,0.40909090909090906,0.6818181818181819,6.0,7.0,7.0,4.0,4.0,7.0,0.5454545454545455,False,12.0,False
OV4485,OV4485,HGS,37.18832920000001,5.255059896031237,11.29143679201831,HGS_selected_representatives,CD276,higher,0.18181818181818182,0.7272727272727273,0.4545454545454546,0.18181818181818182,0.5909090909090908,0.3181818181818182,7.0,8.0,6.0,9.0,6.0,9.0,0.5454545454545454,False,12.0,False
OV866-2,OV866-2,HGS,101.99915799999998,6.686488733453222,11.36718905810842,HGS_selected_representatives,CD276,higher,0.9090909090909091,0.9090909090909091,0.9090909090909091,0.9090909090909091,0.9090909090909091,0.9090909090909091,1.0,1.0,2.0,1.0,1.0,2.0,0.0,True,12.0,False
TOV3041G,TOV3041G,HGS,70.576055,6.161405124967749,11.29967289394681,HGS_selected_representatives,CD276,higher,0.5454545454545454,0.8181818181818182,0.6818181818181819,0.5454545454545454,0.75,0.6136363636363636,4.0,4.0,3.0,6.0,3.0,6.0,0.2727272727272728,True,12.0,False
TOV3291G,3291,HGS,86.22609299999998,6.446687865332808,11.2509744168049,HGS_selected_representatives,CD276,higher,0.6363636363636364,0.6363636363636364,0.6363636363636364,0.6363636363636364,0.6363636363636364,0.6363636363636364,5.0,3.0,5.0,5.0,3.0,5.0,0.0,True,12.0,False
OV3331,OV3331,HGS,120.600292,6.926002882918445,11.24514857156382,HGS_selected_representatives,CD276,higher,1.0,0.5454545454545454,0.7727272727272727,0.5454545454545454,0.6590909090909091,0.8863636363636364,3.0,4.0,4.0,2.0,2.0,4.0,0.4545454545454546,True,12.0,False
OV90,OV90,HGS,87.718395,6.471161360899997,11.46830636004824,HGS_selected_representatives,CD276,higher,0.7272727272727273,1.0,0.8636363636363636,0.7272727272727273,0.9318181818181819,0.7954545454545454,2.0,2.0,1.0,3.0,1.0,3.0,0.2727272727272727,True,12.0,False
TOV21G,TOV21G,CC,78.2452284,6.308252163629561,11.17455814071261,CC_selected_representatives,CD276,higher,0.6,0.2,0.4,0.2,0.30000000000000004,0.49999999999999994,4.0,3.0,4.0,3.0,3.0,4.0,0.39999999999999997,False,6.0,False
TOV3392D,TOV3392D,CC,31.621502400000004,5.0277513225262425,11.19039526338361,CC_selected_representatives,CD276,higher,0.0,0.4,0.2,0.0,0.30000000000000004,0.1,5.0,5.0,4.0,6.0,4.0,6.0,0.4,False,6.0,False
VOA10816,VOA10816,CC,44.969499388,5.522605050048336,11.41406942952789,CC_selected_representatives,CD276,higher,0.2,0.8,0.5,0.2,0.6500000000000001,0.35000000000000003,3.0,3.0,2.0,4.0,2.0,4.0,0.6000000000000001,False,6.0,False
VOA12539,VOA12539,CC,138.344041,7.122507497178267,11.58857069145782,CC_selected_representatives,CD276,higher,1.0,1.0,1.0,1.0,1.0,1.0,1.0,1.0,1.0,1.0,1.0,1.0,0.0,True,6.0,False
VOA295,VOA295,CC,99.2092905,6.646872458157537,11.23189092207062,CC_selected_representatives,CD276,higher,0.8,0.6,0.7,0.6,0.6499999999999999,0.7500000000000001,2.0,2.0,3.0,2.0,2.0,3.0,0.20000000000000007,True,6.0,False
VOA4841,VOA4841,CC,58.83763999999998,5.902981371258674,11.13736995331887,CC_selected_representatives,CD276,higher,0.4,0.0,0.2,0.0,0.1,0.30000000000000004,5.0,5.0,6.0,5.0,5.0,6.0,0.4,False,6.0,False
OV1369-R2,1369,HGS,0.1306923006931239,0.1772063770192538,11.06721011285829,matched_models,VTCN1,higher,0.2413793103448276,0.3103448275862069,0.27586206896551724,0.2413793103448276,0.2931034482758621,0.25862068965517243,20.0,20.0,22.0,20.0,20.0,22.0,0.06896551724137931,False,30.0,True
OV1946,OV1946,HGS,0.0154181,0.02207388169337604,10.98127098179555,matched_models,VTCN1,higher,0.13793103448275862,0.1724137931034483,0.15517241379310345,0.13793103448275862,0.16379310344827586,0.14655172413793105,26.0,21.0,24.0,28.0,21.0,28.0,0.03448275862068967,False,30.0,True
OV2085,OV2085,HGS,0.610727,0.6877119942795387,10.71853100263169,matched_models,VTCN1,higher,0.3103448275862069,0.034482758620689655,0.1724137931034483,0.034482758620689655,0.10344827586206896,0.2413793103448276,23.0,27.0,29.0,22.0,22.0,29.0,0.27586206896551724,False,30.0,True
OV2295,2295,HGS,67.538477,6.09884222883725,12.16004594054413,matched_models,VTCN1,higher,0.9310344827586207,0.896551724137931,0.9137931034482758,0.896551724137931,0.9051724137931034,0.9224137931034483,3.0,3.0,4.0,3.0,3.0,4.0,0.03448275862068961,True,30.0,True
OV2295-R2,2295,HGS,41.178339,5.398430377225077,12.94709821567282,matched_models,VTCN1,higher,0.8275862068965517,1.0,0.9137931034482758,0.8275862068965517,0.9568965517241379,0.8706896551724138,3.0,5.0,2.0,5.0,2.0,5.0,0.1724137931034483,True,30.0,True
OV3133-R,3133,HGS,99.187487962,6.646558536807934,12.69559073404541,matched_models,VTCN1,higher,0.9655172413793104,0.9310344827586207,0.9482758620689655,0.9310344827586207,0.9396551724137931,0.9568965517241379,2.0,2.0,3.0,2.0,2.0,3.0,0.034482758620689724,True,30.0,True
OV4453,OV4453,HGS,54.997301,5.8072853876334465,11.99681808522011,matched_models,VTCN1,higher,0.896551724137931,0.8620689655172413,0.8793103448275862,0.8620689655172413,0.8706896551724138,0.8879310344827587,5.0,4.0,5.0,4.0,4.0,5.0,0.034482758620689724,True,30.0,True
OV4485,OV4485,HGS,2.085621,1.6255608697508066,11.262004327702693,matched_models,VTCN1,higher,0.41379310344827586,0.5172413793103449,0.4655172413793104,0.41379310344827586,0.4913793103448276,0.43965517241379315,16.0,16.0,16.0,17.0,16.0,17.0,0.103448275862069,False,30.0,True
OV866-2,OV866-2,HGS,0.0144121,0.020643859290551535,11.03801149314536,matched_models,VTCN1,higher,0.034482758620689655,0.2413793103448276,0.13793103448275862,0.034482758620689655,0.1896551724137931,0.08620689655172414,29.0,27.0,23.0,29.0,23.0,29.0,0.20689655172413796,False,30.0,True
TOV1369,1369,HGS,26.310313617,4.77137397622208,11.7026768426138,matched_models,VTCN1,higher,0.6551724137931034,0.7241379310344828,0.6896551724137931,0.6551724137931034,0.7068965517241379,0.6724137931034483,8.0,8.0,9.0,11.0,8.0,11.0,0.06896551724137934,True,30.0,True
TOV3041G,TOV3041G,HGS,3.0596626,2.021359829495709,11.40768975539099,matched_models,VTCN1,higher,0.4482758620689655,0.5862068965517241,0.5172413793103448,0.4482758620689655,0.5517241379310345,0.48275862068965514,15.0,14.0,14.0,16.0,14.0,16.0,0.13793103448275856,False,30.0,True
TOV3133G,3133,HGS,28.2618611,4.870949624936342,11.92546491136639,matched_models,VTCN1,higher,0.6896551724137931,0.8275862068965517,0.7586206896551724,0.6896551724137931,0.7931034482758621,0.7241379310344828,7.0,7.0,6.0,8.0,6.0,8.0,0.13793103448275856,True,30.0,True
TOV3291G,3291,HGS,15.941653,4.0825027404286285,11.90869497539916,matched_models,VTCN1,higher,0.5862068965517241,0.7931034482758621,0.6896551724137931,0.5862068965517241,0.7413793103448276,0.6379310344827586,8.0,11.0,8.0,12.0,8.0,12.0,0.206896551724138,True,30.0,True
OV3331,OV3331,HGS,99.8904800312026,6.656646238750821,12.7258953045242,matched_models,VTCN1,higher,1.0,0.9655172413793104,0.9827586206896552,0.9655172413793104,0.9741379310344828,0.9913793103448276,1.0,1.0,1.0,1.0,1.0,1.0,0.03448275862068961,True,30.0,True
OV90,OV90,HGS,0.973115,0.9804750437932023,10.47113736434456,matched_models,VTCN1,higher,0.3448275862068966,0.0,0.1724137931034483,0.0,0.08620689655172414,0.25862068965517243,23.0,29.0,30.0,20.0,20.0,30.0,0.3448275862068966,False,30.0,True
TOV21G,TOV21G,CC,30.491760000000003,4.97690248342824,11.34668224397892,matched_models,VTCN1,higher,0.7586206896551724,0.5517241379310345,0.6551724137931034,0.5517241379310345,0.603448275862069,0.7068965517241379,11.0,12.0,13.0,9.0,9.0,13.0,0.2068965517241379,True,30.0,True
TOV3392D,TOV3392D,CC,11.3600509,3.6276127793130137,11.68035323549172,matched_models,VTCN1,higher,0.5517241379310345,0.6896551724137931,0.6206896551724138,0.5517241379310345,0.6551724137931034,0.5862068965517242,13.0,12.0,11.0,14.0,11.0,14.0,0.13793103448275867,True,30.0,True
VOA10816,VOA10816,CC,21.803562999999997,4.511187354401435,11.48922546659265,matched_models,VTCN1,higher,0.6206896551724138,0.6206896551724138,0.6206896551724138,0.6206896551724138,0.6206896551724138,0.6206896551724138,13.0,10.0,12.0,13.0,10.0,13.0,0.0,True,30.0,True
VOA12539,VOA12539,CC,34.54783400000001,5.151689751141079,11.7225609448576,matched_models,VTCN1,higher,0.7931034482758621,0.7586206896551724,0.7758620689655172,0.7586206896551724,0.7672413793103448,0.7844827586206897,6.0,6.0,7.0,6.0,6.0,7.0,0.034482758620689724,True,30.0,True
VOA295,VOA295,CC,5.418680999999999,2.6822768627269773,11.06317124622057,matched_models,VTCN1,higher,0.4827586206896552,0.27586206896551724,0.3793103448275862,0.27586206896551724,0.3275862068965517,0.43103448275862066,18.0,19.0,21.0,18.0,18.0,21.0,0.20689655172413796,False,30.0,True
VOA4841,VOA4841,CC,6.272485114178,2.862448438321311,11.23870205695858,matched_models,VTCN1,higher,0.5172413793103449,0.3793103448275862,0.4482758620689655,0.3793103448275862,0.4137931034482758,0.48275862068965525,17.0,17.0,17.0,15.0,15.0,17.0,0.13793103448275867,False,30.0,True
TOV112D,TOV112D,EC,0.0150433,0.02154127161030195,11.26021222239978,matched_models,VTCN1,higher,0.06896551724137931,0.4827586206896552,0.27586206896551724,0.06896551724137931,0.3793103448275862,0.1724137931034483,20.0,25.0,18.0,26.0,18.0,26.0,0.4137931034482759,False,30.0,True
VOA4395,VOA4395,EC,0.0154067,0.022057684605900744,11.25549669076475,matched_models,VTCN1,higher,0.10344827586206896,0.41379310344827586,0.25862068965517243,0.10344827586206896,0.33620689655172414,0.1810344827586207,22.0,23.0,20.0,24.0,20.0,24.0,0.3103448275862069,False,30.0,True
TOV2414,TOV2414,MC,0.13741800880237,0.18576255185415358,10.74090216557992,matched_models,VTCN1,higher,0.27586206896551724,0.06896551724137931,0.1724137931034483,0.06896551724137931,0.12068965517241378,0.22413793103448276,23.0,25.0,28.0,23.0,23.0,28.0,0.20689655172413793,False,30.0,True
VOA8762,VOA8762,MC,51.798036,5.722412359589281,11.25877954016534,matched_models,VTCN1,higher,0.8620689655172413,0.4482758620689655,0.6551724137931034,0.4482758620689655,0.5517241379310345,0.7586206896551724,11.0,14.0,14.0,7.0,7.0,14.0,0.4137931034482758,False,30.0,True
VOA8771,VOA8771,MC,28.877374000000003,4.900981446372485,11.49404625895323,matched_models,VTCN1,higher,0.7241379310344828,0.6551724137931034,0.6896551724137931,0.6551724137931034,0.6724137931034483,0.7068965517241379,8.0,8.0,10.0,9.0,8.0,10.0,0.06896551724137934,True,30.0,True
VOA5217,VOA5217,MMMT,1.61486,1.3867337064291667,11.18248238661012,matched_models,VTCN1,higher,0.3793103448275862,0.3448275862068966,0.3620689655172414,0.3448275862068966,0.35344827586206895,0.37068965517241376,19.0,18.0,19.0,19.0,18.0,19.0,0.03448275862068961,False,30.0,True
VOA5436,VOA5436,MMMT,0.0495587003020399,0.06978285673621965,10.74634783430847,matched_models,VTCN1,higher,0.20689655172413793,0.10344827586206896,0.15517241379310345,0.10344827586206896,0.12931034482758622,0.1810344827586207,26.0,23.0,27.0,24.0,23.0,27.0,0.10344827586206896,False,30.0,True
BIN67,BIN67,SCCOHT,0.0122173,0.01751903704761473,11.0005167142547,matched_models,VTCN1,higher,0.0,0.20689655172413793,0.10344827586206896,0.0,0.15517241379310345,0.05172413793103448,30.0,29.0,25.0,30.0,25.0,30.0,0.20689655172413793,False,30.0,True
COV434,COV434,SCCOHT,0.0249563,0.03556240034801256,10.76682622945963,matched_models,VTCN1,higher,0.1724137931034483,0.13793103448275862,0.15517241379310345,0.13793103448275862,0.14655172413793105,0.16379310344827586,26.0,21.0,26.0,27.0,21.0,27.0,0.03448275862068967,False,30.0,True
OV1369-R2,1369,HGS,0.1306923006931239,0.1772063770192538,11.06721011285829,selected_patient_representatives,VTCN1,higher,0.2692307692307692,0.34615384615384615,0.3076923076923077,0.2692307692307692,0.32692307692307687,0.28846153846153844,17.0,17.0,19.0,18.0,17.0,19.0,0.07692307692307693,False,27.0,True
OV1946,OV1946,HGS,0.0154181,0.02207388169337604,10.98127098179555,selected_patient_representatives,VTCN1,higher,0.15384615384615385,0.19230769230769232,0.17307692307692307,0.15384615384615385,0.1826923076923077,0.16346153846153846,23.0,18.0,21.0,25.0,18.0,25.0,0.038461538461538464,False,27.0,True
OV2085,OV2085,HGS,0.610727,0.6877119942795387,10.71853100263169,selected_patient_representatives,VTCN1,higher,0.34615384615384615,0.038461538461538464,0.1923076923076923,0.038461538461538464,0.11538461538461539,0.2692307692307692,22.0,24.0,26.0,19.0,19.0,26.0,0.3076923076923077,False,27.0,True
OV2295,2295,HGS,67.538477,6.09884222883725,12.16004594054413,selected_patient_representatives,VTCN1,higher,0.9230769230769231,0.9230769230769231,0.9230769230769231,0.9230769230769231,0.9230769230769231,0.9230769230769231,3.0,3.0,3.0,3.0,3.0,3.0,0.0,True,27.0,True
OV3133-R,3133,HGS,99.187487962,6.646558536807934,12.69559073404541,selected_patient_representatives,VTCN1,higher,0.9615384615384616,0.9615384615384616,0.9615384615384616,0.9615384615384616,0.9615384615384616,0.9615384615384616,2.0,2.0,2.0,2.0,2.0,2.0,0.0,True,27.0,True
OV4453,OV4453,HGS,54.997301,5.8072853876334465,11.99681808522011,selected_patient_representatives,VTCN1,higher,0.8846153846153846,0.8846153846153846,0.8846153846153846,0.8846153846153846,0.8846153846153846,0.8846153846153846,4.0,4.0,4.0,4.0,4.0,4.0,0.0,True,27.0,True
OV4485,OV4485,HGS,2.085621,1.6255608697508066,11.262004327702693,selected_patient_representatives,VTCN1,higher,0.46153846153846156,0.5769230769230769,0.5192307692307692,0.46153846153846156,0.548076923076923,0.49038461538461536,13.0,13.0,13.0,14.0,13.0,14.0,0.11538461538461531,False,27.0,True
OV866-2,OV866-2,HGS,0.0144121,0.020643859290551535,11.03801149314536,selected_patient_representatives,VTCN1,higher,0.038461538461538464,0.2692307692307692,0.15384615384615385,0.038461538461538464,0.21153846153846154,0.09615384615384615,26.0,24.0,20.0,26.0,20.0,26.0,0.23076923076923075,False,27.0,True
TOV3041G,TOV3041G,HGS,3.0596626,2.021359829495709,11.40768975539099,selected_patient_representatives,VTCN1,higher,0.5,0.6538461538461539,0.5769230769230769,0.5,0.6153846153846154,0.5384615384615384,12.0,11.0,11.0,12.0,11.0,12.0,0.15384615384615385,True,27.0,True
TOV3291G,3291,HGS,15.941653,4.0825027404286285,11.90869497539916,selected_patient_representatives,VTCN1,higher,0.6538461538461539,0.8461538461538461,0.75,0.6538461538461539,0.798076923076923,0.701923076923077,6.0,8.0,6.0,9.0,6.0,9.0,0.1923076923076923,True,27.0,True
OV3331,OV3331,HGS,99.8904800312026,6.656646238750821,12.7258953045242,selected_patient_representatives,VTCN1,higher,1.0,1.0,1.0,1.0,1.0,1.0,1.0,1.0,1.0,1.0,1.0,1.0,0.0,True,27.0,True
OV90,OV90,HGS,0.973115,0.9804750437932023,10.47113736434456,selected_patient_representatives,VTCN1,higher,0.38461538461538464,0.0,0.19230769230769232,0.0,0.09615384615384616,0.2884615384615385,20.0,26.0,27.0,17.0,17.0,27.0,0.38461538461538464,False,27.0,True
TOV21G,TOV21G,CC,30.491760000000003,4.97690248342824,11.34668224397892,selected_patient_representatives,VTCN1,higher,0.7692307692307693,0.6153846153846154,0.6923076923076923,0.6153846153846154,0.6538461538461539,0.7307692307692308,8.0,9.0,10.0,7.0,7.0,10.0,0.15384615384615385,True,27.0,True
TOV3392D,TOV3392D,CC,11.3600509,3.6276127793130137,11.68035323549172,selected_patient_representatives,VTCN1,higher,0.6153846153846154,0.7692307692307693,0.6923076923076923,0.6153846153846154,0.7307692307692308,0.6538461538461539,8.0,9.0,7.0,11.0,7.0,11.0,0.15384615384615385,True,27.0,True
VOA10816,VOA10816,CC,21.803562999999997,4.511187354401435,11.48922546659265,selected_patient_representatives,VTCN1,higher,0.6923076923076923,0.6923076923076923,0.6923076923076923,0.6923076923076923,0.6923076923076923,0.6923076923076923,8.0,7.0,9.0,10.0,7.0,10.0,0.0,True,27.0,True
VOA12539,VOA12539,CC,34.54783400000001,5.151689751141079,11.7225609448576,selected_patient_representatives,VTCN1,higher,0.8076923076923077,0.8076923076923077,0.8076923076923077,0.8076923076923077,0.8076923076923077,0.8076923076923077,5.0,5.0,5.0,5.0,5.0,5.0,0.0,True,27.0,True
VOA295,VOA295,CC,5.418680999999999,2.6822768627269773,11.06317124622057,selected_patient_representatives,VTCN1,higher,0.5384615384615384,0.3076923076923077,0.4230769230769231,0.3076923076923077,0.3653846153846154,0.4807692307692308,15.0,16.0,18.0,15.0,15.0,18.0,0.23076923076923073,False,27.0,True
VOA4841,VOA4841,CC,6.272485114178,2.862448438321311,11.23870205695858,selected_patient_representatives,VTCN1,higher,0.5769230769230769,0.4230769230769231,0.5,0.4230769230769231,0.4615384615384615,0.5384615384615384,14.0,14.0,14.0,12.0,12.0,14.0,0.1538461538461538,False,27.0,True
TOV112D,TOV112D,EC,0.0150433,0.02154127161030195,11.26021222239978,selected_patient_representatives,VTCN1,higher,0.07692307692307693,0.5384615384615384,0.3076923076923077,0.07692307692307693,0.4230769230769231,0.1923076923076923,17.0,22.0,15.0,23.0,15.0,23.0,0.4615384615384615,False,27.0,True
VOA4395,VOA4395,EC,0.0154067,0.022057684605900744,11.25549669076475,selected_patient_representatives,VTCN1,higher,0.11538461538461539,0.46153846153846156,0.2884615384615385,0.11538461538461539,0.375,0.20192307692307693,19.0,20.0,17.0,21.0,17.0,21.0,0.34615384615384615,False,27.0,True
TOV2414,TOV2414,MC,0.13741800880237,0.18576255185415358,10.74090216557992,selected_patient_representatives,VTCN1,higher,0.3076923076923077,0.07692307692307693,0.19230769230769232,0.07692307692307693,0.13461538461538464,0.25,20.0,22.0,25.0,20.0,20.0,25.0,0.23076923076923078,False,27.0,True
VOA8762,VOA8762,MC,51.798036,5.722412359589281,11.25877954016534,selected_patient_representatives,VTCN1,higher,0.8461538461538461,0.5,0.6730769230769231,0.5,0.5865384615384616,0.7596153846153846,11.0,11.0,12.0,6.0,6.0,12.0,0.34615384615384615,True,27.0,True
VOA8771,VOA8771,MC,28.877374000000003,4.900981446372485,11.49404625895323,selected_patient_representatives,VTCN1,higher,0.7307692307692307,0.7307692307692307,0.7307692307692307,0.7307692307692307,0.7307692307692307,0.7307692307692307,7.0,6.0,8.0,8.0,6.0,8.0,0.0,True,27.0,True
VOA5217,VOA5217,MMMT,1.61486,1.3867337064291667,11.18248238661012,selected_patient_representatives,VTCN1,higher,0.4230769230769231,0.38461538461538464,0.40384615384615385,0.38461538461538464,0.3942307692307693,0.41346153846153844,16.0,15.0,16.0,16.0,15.0,16.0,0.038461538461538436,False,27.0,True
VOA5436,VOA5436,MMMT,0.0495587003020399,0.06978285673621965,10.74634783430847,selected_patient_representatives,VTCN1,higher,0.23076923076923078,0.11538461538461539,0.17307692307692307,0.11538461538461539,0.14423076923076922,0.20192307692307693,23.0,20.0,24.0,21.0,20.0,24.0,0.11538461538461539,False,27.0,True
BIN67,BIN67,SCCOHT,0.0122173,0.01751903704761473,11.0005167142547,selected_patient_representatives,VTCN1,higher,0.0,0.23076923076923078,0.11538461538461539,0.0,0.17307692307692307,0.057692307692307696,27.0,26.0,22.0,27.0,22.0,27.0,0.23076923076923078,False,27.0,True
COV434,COV434,SCCOHT,0.0249563,0.03556240034801256,10.76682622945963,selected_patient_representatives,VTCN1,higher,0.19230769230769232,0.15384615384615385,0.17307692307692307,0.15384615384615385,0.16346153846153846,0.1826923076923077,23.0,18.0,23.0,24.0,18.0,24.0,0.038461538461538464,False,27.0,True
OV1369-R2;TOV1369,1369,HGS,13.220502958846561,2.474290176620667,11.384943477736044,patient_means_of_matched_models,VTCN1,higher,0.5,0.6153846153846154,0.5576923076923077,0.5,0.5865384615384616,0.5288461538461539,12.0,11.0,12.0,12.0,11.0,12.0,0.11538461538461542,True,27.0,True
OV2295;OV2295-R2,2295,HGS,54.358408,5.748636303031164,12.553572078108475,patient_means_of_matched_models,VTCN1,higher,0.8846153846153846,0.9615384615384616,0.9230769230769231,0.8846153846153846,0.9423076923076923,0.9038461538461539,2.0,3.0,2.0,4.0,2.0,4.0,0.07692307692307698,True,27.0,True
OV3133-R;TOV3133G,3133,HGS,63.724674531000005,5.758754080872138,12.3105278227059,patient_means_of_matched_models,VTCN1,higher,0.9230769230769231,0.9230769230769231,0.9230769230769231,0.9230769230769231,0.9230769230769231,0.9230769230769231,2.0,2.0,3.0,3.0,2.0,3.0,0.0,True,27.0,True
TOV3291G,3291,HGS,15.941653,4.0825027404286285,11.90869497539916,patient_means_of_matched_models,VTCN1,higher,0.6538461538461539,0.8461538461538461,0.75,0.6538461538461539,0.798076923076923,0.701923076923077,6.0,8.0,6.0,9.0,6.0,9.0,0.1923076923076923,True,27.0,True
BIN67,BIN67,SCCOHT,0.0122173,0.01751903704761473,11.0005167142547,patient_means_of_matched_models,VTCN1,higher,0.0,0.23076923076923078,0.11538461538461539,0.0,0.17307692307692307,0.057692307692307696,27.0,26.0,22.0,27.0,22.0,27.0,0.23076923076923078,False,27.0,True
COV434,COV434,SCCOHT,0.0249563,0.03556240034801256,10.76682622945963,patient_means_of_matched_models,VTCN1,higher,0.19230769230769232,0.15384615384615385,0.17307692307692307,0.15384615384615385,0.16346153846153846,0.1826923076923077,20.0,18.0,23.0,23.0,18.0,23.0,0.038461538461538464,False,27.0,True
OV1946,OV1946,HGS,0.0154181,0.02207388169337604,10.98127098179555,patient_means_of_matched_models,VTCN1,higher,0.15384615384615385,0.19230769230769232,0.17307692307692307,0.15384615384615385,0.1826923076923077,0.16346153846153846,20.0,18.0,21.0,25.0,18.0,25.0,0.038461538461538464,False,27.0,True
OV2085,OV2085,HGS,0.610727,0.6877119942795387,10.71853100263169,patient_means_of_matched_models,VTCN1,higher,0.3076923076923077,0.038461538461538464,0.17307692307692307,0.038461538461538464,0.10576923076923078,0.2403846153846154,20.0,24.0,26.0,19.0,19.0,26.0,0.2692307692307693,False,27.0,True
OV3331,OV3331,HGS,99.8904800312026,6.656646238750821,12.7258953045242,patient_means_of_matched_models,VTCN1,higher,1.0,1.0,1.0,1.0,1.0,1.0,1.0,1.0,1.0,1.0,1.0,1.0,0.0,True,27.0,True
OV4453,OV4453,HGS,54.997301,5.8072853876334465,11.99681808522011,patient_means_of_matched_models,VTCN1,higher,0.9615384615384616,0.8846153846153846,0.9230769230769231,0.8846153846153846,0.9038461538461539,0.9423076923076923,2.0,3.0,4.0,2.0,2.0,4.0,0.07692307692307698,True,27.0,True
OV4485,OV4485,HGS,2.085621,1.6255608697508066,11.262004327702693,patient_means_of_matched_models,VTCN1,higher,0.4230769230769231,0.5384615384615384,0.4807692307692307,0.4230769230769231,0.5096153846153846,0.45192307692307687,14.0,14.0,14.0,16.0,14.0,16.0,0.11538461538461536,False,27.0,True
OV866-2,OV866-2,HGS,0.0144121,0.020643859290551535,11.03801149314536,patient_means_of_matched_models,VTCN1,higher,0.038461538461538464,0.2692307692307692,0.15384615384615385,0.038461538461538464,0.21153846153846154,0.09615384615384615,26.0,24.0,20.0,26.0,20.0,26.0,0.23076923076923075,False,27.0,True
OV90,OV90,HGS,0.973115,0.9804750437932023,10.47113736434456,patient_means_of_matched_models,VTCN1,higher,0.34615384615384615,0.0,0.17307692307692307,0.0,0.08653846153846154,0.2596153846153846,20.0,26.0,27.0,18.0,18.0,27.0,0.34615384615384615,False,27.0,True
TOV112D,TOV112D,EC,0.0150433,0.02154127161030195,11.26021222239978,patient_means_of_matched_models,VTCN1,higher,0.07692307692307693,0.5,0.28846153846153844,0.07692307692307693,0.3942307692307692,0.1826923076923077,18.0,22.0,16.0,23.0,16.0,23.0,0.4230769230769231,False,27.0,True
TOV21G,TOV21G,CC,30.491760000000003,4.97690248342824,11.34668224397892,patient_means_of_matched_models,VTCN1,higher,0.7692307692307693,0.5769230769230769,0.6730769230769231,0.5769230769230769,0.625,0.7211538461538463,10.0,10.0,10.0,8.0,8.0,10.0,0.1923076923076924,True,27.0,True
TOV2414,TOV2414,MC,0.13741800880237,0.18576255185415358,10.74090216557992,patient_means_of_matched_models,VTCN1,higher,0.2692307692307692,0.07692307692307693,0.17307692307692307,0.07692307692307693,0.125,0.22115384615384615,20.0,22.0,25.0,20.0,20.0,25.0,0.1923076923076923,False,27.0,True
TOV3041G,TOV3041G,HGS,3.0596626,2.021359829495709,11.40768975539099,patient_means_of_matched_models,VTCN1,higher,0.46153846153846156,0.6538461538461539,0.5576923076923077,0.46153846153846156,0.6057692307692308,0.5096153846153846,12.0,12.0,11.0,14.0,11.0,14.0,0.1923076923076923,False,27.0,True
TOV3392D,TOV3392D,CC,11.3600509,3.6276127793130137,11.68035323549172,patient_means_of_matched_models,VTCN1,higher,0.6153846153846154,0.7692307692307693,0.6923076923076923,0.6153846153846154,0.7307692307692308,0.6538461538461539,8.0,9.0,7.0,11.0,7.0,11.0,0.15384615384615385,True,27.0,True
VOA10816,VOA10816,CC,21.803562999999997,4.511187354401435,11.48922546659265,patient_means_of_matched_models,VTCN1,higher,0.6923076923076923,0.6923076923076923,0.6923076923076923,0.6923076923076923,0.6923076923076923,0.6923076923076923,8.0,7.0,9.0,10.0,7.0,10.0,0.0,True,27.0,True
VOA12539,VOA12539,CC,34.54783400000001,5.151689751141079,11.7225609448576,patient_means_of_matched_models,VTCN1,higher,0.8076923076923077,0.8076923076923077,0.8076923076923077,0.8076923076923077,0.8076923076923077,0.8076923076923077,5.0,5.0,5.0,5.0,5.0,5.0,0.0,True,27.0,True
VOA295,VOA295,CC,5.418680999999999,2.6822768627269773,11.06317124622057,patient_means_of_matched_models,VTCN1,higher,0.5384615384615384,0.3076923076923077,0.4230769230769231,0.3076923076923077,0.3653846153846154,0.4807692307692308,16.0,17.0,17.0,15.0,15.0,17.0,0.23076923076923073,False,27.0,True
VOA4395,VOA4395,EC,0.0154067,0.022057684605900744,11.25549669076475,patient_means_of_matched_models,VTCN1,higher,0.11538461538461539,0.4230769230769231,0.2692307692307692,0.11538461538461539,0.34615384615384615,0.1923076923076923,19.0,20.0,19.0,22.0,19.0,22.0,0.3076923076923077,False,27.0,True
VOA4841,VOA4841,CC,6.272485114178,2.862448438321311,11.23870205695858,patient_means_of_matched_models,VTCN1,higher,0.5769230769230769,0.38461538461538464,0.4807692307692307,0.38461538461538464,0.4326923076923077,0.5288461538461539,14.0,15.0,15.0,12.0,12.0,15.0,0.19230769230769224,False,27.0,True
VOA5217,VOA5217,MMMT,1.61486,1.3867337064291667,11.18248238661012,patient_means_of_matched_models,VTCN1,higher,0.38461538461538464,0.34615384615384615,0.3653846153846154,0.34615384615384615,0.3557692307692307,0.375,17.0,16.0,18.0,17.0,16.0,18.0,0.03846153846153849,False,27.0,True
VOA5436,VOA5436,MMMT,0.0495587003020399,0.06978285673621965,10.74634783430847,patient_means_of_matched_models,VTCN1,higher,0.23076923076923078,0.11538461538461539,0.17307692307692307,0.11538461538461539,0.14423076923076922,0.20192307692307693,20.0,20.0,24.0,21.0,20.0,24.0,0.11538461538461539,False,27.0,True
VOA8762,VOA8762,MC,51.798036,5.722412359589281,11.25877954016534,patient_means_of_matched_models,VTCN1,higher,0.8461538461538461,0.46153846153846156,0.6538461538461539,0.46153846153846156,0.5576923076923077,0.75,11.0,12.0,13.0,6.0,6.0,13.0,0.3846153846153846,False,27.0,True
VOA8771,VOA8771,MC,28.877374000000003,4.900981446372485,11.49404625895323,patient_means_of_matched_models,VTCN1,higher,0.7307692307692307,0.7307692307692307,0.7307692307692307,0.7307692307692307,0.7307692307692307,0.7307692307692307,7.0,6.0,8.0,7.0,6.0,8.0,0.0,True,27.0,True
OV1369-R2,1369,HGS,0.1306923006931239,0.1772063770192538,11.06721011285829,HGS_selected_representatives,VTCN1,higher,0.18181818181818182,0.36363636363636365,0.2727272727272727,0.18181818181818182,0.3181818181818182,0.22727272727272727,8.0,8.0,8.0,9.0,8.0,9.0,0.18181818181818182,False,12.0,True
OV1946,OV1946,HGS,0.0154181,0.02207388169337604,10.98127098179555,HGS_selected_representatives,VTCN1,higher,0.09090909090909091,0.18181818181818182,0.13636363636363635,0.09090909090909091,0.1590909090909091,0.11363636363636363,11.0,9.0,10.0,11.0,9.0,11.0,0.09090909090909091,False,12.0,True
OV2085,OV2085,HGS,0.610727,0.6877119942795387,10.71853100263169,HGS_selected_representatives,VTCN1,higher,0.2727272727272727,0.09090909090909091,0.18181818181818182,0.09090909090909091,0.13636363636363635,0.22727272727272727,9.0,9.0,11.0,9.0,9.0,11.0,0.1818181818181818,False,12.0,True
OV2295,2295,HGS,67.538477,6.09884222883725,12.16004594054413,HGS_selected_representatives,VTCN1,higher,0.8181818181818182,0.8181818181818182,0.8181818181818182,0.8181818181818182,0.8181818181818182,0.8181818181818182,3.0,3.0,3.0,3.0,3.0,3.0,0.0,True,12.0,True
OV3133-R,3133,HGS,99.187487962,6.646558536807934,12.69559073404541,HGS_selected_representatives,VTCN1,higher,0.9090909090909091,0.9090909090909091,0.9090909090909091,0.9090909090909091,0.9090909090909091,0.9090909090909091,2.0,2.0,2.0,2.0,2.0,2.0,0.0,True,12.0,True
OV4453,OV4453,HGS,54.997301,5.8072853876334465,11.99681808522011,HGS_selected_representatives,VTCN1,higher,0.7272727272727273,0.7272727272727273,0.7272727272727273,0.7272727272727273,0.7272727272727273,0.7272727272727273,4.0,4.0,4.0,4.0,4.0,4.0,0.0,True,12.0,True
OV4485,OV4485,HGS,2.085621,1.6255608697508066,11.262004327702693,HGS_selected_representatives,VTCN1,higher,0.45454545454545453,0.45454545454545453,0.45454545454545453,0.45454545454545453,0.45454545454545453,0.45454545454545453,7.0,7.0,7.0,7.0,7.0,7.0,0.0,False,12.0,True
OV866-2,OV866-2,HGS,0.0144121,0.020643859290551535,11.03801149314536,HGS_selected_representatives,VTCN1,higher,0.0,0.2727272727272727,0.13636363636363635,0.0,0.20454545454545453,0.06818181818181818,11.0,11.0,9.0,12.0,9.0,12.0,0.2727272727272727,False,12.0,True
TOV3041G,TOV3041G,HGS,3.0596626,2.021359829495709,11.40768975539099,HGS_selected_representatives,VTCN1,higher,0.5454545454545454,0.5454545454545454,0.5454545454545454,0.5454545454545454,0.5454545454545454,0.5454545454545454,6.0,6.0,6.0,6.0,6.0,6.0,0.0,True,12.0,True
TOV3291G,3291,HGS,15.941653,4.0825027404286285,11.90869497539916,HGS_selected_representatives,VTCN1,higher,0.6363636363636364,0.6363636363636364,0.6363636363636364,0.6363636363636364,0.6363636363636364,0.6363636363636364,5.0,5.0,5.0,5.0,5.0,5.0,0.0,True,12.0,True
OV3331,OV3331,HGS,99.8904800312026,6.656646238750821,12.7258953045242,HGS_selected_representatives,VTCN1,higher,1.0,1.0,1.0,1.0,1.0,1.0,1.0,1.0,1.0,1.0,1.0,1.0,0.0,True,12.0,True
OV90,OV90,HGS,0.973115,0.9804750437932023,10.47113736434456,HGS_selected_representatives,VTCN1,higher,0.36363636363636365,0.0,0.18181818181818182,0.0,0.09090909090909091,0.2727272727272727,9.0,11.0,12.0,8.0,8.0,12.0,0.36363636363636365,False,12.0,True
TOV21G,TOV21G,CC,30.491760000000003,4.97690248342824,11.34668224397892,CC_selected_representatives,VTCN1,higher,0.8,0.4,0.6000000000000001,0.4,0.5,0.7000000000000001,2.0,3.0,4.0,2.0,2.0,4.0,0.4,False,6.0,True
TOV3392D,TOV3392D,CC,11.3600509,3.6276127793130137,11.68035323549172,CC_selected_representatives,VTCN1,higher,0.4,0.8,0.6000000000000001,0.4,0.7000000000000001,0.5,2.0,3.0,2.0,4.0,2.0,4.0,0.4,False,6.0,True
VOA10816,VOA10816,CC,21.803562999999997,4.511187354401435,11.48922546659265,CC_selected_representatives,VTCN1,higher,0.6,0.6,0.6,0.6,0.6,0.6,4.0,2.0,3.0,3.0,2.0,4.0,0.0,True,6.0,True
VOA12539,VOA12539,CC,34.54783400000001,5.151689751141079,11.7225609448576,CC_selected_representatives,VTCN1,higher,1.0,1.0,1.0,1.0,1.0,1.0,1.0,1.0,1.0,1.0,1.0,1.0,0.0,True,6.0,True
VOA295,VOA295,CC,5.418680999999999,2.6822768627269773,11.06317124622057,CC_selected_representatives,VTCN1,higher,0.0,0.0,0.0,0.0,0.0,0.0,6.0,6.0,6.0,6.0,6.0,6.0,0.0,False,6.0,True
VOA4841,VOA4841,CC,6.272485114178,2.862448438321311,11.23870205695858,CC_selected_representatives,VTCN1,higher,0.2,0.2,0.2,0.2,0.2,0.2,5.0,5.0,5.0,5.0,5.0,5.0,0.0,False,6.0,True
OV1369-R2,1369,HGS,0.243754,0.3147011654720726,12.19367488806139,matched_models,ESR1,higher,0.5517241379310345,0.1724137931034483,0.3620689655172414,0.1724137931034483,0.26724137931034486,0.4568965517241379,24.0,19.0,25.0,15.0,15.0,25.0,0.3793103448275862,False,30.0,True
OV1946,OV1946,HGS,0.03240664,0.04601132537468891,12.68327623008895,matched_models,ESR1,higher,0.2413793103448276,0.8275862068965517,0.5344827586206896,0.2413793103448276,0.6810344827586207,0.3879310344827586,13.0,17.0,8.0,18.0,8.0,18.0,0.5862068965517241,False,30.0,True
OV2085,OV2085,HGS,4.0358766,2.3322429314387305,12.35991396559004,matched_models,ESR1,higher,0.8275862068965517,0.27586206896551724,0.5517241379310345,0.27586206896551724,0.41379310344827586,0.6896551724137931,11.0,15.0,20.0,7.0,7.0,20.0,0.5517241379310345,False,30.0,True
OV2295,2295,HGS,18.6955463,4.299797528765963,12.66163440556081,matched_models,ESR1,higher,1.0,0.7931034482758621,0.896551724137931,0.7931034482758621,0.8448275862068966,0.9482758620689655,1.0,2.0,2.0,1.0,1.0,2.0,0.2068965517241379,True,30.0,True
OV2295-R2,2295,HGS,4.4145111,2.436831076439629,12.75567894959922,matched_models,ESR1,higher,0.8620689655172413,0.896551724137931,0.8793103448275862,0.8620689655172413,0.8879310344827587,0.8706896551724138,2.0,1.0,1.0,2.0,1.0,2.0,0.034482758620689724,True,30.0,True
OV3133-R,3133,HGS,4.6443148,2.4967984535152103,12.04472293936916,matched_models,ESR1,higher,0.896551724137931,0.06896551724137931,0.4827586206896552,0.06896551724137931,0.27586206896551724,0.6896551724137931,18.0,25.0,24.0,7.0,7.0,25.0,0.8275862068965517,False,30.0,True
OV4453,OV4453,HGS,0.8140433,0.8592088924429082,12.70562755595061,matched_models,ESR1,higher,0.6551724137931034,0.8620689655172413,0.7586206896551724,0.6551724137931034,0.8103448275862069,0.7068965517241379,3.0,4.0,3.0,6.0,3.0,6.0,0.2068965517241379,True,30.0,True
OV4485,OV4485,HGS,12.074382000000002,3.7086708496496996,12.37919038414435,matched_models,ESR1,higher,0.9655172413793104,0.3448275862068966,0.6551724137931034,0.3448275862068966,0.5,0.8103448275862069,6.0,11.0,16.0,4.0,4.0,16.0,0.6206896551724138,False,30.0,True
OV866-2,OV866-2,HGS,0.0098135800665825,0.014088984128686878,12.59367075144227,matched_models,ESR1,higher,0.13793103448275862,0.6551724137931034,0.39655172413793105,0.13793103448275862,0.5258620689655172,0.2672413793103448,23.0,21.0,13.0,27.0,13.0,27.0,0.5172413793103448,False,30.0,True
TOV1369,1369,HGS,3.7730187,2.254901988672626,12.32669825452865,matched_models,ESR1,higher,0.7931034482758621,0.20689655172413793,0.5,0.20689655172413793,0.35344827586206895,0.646551724137931,16.0,18.0,23.0,9.0,9.0,23.0,0.5862068965517242,False,30.0,True
TOV3041G,TOV3041G,HGS,3.6721986,2.224101599805587,12.63230967955755,matched_models,ESR1,higher,0.7586206896551724,0.7241379310344828,0.7413793103448276,0.7241379310344828,0.7327586206896552,0.7499999999999999,4.0,3.0,6.0,5.0,3.0,6.0,0.03448275862068961,True,30.0,True
TOV3133G,3133,HGS,10.9481257,3.578712415570758,12.50668819114903,matched_models,ESR1,higher,0.9310344827586207,0.5517241379310345,0.7413793103448276,0.5517241379310345,0.646551724137931,0.8362068965517242,4.0,6.0,9.0,3.0,3.0,9.0,0.3793103448275862,True,30.0,True
TOV3291G,3291,HGS,1.25780309,1.1749196696946442,12.46813130700037,matched_models,ESR1,higher,0.6896551724137931,0.4482758620689655,0.5689655172413793,0.4482758620689655,0.5086206896551724,0.6293103448275863,9.0,7.0,15.0,11.0,7.0,15.0,0.24137931034482762,False,30.0,True
OV3331,OV3331,HGS,2.52777239554452,1.8187574842481407,12.42604307223452,matched_models,ESR1,higher,0.7241379310344828,0.41379310344827586,0.5689655172413793,0.41379310344827586,0.4913793103448276,0.646551724137931,9.0,8.0,17.0,9.0,8.0,17.0,0.3103448275862069,False,30.0,True
OV90,OV90,HGS,0.0663809,0.09272284559011144,12.62679947644132,matched_models,ESR1,higher,0.3793103448275862,0.6896551724137931,0.5344827586206897,0.3793103448275862,0.6120689655172414,0.4568965517241379,12.0,9.0,10.0,15.0,9.0,15.0,0.31034482758620696,False,30.0,True
TOV21G,TOV21G,CC,0.0328898799999999,0.0466864516410922,12.88792681889953,matched_models,ESR1,higher,0.27586206896551724,0.9655172413793104,0.6206896551724138,0.27586206896551724,0.7931034482758621,0.4482758620689655,7.0,15.0,4.0,17.0,4.0,17.0,0.6896551724137931,False,30.0,True
TOV3392D,TOV3392D,CC,0.0,0.0,12.34927792777461,matched_models,ESR1,higher,0.034482758620689655,0.2413793103448276,0.13793103448275862,0.034482758620689655,0.1896551724137931,0.08620689655172414,30.0,26.0,27.0,30.0,26.0,30.0,0.20689655172413796,False,30.0,True
VOA10816,VOA10816,CC,0.0801928,0.1112888371843288,11.92387632255777,matched_models,ESR1,higher,0.41379310344827586,0.034482758620689655,0.22413793103448276,0.034482758620689655,0.12931034482758622,0.31896551724137934,28.0,26.0,28.0,23.0,23.0,28.0,0.3793103448275862,False,30.0,True
VOA12539,VOA12539,CC,0.02139992,0.03054785116550427,12.10649087271829,matched_models,ESR1,higher,0.20689655172413793,0.10344827586206896,0.15517241379310345,0.10344827586206896,0.12931034482758622,0.1810344827586207,29.0,23.0,28.0,28.0,23.0,29.0,0.10344827586206896,False,30.0,True
VOA295,VOA295,CC,0.1336622,0.1809908210694878,12.18945440557265,matched_models,ESR1,higher,0.4482758620689655,0.13793103448275862,0.2931034482758621,0.13793103448275862,0.21551724137931033,0.3706896551724138,25.0,21.0,26.0,21.0,21.0,26.0,0.3103448275862069,False,30.0,True
VOA4841,VOA4841,CC,0.4854834999999999,0.5709325805349038,12.3934412467942,matched_models,ESR1,higher,0.6206896551724138,0.3793103448275862,0.5,0.3793103448275862,0.43965517241379304,0.560344827586207,16.0,9.0,19.0,13.0,9.0,19.0,0.24137931034482762,False,30.0,True
TOV112D,TOV112D,EC,0.0361007,0.051164227281648815,12.50739194447846,matched_models,ESR1,higher,0.3103448275862069,0.5862068965517241,0.4482758620689655,0.3103448275862069,0.5172413793103448,0.3793103448275862,20.0,13.0,14.0,20.0,13.0,20.0,0.2758620689655172,False,30.0,True
VOA4395,VOA4395,EC,0.0,0.0,12.4952180360979,matched_models,ESR1,higher,0.034482758620689655,0.5172413793103449,0.27586206896551724,0.034482758620689655,0.3965517241379311,0.15517241379310345,26.0,26.0,21.0,29.0,21.0,29.0,0.4827586206896552,False,30.0,True
TOV2414,TOV2414,MC,0.0,0.0,12.95599197403834,matched_models,ESR1,higher,0.034482758620689655,1.0,0.5172413793103449,0.034482758620689655,0.7586206896551724,0.27586206896551724,14.0,26.0,5.0,26.0,5.0,26.0,0.9655172413793104,False,30.0,True
VOA8762,VOA8762,MC,0.3839345,0.4687756635227967,12.51657779232318,matched_models,ESR1,higher,0.5862068965517241,0.6206896551724138,0.603448275862069,0.5862068965517241,0.6120689655172414,0.5948275862068965,8.0,5.0,10.0,12.0,5.0,12.0,0.034482758620689724,True,30.0,True
VOA8771,VOA8771,MC,0.2196417,0.2864573825796335,12.37374103114275,matched_models,ESR1,higher,0.5172413793103449,0.3103448275862069,0.4137931034482759,0.3103448275862069,0.36206896551724144,0.4655172413793104,21.0,13.0,22.0,14.0,13.0,22.0,0.20689655172413796,False,30.0,True
VOA5217,VOA5217,MMMT,0.00605673,0.008711658803574088,12.7689781060797,matched_models,ESR1,higher,0.10344827586206896,0.9310344827586207,0.5172413793103449,0.10344827586206896,0.7241379310344828,0.3103448275862069,14.0,23.0,7.0,25.0,7.0,25.0,0.8275862068965517,False,30.0,True
VOA5436,VOA5436,MMMT,0.0501056,0.07053441449699172,12.47201502350777,matched_models,ESR1,higher,0.3448275862068966,0.4827586206896552,0.4137931034482759,0.3448275862068966,0.4482758620689655,0.37931034482758624,21.0,11.0,18.0,19.0,11.0,21.0,0.13793103448275862,False,30.0,True
BIN67,BIN67,SCCOHT,0.0167328,0.023940585032066093,12.64133690208657,matched_models,ESR1,higher,0.1724137931034483,0.7586206896551724,0.46551724137931033,0.1724137931034483,0.6120689655172413,0.31896551724137934,19.0,19.0,12.0,23.0,12.0,23.0,0.5862068965517241,False,30.0,True
COV434,COV434,SCCOHT,0.1656910999999999,0.22118553507375627,11.73537742639042,matched_models,ESR1,higher,0.4827586206896552,0.0,0.2413793103448276,0.0,0.1206896551724138,0.3620689655172414,27.0,30.0,30.0,22.0,22.0,30.0,0.4827586206896552,False,30.0,True
OV1369-R2,1369,HGS,0.243754,0.3147011654720726,12.19367488806139,selected_patient_representatives,ESR1,higher,0.6153846153846154,0.19230769230769232,0.40384615384615385,0.19230769230769232,0.29807692307692313,0.5096153846153847,20.0,16.0,21.0,11.0,11.0,21.0,0.42307692307692313,False,27.0,True
OV1946,OV1946,HGS,0.03240664,0.04601132537468891,12.68327623008895,selected_patient_representatives,ESR1,higher,0.2692307692307692,0.8461538461538461,0.5576923076923077,0.2692307692307692,0.7019230769230769,0.41346153846153844,10.0,14.0,7.0,16.0,7.0,16.0,0.5769230769230769,False,27.0,True
OV2085,OV2085,HGS,4.0358766,2.3322429314387305,12.35991396559004,selected_patient_representatives,ESR1,higher,0.8846153846153846,0.2692307692307692,0.5769230769230769,0.2692307692307692,0.4230769230769231,0.7307692307692307,9.0,14.0,18.0,5.0,5.0,18.0,0.6153846153846154,False,27.0,True
OV2295,2295,HGS,18.6955463,4.299797528765963,12.66163440556081,selected_patient_representatives,ESR1,higher,1.0,0.8076923076923077,0.9038461538461539,0.8076923076923077,0.8557692307692308,0.9519230769230769,1.0,1.0,1.0,1.0,1.0,1.0,0.1923076923076923,True,27.0,True
OV3133-R,3133,HGS,4.6443148,2.4967984535152103,12.04472293936916,selected_patient_representatives,ESR1,higher,0.9230769230769231,0.07692307692307693,0.5,0.07692307692307693,0.2884615384615385,0.7115384615384616,15.0,22.0,22.0,6.0,6.0,22.0,0.8461538461538463,False,27.0,True
OV4453,OV4453,HGS,0.8140433,0.8592088924429082,12.70562755595061,selected_patient_representatives,ESR1,higher,0.7307692307692307,0.8846153846153846,0.8076923076923077,0.7307692307692307,0.8461538461538461,0.7692307692307692,2.0,2.0,2.0,4.0,2.0,4.0,0.15384615384615385,True,27.0,True
OV4485,OV4485,HGS,12.074382000000002,3.7086708496496996,12.37919038414435,selected_patient_representatives,ESR1,higher,0.9615384615384616,0.34615384615384615,0.6538461538461539,0.34615384615384615,0.5,0.8076923076923077,4.0,10.0,15.0,3.0,3.0,15.0,0.6153846153846154,False,27.0,True
OV866-2,OV866-2,HGS,0.0098135800665825,0.014088984128686878,12.59367075144227,selected_patient_representatives,ESR1,higher,0.15384615384615385,0.6538461538461539,0.40384615384615385,0.15384615384615385,0.5288461538461539,0.27884615384615385,20.0,18.0,12.0,23.0,12.0,23.0,0.5,False,27.0,True
TOV3041G,TOV3041G,HGS,3.6721986,2.224101599805587,12.63230967955755,selected_patient_representatives,ESR1,higher,0.8461538461538461,0.7307692307692307,0.7884615384615384,0.7307692307692307,0.7596153846153846,0.8173076923076923,3.0,2.0,4.0,2.0,2.0,4.0,0.11538461538461542,True,27.0,True
TOV3291G,3291,HGS,1.25780309,1.1749196696946442,12.46813130700037,selected_patient_representatives,ESR1,higher,0.7692307692307693,0.46153846153846156,0.6153846153846154,0.46153846153846156,0.5384615384615384,0.6923076923076924,7.0,5.0,11.0,8.0,5.0,11.0,0.3076923076923077,False,27.0,True
OV3331,OV3331,HGS,2.52777239554452,1.8187574842481407,12.42604307223452,selected_patient_representatives,ESR1,higher,0.8076923076923077,0.4230769230769231,0.6153846153846154,0.4230769230769231,0.5192307692307692,0.7115384615384616,7.0,6.0,13.0,6.0,6.0,13.0,0.38461538461538464,False,27.0,True
OV90,OV90,HGS,0.0663809,0.09272284559011144,12.62679947644132,selected_patient_representatives,ESR1,higher,0.4230769230769231,0.6923076923076923,0.5576923076923077,0.4230769230769231,0.6249999999999999,0.49038461538461536,10.0,6.0,10.0,13.0,6.0,13.0,0.2692307692307692,False,27.0,True
TOV21G,TOV21G,CC,0.0328898799999999,0.0466864516410922,12.88792681889953,selected_patient_representatives,ESR1,higher,0.3076923076923077,0.9615384615384616,0.6346153846153846,0.3076923076923077,0.7980769230769231,0.47115384615384615,5.0,12.0,3.0,14.0,3.0,14.0,0.6538461538461539,False,27.0,True
TOV3392D,TOV3392D,CC,0.0,0.0,12.34927792777461,selected_patient_representatives,ESR1,higher,0.038461538461538464,0.23076923076923078,0.13461538461538464,0.038461538461538464,0.18269230769230768,0.08653846153846154,27.0,23.0,24.0,27.0,23.0,27.0,0.19230769230769232,False,27.0,True
VOA10816,VOA10816,CC,0.0801928,0.1112888371843288,11.92387632255777,selected_patient_representatives,ESR1,higher,0.46153846153846156,0.038461538461538464,0.25,0.038461538461538464,0.14423076923076925,0.3557692307692308,25.0,23.0,25.0,20.0,20.0,25.0,0.42307692307692313,False,27.0,True
VOA12539,VOA12539,CC,0.02139992,0.03054785116550427,12.10649087271829,selected_patient_representatives,ESR1,higher,0.23076923076923078,0.11538461538461539,0.17307692307692307,0.11538461538461539,0.14423076923076922,0.20192307692307693,26.0,20.0,26.0,25.0,20.0,26.0,0.11538461538461539,False,27.0,True
VOA295,VOA295,CC,0.1336622,0.1809908210694878,12.18945440557265,selected_patient_representatives,ESR1,higher,0.5,0.15384615384615385,0.3269230769230769,0.15384615384615385,0.2403846153846154,0.41346153846153844,22.0,18.0,23.0,16.0,16.0,23.0,0.34615384615384615,False,27.0,True
VOA4841,VOA4841,CC,0.4854834999999999,0.5709325805349038,12.3934412467942,selected_patient_representatives,ESR1,higher,0.6923076923076923,0.38461538461538464,0.5384615384615384,0.38461538461538464,0.46153846153846156,0.6153846153846153,12.0,8.0,17.0,10.0,8.0,17.0,0.30769230769230765,False,27.0,True
TOV112D,TOV112D,EC,0.0361007,0.051164227281648815,12.50739194447846,selected_patient_representatives,ESR1,higher,0.34615384615384615,0.5769230769230769,0.4615384615384615,0.34615384615384615,0.5192307692307692,0.4038461538461538,17.0,10.0,13.0,19.0,10.0,19.0,0.23076923076923073,False,27.0,True
VOA4395,VOA4395,EC,0.0,0.0,12.4952180360979,selected_patient_representatives,ESR1,higher,0.038461538461538464,0.5384615384615384,0.28846153846153844,0.038461538461538464,0.4134615384615385,0.16346153846153846,23.0,23.0,19.0,26.0,19.0,26.0,0.5,False,27.0,True
TOV2414,TOV2414,MC,0.0,0.0,12.95599197403834,selected_patient_representatives,ESR1,higher,0.038461538461538464,1.0,0.5192307692307693,0.038461538461538464,0.7596153846153846,0.27884615384615385,13.0,23.0,4.0,23.0,4.0,23.0,0.9615384615384616,False,27.0,True
VOA8762,VOA8762,MC,0.3839345,0.4687756635227967,12.51657779232318,selected_patient_representatives,ESR1,higher,0.6538461538461539,0.6153846153846154,0.6346153846153846,0.6153846153846154,0.625,0.6442307692307693,5.0,4.0,9.0,9.0,4.0,9.0,0.038461538461538436,True,27.0,True
VOA8771,VOA8771,MC,0.2196417,0.2864573825796335,12.37374103114275,selected_patient_representatives,ESR1,higher,0.5769230769230769,0.3076923076923077,0.4423076923076923,0.3076923076923077,0.375,0.5096153846153846,18.0,12.0,20.0,12.0,12.0,20.0,0.26923076923076916,False,27.0,True
VOA5217,VOA5217,MMMT,0.00605673,0.008711658803574088,12.7689781060797,selected_patient_representatives,ESR1,higher,0.11538461538461539,0.9230769230769231,0.5192307692307693,0.11538461538461539,0.7211538461538461,0.3173076923076923,13.0,20.0,6.0,22.0,6.0,22.0,0.8076923076923077,False,27.0,True
VOA5436,VOA5436,MMMT,0.0501056,0.07053441449699172,12.47201502350777,selected_patient_representatives,ESR1,higher,0.38461538461538464,0.5,0.4423076923076923,0.38461538461538464,0.47115384615384615,0.4134615384615385,18.0,8.0,16.0,15.0,8.0,18.0,0.11538461538461536,False,27.0,True
BIN67,BIN67,SCCOHT,0.0167328,0.023940585032066093,12.64133690208657,selected_patient_representatives,ESR1,higher,0.19230769230769232,0.7692307692307693,0.4807692307692308,0.19230769230769232,0.6250000000000001,0.33653846153846156,16.0,16.0,8.0,21.0,8.0,21.0,0.576923076923077,False,27.0,True
COV434,COV434,SCCOHT,0.1656910999999999,0.22118553507375627,11.73537742639042,selected_patient_representatives,ESR1,higher,0.5384615384615384,0.0,0.2692307692307692,0.0,0.1346153846153846,0.40384615384615385,24.0,27.0,27.0,18.0,18.0,27.0,0.5384615384615384,False,27.0,True
OV1369-R2;TOV1369,1369,HGS,2.00838635,1.2848015770723493,12.26018657129502,patient_means_of_matched_models,ESR1,higher,0.7692307692307693,0.15384615384615385,0.46153846153846156,0.15384615384615385,0.3076923076923077,0.6153846153846154,17.0,18.0,22.0,9.0,9.0,22.0,0.6153846153846154,False,27.0,True
OV2295;OV2295-R2,2295,HGS,11.555028700000001,3.368314302602796,12.708656677580015,patient_means_of_matched_models,ESR1,higher,0.9615384615384616,0.8846153846153846,0.9230769230769231,0.8846153846153846,0.9038461538461539,0.9423076923076923,1.0,1.0,1.0,1.0,1.0,1.0,0.07692307692307698,True,27.0,True
OV3133-R;TOV3133G,3133,HGS,7.79622025,3.0377554345429845,12.275705565259095,patient_means_of_matched_models,ESR1,higher,0.9230769230769231,0.19230769230769232,0.5576923076923077,0.19230769230769232,0.375,0.7403846153846154,10.0,16.0,20.0,4.0,4.0,20.0,0.7307692307692308,False,27.0,True
TOV3291G,3291,HGS,1.25780309,1.1749196696946442,12.46813130700037,patient_means_of_matched_models,ESR1,higher,0.7307692307692307,0.46153846153846156,0.5961538461538461,0.46153846153846156,0.5288461538461539,0.6634615384615384,8.0,5.0,11.0,8.0,5.0,11.0,0.26923076923076916,False,27.0,True
BIN67,BIN67,SCCOHT,0.0167328,0.023940585032066093,12.64133690208657,patient_means_of_matched_models,ESR1,higher,0.19230769230769232,0.7692307692307693,0.4807692307692308,0.19230769230769232,0.6250000000000001,0.33653846153846156,16.0,16.0,8.0,21.0,8.0,21.0,0.576923076923077,False,27.0,True
COV434,COV434,SCCOHT,0.1656910999999999,0.22118553507375627,11.73537742639042,patient_means_of_matched_models,ESR1,higher,0.5384615384615384,0.0,0.2692307692307692,0.0,0.1346153846153846,0.40384615384615385,24.0,27.0,26.0,16.0,16.0,27.0,0.5384615384615384,False,27.0,True
OV1946,OV1946,HGS,0.03240664,0.04601132537468891,12.68327623008895,patient_means_of_matched_models,ESR1,higher,0.2692307692307692,0.8076923076923077,0.5384615384615384,0.2692307692307692,0.6730769230769231,0.40384615384615385,12.0,14.0,7.0,16.0,7.0,16.0,0.5384615384615385,False,27.0,True
OV2085,OV2085,HGS,4.0358766,2.3322429314387305,12.35991396559004,patient_means_of_matched_models,ESR1,higher,0.8846153846153846,0.2692307692307692,0.5769230769230769,0.2692307692307692,0.4230769230769231,0.7307692307692307,9.0,14.0,18.0,5.0,5.0,18.0,0.6153846153846154,False,27.0,True
OV3331,OV3331,HGS,2.52777239554452,1.8187574842481407,12.42604307223452,patient_means_of_matched_models,ESR1,higher,0.8076923076923077,0.4230769230769231,0.6153846153846154,0.4230769230769231,0.5192307692307692,0.7115384615384616,6.0,6.0,13.0,7.0,6.0,13.0,0.38461538461538464,False,27.0,True
OV4453,OV4453,HGS,0.8140433,0.8592088924429082,12.70562755595061,patient_means_of_matched_models,ESR1,higher,0.6923076923076923,0.8461538461538461,0.7692307692307692,0.6923076923076923,0.8076923076923077,0.7307692307692307,3.0,3.0,2.0,5.0,2.0,5.0,0.15384615384615385,True,27.0,True
OV4485,OV4485,HGS,12.074382000000002,3.7086708496496996,12.37919038414435,patient_means_of_matched_models,ESR1,higher,1.0,0.34615384615384615,0.6730769230769231,0.34615384615384615,0.5096153846153846,0.8365384615384616,4.0,10.0,15.0,2.0,2.0,15.0,0.6538461538461539,False,27.0,True
OV866-2,OV866-2,HGS,0.0098135800665825,0.014088984128686878,12.59367075144227,patient_means_of_matched_models,ESR1,higher,0.15384615384615385,0.6538461538461539,0.40384615384615385,0.15384615384615385,0.5288461538461539,0.27884615384615385,21.0,18.0,11.0,23.0,11.0,23.0,0.5,False,27.0,True
OV90,OV90,HGS,0.0663809,0.09272284559011144,12.62679947644132,patient_means_of_matched_models,ESR1,higher,0.4230769230769231,0.6923076923076923,0.5576923076923077,0.4230769230769231,0.6249999999999999,0.49038461538461536,10.0,6.0,9.0,13.0,6.0,13.0,0.2692307692307692,False,27.0,True
TOV112D,TOV112D,EC,0.0361007,0.051164227281648815,12.50739194447846,patient_means_of_matched_models,ESR1,higher,0.34615384615384615,0.5769230769230769,0.4615384615384615,0.34615384615384615,0.5192307692307692,0.4038461538461538,18.0,10.0,13.0,19.0,10.0,19.0,0.23076923076923073,False,27.0,True
TOV21G,TOV21G,CC,0.0328898799999999,0.0466864516410922,12.88792681889953,patient_means_of_matched_models,ESR1,higher,0.3076923076923077,0.9615384615384616,0.6346153846153846,0.3076923076923077,0.7980769230769231,0.47115384615384615,5.0,12.0,3.0,14.0,3.0,14.0,0.6538461538461539,False,27.0,True
TOV2414,TOV2414,MC,0.0,0.0,12.95599197403834,patient_means_of_matched_models,ESR1,higher,0.038461538461538464,1.0,0.5192307692307693,0.038461538461538464,0.7596153846153846,0.27884615384615385,13.0,23.0,4.0,23.0,4.0,23.0,0.9615384615384616,False,27.0,True
TOV3041G,TOV3041G,HGS,3.6721986,2.224101599805587,12.63230967955755,patient_means_of_matched_models,ESR1,higher,0.8461538461538461,0.7307692307692307,0.7884615384615384,0.7307692307692307,0.7596153846153846,0.8173076923076923,2.0,2.0,4.0,3.0,2.0,4.0,0.11538461538461542,True,27.0,True
TOV3392D,TOV3392D,CC,0.0,0.0,12.34927792777461,patient_means_of_matched_models,ESR1,higher,0.038461538461538464,0.23076923076923078,0.13461538461538464,0.038461538461538464,0.18269230769230768,0.08653846153846154,27.0,23.0,24.0,27.0,23.0,27.0,0.19230769230769232,False,27.0,True
VOA10816,VOA10816,CC,0.0801928,0.1112888371843288,11.92387632255777,patient_means_of_matched_models,ESR1,higher,0.46153846153846156,0.038461538461538464,0.25,0.038461538461538464,0.14423076923076925,0.3557692307692308,25.0,23.0,25.0,20.0,20.0,25.0,0.42307692307692313,False,27.0,True
VOA12539,VOA12539,CC,0.02139992,0.03054785116550427,12.10649087271829,patient_means_of_matched_models,ESR1,higher,0.23076923076923078,0.07692307692307693,0.15384615384615385,0.07692307692307693,0.11538461538461539,0.1923076923076923,26.0,22.0,27.0,25.0,22.0,27.0,0.15384615384615385,False,27.0,True
VOA295,VOA295,CC,0.1336622,0.1809908210694878,12.18945440557265,patient_means_of_matched_models,ESR1,higher,0.5,0.11538461538461539,0.3076923076923077,0.11538461538461539,0.21153846153846154,0.40384615384615385,22.0,20.0,23.0,16.0,16.0,23.0,0.3846153846153846,False,27.0,True
VOA4395,VOA4395,EC,0.0,0.0,12.4952180360979,patient_means_of_matched_models,ESR1,higher,0.038461538461538464,0.5384615384615384,0.28846153846153844,0.038461538461538464,0.4134615384615385,0.16346153846153846,23.0,23.0,19.0,26.0,19.0,26.0,0.5,False,27.0,True
VOA4841,VOA4841,CC,0.4854834999999999,0.5709325805349038,12.3934412467942,patient_means_of_matched_models,ESR1,higher,0.6538461538461539,0.38461538461538464,0.5192307692307693,0.38461538461538464,0.451923076923077,0.5865384615384616,13.0,8.0,17.0,11.0,8.0,17.0,0.2692307692307692,False,27.0,True
VOA5217,VOA5217,MMMT,0.00605673,0.008711658803574088,12.7689781060797,patient_means_of_matched_models,ESR1,higher,0.11538461538461539,0.9230769230769231,0.5192307692307693,0.11538461538461539,0.7211538461538461,0.3173076923076923,13.0,20.0,6.0,22.0,6.0,22.0,0.8076923076923077,False,27.0,True
VOA5436,VOA5436,MMMT,0.0501056,0.07053441449699172,12.47201502350777,patient_means_of_matched_models,ESR1,higher,0.38461538461538464,0.5,0.4423076923076923,0.38461538461538464,0.47115384615384615,0.4134615384615385,19.0,8.0,16.0,15.0,8.0,19.0,0.11538461538461536,False,27.0,True
VOA8762,VOA8762,MC,0.3839345,0.4687756635227967,12.51657779232318,patient_means_of_matched_models,ESR1,higher,0.6153846153846154,0.6153846153846154,0.6153846153846154,0.6153846153846154,0.6153846153846154,0.6153846153846154,6.0,4.0,10.0,9.0,4.0,10.0,0.0,True,27.0,True
VOA8771,VOA8771,MC,0.2196417,0.2864573825796335,12.37374103114275,patient_means_of_matched_models,ESR1,higher,0.5769230769230769,0.3076923076923077,0.4423076923076923,0.3076923076923077,0.375,0.5096153846153846,19.0,12.0,20.0,12.0,12.0,20.0,0.26923076923076916,False,27.0,True
OV1369-R2,1369,HGS,0.243754,0.3147011654720726,12.19367488806139,HGS_selected_representatives,ESR1,higher,0.2727272727272727,0.09090909090909091,0.18181818181818182,0.09090909090909091,0.13636363636363635,0.22727272727272727,12.0,9.0,12.0,11.0,9.0,12.0,0.1818181818181818,False,12.0,True
OV1946,OV1946,HGS,0.03240664,0.04601132537468891,12.68327623008895,HGS_selected_representatives,ESR1,higher,0.09090909090909091,0.9090909090909091,0.5,0.09090909090909091,0.7045454545454545,0.2954545454545454,5.0,9.0,3.0,9.0,3.0,9.0,0.8181818181818181,False,12.0,True
OV2085,OV2085,HGS,4.0358766,2.3322429314387305,12.35991396559004,HGS_selected_representatives,ESR1,higher,0.7272727272727273,0.18181818181818182,0.4545454545454546,0.18181818181818182,0.3181818181818182,0.5909090909090908,6.0,7.0,10.0,5.0,5.0,10.0,0.5454545454545454,False,12.0,True
OV2295,2295,HGS,18.6955463,4.299797528765963,12.66163440556081,HGS_selected_representatives,ESR1,higher,1.0,0.8181818181818182,0.9090909090909092,0.8181818181818182,0.8636363636363636,0.9545454545454546,1.0,1.0,1.0,1.0,1.0,1.0,0.18181818181818177,True,12.0,True
OV3133-R,3133,HGS,4.6443148,2.4967984535152103,12.04472293936916,HGS_selected_representatives,ESR1,higher,0.8181818181818182,0.0,0.4090909090909091,0.0,0.20454545454545456,0.6136363636363636,9.0,11.0,11.0,4.0,4.0,11.0,0.8181818181818182,False,12.0,True
OV4453,OV4453,HGS,0.8140433,0.8592088924429082,12.70562755595061,HGS_selected_representatives,ESR1,higher,0.36363636363636365,1.0,0.6818181818181819,0.36363636363636365,0.8409090909090909,0.5227272727272727,2.0,4.0,2.0,6.0,2.0,6.0,0.6363636363636364,False,12.0,True
OV4485,OV4485,HGS,12.074382000000002,3.7086708496496996,12.37919038414435,HGS_selected_representatives,ESR1,higher,0.9090909090909091,0.2727272727272727,0.5909090909090908,0.2727272727272727,0.43181818181818177,0.75,4.0,6.0,7.0,2.0,2.0,7.0,0.6363636363636364,False,12.0,True
OV866-2,OV866-2,HGS,0.0098135800665825,0.014088984128686878,12.59367075144227,HGS_selected_representatives,ESR1,higher,0.0,0.5454545454545454,0.2727272727272727,0.0,0.40909090909090906,0.13636363636363635,11.0,11.0,8.0,12.0,8.0,12.0,0.5454545454545454,False,12.0,True
TOV3041G,TOV3041G,HGS,3.6721986,2.224101599805587,12.63230967955755,HGS_selected_representatives,ESR1,higher,0.6363636363636364,0.7272727272727273,0.6818181818181819,0.6363636363636364,0.7045454545454545,0.6590909090909092,2.0,2.0,3.0,3.0,2.0,3.0,0.09090909090909094,True,12.0,True
TOV3291G,3291,HGS,1.25780309,1.1749196696946442,12.46813130700037,HGS_selected_representatives,ESR1,higher,0.45454545454545453,0.45454545454545453,0.45454545454545453,0.45454545454545453,0.45454545454545453,0.45454545454545453,7.0,3.0,6.0,8.0,3.0,8.0,0.0,False,12.0,True
OV3331,OV3331,HGS,2.52777239554452,1.8187574842481407,12.42604307223452,HGS_selected_representatives,ESR1,higher,0.5454545454545454,0.36363636363636365,0.45454545454545453,0.36363636363636365,0.40909090909090906,0.5,7.0,4.0,8.0,7.0,4.0,8.0,0.18181818181818177,False,12.0,True
OV90,OV90,HGS,0.0663809,0.09272284559011144,12.62679947644132,HGS_selected_representatives,ESR1,higher,0.18181818181818182,0.6363636363636364,0.40909090909090906,0.18181818181818182,0.5227272727272727,0.2954545454545454,10.0,7.0,5.0,9.0,5.0,10.0,0.45454545454545453,False,12.0,True
TOV21G,TOV21G,CC,0.0328898799999999,0.0466864516410922,12.88792681889953,CC_selected_representatives,ESR1,higher,0.4,1.0,0.7,0.4,0.85,0.55,2.0,2.0,2.0,3.0,2.0,3.0,0.6,False,6.0,True
TOV3392D,TOV3392D,CC,0.0,0.0,12.34927792777461,CC_selected_representatives,ESR1,higher,0.0,0.6,0.3,0.0,0.44999999999999996,0.15,4.0,5.0,4.0,6.0,4.0,6.0,0.6,False,6.0,True
VOA10816,VOA10816,CC,0.0801928,0.1112888371843288,11.92387632255777,CC_selected_representatives,ESR1,higher,0.6,0.0,0.3,0.0,0.15,0.44999999999999996,4.0,5.0,6.0,4.0,4.0,6.0,0.6,False,6.0,True
VOA12539,VOA12539,CC,0.02139992,0.03054785116550427,12.10649087271829,CC_selected_representatives,ESR1,higher,0.2,0.2,0.2,0.2,0.2,0.2,6.0,4.0,5.0,5.0,4.0,6.0,0.0,False,6.0,True
VOA295,VOA295,CC,0.1336622,0.1809908210694878,12.18945440557265,CC_selected_representatives,ESR1,higher,0.8,0.4,0.6000000000000001,0.4,0.5,0.7000000000000001,3.0,2.0,3.0,2.0,2.0,3.0,0.4,False,6.0,True
VOA4841,VOA4841,CC,0.4854834999999999,0.5709325805349038,12.3934412467942,CC_selected_representatives,ESR1,higher,1.0,0.8,0.9,0.8,0.8500000000000001,0.95,1.0,1.0,1.0,1.0,1.0,1.0,0.19999999999999996,True,6.0,True
OV1369-R2,1369,HGS,20.474556899999996,4.424556458392302,12.75025173801913,matched_models,MLH1,lower,0.5862068965517241,0.27586206896551724,0.43103448275862066,0.27586206896551724,0.35344827586206895,0.5086206896551724,16.0,19.0,22.0,14.0,14.0,22.0,0.31034482758620685,False,30.0,False
OV1946,OV1946,HGS,12.125413020484,3.7142909160073705,12.65598946388057,matched_models,MLH1,lower,0.8620689655172413,0.5172413793103449,0.6896551724137931,0.5172413793103449,0.603448275862069,0.7758620689655172,7.0,9.0,12.0,6.0,6.0,12.0,0.34482758620689646,True,30.0,False
OV2085,OV2085,HGS,15.551862200000004,4.0489216343107675,12.99647230480487,matched_models,MLH1,lower,0.7586206896551724,0.06896551724137931,0.41379310344827586,0.06896551724137931,0.24137931034482757,0.5862068965517241,19.0,27.0,24.0,13.0,13.0,27.0,0.689655172413793,False,30.0,False
OV2295,2295,HGS,17.965605000000004,4.245313489012421,12.35938323926735,matched_models,MLH1,lower,0.7241379310344828,0.896551724137931,0.8103448275862069,0.7241379310344828,0.853448275862069,0.7672413793103449,4.0,4.0,3.0,7.0,3.0,7.0,0.1724137931034483,True,30.0,False
OV2295-R2,2295,HGS,10.84223700721352,3.5658697277438116,12.74320067167169,matched_models,MLH1,lower,0.9310344827586207,0.3448275862068966,0.6379310344827587,0.3448275862068966,0.4913793103448276,0.7844827586206897,11.0,15.0,16.0,5.0,5.0,16.0,0.5862068965517241,False,30.0,False
OV3133-R,3133,HGS,20.0774100577024,4.397625697798662,12.47846159920714,matched_models,MLH1,lower,0.6206896551724138,0.7931034482758621,0.7068965517241379,0.6206896551724138,0.75,0.6637931034482759,6.0,7.0,6.0,11.0,6.0,11.0,0.1724137931034483,True,30.0,False
OV4453,OV4453,HGS,21.4451032,4.488328824501744,12.42356790792612,matched_models,MLH1,lower,0.5172413793103449,0.8275862068965517,0.6724137931034483,0.5172413793103449,0.75,0.5948275862068966,10.0,9.0,6.0,12.0,6.0,12.0,0.31034482758620685,True,30.0,False
OV4485,OV4485,HGS,13.658380000000005,3.8736537648591045,12.41305366703742,matched_models,MLH1,lower,0.8275862068965517,0.8620689655172413,0.8448275862068966,0.8275862068965517,0.853448275862069,0.8362068965517242,3.0,3.0,3.0,3.0,3.0,3.0,0.03448275862068961,True,30.0,False
OV866-2,OV866-2,HGS,38.14355,5.290702697432201,12.82978757343365,matched_models,MLH1,lower,0.034482758620689655,0.1724137931034483,0.10344827586206898,0.034482758620689655,0.13793103448275862,0.06896551724137931,27.0,28.0,27.0,28.0,27.0,28.0,0.13793103448275862,False,30.0,False
TOV1369,1369,HGS,17.975631999999997,4.246076031546908,12.58571601435337,matched_models,MLH1,lower,0.6896551724137931,0.6896551724137931,0.6896551724137931,0.6896551724137931,0.6896551724137931,0.6896551724137931,7.0,5.0,9.0,9.0,5.0,9.0,0.0,True,30.0,False
TOV3041G,TOV3041G,HGS,22.603916000000005,4.560954324182411,12.66364404853138,matched_models,MLH1,lower,0.3793103448275862,0.4482758620689655,0.41379310344827586,0.3793103448275862,0.43103448275862066,0.396551724137931,19.0,13.0,19.0,20.0,13.0,20.0,0.06896551724137934,False,30.0,False
TOV3133G,3133,HGS,23.648901732389003,4.623451461550001,12.65627733637608,matched_models,MLH1,lower,0.3448275862068966,0.4827586206896552,0.4137931034482759,0.3448275862068966,0.4482758620689655,0.37931034482758624,18.0,15.0,18.0,21.0,15.0,21.0,0.13793103448275862,False,30.0,False
TOV3291G,3291,HGS,33.3335400433026,5.101546712439242,12.61206163817979,matched_models,MLH1,lower,0.13793103448275862,0.6551724137931034,0.39655172413793105,0.13793103448275862,0.5258620689655172,0.2672413793103448,23.0,24.0,13.0,24.0,13.0,24.0,0.5172413793103448,False,30.0,False
OV3331,OV3331,HGS,21.163555,4.4701174008919775,12.74569709152939,matched_models,MLH1,lower,0.5517241379310345,0.3103448275862069,0.43103448275862066,0.3103448275862069,0.3706896551724138,0.49137931034482757,16.0,17.0,21.0,16.0,16.0,21.0,0.24137931034482757,False,30.0,False
OV90,OV90,HGS,10.522388,3.526367839335204,12.25373383585814,matched_models,MLH1,lower,0.9655172413793104,0.9310344827586207,0.9482758620689655,0.9310344827586207,0.9396551724137931,0.9568965517241379,2.0,2.0,2.0,2.0,2.0,2.0,0.034482758620689724,True,30.0,False
TOV21G,TOV21G,CC,1.6853063446420002,1.4250866828791975,12.16376862158856,matched_models,MLH1,lower,1.0,1.0,1.0,1.0,1.0,1.0,1.0,1.0,1.0,1.0,1.0,1.0,0.0,True,30.0,False
TOV3392D,TOV3392D,CC,18.3022339,4.270695919062109,12.50031328935385,matched_models,MLH1,lower,0.6551724137931034,0.7241379310344828,0.6896551724137931,0.6551724137931034,0.7068965517241379,0.6724137931034483,7.0,6.0,8.0,10.0,6.0,10.0,0.06896551724137934,True,30.0,False
VOA10816,VOA10816,CC,29.005921,4.907175307424368,12.81978202970712,matched_models,MLH1,lower,0.20689655172413793,0.20689655172413793,0.20689655172413793,0.20689655172413793,0.20689655172413793,0.20689655172413793,25.0,23.0,25.0,25.0,23.0,25.0,0.0,False,30.0,False
VOA12539,VOA12539,CC,21.840071999999996,4.513495293481253,12.7260995320742,matched_models,MLH1,lower,0.4482758620689655,0.3793103448275862,0.41379310344827586,0.3793103448275862,0.396551724137931,0.43103448275862066,19.0,13.0,20.0,17.0,13.0,20.0,0.06896551724137934,False,30.0,False
VOA295,VOA295,CC,34.59856800000001,5.153747302909076,13.24331478485268,matched_models,MLH1,lower,0.06896551724137931,0.0,0.034482758620689655,0.0,0.017241379310344827,0.05172413793103448,29.0,29.0,30.0,29.0,29.0,30.0,0.06896551724137931,False,30.0,False
VOA4841,VOA4841,CC,22.008812,4.524114590576494,12.48034638188608,matched_models,MLH1,lower,0.41379310344827586,0.7586206896551724,0.5862068965517241,0.41379310344827586,0.6724137931034482,0.5,14.0,11.0,11.0,15.0,11.0,15.0,0.3448275862068965,False,30.0,False
TOV112D,TOV112D,EC,39.951994,5.355861794955714,13.07607312742861,matched_models,MLH1,lower,0.0,0.034482758620689655,0.017241379310344827,0.0,0.02586206896551724,0.008620689655172414,30.0,29.0,29.0,30.0,29.0,30.0,0.034482758620689655,False,30.0,False
VOA4395,VOA4395,EC,21.457982,4.489156392644081,12.79175606467655,matched_models,MLH1,lower,0.4827586206896552,0.2413793103448276,0.3620689655172414,0.2413793103448276,0.3017241379310345,0.4224137931034483,24.0,21.0,23.0,18.0,18.0,24.0,0.2413793103448276,False,30.0,False
TOV2414,TOV2414,MC,28.94014500000001,4.904009303266805,12.17277079269001,matched_models,MLH1,lower,0.2413793103448276,0.9655172413793104,0.603448275862069,0.2413793103448276,0.7844827586206896,0.4224137931034483,12.0,21.0,5.0,18.0,5.0,21.0,0.7241379310344828,False,30.0,False
VOA8762,VOA8762,MC,26.0545013,4.757796743021701,12.65297672221823,matched_models,MLH1,lower,0.27586206896551724,0.5517241379310345,0.41379310344827586,0.27586206896551724,0.48275862068965514,0.3448275862068966,19.0,19.0,17.0,23.0,17.0,23.0,0.27586206896551724,False,30.0,False
VOA8771,VOA8771,MC,24.235116251,4.65736082762455,12.65041977449152,matched_models,MLH1,lower,0.3103448275862069,0.5862068965517241,0.4482758620689655,0.3103448275862069,0.5172413793103448,0.3793103448275862,15.0,17.0,14.0,22.0,14.0,22.0,0.2758620689655172,False,30.0,False
VOA5217,VOA5217,MMMT,12.064075,3.7075330733412395,12.6387617064251,matched_models,MLH1,lower,0.896551724137931,0.6206896551724138,0.7586206896551724,0.6206896551724138,0.6896551724137931,0.8275862068965517,5.0,7.0,9.0,4.0,4.0,9.0,0.27586206896551724,True,30.0,False
VOA5436,VOA5436,MMMT,14.6692575,3.969864913086668,12.66584540451288,matched_models,MLH1,lower,0.7931034482758621,0.41379310344827586,0.603448275862069,0.41379310344827586,0.5086206896551724,0.6982758620689655,12.0,11.0,15.0,8.0,8.0,15.0,0.37931034482758624,False,30.0,False
BIN67,BIN67,SCCOHT,30.215433,4.964187572939337,12.85098068700825,matched_models,MLH1,lower,0.1724137931034483,0.13793103448275862,0.15517241379310345,0.13793103448275862,0.14655172413793105,0.16379310344827586,26.0,24.0,26.0,26.0,24.0,26.0,0.03448275862068967,False,30.0,False
COV434,COV434,SCCOHT,34.43571549999999,5.147132274384952,12.8845865409711,matched_models,MLH1,lower,0.10344827586206896,0.10344827586206896,0.10344827586206896,0.10344827586206896,0.10344827586206896,0.10344827586206896,28.0,26.0,28.0,27.0,26.0,28.0,0.0,False,30.0,False
OV1369-R2,1369,HGS,20.474556899999996,4.424556458392302,12.75025173801913,selected_patient_representatives,MLH1,lower,0.6153846153846154,0.3076923076923077,0.46153846153846156,0.3076923076923077,0.38461538461538464,0.5384615384615385,13.0,16.0,19.0,12.0,12.0,19.0,0.3076923076923077,False,27.0,False
OV1946,OV1946,HGS,12.125413020484,3.7142909160073705,12.65598946388057,selected_patient_representatives,MLH1,lower,0.8846153846153846,0.5,0.6923076923076923,0.5,0.5961538461538461,0.7884615384615384,7.0,9.0,11.0,5.0,5.0,11.0,0.3846153846153846,True,27.0,False
OV2085,OV2085,HGS,15.551862200000004,4.0489216343107675,12.99647230480487,selected_patient_representatives,MLH1,lower,0.7692307692307693,0.07692307692307693,0.42307692307692313,0.07692307692307693,0.25,0.5961538461538463,16.0,24.0,21.0,11.0,11.0,24.0,0.6923076923076923,False,27.0,False
OV2295,2295,HGS,17.965605000000004,4.245313489012421,12.35938323926735,selected_patient_representatives,MLH1,lower,0.7307692307692307,0.8846153846153846,0.8076923076923077,0.7307692307692307,0.8461538461538461,0.7692307692307692,4.0,4.0,3.0,6.0,3.0,6.0,0.15384615384615385,True,27.0,False
OV3133-R,3133,HGS,20.0774100577024,4.397625697798662,12.47846159920714,selected_patient_representatives,MLH1,lower,0.6538461538461539,0.7692307692307693,0.7115384615384616,0.6538461538461539,0.7403846153846154,0.6826923076923077,6.0,6.0,6.0,9.0,6.0,9.0,0.11538461538461542,True,27.0,False
OV4453,OV4453,HGS,21.4451032,4.488328824501744,12.42356790792612,selected_patient_representatives,MLH1,lower,0.5384615384615384,0.8076923076923077,0.6730769230769231,0.5384615384615384,0.7403846153846154,0.6057692307692308,9.0,8.0,6.0,10.0,6.0,10.0,0.2692307692307693,True,27.0,False
OV4485,OV4485,HGS,13.658380000000005,3.8736537648591045,12.41305366703742,selected_patient_representatives,MLH1,lower,0.8461538461538461,0.8461538461538461,0.8461538461538461,0.8461538461538461,0.8461538461538461,0.8461538461538461,3.0,3.0,3.0,3.0,3.0,3.0,0.0,True,27.0,False
OV866-2,OV866-2,HGS,38.14355,5.290702697432201,12.82978757343365,selected_patient_representatives,MLH1,lower,0.038461538461538464,0.19230769230769232,0.11538461538461539,0.038461538461538464,0.15384615384615385,0.07692307692307693,24.0,25.0,24.0,25.0,24.0,25.0,0.15384615384615385,False,27.0,False
TOV3041G,TOV3041G,HGS,22.603916000000005,4.560954324182411,12.66364404853138,selected_patient_representatives,MLH1,lower,0.38461538461538464,0.46153846153846156,0.42307692307692313,0.38461538461538464,0.4423076923076923,0.40384615384615385,16.0,12.0,16.0,18.0,12.0,18.0,0.07692307692307693,False,27.0,False
TOV3291G,3291,HGS,33.3335400433026,5.101546712439242,12.61206163817979,selected_patient_representatives,MLH1,lower,0.15384615384615385,0.6538461538461539,0.40384615384615385,0.15384615384615385,0.5288461538461539,0.27884615384615385,20.0,21.0,12.0,21.0,12.0,21.0,0.5,False,27.0,False
OV3331,OV3331,HGS,21.163555,4.4701174008919775,12.74569709152939,selected_patient_representatives,MLH1,lower,0.5769230769230769,0.34615384615384615,0.4615384615384615,0.34615384615384615,0.4038461538461538,0.5192307692307692,14.0,14.0,18.0,13.0,13.0,18.0,0.23076923076923073,False,27.0,False
OV90,OV90,HGS,10.522388,3.526367839335204,12.25373383585814,selected_patient_representatives,MLH1,lower,0.9615384615384616,0.9230769230769231,0.9423076923076923,0.9230769230769231,0.9326923076923077,0.9519230769230769,2.0,2.0,2.0,2.0,2.0,2.0,0.038461538461538436,True,27.0,False
TOV21G,TOV21G,CC,1.6853063446420002,1.4250866828791975,12.16376862158856,selected_patient_representatives,MLH1,lower,1.0,1.0,1.0,1.0,1.0,1.0,1.0,1.0,1.0,1.0,1.0,1.0,0.0,True,27.0,False
TOV3392D,TOV3392D,CC,18.3022339,4.270695919062109,12.50031328935385,selected_patient_representatives,MLH1,lower,0.6923076923076923,0.6923076923076923,0.6923076923076923,0.6923076923076923,0.6923076923076923,0.6923076923076923,7.0,5.0,8.0,8.0,5.0,8.0,0.0,True,27.0,False
VOA10816,VOA10816,CC,29.005921,4.907175307424368,12.81978202970712,selected_patient_representatives,MLH1,lower,0.23076923076923078,0.23076923076923078,0.23076923076923078,0.23076923076923078,0.23076923076923078,0.23076923076923078,22.0,20.0,22.0,22.0,20.0,22.0,0.0,False,27.0,False
VOA12539,VOA12539,CC,21.840071999999996,4.513495293481253,12.7260995320742,selected_patient_representatives,MLH1,lower,0.46153846153846156,0.38461538461538464,0.42307692307692313,0.38461538461538464,0.40384615384615385,0.4423076923076923,16.0,12.0,17.0,15.0,12.0,17.0,0.07692307692307693,False,27.0,False
VOA295,VOA295,CC,34.59856800000001,5.153747302909076,13.24331478485268,selected_patient_representatives,MLH1,lower,0.07692307692307693,0.0,0.038461538461538464,0.0,0.019230769230769232,0.057692307692307696,26.0,26.0,27.0,26.0,26.0,27.0,0.07692307692307693,False,27.0,False
VOA4841,VOA4841,CC,22.008812,4.524114590576494,12.48034638188608,selected_patient_representatives,MLH1,lower,0.4230769230769231,0.7307692307692307,0.5769230769230769,0.4230769230769231,0.6538461538461537,0.5,12.0,10.0,10.0,14.0,10.0,14.0,0.30769230769230765,False,27.0,False
TOV112D,TOV112D,EC,39.951994,5.355861794955714,13.07607312742861,selected_patient_representatives,MLH1,lower,0.0,0.038461538461538464,0.019230769230769232,0.0,0.028846153846153848,0.009615384615384616,27.0,26.0,26.0,27.0,26.0,27.0,0.038461538461538464,False,27.0,False
VOA4395,VOA4395,EC,21.457982,4.489156392644081,12.79175606467655,selected_patient_representatives,MLH1,lower,0.5,0.2692307692307692,0.3846153846153846,0.2692307692307692,0.3269230769230769,0.4423076923076923,21.0,18.0,20.0,15.0,15.0,21.0,0.23076923076923078,False,27.0,False
TOV2414,TOV2414,MC,28.94014500000001,4.904009303266805,12.17277079269001,selected_patient_representatives,MLH1,lower,0.2692307692307692,0.9615384615384616,0.6153846153846154,0.2692307692307692,0.7884615384615384,0.4423076923076923,10.0,18.0,5.0,15.0,5.0,18.0,0.6923076923076923,False,27.0,False
VOA8762,VOA8762,MC,26.0545013,4.757796743021701,12.65297672221823,selected_patient_representatives,MLH1,lower,0.3076923076923077,0.5384615384615384,0.4230769230769231,0.3076923076923077,0.4807692307692308,0.3653846153846154,19.0,16.0,15.0,20.0,15.0,20.0,0.23076923076923073,False,27.0,False
VOA8771,VOA8771,MC,24.235116251,4.65736082762455,12.65041977449152,selected_patient_representatives,MLH1,lower,0.34615384615384615,0.5769230769230769,0.4615384615384615,0.34615384615384615,0.5192307692307692,0.4038461538461538,14.0,14.0,13.0,19.0,13.0,19.0,0.23076923076923073,False,27.0,False
VOA5217,VOA5217,MMMT,12.064075,3.7075330733412395,12.6387617064251,selected_patient_representatives,MLH1,lower,0.9230769230769231,0.6153846153846154,0.7692307692307693,0.6153846153846154,0.6923076923076923,0.8461538461538461,5.0,7.0,8.0,3.0,3.0,8.0,0.3076923076923077,True,27.0,False
VOA5436,VOA5436,MMMT,14.6692575,3.969864913086668,12.66584540451288,selected_patient_representatives,MLH1,lower,0.8076923076923077,0.4230769230769231,0.6153846153846154,0.4230769230769231,0.5192307692307692,0.7115384615384616,10.0,10.0,13.0,7.0,7.0,13.0,0.38461538461538464,False,27.0,False
BIN67,BIN67,SCCOHT,30.215433,4.964187572939337,12.85098068700825,selected_patient_representatives,MLH1,lower,0.19230769230769232,0.15384615384615385,0.17307692307692307,0.15384615384615385,0.16346153846153846,0.1826923076923077,23.0,21.0,23.0,23.0,21.0,23.0,0.038461538461538464,False,27.0,False
COV434,COV434,SCCOHT,34.43571549999999,5.147132274384952,12.8845865409711,selected_patient_representatives,MLH1,lower,0.11538461538461539,0.11538461538461539,0.11538461538461539,0.11538461538461539,0.11538461538461539,0.11538461538461539,24.0,23.0,25.0,24.0,23.0,25.0,0.0,False,27.0,False
OV1369-R2;TOV1369,1369,HGS,19.225094449999997,4.335316244969604,12.66798387618625,patient_means_of_matched_models,MLH1,lower,0.6538461538461539,0.38461538461538464,0.5192307692307693,0.38461538461538464,0.451923076923077,0.5865384615384616,13.0,12.0,16.0,10.0,10.0,16.0,0.2692307692307692,False,27.0,False
OV2295;OV2295-R2,2295,HGS,14.403921003606762,3.905591608378116,12.55129195546952,patient_means_of_matched_models,MLH1,lower,0.8076923076923077,0.7307692307692307,0.7692307692307692,0.7307692307692307,0.75,0.7884615384615385,5.0,4.0,6.0,5.0,4.0,6.0,0.07692307692307698,True,27.0,False
OV3133-R;TOV3133G,3133,HGS,21.8631558950457,4.510538579674332,12.567369467791611,patient_means_of_matched_models,MLH1,lower,0.5,0.6923076923076923,0.5961538461538461,0.5,0.6442307692307692,0.5480769230769231,11.0,8.0,10.0,12.0,8.0,12.0,0.1923076923076923,True,27.0,False
TOV3291G,3291,HGS,33.3335400433026,5.101546712439242,12.61206163817979,patient_means_of_matched_models,MLH1,lower,0.15384615384615385,0.6538461538461539,0.40384615384615385,0.15384615384615385,0.5288461538461539,0.27884615384615385,18.0,21.0,12.0,21.0,12.0,21.0,0.5,False,27.0,False
BIN67,BIN67,SCCOHT,30.215433,4.964187572939337,12.85098068700825,patient_means_of_matched_models,MLH1,lower,0.19230769230769232,0.15384615384615385,0.17307692307692307,0.15384615384615385,0.16346153846153846,0.1826923076923077,23.0,21.0,23.0,23.0,21.0,23.0,0.038461538461538464,False,27.0,False
COV434,COV434,SCCOHT,34.43571549999999,5.147132274384952,12.8845865409711,patient_means_of_matched_models,MLH1,lower,0.11538461538461539,0.11538461538461539,0.11538461538461539,0.11538461538461539,0.11538461538461539,0.11538461538461539,24.0,23.0,25.0,24.0,23.0,25.0,0.0,False,27.0,False
OV1946,OV1946,HGS,12.125413020484,3.7142909160073705,12.65598946388057,patient_means_of_matched_models,MLH1,lower,0.8846153846153846,0.5,0.6923076923076923,0.5,0.5961538461538461,0.7884615384615384,8.0,8.0,11.0,6.0,6.0,11.0,0.3846153846153846,True,27.0,False
OV2085,OV2085,HGS,15.551862200000004,4.0489216343107675,12.99647230480487,patient_means_of_matched_models,MLH1,lower,0.7307692307692307,0.07692307692307693,0.40384615384615385,0.07692307692307693,0.24038461538461536,0.5673076923076923,18.0,24.0,21.0,11.0,11.0,24.0,0.6538461538461537,False,27.0,False
OV3331,OV3331,HGS,21.163555,4.4701174008919775,12.74569709152939,patient_means_of_matched_models,MLH1,lower,0.6153846153846154,0.3076923076923077,0.46153846153846156,0.3076923076923077,0.38461538461538464,0.5384615384615385,14.0,16.0,18.0,13.0,13.0,18.0,0.3076923076923077,False,27.0,False
OV4453,OV4453,HGS,21.4451032,4.488328824501744,12.42356790792612,patient_means_of_matched_models,MLH1,lower,0.5769230769230769,0.8461538461538461,0.7115384615384615,0.5769230769230769,0.7788461538461537,0.6442307692307692,7.0,7.0,5.0,9.0,5.0,9.0,0.2692307692307693,True,27.0,False
OV4485,OV4485,HGS,13.658380000000005,3.8736537648591045,12.41305366703742,patient_means_of_matched_models,MLH1,lower,0.8461538461538461,0.8846153846153846,0.8653846153846154,0.8461538461538461,0.875,0.8557692307692307,3.0,3.0,3.0,3.0,3.0,3.0,0.038461538461538436,True,27.0,False
OV866-2,OV866-2,HGS,38.14355,5.290702697432201,12.82978757343365,patient_means_of_matched_models,MLH1,lower,0.038461538461538464,0.19230769230769232,0.11538461538461539,0.038461538461538464,0.15384615384615385,0.07692307692307693,24.0,25.0,24.0,25.0,24.0,25.0,0.15384615384615385,False,27.0,False
OV90,OV90,HGS,10.522388,3.526367839335204,12.25373383585814,patient_means_of_matched_models,MLH1,lower,0.9615384615384616,0.9230769230769231,0.9423076923076923,0.9230769230769231,0.9326923076923077,0.9519230769230769,2.0,2.0,2.0,2.0,2.0,2.0,0.038461538461538436,True,27.0,False
TOV112D,TOV112D,EC,39.951994,5.355861794955714,13.07607312742861,patient_means_of_matched_models,MLH1,lower,0.0,0.038461538461538464,0.019230769230769232,0.0,0.028846153846153848,0.009615384615384616,27.0,26.0,26.0,27.0,26.0,27.0,0.038461538461538464,False,27.0,False
TOV21G,TOV21G,CC,1.6853063446420002,1.4250866828791975,12.16376862158856,patient_means_of_matched_models,MLH1,lower,1.0,1.0,1.0,1.0,1.0,1.0,1.0,1.0,1.0,1.0,1.0,1.0,0.0,True,27.0,False
TOV2414,TOV2414,MC,28.94014500000001,4.904009303266805,12.17277079269001,patient_means_of_matched_models,MLH1,lower,0.2692307692307692,0.9615384615384616,0.6153846153846154,0.2692307692307692,0.7884615384615384,0.4423076923076923,9.0,18.0,4.0,16.0,4.0,18.0,0.6923076923076923,False,27.0,False
TOV3041G,TOV3041G,HGS,22.603916000000005,4.560954324182411,12.66364404853138,patient_means_of_matched_models,MLH1,lower,0.38461538461538464,0.46153846153846156,0.42307692307692313,0.38461538461538464,0.4423076923076923,0.40384615384615385,16.0,12.0,17.0,18.0,12.0,18.0,0.07692307692307693,False,27.0,False
TOV3392D,TOV3392D,CC,18.3022339,4.270695919062109,12.50031328935385,patient_means_of_matched_models,MLH1,lower,0.6923076923076923,0.7692307692307693,0.7307692307692308,0.6923076923076923,0.75,0.7115384615384615,6.0,5.0,6.0,7.0,5.0,7.0,0.07692307692307698,True,27.0,False
VOA10816,VOA10816,CC,29.005921,4.907175307424368,12.81978202970712,patient_means_of_matched_models,MLH1,lower,0.23076923076923078,0.23076923076923078,0.23076923076923078,0.23076923076923078,0.23076923076923078,0.23076923076923078,22.0,20.0,22.0,22.0,20.0,22.0,0.0,False,27.0,False
VOA12539,VOA12539,CC,21.840071999999996,4.513495293481253,12.7260995320742,patient_means_of_matched_models,MLH1,lower,0.46153846153846156,0.34615384615384615,0.40384615384615385,0.34615384615384615,0.375,0.4326923076923077,18.0,14.0,19.0,17.0,14.0,19.0,0.11538461538461542,False,27.0,False
VOA295,VOA295,CC,34.59856800000001,5.153747302909076,13.24331478485268,patient_means_of_matched_models,MLH1,lower,0.07692307692307693,0.0,0.038461538461538464,0.0,0.019230769230769232,0.057692307692307696,26.0,26.0,27.0,26.0,26.0,27.0,0.07692307692307693,False,27.0,False
VOA4395,VOA4395,EC,21.457982,4.489156392644081,12.79175606467655,patient_means_of_matched_models,MLH1,lower,0.5384615384615384,0.2692307692307692,0.40384615384615385,0.2692307692307692,0.33653846153846156,0.47115384615384615,18.0,18.0,20.0,15.0,15.0,20.0,0.2692307692307692,False,27.0,False
VOA4841,VOA4841,CC,22.008812,4.524114590576494,12.48034638188608,patient_means_of_matched_models,MLH1,lower,0.4230769230769231,0.8076923076923077,0.6153846153846154,0.4230769230769231,0.7115384615384616,0.5192307692307692,9.0,10.0,8.0,14.0,8.0,14.0,0.38461538461538464,False,27.0,False
VOA5217,VOA5217,MMMT,12.064075,3.7075330733412395,12.6387617064251,patient_means_of_matched_models,MLH1,lower,0.9230769230769231,0.6153846153846154,0.7692307692307693,0.6153846153846154,0.6923076923076923,0.8461538461538461,4.0,6.0,9.0,4.0,4.0,9.0,0.3076923076923077,True,27.0,False
VOA5436,VOA5436,MMMT,14.6692575,3.969864913086668,12.66584540451288,patient_means_of_matched_models,MLH1,lower,0.7692307692307693,0.4230769230769231,0.5961538461538461,0.4230769230769231,0.5096153846153846,0.6826923076923077,11.0,10.0,14.0,8.0,8.0,14.0,0.3461538461538462,False,27.0,False
VOA8762,VOA8762,MC,26.0545013,4.757796743021701,12.65297672221823,patient_means_of_matched_models,MLH1,lower,0.3076923076923077,0.5384615384615384,0.4230769230769231,0.3076923076923077,0.4807692307692308,0.3653846153846154,17.0,16.0,15.0,20.0,15.0,20.0,0.23076923076923073,False,27.0,False
VOA8771,VOA8771,MC,24.235116251,4.65736082762455,12.65041977449152,patient_means_of_matched_models,MLH1,lower,0.34615384615384615,0.5769230769230769,0.4615384615384615,0.34615384615384615,0.5192307692307692,0.4038461538461538,15.0,14.0,13.0,19.0,13.0,19.0,0.23076923076923073,False,27.0,False
OV1369-R2,1369,HGS,20.474556899999996,4.424556458392302,12.75025173801913,HGS_selected_representatives,MLH1,lower,0.45454545454545453,0.18181818181818182,0.3181818181818182,0.18181818181818182,0.25,0.38636363636363635,8.0,8.0,10.0,7.0,7.0,10.0,0.2727272727272727,False,12.0,False
OV1946,OV1946,HGS,12.125413020484,3.7142909160073705,12.65598946388057,HGS_selected_representatives,MLH1,lower,0.9090909090909091,0.45454545454545453,0.6818181818181818,0.45454545454545453,0.5681818181818181,0.7954545454545454,4.0,5.0,6.0,3.0,3.0,6.0,0.45454545454545453,False,12.0,False
OV2085,OV2085,HGS,15.551862200000004,4.0489216343107675,12.99647230480487,HGS_selected_representatives,MLH1,lower,0.7272727272727273,0.0,0.36363636363636365,0.0,0.18181818181818182,0.5454545454545454,7.0,11.0,11.0,6.0,6.0,11.0,0.7272727272727273,False,12.0,False
OV2295,2295,HGS,17.965605000000004,4.245313489012421,12.35938323926735,HGS_selected_representatives,MLH1,lower,0.6363636363636364,0.9090909090909091,0.7727272727272727,0.6363636363636364,0.8409090909090908,0.7045454545454546,3.0,3.0,2.0,4.0,2.0,4.0,0.2727272727272727,True,12.0,False
OV3133-R,3133,HGS,20.0774100577024,4.397625697798662,12.47846159920714,HGS_selected_representatives,MLH1,lower,0.5454545454545454,0.6363636363636364,0.5909090909090908,0.5454545454545454,0.6136363636363636,0.5681818181818181,5.0,4.0,4.0,5.0,4.0,5.0,0.09090909090909094,True,12.0,False
OV4453,OV4453,HGS,21.4451032,4.488328824501744,12.42356790792612,HGS_selected_representatives,MLH1,lower,0.2727272727272727,0.7272727272727273,0.5,0.2727272727272727,0.6136363636363635,0.38636363636363635,6.0,6.0,5.0,7.0,5.0,7.0,0.4545454545454546,False,12.0,False
OV4485,OV4485,HGS,13.658380000000005,3.8736537648591045,12.41305366703742,HGS_selected_representatives,MLH1,lower,0.8181818181818182,0.8181818181818182,0.8181818181818182,0.8181818181818182,0.8181818181818182,0.8181818181818182,2.0,2.0,3.0,2.0,2.0,3.0,0.0,True,12.0,False
OV866-2,OV866-2,HGS,38.14355,5.290702697432201,12.82978757343365,HGS_selected_representatives,MLH1,lower,0.0,0.09090909090909091,0.045454545454545456,0.0,0.06818181818181818,0.022727272727272728,12.0,11.0,12.0,12.0,11.0,12.0,0.09090909090909091,False,12.0,False
TOV3041G,TOV3041G,HGS,22.603916000000005,4.560954324182411,12.66364404853138,HGS_selected_representatives,MLH1,lower,0.18181818181818182,0.36363636363636365,0.2727272727272727,0.18181818181818182,0.3181818181818182,0.22727272727272727,11.0,8.0,8.0,10.0,8.0,11.0,0.18181818181818182,False,12.0,False
TOV3291G,3291,HGS,33.3335400433026,5.101546712439242,12.61206163817979,HGS_selected_representatives,MLH1,lower,0.09090909090909091,0.5454545454545454,0.3181818181818182,0.09090909090909091,0.43181818181818177,0.20454545454545453,8.0,10.0,7.0,11.0,7.0,11.0,0.4545454545454545,False,12.0,False
OV3331,OV3331,HGS,21.163555,4.4701174008919775,12.74569709152939,HGS_selected_representatives,MLH1,lower,0.36363636363636365,0.2727272727272727,0.3181818181818182,0.2727272727272727,0.2954545454545454,0.3409090909090909,8.0,6.0,9.0,9.0,6.0,9.0,0.09090909090909094,False,12.0,False
OV90,OV90,HGS,10.522388,3.526367839335204,12.25373383585814,HGS_selected_representatives,MLH1,lower,1.0,1.0,1.0,1.0,1.0,1.0,1.0,1.0,1.0,1.0,1.0,1.0,0.0,True,12.0,False
TOV21G,TOV21G,CC,1.6853063446420002,1.4250866828791975,12.16376862158856,CC_selected_representatives,MLH1,lower,1.0,1.0,1.0,1.0,1.0,1.0,1.0,1.0,1.0,1.0,1.0,1.0,0.0,True,6.0,False
TOV3392D,TOV3392D,CC,18.3022339,4.270695919062109,12.50031328935385,CC_selected_representatives,MLH1,lower,0.8,0.6,0.7,0.6,0.6499999999999999,0.7500000000000001,2.0,2.0,3.0,2.0,2.0,3.0,0.20000000000000007,True,6.0,False
VOA10816,VOA10816,CC,29.005921,4.907175307424368,12.81978202970712,CC_selected_representatives,MLH1,lower,0.2,0.2,0.2,0.2,0.2,0.2,5.0,5.0,5.0,5.0,5.0,5.0,0.0,False,6.0,False
VOA12539,VOA12539,CC,21.840071999999996,4.513495293481253,12.7260995320742,CC_selected_representatives,MLH1,lower,0.6,0.4,0.5,0.4,0.45000000000000007,0.5499999999999999,4.0,3.0,4.0,3.0,3.0,4.0,0.19999999999999996,False,6.0,False
VOA295,VOA295,CC,34.59856800000001,5.153747302909076,13.24331478485268,CC_selected_representatives,MLH1,lower,0.0,0.0,0.0,0.0,0.0,0.0,6.0,6.0,6.0,6.0,6.0,6.0,0.0,False,6.0,False
VOA4841,VOA4841,CC,22.008812,4.524114590576494,12.48034638188608,CC_selected_representatives,MLH1,lower,0.4,0.8,0.6000000000000001,0.4,0.7000000000000001,0.5,3.0,3.0,2.0,4.0,2.0,4.0,0.4,False,6.0,False
OV1369-R2,1369,HGS,9.94744,3.452521637672705,10.97534933343722,matched_models,PMS2,lower,0.6551724137931034,0.4482758620689655,0.5517241379310345,0.4482758620689655,0.5,0.603448275862069,14.0,12.0,15.0,13.0,12.0,15.0,0.2068965517241379,False,30.0,False
OV1946,OV1946,HGS,12.169199,3.7190956930352477,10.77852531840747,matched_models,PMS2,lower,0.2413793103448276,0.7241379310344828,0.4827586206896552,0.2413793103448276,0.603448275862069,0.3620689655172414,16.0,19.0,12.0,20.0,12.0,20.0,0.48275862068965514,False,30.0,False
OV2085,OV2085,HGS,12.0987399116,3.711356127205481,11.3292159476989,matched_models,PMS2,lower,0.27586206896551724,0.06896551724137931,0.1724137931034483,0.06896551724137931,0.12068965517241378,0.22413793103448276,26.0,26.0,27.0,25.0,25.0,27.0,0.20689655172413793,False,30.0,False
OV2295,2295,HGS,9.991817,3.4583579852886355,10.46038775360806,matched_models,PMS2,lower,0.6206896551724138,0.9310344827586207,0.7758620689655172,0.6206896551724138,0.853448275862069,0.6982758620689655,6.0,6.0,3.0,10.0,3.0,10.0,0.31034482758620685,True,30.0,False
OV2295-R2,2295,HGS,6.563272,2.919010503883206,11.02885793275227,matched_models,PMS2,lower,0.8275862068965517,0.3793103448275862,0.603448275862069,0.3793103448275862,0.4913793103448275,0.7155172413793104,13.0,14.0,17.0,8.0,8.0,17.0,0.4482758620689655,False,30.0,False
OV3133-R,3133,HGS,3.51125102367,2.173527565491522,10.80289333080785,matched_models,PMS2,lower,1.0,0.6206896551724138,0.8103448275862069,0.6206896551724138,0.7155172413793104,0.9051724137931034,4.0,6.0,8.0,1.0,1.0,8.0,0.3793103448275862,True,30.0,False
OV4453,OV4453,HGS,10.0776041,3.4695739792691613,10.74058802957955,matched_models,PMS2,lower,0.5862068965517241,0.7586206896551724,0.6724137931034482,0.5862068965517241,0.7155172413793103,0.6293103448275861,8.0,8.0,10.0,12.0,8.0,12.0,0.1724137931034483,True,30.0,False
OV4485,OV4485,HGS,9.922831,3.4492749200398767,10.82816667237557,matched_models,PMS2,lower,0.6896551724137931,0.5862068965517241,0.6379310344827587,0.5862068965517241,0.6120689655172413,0.6637931034482759,11.0,8.0,11.0,11.0,8.0,11.0,0.10344827586206906,True,30.0,False
OV866-2,OV866-2,HGS,12.005324,3.7010304362959596,11.30369137025098,matched_models,PMS2,lower,0.3103448275862069,0.1724137931034483,0.2413793103448276,0.1724137931034483,0.20689655172413796,0.27586206896551724,25.0,22.0,25.0,23.0,22.0,25.0,0.13793103448275862,False,30.0,False
TOV1369,1369,HGS,3.749983,2.247922350104726,11.05946012616832,matched_models,PMS2,lower,0.9655172413793104,0.3448275862068966,0.6551724137931034,0.3448275862068966,0.5,0.8103448275862069,9.0,15.0,15.0,5.0,5.0,15.0,0.6206896551724138,False,30.0,False
TOV3041G,TOV3041G,HGS,6.669965,2.939219994359025,10.5924349610557,matched_models,PMS2,lower,0.7931034482758621,0.8620689655172413,0.8275862068965517,0.7931034482758621,0.8448275862068966,0.8103448275862069,3.0,3.0,4.0,5.0,3.0,5.0,0.06896551724137923,True,30.0,False
TOV3133G,3133,HGS,3.8463689,2.276904225248289,10.77946584195608,matched_models,PMS2,lower,0.9310344827586207,0.6551724137931034,0.7931034482758621,0.6551724137931034,0.7241379310344828,0.8620689655172413,5.0,5.0,7.0,4.0,4.0,7.0,0.27586206896551724,True,30.0,False
TOV3291G,3291,HGS,11.74602499467306,3.671975489845892,11.2607089794203,matched_models,PMS2,lower,0.3793103448275862,0.2413793103448276,0.3103448275862069,0.2413793103448276,0.27586206896551724,0.3448275862068965,24.0,19.0,24.0,21.0,19.0,24.0,0.1379310344827586,False,30.0,False
OV3331,OV3331,HGS,11.378484,3.62976273257316,11.0010795920673,matched_models,PMS2,lower,0.41379310344827586,0.41379310344827586,0.41379310344827586,0.41379310344827586,0.41379310344827586,0.41379310344827586,19.0,13.0,19.0,17.0,13.0,19.0,0.0,False,30.0,False
OV90,OV90,HGS,4.36632489724,2.423934403358666,10.49839221196672,matched_models,PMS2,lower,0.896551724137931,0.896551724137931,0.896551724137931,0.896551724137931,0.896551724137931,0.896551724137931,2.0,1.0,2.0,2.0,1.0,2.0,0.0,True,30.0,False
TOV21G,TOV21G,CC,15.988383000000002,4.086476634348843,10.3152289356989,matched_models,PMS2,lower,0.10344827586206896,0.9655172413793104,0.5344827586206897,0.10344827586206896,0.75,0.31896551724137934,15.0,25.0,6.0,22.0,6.0,25.0,0.8620689655172414,False,30.0,False
TOV3392D,TOV3392D,CC,8.637687,3.2686869479050076,10.88685824164204,matched_models,PMS2,lower,0.7586206896551724,0.5517241379310345,0.6551724137931034,0.5517241379310345,0.603448275862069,0.7068965517241379,9.0,10.0,12.0,9.0,9.0,12.0,0.2068965517241379,True,30.0,False
VOA10816,VOA10816,CC,13.31625318,3.8395820577456807,10.93789609212162,matched_models,PMS2,lower,0.1724137931034483,0.4827586206896552,0.3275862068965517,0.1724137931034483,0.4051724137931034,0.25,23.0,22.0,20.0,24.0,20.0,24.0,0.3103448275862069,False,30.0,False
VOA12539,VOA12539,CC,12.264644,3.7295140515450718,11.30445293770017,matched_models,PMS2,lower,0.20689655172413793,0.13793103448275862,0.1724137931034483,0.13793103448275862,0.15517241379310345,0.1896551724137931,26.0,24.0,26.0,27.0,24.0,27.0,0.06896551724137931,False,30.0,False
VOA295,VOA295,CC,13.905805,3.8978023862276485,11.40255195024264,matched_models,PMS2,lower,0.13793103448275862,0.0,0.06896551724137931,0.0,0.034482758620689655,0.10344827586206896,28.0,29.0,29.0,28.0,28.0,29.0,0.13793103448275862,False,30.0,False
VOA4841,VOA4841,CC,9.450943399999998,3.3855612742336816,10.66463706897027,matched_models,PMS2,lower,0.7241379310344828,0.8275862068965517,0.7758620689655172,0.7241379310344828,0.8017241379310345,0.75,6.0,4.0,5.0,7.0,4.0,7.0,0.10344827586206895,True,30.0,False
TOV112D,TOV112D,EC,19.030227,4.324106866008955,11.34790971603073,matched_models,PMS2,lower,0.034482758620689655,0.034482758620689655,0.034482758620689655,0.034482758620689655,0.034482758620689655,0.034482758620689655,30.0,28.0,29.0,29.0,28.0,30.0,0.0,False,30.0,False
VOA4395,VOA4395,EC,21.618848,4.499453548219975,11.32471630713059,matched_models,PMS2,lower,0.0,0.10344827586206896,0.05172413793103448,0.0,0.07758620689655173,0.02586206896551724,29.0,29.0,28.0,30.0,28.0,30.0,0.10344827586206896,False,30.0,False
TOV2414,TOV2414,MC,5.5196060000000005,2.704784780557348,10.28744409539977,matched_models,PMS2,lower,0.8620689655172413,1.0,0.9310344827586207,0.8620689655172413,0.9655172413793103,0.896551724137931,1.0,2.0,1.0,2.0,1.0,2.0,0.13793103448275867,True,30.0,False
VOA8762,VOA8762,MC,11.077709,3.594274913143145,10.72380755628397,matched_models,PMS2,lower,0.4827586206896552,0.7931034482758621,0.6379310344827587,0.4827586206896552,0.7155172413793104,0.5603448275862069,11.0,11.0,8.0,14.0,8.0,14.0,0.3103448275862069,False,30.0,False
VOA8771,VOA8771,MC,17.265722460000003,4.191066912307319,10.77861567964514,matched_models,PMS2,lower,0.06896551724137931,0.6896551724137931,0.37931034482758624,0.06896551724137931,0.5344827586206897,0.22413793103448276,20.0,26.0,14.0,25.0,14.0,26.0,0.6206896551724138,False,30.0,False
VOA5217,VOA5217,MMMT,10.601542,3.536244666438881,11.16352882843215,matched_models,PMS2,lower,0.5172413793103449,0.3103448275862069,0.4137931034482759,0.3103448275862069,0.36206896551724144,0.4655172413793104,18.0,17.0,21.0,15.0,15.0,21.0,0.20689655172413796,False,30.0,False
VOA5436,VOA5436,MMMT,12.001626001341508,3.700620154862612,10.90198421160692,matched_models,PMS2,lower,0.3448275862068966,0.5172413793103449,0.4310344827586207,0.3448275862068966,0.4741379310344828,0.3879310344827587,17.0,15.0,18.0,19.0,15.0,19.0,0.1724137931034483,False,30.0,False
BIN67,BIN67,SCCOHT,10.464365,3.519084542547303,11.29441172592857,matched_models,PMS2,lower,0.5517241379310345,0.20689655172413793,0.3793103448275862,0.20689655172413793,0.2931034482758621,0.46551724137931033,21.0,21.0,23.0,16.0,16.0,23.0,0.3448275862068966,False,30.0,False
COV434,COV434,SCCOHT,11.325224006651098,3.623541962208429,11.20712181865699,matched_models,PMS2,lower,0.4482758620689655,0.27586206896551724,0.3620689655172414,0.27586206896551724,0.31896551724137934,0.4051724137931034,22.0,18.0,22.0,18.0,18.0,22.0,0.1724137931034483,False,30.0,False
OV1369-R2,1369,HGS,9.94744,3.452521637672705,10.97534933343722,selected_patient_representatives,PMS2,lower,0.7307692307692307,0.4230769230769231,0.5769230769230769,0.4230769230769231,0.5,0.6538461538461537,11.0,11.0,14.0,10.0,10.0,14.0,0.30769230769230765,False,27.0,False
OV1946,OV1946,HGS,12.169199,3.7190956930352477,10.77852531840747,selected_patient_representatives,PMS2,lower,0.2692307692307692,0.6923076923076923,0.4807692307692307,0.2692307692307692,0.5865384615384615,0.375,13.0,16.0,12.0,18.0,12.0,18.0,0.4230769230769231,False,27.0,False
OV2085,OV2085,HGS,12.0987399116,3.711356127205481,11.3292159476989,selected_patient_representatives,PMS2,lower,0.3076923076923077,0.07692307692307693,0.19230769230769232,0.07692307692307693,0.13461538461538464,0.25,23.0,23.0,24.0,22.0,22.0,24.0,0.23076923076923078,False,27.0,False
OV2295,2295,HGS,9.991817,3.4583579852886355,10.46038775360806,selected_patient_representatives,PMS2,lower,0.6923076923076923,0.9230769230769231,0.8076923076923077,0.6923076923076923,0.8653846153846154,0.75,4.0,5.0,3.0,7.0,3.0,7.0,0.23076923076923084,True,27.0,False
OV3133-R,3133,HGS,3.51125102367,2.173527565491522,10.80289333080785,selected_patient_representatives,PMS2,lower,1.0,0.6153846153846154,0.8076923076923077,0.6153846153846154,0.7115384615384616,0.9038461538461539,4.0,7.0,7.0,3.0,3.0,7.0,0.3846153846153846,True,27.0,False
OV4453,OV4453,HGS,10.0776041,3.4695739792691613,10.74058802957955,selected_patient_representatives,PMS2,lower,0.6538461538461539,0.7307692307692307,0.6923076923076923,0.6538461538461539,0.7115384615384615,0.6730769230769231,7.0,6.0,9.0,9.0,6.0,9.0,0.07692307692307687,True,27.0,False
OV4485,OV4485,HGS,9.922831,3.4492749200398767,10.82816667237557,selected_patient_representatives,PMS2,lower,0.7692307692307693,0.5769230769230769,0.6730769230769231,0.5769230769230769,0.625,0.7211538461538463,9.0,8.0,10.0,8.0,8.0,10.0,0.1923076923076924,True,27.0,False
OV866-2,OV866-2,HGS,12.005324,3.7010304362959596,11.30369137025098,selected_patient_representatives,PMS2,lower,0.34615384615384615,0.19230769230769232,0.2692307692307692,0.19230769230769232,0.23076923076923078,0.30769230769230765,22.0,19.0,22.0,20.0,19.0,22.0,0.15384615384615383,False,27.0,False
TOV3041G,TOV3041G,HGS,6.669965,2.939219994359025,10.5924349610557,selected_patient_representatives,PMS2,lower,0.8846153846153846,0.8461538461538461,0.8653846153846154,0.8461538461538461,0.8557692307692307,0.875,3.0,3.0,4.0,4.0,3.0,4.0,0.038461538461538436,True,27.0,False
TOV3291G,3291,HGS,11.74602499467306,3.671975489845892,11.2607089794203,selected_patient_representatives,PMS2,lower,0.4230769230769231,0.2692307692307692,0.34615384615384615,0.2692307692307692,0.3076923076923077,0.3846153846153846,20.0,16.0,21.0,17.0,16.0,21.0,0.15384615384615385,False,27.0,False
OV3331,OV3331,HGS,11.378484,3.62976273257316,11.0010795920673,selected_patient_representatives,PMS2,lower,0.46153846153846156,0.38461538461538464,0.42307692307692313,0.38461538461538464,0.40384615384615385,0.4423076923076923,16.0,12.0,16.0,15.0,12.0,16.0,0.07692307692307693,False,27.0,False
OV90,OV90,HGS,4.36632489724,2.423934403358666,10.49839221196672,selected_patient_representatives,PMS2,lower,0.9615384615384616,0.8846153846153846,0.9230769230769231,0.8846153846153846,0.9038461538461539,0.9423076923076923,2.0,2.0,2.0,1.0,1.0,2.0,0.07692307692307698,True,27.0,False
TOV21G,TOV21G,CC,15.988383000000002,4.086476634348843,10.3152289356989,selected_patient_representatives,PMS2,lower,0.11538461538461539,0.9615384615384616,0.5384615384615384,0.11538461538461539,0.75,0.3269230769230769,12.0,22.0,6.0,19.0,6.0,22.0,0.8461538461538461,False,27.0,False
TOV3392D,TOV3392D,CC,8.637687,3.2686869479050076,10.88685824164204,selected_patient_representatives,PMS2,lower,0.8461538461538461,0.5384615384615384,0.6923076923076923,0.5384615384615384,0.6153846153846154,0.7692307692307692,7.0,9.0,11.0,6.0,6.0,11.0,0.3076923076923077,True,27.0,False
VOA10816,VOA10816,CC,13.31625318,3.8395820577456807,10.93789609212162,selected_patient_representatives,PMS2,lower,0.19230769230769232,0.46153846153846156,0.3269230769230769,0.19230769230769232,0.3942307692307692,0.25961538461538464,21.0,19.0,18.0,21.0,18.0,21.0,0.2692307692307693,False,27.0,False
VOA12539,VOA12539,CC,12.264644,3.7295140515450718,11.30445293770017,selected_patient_representatives,PMS2,lower,0.23076923076923078,0.15384615384615385,0.19230769230769232,0.15384615384615385,0.17307692307692307,0.21153846153846154,23.0,21.0,23.0,24.0,21.0,24.0,0.07692307692307693,False,27.0,False
VOA295,VOA295,CC,13.905805,3.8978023862276485,11.40255195024264,selected_patient_representatives,PMS2,lower,0.15384615384615385,0.0,0.07692307692307693,0.0,0.038461538461538464,0.11538461538461539,25.0,26.0,26.0,25.0,25.0,26.0,0.15384615384615385,False,27.0,False
VOA4841,VOA4841,CC,9.450943399999998,3.3855612742336816,10.66463706897027,selected_patient_representatives,PMS2,lower,0.8076923076923077,0.8076923076923077,0.8076923076923077,0.8076923076923077,0.8076923076923077,0.8076923076923077,4.0,4.0,5.0,5.0,4.0,5.0,0.0,True,27.0,False
TOV112D,TOV112D,EC,19.030227,4.324106866008955,11.34790971603073,selected_patient_representatives,PMS2,lower,0.038461538461538464,0.038461538461538464,0.038461538461538464,0.038461538461538464,0.038461538461538464,0.038461538461538464,27.0,25.0,26.0,26.0,25.0,27.0,0.0,False,27.0,False
VOA4395,VOA4395,EC,21.618848,4.499453548219975,11.32471630713059,selected_patient_representatives,PMS2,lower,0.0,0.11538461538461539,0.057692307692307696,0.0,0.08653846153846154,0.028846153846153848,26.0,26.0,25.0,27.0,25.0,27.0,0.11538461538461539,False,27.0,False
TOV2414,TOV2414,MC,5.5196060000000005,2.704784780557348,10.28744409539977,selected_patient_representatives,PMS2,lower,0.9230769230769231,1.0,0.9615384615384616,0.9230769230769231,0.9807692307692308,0.9423076923076923,1.0,1.0,1.0,1.0,1.0,1.0,0.07692307692307687,True,27.0,False
VOA8762,VOA8762,MC,11.077709,3.594274913143145,10.72380755628397,selected_patient_representatives,PMS2,lower,0.5384615384615384,0.7692307692307693,0.6538461538461539,0.5384615384615384,0.7115384615384616,0.5961538461538461,10.0,9.0,7.0,11.0,7.0,11.0,0.23076923076923084,True,27.0,False
VOA8771,VOA8771,MC,17.265722460000003,4.191066912307319,10.77861567964514,selected_patient_representatives,PMS2,lower,0.07692307692307693,0.6538461538461539,0.3653846153846154,0.07692307692307693,0.5096153846153847,0.22115384615384615,19.0,23.0,13.0,23.0,13.0,23.0,0.5769230769230769,False,27.0,False
VOA5217,VOA5217,MMMT,10.601542,3.536244666438881,11.16352882843215,selected_patient_representatives,PMS2,lower,0.5769230769230769,0.34615384615384615,0.4615384615384615,0.34615384615384615,0.4038461538461538,0.5192307692307692,14.0,14.0,17.0,13.0,13.0,17.0,0.23076923076923073,False,27.0,False
VOA5436,VOA5436,MMMT,12.001626001341508,3.700620154862612,10.90198421160692,selected_patient_representatives,PMS2,lower,0.38461538461538464,0.5,0.4423076923076923,0.38461538461538464,0.47115384615384615,0.4134615384615385,15.0,12.0,15.0,16.0,12.0,16.0,0.11538461538461536,False,27.0,False
BIN67,BIN67,SCCOHT,10.464365,3.519084542547303,11.29441172592857,selected_patient_representatives,PMS2,lower,0.6153846153846154,0.23076923076923078,0.42307692307692313,0.23076923076923078,0.3269230769230769,0.5192307692307693,16.0,18.0,20.0,12.0,12.0,20.0,0.38461538461538464,False,27.0,False
COV434,COV434,SCCOHT,11.325224006651098,3.623541962208429,11.20712181865699,selected_patient_representatives,PMS2,lower,0.5,0.3076923076923077,0.40384615384615385,0.3076923076923077,0.3557692307692308,0.4519230769230769,18.0,15.0,19.0,14.0,14.0,19.0,0.1923076923076923,False,27.0,False
OV1369-R2;TOV1369,1369,HGS,6.8487115,2.8502219938887157,11.01740472980277,patient_means_of_matched_models,PMS2,lower,0.8846153846153846,0.38461538461538464,0.6346153846153846,0.38461538461538464,0.5096153846153846,0.7596153846153846,10.0,12.0,14.0,6.0,6.0,14.0,0.49999999999999994,False,27.0,False
OV2295;OV2295-R2,2295,HGS,8.2775445,3.1886842445859207,10.744622843180165,patient_means_of_matched_models,PMS2,lower,0.8076923076923077,0.7307692307692307,0.7692307692307692,0.7307692307692307,0.75,0.7884615384615385,6.0,4.0,5.0,5.0,4.0,6.0,0.07692307692307698,True,27.0,False
OV3133-R;TOV3133G,3133,HGS,3.678809961835,2.2252158953699057,10.791179586381965,patient_means_of_matched_models,PMS2,lower,1.0,0.6153846153846154,0.8076923076923077,0.6153846153846154,0.7115384615384616,0.9038461538461539,4.0,7.0,9.0,3.0,3.0,9.0,0.3846153846153846,True,27.0,False
TOV3291G,3291,HGS,11.74602499467306,3.671975489845892,11.2607089794203,patient_means_of_matched_models,PMS2,lower,0.4230769230769231,0.2692307692307692,0.34615384615384615,0.2692307692307692,0.3076923076923077,0.3846153846153846,20.0,16.0,21.0,17.0,16.0,21.0,0.15384615384615385,False,27.0,False
BIN67,BIN67,SCCOHT,10.464365,3.519084542547303,11.29441172592857,patient_means_of_matched_models,PMS2,lower,0.6153846153846154,0.23076923076923078,0.42307692307692313,0.23076923076923078,0.3269230769230769,0.5192307692307693,17.0,18.0,20.0,12.0,12.0,20.0,0.38461538461538464,False,27.0,False
COV434,COV434,SCCOHT,11.325224006651098,3.623541962208429,11.20712181865699,patient_means_of_matched_models,PMS2,lower,0.5,0.3076923076923077,0.40384615384615385,0.3076923076923077,0.3557692307692308,0.4519230769230769,18.0,15.0,19.0,14.0,14.0,19.0,0.1923076923076923,False,27.0,False
OV1946,OV1946,HGS,12.169199,3.7190956930352477,10.77852531840747,patient_means_of_matched_models,PMS2,lower,0.2692307692307692,0.6923076923076923,0.4807692307692307,0.2692307692307692,0.5865384615384615,0.375,13.0,16.0,12.0,18.0,12.0,18.0,0.4230769230769231,False,27.0,False
OV2085,OV2085,HGS,12.0987399116,3.711356127205481,11.3292159476989,patient_means_of_matched_models,PMS2,lower,0.3076923076923077,0.07692307692307693,0.19230769230769232,0.07692307692307693,0.13461538461538464,0.25,23.0,23.0,24.0,22.0,22.0,24.0,0.23076923076923078,False,27.0,False
OV3331,OV3331,HGS,11.378484,3.62976273257316,11.0010795920673,patient_means_of_matched_models,PMS2,lower,0.46153846153846156,0.4230769230769231,0.4423076923076923,0.4230769230769231,0.4326923076923077,0.4519230769230769,15.0,11.0,16.0,14.0,11.0,16.0,0.03846153846153849,False,27.0,False
OV4453,OV4453,HGS,10.0776041,3.4695739792691613,10.74058802957955,patient_means_of_matched_models,PMS2,lower,0.6538461538461539,0.7692307692307693,0.7115384615384616,0.6538461538461539,0.7403846153846154,0.6826923076923077,7.0,6.0,7.0,9.0,6.0,9.0,0.11538461538461542,True,27.0,False
OV4485,OV4485,HGS,9.922831,3.4492749200398767,10.82816667237557,patient_means_of_matched_models,PMS2,lower,0.6923076923076923,0.5769230769230769,0.6346153846153846,0.5769230769230769,0.6057692307692307,0.6634615384615383,10.0,8.0,10.0,10.0,8.0,10.0,0.11538461538461542,True,27.0,False
OV866-2,OV866-2,HGS,12.005324,3.7010304362959596,11.30369137025098,patient_means_of_matched_models,PMS2,lower,0.34615384615384615,0.19230769230769232,0.2692307692307692,0.19230769230769232,0.23076923076923078,0.30769230769230765,22.0,19.0,22.0,20.0,19.0,22.0,0.15384615384615383,False,27.0,False
OV90,OV90,HGS,4.36632489724,2.423934403358666,10.49839221196672,patient_means_of_matched_models,PMS2,lower,0.9615384615384616,0.9230769230769231,0.9423076923076923,0.9230769230769231,0.9326923076923077,0.9519230769230769,2.0,1.0,2.0,1.0,1.0,2.0,0.038461538461538436,True,27.0,False
TOV112D,TOV112D,EC,19.030227,4.324106866008955,11.34790971603073,patient_means_of_matched_models,PMS2,lower,0.038461538461538464,0.038461538461538464,0.038461538461538464,0.038461538461538464,0.038461538461538464,0.038461538461538464,27.0,25.0,26.0,26.0,25.0,27.0,0.0,False,27.0,False
TOV21G,TOV21G,CC,15.988383000000002,4.086476634348843,10.3152289356989,patient_means_of_matched_models,PMS2,lower,0.11538461538461539,0.9615384615384616,0.5384615384615384,0.11538461538461539,0.75,0.3269230769230769,12.0,22.0,5.0,19.0,5.0,22.0,0.8461538461538461,False,27.0,False
TOV2414,TOV2414,MC,5.5196060000000005,2.704784780557348,10.28744409539977,patient_means_of_matched_models,PMS2,lower,0.9230769230769231,1.0,0.9615384615384616,0.9230769230769231,0.9807692307692308,0.9423076923076923,1.0,1.0,1.0,2.0,1.0,2.0,0.07692307692307687,True,27.0,False
TOV3041G,TOV3041G,HGS,6.669965,2.939219994359025,10.5924349610557,patient_means_of_matched_models,PMS2,lower,0.8461538461538461,0.8846153846153846,0.8653846153846154,0.8461538461538461,0.875,0.8557692307692307,3.0,3.0,3.0,4.0,3.0,4.0,0.038461538461538436,True,27.0,False
TOV3392D,TOV3392D,CC,8.637687,3.2686869479050076,10.88685824164204,patient_means_of_matched_models,PMS2,lower,0.7692307692307693,0.5384615384615384,0.6538461538461539,0.5384615384615384,0.5961538461538461,0.7115384615384616,9.0,9.0,11.0,8.0,8.0,11.0,0.23076923076923084,True,27.0,False
VOA10816,VOA10816,CC,13.31625318,3.8395820577456807,10.93789609212162,patient_means_of_matched_models,PMS2,lower,0.19230769230769232,0.46153846153846156,0.3269230769230769,0.19230769230769232,0.3942307692307692,0.25961538461538464,21.0,19.0,18.0,21.0,18.0,21.0,0.2692307692307693,False,27.0,False
VOA12539,VOA12539,CC,12.264644,3.7295140515450718,11.30445293770017,patient_means_of_matched_models,PMS2,lower,0.23076923076923078,0.15384615384615385,0.19230769230769232,0.15384615384615385,0.17307692307692307,0.21153846153846154,23.0,21.0,23.0,24.0,21.0,24.0,0.07692307692307693,False,27.0,False
VOA295,VOA295,CC,13.905805,3.8978023862276485,11.40255195024264,patient_means_of_matched_models,PMS2,lower,0.15384615384615385,0.0,0.07692307692307693,0.0,0.038461538461538464,0.11538461538461539,25.0,26.0,26.0,25.0,25.0,26.0,0.15384615384615385,False,27.0,False
VOA4395,VOA4395,EC,21.618848,4.499453548219975,11.32471630713059,patient_means_of_matched_models,PMS2,lower,0.0,0.11538461538461539,0.057692307692307696,0.0,0.08653846153846154,0.028846153846153848,26.0,26.0,25.0,27.0,25.0,27.0,0.11538461538461539,False,27.0,False
VOA4841,VOA4841,CC,9.450943399999998,3.3855612742336816,10.66463706897027,patient_means_of_matched_models,PMS2,lower,0.7307692307692307,0.8461538461538461,0.7884615384615384,0.7307692307692307,0.8173076923076923,0.7596153846153846,5.0,4.0,4.0,6.0,4.0,6.0,0.11538461538461542,True,27.0,False
VOA5217,VOA5217,MMMT,10.601542,3.536244666438881,11.16352882843215,patient_means_of_matched_models,PMS2,lower,0.5769230769230769,0.34615384615384615,0.4615384615384615,0.34615384615384615,0.4038461538461538,0.5192307692307692,14.0,14.0,17.0,13.0,13.0,17.0,0.23076923076923073,False,27.0,False
VOA5436,VOA5436,MMMT,12.001626001341508,3.700620154862612,10.90198421160692,patient_means_of_matched_models,PMS2,lower,0.38461538461538464,0.5,0.4423076923076923,0.38461538461538464,0.47115384615384615,0.4134615384615385,15.0,12.0,15.0,16.0,12.0,16.0,0.11538461538461536,False,27.0,False
VOA8762,VOA8762,MC,11.077709,3.594274913143145,10.72380755628397,patient_means_of_matched_models,PMS2,lower,0.5384615384615384,0.8076923076923077,0.6730769230769231,0.5384615384615384,0.7403846153846154,0.6057692307692308,8.0,9.0,7.0,11.0,7.0,11.0,0.2692307692307693,True,27.0,False
VOA8771,VOA8771,MC,17.265722460000003,4.191066912307319,10.77861567964514,patient_means_of_matched_models,PMS2,lower,0.07692307692307693,0.6538461538461539,0.3653846153846154,0.07692307692307693,0.5096153846153847,0.22115384615384615,19.0,23.0,13.0,23.0,13.0,23.0,0.5769230769230769,False,27.0,False
OV1369-R2,1369,HGS,9.94744,3.452521637672705,10.97534933343722,HGS_selected_representatives,PMS2,lower,0.6363636363636364,0.36363636363636365,0.5,0.36363636363636365,0.43181818181818177,0.5681818181818182,7.0,7.0,8.0,6.0,6.0,8.0,0.2727272727272727,False,12.0,False
OV1946,OV1946,HGS,12.169199,3.7190956930352477,10.77852531840747,HGS_selected_representatives,PMS2,lower,0.0,0.6363636363636364,0.3181818181818182,0.0,0.4772727272727273,0.1590909090909091,8.0,11.0,7.0,10.0,7.0,11.0,0.6363636363636364,False,12.0,False
OV2085,OV2085,HGS,12.0987399116,3.711356127205481,11.3292159476989,HGS_selected_representatives,PMS2,lower,0.09090909090909091,0.0,0.045454545454545456,0.0,0.022727272727272728,0.06818181818181818,12.0,11.0,12.0,12.0,11.0,12.0,0.09090909090909091,False,12.0,False
OV2295,2295,HGS,9.991817,3.4583579852886355,10.46038775360806,HGS_selected_representatives,PMS2,lower,0.5454545454545454,1.0,0.7727272727272727,0.5454545454545454,0.8863636363636364,0.6590909090909091,3.0,3.0,2.0,4.0,2.0,4.0,0.4545454545454546,True,12.0,False
OV3133-R,3133,HGS,3.51125102367,2.173527565491522,10.80289333080785,HGS_selected_representatives,PMS2,lower,1.0,0.5454545454545454,0.7727272727272727,0.5454545454545454,0.6590909090909091,0.8863636363636364,3.0,3.0,4.0,2.0,2.0,4.0,0.4545454545454546,True,12.0,False
OV4453,OV4453,HGS,10.0776041,3.4695739792691613,10.74058802957955,HGS_selected_representatives,PMS2,lower,0.45454545454545453,0.7272727272727273,0.5909090909090909,0.45454545454545453,0.6590909090909091,0.5227272727272727,5.0,5.0,4.0,7.0,4.0,7.0,0.27272727272727276,False,12.0,False
OV4485,OV4485,HGS,9.922831,3.4492749200398767,10.82816667237557,HGS_selected_representatives,PMS2,lower,0.7272727272727273,0.45454545454545453,0.5909090909090909,0.45454545454545453,0.5227272727272727,0.6590909090909091,5.0,5.0,6.0,4.0,4.0,6.0,0.27272727272727276,False,12.0,False
OV866-2,OV866-2,HGS,12.005324,3.7010304362959596,11.30369137025098,HGS_selected_representatives,PMS2,lower,0.18181818181818182,0.09090909090909091,0.13636363636363635,0.09090909090909091,0.11363636363636363,0.1590909090909091,11.0,10.0,11.0,10.0,10.0,11.0,0.09090909090909091,False,12.0,False
TOV3041G,TOV3041G,HGS,6.669965,2.939219994359025,10.5924349610557,HGS_selected_representatives,PMS2,lower,0.8181818181818182,0.8181818181818182,0.8181818181818182,0.8181818181818182,0.8181818181818182,0.8181818181818182,2.0,2.0,3.0,3.0,2.0,3.0,0.0,True,12.0,False
TOV3291G,3291,HGS,11.74602499467306,3.671975489845892,11.2607089794203,HGS_selected_representatives,PMS2,lower,0.2727272727272727,0.18181818181818182,0.22727272727272727,0.18181818181818182,0.20454545454545453,0.25,10.0,9.0,10.0,9.0,9.0,10.0,0.09090909090909088,False,12.0,False
OV3331,OV3331,HGS,11.378484,3.62976273257316,11.0010795920673,HGS_selected_representatives,PMS2,lower,0.36363636363636365,0.2727272727272727,0.3181818181818182,0.2727272727272727,0.2954545454545454,0.3409090909090909,8.0,8.0,9.0,8.0,8.0,9.0,0.09090909090909094,False,12.0,False
OV90,OV90,HGS,4.36632489724,2.423934403358666,10.49839221196672,HGS_selected_representatives,PMS2,lower,0.9090909090909091,0.9090909090909091,0.9090909090909091,0.9090909090909091,0.9090909090909091,0.9090909090909091,1.0,1.0,1.0,1.0,1.0,1.0,0.0,True,12.0,False
TOV21G,TOV21G,CC,15.988383000000002,4.086476634348843,10.3152289356989,CC_selected_representatives,PMS2,lower,0.0,1.0,0.5,0.0,0.75,0.25,3.0,5.0,2.0,5.0,2.0,5.0,1.0,False,6.0,False
TOV3392D,TOV3392D,CC,8.637687,3.2686869479050076,10.88685824164204,CC_selected_representatives,PMS2,lower,1.0,0.6,0.8,0.6,0.7,0.9,1.0,2.0,3.0,1.0,1.0,3.0,0.4,True,6.0,False
VOA10816,VOA10816,CC,13.31625318,3.8395820577456807,10.93789609212162,CC_selected_representatives,PMS2,lower,0.4,0.4,0.4,0.4,0.4,0.4,4.0,3.0,4.0,4.0,3.0,4.0,0.0,False,6.0,False
VOA12539,VOA12539,CC,12.264644,3.7295140515450718,11.30445293770017,CC_selected_representatives,PMS2,lower,0.6,0.2,0.4,0.2,0.30000000000000004,0.49999999999999994,4.0,4.0,5.0,3.0,3.0,5.0,0.39999999999999997,False,6.0,False
VOA295,VOA295,CC,13.905805,3.8978023862276485,11.40255195024264,CC_selected_representatives,PMS2,lower,0.2,0.0,0.1,0.0,0.05,0.15000000000000002,6.0,5.0,6.0,6.0,5.0,6.0,0.2,False,6.0,False
VOA4841,VOA4841,CC,9.450943399999998,3.3855612742336816,10.66463706897027,CC_selected_representatives,PMS2,lower,0.8,0.8,0.8,0.8,0.8,0.8,1.0,1.0,1.0,2.0,1.0,2.0,0.0,True,6.0,False
OV1369-R2,1369,HGS,6.31916916,2.8716798893866575,14.65525735983628,matched_models,MSH2,lower,0.8620689655172413,0.13793103448275862,0.5,0.13793103448275862,0.3189655172413793,0.6810344827586207,13.0,24.0,23.0,9.0,9.0,24.0,0.7241379310344827,False,30.0,False
OV1946,OV1946,HGS,22.401663099999997,4.548539157211538,14.4052466440929,matched_models,MSH2,lower,0.3793103448275862,0.7241379310344828,0.5517241379310345,0.3793103448275862,0.6379310344827587,0.4655172413793103,11.0,13.0,11.0,18.0,11.0,18.0,0.3448275862068966,False,30.0,False
OV2085,OV2085,HGS,7.136226508099999,3.02435984359608,15.33555866863745,matched_models,MSH2,lower,0.7241379310344828,0.0,0.3620689655172414,0.0,0.1810344827586207,0.5431034482758621,22.0,29.0,26.0,13.0,13.0,29.0,0.7241379310344828,False,30.0,False
OV2295,2295,HGS,12.088491069999998,3.710226878090408,14.57639729126071,matched_models,MSH2,lower,0.5517241379310345,0.3448275862068966,0.4482758620689655,0.3448275862068966,0.39655172413793105,0.5,17.0,14.0,18.0,14.0,14.0,18.0,0.2068965517241379,False,30.0,False
OV2295-R2,2295,HGS,13.9866956,3.9056104149965902,14.55244202416553,matched_models,MSH2,lower,0.5172413793103449,0.41379310344827586,0.4655172413793104,0.41379310344827586,0.43965517241379315,0.4913793103448276,16.0,12.0,16.0,16.0,12.0,16.0,0.103448275862069,False,30.0,False
OV3133-R,3133,HGS,6.8555236,2.973707439739446,14.3955042907715,matched_models,MSH2,lower,0.7931034482758621,0.7586206896551724,0.7758620689655172,0.7586206896551724,0.7672413793103448,0.7844827586206897,6.0,4.0,7.0,5.0,4.0,7.0,0.034482758620689724,True,30.0,False
OV4453,OV4453,HGS,33.6456366,5.1146017603252885,14.24599901072976,matched_models,MSH2,lower,0.1724137931034483,0.8620689655172413,0.5172413793103448,0.1724137931034483,0.6896551724137931,0.3448275862068966,12.0,22.0,9.0,21.0,9.0,22.0,0.689655172413793,False,30.0,False
OV4485,OV4485,HGS,5.305048300000001,2.656507422401802,14.32413005895364,matched_models,MSH2,lower,0.896551724137931,0.7931034482758621,0.8448275862068966,0.7931034482758621,0.8189655172413793,0.8706896551724138,3.0,3.0,5.0,3.0,3.0,5.0,0.10344827586206895,True,30.0,False
OV866-2,OV866-2,HGS,6.8859266,2.9792802823061386,14.46686314009088,matched_models,MSH2,lower,0.7586206896551724,0.5862068965517241,0.6724137931034482,0.5862068965517241,0.6293103448275861,0.7155172413793103,9.0,9.0,12.0,7.0,7.0,12.0,0.1724137931034483,True,30.0,False
TOV1369,1369,HGS,3.473254,2.161324679678634,14.46108148953405,matched_models,MSH2,lower,0.9310344827586207,0.6551724137931034,0.7931034482758621,0.6551724137931034,0.7241379310344828,0.8620689655172413,4.0,6.0,8.0,4.0,4.0,8.0,0.27586206896551724,True,30.0,False
TOV3041G,TOV3041G,HGS,6.791471999999999,2.961895914485027,14.65319882018866,matched_models,MSH2,lower,0.8275862068965517,0.1724137931034483,0.5,0.1724137931034483,0.33620689655172414,0.6637931034482759,13.0,22.0,20.0,10.0,10.0,22.0,0.6551724137931034,False,30.0,False
TOV3133G,3133,HGS,9.0726187,3.3323669018027466,14.42495604609315,matched_models,MSH2,lower,0.6206896551724138,0.6896551724137931,0.6551724137931034,0.6206896551724138,0.6724137931034483,0.6379310344827587,10.0,8.0,10.0,11.0,8.0,11.0,0.06896551724137934,True,30.0,False
TOV3291G,3291,HGS,1.652102,1.4071362626542494,13.86809326810961,matched_models,MSH2,lower,1.0,0.9655172413793104,0.9827586206896552,0.9655172413793104,0.9741379310344828,0.9913793103448276,1.0,1.0,1.0,1.0,1.0,1.0,0.03448275862068961,True,30.0,False
OV3331,OV3331,HGS,10.7093922,3.5495942866271455,14.62494725065319,matched_models,MSH2,lower,0.5862068965517241,0.2413793103448276,0.41379310344827586,0.2413793103448276,0.3275862068965517,0.49999999999999994,20.0,19.0,22.0,15.0,15.0,22.0,0.34482758620689646,False,30.0,False
OV90,OV90,HGS,19.5506447,4.361111748692297,14.59206860373598,matched_models,MSH2,lower,0.41379310344827586,0.3103448275862069,0.3620689655172414,0.3103448275862069,0.33620689655172414,0.3879310344827586,22.0,15.0,20.0,19.0,15.0,22.0,0.10344827586206895,False,30.0,False
TOV21G,TOV21G,CC,16.07511748884,4.09382360019533,14.49327838248843,matched_models,MSH2,lower,0.4827586206896552,0.5172413793103449,0.5,0.4827586206896552,0.5086206896551725,0.4913793103448276,13.0,10.0,14.0,16.0,10.0,16.0,0.03448275862068967,False,30.0,False
TOV3392D,TOV3392D,CC,7.5695335502427,3.0992166788925086,14.15561898369075,matched_models,MSH2,lower,0.6896551724137931,0.896551724137931,0.7931034482758621,0.6896551724137931,0.8448275862068966,0.7413793103448276,4.0,5.0,4.0,6.0,4.0,6.0,0.2068965517241379,True,30.0,False
VOA10816,VOA10816,CC,29.547357600000005,4.9329756846776425,14.55163186998078,matched_models,MSH2,lower,0.20689655172413793,0.4482758620689655,0.3275862068965517,0.20689655172413793,0.3879310344827586,0.26724137931034486,24.0,21.0,19.0,25.0,19.0,25.0,0.2413793103448276,False,30.0,False
VOA12539,VOA12539,CC,27.5547236,4.835657514752531,14.52858010070669,matched_models,MSH2,lower,0.27586206896551724,0.4827586206896552,0.3793103448275862,0.27586206896551724,0.43103448275862066,0.3275862068965517,21.0,17.0,17.0,23.0,17.0,23.0,0.20689655172413796,False,30.0,False
VOA295,VOA295,CC,16.4077447,4.121657398342342,13.61989277148798,matched_models,MSH2,lower,0.4482758620689655,1.0,0.7241379310344828,0.4482758620689655,0.8620689655172413,0.5862068965517242,8.0,11.0,3.0,12.0,3.0,12.0,0.5517241379310345,False,30.0,False
VOA4841,VOA4841,CC,8.2244812,3.2054677739118502,14.32277469791122,matched_models,MSH2,lower,0.6551724137931034,0.8275862068965517,0.7413793103448276,0.6551724137931034,0.7844827586206897,0.6982758620689655,7.0,6.0,6.0,8.0,6.0,8.0,0.1724137931034483,True,30.0,False
TOV112D,TOV112D,EC,48.4825567,5.628848139322874,14.78096994520117,matched_models,MSH2,lower,0.0,0.034482758620689655,0.017241379310344827,0.0,0.02586206896551724,0.008620689655172414,30.0,29.0,30.0,30.0,29.0,30.0,0.034482758620689655,False,30.0,False
VOA4395,VOA4395,EC,39.0604081,5.324105213013701,14.70452274959106,matched_models,MSH2,lower,0.06896551724137931,0.06896551724137931,0.06896551724137931,0.06896551724137931,0.06896551724137931,0.06896551724137931,29.0,27.0,29.0,29.0,27.0,29.0,0.0,False,30.0,False
TOV2414,TOV2414,MC,2.1212374000000005,1.6421180922066057,14.03775600318507,matched_models,MSH2,lower,0.9655172413793104,0.9310344827586207,0.9482758620689655,0.9310344827586207,0.9396551724137931,0.9568965517241379,2.0,2.0,2.0,2.0,2.0,2.0,0.034482758620689724,True,30.0,False
VOA8762,VOA8762,MC,26.72515677,4.793123712917707,14.49107050765481,matched_models,MSH2,lower,0.3103448275862069,0.5517241379310345,0.43103448275862066,0.3103448275862069,0.49137931034482757,0.3706896551724138,19.0,15.0,15.0,20.0,15.0,20.0,0.24137931034482757,False,30.0,False
VOA8771,VOA8771,MC,28.4600654,4.880688727981795,14.46283288757384,matched_models,MSH2,lower,0.2413793103448276,0.6206896551724138,0.4310344827586207,0.2413793103448276,0.5258620689655172,0.33620689655172414,18.0,19.0,13.0,22.0,13.0,22.0,0.3793103448275862,False,30.0,False
VOA5217,VOA5217,MMMT,36.1014957,5.2134054433365895,14.67834133850806,matched_models,MSH2,lower,0.13793103448275862,0.10344827586206896,0.12068965517241378,0.10344827586206896,0.11206896551724138,0.12931034482758622,28.0,25.0,28.0,26.0,25.0,28.0,0.034482758620689655,False,30.0,False
VOA5436,VOA5436,MMMT,36.8587718,5.242555703319607,14.6287217066622,matched_models,MSH2,lower,0.10344827586206896,0.20689655172413793,0.15517241379310345,0.10344827586206896,0.1810344827586207,0.12931034482758622,27.0,25.0,26.0,26.0,25.0,27.0,0.10344827586206896,False,30.0,False
BIN67,BIN67,SCCOHT,25.616400399999996,4.734243569359847,14.59447216185554,matched_models,MSH2,lower,0.3448275862068966,0.27586206896551724,0.3103448275862069,0.27586206896551724,0.2931034482758621,0.3275862068965517,25.0,17.0,24.0,23.0,17.0,25.0,0.06896551724137934,False,30.0,False
COV434,COV434,SCCOHT,43.949063200000005,5.490219143201102,14.57054049042096,matched_models,MSH2,lower,0.034482758620689655,0.3793103448275862,0.20689655172413793,0.034482758620689655,0.29310344827586204,0.12068965517241378,26.0,28.0,25.0,28.0,25.0,28.0,0.3448275862068965,False,30.0,False
OV1369-R2,1369,HGS,6.31916916,2.8716798893866575,14.65525735983628,selected_patient_representatives,MSH2,lower,0.8846153846153846,0.15384615384615385,0.5192307692307692,0.15384615384615385,0.33653846153846156,0.7019230769230769,13.0,21.0,20.0,7.0,7.0,21.0,0.7307692307692307,False,27.0,False
OV1946,OV1946,HGS,22.401663099999997,4.548539157211538,14.4052466440929,selected_patient_representatives,MSH2,lower,0.4230769230769231,0.6923076923076923,0.5576923076923077,0.4230769230769231,0.6249999999999999,0.49038461538461536,9.0,10.0,10.0,15.0,9.0,15.0,0.2692307692307692,False,27.0,False
OV2085,OV2085,HGS,7.136226508099999,3.02435984359608,15.33555866863745,selected_patient_representatives,MSH2,lower,0.7307692307692307,0.0,0.36538461538461536,0.0,0.18269230769230768,0.548076923076923,20.0,26.0,24.0,11.0,11.0,26.0,0.7307692307692307,False,27.0,False
OV2295,2295,HGS,12.088491069999998,3.710226878090408,14.57639729126071,selected_patient_representatives,MSH2,lower,0.5769230769230769,0.38461538461538464,0.4807692307692307,0.38461538461538464,0.4326923076923077,0.5288461538461539,14.0,11.0,15.0,13.0,11.0,15.0,0.19230769230769224,False,27.0,False
OV3133-R,3133,HGS,6.8555236,2.973707439739446,14.3955042907715,selected_patient_representatives,MSH2,lower,0.8076923076923077,0.7307692307692307,0.7692307692307692,0.7307692307692307,0.75,0.7884615384615385,5.0,4.0,7.0,4.0,4.0,7.0,0.07692307692307698,True,27.0,False
OV4453,OV4453,HGS,33.6456366,5.1146017603252885,14.24599901072976,selected_patient_representatives,MSH2,lower,0.19230769230769232,0.8461538461538461,0.5192307692307693,0.19230769230769232,0.6826923076923077,0.3557692307692308,11.0,19.0,8.0,20.0,8.0,20.0,0.6538461538461539,False,27.0,False
OV4485,OV4485,HGS,5.305048300000001,2.656507422401802,14.32413005895364,selected_patient_representatives,MSH2,lower,0.9230769230769231,0.7692307692307693,0.8461538461538463,0.7692307692307693,0.8076923076923077,0.8846153846153846,3.0,3.0,5.0,3.0,3.0,5.0,0.15384615384615385,True,27.0,False
OV866-2,OV866-2,HGS,6.8859266,2.9792802823061386,14.46686314009088,selected_patient_representatives,MSH2,lower,0.7692307692307693,0.6153846153846154,0.6923076923076923,0.6153846153846154,0.6538461538461539,0.7307692307692308,8.0,7.0,9.0,6.0,6.0,9.0,0.15384615384615385,True,27.0,False
TOV3041G,TOV3041G,HGS,6.791471999999999,2.961895914485027,14.65319882018866,selected_patient_representatives,MSH2,lower,0.8461538461538461,0.19230769230769232,0.5192307692307693,0.19230769230769232,0.3557692307692308,0.6826923076923077,11.0,19.0,18.0,9.0,9.0,19.0,0.6538461538461539,False,27.0,False
TOV3291G,3291,HGS,1.652102,1.4071362626542494,13.86809326810961,selected_patient_representatives,MSH2,lower,1.0,0.9615384615384616,0.9807692307692308,0.9615384615384616,0.9711538461538461,0.9903846153846154,1.0,1.0,1.0,1.0,1.0,1.0,0.038461538461538436,True,27.0,False
OV3331,OV3331,HGS,10.7093922,3.5495942866271455,14.62494725065319,selected_patient_representatives,MSH2,lower,0.6153846153846154,0.2692307692307692,0.4423076923076923,0.2692307692307692,0.3557692307692308,0.5288461538461539,17.0,16.0,18.0,13.0,13.0,18.0,0.3461538461538462,False,27.0,False
OV90,OV90,HGS,19.5506447,4.361111748692297,14.59206860373598,selected_patient_representatives,MSH2,lower,0.46153846153846156,0.34615384615384615,0.40384615384615385,0.34615384615384615,0.375,0.4326923076923077,18.0,12.0,17.0,16.0,12.0,18.0,0.11538461538461542,False,27.0,False
TOV21G,TOV21G,CC,16.07511748884,4.09382360019533,14.49327838248843,selected_patient_representatives,MSH2,lower,0.5384615384615384,0.5384615384615384,0.5384615384615384,0.5384615384615384,0.5384615384615384,0.5384615384615384,10.0,8.0,12.0,12.0,8.0,12.0,0.0,True,27.0,False
TOV3392D,TOV3392D,CC,7.5695335502427,3.0992166788925086,14.15561898369075,selected_patient_representatives,MSH2,lower,0.6923076923076923,0.8846153846153846,0.7884615384615384,0.6923076923076923,0.8365384615384615,0.7403846153846153,4.0,5.0,4.0,5.0,4.0,5.0,0.1923076923076923,True,27.0,False
VOA10816,VOA10816,CC,29.547357600000005,4.9329756846776425,14.55163186998078,selected_patient_representatives,MSH2,lower,0.23076923076923078,0.46153846153846156,0.34615384615384615,0.23076923076923078,0.40384615384615385,0.28846153846153844,21.0,18.0,16.0,22.0,16.0,22.0,0.23076923076923078,False,27.0,False
VOA12539,VOA12539,CC,27.5547236,4.835657514752531,14.52858010070669,selected_patient_representatives,MSH2,lower,0.3076923076923077,0.5,0.40384615384615385,0.3076923076923077,0.4519230769230769,0.3557692307692308,18.0,14.0,14.0,20.0,14.0,20.0,0.1923076923076923,False,27.0,False
VOA295,VOA295,CC,16.4077447,4.121657398342342,13.61989277148798,selected_patient_representatives,MSH2,lower,0.5,1.0,0.75,0.5,0.875,0.625,6.0,9.0,3.0,10.0,3.0,10.0,0.5,True,27.0,False
VOA4841,VOA4841,CC,8.2244812,3.2054677739118502,14.32277469791122,selected_patient_representatives,MSH2,lower,0.6538461538461539,0.8076923076923077,0.7307692307692308,0.6538461538461539,0.7692307692307693,0.6923076923076923,7.0,6.0,6.0,8.0,6.0,8.0,0.15384615384615385,True,27.0,False
TOV112D,TOV112D,EC,48.4825567,5.628848139322874,14.78096994520117,selected_patient_representatives,MSH2,lower,0.0,0.038461538461538464,0.019230769230769232,0.0,0.028846153846153848,0.009615384615384616,27.0,26.0,27.0,27.0,26.0,27.0,0.038461538461538464,False,27.0,False
VOA4395,VOA4395,EC,39.0604081,5.324105213013701,14.70452274959106,selected_patient_representatives,MSH2,lower,0.07692307692307693,0.07692307692307693,0.07692307692307693,0.07692307692307693,0.07692307692307693,0.07692307692307693,26.0,24.0,26.0,26.0,24.0,26.0,0.0,False,27.0,False
TOV2414,TOV2414,MC,2.1212374000000005,1.6421180922066057,14.03775600318507,selected_patient_representatives,MSH2,lower,0.9615384615384616,0.9230769230769231,0.9423076923076923,0.9230769230769231,0.9326923076923077,0.9519230769230769,2.0,2.0,2.0,2.0,2.0,2.0,0.038461538461538436,True,27.0,False
VOA8762,VOA8762,MC,26.72515677,4.793123712917707,14.49107050765481,selected_patient_representatives,MSH2,lower,0.34615384615384615,0.5769230769230769,0.4615384615384615,0.34615384615384615,0.5192307692307692,0.4038461538461538,16.0,12.0,13.0,17.0,12.0,17.0,0.23076923076923073,False,27.0,False
VOA8771,VOA8771,MC,28.4600654,4.880688727981795,14.46283288757384,selected_patient_representatives,MSH2,lower,0.2692307692307692,0.6538461538461539,0.46153846153846156,0.2692307692307692,0.5576923076923077,0.3653846153846154,15.0,16.0,11.0,18.0,11.0,18.0,0.38461538461538464,False,27.0,False
VOA5217,VOA5217,MMMT,36.1014957,5.2134054433365895,14.67834133850806,selected_patient_representatives,MSH2,lower,0.15384615384615385,0.11538461538461539,0.13461538461538464,0.11538461538461539,0.125,0.14423076923076925,25.0,22.0,25.0,23.0,22.0,25.0,0.038461538461538464,False,27.0,False
VOA5436,VOA5436,MMMT,36.8587718,5.242555703319607,14.6287217066622,selected_patient_representatives,MSH2,lower,0.11538461538461539,0.23076923076923078,0.17307692307692307,0.11538461538461539,0.20192307692307693,0.14423076923076922,24.0,22.0,23.0,24.0,22.0,24.0,0.11538461538461539,False,27.0,False
BIN67,BIN67,SCCOHT,25.616400399999996,4.734243569359847,14.59447216185554,selected_patient_representatives,MSH2,lower,0.38461538461538464,0.3076923076923077,0.34615384615384615,0.3076923076923077,0.3269230769230769,0.3653846153846154,21.0,14.0,21.0,18.0,14.0,21.0,0.07692307692307693,False,27.0,False
COV434,COV434,SCCOHT,43.949063200000005,5.490219143201102,14.57054049042096,selected_patient_representatives,MSH2,lower,0.038461538461538464,0.4230769230769231,0.23076923076923078,0.038461538461538464,0.3269230769230769,0.1346153846153846,23.0,25.0,21.0,25.0,21.0,25.0,0.3846153846153846,False,27.0,False
OV1369-R2;TOV1369,1369,HGS,4.89621158,2.5165022845326455,14.558169424685165,patient_means_of_matched_models,MSH2,lower,0.9230769230769231,0.4230769230769231,0.6730769230769231,0.4230769230769231,0.5480769230769231,0.798076923076923,9.0,10.0,12.0,4.0,4.0,12.0,0.5,False,27.0,False
OV2295;OV2295-R2,2295,HGS,13.037593334999999,3.807918646543499,14.56441965771312,patient_means_of_matched_models,MSH2,lower,0.5769230769230769,0.38461538461538464,0.4807692307692307,0.38461538461538464,0.4326923076923077,0.5288461538461539,14.0,12.0,16.0,13.0,12.0,16.0,0.19230769230769224,False,27.0,False
OV3133-R;TOV3133G,3133,HGS,7.96407115,3.1530371707710962,14.410230168432324,patient_means_of_matched_models,MSH2,lower,0.6923076923076923,0.6923076923076923,0.6923076923076923,0.6923076923076923,0.6923076923076923,0.6923076923076923,8.0,5.0,7.0,7.0,5.0,8.0,0.0,True,27.0,False
TOV3291G,3291,HGS,1.652102,1.4071362626542494,13.86809326810961,patient_means_of_matched_models,MSH2,lower,1.0,0.9615384615384616,0.9807692307692308,0.9615384615384616,0.9711538461538461,0.9903846153846154,1.0,1.0,1.0,1.0,1.0,1.0,0.038461538461538436,True,27.0,False
BIN67,BIN67,SCCOHT,25.616400399999996,4.734243569359847,14.59447216185554,patient_means_of_matched_models,MSH2,lower,0.38461538461538464,0.2692307692307692,0.3269230769230769,0.2692307692307692,0.2980769230769231,0.3557692307692308,22.0,16.0,21.0,19.0,16.0,22.0,0.11538461538461542,False,27.0,False
COV434,COV434,SCCOHT,43.949063200000005,5.490219143201102,14.57054049042096,patient_means_of_matched_models,MSH2,lower,0.038461538461538464,0.34615384615384615,0.1923076923076923,0.038461538461538464,0.2692307692307692,0.11538461538461539,23.0,25.0,22.0,25.0,22.0,25.0,0.3076923076923077,False,27.0,False
OV1946,OV1946,HGS,22.401663099999997,4.548539157211538,14.4052466440929,patient_means_of_matched_models,MSH2,lower,0.4230769230769231,0.7307692307692307,0.5769230769230769,0.4230769230769231,0.6538461538461537,0.5,10.0,10.0,10.0,15.0,10.0,15.0,0.30769230769230765,False,27.0,False
OV2085,OV2085,HGS,7.136226508099999,3.02435984359608,15.33555866863745,patient_means_of_matched_models,MSH2,lower,0.7692307692307693,0.0,0.38461538461538464,0.0,0.19230769230769232,0.576923076923077,19.0,26.0,23.0,11.0,11.0,26.0,0.7692307692307693,False,27.0,False
OV3331,OV3331,HGS,10.7093922,3.5495942866271455,14.62494725065319,patient_means_of_matched_models,MSH2,lower,0.6153846153846154,0.23076923076923078,0.42307692307692313,0.23076923076923078,0.3269230769230769,0.5192307692307693,17.0,18.0,19.0,14.0,14.0,19.0,0.38461538461538464,False,27.0,False
OV4453,OV4453,HGS,33.6456366,5.1146017603252885,14.24599901072976,patient_means_of_matched_models,MSH2,lower,0.19230769230769232,0.8461538461538461,0.5192307692307693,0.19230769230769232,0.6826923076923077,0.3557692307692308,12.0,20.0,8.0,19.0,8.0,20.0,0.6538461538461539,False,27.0,False
OV4485,OV4485,HGS,5.305048300000001,2.656507422401802,14.32413005895364,patient_means_of_matched_models,MSH2,lower,0.8846153846153846,0.7692307692307693,0.8269230769230769,0.7692307692307693,0.7980769230769231,0.8557692307692307,3.0,3.0,5.0,3.0,3.0,5.0,0.11538461538461531,True,27.0,False
OV866-2,OV866-2,HGS,6.8859266,2.9792802823061386,14.46686314009088,patient_means_of_matched_models,MSH2,lower,0.8076923076923077,0.6153846153846154,0.7115384615384616,0.6153846153846154,0.6634615384615385,0.7596153846153847,7.0,7.0,9.0,6.0,6.0,9.0,0.1923076923076923,True,27.0,False
OV90,OV90,HGS,19.5506447,4.361111748692297,14.59206860373598,patient_means_of_matched_models,MSH2,lower,0.46153846153846156,0.3076923076923077,0.38461538461538464,0.3076923076923077,0.34615384615384615,0.4230769230769231,19.0,14.0,18.0,16.0,14.0,19.0,0.15384615384615385,False,27.0,False
TOV112D,TOV112D,EC,48.4825567,5.628848139322874,14.78096994520117,patient_means_of_matched_models,MSH2,lower,0.0,0.038461538461538464,0.019230769230769232,0.0,0.028846153846153848,0.009615384615384616,27.0,26.0,27.0,27.0,26.0,27.0,0.038461538461538464,False,27.0,False
TOV21G,TOV21G,CC,16.07511748884,4.09382360019533,14.49327838248843,patient_means_of_matched_models,MSH2,lower,0.5384615384615384,0.5384615384615384,0.5384615384615384,0.5384615384615384,0.5384615384615384,0.5384615384615384,11.0,8.0,13.0,12.0,8.0,13.0,0.0,True,27.0,False
TOV2414,TOV2414,MC,2.1212374000000005,1.6421180922066057,14.03775600318507,patient_means_of_matched_models,MSH2,lower,0.9615384615384616,0.9230769230769231,0.9423076923076923,0.9230769230769231,0.9326923076923077,0.9519230769230769,2.0,2.0,2.0,2.0,2.0,2.0,0.038461538461538436,True,27.0,False
TOV3041G,TOV3041G,HGS,6.791471999999999,2.961895914485027,14.65319882018866,patient_means_of_matched_models,MSH2,lower,0.8461538461538461,0.15384615384615385,0.5,0.15384615384615385,0.3269230769230769,0.673076923076923,13.0,21.0,19.0,9.0,9.0,21.0,0.6923076923076923,False,27.0,False
TOV3392D,TOV3392D,CC,7.5695335502427,3.0992166788925086,14.15561898369075,patient_means_of_matched_models,MSH2,lower,0.7307692307692307,0.8846153846153846,0.8076923076923077,0.7307692307692307,0.8461538461538461,0.7692307692307692,4.0,4.0,4.0,5.0,4.0,5.0,0.15384615384615385,True,27.0,False
VOA10816,VOA10816,CC,29.547357600000005,4.9329756846776425,14.55163186998078,patient_means_of_matched_models,MSH2,lower,0.23076923076923078,0.46153846153846156,0.34615384615384615,0.23076923076923078,0.40384615384615385,0.28846153846153844,21.0,18.0,17.0,22.0,17.0,22.0,0.23076923076923078,False,27.0,False
VOA12539,VOA12539,CC,27.5547236,4.835657514752531,14.52858010070669,patient_means_of_matched_models,MSH2,lower,0.3076923076923077,0.5,0.40384615384615385,0.3076923076923077,0.4519230769230769,0.3557692307692308,18.0,14.0,15.0,19.0,14.0,19.0,0.1923076923076923,False,27.0,False
VOA295,VOA295,CC,16.4077447,4.121657398342342,13.61989277148798,patient_means_of_matched_models,MSH2,lower,0.5,1.0,0.75,0.5,0.875,0.625,5.0,9.0,3.0,10.0,3.0,10.0,0.5,True,27.0,False
VOA4395,VOA4395,EC,39.0604081,5.324105213013701,14.70452274959106,patient_means_of_matched_models,MSH2,lower,0.07692307692307693,0.07692307692307693,0.07692307692307693,0.07692307692307693,0.07692307692307693,0.07692307692307693,26.0,24.0,26.0,26.0,24.0,26.0,0.0,False,27.0,False
VOA4841,VOA4841,CC,8.2244812,3.2054677739118502,14.32277469791122,patient_means_of_matched_models,MSH2,lower,0.6538461538461539,0.8076923076923077,0.7307692307692308,0.6538461538461539,0.7692307692307693,0.6923076923076923,6.0,6.0,6.0,7.0,6.0,7.0,0.15384615384615385,True,27.0,False
VOA5217,VOA5217,MMMT,36.1014957,5.2134054433365895,14.67834133850806,patient_means_of_matched_models,MSH2,lower,0.15384615384615385,0.11538461538461539,0.13461538461538464,0.11538461538461539,0.125,0.14423076923076925,25.0,22.0,25.0,23.0,22.0,25.0,0.038461538461538464,False,27.0,False
VOA5436,VOA5436,MMMT,36.8587718,5.242555703319607,14.6287217066622,patient_means_of_matched_models,MSH2,lower,0.11538461538461539,0.19230769230769232,0.15384615384615385,0.11538461538461539,0.1730769230769231,0.1346153846153846,24.0,22.0,24.0,24.0,22.0,24.0,0.07692307692307693,False,27.0,False
VOA8762,VOA8762,MC,26.72515677,4.793123712917707,14.49107050765481,patient_means_of_matched_models,MSH2,lower,0.34615384615384615,0.5769230769230769,0.4615384615384615,0.34615384615384615,0.5192307692307692,0.4038461538461538,16.0,13.0,14.0,17.0,13.0,17.0,0.23076923076923073,False,27.0,False
VOA8771,VOA8771,MC,28.4600654,4.880688727981795,14.46283288757384,patient_means_of_matched_models,MSH2,lower,0.2692307692307692,0.6538461538461539,0.46153846153846156,0.2692307692307692,0.5576923076923077,0.3653846153846154,15.0,16.0,11.0,18.0,11.0,18.0,0.38461538461538464,False,27.0,False
OV1369-R2,1369,HGS,6.31916916,2.8716798893866575,14.65525735983628,HGS_selected_representatives,MSH2,lower,0.8181818181818182,0.09090909090909091,0.4545454545454546,0.09090909090909091,0.2727272727272727,0.6363636363636364,5.0,9.0,11.0,4.0,4.0,11.0,0.7272727272727273,False,12.0,False
OV1946,OV1946,HGS,22.401663099999997,4.548539157211538,14.4052466440929,HGS_selected_representatives,MSH2,lower,0.09090909090909091,0.6363636363636364,0.36363636363636365,0.09090909090909091,0.5,0.22727272727272727,8.0,9.0,6.0,10.0,6.0,10.0,0.5454545454545454,False,12.0,False
OV2085,OV2085,HGS,7.136226508099999,3.02435984359608,15.33555866863745,HGS_selected_representatives,MSH2,lower,0.45454545454545453,0.0,0.22727272727272727,0.0,0.11363636363636363,0.3409090909090909,12.0,11.0,12.0,7.0,7.0,12.0,0.45454545454545453,False,12.0,False
OV2295,2295,HGS,12.088491069999998,3.710226878090408,14.57639729126071,HGS_selected_representatives,MSH2,lower,0.2727272727272727,0.45454545454545453,0.36363636363636365,0.2727272727272727,0.40909090909090906,0.3181818181818182,8.0,5.0,7.0,9.0,5.0,9.0,0.18181818181818182,False,12.0,False
OV3133-R,3133,HGS,6.8555236,2.973707439739446,14.3955042907715,HGS_selected_representatives,MSH2,lower,0.6363636363636364,0.7272727272727273,0.6818181818181819,0.6363636363636364,0.7045454545454545,0.6590909090909092,3.0,3.0,3.0,3.0,3.0,3.0,0.09090909090909094,True,12.0,False
OV4453,OV4453,HGS,33.6456366,5.1146017603252885,14.24599901072976,HGS_selected_representatives,MSH2,lower,0.0,0.9090909090909091,0.45454545454545453,0.0,0.6818181818181818,0.22727272727272727,7.0,11.0,4.0,10.0,4.0,11.0,0.9090909090909091,False,12.0,False
OV4485,OV4485,HGS,5.305048300000001,2.656507422401802,14.32413005895364,HGS_selected_representatives,MSH2,lower,0.9090909090909091,0.8181818181818182,0.8636363636363636,0.8181818181818182,0.8409090909090909,0.8863636363636364,2.0,2.0,2.0,2.0,2.0,2.0,0.09090909090909083,True,12.0,False
OV866-2,OV866-2,HGS,6.8859266,2.9792802823061386,14.46686314009088,HGS_selected_representatives,MSH2,lower,0.5454545454545454,0.5454545454545454,0.5454545454545454,0.5454545454545454,0.5454545454545454,0.5454545454545454,4.0,4.0,5.0,6.0,4.0,6.0,0.0,True,12.0,False
TOV3041G,TOV3041G,HGS,6.791471999999999,2.961895914485027,14.65319882018866,HGS_selected_representatives,MSH2,lower,0.7272727272727273,0.18181818181818182,0.4545454545454546,0.18181818181818182,0.3181818181818182,0.5909090909090908,5.0,7.0,8.0,5.0,5.0,8.0,0.5454545454545454,False,12.0,False
TOV3291G,3291,HGS,1.652102,1.4071362626542494,13.86809326810961,HGS_selected_representatives,MSH2,lower,1.0,1.0,1.0,1.0,1.0,1.0,1.0,1.0,1.0,1.0,1.0,1.0,0.0,True,12.0,False
OV3331,OV3331,HGS,10.7093922,3.5495942866271455,14.62494725065319,HGS_selected_representatives,MSH2,lower,0.36363636363636365,0.2727272727272727,0.3181818181818182,0.2727272727272727,0.2954545454545454,0.3409090909090909,10.0,5.0,10.0,7.0,5.0,10.0,0.09090909090909094,False,12.0,False
OV90,OV90,HGS,19.5506447,4.361111748692297,14.59206860373598,HGS_selected_representatives,MSH2,lower,0.18181818181818182,0.36363636363636365,0.2727272727272727,0.18181818181818182,0.3181818181818182,0.22727272727272727,11.0,7.0,8.0,10.0,7.0,11.0,0.18181818181818182,False,12.0,False
TOV21G,TOV21G,CC,16.07511748884,4.09382360019533,14.49327838248843,CC_selected_representatives,MSH2,lower,0.6,0.4,0.5,0.4,0.45000000000000007,0.5499999999999999,4.0,3.0,4.0,4.0,3.0,4.0,0.19999999999999996,False,6.0,False
TOV3392D,TOV3392D,CC,7.5695335502427,3.0992166788925086,14.15561898369075,CC_selected_representatives,MSH2,lower,1.0,0.8,0.9,0.8,0.8500000000000001,0.95,1.0,1.0,1.0,1.0,1.0,1.0,0.19999999999999996,True,6.0,False
VOA10816,VOA10816,CC,29.547357600000005,4.9329756846776425,14.55163186998078,CC_selected_representatives,MSH2,lower,0.0,0.0,0.0,0.0,0.0,0.0,6.0,6.0,6.0,6.0,6.0,6.0,0.0,False,6.0,False
VOA12539,VOA12539,CC,27.5547236,4.835657514752531,14.52858010070669,CC_selected_representatives,MSH2,lower,0.2,0.2,0.2,0.2,0.2,0.2,5.0,5.0,5.0,5.0,5.0,5.0,0.0,False,6.0,False
VOA295,VOA295,CC,16.4077447,4.121657398342342,13.61989277148798,CC_selected_representatives,MSH2,lower,0.4,1.0,0.7,0.4,0.85,0.55,2.0,3.0,2.0,3.0,2.0,3.0,0.6,False,6.0,False
VOA4841,VOA4841,CC,8.2244812,3.2054677739118502,14.32277469791122,CC_selected_representatives,MSH2,lower,0.8,0.6,0.7,0.6,0.6499999999999999,0.7500000000000001,2.0,2.0,3.0,2.0,2.0,3.0,0.20000000000000007,True,6.0,False
OV1369-R2,1369,HGS,43.9179007,5.489218597860242,14.88650336594532,matched_models,MSH6,lower,0.27586206896551724,0.06896551724137931,0.1724137931034483,0.06896551724137931,0.12068965517241378,0.22413793103448276,28.0,25.0,28.0,25.0,25.0,28.0,0.20689655172413793,False,30.0,False
OV1946,OV1946,HGS,51.3826,5.711015764236325,14.6358930734539,matched_models,MSH6,lower,0.1724137931034483,0.5862068965517241,0.3793103448275862,0.1724137931034483,0.48275862068965514,0.27586206896551724,21.0,20.0,14.0,23.0,14.0,23.0,0.4137931034482758,False,30.0,False
OV2085,OV2085,HGS,10.5673226199801,3.531983070839445,15.34002089994065,matched_models,MSH6,lower,0.8620689655172413,0.0,0.43103448275862066,0.0,0.21551724137931033,0.646551724137931,18.0,29.0,26.0,9.0,9.0,29.0,0.8620689655172413,False,30.0,False
OV2295,2295,HGS,20.95961733,4.4567810089335005,14.77945083047033,matched_models,MSH6,lower,0.6896551724137931,0.3448275862068966,0.5172413793103449,0.3448275862068966,0.4310344827586207,0.603448275862069,12.0,13.0,17.0,11.0,11.0,17.0,0.3448275862068966,False,30.0,False
OV2295-R2,2295,HGS,15.8297097,4.072938386351275,14.84417289951038,matched_models,MSH6,lower,0.7931034482758621,0.1724137931034483,0.4827586206896552,0.1724137931034483,0.3275862068965517,0.6379310344827587,15.0,20.0,23.0,10.0,10.0,23.0,0.6206896551724138,False,30.0,False
OV3133-R,3133,HGS,10.295053144500002,3.497619153677344,14.5241551810074,matched_models,MSH6,lower,0.896551724137931,0.8620689655172413,0.8793103448275862,0.8620689655172413,0.8706896551724138,0.8879310344827587,2.0,2.0,2.0,3.0,2.0,3.0,0.034482758620689724,True,30.0,False
OV4453,OV4453,HGS,83.7588312,6.405291788383311,14.53421818458251,matched_models,MSH6,lower,0.034482758620689655,0.8275862068965517,0.43103448275862066,0.034482758620689655,0.6293103448275862,0.23275862068965517,18.0,27.0,10.0,24.0,10.0,27.0,0.7931034482758621,False,30.0,False
OV4485,OV4485,HGS,23.135210300000004,4.593067492519071,14.54212851019789,matched_models,MSH6,lower,0.6206896551724138,0.7931034482758621,0.7068965517241379,0.6206896551724138,0.75,0.6637931034482759,7.0,7.0,7.0,8.0,7.0,8.0,0.1724137931034483,True,30.0,False
OV866-2,OV866-2,HGS,38.274989193,5.295538973431469,14.70078946259798,matched_models,MSH6,lower,0.41379310344827586,0.4827586206896552,0.4482758620689655,0.41379310344827586,0.46551724137931033,0.4310344827586207,17.0,11.0,16.0,18.0,11.0,18.0,0.06896551724137934,False,30.0,False
TOV1369,1369,HGS,9.20435043,3.351112443721083,14.77642171224624,matched_models,MSH6,lower,0.9310344827586207,0.3793103448275862,0.6551724137931034,0.3793103448275862,0.5172413793103448,0.7931034482758621,8.0,12.0,13.0,5.0,5.0,13.0,0.5517241379310345,False,30.0,False
TOV3041G,TOV3041G,HGS,36.35810136999999,5.223349230510705,14.86685967216902,matched_models,MSH6,lower,0.4482758620689655,0.10344827586206896,0.27586206896551724,0.10344827586206896,0.1896551724137931,0.3620689655172414,25.0,23.0,27.0,20.0,20.0,27.0,0.3448275862068966,False,30.0,False
TOV3133G,3133,HGS,14.944847269999997,3.9950183734829365,14.60354573169113,matched_models,MSH6,lower,0.8275862068965517,0.7241379310344828,0.7758620689655172,0.7241379310344828,0.75,0.8017241379310345,6.0,5.0,7.0,4.0,4.0,7.0,0.10344827586206895,True,30.0,False
TOV3291G,3291,HGS,5.80272982572766,2.7661137927960255,14.12840226742416,matched_models,MSH6,lower,1.0,1.0,1.0,1.0,1.0,1.0,1.0,1.0,1.0,1.0,1.0,1.0,0.0,True,30.0,False
OV3331,OV3331,HGS,30.0082113,4.9545784017780035,14.79703337270215,matched_models,MSH6,lower,0.5172413793103449,0.27586206896551724,0.39655172413793105,0.27586206896551724,0.33620689655172414,0.456896551724138,20.0,16.0,22.0,17.0,16.0,22.0,0.24137931034482762,False,30.0,False
OV90,OV90,HGS,19.84430899,4.381581641021459,14.80561691720355,matched_models,MSH6,lower,0.7241379310344828,0.2413793103448276,0.4827586206896552,0.2413793103448276,0.3620689655172414,0.603448275862069,15.0,17.0,21.0,11.0,11.0,21.0,0.48275862068965514,False,30.0,False
TOV21G,TOV21G,CC,46.0501457427033,5.556127286745524,14.7441761474297,matched_models,MSH6,lower,0.2413793103448276,0.41379310344827586,0.3275862068965517,0.2413793103448276,0.3706896551724138,0.28448275862068967,22.0,17.0,20.0,22.0,17.0,22.0,0.17241379310344826,False,30.0,False
TOV3392D,TOV3392D,CC,21.3610029,4.482912989974077,14.25376993550304,matched_models,MSH6,lower,0.6551724137931034,0.9310344827586207,0.7931034482758621,0.6551724137931034,0.8620689655172413,0.7241379310344828,5.0,6.0,3.0,7.0,3.0,7.0,0.27586206896551724,True,30.0,False
VOA10816,VOA10816,CC,25.896610175,4.7493524538446525,14.7174055595112,matched_models,MSH6,lower,0.5517241379310345,0.4482758620689655,0.5,0.4482758620689655,0.47413793103448276,0.5258620689655172,14.0,10.0,15.0,14.0,10.0,15.0,0.10344827586206895,False,30.0,False
VOA12539,VOA12539,CC,24.2104360239515,4.655949165251712,14.6140965488967,matched_models,MSH6,lower,0.5862068965517241,0.6551724137931034,0.6206896551724137,0.5862068965517241,0.6379310344827586,0.603448275862069,10.0,8.0,9.0,11.0,8.0,11.0,0.06896551724137934,True,30.0,False
VOA295,VOA295,CC,39.71554204234,5.347507703808638,14.19261360647526,matched_models,MSH6,lower,0.3103448275862069,0.9655172413793104,0.6379310344827587,0.3103448275862069,0.8017241379310345,0.47413793103448276,9.0,15.0,6.0,16.0,6.0,16.0,0.6551724137931034,False,30.0,False
VOA4841,VOA4841,CC,17.700561534000002,4.225009686398881,14.39945479030256,matched_models,MSH6,lower,0.7586206896551724,0.896551724137931,0.8275862068965517,0.7586206896551724,0.8620689655172413,0.793103448275862,4.0,3.0,3.0,6.0,3.0,6.0,0.13793103448275867,True,30.0,False
TOV112D,TOV112D,EC,82.3133948,6.380476559961774,14.84567780093961,matched_models,MSH6,lower,0.06896551724137931,0.13793103448275862,0.10344827586206896,0.06896551724137931,0.12068965517241378,0.08620689655172414,30.0,25.0,28.0,30.0,25.0,30.0,0.06896551724137931,False,30.0,False
VOA4395,VOA4395,EC,38.706995524,5.311321296681231,14.81140200524217,matched_models,MSH6,lower,0.3793103448275862,0.20689655172413793,0.29310344827586204,0.20689655172413793,0.25,0.3362068965517241,24.0,19.0,25.0,21.0,19.0,25.0,0.17241379310344826,False,30.0,False
TOV2414,TOV2414,MC,7.814203346000001,3.139830180355052,14.5541846134571,matched_models,MSH6,lower,0.9655172413793104,0.7586206896551724,0.8620689655172413,0.7586206896551724,0.8103448275862069,0.9137931034482758,3.0,3.0,5.0,2.0,2.0,5.0,0.206896551724138,True,30.0,False
VOA8762,VOA8762,MC,38.82318370648,5.315536658335146,14.60627374979618,matched_models,MSH6,lower,0.3448275862068966,0.6896551724137931,0.5172413793103449,0.3448275862068966,0.603448275862069,0.4310344827586207,12.0,13.0,11.0,18.0,11.0,18.0,0.3448275862068966,False,30.0,False
VOA8771,VOA8771,MC,55.70894831,5.825504496084409,14.67430005420907,matched_models,MSH6,lower,0.10344827586206896,0.5172413793103449,0.3103448275862069,0.10344827586206896,0.4137931034482759,0.20689655172413796,23.0,23.0,18.0,26.0,18.0,26.0,0.4137931034482759,False,30.0,False
VOA5217,VOA5217,MMMT,55.64098908000001,5.823774553252344,14.79477225609457,matched_models,MSH6,lower,0.13793103448275862,0.3103448275862069,0.22413793103448276,0.13793103448275862,0.26724137931034486,0.1810344827586207,27.0,22.0,24.0,27.0,22.0,27.0,0.1724137931034483,False,30.0,False
VOA5436,VOA5436,MMMT,47.970598499999994,5.613843923110998,14.89177643193005,matched_models,MSH6,lower,0.20689655172413793,0.034482758620689655,0.12068965517241378,0.034482758620689655,0.07758620689655173,0.16379310344827586,29.0,27.0,30.0,28.0,27.0,30.0,0.1724137931034483,False,30.0,False
BIN67,BIN67,SCCOHT,32.281082360599996,5.0566304481643884,14.62909003364799,matched_models,MSH6,lower,0.4827586206896552,0.6206896551724138,0.5517241379310345,0.4827586206896552,0.5862068965517242,0.5172413793103449,11.0,9.0,12.0,15.0,9.0,15.0,0.13793103448275862,False,30.0,False
COV434,COV434,SCCOHT,103.29135400000004,6.704475749757502,14.67277144263216,matched_models,MSH6,lower,0.0,0.5517241379310345,0.27586206896551724,0.0,0.41379310344827586,0.13793103448275862,25.0,29.0,19.0,29.0,19.0,29.0,0.5517241379310345,False,30.0,False
OV1369-R2,1369,HGS,43.9179007,5.489218597860242,14.88650336594532,selected_patient_representatives,MSH6,lower,0.3076923076923077,0.07692307692307693,0.19230769230769232,0.07692307692307693,0.13461538461538464,0.25,25.0,22.0,25.0,21.0,21.0,25.0,0.23076923076923078,False,27.0,False
OV1946,OV1946,HGS,51.3826,5.711015764236325,14.6358930734539,selected_patient_representatives,MSH6,lower,0.19230769230769232,0.5769230769230769,0.3846153846153846,0.19230769230769232,0.4807692307692307,0.28846153846153844,18.0,17.0,12.0,20.0,12.0,20.0,0.3846153846153846,False,27.0,False
OV2085,OV2085,HGS,10.5673226199801,3.531983070839445,15.34002089994065,selected_patient_representatives,MSH6,lower,0.8846153846153846,0.0,0.4423076923076923,0.0,0.22115384615384615,0.6634615384615384,15.0,26.0,23.0,9.0,9.0,26.0,0.8846153846153846,False,27.0,False
OV2295,2295,HGS,20.95961733,4.4567810089335005,14.77945083047033,selected_patient_representatives,MSH6,lower,0.7692307692307693,0.34615384615384615,0.5576923076923077,0.34615384615384615,0.45192307692307687,0.6634615384615385,10.0,12.0,15.0,7.0,7.0,15.0,0.42307692307692313,False,27.0,False
OV3133-R,3133,HGS,10.295053144500002,3.497619153677344,14.5241551810074,selected_patient_representatives,MSH6,lower,0.9230769230769231,0.8461538461538461,0.8846153846153846,0.8461538461538461,0.8653846153846154,0.9038461538461539,2.0,2.0,4.0,2.0,2.0,4.0,0.07692307692307698,True,27.0,False
OV4453,OV4453,HGS,83.7588312,6.405291788383311,14.53421818458251,selected_patient_representatives,MSH6,lower,0.038461538461538464,0.8076923076923077,0.4230769230769231,0.038461538461538464,0.6153846153846154,0.23076923076923078,16.0,24.0,9.0,22.0,9.0,24.0,0.7692307692307693,False,27.0,False
OV4485,OV4485,HGS,23.135210300000004,4.593067492519071,14.54212851019789,selected_patient_representatives,MSH6,lower,0.6923076923076923,0.7692307692307693,0.7307692307692308,0.6923076923076923,0.75,0.7115384615384615,6.0,6.0,7.0,6.0,6.0,7.0,0.07692307692307698,True,27.0,False
OV866-2,OV866-2,HGS,38.274989193,5.295538973431469,14.70078946259798,selected_patient_representatives,MSH6,lower,0.46153846153846156,0.46153846153846156,0.46153846153846156,0.46153846153846156,0.46153846153846156,0.46153846153846156,14.0,9.0,14.0,15.0,9.0,15.0,0.0,False,27.0,False
TOV3041G,TOV3041G,HGS,36.35810136999999,5.223349230510705,14.86685967216902,selected_patient_representatives,MSH6,lower,0.5,0.11538461538461539,0.3076923076923077,0.11538461538461539,0.21153846153846154,0.40384615384615385,20.0,20.0,24.0,17.0,17.0,24.0,0.3846153846153846,False,27.0,False
TOV3291G,3291,HGS,5.80272982572766,2.7661137927960255,14.12840226742416,selected_patient_representatives,MSH6,lower,1.0,1.0,1.0,1.0,1.0,1.0,1.0,1.0,1.0,1.0,1.0,1.0,0.0,True,27.0,False
OV3331,OV3331,HGS,30.0082113,4.9545784017780035,14.79703337270215,selected_patient_representatives,MSH6,lower,0.5769230769230769,0.2692307692307692,0.423076923076923,0.2692307692307692,0.34615384615384615,0.49999999999999994,17.0,14.0,20.0,14.0,14.0,20.0,0.30769230769230765,False,27.0,False
OV90,OV90,HGS,19.84430899,4.381581641021459,14.80561691720355,selected_patient_representatives,MSH6,lower,0.8076923076923077,0.23076923076923078,0.5192307692307693,0.23076923076923078,0.375,0.6634615384615385,12.0,16.0,18.0,7.0,7.0,18.0,0.5769230769230769,False,27.0,False
TOV21G,TOV21G,CC,46.0501457427033,5.556127286745524,14.7441761474297,selected_patient_representatives,MSH6,lower,0.2692307692307692,0.38461538461538464,0.3269230769230769,0.2692307692307692,0.3557692307692308,0.2980769230769231,19.0,14.0,19.0,19.0,14.0,19.0,0.11538461538461542,False,27.0,False
TOV3392D,TOV3392D,CC,21.3610029,4.482912989974077,14.25376993550304,selected_patient_representatives,MSH6,lower,0.7307692307692307,0.9230769230769231,0.8269230769230769,0.7307692307692307,0.875,0.7788461538461537,5.0,4.0,2.0,5.0,2.0,5.0,0.1923076923076924,True,27.0,False
VOA10816,VOA10816,CC,25.896610175,4.7493524538446525,14.7174055595112,selected_patient_representatives,MSH6,lower,0.6153846153846154,0.4230769230769231,0.5192307692307693,0.4230769230769231,0.47115384615384615,0.5673076923076923,12.0,10.0,13.0,11.0,10.0,13.0,0.19230769230769235,False,27.0,False
VOA12539,VOA12539,CC,24.2104360239515,4.655949165251712,14.6140965488967,selected_patient_representatives,MSH6,lower,0.6538461538461539,0.6538461538461539,0.6538461538461539,0.6538461538461539,0.6538461538461539,0.6538461538461539,7.0,7.0,8.0,10.0,7.0,10.0,0.0,True,27.0,False
VOA295,VOA295,CC,39.71554204234,5.347507703808638,14.19261360647526,selected_patient_representatives,MSH6,lower,0.34615384615384615,0.9615384615384616,0.6538461538461539,0.34615384615384615,0.8076923076923077,0.5,7.0,12.0,5.0,13.0,5.0,13.0,0.6153846153846154,False,27.0,False
VOA4841,VOA4841,CC,17.700561534000002,4.225009686398881,14.39945479030256,selected_patient_representatives,MSH6,lower,0.8461538461538461,0.8846153846153846,0.8653846153846154,0.8461538461538461,0.875,0.8557692307692307,3.0,2.0,2.0,4.0,2.0,4.0,0.038461538461538436,True,27.0,False
TOV112D,TOV112D,EC,82.3133948,6.380476559961774,14.84567780093961,selected_patient_representatives,MSH6,lower,0.07692307692307693,0.15384615384615385,0.11538461538461539,0.07692307692307693,0.13461538461538464,0.09615384615384616,27.0,22.0,25.0,27.0,22.0,27.0,0.07692307692307693,False,27.0,False
VOA4395,VOA4395,EC,38.706995524,5.311321296681231,14.81140200524217,selected_patient_representatives,MSH6,lower,0.4230769230769231,0.19230769230769232,0.3076923076923077,0.19230769230769232,0.25,0.36538461538461536,20.0,17.0,22.0,18.0,17.0,22.0,0.23076923076923075,False,27.0,False
TOV2414,TOV2414,MC,7.814203346000001,3.139830180355052,14.5541846134571,selected_patient_representatives,MSH6,lower,0.9615384615384616,0.7307692307692307,0.8461538461538461,0.7307692307692307,0.7884615384615384,0.9038461538461539,4.0,4.0,6.0,2.0,2.0,6.0,0.23076923076923084,True,27.0,False
VOA8762,VOA8762,MC,38.82318370648,5.315536658335146,14.60627374979618,selected_patient_representatives,MSH6,lower,0.38461538461538464,0.6923076923076923,0.5384615384615384,0.38461538461538464,0.6153846153846153,0.46153846153846156,11.0,11.0,10.0,15.0,10.0,15.0,0.30769230769230765,False,27.0,False
VOA8771,VOA8771,MC,55.70894831,5.825504496084409,14.67430005420907,selected_patient_representatives,MSH6,lower,0.11538461538461539,0.5,0.3076923076923077,0.11538461538461539,0.40384615384615385,0.21153846153846154,20.0,20.0,16.0,23.0,16.0,23.0,0.3846153846153846,False,27.0,False
VOA5217,VOA5217,MMMT,55.64098908000001,5.823774553252344,14.79477225609457,selected_patient_representatives,MSH6,lower,0.15384615384615385,0.3076923076923077,0.23076923076923078,0.15384615384615385,0.2692307692307693,0.19230769230769232,24.0,19.0,21.0,24.0,19.0,24.0,0.15384615384615385,False,27.0,False
VOA5436,VOA5436,MMMT,47.970598499999994,5.613843923110998,14.89177643193005,selected_patient_representatives,MSH6,lower,0.23076923076923078,0.038461538461538464,0.13461538461538464,0.038461538461538464,0.08653846153846154,0.18269230769230768,26.0,24.0,27.0,25.0,24.0,27.0,0.19230769230769232,False,27.0,False
BIN67,BIN67,SCCOHT,32.281082360599996,5.0566304481643884,14.62909003364799,selected_patient_representatives,MSH6,lower,0.5384615384615384,0.6153846153846154,0.5769230769230769,0.5384615384615384,0.5961538461538461,0.5576923076923077,9.0,8.0,11.0,12.0,8.0,12.0,0.07692307692307698,True,27.0,False
COV434,COV434,SCCOHT,103.29135400000004,6.704475749757502,14.67277144263216,selected_patient_representatives,MSH6,lower,0.0,0.5384615384615384,0.2692307692307692,0.0,0.40384615384615385,0.1346153846153846,23.0,26.0,16.0,26.0,16.0,26.0,0.5384615384615384,False,27.0,False
OV1369-R2;TOV1369,1369,HGS,26.561125564999998,4.420165520790663,14.83146253909578,patient_means_of_matched_models,MSH6,lower,0.7307692307692307,0.15384615384615385,0.4423076923076923,0.15384615384615385,0.2980769230769231,0.5865384615384615,15.0,19.0,21.0,11.0,11.0,21.0,0.5769230769230769,False,27.0,False
OV2295;OV2295-R2,2295,HGS,18.394663515,4.264859697642388,14.811811864990354,patient_means_of_matched_models,MSH6,lower,0.8076923076923077,0.19230769230769232,0.5,0.19230769230769232,0.34615384615384615,0.653846153846154,12.0,17.0,20.0,8.0,8.0,20.0,0.6153846153846154,False,27.0,False
OV3133-R;TOV3133G,3133,HGS,12.61995020725,3.74631876358014,14.563850456349265,patient_means_of_matched_models,MSH6,lower,0.8846153846153846,0.7307692307692307,0.8076923076923077,0.7307692307692307,0.7692307692307692,0.8461538461538461,4.0,4.0,7.0,4.0,4.0,7.0,0.15384615384615385,True,27.0,False
TOV3291G,3291,HGS,5.80272982572766,2.7661137927960255,14.12840226742416,patient_means_of_matched_models,MSH6,lower,1.0,1.0,1.0,1.0,1.0,1.0,1.0,1.0,1.0,1.0,1.0,1.0,0.0,True,27.0,False
BIN67,BIN67,SCCOHT,32.281082360599996,5.0566304481643884,14.62909003364799,patient_means_of_matched_models,MSH6,lower,0.5,0.6153846153846154,0.5576923076923077,0.5,0.5865384615384616,0.5288461538461539,9.0,8.0,11.0,13.0,8.0,13.0,0.11538461538461542,True,27.0,False
COV434,COV434,SCCOHT,103.29135400000004,6.704475749757502,14.67277144263216,patient_means_of_matched_models,MSH6,lower,0.0,0.5384615384615384,0.2692307692307692,0.0,0.40384615384615385,0.1346153846153846,24.0,26.0,15.0,26.0,15.0,26.0,0.5384615384615384,False,27.0,False
OV1946,OV1946,HGS,51.3826,5.711015764236325,14.6358930734539,patient_means_of_matched_models,MSH6,lower,0.19230769230769232,0.5769230769230769,0.3846153846153846,0.19230769230769232,0.4807692307692307,0.28846153846153844,19.0,17.0,12.0,21.0,12.0,21.0,0.3846153846153846,False,27.0,False
OV2085,OV2085,HGS,10.5673226199801,3.531983070839445,15.34002089994065,patient_means_of_matched_models,MSH6,lower,0.9230769230769231,0.0,0.46153846153846156,0.0,0.23076923076923078,0.6923076923076923,14.0,26.0,24.0,6.0,6.0,26.0,0.9230769230769231,False,27.0,False
OV3331,OV3331,HGS,30.0082113,4.9545784017780035,14.79703337270215,patient_means_of_matched_models,MSH6,lower,0.5384615384615384,0.3076923076923077,0.4230769230769231,0.3076923076923077,0.3653846153846154,0.4807692307692308,18.0,12.0,18.0,14.0,12.0,18.0,0.23076923076923073,False,27.0,False
OV4453,OV4453,HGS,83.7588312,6.405291788383311,14.53421818458251,patient_means_of_matched_models,MSH6,lower,0.038461538461538464,0.8461538461538461,0.4423076923076923,0.038461538461538464,0.6442307692307692,0.2403846153846154,15.0,24.0,9.0,22.0,9.0,24.0,0.8076923076923077,False,27.0,False
OV4485,OV4485,HGS,23.135210300000004,4.593067492519071,14.54212851019789,patient_means_of_matched_models,MSH6,lower,0.6538461538461539,0.8076923076923077,0.7307692307692308,0.6538461538461539,0.7692307692307693,0.6923076923076923,6.0,6.0,6.0,6.0,6.0,6.0,0.15384615384615385,True,27.0,False
OV866-2,OV866-2,HGS,38.274989193,5.295538973431469,14.70078946259798,patient_means_of_matched_models,MSH6,lower,0.4230769230769231,0.46153846153846156,0.4423076923076923,0.4230769230769231,0.4519230769230769,0.4326923076923077,15.0,9.0,14.0,16.0,9.0,16.0,0.03846153846153849,False,27.0,False
OV90,OV90,HGS,19.84430899,4.381581641021459,14.80561691720355,patient_means_of_matched_models,MSH6,lower,0.7692307692307693,0.2692307692307692,0.5192307692307693,0.2692307692307692,0.3942307692307693,0.6442307692307693,10.0,14.0,17.0,9.0,9.0,17.0,0.5,False,27.0,False
TOV112D,TOV112D,EC,82.3133948,6.380476559961774,14.84567780093961,patient_means_of_matched_models,MSH6,lower,0.07692307692307693,0.11538461538461539,0.09615384615384616,0.07692307692307693,0.10576923076923077,0.08653846153846154,27.0,22.0,26.0,27.0,22.0,27.0,0.038461538461538464,False,27.0,False
TOV21G,TOV21G,CC,46.0501457427033,5.556127286745524,14.7441761474297,patient_means_of_matched_models,MSH6,lower,0.2692307692307692,0.38461538461538464,0.3269230769230769,0.2692307692307692,0.3557692307692308,0.2980769230769231,20.0,14.0,19.0,20.0,14.0,20.0,0.11538461538461542,False,27.0,False
TOV2414,TOV2414,MC,7.814203346000001,3.139830180355052,14.5541846134571,patient_means_of_matched_models,MSH6,lower,0.9615384615384616,0.7692307692307693,0.8653846153846154,0.7692307692307693,0.8173076923076924,0.9134615384615384,2.0,3.0,4.0,2.0,2.0,4.0,0.1923076923076923,True,27.0,False
TOV3041G,TOV3041G,HGS,36.35810136999999,5.223349230510705,14.86685967216902,patient_means_of_matched_models,MSH6,lower,0.46153846153846156,0.07692307692307693,0.2692307692307693,0.07692307692307693,0.17307692307692307,0.36538461538461536,23.0,22.0,25.0,18.0,18.0,25.0,0.38461538461538464,False,27.0,False
TOV3392D,TOV3392D,CC,21.3610029,4.482912989974077,14.25376993550304,patient_means_of_matched_models,MSH6,lower,0.6923076923076923,0.9230769230769231,0.8076923076923077,0.6923076923076923,0.8653846153846154,0.75,4.0,5.0,3.0,5.0,3.0,5.0,0.23076923076923084,True,27.0,False
VOA10816,VOA10816,CC,25.896610175,4.7493524538446525,14.7174055595112,patient_means_of_matched_models,MSH6,lower,0.5769230769230769,0.4230769230769231,0.5,0.4230769230769231,0.4615384615384615,0.5384615384615384,12.0,9.0,13.0,12.0,9.0,13.0,0.1538461538461538,False,27.0,False
VOA12539,VOA12539,CC,24.2104360239515,4.655949165251712,14.6140965488967,patient_means_of_matched_models,MSH6,lower,0.6153846153846154,0.6538461538461539,0.6346153846153846,0.6153846153846154,0.6442307692307693,0.625,7.0,7.0,8.0,10.0,7.0,10.0,0.038461538461538436,True,27.0,False
VOA295,VOA295,CC,39.71554204234,5.347507703808638,14.19261360647526,patient_means_of_matched_models,MSH6,lower,0.3076923076923077,0.9615384615384616,0.6346153846153846,0.3076923076923077,0.7980769230769231,0.47115384615384615,7.0,12.0,5.0,15.0,5.0,15.0,0.6538461538461539,False,27.0,False
VOA4395,VOA4395,EC,38.706995524,5.311321296681231,14.81140200524217,patient_means_of_matched_models,MSH6,lower,0.38461538461538464,0.23076923076923078,0.3076923076923077,0.23076923076923078,0.2692307692307692,0.3461538461538462,21.0,16.0,23.0,19.0,16.0,23.0,0.15384615384615385,False,27.0,False
VOA4841,VOA4841,CC,17.700561534000002,4.225009686398881,14.39945479030256,patient_means_of_matched_models,MSH6,lower,0.8461538461538461,0.8846153846153846,0.8653846153846154,0.8461538461538461,0.875,0.8557692307692307,2.0,2.0,2.0,3.0,2.0,3.0,0.038461538461538436,True,27.0,False
VOA5217,VOA5217,MMMT,55.64098908000001,5.823774553252344,14.79477225609457,patient_means_of_matched_models,MSH6,lower,0.15384615384615385,0.34615384615384615,0.25,0.15384615384615385,0.298076923076923,0.20192307692307693,25.0,19.0,22.0,24.0,19.0,25.0,0.1923076923076923,False,27.0,False
VOA5436,VOA5436,MMMT,47.970598499999994,5.613843923110998,14.89177643193005,patient_means_of_matched_models,MSH6,lower,0.23076923076923078,0.038461538461538464,0.13461538461538464,0.038461538461538464,0.08653846153846154,0.18269230769230768,26.0,24.0,27.0,25.0,24.0,27.0,0.19230769230769232,False,27.0,False
VOA8762,VOA8762,MC,38.82318370648,5.315536658335146,14.60627374979618,patient_means_of_matched_models,MSH6,lower,0.34615384615384615,0.6923076923076923,0.5192307692307692,0.34615384615384615,0.6057692307692307,0.43269230769230765,11.0,11.0,10.0,17.0,10.0,17.0,0.34615384615384615,False,27.0,False
VOA8771,VOA8771,MC,55.70894831,5.825504496084409,14.67430005420907,patient_means_of_matched_models,MSH6,lower,0.11538461538461539,0.5,0.3076923076923077,0.11538461538461539,0.40384615384615385,0.21153846153846154,21.0,21.0,15.0,23.0,15.0,23.0,0.3846153846153846,False,27.0,False
OV1369-R2,1369,HGS,43.9179007,5.489218597860242,14.88650336594532,HGS_selected_representatives,MSH6,lower,0.18181818181818182,0.09090909090909091,0.13636363636363635,0.09090909090909091,0.11363636363636363,0.1590909090909091,12.0,9.0,12.0,12.0,9.0,12.0,0.09090909090909091,False,12.0,False
OV1946,OV1946,HGS,51.3826,5.711015764236325,14.6358930734539,HGS_selected_representatives,MSH6,lower,0.09090909090909091,0.6363636363636364,0.36363636363636365,0.09090909090909091,0.5,0.22727272727272727,10.0,9.0,5.0,10.0,5.0,10.0,0.5454545454545454,False,12.0,False
OV2085,OV2085,HGS,10.5673226199801,3.531983070839445,15.34002089994065,HGS_selected_representatives,MSH6,lower,0.8181818181818182,0.0,0.4090909090909091,0.0,0.20454545454545456,0.6136363636363636,6.0,11.0,11.0,3.0,3.0,11.0,0.8181818181818182,False,12.0,False
OV2295,2295,HGS,20.95961733,4.4567810089335005,14.77945083047033,HGS_selected_representatives,MSH6,lower,0.6363636363636364,0.45454545454545453,0.5454545454545454,0.45454545454545453,0.5,0.5909090909090909,4.0,4.0,5.0,5.0,4.0,5.0,0.18181818181818182,False,12.0,False
OV3133-R,3133,HGS,10.295053144500002,3.497619153677344,14.5241551810074,HGS_selected_representatives,MSH6,lower,0.9090909090909091,0.9090909090909091,0.9090909090909091,0.9090909090909091,0.9090909090909091,0.9090909090909091,2.0,2.0,2.0,2.0,2.0,2.0,0.0,True,12.0,False
OV4453,OV4453,HGS,83.7588312,6.405291788383311,14.53421818458251,HGS_selected_representatives,MSH6,lower,0.0,0.8181818181818182,0.4090909090909091,0.0,0.6136363636363636,0.20454545454545456,6.0,11.0,4.0,11.0,4.0,11.0,0.8181818181818182,False,12.0,False
OV4485,OV4485,HGS,23.135210300000004,4.593067492519071,14.54212851019789,HGS_selected_representatives,MSH6,lower,0.5454545454545454,0.7272727272727273,0.6363636363636364,0.5454545454545454,0.6818181818181818,0.5909090909090908,3.0,3.0,3.0,6.0,3.0,6.0,0.18181818181818188,True,12.0,False
OV866-2,OV866-2,HGS,38.274989193,5.295538973431469,14.70078946259798,HGS_selected_representatives,MSH6,lower,0.2727272727272727,0.5454545454545454,0.40909090909090906,0.2727272727272727,0.47727272727272724,0.3409090909090909,8.0,6.0,7.0,8.0,6.0,8.0,0.2727272727272727,False,12.0,False
TOV3041G,TOV3041G,HGS,36.35810136999999,5.223349230510705,14.86685967216902,HGS_selected_representatives,MSH6,lower,0.36363636363636365,0.18181818181818182,0.2727272727272727,0.18181818181818182,0.22727272727272727,0.3181818181818182,11.0,8.0,10.0,9.0,8.0,11.0,0.18181818181818182,False,12.0,False
TOV3291G,3291,HGS,5.80272982572766,2.7661137927960255,14.12840226742416,HGS_selected_representatives,MSH6,lower,1.0,1.0,1.0,1.0,1.0,1.0,1.0,1.0,1.0,1.0,1.0,1.0,0.0,True,12.0,False
OV3331,OV3331,HGS,30.0082113,4.9545784017780035,14.79703337270215,HGS_selected_representatives,MSH6,lower,0.45454545454545453,0.36363636363636365,0.40909090909090906,0.36363636363636365,0.38636363636363635,0.43181818181818177,8.0,5.0,8.0,7.0,5.0,8.0,0.09090909090909088,False,12.0,False
OV90,OV90,HGS,19.84430899,4.381581641021459,14.80561691720355,HGS_selected_representatives,MSH6,lower,0.7272727272727273,0.2727272727272727,0.5,0.2727272727272727,0.38636363636363635,0.6136363636363635,5.0,6.0,8.0,4.0,4.0,8.0,0.4545454545454546,False,12.0,False
TOV21G,TOV21G,CC,46.0501457427033,5.556127286745524,14.7441761474297,CC_selected_representatives,MSH6,lower,0.0,0.0,0.0,0.0,0.0,0.0,6.0,6.0,6.0,6.0,6.0,6.0,0.0,False,6.0,False
TOV3392D,TOV3392D,CC,21.3610029,4.482912989974077,14.25376993550304,CC_selected_representatives,MSH6,lower,0.8,0.8,0.8,0.8,0.8,0.8,1.0,1.0,1.0,2.0,1.0,2.0,0.0,True,6.0,False
VOA10816,VOA10816,CC,25.896610175,4.7493524538446525,14.7174055595112,CC_selected_representatives,MSH6,lower,0.4,0.2,0.30000000000000004,0.2,0.25,0.35000000000000003,5.0,4.0,5.0,5.0,4.0,5.0,0.2,False,6.0,False
VOA12539,VOA12539,CC,24.2104360239515,4.655949165251712,14.6140965488967,CC_selected_representatives,MSH6,lower,0.6,0.4,0.5,0.4,0.45000000000000007,0.5499999999999999,4.0,3.0,4.0,3.0,3.0,4.0,0.19999999999999996,False,6.0,False
VOA295,VOA295,CC,39.71554204234,5.347507703808638,14.19261360647526,CC_selected_representatives,MSH6,lower,0.2,1.0,0.6,0.2,0.8,0.4,3.0,4.0,1.0,4.0,1.0,4.0,0.8,False,6.0,False
VOA4841,VOA4841,CC,17.700561534000002,4.225009686398881,14.39945479030256,CC_selected_representatives,MSH6,lower,1.0,0.6,0.8,0.6,0.7,0.9,1.0,2.0,3.0,1.0,1.0,3.0,0.4,True,6.0,False
OV1369-R2,1369,HGS,61.06173162672594,5.955632045934428,13.82680493254873,matched_models,SMARCA4,lower,0.5862068965517241,0.6896551724137931,0.6379310344827587,0.5862068965517241,0.6637931034482759,0.6120689655172413,6.0,5.0,7.0,9.0,5.0,9.0,0.10344827586206906,True,30.0,False
OV1946,OV1946,HGS,67.7339098889204,6.1029501234627554,14.03115605811618,matched_models,SMARCA4,lower,0.5172413793103449,0.5172413793103449,0.5172413793103449,0.5172413793103449,0.5172413793103449,0.5172413793103449,11.0,7.0,12.0,15.0,7.0,15.0,0.0,True,30.0,False
OV2085,OV2085,HGS,105.9678353817993,6.7410332414372185,14.83310730965481,matched_models,SMARCA4,lower,0.06896551724137931,0.0,0.034482758620689655,0.0,0.017241379310344827,0.05172413793103448,30.0,29.0,30.0,30.0,29.0,30.0,0.06896551724137931,False,30.0,False
OV2295,2295,HGS,42.89720339085079,5.456057126158969,14.29891205265761,matched_models,SMARCA4,lower,0.8275862068965517,0.20689655172413793,0.5172413793103449,0.20689655172413793,0.3620689655172414,0.6724137931034483,11.0,19.0,21.0,6.0,6.0,21.0,0.6206896551724138,False,30.0,False
OV2295-R2,2295,HGS,81.68206521560812,6.369502519440582,14.30148066759101,matched_models,SMARCA4,lower,0.3448275862068966,0.1724137931034483,0.25862068965517243,0.1724137931034483,0.21551724137931036,0.3017241379310345,28.0,21.0,27.0,24.0,21.0,28.0,0.1724137931034483,False,30.0,False
OV3133-R,3133,HGS,32.51586313616606,5.066772183028073,14.35613668519598,matched_models,SMARCA4,lower,0.8620689655172413,0.06896551724137931,0.46551724137931033,0.06896551724137931,0.2672413793103448,0.6637931034482759,17.0,26.0,25.0,7.0,7.0,26.0,0.793103448275862,False,30.0,False
OV4453,OV4453,HGS,129.08795031999998,7.023343525245717,14.31010311293304,matched_models,SMARCA4,lower,0.034482758620689655,0.13793103448275862,0.08620689655172414,0.034482758620689655,0.11206896551724138,0.06034482758620689,29.0,27.0,29.0,29.0,27.0,29.0,0.10344827586206896,False,30.0,False
OV4485,OV4485,HGS,46.66061656564658,5.574725710084179,14.33779551913424,matched_models,SMARCA4,lower,0.7586206896551724,0.10344827586206896,0.43103448275862066,0.10344827586206896,0.2672413793103448,0.5948275862068965,20.0,24.0,25.0,12.0,12.0,25.0,0.6551724137931034,False,30.0,False
OV866-2,OV866-2,HGS,97.06959631575978,6.615734034155014,14.14787526558116,matched_models,SMARCA4,lower,0.2413793103448276,0.3448275862068966,0.2931034482758621,0.2413793103448276,0.31896551724137934,0.26724137931034486,27.0,17.0,22.0,26.0,17.0,27.0,0.10344827586206898,False,30.0,False
TOV1369,1369,HGS,50.993549845020176,5.700260753068197,14.16626043027806,matched_models,SMARCA4,lower,0.7241379310344828,0.3103448275862069,0.5172413793103449,0.3103448275862069,0.4137931034482759,0.6206896551724138,11.0,13.0,19.0,8.0,8.0,19.0,0.41379310344827586,False,30.0,False
TOV3041G,TOV3041G,HGS,57.547143184800014,5.871526870845706,14.07140765915869,matched_models,SMARCA4,lower,0.6551724137931034,0.4482758620689655,0.5517241379310345,0.4482758620689655,0.5,0.603448275862069,9.0,9.0,16.0,10.0,9.0,16.0,0.2068965517241379,False,30.0,False
TOV3133G,3133,HGS,59.19942702480745,5.911677850437078,14.05583137874352,matched_models,SMARCA4,lower,0.6206896551724138,0.4827586206896552,0.5517241379310345,0.4827586206896552,0.5172413793103449,0.5862068965517242,9.0,8.0,12.0,13.0,8.0,13.0,0.13793103448275862,False,30.0,False
TOV3291G,3291,HGS,76.36353519636,6.2735818164565895,14.11101738722915,matched_models,SMARCA4,lower,0.3793103448275862,0.3793103448275862,0.3793103448275862,0.3793103448275862,0.3793103448275862,0.3793103448275862,21.0,12.0,20.0,19.0,12.0,21.0,0.0,False,30.0,False
OV3331,OV3331,HGS,72.93382657966839,6.208162679463036,14.2559625297012,matched_models,SMARCA4,lower,0.41379310344827586,0.27586206896551724,0.3448275862068966,0.27586206896551724,0.3103448275862069,0.3793103448275862,25.0,15.0,23.0,19.0,15.0,25.0,0.13793103448275862,False,30.0,False
OV90,OV90,HGS,43.37511255979948,5.471678873868294,14.09141993866698,matched_models,SMARCA4,lower,0.7931034482758621,0.41379310344827586,0.603448275862069,0.41379310344827586,0.5086206896551724,0.6982758620689655,8.0,11.0,15.0,5.0,5.0,15.0,0.37931034482758624,False,30.0,False
TOV21G,TOV21G,CC,97.65538761034313,6.624325934143199,13.80411535826535,matched_models,SMARCA4,lower,0.20689655172413793,0.7241379310344828,0.46551724137931033,0.20689655172413793,0.5948275862068966,0.33620689655172414,17.0,19.0,10.0,22.0,10.0,22.0,0.5172413793103449,False,30.0,False
TOV3392D,TOV3392D,CC,64.80740707472785,6.04017807320282,13.76491446343037,matched_models,SMARCA4,lower,0.5517241379310345,0.7586206896551724,0.6551724137931034,0.5517241379310345,0.7068965517241379,0.603448275862069,5.0,6.0,6.0,10.0,5.0,10.0,0.2068965517241379,True,30.0,False
VOA10816,VOA10816,CC,31.455388468755775,5.020386119237397,13.65244947245184,matched_models,SMARCA4,lower,0.896551724137931,0.8620689655172413,0.8793103448275862,0.8620689655172413,0.8706896551724138,0.8879310344827587,4.0,4.0,4.0,4.0,4.0,4.0,0.034482758620689724,True,30.0,False
VOA12539,VOA12539,CC,302.4778165160143,8.245447252641137,13.87105785446353,matched_models,SMARCA4,lower,0.0,0.6551724137931034,0.3275862068965517,0.0,0.49137931034482757,0.16379310344827586,26.0,29.0,18.0,28.0,18.0,29.0,0.6551724137931034,False,30.0,False
VOA295,VOA295,CC,103.51994948047393,6.70763452222146,13.73510245270652,matched_models,SMARCA4,lower,0.13793103448275862,0.7931034482758621,0.4655172413793104,0.13793103448275862,0.6293103448275862,0.3017241379310345,16.0,23.0,9.0,24.0,9.0,24.0,0.6551724137931034,False,30.0,False
VOA4841,VOA4841,CC,4.99496670433,2.583751741023755,13.30633588651286,matched_models,SMARCA4,lower,1.0,1.0,1.0,1.0,1.0,1.0,1.0,1.0,1.0,1.0,1.0,1.0,0.0,True,30.0,False
TOV112D,TOV112D,EC,11.90410502434607,3.689758180394257,13.57750866172423,matched_models,SMARCA4,lower,0.9655172413793104,0.896551724137931,0.9310344827586208,0.896551724137931,0.9137931034482759,0.9482758620689655,2.0,3.0,3.0,2.0,2.0,3.0,0.06896551724137934,True,30.0,False
VOA4395,VOA4395,EC,101.23698614777842,6.675773402477611,13.66107485838401,matched_models,SMARCA4,lower,0.1724137931034483,0.8275862068965517,0.5,0.1724137931034483,0.6637931034482759,0.33620689655172414,14.0,21.0,7.0,22.0,7.0,22.0,0.6551724137931034,False,30.0,False
TOV2414,TOV2414,MC,72.62471631953844,6.2021182650503786,13.98160010207436,matched_models,SMARCA4,lower,0.4482758620689655,0.5517241379310345,0.5,0.4482758620689655,0.5258620689655172,0.47413793103448276,14.0,9.0,11.0,16.0,9.0,16.0,0.10344827586206895,False,30.0,False
VOA8762,VOA8762,MC,71.180954257501,6.173546311182416,14.26740608558749,matched_models,SMARCA4,lower,0.4827586206896552,0.2413793103448276,0.3620689655172414,0.2413793103448276,0.3017241379310345,0.4224137931034483,22.0,17.0,24.0,18.0,17.0,24.0,0.2413793103448276,False,30.0,False
VOA8771,VOA8771,MC,53.083880629899994,5.757126766563916,14.36397431914488,matched_models,SMARCA4,lower,0.6896551724137931,0.034482758620689655,0.3620689655172414,0.034482758620689655,0.19827586206896552,0.5258620689655172,22.0,27.0,28.0,14.0,14.0,28.0,0.6551724137931035,False,30.0,False
VOA5217,VOA5217,MMMT,93.45322752395217,6.56152819010603,13.93165217959533,matched_models,SMARCA4,lower,0.3103448275862069,0.5862068965517241,0.4482758620689655,0.3103448275862069,0.5172413793103448,0.3793103448275862,19.0,13.0,14.0,19.0,13.0,19.0,0.2758620689655172,False,30.0,False
VOA5436,VOA5436,MMMT,104.7588545004332,6.7246346456409265,13.87837416073191,matched_models,SMARCA4,lower,0.10344827586206896,0.6206896551724138,0.3620689655172414,0.10344827586206896,0.4913793103448276,0.2327586206896552,22.0,24.0,17.0,27.0,17.0,27.0,0.5172413793103449,False,30.0,False
BIN67,BIN67,SCCOHT,94.70656161899998,6.580545933816809,13.31521991311272,matched_models,SMARCA4,lower,0.27586206896551724,0.9655172413793104,0.6206896551724138,0.27586206896551724,0.7931034482758621,0.4482758620689655,7.0,15.0,5.0,17.0,5.0,17.0,0.6896551724137931,False,30.0,False
COV434,COV434,SCCOHT,16.456862860196477,4.125722413151023,13.4202026098836,matched_models,SMARCA4,lower,0.9310344827586207,0.9310344827586207,0.9310344827586207,0.9310344827586207,0.9310344827586207,0.9310344827586207,3.0,2.0,2.0,3.0,2.0,3.0,0.0,True,30.0,False
OV1369-R2,1369,HGS,61.06173162672594,5.955632045934428,13.82680493254873,selected_patient_representatives,SMARCA4,lower,0.6153846153846154,0.6538461538461539,0.6346153846153846,0.6153846153846154,0.6442307692307693,0.625,6.0,5.0,8.0,8.0,5.0,8.0,0.038461538461538436,True,27.0,False
OV1946,OV1946,HGS,67.7339098889204,6.1029501234627554,14.03115605811618,selected_patient_representatives,SMARCA4,lower,0.5384615384615384,0.46153846153846156,0.5,0.46153846153846156,0.4807692307692307,0.5192307692307693,10.0,7.0,14.0,13.0,7.0,14.0,0.07692307692307687,False,27.0,False
OV2085,OV2085,HGS,105.9678353817993,6.7410332414372185,14.83310730965481,selected_patient_representatives,SMARCA4,lower,0.07692307692307693,0.0,0.038461538461538464,0.0,0.019230769230769232,0.057692307692307696,27.0,26.0,27.0,27.0,26.0,27.0,0.07692307692307693,False,27.0,False
OV2295,2295,HGS,42.89720339085079,5.456057126158969,14.29891205265761,selected_patient_representatives,SMARCA4,lower,0.8076923076923077,0.19230769230769232,0.5,0.19230769230769232,0.34615384615384615,0.653846153846154,10.0,18.0,19.0,6.0,6.0,19.0,0.6153846153846154,False,27.0,False
OV3133-R,3133,HGS,32.51586313616606,5.066772183028073,14.35613668519598,selected_patient_representatives,SMARCA4,lower,0.8461538461538461,0.07692307692307693,0.46153846153846156,0.07692307692307693,0.2692307692307692,0.6538461538461539,14.0,23.0,23.0,7.0,7.0,23.0,0.7692307692307692,False,27.0,False
OV4453,OV4453,HGS,129.08795031999998,7.023343525245717,14.31010311293304,selected_patient_representatives,SMARCA4,lower,0.038461538461538464,0.15384615384615385,0.09615384615384616,0.038461538461538464,0.125,0.06730769230769232,26.0,24.0,26.0,26.0,24.0,26.0,0.11538461538461539,False,27.0,False
OV4485,OV4485,HGS,46.66061656564658,5.574725710084179,14.33779551913424,selected_patient_representatives,SMARCA4,lower,0.7307692307692307,0.11538461538461539,0.4230769230769231,0.11538461538461539,0.2692307692307692,0.5769230769230769,18.0,21.0,23.0,11.0,11.0,23.0,0.6153846153846153,False,27.0,False
OV866-2,OV866-2,HGS,97.06959631575978,6.615734034155014,14.14787526558116,selected_patient_representatives,SMARCA4,lower,0.2692307692307692,0.3076923076923077,0.28846153846153844,0.2692307692307692,0.2980769230769231,0.27884615384615385,25.0,14.0,21.0,23.0,14.0,25.0,0.03846153846153849,False,27.0,False
TOV3041G,TOV3041G,HGS,57.547143184800014,5.871526870845706,14.07140765915869,selected_patient_representatives,SMARCA4,lower,0.6538461538461539,0.4230769230769231,0.5384615384615384,0.4230769230769231,0.4807692307692307,0.5961538461538461,9.0,9.0,14.0,10.0,9.0,14.0,0.23076923076923078,False,27.0,False
TOV3291G,3291,HGS,76.36353519636,6.2735818164565895,14.11101738722915,selected_patient_representatives,SMARCA4,lower,0.38461538461538464,0.34615384615384615,0.3653846153846154,0.34615384615384615,0.3557692307692307,0.375,19.0,11.0,18.0,19.0,11.0,19.0,0.03846153846153849,False,27.0,False
OV3331,OV3331,HGS,72.93382657966839,6.208162679463036,14.2559625297012,selected_patient_representatives,SMARCA4,lower,0.4230769230769231,0.2692307692307692,0.34615384615384615,0.2692307692307692,0.3076923076923077,0.3846153846153846,22.0,14.0,20.0,18.0,14.0,22.0,0.15384615384615385,False,27.0,False
OV90,OV90,HGS,43.37511255979948,5.471678873868294,14.09141993866698,selected_patient_representatives,SMARCA4,lower,0.7692307692307693,0.38461538461538464,0.576923076923077,0.38461538461538464,0.48076923076923084,0.6730769230769231,8.0,10.0,13.0,5.0,5.0,13.0,0.38461538461538464,False,27.0,False
TOV21G,TOV21G,CC,97.65538761034313,6.624325934143199,13.80411535826535,selected_patient_representatives,SMARCA4,lower,0.23076923076923078,0.6923076923076923,0.46153846153846156,0.23076923076923078,0.5769230769230769,0.34615384615384615,14.0,16.0,10.0,20.0,10.0,20.0,0.4615384615384615,False,27.0,False
TOV3392D,TOV3392D,CC,64.80740707472785,6.04017807320282,13.76491446343037,selected_patient_representatives,SMARCA4,lower,0.5769230769230769,0.7307692307692307,0.6538461538461537,0.5769230769230769,0.6923076923076923,0.6153846153846153,5.0,6.0,6.0,9.0,5.0,9.0,0.15384615384615385,True,27.0,False
VOA10816,VOA10816,CC,31.455388468755775,5.020386119237397,13.65244947245184,selected_patient_representatives,SMARCA4,lower,0.8846153846153846,0.8461538461538461,0.8653846153846154,0.8461538461538461,0.8557692307692307,0.875,4.0,4.0,4.0,4.0,4.0,4.0,0.038461538461538436,True,27.0,False
VOA12539,VOA12539,CC,302.4778165160143,8.245447252641137,13.87105785446353,selected_patient_representatives,SMARCA4,lower,0.0,0.6153846153846154,0.3076923076923077,0.0,0.46153846153846156,0.15384615384615385,24.0,26.0,16.0,25.0,16.0,26.0,0.6153846153846154,False,27.0,False
VOA295,VOA295,CC,103.51994948047393,6.70763452222146,13.73510245270652,selected_patient_representatives,SMARCA4,lower,0.15384615384615385,0.7692307692307693,0.46153846153846156,0.15384615384615385,0.6153846153846154,0.3076923076923077,14.0,20.0,9.0,22.0,9.0,22.0,0.6153846153846154,False,27.0,False
VOA4841,VOA4841,CC,4.99496670433,2.583751741023755,13.30633588651286,selected_patient_representatives,SMARCA4,lower,1.0,1.0,1.0,1.0,1.0,1.0,1.0,1.0,1.0,1.0,1.0,1.0,0.0,True,27.0,False
TOV112D,TOV112D,EC,11.90410502434607,3.689758180394257,13.57750866172423,selected_patient_representatives,SMARCA4,lower,0.9615384615384616,0.8846153846153846,0.9230769230769231,0.8846153846153846,0.9038461538461539,0.9423076923076923,2.0,3.0,3.0,2.0,2.0,3.0,0.07692307692307698,True,27.0,False
VOA4395,VOA4395,EC,101.23698614777842,6.675773402477611,13.66107485838401,selected_patient_representatives,SMARCA4,lower,0.19230769230769232,0.8076923076923077,0.5,0.19230769230769232,0.653846153846154,0.34615384615384615,10.0,18.0,7.0,20.0,7.0,20.0,0.6153846153846154,False,27.0,False
TOV2414,TOV2414,MC,72.62471631953844,6.2021182650503786,13.98160010207436,selected_patient_representatives,SMARCA4,lower,0.46153846153846156,0.5,0.4807692307692308,0.46153846153846156,0.4903846153846154,0.47115384615384615,13.0,7.0,11.0,14.0,7.0,14.0,0.038461538461538436,False,27.0,False
VOA8762,VOA8762,MC,71.180954257501,6.173546311182416,14.26740608558749,selected_patient_representatives,SMARCA4,lower,0.5,0.23076923076923078,0.3653846153846154,0.23076923076923078,0.2980769230769231,0.4326923076923077,19.0,16.0,21.0,16.0,16.0,21.0,0.2692307692307692,False,27.0,False
VOA8771,VOA8771,MC,53.083880629899994,5.757126766563916,14.36397431914488,selected_patient_representatives,SMARCA4,lower,0.6923076923076923,0.038461538461538464,0.36538461538461536,0.038461538461538464,0.20192307692307693,0.5288461538461537,21.0,24.0,25.0,12.0,12.0,25.0,0.6538461538461539,False,27.0,False
VOA5217,VOA5217,MMMT,93.45322752395217,6.56152819010603,13.93165217959533,selected_patient_representatives,SMARCA4,lower,0.34615384615384615,0.5384615384615384,0.4423076923076923,0.34615384615384615,0.4903846153846154,0.39423076923076916,17.0,11.0,11.0,17.0,11.0,17.0,0.1923076923076923,False,27.0,False
VOA5436,VOA5436,MMMT,104.7588545004332,6.7246346456409265,13.87837416073191,selected_patient_representatives,SMARCA4,lower,0.11538461538461539,0.5769230769230769,0.34615384615384615,0.11538461538461539,0.4615384615384615,0.23076923076923075,22.0,21.0,17.0,24.0,17.0,24.0,0.46153846153846145,False,27.0,False
BIN67,BIN67,SCCOHT,94.70656161899998,6.580545933816809,13.31521991311272,selected_patient_representatives,SMARCA4,lower,0.3076923076923077,0.9615384615384616,0.6346153846153846,0.3076923076923077,0.7980769230769231,0.47115384615384615,6.0,13.0,5.0,14.0,5.0,14.0,0.6538461538461539,False,27.0,False
COV434,COV434,SCCOHT,16.456862860196477,4.125722413151023,13.4202026098836,selected_patient_representatives,SMARCA4,lower,0.9230769230769231,0.9230769230769231,0.9230769230769231,0.9230769230769231,0.9230769230769231,0.9230769230769231,2.0,2.0,2.0,3.0,2.0,3.0,0.0,True,27.0,False
OV1369-R2;TOV1369,1369,HGS,56.02764073587306,5.827946399501313,13.996532681413395,patient_means_of_matched_models,SMARCA4,lower,0.6923076923076923,0.5,0.5961538461538461,0.5,0.5480769230769231,0.6442307692307692,8.0,6.0,10.0,7.0,6.0,10.0,0.1923076923076923,True,27.0,False
OV2295;OV2295-R2,2295,HGS,62.289634303229455,5.912779822799775,14.30019636012431,patient_means_of_matched_models,SMARCA4,lower,0.6153846153846154,0.15384615384615385,0.38461538461538464,0.15384615384615385,0.2692307692307693,0.5,18.0,20.0,22.0,13.0,13.0,22.0,0.46153846153846156,False,27.0,False
OV3133-R;TOV3133G,3133,HGS,45.857645080486755,5.489225016732576,14.205984031969749,patient_means_of_matched_models,SMARCA4,lower,0.8076923076923077,0.2692307692307692,0.5384615384615384,0.2692307692307692,0.40384615384615385,0.6730769230769231,9.0,14.0,18.0,6.0,6.0,18.0,0.5384615384615385,False,27.0,False
TOV3291G,3291,HGS,76.36353519636,6.2735818164565895,14.11101738722915,patient_means_of_matched_models,SMARCA4,lower,0.38461538461538464,0.34615384615384615,0.3653846153846154,0.34615384615384615,0.3557692307692307,0.375,20.0,11.0,19.0,18.0,11.0,20.0,0.03846153846153849,False,27.0,False
BIN67,BIN67,SCCOHT,94.70656161899998,6.580545933816809,13.31521991311272,patient_means_of_matched_models,SMARCA4,lower,0.3076923076923077,0.9615384615384616,0.6346153846153846,0.3076923076923077,0.7980769230769231,0.47115384615384615,6.0,13.0,5.0,15.0,5.0,15.0,0.6538461538461539,False,27.0,False
COV434,COV434,SCCOHT,16.456862860196477,4.125722413151023,13.4202026098836,patient_means_of_matched_models,SMARCA4,lower,0.9230769230769231,0.9230769230769231,0.9230769230769231,0.9230769230769231,0.9230769230769231,0.9230769230769231,2.0,2.0,2.0,3.0,2.0,3.0,0.0,True,27.0,False
OV1946,OV1946,HGS,67.7339098889204,6.1029501234627554,14.03115605811618,patient_means_of_matched_models,SMARCA4,lower,0.5384615384615384,0.46153846153846156,0.5,0.46153846153846156,0.4807692307692307,0.5192307692307693,11.0,7.0,16.0,12.0,7.0,16.0,0.07692307692307687,False,27.0,False
OV2085,OV2085,HGS,105.9678353817993,6.7410332414372185,14.83310730965481,patient_means_of_matched_models,SMARCA4,lower,0.07692307692307693,0.0,0.038461538461538464,0.0,0.019230769230769232,0.057692307692307696,27.0,26.0,27.0,26.0,26.0,27.0,0.07692307692307693,False,27.0,False
OV3331,OV3331,HGS,72.93382657966839,6.208162679463036,14.2559625297012,patient_means_of_matched_models,SMARCA4,lower,0.4230769230769231,0.23076923076923078,0.3269230769230769,0.23076923076923078,0.27884615384615385,0.375,23.0,16.0,21.0,18.0,16.0,23.0,0.1923076923076923,False,27.0,False
OV4453,OV4453,HGS,129.08795031999998,7.023343525245717,14.31010311293304,patient_means_of_matched_models,SMARCA4,lower,0.038461538461538464,0.11538461538461539,0.07692307692307693,0.038461538461538464,0.09615384615384615,0.057692307692307696,26.0,24.0,26.0,26.0,24.0,26.0,0.07692307692307693,False,27.0,False
OV4485,OV4485,HGS,46.66061656564658,5.574725710084179,14.33779551913424,patient_means_of_matched_models,SMARCA4,lower,0.7692307692307693,0.07692307692307693,0.42307692307692313,0.07692307692307693,0.25,0.5961538461538463,17.0,23.0,24.0,9.0,9.0,24.0,0.6923076923076923,False,27.0,False
OV866-2,OV866-2,HGS,97.06959631575978,6.615734034155014,14.14787526558116,patient_means_of_matched_models,SMARCA4,lower,0.2692307692307692,0.3076923076923077,0.28846153846153844,0.2692307692307692,0.2980769230769231,0.27884615384615385,25.0,14.0,20.0,23.0,14.0,25.0,0.03846153846153849,False,27.0,False
OV90,OV90,HGS,43.37511255979948,5.471678873868294,14.09141993866698,patient_means_of_matched_models,SMARCA4,lower,0.8461538461538461,0.38461538461538464,0.6153846153846154,0.38461538461538464,0.5,0.7307692307692307,7.0,10.0,13.0,5.0,5.0,13.0,0.4615384615384615,False,27.0,False
TOV112D,TOV112D,EC,11.90410502434607,3.689758180394257,13.57750866172423,patient_means_of_matched_models,SMARCA4,lower,0.9615384615384616,0.8846153846153846,0.9230769230769231,0.8846153846153846,0.9038461538461539,0.9423076923076923,2.0,3.0,3.0,2.0,2.0,3.0,0.07692307692307698,True,27.0,False
TOV21G,TOV21G,CC,97.65538761034313,6.624325934143199,13.80411535826535,patient_means_of_matched_models,SMARCA4,lower,0.23076923076923078,0.6923076923076923,0.46153846153846156,0.23076923076923078,0.5769230769230769,0.34615384615384615,14.0,16.0,9.0,20.0,9.0,20.0,0.4615384615384615,False,27.0,False
TOV2414,TOV2414,MC,72.62471631953844,6.2021182650503786,13.98160010207436,patient_means_of_matched_models,SMARCA4,lower,0.46153846153846156,0.5384615384615384,0.5,0.46153846153846156,0.5192307692307693,0.4807692307692307,11.0,7.0,11.0,14.0,7.0,14.0,0.07692307692307687,False,27.0,False
TOV3041G,TOV3041G,HGS,57.547143184800014,5.871526870845706,14.07140765915869,patient_means_of_matched_models,SMARCA4,lower,0.6538461538461539,0.4230769230769231,0.5384615384615384,0.4230769230769231,0.4807692307692307,0.5961538461538461,9.0,9.0,16.0,10.0,9.0,16.0,0.23076923076923078,False,27.0,False
TOV3392D,TOV3392D,CC,64.80740707472785,6.04017807320282,13.76491446343037,patient_means_of_matched_models,SMARCA4,lower,0.5769230769230769,0.7307692307692307,0.6538461538461537,0.5769230769230769,0.6923076923076923,0.6153846153846153,5.0,5.0,6.0,8.0,5.0,8.0,0.15384615384615385,True,27.0,False
VOA10816,VOA10816,CC,31.455388468755775,5.020386119237397,13.65244947245184,patient_means_of_matched_models,SMARCA4,lower,0.8846153846153846,0.8461538461538461,0.8653846153846154,0.8461538461538461,0.8557692307692307,0.875,4.0,4.0,4.0,4.0,4.0,4.0,0.038461538461538436,True,27.0,False
VOA12539,VOA12539,CC,302.4778165160143,8.245447252641137,13.87105785446353,patient_means_of_matched_models,SMARCA4,lower,0.0,0.6538461538461539,0.3269230769230769,0.0,0.4903846153846154,0.16346153846153846,23.0,26.0,14.0,25.0,14.0,26.0,0.6538461538461539,False,27.0,False
VOA295,VOA295,CC,103.51994948047393,6.70763452222146,13.73510245270652,patient_means_of_matched_models,SMARCA4,lower,0.15384615384615385,0.7692307692307693,0.46153846153846156,0.15384615384615385,0.6153846153846154,0.3076923076923077,14.0,20.0,8.0,22.0,8.0,22.0,0.6153846153846154,False,27.0,False
VOA4395,VOA4395,EC,101.23698614777842,6.675773402477611,13.66107485838401,patient_means_of_matched_models,SMARCA4,lower,0.19230769230769232,0.8076923076923077,0.5,0.19230769230769232,0.653846153846154,0.34615384615384615,11.0,18.0,7.0,20.0,7.0,20.0,0.6153846153846154,False,27.0,False
VOA4841,VOA4841,CC,4.99496670433,2.583751741023755,13.30633588651286,patient_means_of_matched_models,SMARCA4,lower,1.0,1.0,1.0,1.0,1.0,1.0,1.0,1.0,1.0,1.0,1.0,1.0,0.0,True,27.0,False
VOA5217,VOA5217,MMMT,93.45322752395217,6.56152819010603,13.93165217959533,patient_means_of_matched_models,SMARCA4,lower,0.34615384615384615,0.5769230769230769,0.4615384615384615,0.34615384615384615,0.5192307692307692,0.4038461538461538,16.0,11.0,12.0,17.0,11.0,17.0,0.23076923076923073,False,27.0,False
VOA5436,VOA5436,MMMT,104.7588545004332,6.7246346456409265,13.87837416073191,patient_means_of_matched_models,SMARCA4,lower,0.11538461538461539,0.6153846153846154,0.3653846153846154,0.11538461538461539,0.4903846153846154,0.2403846153846154,20.0,22.0,14.0,24.0,14.0,24.0,0.5,False,27.0,False
VOA8762,VOA8762,MC,71.180954257501,6.173546311182416,14.26740608558749,patient_means_of_matched_models,SMARCA4,lower,0.5,0.19230769230769232,0.34615384615384615,0.19230769230769232,0.2692307692307693,0.4230769230769231,22.0,18.0,22.0,16.0,16.0,22.0,0.3076923076923077,False,27.0,False
VOA8771,VOA8771,MC,53.083880629899994,5.757126766563916,14.36397431914488,patient_means_of_matched_models,SMARCA4,lower,0.7307692307692307,0.038461538461538464,0.3846153846153846,0.038461538461538464,0.21153846153846154,0.5576923076923076,19.0,24.0,25.0,11.0,11.0,25.0,0.6923076923076923,False,27.0,False
OV1369-R2,1369,HGS,61.06173162672594,5.955632045934428,13.82680493254873,HGS_selected_representatives,SMARCA4,lower,0.5454545454545454,1.0,0.7727272727272727,0.5454545454545454,0.8863636363636364,0.6590909090909091,1.0,3.0,1.0,5.0,1.0,5.0,0.4545454545454546,True,12.0,False
OV1946,OV1946,HGS,67.7339098889204,6.1029501234627554,14.03115605811618,HGS_selected_representatives,SMARCA4,lower,0.45454545454545453,0.9090909090909091,0.6818181818181818,0.45454545454545453,0.7954545454545454,0.5681818181818181,4.0,4.0,2.0,7.0,2.0,7.0,0.45454545454545453,False,12.0,False
OV2085,OV2085,HGS,105.9678353817993,6.7410332414372185,14.83310730965481,HGS_selected_representatives,SMARCA4,lower,0.09090909090909091,0.0,0.045454545454545456,0.0,0.022727272727272728,0.06818181818181818,12.0,11.0,12.0,11.0,11.0,12.0,0.09090909090909091,False,12.0,False
OV2295,2295,HGS,42.89720339085079,5.456057126158969,14.29891205265761,HGS_selected_representatives,SMARCA4,lower,0.9090909090909091,0.36363636363636365,0.6363636363636364,0.36363636363636365,0.5,0.7727272727272727,5.0,5.0,6.0,2.0,2.0,6.0,0.5454545454545454,False,12.0,False
OV3133-R,3133,HGS,32.51586313616606,5.066772183028073,14.35613668519598,HGS_selected_representatives,SMARCA4,lower,1.0,0.09090909090909091,0.5454545454545454,0.09090909090909091,0.3181818181818182,0.7727272727272727,6.0,10.0,9.0,2.0,2.0,10.0,0.9090909090909091,False,12.0,False
OV4453,OV4453,HGS,129.08795031999998,7.023343525245717,14.31010311293304,HGS_selected_representatives,SMARCA4,lower,0.0,0.2727272727272727,0.13636363636363635,0.0,0.20454545454545453,0.06818181818181818,11.0,11.0,11.0,11.0,11.0,11.0,0.2727272727272727,False,12.0,False
OV4485,OV4485,HGS,46.66061656564658,5.574725710084179,14.33779551913424,HGS_selected_representatives,SMARCA4,lower,0.7272727272727273,0.18181818181818182,0.4545454545454546,0.18181818181818182,0.3181818181818182,0.5909090909090908,7.0,8.0,9.0,6.0,6.0,9.0,0.5454545454545454,False,12.0,False
OV866-2,OV866-2,HGS,97.06959631575978,6.615734034155014,14.14787526558116,HGS_selected_representatives,SMARCA4,lower,0.18181818181818182,0.5454545454545454,0.36363636363636365,0.18181818181818182,0.45454545454545453,0.2727272727272727,10.0,8.0,7.0,10.0,7.0,10.0,0.3636363636363636,False,12.0,False
TOV3041G,TOV3041G,HGS,57.547143184800014,5.871526870845706,14.07140765915869,HGS_selected_representatives,SMARCA4,lower,0.6363636363636364,0.8181818181818182,0.7272727272727273,0.6363636363636364,0.7727272727272727,0.6818181818181819,3.0,2.0,3.0,4.0,2.0,4.0,0.18181818181818188,True,12.0,False
TOV3291G,3291,HGS,76.36353519636,6.2735818164565895,14.11101738722915,HGS_selected_representatives,SMARCA4,lower,0.2727272727272727,0.6363636363636364,0.45454545454545453,0.2727272727272727,0.5454545454545454,0.36363636363636365,8.0,7.0,5.0,9.0,5.0,9.0,0.36363636363636365,False,12.0,False
OV3331,OV3331,HGS,72.93382657966839,6.208162679463036,14.2559625297012,HGS_selected_representatives,SMARCA4,lower,0.36363636363636365,0.45454545454545453,0.40909090909090906,0.36363636363636365,0.43181818181818177,0.38636363636363635,9.0,5.0,8.0,8.0,5.0,9.0,0.09090909090909088,False,12.0,False
OV90,OV90,HGS,43.37511255979948,5.471678873868294,14.09141993866698,HGS_selected_representatives,SMARCA4,lower,0.8181818181818182,0.7272727272727273,0.7727272727272727,0.7272727272727273,0.75,0.7954545454545454,1.0,1.0,4.0,1.0,1.0,4.0,0.09090909090909094,True,12.0,False
TOV21G,TOV21G,CC,97.65538761034313,6.624325934143199,13.80411535826535,CC_selected_representatives,SMARCA4,lower,0.4,0.2,0.30000000000000004,0.2,0.25,0.35000000000000003,5.0,4.0,5.0,4.0,4.0,5.0,0.2,False,6.0,False
TOV3392D,TOV3392D,CC,64.80740707472785,6.04017807320282,13.76491446343037,CC_selected_representatives,SMARCA4,lower,0.6,0.4,0.5,0.4,0.45000000000000007,0.5499999999999999,3.0,3.0,4.0,3.0,3.0,4.0,0.19999999999999996,False,6.0,False
VOA10816,VOA10816,CC,31.455388468755775,5.020386119237397,13.65244947245184,CC_selected_representatives,SMARCA4,lower,0.8,0.8,0.8,0.8,0.8,0.8,2.0,2.0,2.0,2.0,2.0,2.0,0.0,True,6.0,False
VOA12539,VOA12539,CC,302.4778165160143,8.245447252641137,13.87105785446353,CC_selected_representatives,SMARCA4,lower,0.0,0.0,0.0,0.0,0.0,0.0,6.0,6.0,6.0,6.0,6.0,6.0,0.0,False,6.0,False
VOA295,VOA295,CC,103.51994948047393,6.70763452222146,13.73510245270652,CC_selected_representatives,SMARCA4,lower,0.2,0.6,0.4,0.2,0.49999999999999994,0.30000000000000004,4.0,4.0,3.0,5.0,3.0,5.0,0.39999999999999997,False,6.0,False
VOA4841,VOA4841,CC,4.99496670433,2.583751741023755,13.30633588651286,CC_selected_representatives,SMARCA4,lower,1.0,1.0,1.0,1.0,1.0,1.0,1.0,1.0,1.0,1.0,1.0,1.0,0.0,True,6.0,False
OV1369-R2,1369,HGS,9.70772025,3.4205794476068387,11.68551531584097,matched_models,SMARCA2,lower,0.5172413793103449,0.5862068965517241,0.5517241379310345,0.5172413793103449,0.5689655172413792,0.5344827586206897,15.0,9.0,12.0,14.0,9.0,15.0,0.06896551724137923,True,30.0,False
OV1946,OV1946,HGS,31.187298684,5.0084195987384446,12.07046408061436,matched_models,SMARCA2,lower,0.10344827586206896,0.3103448275862069,0.20689655172413793,0.10344827586206896,0.25862068965517243,0.15517241379310345,26.0,23.0,23.0,27.0,23.0,27.0,0.20689655172413796,False,30.0,False
OV2085,OV2085,HGS,0.1208805082,0.1646324874066616,10.96053806450502,matched_models,SMARCA2,lower,0.9310344827586207,1.0,0.9655172413793103,0.9310344827586207,0.9827586206896551,0.9482758620689655,1.0,1.0,1.0,1.0,1.0,1.0,0.06896551724137934,True,30.0,False
OV2295,2295,HGS,6.5757341300718775,2.921385700400092,12.24467956549504,matched_models,SMARCA2,lower,0.5862068965517241,0.10344827586206896,0.3448275862068965,0.10344827586206896,0.22413793103448276,0.4655172413793103,21.0,23.0,24.0,19.0,19.0,24.0,0.48275862068965514,False,30.0,False
OV2295-R2,2295,HGS,2.96850008,1.988593834564889,11.88161789631731,matched_models,SMARCA2,lower,0.7241379310344828,0.4482758620689655,0.5862068965517242,0.4482758620689655,0.5172413793103449,0.6551724137931034,11.0,11.0,15.0,9.0,9.0,15.0,0.27586206896551724,False,30.0,False
OV3133-R,3133,HGS,2.478011618,1.7982627518518004,12.7111243053821,matched_models,SMARCA2,lower,0.7931034482758621,0.0,0.39655172413793105,0.0,0.19827586206896552,0.5948275862068966,18.0,29.0,26.0,11.0,11.0,29.0,0.7931034482758621,False,30.0,False
OV4453,OV4453,HGS,14.7419337459,3.9765408678968526,12.09735555144914,matched_models,SMARCA2,lower,0.3448275862068966,0.2413793103448276,0.2931034482758621,0.2413793103448276,0.26724137931034486,0.31896551724137934,24.0,19.0,22.0,20.0,19.0,24.0,0.10344827586206898,False,30.0,False
OV4485,OV4485,HGS,3.408791457297,2.1403832368450244,11.88010540996622,matched_models,SMARCA2,lower,0.6896551724137931,0.4827586206896552,0.5862068965517242,0.4827586206896552,0.5344827586206897,0.6379310344827587,11.0,10.0,14.0,10.0,10.0,14.0,0.20689655172413796,False,30.0,False
OV866-2,OV866-2,HGS,2.699944630333541,1.8875036809737693,11.669053048434613,matched_models,SMARCA2,lower,0.7586206896551724,0.6206896551724138,0.6896551724137931,0.6206896551724138,0.6551724137931034,0.7241379310344827,6.0,7.0,10.0,6.0,6.0,10.0,0.13793103448275856,True,30.0,False
TOV1369,1369,HGS,5.26691460450787,2.647755334518807,12.09587129974764,matched_models,SMARCA2,lower,0.6206896551724138,0.27586206896551724,0.4482758620689655,0.27586206896551724,0.3620689655172414,0.5344827586206897,16.0,17.0,20.0,14.0,14.0,20.0,0.3448275862068966,False,30.0,False
TOV3041G,TOV3041G,HGS,15.95276740395035,4.083448895922378,12.18408196431678,matched_models,SMARCA2,lower,0.3103448275862069,0.13793103448275862,0.22413793103448276,0.13793103448275862,0.1810344827586207,0.26724137931034486,25.0,22.0,27.0,23.0,22.0,27.0,0.1724137931034483,False,30.0,False
TOV3133G,3133,HGS,1.86665894802,1.5193702745581399,11.98725020632355,matched_models,SMARCA2,lower,0.8275862068965517,0.3448275862068966,0.5862068965517242,0.3448275862068966,0.4655172413793104,0.7068965517241379,11.0,16.0,16.0,7.0,7.0,16.0,0.48275862068965514,False,30.0,False
TOV3291G,3291,HGS,23.8926259018465,4.637646521901712,12.62664844572151,matched_models,SMARCA2,lower,0.13793103448275862,0.034482758620689655,0.08620689655172414,0.034482758620689655,0.06034482758620689,0.11206896551724138,29.0,27.0,30.0,29.0,27.0,30.0,0.10344827586206896,False,30.0,False
OV3331,OV3331,HGS,12.050265799999998,3.706007285930546,11.89807983895035,matched_models,SMARCA2,lower,0.4827586206896552,0.41379310344827586,0.4482758620689655,0.41379310344827586,0.4310344827586207,0.46551724137931033,16.0,13.0,18.0,18.0,13.0,18.0,0.06896551724137934,False,30.0,False
OV90,OV90,HGS,0.4996629999999999,0.5846383388197525,11.17357825958146,matched_models,SMARCA2,lower,0.8620689655172413,0.9655172413793104,0.9137931034482758,0.8620689655172413,0.9396551724137931,0.8879310344827587,2.0,2.0,2.0,4.0,2.0,4.0,0.10344827586206906,True,30.0,False
TOV21G,TOV21G,CC,38.00182619099999,5.285469772067821,11.69478949944153,matched_models,SMARCA2,lower,0.06896551724137931,0.5517241379310345,0.3103448275862069,0.06896551724137931,0.43103448275862066,0.1896551724137931,23.0,25.0,19.0,26.0,19.0,26.0,0.48275862068965514,False,30.0,False
TOV3392D,TOV3392D,CC,5.028496310648216,2.591798195209769,11.587171490883,matched_models,SMARCA2,lower,0.6551724137931034,0.6896551724137931,0.6724137931034483,0.6551724137931034,0.6810344827586208,0.6637931034482758,8.0,6.0,9.0,8.0,6.0,9.0,0.034482758620689724,True,30.0,False
VOA10816,VOA10816,CC,12.345259053649285,3.7382554057466133,11.2035066169792,matched_models,SMARCA2,lower,0.4482758620689655,0.9310344827586207,0.6896551724137931,0.4482758620689655,0.8103448275862069,0.5689655172413793,6.0,11.0,6.0,13.0,6.0,13.0,0.48275862068965514,False,30.0,False
VOA12539,VOA12539,CC,13.362191230690112,3.844203971936955,11.26870685353281,matched_models,SMARCA2,lower,0.41379310344827586,0.896551724137931,0.6551724137931034,0.41379310344827586,0.7758620689655172,0.5344827586206897,9.0,13.0,7.0,14.0,7.0,14.0,0.4827586206896552,False,30.0,False
VOA295,VOA295,CC,16.8707661743,4.1595295833332315,11.70652494563973,matched_models,SMARCA2,lower,0.2413793103448276,0.5172413793103449,0.37931034482758624,0.2413793103448276,0.4482758620689656,0.3103448275862069,19.0,19.0,17.0,21.0,17.0,21.0,0.27586206896551724,False,30.0,False
VOA4841,VOA4841,CC,21.052909399999997,4.462897095344247,12.1094895070011,matched_models,SMARCA2,lower,0.20689655172413793,0.20689655172413793,0.20689655172413793,0.20689655172413793,0.20689655172413793,0.20689655172413793,26.0,21.0,25.0,24.0,21.0,26.0,0.0,False,30.0,False
TOV112D,TOV112D,EC,0.35373847289,0.43694905330895945,11.45627105905801,matched_models,SMARCA2,lower,0.896551724137931,0.8275862068965517,0.8620689655172413,0.8275862068965517,0.8448275862068966,0.8793103448275862,5.0,4.0,4.0,5.0,4.0,5.0,0.06896551724137934,True,30.0,False
VOA4395,VOA4395,EC,215.3005165,7.756893300063516,12.11189272374488,matched_models,SMARCA2,lower,0.0,0.1724137931034483,0.08620689655172414,0.0,0.12931034482758622,0.04310344827586207,29.0,29.0,28.0,30.0,28.0,30.0,0.1724137931034483,False,30.0,False
TOV2414,TOV2414,MC,16.413686749824997,4.122149771317348,11.96165884272261,matched_models,SMARCA2,lower,0.27586206896551724,0.3793103448275862,0.3275862068965517,0.27586206896551724,0.35344827586206895,0.3017241379310345,22.0,17.0,21.0,22.0,17.0,22.0,0.10344827586206895,False,30.0,False
VOA8762,VOA8762,MC,7.573906141790608,3.0999526241161184,11.62634345723883,matched_models,SMARCA2,lower,0.5517241379310345,0.6551724137931034,0.603448275862069,0.5517241379310345,0.6293103448275862,0.5775862068965517,10.0,8.0,11.0,12.0,8.0,12.0,0.10344827586206895,True,30.0,False
VOA8771,VOA8771,MC,21.241925929,4.47520981136234,12.25293143593393,matched_models,SMARCA2,lower,0.1724137931034483,0.06896551724137931,0.1206896551724138,0.06896551724137931,0.09482758620689655,0.14655172413793105,28.0,25.0,29.0,28.0,25.0,29.0,0.10344827586206898,False,30.0,False
VOA5217,VOA5217,MMMT,14.133845600064436,3.919706726406919,11.46315712846264,matched_models,SMARCA2,lower,0.3793103448275862,0.7931034482758621,0.5862068965517242,0.3793103448275862,0.6896551724137931,0.48275862068965514,11.0,15.0,8.0,17.0,8.0,17.0,0.4137931034482759,False,30.0,False
VOA5436,VOA5436,MMMT,42.915570651695624,5.456660645562858,11.57494943836875,matched_models,SMARCA2,lower,0.034482758620689655,0.7241379310344828,0.3793103448275862,0.034482758620689655,0.5517241379310345,0.20689655172413793,20.0,27.0,13.0,24.0,13.0,27.0,0.6896551724137931,False,30.0,False
BIN67,BIN67,SCCOHT,0.02561418,0.036488113709559296,11.52231003476126,matched_models,SMARCA2,lower,1.0,0.7586206896551724,0.8793103448275862,0.7586206896551724,0.8189655172413792,0.9396551724137931,4.0,5.0,5.0,2.0,2.0,5.0,0.24137931034482762,True,30.0,False
COV434,COV434,SCCOHT,0.1080346,0.14800293235193634,11.35131306247691,matched_models,SMARCA2,lower,0.9655172413793104,0.8620689655172413,0.9137931034482758,0.8620689655172413,0.8879310344827587,0.9396551724137931,2.0,2.0,3.0,2.0,2.0,3.0,0.10344827586206906,True,30.0,False
OV1369-R2,1369,HGS,9.70772025,3.4205794476068387,11.68551531584097,selected_patient_representatives,SMARCA2,lower,0.5769230769230769,0.5384615384615384,0.5576923076923077,0.5384615384615384,0.5480769230769231,0.5673076923076923,13.0,9.0,12.0,12.0,9.0,13.0,0.038461538461538436,True,27.0,False
OV1946,OV1946,HGS,31.187298684,5.0084195987384446,12.07046408061436,selected_patient_representatives,SMARCA2,lower,0.11538461538461539,0.3076923076923077,0.21153846153846156,0.11538461538461539,0.25961538461538464,0.16346153846153846,24.0,20.0,20.0,25.0,20.0,25.0,0.19230769230769232,False,27.0,False
OV2085,OV2085,HGS,0.1208805082,0.1646324874066616,10.96053806450502,selected_patient_representatives,SMARCA2,lower,0.9230769230769231,1.0,0.9615384615384616,0.9230769230769231,0.9807692307692308,0.9423076923076923,1.0,1.0,1.0,1.0,1.0,1.0,0.07692307692307687,True,27.0,False
OV2295,2295,HGS,6.5757341300718775,2.921385700400092,12.24467956549504,selected_patient_representatives,SMARCA2,lower,0.6538461538461539,0.11538461538461539,0.38461538461538464,0.11538461538461539,0.25,0.5192307692307693,16.0,20.0,21.0,14.0,14.0,21.0,0.5384615384615384,False,27.0,False
OV3133-R,3133,HGS,2.478011618,1.7982627518518004,12.7111243053821,selected_patient_representatives,SMARCA2,lower,0.8076923076923077,0.0,0.40384615384615385,0.0,0.20192307692307693,0.6057692307692308,15.0,26.0,23.0,10.0,10.0,26.0,0.8076923076923077,False,27.0,False
OV4453,OV4453,HGS,14.7419337459,3.9765408678968526,12.09735555144914,selected_patient_representatives,SMARCA2,lower,0.38461538461538464,0.2692307692307692,0.3269230769230769,0.2692307692307692,0.2980769230769231,0.3557692307692308,19.0,16.0,19.0,17.0,16.0,19.0,0.11538461538461542,False,27.0,False
OV4485,OV4485,HGS,3.408791457297,2.1403832368450244,11.88010540996622,selected_patient_representatives,SMARCA2,lower,0.7307692307692307,0.4230769230769231,0.5769230769230769,0.4230769230769231,0.5,0.6538461538461537,12.0,12.0,14.0,8.0,8.0,14.0,0.30769230769230765,False,27.0,False
OV866-2,OV866-2,HGS,2.699944630333541,1.8875036809737693,11.669053048434613,selected_patient_representatives,SMARCA2,lower,0.7692307692307693,0.5769230769230769,0.6730769230769231,0.5769230769230769,0.625,0.7211538461538463,7.0,8.0,10.0,6.0,6.0,10.0,0.1923076923076924,True,27.0,False
TOV3041G,TOV3041G,HGS,15.95276740395035,4.083448895922378,12.18408196431678,selected_patient_representatives,SMARCA2,lower,0.34615384615384615,0.15384615384615385,0.25,0.15384615384615385,0.20192307692307693,0.298076923076923,22.0,19.0,23.0,20.0,19.0,23.0,0.1923076923076923,False,27.0,False
TOV3291G,3291,HGS,23.8926259018465,4.637646521901712,12.62664844572151,selected_patient_representatives,SMARCA2,lower,0.15384615384615385,0.038461538461538464,0.09615384615384616,0.038461538461538464,0.06730769230769232,0.125,26.0,24.0,27.0,26.0,24.0,27.0,0.11538461538461539,False,27.0,False
OV3331,OV3331,HGS,12.050265799999998,3.706007285930546,11.89807983895035,selected_patient_representatives,SMARCA2,lower,0.5384615384615384,0.38461538461538464,0.46153846153846156,0.38461538461538464,0.42307692307692313,0.5,14.0,14.0,15.0,16.0,14.0,16.0,0.1538461538461538,False,27.0,False
OV90,OV90,HGS,0.4996629999999999,0.5846383388197525,11.17357825958146,selected_patient_representatives,SMARCA2,lower,0.8461538461538461,0.9615384615384616,0.9038461538461539,0.8461538461538461,0.9326923076923077,0.875,2.0,2.0,2.0,4.0,2.0,4.0,0.11538461538461542,True,27.0,False
TOV21G,TOV21G,CC,38.00182619099999,5.285469772067821,11.69478949944153,selected_patient_representatives,SMARCA2,lower,0.07692307692307693,0.5,0.28846153846153844,0.07692307692307693,0.3942307692307692,0.1826923076923077,21.0,22.0,17.0,23.0,17.0,23.0,0.4230769230769231,False,27.0,False
TOV3392D,TOV3392D,CC,5.028496310648216,2.591798195209769,11.587171490883,selected_patient_representatives,SMARCA2,lower,0.6923076923076923,0.6538461538461539,0.6730769230769231,0.6538461538461539,0.6634615384615385,0.6826923076923076,7.0,6.0,9.0,7.0,6.0,9.0,0.038461538461538436,True,27.0,False
VOA10816,VOA10816,CC,12.345259053649285,3.7382554057466133,11.2035066169792,selected_patient_representatives,SMARCA2,lower,0.5,0.9230769230769231,0.7115384615384616,0.5,0.8173076923076923,0.6057692307692308,6.0,10.0,5.0,10.0,5.0,10.0,0.42307692307692313,True,27.0,False
VOA12539,VOA12539,CC,13.362191230690112,3.844203971936955,11.26870685353281,selected_patient_representatives,SMARCA2,lower,0.46153846153846156,0.8846153846153846,0.6730769230769231,0.46153846153846156,0.7788461538461539,0.5673076923076923,7.0,11.0,7.0,12.0,7.0,12.0,0.423076923076923,False,27.0,False
VOA295,VOA295,CC,16.8707661743,4.1595295833332315,11.70652494563973,selected_patient_representatives,SMARCA2,lower,0.2692307692307692,0.46153846153846156,0.3653846153846154,0.2692307692307692,0.41346153846153844,0.3173076923076923,17.0,16.0,16.0,18.0,16.0,18.0,0.19230769230769235,False,27.0,False
VOA4841,VOA4841,CC,21.052909399999997,4.462897095344247,12.1094895070011,selected_patient_representatives,SMARCA2,lower,0.23076923076923078,0.23076923076923078,0.23076923076923078,0.23076923076923078,0.23076923076923078,0.23076923076923078,23.0,18.0,22.0,21.0,18.0,23.0,0.0,False,27.0,False
TOV112D,TOV112D,EC,0.35373847289,0.43694905330895945,11.45627105905801,selected_patient_representatives,SMARCA2,lower,0.8846153846153846,0.8076923076923077,0.8461538461538461,0.8076923076923077,0.826923076923077,0.8653846153846154,5.0,4.0,4.0,5.0,4.0,5.0,0.07692307692307687,True,27.0,False
VOA4395,VOA4395,EC,215.3005165,7.756893300063516,12.11189272374488,selected_patient_representatives,SMARCA2,lower,0.0,0.19230769230769232,0.09615384615384616,0.0,0.14423076923076925,0.04807692307692308,26.0,26.0,25.0,27.0,25.0,27.0,0.19230769230769232,False,27.0,False
TOV2414,TOV2414,MC,16.413686749824997,4.122149771317348,11.96165884272261,selected_patient_representatives,SMARCA2,lower,0.3076923076923077,0.34615384615384615,0.3269230769230769,0.3076923076923077,0.3365384615384615,0.3173076923076923,19.0,15.0,18.0,18.0,15.0,19.0,0.038461538461538436,False,27.0,False
VOA8762,VOA8762,MC,7.573906141790608,3.0999526241161184,11.62634345723883,selected_patient_representatives,SMARCA2,lower,0.6153846153846154,0.6153846153846154,0.6153846153846154,0.6153846153846154,0.6153846153846154,0.6153846153846154,10.0,7.0,11.0,9.0,7.0,11.0,0.0,True,27.0,False
VOA8771,VOA8771,MC,21.241925929,4.47520981136234,12.25293143593393,selected_patient_representatives,SMARCA2,lower,0.19230769230769232,0.07692307692307693,0.13461538461538464,0.07692307692307693,0.10576923076923078,0.1634615384615385,25.0,22.0,26.0,24.0,22.0,26.0,0.11538461538461539,False,27.0,False
VOA5217,VOA5217,MMMT,14.133845600064436,3.919706726406919,11.46315712846264,selected_patient_representatives,SMARCA2,lower,0.4230769230769231,0.7692307692307693,0.5961538461538461,0.4230769230769231,0.6826923076923077,0.5096153846153846,11.0,12.0,8.0,15.0,8.0,15.0,0.3461538461538462,False,27.0,False
VOA5436,VOA5436,MMMT,42.915570651695624,5.456660645562858,11.57494943836875,selected_patient_representatives,SMARCA2,lower,0.038461538461538464,0.6923076923076923,0.36538461538461536,0.038461538461538464,0.5288461538461537,0.20192307692307693,18.0,24.0,13.0,22.0,13.0,24.0,0.6538461538461539,False,27.0,False
BIN67,BIN67,SCCOHT,0.02561418,0.036488113709559296,11.52231003476126,selected_patient_representatives,SMARCA2,lower,1.0,0.7307692307692307,0.8653846153846154,0.7307692307692307,0.798076923076923,0.9326923076923077,4.0,5.0,6.0,2.0,2.0,6.0,0.2692307692307693,True,27.0,False
COV434,COV434,SCCOHT,0.1080346,0.14800293235193634,11.35131306247691,selected_patient_representatives,SMARCA2,lower,0.9615384615384616,0.8461538461538461,0.9038461538461539,0.8461538461538461,0.875,0.9326923076923077,2.0,2.0,3.0,2.0,2.0,3.0,0.11538461538461542,True,27.0,False
OV1369-R2;TOV1369,1369,HGS,7.4873174272539345,3.034167391062823,11.890693307794304,patient_means_of_matched_models,SMARCA2,lower,0.6153846153846154,0.4230769230769231,0.5192307692307693,0.4230769230769231,0.47115384615384615,0.5673076923076923,13.0,12.0,14.0,13.0,12.0,14.0,0.19230769230769235,False,27.0,False
OV2295;OV2295-R2,2295,HGS,4.772117105035939,2.4549897674824903,12.063148730906175,patient_means_of_matched_models,SMARCA2,lower,0.6923076923076923,0.3076923076923077,0.5,0.3076923076923077,0.40384615384615385,0.596153846153846,14.0,15.0,18.0,11.0,11.0,18.0,0.3846153846153846,False,27.0,False
OV3133-R;TOV3133G,3133,HGS,2.17233528301,1.6588165132049701,12.349187255852826,patient_means_of_matched_models,SMARCA2,lower,0.8076923076923077,0.038461538461538464,0.4230769230769231,0.038461538461538464,0.23076923076923078,0.6153846153846154,16.0,24.0,21.0,9.0,9.0,24.0,0.7692307692307693,False,27.0,False
TOV3291G,3291,HGS,23.8926259018465,4.637646521901712,12.62664844572151,patient_means_of_matched_models,SMARCA2,lower,0.15384615384615385,0.0,0.07692307692307693,0.0,0.038461538461538464,0.11538461538461539,26.0,26.0,27.0,26.0,26.0,27.0,0.15384615384615385,False,27.0,False
BIN67,BIN67,SCCOHT,0.02561418,0.036488113709559296,11.52231003476126,patient_means_of_matched_models,SMARCA2,lower,1.0,0.7307692307692307,0.8653846153846154,0.7307692307692307,0.798076923076923,0.9326923076923077,4.0,5.0,6.0,2.0,2.0,6.0,0.2692307692307693,True,27.0,False
COV434,COV434,SCCOHT,0.1080346,0.14800293235193634,11.35131306247691,patient_means_of_matched_models,SMARCA2,lower,0.9615384615384616,0.8461538461538461,0.9038461538461539,0.8461538461538461,0.875,0.9326923076923077,2.0,2.0,3.0,2.0,2.0,3.0,0.11538461538461542,True,27.0,False
OV1946,OV1946,HGS,31.187298684,5.0084195987384446,12.07046408061436,patient_means_of_matched_models,SMARCA2,lower,0.11538461538461539,0.2692307692307692,0.1923076923076923,0.11538461538461539,0.23076923076923078,0.15384615384615385,24.0,20.0,21.0,25.0,20.0,25.0,0.15384615384615383,False,27.0,False
OV2085,OV2085,HGS,0.1208805082,0.1646324874066616,10.96053806450502,patient_means_of_matched_models,SMARCA2,lower,0.9230769230769231,1.0,0.9615384615384616,0.9230769230769231,0.9807692307692308,0.9423076923076923,1.0,1.0,1.0,1.0,1.0,1.0,0.07692307692307687,True,27.0,False
OV3331,OV3331,HGS,12.050265799999998,3.706007285930546,11.89807983895035,patient_means_of_matched_models,SMARCA2,lower,0.5384615384615384,0.38461538461538464,0.46153846153846156,0.38461538461538464,0.42307692307692313,0.5,15.0,14.0,16.0,16.0,14.0,16.0,0.1538461538461538,False,27.0,False
OV4453,OV4453,HGS,14.7419337459,3.9765408678968526,12.09735555144914,patient_means_of_matched_models,SMARCA2,lower,0.38461538461538464,0.23076923076923078,0.3076923076923077,0.23076923076923078,0.2692307692307692,0.3461538461538462,20.0,18.0,20.0,17.0,17.0,20.0,0.15384615384615385,False,27.0,False
OV4485,OV4485,HGS,3.408791457297,2.1403832368450244,11.88010540996622,patient_means_of_matched_models,SMARCA2,lower,0.7307692307692307,0.46153846153846156,0.5961538461538461,0.46153846153846156,0.5288461538461539,0.6634615384615384,10.0,10.0,12.0,7.0,7.0,12.0,0.26923076923076916,False,27.0,False
OV866-2,OV866-2,HGS,2.699944630333541,1.8875036809737693,11.669053048434613,patient_means_of_matched_models,SMARCA2,lower,0.7692307692307693,0.5769230769230769,0.6730769230769231,0.5769230769230769,0.625,0.7211538461538463,7.0,7.0,10.0,6.0,6.0,10.0,0.1923076923076924,True,27.0,False
OV90,OV90,HGS,0.4996629999999999,0.5846383388197525,11.17357825958146,patient_means_of_matched_models,SMARCA2,lower,0.8461538461538461,0.9615384615384616,0.9038461538461539,0.8461538461538461,0.9326923076923077,0.875,2.0,2.0,2.0,4.0,2.0,4.0,0.11538461538461542,True,27.0,False
TOV112D,TOV112D,EC,0.35373847289,0.43694905330895945,11.45627105905801,patient_means_of_matched_models,SMARCA2,lower,0.8846153846153846,0.8076923076923077,0.8461538461538461,0.8076923076923077,0.826923076923077,0.8653846153846154,5.0,4.0,4.0,5.0,4.0,5.0,0.07692307692307687,True,27.0,False
TOV21G,TOV21G,CC,38.00182619099999,5.285469772067821,11.69478949944153,patient_means_of_matched_models,SMARCA2,lower,0.07692307692307693,0.5384615384615384,0.3076923076923077,0.07692307692307693,0.4230769230769231,0.1923076923076923,20.0,22.0,17.0,23.0,17.0,23.0,0.4615384615384615,False,27.0,False
TOV2414,TOV2414,MC,16.413686749824997,4.122149771317348,11.96165884272261,patient_means_of_matched_models,SMARCA2,lower,0.3076923076923077,0.34615384615384615,0.3269230769230769,0.3076923076923077,0.3365384615384615,0.3173076923076923,19.0,15.0,19.0,19.0,15.0,19.0,0.038461538461538436,False,27.0,False
TOV3041G,TOV3041G,HGS,15.95276740395035,4.083448895922378,12.18408196431678,patient_means_of_matched_models,SMARCA2,lower,0.34615384615384615,0.11538461538461539,0.23076923076923078,0.11538461538461539,0.17307692307692307,0.28846153846153844,22.0,20.0,24.0,20.0,20.0,24.0,0.23076923076923075,False,27.0,False
TOV3392D,TOV3392D,CC,5.028496310648216,2.591798195209769,11.587171490883,patient_means_of_matched_models,SMARCA2,lower,0.6538461538461539,0.6538461538461539,0.6538461538461539,0.6538461538461539,0.6538461538461539,0.6538461538461539,9.0,6.0,9.0,8.0,6.0,9.0,0.0,True,27.0,False
VOA10816,VOA10816,CC,12.345259053649285,3.7382554057466133,11.2035066169792,patient_means_of_matched_models,SMARCA2,lower,0.5,0.9230769230769231,0.7115384615384616,0.5,0.8173076923076923,0.6057692307692308,6.0,9.0,5.0,10.0,5.0,10.0,0.42307692307692313,True,27.0,False
VOA12539,VOA12539,CC,13.362191230690112,3.844203971936955,11.26870685353281,patient_means_of_matched_models,SMARCA2,lower,0.46153846153846156,0.8846153846153846,0.6730769230769231,0.46153846153846156,0.7788461538461539,0.5673076923076923,7.0,10.0,7.0,13.0,7.0,13.0,0.423076923076923,False,27.0,False
VOA295,VOA295,CC,16.8707661743,4.1595295833332315,11.70652494563973,patient_means_of_matched_models,SMARCA2,lower,0.2692307692307692,0.5,0.3846153846153846,0.2692307692307692,0.4423076923076923,0.3269230769230769,17.0,17.0,15.0,18.0,15.0,18.0,0.23076923076923078,False,27.0,False
VOA4395,VOA4395,EC,215.3005165,7.756893300063516,12.11189272374488,patient_means_of_matched_models,SMARCA2,lower,0.0,0.15384615384615385,0.07692307692307693,0.0,0.11538461538461539,0.038461538461538464,26.0,26.0,25.0,27.0,25.0,27.0,0.15384615384615385,False,27.0,False
VOA4841,VOA4841,CC,21.052909399999997,4.462897095344247,12.1094895070011,patient_means_of_matched_models,SMARCA2,lower,0.23076923076923078,0.19230769230769232,0.21153846153846156,0.19230769230769232,0.20192307692307693,0.22115384615384615,23.0,19.0,23.0,21.0,19.0,23.0,0.038461538461538464,False,27.0,False
VOA5217,VOA5217,MMMT,14.133845600064436,3.919706726406919,11.46315712846264,patient_means_of_matched_models,SMARCA2,lower,0.4230769230769231,0.7692307692307693,0.5961538461538461,0.4230769230769231,0.6826923076923077,0.5096153846153846,10.0,12.0,8.0,15.0,8.0,15.0,0.3461538461538462,False,27.0,False
VOA5436,VOA5436,MMMT,42.915570651695624,5.456660645562858,11.57494943836875,patient_means_of_matched_models,SMARCA2,lower,0.038461538461538464,0.6923076923076923,0.36538461538461536,0.038461538461538464,0.5288461538461537,0.20192307692307693,18.0,24.0,13.0,22.0,13.0,24.0,0.6538461538461539,False,27.0,False
VOA8762,VOA8762,MC,7.573906141790608,3.0999526241161184,11.62634345723883,patient_means_of_matched_models,SMARCA2,lower,0.5769230769230769,0.6153846153846154,0.5961538461538461,0.5769230769230769,0.6057692307692308,0.5865384615384615,10.0,7.0,11.0,12.0,7.0,12.0,0.03846153846153855,True,27.0,False
VOA8771,VOA8771,MC,21.241925929,4.47520981136234,12.25293143593393,patient_means_of_matched_models,SMARCA2,lower,0.19230769230769232,0.07692307692307693,0.13461538461538464,0.07692307692307693,0.10576923076923078,0.1634615384615385,25.0,22.0,26.0,24.0,22.0,26.0,0.11538461538461539,False,27.0,False
OV1369-R2,1369,HGS,9.70772025,3.4205794476068387,11.68551531584097,HGS_selected_representatives,SMARCA2,lower,0.45454545454545453,0.7272727272727273,0.5909090909090909,0.45454545454545453,0.6590909090909091,0.5227272727272727,5.0,5.0,4.0,6.0,4.0,6.0,0.27272727272727276,False,12.0,False
OV1946,OV1946,HGS,31.187298684,5.0084195987384446,12.07046408061436,HGS_selected_representatives,SMARCA2,lower,0.0,0.45454545454545453,0.22727272727272727,0.0,0.3409090909090909,0.11363636363636363,10.0,11.0,7.0,11.0,7.0,11.0,0.45454545454545453,False,12.0,False
OV2085,OV2085,HGS,0.1208805082,0.1646324874066616,10.96053806450502,HGS_selected_representatives,SMARCA2,lower,1.0,1.0,1.0,1.0,1.0,1.0,1.0,1.0,1.0,1.0,1.0,1.0,0.0,True,12.0,False
OV2295,2295,HGS,6.5757341300718775,2.921385700400092,12.24467956549504,HGS_selected_representatives,SMARCA2,lower,0.5454545454545454,0.18181818181818182,0.36363636363636365,0.18181818181818182,0.2727272727272727,0.45454545454545453,8.0,8.0,9.0,7.0,7.0,9.0,0.3636363636363636,False,12.0,False
OV3133-R,3133,HGS,2.478011618,1.7982627518518004,12.7111243053821,HGS_selected_representatives,SMARCA2,lower,0.8181818181818182,0.0,0.4090909090909091,0.0,0.20454545454545456,0.6136363636363636,7.0,11.0,11.0,5.0,5.0,11.0,0.8181818181818182,False,12.0,False
OV4453,OV4453,HGS,14.7419337459,3.9765408678968526,12.09735555144914,HGS_selected_representatives,SMARCA2,lower,0.2727272727272727,0.36363636363636365,0.3181818181818182,0.2727272727272727,0.3409090909090909,0.2954545454545454,9.0,7.0,7.0,9.0,7.0,9.0,0.09090909090909094,False,12.0,False
OV4485,OV4485,HGS,3.408791457297,2.1403832368450244,11.88010540996622,HGS_selected_representatives,SMARCA2,lower,0.6363636363636364,0.6363636363636364,0.6363636363636364,0.6363636363636364,0.6363636363636364,0.6363636363636364,4.0,4.0,5.0,4.0,4.0,5.0,0.0,True,12.0,False
OV866-2,OV866-2,HGS,2.699944630333541,1.8875036809737693,11.669053048434613,HGS_selected_representatives,SMARCA2,lower,0.7272727272727273,0.8181818181818182,0.7727272727272727,0.7272727272727273,0.7954545454545454,0.75,3.0,3.0,3.0,3.0,3.0,3.0,0.09090909090909094,True,12.0,False
TOV3041G,TOV3041G,HGS,15.95276740395035,4.083448895922378,12.18408196431678,HGS_selected_representatives,SMARCA2,lower,0.18181818181818182,0.2727272727272727,0.22727272727272727,0.18181818181818182,0.25,0.20454545454545453,10.0,8.0,10.0,10.0,8.0,10.0,0.09090909090909088,False,12.0,False
TOV3291G,3291,HGS,23.8926259018465,4.637646521901712,12.62664844572151,HGS_selected_representatives,SMARCA2,lower,0.09090909090909091,0.09090909090909091,0.09090909090909091,0.09090909090909091,0.09090909090909091,0.09090909090909091,12.0,10.0,12.0,12.0,10.0,12.0,0.0,False,12.0,False
OV3331,OV3331,HGS,12.050265799999998,3.706007285930546,11.89807983895035,HGS_selected_representatives,SMARCA2,lower,0.36363636363636365,0.5454545454545454,0.45454545454545453,0.36363636363636365,0.5,0.40909090909090906,6.0,6.0,6.0,8.0,6.0,8.0,0.18181818181818177,False,12.0,False
OV90,OV90,HGS,0.4996629999999999,0.5846383388197525,11.17357825958146,HGS_selected_representatives,SMARCA2,lower,0.9090909090909091,0.9090909090909091,0.9090909090909091,0.9090909090909091,0.9090909090909091,0.9090909090909091,2.0,2.0,2.0,2.0,2.0,2.0,0.0,True,12.0,False
TOV21G,TOV21G,CC,38.00182619099999,5.285469772067821,11.69478949944153,CC_selected_representatives,SMARCA2,lower,0.0,0.4,0.2,0.0,0.30000000000000004,0.1,5.0,5.0,4.0,6.0,4.0,6.0,0.4,False,6.0,False
TOV3392D,TOV3392D,CC,5.028496310648216,2.591798195209769,11.587171490883,CC_selected_representatives,SMARCA2,lower,1.0,0.6,0.8,0.6,0.7,0.9,2.0,2.0,3.0,1.0,1.0,3.0,0.4,True,6.0,False
VOA10816,VOA10816,CC,12.345259053649285,3.7382554057466133,11.2035066169792,CC_selected_representatives,SMARCA2,lower,0.8,1.0,0.9,0.8,0.95,0.8500000000000001,1.0,1.0,1.0,2.0,1.0,2.0,0.19999999999999996,True,6.0,False
VOA12539,VOA12539,CC,13.362191230690112,3.844203971936955,11.26870685353281,CC_selected_representatives,SMARCA2,lower,0.6,0.8,0.7,0.6,0.7500000000000001,0.6499999999999999,3.0,2.0,2.0,3.0,2.0,3.0,0.20000000000000007,True,6.0,False
VOA295,VOA295,CC,16.8707661743,4.1595295833332315,11.70652494563973,CC_selected_representatives,SMARCA2,lower,0.4,0.2,0.30000000000000004,0.2,0.25,0.35000000000000003,4.0,4.0,5.0,4.0,4.0,5.0,0.2,False,6.0,False
VOA4841,VOA4841,CC,21.052909399999997,4.462897095344247,12.1094895070011,CC_selected_representatives,SMARCA2,lower,0.2,0.0,0.1,0.0,0.05,0.15000000000000002,6.0,5.0,6.0,5.0,5.0,6.0,0.2,False,6.0,False
OV1369-R2,1369,HGS,10.7615904,3.5560112491991966,14.13015434270553,matched_models,ARID1A,lower,0.8620689655172413,0.7241379310344828,0.7931034482758621,0.7241379310344828,0.7586206896551724,0.8275862068965517,6.0,6.0,8.0,4.0,4.0,8.0,0.13793103448275856,True,30.0,True
OV1946,OV1946,HGS,20.5041228,4.426541376697643,14.32348942645756,matched_models,ARID1A,lower,0.5517241379310345,0.6206896551724138,0.5862068965517242,0.5517241379310345,0.603448275862069,0.5689655172413793,10.0,8.0,11.0,12.0,8.0,12.0,0.06896551724137934,True,30.0,True
OV2085,OV2085,HGS,20.8696113,4.450855673730349,14.94425621861471,matched_models,ARID1A,lower,0.5172413793103449,0.0,0.25862068965517243,0.0,0.12931034482758622,0.3879310344827587,26.0,29.0,28.0,19.0,19.0,29.0,0.5172413793103449,False,30.0,True
OV2295,2295,HGS,23.537138739159996,4.616895121903961,14.79507685054233,matched_models,ARID1A,lower,0.3448275862068966,0.034482758620689655,0.18965517241379312,0.034482758620689655,0.11206896551724138,0.26724137931034486,28.0,27.0,30.0,23.0,23.0,30.0,0.3103448275862069,False,30.0,True
OV2295-R2,2295,HGS,11.404947323999998,3.6328437039133266,14.63607718209086,matched_models,ARID1A,lower,0.8275862068965517,0.06896551724137931,0.4482758620689655,0.06896551724137931,0.25862068965517243,0.6379310344827587,17.0,25.0,26.0,9.0,9.0,26.0,0.7586206896551724,False,30.0,True
OV3133-R,3133,HGS,6.6964617,2.9441953469667133,14.63350214075966,matched_models,ARID1A,lower,1.0,0.13793103448275862,0.5689655172413793,0.13793103448275862,0.35344827586206895,0.7844827586206896,11.0,21.0,21.0,6.0,6.0,21.0,0.8620689655172413,False,30.0,True
OV4453,OV4453,HGS,29.826506,4.946099472748506,14.59816445764907,matched_models,ARID1A,lower,0.20689655172413793,0.1724137931034483,0.1896551724137931,0.1724137931034483,0.1810344827586207,0.19827586206896552,29.0,20.0,27.0,26.0,20.0,29.0,0.03448275862068964,False,30.0,True
OV4485,OV4485,HGS,22.522476,4.555968022617444,14.5740658329335,matched_models,ARID1A,lower,0.4482758620689655,0.2413793103448276,0.3448275862068966,0.2413793103448276,0.2931034482758621,0.39655172413793105,21.0,17.0,25.0,18.0,17.0,25.0,0.20689655172413793,False,30.0,True
OV866-2,OV866-2,HGS,21.959475099999995,4.521017754353783,14.4700120615239,matched_models,ARID1A,lower,0.4827586206896552,0.3793103448275862,0.43103448275862066,0.3793103448275862,0.4051724137931034,0.4568965517241379,20.0,11.0,17.0,17.0,11.0,20.0,0.103448275862069,False,30.0,True
TOV1369,1369,HGS,13.4973554,3.8577178434530084,14.58805127284369,matched_models,ARID1A,lower,0.7241379310344828,0.20689655172413793,0.46551724137931033,0.20689655172413793,0.33620689655172414,0.5948275862068966,15.0,19.0,22.0,10.0,10.0,22.0,0.5172413793103449,False,30.0,True
TOV3041G,TOV3041G,HGS,16.323569299999996,4.114664304448986,14.41902814777699,matched_models,ARID1A,lower,0.5862068965517241,0.5172413793103449,0.5517241379310345,0.5172413793103449,0.5344827586206897,0.5689655172413792,12.0,9.0,13.0,13.0,9.0,13.0,0.06896551724137923,True,30.0,True
TOV3133G,3133,HGS,15.3454378,4.030816113988883,14.56303441477895,matched_models,ARID1A,lower,0.6206896551724138,0.27586206896551724,0.4482758620689655,0.27586206896551724,0.3620689655172414,0.5344827586206897,17.0,15.0,20.0,15.0,15.0,20.0,0.3448275862068966,False,30.0,True
TOV3291G,3291,HGS,15.118079399999996,4.010607940169308,14.55333423650826,matched_models,ARID1A,lower,0.6896551724137931,0.3103448275862069,0.5,0.3103448275862069,0.4051724137931035,0.5948275862068966,14.0,13.0,16.0,10.0,10.0,16.0,0.37931034482758624,False,30.0,True
OV3331,OV3331,HGS,30.059214800000003,4.956949452672299,14.63449235698782,matched_models,ARID1A,lower,0.1724137931034483,0.10344827586206896,0.13793103448275862,0.10344827586206896,0.1206896551724138,0.15517241379310345,30.0,23.0,29.0,28.0,23.0,30.0,0.06896551724137932,False,30.0,True
OV90,OV90,HGS,24.0602086,4.647326518522914,14.36558086861439,matched_models,ARID1A,lower,0.3103448275862069,0.5862068965517241,0.4482758620689655,0.3103448275862069,0.5172413793103448,0.3793103448275862,17.0,13.0,14.0,20.0,13.0,20.0,0.2758620689655172,False,30.0,True
TOV21G,TOV21G,CC,11.702054500000004,3.6669899601714495,13.92355454912957,matched_models,ARID1A,lower,0.7931034482758621,0.8275862068965517,0.8103448275862069,0.7931034482758621,0.8189655172413793,0.8017241379310345,4.0,2.0,5.0,5.0,2.0,5.0,0.03448275862068961,True,30.0,True
TOV3392D,TOV3392D,CC,7.5189469042,3.0906750982925923,14.00330512669052,matched_models,ARID1A,lower,0.9655172413793104,0.7931034482758621,0.8793103448275863,0.7931034482758621,0.8362068965517242,0.9224137931034483,2.0,2.0,3.0,1.0,1.0,3.0,0.1724137931034483,True,30.0,True
VOA10816,VOA10816,CC,13.0077733,3.808155735569565,13.92025579858136,matched_models,ARID1A,lower,0.7586206896551724,0.8620689655172413,0.8103448275862069,0.7586206896551724,0.8362068965517242,0.7844827586206895,4.0,4.0,3.0,7.0,3.0,7.0,0.10344827586206895,True,30.0,True
VOA12539,VOA12539,CC,49.606802,5.661259403762433,13.70634573833832,matched_models,ARID1A,lower,0.06896551724137931,0.9655172413793104,0.5172413793103449,0.06896551724137931,0.7413793103448276,0.2931034482758621,13.0,25.0,9.0,22.0,9.0,25.0,0.896551724137931,False,30.0,True
VOA295,VOA295,CC,22.7096985,4.567405412059014,13.76806470501306,matched_models,ARID1A,lower,0.41379310344827586,0.9310344827586207,0.6724137931034483,0.41379310344827586,0.8017241379310345,0.5431034482758621,8.0,10.0,6.0,14.0,6.0,14.0,0.5172413793103448,False,30.0,True
VOA4841,VOA4841,CC,26.7235022,4.79303761381346,14.27532842781511,matched_models,ARID1A,lower,0.27586206896551724,0.6551724137931034,0.46551724137931033,0.27586206896551724,0.5603448275862069,0.3706896551724138,15.0,15.0,12.0,21.0,12.0,21.0,0.3793103448275862,False,30.0,True
TOV112D,TOV112D,EC,51.7802518,5.721926328267435,14.4603801931246,matched_models,ARID1A,lower,0.034482758620689655,0.41379310344827586,0.22413793103448276,0.034482758620689655,0.31896551724137934,0.12931034482758622,27.0,27.0,23.0,30.0,23.0,30.0,0.3793103448275862,False,30.0,True
VOA4395,VOA4395,EC,23.46405440160245,4.612591614875418,13.69009503517812,matched_models,ARID1A,lower,0.3793103448275862,1.0,0.6896551724137931,0.3793103448275862,0.8448275862068966,0.5344827586206896,7.0,11.0,2.0,16.0,2.0,16.0,0.6206896551724138,False,30.0,True
TOV2414,TOV2414,MC,15.201235000000002,4.018031887038269,14.20585997640166,matched_models,ARID1A,lower,0.6551724137931034,0.6896551724137931,0.6724137931034483,0.6551724137931034,0.6810344827586208,0.6637931034482758,8.0,7.0,10.0,8.0,7.0,10.0,0.034482758620689724,True,30.0,True
VOA8762,VOA8762,MC,32.113754,5.0493586685996705,14.44738054212398,matched_models,ARID1A,lower,0.13793103448275862,0.4482758620689655,0.2931034482758621,0.13793103448275862,0.3706896551724138,0.21551724137931033,22.0,21.0,19.0,25.0,19.0,25.0,0.3103448275862069,False,30.0,True
VOA8771,VOA8771,MC,27.5014751,4.832964683090469,14.49817794393367,matched_models,ARID1A,lower,0.2413793103448276,0.3448275862068966,0.2931034482758621,0.2413793103448276,0.31896551724137934,0.26724137931034486,22.0,17.0,23.0,23.0,17.0,23.0,0.10344827586206898,False,30.0,True
VOA5217,VOA5217,MMMT,9.0806557,3.333517577412889,14.03222153875706,matched_models,ARID1A,lower,0.9310344827586207,0.7586206896551724,0.8448275862068966,0.7586206896551724,0.8017241379310344,0.8879310344827587,3.0,4.0,7.0,3.0,3.0,7.0,0.1724137931034483,True,30.0,True
VOA5436,VOA5436,MMMT,9.2592002,3.358846358730002,13.8331083313369,matched_models,ARID1A,lower,0.896551724137931,0.896551724137931,0.896551724137931,0.896551724137931,0.896551724137931,0.896551724137931,1.0,1.0,1.0,2.0,1.0,2.0,0.0,True,30.0,True
BIN67,BIN67,SCCOHT,35.7956331,5.201462652506417,14.41986799891797,matched_models,ARID1A,lower,0.10344827586206896,0.4827586206896552,0.2931034482758621,0.10344827586206896,0.3879310344827586,0.19827586206896552,22.0,23.0,18.0,26.0,18.0,26.0,0.37931034482758624,False,30.0,True
COV434,COV434,SCCOHT,73.0812793,6.211037107414098,14.38954657894921,matched_models,ARID1A,lower,0.0,0.5517241379310345,0.27586206896551724,0.0,0.41379310344827586,0.13793103448275862,25.0,29.0,15.0,29.0,15.0,29.0,0.5517241379310345,False,30.0,True
OV1369-R2,1369,HGS,10.7615904,3.5560112491991966,14.13015434270553,selected_patient_representatives,ARID1A,lower,0.8461538461538461,0.6923076923076923,0.7692307692307692,0.6923076923076923,0.7307692307692307,0.8076923076923077,6.0,6.0,9.0,4.0,4.0,9.0,0.15384615384615385,True,27.0,True
OV1946,OV1946,HGS,20.5041228,4.426541376697643,14.32348942645756,selected_patient_representatives,ARID1A,lower,0.6153846153846154,0.5769230769230769,0.5961538461538461,0.5769230769230769,0.5865384615384615,0.6057692307692308,10.0,8.0,11.0,9.0,8.0,11.0,0.03846153846153855,True,27.0,True
OV2085,OV2085,HGS,20.8696113,4.450855673730349,14.94425621861471,selected_patient_representatives,ARID1A,lower,0.5769230769230769,0.0,0.28846153846153844,0.0,0.14423076923076922,0.43269230769230765,19.0,26.0,25.0,15.0,15.0,26.0,0.5769230769230769,False,27.0,True
OV2295,2295,HGS,23.537138739159996,4.616895121903961,14.79507685054233,selected_patient_representatives,ARID1A,lower,0.38461538461538464,0.038461538461538464,0.21153846153846156,0.038461538461538464,0.125,0.29807692307692313,24.0,24.0,26.0,19.0,19.0,26.0,0.34615384615384615,False,27.0,True
OV3133-R,3133,HGS,6.6964617,2.9441953469667133,14.63350214075966,selected_patient_representatives,ARID1A,lower,1.0,0.11538461538461539,0.5576923076923077,0.11538461538461539,0.33653846153846156,0.7788461538461539,11.0,20.0,19.0,7.0,7.0,20.0,0.8846153846153846,False,27.0,True
OV4453,OV4453,HGS,29.826506,4.946099472748506,14.59816445764907,selected_patient_representatives,ARID1A,lower,0.23076923076923078,0.15384615384615385,0.19230769230769232,0.15384615384615385,0.17307692307692307,0.21153846153846154,25.0,18.0,24.0,23.0,18.0,25.0,0.07692307692307693,False,27.0,True
OV4485,OV4485,HGS,22.522476,4.555968022617444,14.5740658329335,selected_patient_representatives,ARID1A,lower,0.5,0.19230769230769232,0.34615384615384615,0.19230769230769232,0.2692307692307693,0.4230769230769231,18.0,17.0,21.0,16.0,16.0,21.0,0.3076923076923077,False,27.0,True
OV866-2,OV866-2,HGS,21.959475099999995,4.521017754353783,14.4700120615239,selected_patient_representatives,ARID1A,lower,0.5384615384615384,0.3076923076923077,0.4230769230769231,0.3076923076923077,0.3653846153846154,0.4807692307692308,17.0,13.0,16.0,14.0,13.0,17.0,0.23076923076923073,False,27.0,True
TOV3041G,TOV3041G,HGS,16.323569299999996,4.114664304448986,14.41902814777699,selected_patient_representatives,ARID1A,lower,0.6538461538461539,0.46153846153846156,0.5576923076923077,0.46153846153846156,0.5096153846153846,0.6057692307692308,11.0,9.0,13.0,9.0,9.0,13.0,0.1923076923076923,False,27.0,True
TOV3291G,3291,HGS,15.118079399999996,4.010607940169308,14.55333423650826,selected_patient_representatives,ARID1A,lower,0.7307692307692307,0.23076923076923078,0.4807692307692307,0.23076923076923078,0.3557692307692307,0.6057692307692307,14.0,16.0,17.0,11.0,11.0,17.0,0.49999999999999994,False,27.0,True
OV3331,OV3331,HGS,30.059214800000003,4.956949452672299,14.63449235698782,selected_patient_representatives,ARID1A,lower,0.19230769230769232,0.07692307692307693,0.13461538461538464,0.07692307692307693,0.10576923076923078,0.1634615384615385,27.0,22.0,27.0,25.0,22.0,27.0,0.11538461538461539,False,27.0,True
OV90,OV90,HGS,24.0602086,4.647326518522914,14.36558086861439,selected_patient_representatives,ARID1A,lower,0.34615384615384615,0.5384615384615384,0.4423076923076923,0.34615384615384615,0.4903846153846154,0.39423076923076916,16.0,12.0,14.0,17.0,12.0,17.0,0.1923076923076923,False,27.0,True
TOV21G,TOV21G,CC,11.702054500000004,3.6669899601714495,13.92355454912957,selected_patient_representatives,ARID1A,lower,0.8076923076923077,0.8076923076923077,0.8076923076923077,0.8076923076923077,0.8076923076923077,0.8076923076923077,4.0,2.0,5.0,4.0,2.0,5.0,0.0,True,27.0,True
TOV3392D,TOV3392D,CC,7.5189469042,3.0906750982925923,14.00330512669052,selected_patient_representatives,ARID1A,lower,0.9615384615384616,0.7692307692307693,0.8653846153846154,0.7692307692307693,0.8173076923076924,0.9134615384615384,2.0,3.0,4.0,1.0,1.0,4.0,0.1923076923076923,True,27.0,True
VOA10816,VOA10816,CC,13.0077733,3.808155735569565,13.92025579858136,selected_patient_representatives,ARID1A,lower,0.7692307692307693,0.8461538461538461,0.8076923076923077,0.7692307692307693,0.8269230769230769,0.7884615384615385,4.0,3.0,3.0,6.0,3.0,6.0,0.07692307692307687,True,27.0,True
VOA12539,VOA12539,CC,49.606802,5.661259403762433,13.70634573833832,selected_patient_representatives,ARID1A,lower,0.07692307692307693,0.9615384615384616,0.5192307692307693,0.07692307692307693,0.7403846153846154,0.2980769230769231,13.0,22.0,8.0,20.0,8.0,22.0,0.8846153846153846,False,27.0,True
VOA295,VOA295,CC,22.7096985,4.567405412059014,13.76806470501306,selected_patient_representatives,ARID1A,lower,0.46153846153846156,0.9230769230769231,0.6923076923076923,0.46153846153846156,0.8076923076923077,0.5769230769230769,8.0,9.0,5.0,12.0,5.0,12.0,0.46153846153846156,False,27.0,True
VOA4841,VOA4841,CC,26.7235022,4.79303761381346,14.27532842781511,selected_patient_representatives,ARID1A,lower,0.3076923076923077,0.6153846153846154,0.46153846153846156,0.3076923076923077,0.5384615384615385,0.38461538461538464,15.0,13.0,12.0,18.0,12.0,18.0,0.3076923076923077,False,27.0,True
TOV112D,TOV112D,EC,51.7802518,5.721926328267435,14.4603801931246,selected_patient_representatives,ARID1A,lower,0.038461538461538464,0.34615384615384615,0.1923076923076923,0.038461538461538464,0.2692307692307692,0.11538461538461539,26.0,24.0,22.0,27.0,22.0,27.0,0.3076923076923077,False,27.0,True
VOA4395,VOA4395,EC,23.46405440160245,4.612591614875418,13.69009503517812,selected_patient_representatives,ARID1A,lower,0.4230769230769231,1.0,0.7115384615384616,0.4230769230769231,0.8557692307692307,0.5673076923076923,7.0,11.0,2.0,13.0,2.0,13.0,0.5769230769230769,False,27.0,True
TOV2414,TOV2414,MC,15.201235000000002,4.018031887038269,14.20585997640166,selected_patient_representatives,ARID1A,lower,0.6923076923076923,0.6538461538461539,0.6730769230769231,0.6538461538461539,0.6634615384615385,0.6826923076923076,9.0,7.0,10.0,8.0,7.0,10.0,0.038461538461538436,True,27.0,True
VOA8762,VOA8762,MC,32.113754,5.0493586685996705,14.44738054212398,selected_patient_representatives,ARID1A,lower,0.15384615384615385,0.38461538461538464,0.2692307692307693,0.15384615384615385,0.326923076923077,0.21153846153846156,20.0,18.0,20.0,22.0,18.0,22.0,0.23076923076923078,False,27.0,True
VOA8771,VOA8771,MC,27.5014751,4.832964683090469,14.49817794393367,selected_patient_representatives,ARID1A,lower,0.2692307692307692,0.2692307692307692,0.2692307692307692,0.2692307692307692,0.2692307692307692,0.2692307692307692,21.0,15.0,22.0,21.0,15.0,22.0,0.0,False,27.0,True
VOA5217,VOA5217,MMMT,9.0806557,3.333517577412889,14.03222153875706,selected_patient_representatives,ARID1A,lower,0.9230769230769231,0.7307692307692307,0.8269230769230769,0.7307692307692307,0.7788461538461537,0.875,3.0,5.0,7.0,3.0,3.0,7.0,0.1923076923076924,True,27.0,True
VOA5436,VOA5436,MMMT,9.2592002,3.358846358730002,13.8331083313369,selected_patient_representatives,ARID1A,lower,0.8846153846153846,0.8846153846153846,0.8846153846153846,0.8846153846153846,0.8846153846153846,0.8846153846153846,1.0,1.0,1.0,2.0,1.0,2.0,0.0,True,27.0,True
BIN67,BIN67,SCCOHT,35.7956331,5.201462652506417,14.41986799891797,selected_patient_representatives,ARID1A,lower,0.11538461538461539,0.4230769230769231,0.2692307692307692,0.11538461538461539,0.34615384615384615,0.1923076923076923,21.0,20.0,18.0,24.0,18.0,24.0,0.3076923076923077,False,27.0,True
COV434,COV434,SCCOHT,73.0812793,6.211037107414098,14.38954657894921,selected_patient_representatives,ARID1A,lower,0.0,0.5,0.25,0.0,0.375,0.125,23.0,26.0,15.0,26.0,15.0,26.0,0.5,False,27.0,True
OV1369-R2;TOV1369,1369,HGS,12.1294729,3.7068645463261025,14.359102807774612,patient_means_of_matched_models,ARID1A,lower,0.8076923076923077,0.5769230769230769,0.6923076923076923,0.5769230769230769,0.6346153846153846,0.75,6.0,7.0,10.0,6.0,6.0,10.0,0.23076923076923084,True,27.0,True
OV2295;OV2295-R2,2295,HGS,17.471043031579995,4.124869412908644,14.715577016316594,patient_means_of_matched_models,ARID1A,lower,0.6153846153846154,0.038461538461538464,0.3269230769230769,0.038461538461538464,0.1826923076923077,0.4711538461538462,18.0,24.0,24.0,14.0,14.0,24.0,0.576923076923077,False,27.0,True
OV3133-R;TOV3133G,3133,HGS,11.02094975,3.487505730477798,14.598268277769305,patient_means_of_matched_models,ARID1A,lower,0.8846153846153846,0.11538461538461539,0.5,0.11538461538461539,0.3076923076923077,0.6923076923076923,13.0,20.0,20.0,7.0,7.0,20.0,0.7692307692307692,False,27.0,True
TOV3291G,3291,HGS,15.118079399999996,4.010607940169308,14.55333423650826,patient_means_of_matched_models,ARID1A,lower,0.7307692307692307,0.23076923076923078,0.4807692307692307,0.23076923076923078,0.3557692307692307,0.6057692307692307,15.0,16.0,17.0,10.0,10.0,17.0,0.49999999999999994,False,27.0,True
BIN67,BIN67,SCCOHT,35.7956331,5.201462652506417,14.41986799891797,patient_means_of_matched_models,ARID1A,lower,0.11538461538461539,0.4230769230769231,0.2692307692307692,0.11538461538461539,0.34615384615384615,0.1923076923076923,21.0,20.0,18.0,24.0,18.0,24.0,0.3076923076923077,False,27.0,True
COV434,COV434,SCCOHT,73.0812793,6.211037107414098,14.38954657894921,patient_means_of_matched_models,ARID1A,lower,0.0,0.5,0.25,0.0,0.375,0.125,24.0,26.0,15.0,26.0,15.0,26.0,0.5,False,27.0,True
OV1946,OV1946,HGS,20.5041228,4.426541376697643,14.32348942645756,patient_means_of_matched_models,ARID1A,lower,0.5769230769230769,0.6153846153846154,0.5961538461538461,0.5769230769230769,0.6057692307692308,0.5865384615384615,10.0,7.0,11.0,11.0,7.0,11.0,0.03846153846153855,True,27.0,True
OV2085,OV2085,HGS,20.8696113,4.450855673730349,14.94425621861471,patient_means_of_matched_models,ARID1A,lower,0.5384615384615384,0.0,0.2692307692307692,0.0,0.1346153846153846,0.40384615384615385,21.0,26.0,26.0,16.0,16.0,26.0,0.5384615384615384,False,27.0,True
OV3331,OV3331,HGS,30.059214800000003,4.956949452672299,14.63449235698782,patient_means_of_matched_models,ARID1A,lower,0.19230769230769232,0.07692307692307693,0.13461538461538464,0.07692307692307693,0.10576923076923078,0.1634615384615385,27.0,22.0,27.0,25.0,22.0,27.0,0.11538461538461539,False,27.0,True
OV4453,OV4453,HGS,29.826506,4.946099472748506,14.59816445764907,patient_means_of_matched_models,ARID1A,lower,0.23076923076923078,0.15384615384615385,0.19230769230769232,0.15384615384615385,0.17307692307692307,0.21153846153846154,25.0,18.0,25.0,23.0,18.0,25.0,0.07692307692307693,False,27.0,True
OV4485,OV4485,HGS,22.522476,4.555968022617444,14.5740658329335,patient_means_of_matched_models,ARID1A,lower,0.46153846153846156,0.19230769230769232,0.3269230769230769,0.19230769230769232,0.25961538461538464,0.3942307692307692,18.0,17.0,23.0,18.0,17.0,23.0,0.2692307692307693,False,27.0,True
OV866-2,OV866-2,HGS,21.959475099999995,4.521017754353783,14.4700120615239,patient_means_of_matched_models,ARID1A,lower,0.5,0.3076923076923077,0.40384615384615385,0.3076923076923077,0.3557692307692308,0.4519230769230769,17.0,13.0,16.0,15.0,13.0,17.0,0.1923076923076923,False,27.0,True
OV90,OV90,HGS,24.0602086,4.647326518522914,14.36558086861439,patient_means_of_matched_models,ARID1A,lower,0.34615384615384615,0.5384615384615384,0.4423076923076923,0.34615384615384615,0.4903846153846154,0.39423076923076916,16.0,12.0,14.0,19.0,12.0,19.0,0.1923076923076923,False,27.0,True
TOV112D,TOV112D,EC,51.7802518,5.721926328267435,14.4603801931246,patient_means_of_matched_models,ARID1A,lower,0.038461538461538464,0.34615384615384615,0.1923076923076923,0.038461538461538464,0.2692307692307692,0.11538461538461539,26.0,24.0,21.0,27.0,21.0,27.0,0.3076923076923077,False,27.0,True
TOV21G,TOV21G,CC,11.702054500000004,3.6669899601714495,13.92355454912957,patient_means_of_matched_models,ARID1A,lower,0.8461538461538461,0.8076923076923077,0.8269230769230769,0.8076923076923077,0.8173076923076924,0.8365384615384615,4.0,2.0,5.0,4.0,2.0,5.0,0.038461538461538436,True,27.0,True
TOV2414,TOV2414,MC,15.201235000000002,4.018031887038269,14.20585997640166,patient_means_of_matched_models,ARID1A,lower,0.6923076923076923,0.6923076923076923,0.6923076923076923,0.6923076923076923,0.6923076923076923,0.6923076923076923,6.0,6.0,9.0,7.0,6.0,9.0,0.0,True,27.0,True
TOV3041G,TOV3041G,HGS,16.323569299999996,4.114664304448986,14.41902814777699,patient_means_of_matched_models,ARID1A,lower,0.6538461538461539,0.46153846153846156,0.5576923076923077,0.46153846153846156,0.5096153846153846,0.6057692307692308,11.0,9.0,13.0,9.0,9.0,13.0,0.1923076923076923,False,27.0,True
TOV3392D,TOV3392D,CC,7.5189469042,3.0906750982925923,14.00330512669052,patient_means_of_matched_models,ARID1A,lower,1.0,0.7692307692307693,0.8846153846153846,0.7692307692307693,0.826923076923077,0.9423076923076923,2.0,3.0,3.0,1.0,1.0,3.0,0.23076923076923073,True,27.0,True
VOA10816,VOA10816,CC,13.0077733,3.808155735569565,13.92025579858136,patient_means_of_matched_models,ARID1A,lower,0.7692307692307693,0.8461538461538461,0.8076923076923077,0.7692307692307693,0.8269230769230769,0.7884615384615385,5.0,3.0,4.0,5.0,3.0,5.0,0.07692307692307687,True,27.0,True
VOA12539,VOA12539,CC,49.606802,5.661259403762433,13.70634573833832,patient_means_of_matched_models,ARID1A,lower,0.07692307692307693,0.9615384615384616,0.5192307692307693,0.07692307692307693,0.7403846153846154,0.2980769230769231,12.0,22.0,8.0,20.0,8.0,22.0,0.8846153846153846,False,27.0,True
VOA295,VOA295,CC,22.7096985,4.567405412059014,13.76806470501306,patient_means_of_matched_models,ARID1A,lower,0.4230769230769231,0.9230769230769231,0.6730769230769231,0.4230769230769231,0.798076923076923,0.5480769230769231,9.0,10.0,6.0,12.0,6.0,12.0,0.5,False,27.0,True
VOA4395,VOA4395,EC,23.46405440160245,4.612591614875418,13.69009503517812,patient_means_of_matched_models,ARID1A,lower,0.38461538461538464,1.0,0.6923076923076923,0.38461538461538464,0.8461538461538461,0.5384615384615385,6.0,11.0,2.0,13.0,2.0,13.0,0.6153846153846154,False,27.0,True
VOA4841,VOA4841,CC,26.7235022,4.79303761381346,14.27532842781511,patient_means_of_matched_models,ARID1A,lower,0.3076923076923077,0.6538461538461539,0.4807692307692308,0.3076923076923077,0.5673076923076923,0.3942307692307693,14.0,13.0,12.0,17.0,12.0,17.0,0.34615384615384615,False,27.0,True
VOA5217,VOA5217,MMMT,9.0806557,3.333517577412889,14.03222153875706,patient_means_of_matched_models,ARID1A,lower,0.9615384615384616,0.7307692307692307,0.8461538461538461,0.7307692307692307,0.7884615384615384,0.9038461538461539,3.0,5.0,7.0,3.0,3.0,7.0,0.23076923076923084,True,27.0,True
VOA5436,VOA5436,MMMT,9.2592002,3.358846358730002,13.8331083313369,patient_means_of_matched_models,ARID1A,lower,0.9230769230769231,0.8846153846153846,0.9038461538461539,0.8846153846153846,0.8942307692307692,0.9134615384615384,1.0,1.0,1.0,2.0,1.0,2.0,0.03846153846153855,True,27.0,True
VOA8762,VOA8762,MC,32.113754,5.0493586685996705,14.44738054212398,patient_means_of_matched_models,ARID1A,lower,0.15384615384615385,0.38461538461538464,0.2692307692307693,0.15384615384615385,0.326923076923077,0.21153846153846156,20.0,18.0,19.0,22.0,18.0,22.0,0.23076923076923078,False,27.0,True
VOA8771,VOA8771,MC,27.5014751,4.832964683090469,14.49817794393367,patient_means_of_matched_models,ARID1A,lower,0.2692307692307692,0.2692307692307692,0.2692307692307692,0.2692307692307692,0.2692307692307692,0.2692307692307692,21.0,15.0,21.0,21.0,15.0,21.0,0.0,False,27.0,True
OV1369-R2,1369,HGS,10.7615904,3.5560112491991966,14.13015434270553,HGS_selected_representatives,ARID1A,lower,0.9090909090909091,1.0,0.9545454545454546,0.9090909090909091,0.9772727272727273,0.9318181818181818,1.0,1.0,1.0,1.0,1.0,1.0,0.09090909090909094,True,12.0,True
OV1946,OV1946,HGS,20.5041228,4.426541376697643,14.32348942645756,HGS_selected_representatives,ARID1A,lower,0.6363636363636364,0.9090909090909091,0.7727272727272727,0.6363636363636364,0.8409090909090908,0.7045454545454546,2.0,3.0,2.0,5.0,2.0,5.0,0.2727272727272727,True,12.0,True
OV2085,OV2085,HGS,20.8696113,4.450855673730349,14.94425621861471,HGS_selected_representatives,ARID1A,lower,0.5454545454545454,0.0,0.2727272727272727,0.0,0.13636363636363635,0.40909090909090906,9.0,11.0,10.0,7.0,7.0,11.0,0.5454545454545454,False,12.0,True
OV2295,2295,HGS,23.537138739159996,4.616895121903961,14.79507685054233,HGS_selected_representatives,ARID1A,lower,0.2727272727272727,0.09090909090909091,0.18181818181818182,0.09090909090909091,0.13636363636363635,0.22727272727272727,11.0,9.0,10.0,10.0,9.0,11.0,0.1818181818181818,False,12.0,True
OV3133-R,3133,HGS,6.6964617,2.9441953469667133,14.63350214075966,HGS_selected_representatives,ARID1A,lower,1.0,0.2727272727272727,0.6363636363636364,0.2727272727272727,0.45454545454545453,0.8181818181818181,5.0,7.0,7.0,2.0,2.0,7.0,0.7272727272727273,False,12.0,True
OV4453,OV4453,HGS,29.826506,4.946099472748506,14.59816445764907,HGS_selected_representatives,ARID1A,lower,0.09090909090909091,0.36363636363636365,0.2272727272727273,0.09090909090909091,0.2954545454545454,0.1590909090909091,10.0,9.0,9.0,11.0,9.0,11.0,0.2727272727272727,False,12.0,True
OV4485,OV4485,HGS,22.522476,4.555968022617444,14.5740658329335,HGS_selected_representatives,ARID1A,lower,0.36363636363636365,0.45454545454545453,0.40909090909090906,0.36363636363636365,0.43181818181818177,0.38636363636363635,8.0,6.0,8.0,8.0,6.0,8.0,0.09090909090909088,False,12.0,True
OV866-2,OV866-2,HGS,21.959475099999995,4.521017754353783,14.4700120615239,HGS_selected_representatives,ARID1A,lower,0.45454545454545453,0.6363636363636364,0.5454545454545454,0.45454545454545453,0.5909090909090909,0.5,6.0,5.0,6.0,6.0,5.0,6.0,0.18181818181818182,False,12.0,True
TOV3041G,TOV3041G,HGS,16.323569299999996,4.114664304448986,14.41902814777699,HGS_selected_representatives,ARID1A,lower,0.7272727272727273,0.7272727272727273,0.7272727272727273,0.7272727272727273,0.7272727272727273,0.7272727272727273,3.0,2.0,3.0,4.0,2.0,4.0,0.0,True,12.0,True
TOV3291G,3291,HGS,15.118079399999996,4.010607940169308,14.55333423650826,HGS_selected_representatives,ARID1A,lower,0.8181818181818182,0.5454545454545454,0.6818181818181819,0.5454545454545454,0.6136363636363636,0.75,4.0,4.0,5.0,3.0,3.0,5.0,0.2727272727272728,True,12.0,True
OV3331,OV3331,HGS,30.059214800000003,4.956949452672299,14.63449235698782,HGS_selected_representatives,ARID1A,lower,0.0,0.18181818181818182,0.09090909090909091,0.0,0.13636363636363635,0.045454545454545456,12.0,11.0,10.0,12.0,10.0,12.0,0.18181818181818182,False,12.0,True
OV90,OV90,HGS,24.0602086,4.647326518522914,14.36558086861439,HGS_selected_representatives,ARID1A,lower,0.18181818181818182,0.8181818181818182,0.5,0.18181818181818182,0.6590909090909091,0.34090909090909094,7.0,8.0,4.0,9.0,4.0,9.0,0.6363636363636365,False,12.0,True
TOV21G,TOV21G,CC,11.702054500000004,3.6669899601714495,13.92355454912957,CC_selected_representatives,ARID1A,lower,0.8,0.4,0.6000000000000001,0.4,0.5,0.7000000000000001,1.0,2.0,4.0,2.0,1.0,4.0,0.4,False,6.0,True
TOV3392D,TOV3392D,CC,7.5189469042,3.0906750982925923,14.00330512669052,CC_selected_representatives,ARID1A,lower,1.0,0.2,0.6,0.2,0.4,0.8,3.0,4.0,5.0,1.0,1.0,5.0,0.8,False,6.0,True
VOA10816,VOA10816,CC,13.0077733,3.808155735569565,13.92025579858136,CC_selected_representatives,ARID1A,lower,0.6,0.6,0.6,0.6,0.6,0.6,3.0,1.0,3.0,3.0,1.0,3.0,0.0,True,6.0,True
VOA12539,VOA12539,CC,49.606802,5.661259403762433,13.70634573833832,CC_selected_representatives,ARID1A,lower,0.0,1.0,0.5,0.0,0.75,0.25,5.0,5.0,1.0,5.0,1.0,5.0,1.0,False,6.0,True
VOA295,VOA295,CC,22.7096985,4.567405412059014,13.76806470501306,CC_selected_representatives,ARID1A,lower,0.4,0.8,0.6000000000000001,0.4,0.7000000000000001,0.5,1.0,2.0,2.0,4.0,1.0,4.0,0.4,False,6.0,True
VOA4841,VOA4841,CC,26.7235022,4.79303761381346,14.27532842781511,CC_selected_representatives,ARID1A,lower,0.2,0.0,0.1,0.0,0.05,0.15000000000000002,6.0,5.0,6.0,6.0,5.0,6.0,0.2,False,6.0,True
OV1369-R2,1369,HGS,20.889146,4.452143764088775,12.5268281602376,matched_models,CCNE1,higher,0.27586206896551724,0.06896551724137931,0.1724137931034483,0.06896551724137931,0.12068965517241378,0.22413793103448276,27.0,25.0,30.0,26.0,25.0,30.0,0.20689655172413793,False,30.0,True
OV1946,OV1946,HGS,11.168444,3.6050727948204435,12.87903110503067,matched_models,CCNE1,higher,0.10344827586206896,0.6206896551724138,0.3620689655172414,0.10344827586206896,0.4913793103448276,0.2327586206896552,20.0,23.0,16.0,24.0,16.0,24.0,0.5172413793103449,False,30.0,True
OV2085,OV2085,HGS,124.433068,6.97077392667497,12.75083660083464,matched_models,CCNE1,higher,0.9310344827586207,0.3793103448275862,0.6551724137931034,0.3793103448275862,0.5172413793103448,0.7931034482758621,8.0,13.0,15.0,4.0,4.0,15.0,0.5517241379310345,False,30.0,True
OV2295,2295,HGS,63.68155599999999,6.0152824800452915,13.00837609647668,matched_models,CCNE1,higher,0.7241379310344828,0.8275862068965517,0.7758620689655172,0.7241379310344828,0.8017241379310345,0.75,5.0,3.0,4.0,6.0,3.0,6.0,0.10344827586206895,True,30.0,True
OV2295-R2,2295,HGS,26.052390000000003,4.75768415248219,12.85719232121803,matched_models,CCNE1,higher,0.41379310344827586,0.5517241379310345,0.48275862068965514,0.41379310344827586,0.5172413793103449,0.4482758620689655,17.0,11.0,14.0,17.0,11.0,17.0,0.13793103448275862,False,30.0,True
OV3133-R,3133,HGS,28.623159500000003,4.88865361640179,12.56462325526477,matched_models,CCNE1,higher,0.4827586206896552,0.1724137931034483,0.3275862068965517,0.1724137931034483,0.25,0.4051724137931034,22.0,19.0,23.0,19.0,19.0,23.0,0.3103448275862069,False,30.0,True
OV4453,OV4453,HGS,95.830162,6.597384603026275,13.08428902067678,matched_models,CCNE1,higher,0.896551724137931,0.9655172413793104,0.9310344827586208,0.896551724137931,0.9482758620689655,0.9137931034482759,1.0,1.0,1.0,2.0,1.0,2.0,0.06896551724137934,True,30.0,True
OV4485,OV4485,HGS,75.291538,6.253451141954366,12.6728151115768,matched_models,CCNE1,higher,0.8275862068965517,0.2413793103448276,0.5344827586206896,0.2413793103448276,0.3879310344827586,0.6810344827586207,14.0,16.0,20.0,9.0,9.0,20.0,0.5862068965517241,False,30.0,True
OV866-2,OV866-2,HGS,65.88184899999999,6.063542827268137,12.56484476560326,matched_models,CCNE1,higher,0.7586206896551724,0.20689655172413793,0.48275862068965514,0.20689655172413793,0.3448275862068966,0.6206896551724137,17.0,18.0,21.0,11.0,11.0,21.0,0.5517241379310345,False,30.0,True
TOV1369,1369,HGS,14.21042915,3.9269889530018793,12.83822511212454,matched_models,CCNE1,higher,0.13793103448275862,0.5172413793103449,0.3275862068965517,0.13793103448275862,0.42241379310344834,0.2327586206896552,22.0,21.0,19.0,24.0,19.0,24.0,0.37931034482758624,False,30.0,True
TOV3041G,TOV3041G,HGS,39.52023400000001,5.3405706004594045,12.93889788975986,matched_models,CCNE1,higher,0.6206896551724138,0.7586206896551724,0.6896551724137931,0.6206896551724138,0.7241379310344827,0.6551724137931034,7.0,5.0,5.0,10.0,5.0,10.0,0.13793103448275856,True,30.0,True
TOV3133G,3133,HGS,38.151979,5.291013327597217,13.17151557273808,matched_models,CCNE1,higher,0.5862068965517241,1.0,0.7931034482758621,0.5862068965517241,0.896551724137931,0.689655172413793,3.0,6.0,3.0,8.0,3.0,8.0,0.4137931034482759,True,30.0,True
TOV3291G,3291,HGS,158.021989,7.313082459862038,12.87129147333248,matched_models,CCNE1,higher,1.0,0.5862068965517241,0.7931034482758621,0.5862068965517241,0.689655172413793,0.896551724137931,3.0,6.0,9.0,3.0,3.0,9.0,0.4137931034482759,True,30.0,True
OV3331,OV3331,HGS,25.001545000000004,4.700525444972433,12.80308487163489,matched_models,CCNE1,higher,0.3793103448275862,0.4827586206896552,0.43103448275862066,0.3793103448275862,0.4568965517241379,0.4051724137931034,19.0,13.0,18.0,19.0,13.0,19.0,0.103448275862069,False,30.0,True
OV90,OV90,HGS,22.297845,4.542124609784218,12.98844055129476,matched_models,CCNE1,higher,0.3103448275862069,0.7931034482758621,0.5517241379310345,0.3103448275862069,0.6724137931034483,0.4310344827586207,12.0,15.0,10.0,18.0,10.0,18.0,0.4827586206896552,False,30.0,True
TOV21G,TOV21G,CC,29.947454900000004,4.951748862836503,12.88607316690632,matched_models,CCNE1,higher,0.5172413793103449,0.6551724137931034,0.5862068965517242,0.5172413793103449,0.6206896551724138,0.5517241379310345,10.0,8.0,12.0,12.0,8.0,12.0,0.13793103448275856,True,30.0,True
TOV3392D,TOV3392D,CC,80.135283,6.342257525231371,12.7532604463601,matched_models,CCNE1,higher,0.8620689655172413,0.41379310344827586,0.6379310344827586,0.41379310344827586,0.5258620689655172,0.75,9.0,11.0,13.0,6.0,6.0,13.0,0.44827586206896547,False,30.0,True
VOA10816,VOA10816,CC,41.854107,5.4213615691107915,12.3923840433249,matched_models,CCNE1,higher,0.6896551724137931,0.034482758620689655,0.3620689655172414,0.034482758620689655,0.19827586206896552,0.5258620689655172,20.0,27.0,26.0,13.0,13.0,27.0,0.6551724137931035,False,30.0,True
VOA12539,VOA12539,CC,146.95400999999998,7.2090049882241996,13.05885865882953,matched_models,CCNE1,higher,0.9655172413793104,0.896551724137931,0.9310344827586208,0.896551724137931,0.9137931034482759,0.9482758620689655,1.0,1.0,2.0,1.0,1.0,2.0,0.06896551724137934,True,30.0,True
VOA295,VOA295,CC,22.417342,4.549505426019423,12.56139786933016,matched_models,CCNE1,higher,0.3448275862068966,0.13793103448275862,0.2413793103448276,0.13793103448275862,0.1896551724137931,0.2931034482758621,26.0,21.0,27.0,22.0,21.0,27.0,0.20689655172413796,False,30.0,True
VOA4841,VOA4841,CC,6.410148,2.8895023572050325,12.70664626427569,matched_models,CCNE1,higher,0.0,0.27586206896551724,0.13793103448275862,0.0,0.20689655172413793,0.06896551724137931,30.0,29.0,25.0,30.0,25.0,30.0,0.27586206896551724,False,30.0,True
TOV112D,TOV112D,EC,28.40078,4.877782525023991,12.90196251450055,matched_models,CCNE1,higher,0.4482758620689655,0.7241379310344828,0.5862068965517242,0.4482758620689655,0.6551724137931034,0.5172413793103449,10.0,9.0,11.0,15.0,9.0,15.0,0.27586206896551724,False,30.0,True
VOA4395,VOA4395,EC,15.167036000000005,4.014983299978268,12.55625677995207,matched_models,CCNE1,higher,0.20689655172413793,0.10344827586206896,0.15517241379310345,0.10344827586206896,0.12931034482758622,0.1810344827586207,29.0,23.0,29.0,28.0,23.0,29.0,0.10344827586206896,False,30.0,True
TOV2414,TOV2414,MC,19.183159,4.335080092768469,13.05046147115815,matched_models,CCNE1,higher,0.2413793103448276,0.8620689655172413,0.5517241379310345,0.2413793103448276,0.7068965517241379,0.39655172413793105,12.0,16.0,8.0,21.0,8.0,21.0,0.6206896551724137,False,30.0,True
VOA8762,VOA8762,MC,15.091181,4.008198310340664,12.73758068829119,matched_models,CCNE1,higher,0.1724137931034483,0.3448275862068966,0.25862068965517243,0.1724137931034483,0.3017241379310345,0.21551724137931036,25.0,19.0,22.0,27.0,19.0,27.0,0.1724137931034483,False,30.0,True
VOA8771,VOA8771,MC,67.78805100000001,6.104086074637293,12.89029011975296,matched_models,CCNE1,higher,0.7931034482758621,0.6896551724137931,0.7413793103448276,0.6896551724137931,0.7155172413793104,0.7672413793103449,6.0,4.0,6.0,5.0,4.0,6.0,0.10344827586206895,True,30.0,True
VOA5217,VOA5217,MMMT,9.892834,3.445307445253695,13.06849257313587,matched_models,CCNE1,higher,0.06896551724137931,0.9310344827586207,0.5,0.06896551724137931,0.7155172413793104,0.28448275862068967,15.0,25.0,6.0,23.0,6.0,25.0,0.8620689655172413,False,30.0,True
VOA5436,VOA5436,MMMT,9.278992,3.361626889778776,12.71414316351879,matched_models,CCNE1,higher,0.034482758620689655,0.3103448275862069,0.1724137931034483,0.034482758620689655,0.2413793103448276,0.10344827586206896,27.0,27.0,24.0,29.0,24.0,29.0,0.27586206896551724,False,30.0,True
BIN67,BIN67,SCCOHT,32.172636999999995,5.051921796057835,12.7606782045117,matched_models,CCNE1,higher,0.5517241379310345,0.4482758620689655,0.5,0.4482758620689655,0.47413793103448276,0.5258620689655172,15.0,9.0,17.0,13.0,9.0,17.0,0.10344827586206895,False,30.0,True
COV434,COV434,SCCOHT,40.85811,5.387435266605569,12.3368761259082,matched_models,CCNE1,higher,0.6551724137931034,0.0,0.3275862068965517,0.0,0.16379310344827586,0.49137931034482757,22.0,29.0,28.0,16.0,16.0,29.0,0.6551724137931034,False,30.0,True
OV1369-R2,1369,HGS,20.889146,4.452143764088775,12.5268281602376,selected_patient_representatives,CCNE1,higher,0.2692307692307692,0.07692307692307693,0.17307692307692307,0.07692307692307693,0.125,0.22115384615384615,25.0,22.0,27.0,23.0,22.0,27.0,0.1923076923076923,False,27.0,True
OV1946,OV1946,HGS,11.168444,3.6050727948204435,12.87903110503067,selected_patient_representatives,CCNE1,higher,0.11538461538461539,0.6153846153846154,0.3653846153846154,0.11538461538461539,0.4903846153846154,0.2403846153846154,18.0,20.0,16.0,22.0,16.0,22.0,0.5,False,27.0,True
OV2085,OV2085,HGS,124.433068,6.97077392667497,12.75083660083464,selected_patient_representatives,CCNE1,higher,0.9230769230769231,0.4230769230769231,0.6730769230769231,0.4230769230769231,0.5480769230769231,0.798076923076923,6.0,10.0,13.0,4.0,4.0,13.0,0.5,False,27.0,True
OV2295,2295,HGS,63.68155599999999,6.0152824800452915,13.00837609647668,selected_patient_representatives,CCNE1,higher,0.6923076923076923,0.8461538461538461,0.7692307692307692,0.6923076923076923,0.8076923076923077,0.7307692307692307,4.0,3.0,3.0,7.0,3.0,7.0,0.15384615384615385,True,27.0,True
OV3133-R,3133,HGS,28.623159500000003,4.88865361640179,12.56462325526477,selected_patient_representatives,CCNE1,higher,0.46153846153846156,0.19230769230769232,0.3269230769230769,0.19230769230769232,0.25961538461538464,0.3942307692307692,20.0,17.0,21.0,18.0,17.0,21.0,0.2692307692307693,False,27.0,True
OV4453,OV4453,HGS,95.830162,6.597384603026275,13.08428902067678,selected_patient_representatives,CCNE1,higher,0.8846153846153846,1.0,0.9423076923076923,0.8846153846153846,0.9711538461538461,0.9134615384615384,1.0,2.0,1.0,2.0,1.0,2.0,0.11538461538461542,True,27.0,True
OV4485,OV4485,HGS,75.291538,6.253451141954366,12.6728151115768,selected_patient_representatives,CCNE1,higher,0.8076923076923077,0.2692307692307692,0.5384615384615384,0.2692307692307692,0.40384615384615385,0.6730769230769231,13.0,14.0,17.0,8.0,8.0,17.0,0.5384615384615385,False,27.0,True
OV866-2,OV866-2,HGS,65.88184899999999,6.063542827268137,12.56484476560326,selected_patient_representatives,CCNE1,higher,0.7307692307692307,0.23076923076923078,0.4807692307692307,0.23076923076923078,0.3557692307692307,0.6057692307692307,16.0,15.0,18.0,10.0,10.0,18.0,0.49999999999999994,False,27.0,True
TOV3041G,TOV3041G,HGS,39.52023400000001,5.3405706004594045,12.93889788975986,selected_patient_representatives,CCNE1,higher,0.5769230769230769,0.7692307692307693,0.6730769230769231,0.5769230769230769,0.7211538461538463,0.625,6.0,5.0,5.0,9.0,5.0,9.0,0.1923076923076924,True,27.0,True
TOV3291G,3291,HGS,158.021989,7.313082459862038,12.87129147333248,selected_patient_representatives,CCNE1,higher,1.0,0.5769230769230769,0.7884615384615384,0.5769230769230769,0.6826923076923077,0.8942307692307692,3.0,5.0,8.0,3.0,3.0,8.0,0.42307692307692313,True,27.0,True
OV3331,OV3331,HGS,25.001545000000004,4.700525444972433,12.80308487163489,selected_patient_representatives,CCNE1,higher,0.38461538461538464,0.5384615384615384,0.46153846153846156,0.38461538461538464,0.5,0.42307692307692313,17.0,12.0,15.0,17.0,12.0,17.0,0.1538461538461538,False,27.0,True
OV90,OV90,HGS,22.297845,4.542124609784218,12.98844055129476,selected_patient_representatives,CCNE1,higher,0.3076923076923077,0.8076923076923077,0.5576923076923077,0.3076923076923077,0.6826923076923077,0.4326923076923077,11.0,13.0,8.0,16.0,8.0,16.0,0.5,False,27.0,True
TOV21G,TOV21G,CC,29.947454900000004,4.951748862836503,12.88607316690632,selected_patient_representatives,CCNE1,higher,0.5,0.6538461538461539,0.5769230769230769,0.5,0.6153846153846154,0.5384615384615384,9.0,7.0,11.0,11.0,7.0,11.0,0.15384615384615385,True,27.0,True
TOV3392D,TOV3392D,CC,80.135283,6.342257525231371,12.7532604463601,selected_patient_representatives,CCNE1,higher,0.8461538461538461,0.46153846153846156,0.6538461538461539,0.46153846153846156,0.5576923076923077,0.75,8.0,9.0,12.0,5.0,5.0,12.0,0.3846153846153846,False,27.0,True
VOA10816,VOA10816,CC,41.854107,5.4213615691107915,12.3923840433249,selected_patient_representatives,CCNE1,higher,0.6538461538461539,0.038461538461538464,0.34615384615384615,0.038461538461538464,0.19230769230769232,0.5,19.0,24.0,24.0,13.0,13.0,24.0,0.6153846153846154,False,27.0,True
VOA12539,VOA12539,CC,146.95400999999998,7.2090049882241996,13.05885865882953,selected_patient_representatives,CCNE1,higher,0.9615384615384616,0.9230769230769231,0.9423076923076923,0.9230769230769231,0.9326923076923077,0.9519230769230769,1.0,1.0,2.0,1.0,1.0,2.0,0.038461538461538436,True,27.0,True
VOA295,VOA295,CC,22.417342,4.549505426019423,12.56139786933016,selected_patient_representatives,CCNE1,higher,0.34615384615384615,0.15384615384615385,0.25,0.15384615384615385,0.20192307692307693,0.298076923076923,23.0,18.0,23.0,21.0,18.0,23.0,0.1923076923076923,False,27.0,True
VOA4841,VOA4841,CC,6.410148,2.8895023572050325,12.70664626427569,selected_patient_representatives,CCNE1,higher,0.0,0.3076923076923077,0.15384615384615385,0.0,0.23076923076923078,0.07692307692307693,26.0,26.0,22.0,27.0,22.0,27.0,0.3076923076923077,False,27.0,True
TOV112D,TOV112D,EC,28.40078,4.877782525023991,12.90196251450055,selected_patient_representatives,CCNE1,higher,0.4230769230769231,0.7307692307692307,0.5769230769230769,0.4230769230769231,0.6538461538461537,0.5,9.0,10.0,10.0,13.0,9.0,13.0,0.30769230769230765,False,27.0,True
VOA4395,VOA4395,EC,15.167036000000005,4.014983299978268,12.55625677995207,selected_patient_representatives,CCNE1,higher,0.19230769230769232,0.11538461538461539,0.15384615384615385,0.11538461538461539,0.1346153846153846,0.1730769230769231,26.0,20.0,26.0,25.0,20.0,26.0,0.07692307692307693,False,27.0,True
TOV2414,TOV2414,MC,19.183159,4.335080092768469,13.05046147115815,selected_patient_representatives,CCNE1,higher,0.23076923076923078,0.8846153846153846,0.5576923076923077,0.23076923076923078,0.7211538461538461,0.3942307692307692,11.0,15.0,6.0,18.0,6.0,18.0,0.6538461538461537,False,27.0,True
VOA8762,VOA8762,MC,15.091181,4.008198310340664,12.73758068829119,selected_patient_representatives,CCNE1,higher,0.15384615384615385,0.38461538461538464,0.2692307692307693,0.15384615384615385,0.326923076923077,0.21153846153846156,22.0,18.0,19.0,24.0,18.0,24.0,0.23076923076923078,False,27.0,True
VOA8771,VOA8771,MC,67.78805100000001,6.104086074637293,12.89029011975296,selected_patient_representatives,CCNE1,higher,0.7692307692307693,0.6923076923076923,0.7307692307692308,0.6923076923076923,0.7115384615384615,0.75,5.0,3.0,7.0,5.0,3.0,7.0,0.07692307692307698,True,27.0,True
VOA5217,VOA5217,MMMT,9.892834,3.445307445253695,13.06849257313587,selected_patient_representatives,CCNE1,higher,0.07692307692307693,0.9615384615384616,0.5192307692307693,0.07692307692307693,0.7403846153846154,0.2980769230769231,14.0,22.0,4.0,20.0,4.0,22.0,0.8846153846153846,False,27.0,True
VOA5436,VOA5436,MMMT,9.278992,3.361626889778776,12.71414316351879,selected_patient_representatives,CCNE1,higher,0.038461538461538464,0.34615384615384615,0.1923076923076923,0.038461538461538464,0.2692307692307692,0.11538461538461539,24.0,24.0,20.0,26.0,20.0,26.0,0.3076923076923077,False,27.0,True
BIN67,BIN67,SCCOHT,32.172636999999995,5.051921796057835,12.7606782045117,selected_patient_representatives,CCNE1,higher,0.5384615384615384,0.5,0.5192307692307692,0.5,0.5096153846153846,0.5288461538461539,15.0,7.0,14.0,12.0,7.0,15.0,0.038461538461538436,True,27.0,True
COV434,COV434,SCCOHT,40.85811,5.387435266605569,12.3368761259082,selected_patient_representatives,CCNE1,higher,0.6153846153846154,0.0,0.3076923076923077,0.0,0.15384615384615385,0.46153846153846156,21.0,26.0,25.0,15.0,15.0,26.0,0.6153846153846154,False,27.0,True
OV1369-R2;TOV1369,1369,HGS,17.549787575,4.189566358545327,12.68252663618107,patient_means_of_matched_models,CCNE1,higher,0.23076923076923078,0.23076923076923078,0.23076923076923078,0.23076923076923078,0.23076923076923078,0.23076923076923078,23.0,16.0,22.0,23.0,16.0,23.0,0.0,False,27.0,True
OV2295;OV2295-R2,2295,HGS,44.866973,5.386483316263741,12.932784208847355,patient_means_of_matched_models,CCNE1,higher,0.6153846153846154,0.7692307692307693,0.6923076923076923,0.6153846153846154,0.7307692307692308,0.6538461538461539,5.0,4.0,5.0,8.0,4.0,8.0,0.15384615384615385,True,27.0,True
OV3133-R;TOV3133G,3133,HGS,33.38756925,5.089833471999503,12.868069414001425,patient_means_of_matched_models,CCNE1,higher,0.5384615384615384,0.5384615384615384,0.5384615384615384,0.5384615384615384,0.5384615384615384,0.5384615384615384,13.0,7.0,12.0,11.0,7.0,13.0,0.0,True,27.0,True
TOV3291G,3291,HGS,158.021989,7.313082459862038,12.87129147333248,patient_means_of_matched_models,CCNE1,higher,1.0,0.5769230769230769,0.7884615384615384,0.5769230769230769,0.6826923076923077,0.8942307692307692,3.0,5.0,9.0,3.0,3.0,9.0,0.42307692307692313,True,27.0,True
BIN67,BIN67,SCCOHT,32.172636999999995,5.051921796057835,12.7606782045117,patient_means_of_matched_models,CCNE1,higher,0.5,0.46153846153846156,0.4807692307692308,0.46153846153846156,0.47115384615384615,0.4903846153846154,16.0,8.0,16.0,15.0,8.0,16.0,0.038461538461538436,False,27.0,True
COV434,COV434,SCCOHT,40.85811,5.387435266605569,12.3368761259082,patient_means_of_matched_models,CCNE1,higher,0.6538461538461539,0.0,0.3269230769230769,0.0,0.16346153846153846,0.4903846153846154,21.0,26.0,26.0,15.0,15.0,26.0,0.6538461538461539,False,27.0,True
OV1946,OV1946,HGS,11.168444,3.6050727948204435,12.87903110503067,patient_means_of_matched_models,CCNE1,higher,0.11538461538461539,0.6153846153846154,0.3653846153846154,0.11538461538461539,0.4903846153846154,0.2403846153846154,19.0,20.0,15.0,22.0,15.0,22.0,0.5,False,27.0,True
OV2085,OV2085,HGS,124.433068,6.97077392667497,12.75083660083464,patient_means_of_matched_models,CCNE1,higher,0.9230769230769231,0.38461538461538464,0.6538461538461539,0.38461538461538464,0.5192307692307693,0.7884615384615384,7.0,12.0,14.0,4.0,4.0,14.0,0.5384615384615385,False,27.0,True
OV3331,OV3331,HGS,25.001545000000004,4.700525444972433,12.80308487163489,patient_means_of_matched_models,CCNE1,higher,0.38461538461538464,0.5,0.4423076923076923,0.38461538461538464,0.47115384615384615,0.4134615384615385,17.0,12.0,16.0,19.0,12.0,19.0,0.11538461538461536,False,27.0,True
OV4453,OV4453,HGS,95.830162,6.597384603026275,13.08428902067678,patient_means_of_matched_models,CCNE1,higher,0.8846153846153846,1.0,0.9423076923076923,0.8846153846153846,0.9711538461538461,0.9134615384615384,1.0,2.0,1.0,2.0,1.0,2.0,0.11538461538461542,True,27.0,True
OV4485,OV4485,HGS,75.291538,6.253451141954366,12.6728151115768,patient_means_of_matched_models,CCNE1,higher,0.8076923076923077,0.19230769230769232,0.5,0.19230769230769232,0.34615384615384615,0.653846153846154,15.0,17.0,18.0,7.0,7.0,18.0,0.6153846153846154,False,27.0,True
OV866-2,OV866-2,HGS,65.88184899999999,6.063542827268137,12.56484476560326,patient_means_of_matched_models,CCNE1,higher,0.7307692307692307,0.15384615384615385,0.4423076923076923,0.15384615384615385,0.2980769230769231,0.5865384615384615,17.0,18.0,19.0,10.0,10.0,19.0,0.5769230769230769,False,27.0,True
OV90,OV90,HGS,22.297845,4.542124609784218,12.98844055129476,patient_means_of_matched_models,CCNE1,higher,0.3076923076923077,0.8461538461538461,0.5769230769230769,0.3076923076923077,0.7115384615384615,0.4423076923076923,9.0,14.0,7.0,17.0,7.0,17.0,0.5384615384615384,False,27.0,True
TOV112D,TOV112D,EC,28.40078,4.877782525023991,12.90196251450055,patient_means_of_matched_models,CCNE1,higher,0.4230769230769231,0.7307692307692307,0.5769230769230769,0.4230769230769231,0.6538461538461537,0.5,9.0,10.0,10.0,14.0,9.0,14.0,0.30769230769230765,False,27.0,True
TOV21G,TOV21G,CC,29.947454900000004,4.951748862836503,12.88607316690632,patient_means_of_matched_models,CCNE1,higher,0.46153846153846156,0.6538461538461539,0.5576923076923077,0.46153846153846156,0.6057692307692308,0.5096153846153846,12.0,8.0,11.0,13.0,8.0,13.0,0.1923076923076923,False,27.0,True
TOV2414,TOV2414,MC,19.183159,4.335080092768469,13.05046147115815,patient_means_of_matched_models,CCNE1,higher,0.2692307692307692,0.8846153846153846,0.5769230769230769,0.2692307692307692,0.7307692307692307,0.4230769230769231,9.0,15.0,6.0,18.0,6.0,18.0,0.6153846153846154,False,27.0,True
TOV3041G,TOV3041G,HGS,39.52023400000001,5.3405706004594045,12.93889788975986,patient_means_of_matched_models,CCNE1,higher,0.5769230769230769,0.8076923076923077,0.6923076923076923,0.5769230769230769,0.75,0.6346153846153846,5.0,5.0,3.0,9.0,3.0,9.0,0.23076923076923084,True,27.0,True
TOV3392D,TOV3392D,CC,80.135283,6.342257525231371,12.7532604463601,patient_means_of_matched_models,CCNE1,higher,0.8461538461538461,0.4230769230769231,0.6346153846153846,0.4230769230769231,0.5288461538461539,0.7403846153846153,8.0,10.0,13.0,6.0,6.0,13.0,0.4230769230769231,False,27.0,True
VOA10816,VOA10816,CC,41.854107,5.4213615691107915,12.3923840433249,patient_means_of_matched_models,CCNE1,higher,0.6923076923076923,0.038461538461538464,0.36538461538461536,0.038461538461538464,0.20192307692307693,0.5288461538461537,20.0,24.0,23.0,12.0,12.0,24.0,0.6538461538461539,False,27.0,True
VOA12539,VOA12539,CC,146.95400999999998,7.2090049882241996,13.05885865882953,patient_means_of_matched_models,CCNE1,higher,0.9615384615384616,0.9230769230769231,0.9423076923076923,0.9230769230769231,0.9326923076923077,0.9519230769230769,1.0,1.0,2.0,1.0,1.0,2.0,0.038461538461538436,True,27.0,True
VOA295,VOA295,CC,22.417342,4.549505426019423,12.56139786933016,patient_means_of_matched_models,CCNE1,higher,0.34615384615384615,0.11538461538461539,0.23076923076923078,0.11538461538461539,0.17307692307692307,0.28846153846153844,23.0,20.0,25.0,21.0,20.0,25.0,0.23076923076923075,False,27.0,True
VOA4395,VOA4395,EC,15.167036000000005,4.014983299978268,12.55625677995207,patient_means_of_matched_models,CCNE1,higher,0.19230769230769232,0.07692307692307693,0.13461538461538464,0.07692307692307693,0.10576923076923078,0.1634615384615385,26.0,22.0,27.0,25.0,22.0,27.0,0.11538461538461539,False,27.0,True
VOA4841,VOA4841,CC,6.410148,2.8895023572050325,12.70664626427569,patient_means_of_matched_models,CCNE1,higher,0.0,0.2692307692307692,0.1346153846153846,0.0,0.20192307692307693,0.0673076923076923,27.0,26.0,23.0,27.0,23.0,27.0,0.2692307692307692,False,27.0,True
VOA5217,VOA5217,MMMT,9.892834,3.445307445253695,13.06849257313587,patient_means_of_matched_models,CCNE1,higher,0.07692307692307693,0.9615384615384616,0.5192307692307693,0.07692307692307693,0.7403846153846154,0.2980769230769231,14.0,22.0,4.0,20.0,4.0,22.0,0.8846153846153846,False,27.0,True
VOA5436,VOA5436,MMMT,9.278992,3.361626889778776,12.71414316351879,patient_means_of_matched_models,CCNE1,higher,0.038461538461538464,0.3076923076923077,0.17307692307692307,0.038461538461538464,0.2403846153846154,0.10576923076923078,25.0,24.0,21.0,26.0,21.0,26.0,0.2692307692307693,False,27.0,True
VOA8762,VOA8762,MC,15.091181,4.008198310340664,12.73758068829119,patient_means_of_matched_models,CCNE1,higher,0.15384615384615385,0.34615384615384615,0.25,0.15384615384615385,0.298076923076923,0.20192307692307693,22.0,18.0,20.0,24.0,18.0,24.0,0.1923076923076923,False,27.0,True
VOA8771,VOA8771,MC,67.78805100000001,6.104086074637293,12.89029011975296,patient_means_of_matched_models,CCNE1,higher,0.7692307692307693,0.6923076923076923,0.7307692307692308,0.6923076923076923,0.7115384615384615,0.75,4.0,3.0,7.0,5.0,3.0,7.0,0.07692307692307698,True,27.0,True
OV1369-R2,1369,HGS,20.889146,4.452143764088775,12.5268281602376,HGS_selected_representatives,CCNE1,higher,0.09090909090909091,0.0,0.045454545454545456,0.0,0.022727272727272728,0.06818181818181818,12.0,11.0,12.0,12.0,11.0,12.0,0.09090909090909091,False,12.0,True
OV1946,OV1946,HGS,11.168444,3.6050727948204435,12.87903110503067,HGS_selected_representatives,CCNE1,higher,0.0,0.6363636363636364,0.3181818181818182,0.0,0.4772727272727273,0.1590909090909091,10.0,11.0,7.0,11.0,7.0,11.0,0.6363636363636364,False,12.0,True
OV2085,OV2085,HGS,124.433068,6.97077392667497,12.75083660083464,HGS_selected_representatives,CCNE1,higher,0.9090909090909091,0.36363636363636365,0.6363636363636364,0.36363636363636365,0.5,0.7727272727272727,4.0,5.0,6.0,3.0,3.0,6.0,0.5454545454545454,False,12.0,True
OV2295,2295,HGS,63.68155599999999,6.0152824800452915,13.00837609647668,HGS_selected_representatives,CCNE1,higher,0.5454545454545454,0.9090909090909091,0.7272727272727273,0.5454545454545454,0.8181818181818181,0.6363636363636364,3.0,2.0,2.0,4.0,2.0,4.0,0.36363636363636365,True,12.0,True
OV3133-R,3133,HGS,28.623159500000003,4.88865361640179,12.56462325526477,HGS_selected_representatives,CCNE1,higher,0.36363636363636365,0.09090909090909091,0.2272727272727273,0.09090909090909091,0.1590909090909091,0.2954545454545454,11.0,10.0,11.0,10.0,10.0,11.0,0.2727272727272727,False,12.0,True
OV4453,OV4453,HGS,95.830162,6.597384603026275,13.08428902067678,HGS_selected_representatives,CCNE1,higher,0.8181818181818182,1.0,0.9090909090909092,0.8181818181818182,0.9545454545454546,0.8636363636363636,1.0,1.0,1.0,2.0,1.0,2.0,0.18181818181818177,True,12.0,True
OV4485,OV4485,HGS,75.291538,6.253451141954366,12.6728151115768,HGS_selected_representatives,CCNE1,higher,0.7272727272727273,0.2727272727272727,0.5,0.2727272727272727,0.38636363636363635,0.6136363636363635,6.0,6.0,9.0,5.0,5.0,9.0,0.4545454545454546,False,12.0,True
OV866-2,OV866-2,HGS,65.88184899999999,6.063542827268137,12.56484476560326,HGS_selected_representatives,CCNE1,higher,0.6363636363636364,0.18181818181818182,0.40909090909090906,0.18181818181818182,0.2954545454545454,0.5227272727272727,8.0,8.0,10.0,6.0,6.0,10.0,0.45454545454545453,False,12.0,True
TOV3041G,TOV3041G,HGS,39.52023400000001,5.3405706004594045,12.93889788975986,HGS_selected_representatives,CCNE1,higher,0.45454545454545453,0.7272727272727273,0.5909090909090909,0.45454545454545453,0.6590909090909091,0.5227272727272727,5.0,4.0,3.0,6.0,3.0,6.0,0.27272727272727276,False,12.0,True
TOV3291G,3291,HGS,158.021989,7.313082459862038,12.87129147333248,HGS_selected_representatives,CCNE1,higher,1.0,0.5454545454545454,0.7727272727272727,0.5454545454545454,0.6590909090909091,0.8863636363636364,2.0,2.0,3.0,1.0,1.0,3.0,0.4545454545454546,True,12.0,True
OV3331,OV3331,HGS,25.001545000000004,4.700525444972433,12.80308487163489,HGS_selected_representatives,CCNE1,higher,0.2727272727272727,0.45454545454545453,0.36363636363636365,0.2727272727272727,0.40909090909090906,0.3181818181818182,9.0,6.0,8.0,9.0,6.0,9.0,0.18181818181818182,False,12.0,True
OV90,OV90,HGS,22.297845,4.542124609784218,12.98844055129476,HGS_selected_representatives,CCNE1,higher,0.18181818181818182,0.8181818181818182,0.5,0.18181818181818182,0.6590909090909091,0.34090909090909094,6.0,8.0,3.0,8.0,3.0,8.0,0.6363636363636365,False,12.0,True
TOV21G,TOV21G,CC,29.947454900000004,4.951748862836503,12.88607316690632,CC_selected_representatives,CCNE1,higher,0.4,0.8,0.6000000000000001,0.4,0.7000000000000001,0.5,3.0,3.0,2.0,3.0,2.0,3.0,0.4,False,6.0,True
TOV3392D,TOV3392D,CC,80.135283,6.342257525231371,12.7532604463601,CC_selected_representatives,CCNE1,higher,0.8,0.6,0.7,0.6,0.6499999999999999,0.7500000000000001,2.0,2.0,3.0,2.0,2.0,3.0,0.20000000000000007,True,6.0,True
VOA10816,VOA10816,CC,41.854107,5.4213615691107915,12.3923840433249,CC_selected_representatives,CCNE1,higher,0.6,0.0,0.3,0.0,0.15,0.44999999999999996,4.0,5.0,6.0,4.0,4.0,6.0,0.6,False,6.0,True
VOA12539,VOA12539,CC,146.95400999999998,7.2090049882241996,13.05885865882953,CC_selected_representatives,CCNE1,higher,1.0,1.0,1.0,1.0,1.0,1.0,1.0,1.0,1.0,1.0,1.0,1.0,0.0,True,6.0,True
VOA295,VOA295,CC,22.417342,4.549505426019423,12.56139786933016,CC_selected_representatives,CCNE1,higher,0.2,0.2,0.2,0.2,0.2,0.2,5.0,4.0,5.0,5.0,4.0,5.0,0.0,False,6.0,True
VOA4841,VOA4841,CC,6.410148,2.8895023572050325,12.70664626427569,CC_selected_representatives,CCNE1,higher,0.0,0.4,0.2,0.0,0.30000000000000004,0.1,5.0,5.0,4.0,6.0,4.0,6.0,0.4,False,6.0,True
